#-----------------------------------------------------------
# Vivado v2023.2 (64-bit)
# SW Build 4029153 on Fri Oct 13 20:14:34 MDT 2023
# IP Build 4028589 on Sat Oct 14 00:45:43 MDT 2023
# SharedData Build 4025554 on Tue Oct 10 17:18:54 MDT 2023
# Start of session at: Thu May 14 14:50:29 2026
# Process ID: 9908
# Current directory: H:/
# Command line: vivado.exe -mode batch -source run_vivado_realtime_dma_impl.tcl -journal vivado_realtime_dma_power.jou -log vivado_realtime_dma_power.log
# Log file: H:/vivado_realtime_dma_power.log
# Journal file: H:/vivado_realtime_dma_power.jou
# Running On: DESKTOP-PMQ3QCF, OS: Windows, CPU Frequency: 3418 MHz, CPU Physical cores: 4, Host memory: 17016 MB
#-----------------------------------------------------------
CRITICAL WARNING: [Common 17-741] No write access right to the local Tcl store at 'C'. XilinxTclStore is reverted to the installation area. If you want to use local Tcl Store, please change the access right and relaunch Vivado.
source run_vivado_realtime_dma_impl.tcl
# set script_dir [file dirname [file normalize [info script]]]
# set proj_name vivado_realtime_dma_zybo_z7_20
# set proj_dir [file join $script_dir $proj_name]
# set bd_name realtime_dma_bd
# set reports_dir [file join $proj_dir reports]
# set hls_ip_repo [file join $script_dir subband_q610_realtime_hls solution1 impl ip]
# proc warn_msg {msg} {
#   puts "WARNING: $msg"
# }
# proc set_config_if_exists {cell key value} {
#   if {[catch {set_property CONFIG.$key $value $cell} msg]} {
#     warn_msg "Could not set CONFIG.$key on [get_property NAME $cell]: $msg"
#   }
# }
# proc require_intf_pin {candidates} {
#   foreach candidate $candidates {
#     set pin [get_bd_intf_pins -quiet $candidate]
#     if {[llength $pin] > 0} {
#       return $pin
#     }
#   }
#   error "None of these interface pins exist: $candidates"
# }
# proc connect_pin_if_exists {net cell pin_name} {
#   set pin [get_bd_pins -quiet "$cell/$pin_name"]
#   if {[llength $pin] > 0} {
#     connect_bd_net $net $pin
#   }
# }
# if {![file exists $hls_ip_repo]} {
#   error "HLS IP repo was not found: $hls_ip_repo"
# }
# file mkdir $reports_dir
# create_project -force $proj_name $proj_dir -part xc7z020clg400-1
create_project: Time (s): cpu = 00:00:06 ; elapsed = 00:00:08 . Memory (MB): peak = 473.719 ; gain = 177.836
# set_property ip_repo_paths [list [file normalize $hls_ip_repo]] [current_project]
# update_ip_catalog
INFO: [IP_Flow 19-234] Refreshing IP repositories
INFO: [IP_Flow 19-1700] Loaded user IP repository 'h:/subband_q610_realtime_hls/solution1/impl/ip'.
INFO: [IP_Flow 19-2313] Loaded Vivado IP repository 'C:/Xilinx/Vivado/2023.2/data/ip'.
# create_bd_design $bd_name
Wrote  : <H:\vivado_realtime_dma_zybo_z7_20\vivado_realtime_dma_zybo_z7_20.srcs\sources_1\bd\realtime_dma_bd\realtime_dma_bd.bd> 
# set ps7 [create_bd_cell -type ip -vlnv xilinx.com:ip:processing_system7:5.5 ps7_0]
# set_config_if_exists $ps7 PCW_USE_M_AXI_GP0 1
# set_config_if_exists $ps7 PCW_USE_S_AXI_HP0 1
# set_config_if_exists $ps7 PCW_EN_CLK0_PORT 1
# set_config_if_exists $ps7 PCW_FPGA0_PERIPHERAL_FREQMHZ 100.0
# set_config_if_exists $ps7 PCW_QSPI_PERIPHERAL_ENABLE 0
# set_config_if_exists $ps7 PCW_SD0_PERIPHERAL_ENABLE 0
# if {[catch {apply_bd_automation -rule xilinx.com:bd_rule:processing_system7 -config {make_external "FIXED_IO, DDR"} $ps7} msg]} {
#   warn_msg "PS7 automation failed; exporting DDR/FIXED_IO manually: $msg"
#   make_bd_intf_pins_external [get_bd_intf_pins $ps7/DDR]
#   make_bd_intf_pins_external [get_bd_intf_pins $ps7/FIXED_IO]
# }
# set_config_if_exists $ps7 PCW_USE_M_AXI_GP0 1
# set_config_if_exists $ps7 PCW_USE_S_AXI_HP0 1
# set_config_if_exists $ps7 PCW_EN_CLK0_PORT 1
# set_config_if_exists $ps7 PCW_FPGA0_PERIPHERAL_FREQMHZ 100.0
# set hls_defs [get_ipdefs -all *SubbandRealtimeTopQ610Ip*]
# if {[llength $hls_defs] == 0} {
#   error "SubbandRealtimeTopQ610Ip IP was not found in IP catalog path: $hls_ip_repo"
# }
# set hls_ip [create_bd_cell -type ip -vlnv [lindex $hls_defs 0] subband_realtime_0]
# set dma0 [create_bd_cell -type ip -vlnv xilinx.com:ip:axi_dma:7.1 axi_dma0]
# set dma1 [create_bd_cell -type ip -vlnv xilinx.com:ip:axi_dma:7.1 axi_dma1]
# foreach dma [list $dma0 $dma1] {
#   set_config_if_exists $dma c_include_sg 0
#   set_config_if_exists $dma c_addr_width 32
#   set_config_if_exists $dma c_m_axis_mm2s_tdata_width 16
#   set_config_if_exists $dma c_s_axis_s2mm_tdata_width 16
# }
# set_config_if_exists $dma0 c_include_mm2s 1
# set_config_if_exists $dma0 c_include_s2mm 1
# set_config_if_exists $dma1 c_include_mm2s 1
# set_config_if_exists $dma1 c_include_s2mm 0
# set ctrl_smc [create_bd_cell -type ip -vlnv xilinx.com:ip:smartconnect:1.0 axi_smc_ctrl]
# set_property -dict [list CONFIG.NUM_SI {1} CONFIG.NUM_MI {3}] $ctrl_smc
# set mem_smc [create_bd_cell -type ip -vlnv xilinx.com:ip:smartconnect:1.0 axi_smc_mem]
# set_property -dict [list CONFIG.NUM_SI {4} CONFIG.NUM_MI {1}] $mem_smc
# set rst [create_bd_cell -type ip -vlnv xilinx.com:ip:proc_sys_reset:5.0 rst_ps7_100m]
# set clk [get_bd_pins $ps7/FCLK_CLK0]
# set rstn [get_bd_pins $rst/peripheral_aresetn]
# connect_bd_net $clk [get_bd_pins $rst/slowest_sync_clk]
# connect_bd_net [get_bd_pins $ps7/FCLK_RESET0_N] [get_bd_pins $rst/ext_reset_in]
# connect_bd_net $clk [get_bd_pins $ps7/M_AXI_GP0_ACLK]
# connect_bd_net $clk [get_bd_pins $ps7/S_AXI_HP0_ACLK]
# connect_bd_net $clk [get_bd_pins $hls_ip/ap_clk]
# connect_bd_net $rstn [get_bd_pins $hls_ip/ap_rst_n]
# connect_bd_net $clk [get_bd_pins $ctrl_smc/aclk]
# connect_bd_net $rstn [get_bd_pins $ctrl_smc/aresetn]
# connect_bd_net $clk [get_bd_pins $mem_smc/aclk]
# connect_bd_net $rstn [get_bd_pins $mem_smc/aresetn]
# foreach dma [list $dma0 $dma1] {
#   connect_pin_if_exists $clk $dma s_axi_lite_aclk
#   connect_pin_if_exists $clk $dma m_axi_mm2s_aclk
#   connect_pin_if_exists $clk $dma m_axi_s2mm_aclk
#   connect_pin_if_exists $rstn $dma axi_resetn
# }
# connect_bd_intf_net [get_bd_intf_pins $ps7/M_AXI_GP0] [get_bd_intf_pins $ctrl_smc/S00_AXI]
# connect_bd_intf_net [get_bd_intf_pins $ctrl_smc/M00_AXI] [require_intf_pin [list $hls_ip/s_axi_control]]
# connect_bd_intf_net [get_bd_intf_pins $ctrl_smc/M01_AXI] [get_bd_intf_pins $dma0/S_AXI_LITE]
# connect_bd_intf_net [get_bd_intf_pins $ctrl_smc/M02_AXI] [get_bd_intf_pins $dma1/S_AXI_LITE]
# connect_bd_intf_net [get_bd_intf_pins $dma0/M_AXI_MM2S] [get_bd_intf_pins $mem_smc/S00_AXI]
# connect_bd_intf_net [get_bd_intf_pins $dma0/M_AXI_S2MM] [get_bd_intf_pins $mem_smc/S01_AXI]
# connect_bd_intf_net [get_bd_intf_pins $dma1/M_AXI_MM2S] [get_bd_intf_pins $mem_smc/S02_AXI]
# connect_bd_intf_net [require_intf_pin [list $hls_ip/m_axi_weights $hls_ip/weights]] [get_bd_intf_pins $mem_smc/S03_AXI]
# connect_bd_intf_net [get_bd_intf_pins $mem_smc/M00_AXI] [get_bd_intf_pins $ps7/S_AXI_HP0]
# connect_bd_intf_net [get_bd_intf_pins $dma0/M_AXIS_MM2S] [require_intf_pin [list $hls_ip/noisy_fft_stream $hls_ip/noisy_fft_stream_V]]
# connect_bd_intf_net [get_bd_intf_pins $dma1/M_AXIS_MM2S] [require_intf_pin [list $hls_ip/fb_fft_stream $hls_ip/fb_fft_stream_V]]
# connect_bd_intf_net [require_intf_pin [list $hls_ip/df_coef_stream $hls_ip/df_coef_stream_V]] [get_bd_intf_pins $dma0/S_AXIS_S2MM]
# assign_bd_address
Slave segment '/ps7_0/S_AXI_HP0/HP0_DDR_LOWOCM' is being assigned into address space '/axi_dma0/Data_MM2S' at <0x0000_0000 [ 512M ]>.
Slave segment '/ps7_0/S_AXI_HP0/HP0_DDR_LOWOCM' is being assigned into address space '/axi_dma0/Data_S2MM' at <0x0000_0000 [ 512M ]>.
Slave segment '/ps7_0/S_AXI_HP0/HP0_DDR_LOWOCM' is being assigned into address space '/axi_dma1/Data_MM2S' at <0x0000_0000 [ 512M ]>.
Slave segment '/ps7_0/S_AXI_HP0/HP0_DDR_LOWOCM' is being assigned into address space '/subband_realtime_0/Data_m_axi_weights' at <0x0000_0000 [ 512M ]>.
Slave segment '/axi_dma0/S_AXI_LITE/Reg' is being assigned into address space '/ps7_0/Data' at <0x41E0_0000 [ 64K ]>.
Slave segment '/axi_dma1/S_AXI_LITE/Reg' is being assigned into address space '/ps7_0/Data' at <0x41E1_0000 [ 64K ]>.
Slave segment '/subband_realtime_0/s_axi_control/Reg' is being assigned into address space '/ps7_0/Data' at <0x4000_0000 [ 64K ]>.
# validate_bd_design
INFO: [BD 5-943] Reserving offset range <0x4000_0000 [ 64K ]> from slave interface '/axi_smc_ctrl/S00_AXI' to master interface '/axi_smc_ctrl/M00_AXI'. This will be used by smartconnect on path for routing.
INFO: [BD 5-943] Reserving offset range <0x41E0_0000 [ 64K ]> from slave interface '/axi_smc_ctrl/S00_AXI' to master interface '/axi_smc_ctrl/M01_AXI'. This will be used by smartconnect on path for routing.
INFO: [BD 5-943] Reserving offset range <0x41E1_0000 [ 64K ]> from slave interface '/axi_smc_ctrl/S00_AXI' to master interface '/axi_smc_ctrl/M02_AXI'. This will be used by smartconnect on path for routing.
INFO: [xilinx.com:ip:smartconnect:1.0-1] realtime_dma_bd_axi_smc_ctrl_0: SmartConnect realtime_dma_bd_axi_smc_ctrl_0 is in Low-Area Mode.
WARNING: [xilinx.com:ip:smartconnect:1.0-1] realtime_dma_bd_axi_smc_ctrl_0: IP realtime_dma_bd_axi_smc_ctrl_0 is configured in Low-area mode as all propagated traffic is low-bandwidth (AXI4LITE). SI S00_AXI has property HAS_BURST == 1. WRAP bursts are not supported in Low-area mode and will result in DECERR if received.
WARNING: [xilinx.com:ip:smartconnect:1.0-1] realtime_dma_bd_axi_smc_ctrl_0: If WRAP transactions are required then turn off Low-area mode using ADVANCED_PROPERTIES. Execute following: set_property CONFIG.ADVANCED_PROPERTIES {__experimental_features__ {disable_low_area_mode 1}} [get_bd_cells /realtime_dma_bd_axi_smc_ctrl_0]
INFO: [BD 5-943] Reserving offset range <0x0000_0000 [ 512M ]> from slave interface '/axi_smc_mem/S00_AXI' to master interface '/axi_smc_mem/M00_AXI'. This will be used by smartconnect on path for routing.
INFO: [BD 5-943] Reserving offset range <0x0000_0000 [ 512M ]> from slave interface '/axi_smc_mem/S01_AXI' to master interface '/axi_smc_mem/M00_AXI'. This will be used by smartconnect on path for routing.
INFO: [BD 5-943] Reserving offset range <0x0000_0000 [ 512M ]> from slave interface '/axi_smc_mem/S02_AXI' to master interface '/axi_smc_mem/M00_AXI'. This will be used by smartconnect on path for routing.
INFO: [BD 5-943] Reserving offset range <0x0000_0000 [ 512M ]> from slave interface '/axi_smc_mem/S03_AXI' to master interface '/axi_smc_mem/M00_AXI'. This will be used by smartconnect on path for routing.
INFO: [xilinx.com:ip:smartconnect:1.0-1] realtime_dma_bd_axi_smc_mem_0: SmartConnect realtime_dma_bd_axi_smc_mem_0 is in High-performance Mode.
xit::source_ipfile: Time (s): cpu = 00:00:06 ; elapsed = 00:00:07 . Memory (MB): peak = 708.316 ; gain = 37.793
validate_bd_design: Time (s): cpu = 00:00:12 ; elapsed = 00:00:14 . Memory (MB): peak = 737.195 ; gain = 153.555
# save_bd_design
Wrote  : <H:\vivado_realtime_dma_zybo_z7_20\vivado_realtime_dma_zybo_z7_20.srcs\sources_1\bd\realtime_dma_bd\realtime_dma_bd.bd> 
# set bd_file [get_files [file join $proj_dir $proj_name.srcs sources_1 bd $bd_name ${bd_name}.bd]]
# set_property synth_checkpoint_mode None $bd_file
# generate_target all $bd_file
INFO: [BD 41-1662] The design 'realtime_dma_bd.bd' is already validated. Therefore parameter propagation will not be re-run.
WARNING: [BD 41-2384] Width mismatch when connecting pin: '/axi_smc_mem/S03_AXI_arlock'(1) to pin: '/subband_realtime_0/m_axi_weights_ARLOCK'(2) - Only lower order bits will be connected.
Verilog Output written to : H:/vivado_realtime_dma_zybo_z7_20/vivado_realtime_dma_zybo_z7_20.gen/sources_1/bd/realtime_dma_bd/synth/realtime_dma_bd.v
WARNING: [BD 41-2384] Width mismatch when connecting pin: '/axi_smc_mem/S03_AXI_arlock'(1) to pin: '/subband_realtime_0/m_axi_weights_ARLOCK'(2) - Only lower order bits will be connected.
Verilog Output written to : H:/vivado_realtime_dma_zybo_z7_20/vivado_realtime_dma_zybo_z7_20.gen/sources_1/bd/realtime_dma_bd/sim/realtime_dma_bd.v
Verilog Output written to : H:/vivado_realtime_dma_zybo_z7_20/vivado_realtime_dma_zybo_z7_20.gen/sources_1/bd/realtime_dma_bd/hdl/realtime_dma_bd_wrapper.v
INFO: [IP_Flow 19-5611] Unable to find an associated reset port for the interface 'M_AXI_GP0'. A default connection has been created.
INFO: [IP_Flow 19-5611] Unable to find an associated reset port for the interface 'S_AXI_HP0'. A default connection has been created.
INFO: [BD 41-1029] Generation completed for the IP Integrator block ps7_0 .
INFO: [BD 41-1029] Generation completed for the IP Integrator block subband_realtime_0 .
INFO: [BD 41-1029] Generation completed for the IP Integrator block axi_dma0 .
INFO: [BD 41-1029] Generation completed for the IP Integrator block axi_dma1 .
WARNING: [BD 41-2384] Width mismatch when connecting pin: '/s00_nodes/s00_ar_node/s_sc_payld'(150) to pin: '/s00_nodes/S_SC_AR_payld'(146) - Only lower order bits will be connected.
WARNING: [BD 41-2384] Width mismatch when connecting pin: '/s00_nodes/s00_aw_node/s_sc_payld'(150) to pin: '/s00_nodes/S_SC_AW_payld'(146) - Only lower order bits will be connected.
WARNING: [BD 41-2384] Width mismatch when connecting pin: '/m00_nodes/m00_r_node/s_sc_payld'(57) to pin: '/m00_nodes/S_SC_R_payld'(55) - Only lower order bits will be connected.
WARNING: [BD 41-2384] Width mismatch when connecting pin: '/m00_nodes/m00_b_node/s_sc_payld'(11) to pin: '/m00_nodes/S_SC_B_payld'(9) - Only lower order bits will be connected.
WARNING: [BD 41-2384] Width mismatch when connecting pin: '/m01_nodes/m01_r_node/s_sc_payld'(57) to pin: '/m01_nodes/S_SC_R_payld'(55) - Only lower order bits will be connected.
WARNING: [BD 41-2384] Width mismatch when connecting pin: '/m01_nodes/m01_b_node/s_sc_payld'(11) to pin: '/m01_nodes/S_SC_B_payld'(9) - Only lower order bits will be connected.
WARNING: [BD 41-2384] Width mismatch when connecting pin: '/m02_nodes/m02_r_node/s_sc_payld'(57) to pin: '/m02_nodes/S_SC_R_payld'(55) - Only lower order bits will be connected.
WARNING: [BD 41-2384] Width mismatch when connecting pin: '/m02_nodes/m02_b_node/s_sc_payld'(11) to pin: '/m02_nodes/S_SC_B_payld'(9) - Only lower order bits will be connected.
WARNING: [BD 41-2384] Width mismatch when connecting pin: '/s00_axi2sc/s_sc_r_payld'(55) to pin: '/s00_nodes/M_SC_R_payld'(57) - Only lower order bits will be connected.
WARNING: [BD 41-2384] Width mismatch when connecting pin: '/s00_axi2sc/s_sc_b_payld'(9) to pin: '/s00_nodes/M_SC_B_payld'(11) - Only lower order bits will be connected.
WARNING: [BD 41-2384] Width mismatch when connecting pin: '/m00_sc2axi/s_sc_ar_payld'(146) to pin: '/m00_nodes/M_SC_AR_payld'(150) - Only lower order bits will be connected.
WARNING: [BD 41-2384] Width mismatch when connecting pin: '/m00_sc2axi/s_sc_aw_payld'(146) to pin: '/m00_nodes/M_SC_AW_payld'(150) - Only lower order bits will be connected.
WARNING: [BD 41-2384] Width mismatch when connecting pin: '/m01_sc2axi/s_sc_ar_payld'(146) to pin: '/m01_nodes/M_SC_AR_payld'(150) - Only lower order bits will be connected.
WARNING: [BD 41-2384] Width mismatch when connecting pin: '/m01_sc2axi/s_sc_aw_payld'(146) to pin: '/m01_nodes/M_SC_AW_payld'(150) - Only lower order bits will be connected.
WARNING: [BD 41-2384] Width mismatch when connecting pin: '/m02_sc2axi/s_sc_ar_payld'(146) to pin: '/m02_nodes/M_SC_AR_payld'(150) - Only lower order bits will be connected.
WARNING: [BD 41-2384] Width mismatch when connecting pin: '/m02_sc2axi/s_sc_aw_payld'(146) to pin: '/m02_nodes/M_SC_AW_payld'(150) - Only lower order bits will be connected.
WARNING: [BD 41-2384] Width mismatch when connecting pin: '/s00_nodes/s00_ar_node/s_sc_payld'(150) to pin: '/s00_nodes/S_SC_AR_payld'(146) - Only lower order bits will be connected.
WARNING: [BD 41-2384] Width mismatch when connecting pin: '/s00_nodes/s00_aw_node/s_sc_payld'(150) to pin: '/s00_nodes/S_SC_AW_payld'(146) - Only lower order bits will be connected.
WARNING: [BD 41-2384] Width mismatch when connecting pin: '/m00_nodes/m00_r_node/s_sc_payld'(57) to pin: '/m00_nodes/S_SC_R_payld'(55) - Only lower order bits will be connected.
WARNING: [BD 41-2384] Width mismatch when connecting pin: '/m00_nodes/m00_b_node/s_sc_payld'(11) to pin: '/m00_nodes/S_SC_B_payld'(9) - Only lower order bits will be connected.
WARNING: [BD 41-2384] Width mismatch when connecting pin: '/m01_nodes/m01_r_node/s_sc_payld'(57) to pin: '/m01_nodes/S_SC_R_payld'(55) - Only lower order bits will be connected.
WARNING: [BD 41-2384] Width mismatch when connecting pin: '/m01_nodes/m01_b_node/s_sc_payld'(11) to pin: '/m01_nodes/S_SC_B_payld'(9) - Only lower order bits will be connected.
WARNING: [BD 41-2384] Width mismatch when connecting pin: '/m02_nodes/m02_r_node/s_sc_payld'(57) to pin: '/m02_nodes/S_SC_R_payld'(55) - Only lower order bits will be connected.
WARNING: [BD 41-2384] Width mismatch when connecting pin: '/m02_nodes/m02_b_node/s_sc_payld'(11) to pin: '/m02_nodes/S_SC_B_payld'(9) - Only lower order bits will be connected.
WARNING: [BD 41-2384] Width mismatch when connecting pin: '/s00_axi2sc/s_sc_r_payld'(55) to pin: '/s00_nodes/M_SC_R_payld'(57) - Only lower order bits will be connected.
WARNING: [BD 41-2384] Width mismatch when connecting pin: '/s00_axi2sc/s_sc_b_payld'(9) to pin: '/s00_nodes/M_SC_B_payld'(11) - Only lower order bits will be connected.
WARNING: [BD 41-2384] Width mismatch when connecting pin: '/m00_sc2axi/s_sc_ar_payld'(146) to pin: '/m00_nodes/M_SC_AR_payld'(150) - Only lower order bits will be connected.
WARNING: [BD 41-2384] Width mismatch when connecting pin: '/m00_sc2axi/s_sc_aw_payld'(146) to pin: '/m00_nodes/M_SC_AW_payld'(150) - Only lower order bits will be connected.
WARNING: [BD 41-2384] Width mismatch when connecting pin: '/m01_sc2axi/s_sc_ar_payld'(146) to pin: '/m01_nodes/M_SC_AR_payld'(150) - Only lower order bits will be connected.
WARNING: [BD 41-2384] Width mismatch when connecting pin: '/m01_sc2axi/s_sc_aw_payld'(146) to pin: '/m01_nodes/M_SC_AW_payld'(150) - Only lower order bits will be connected.
WARNING: [BD 41-2384] Width mismatch when connecting pin: '/m02_sc2axi/s_sc_ar_payld'(146) to pin: '/m02_nodes/M_SC_AR_payld'(150) - Only lower order bits will be connected.
WARNING: [BD 41-2384] Width mismatch when connecting pin: '/m02_sc2axi/s_sc_aw_payld'(146) to pin: '/m02_nodes/M_SC_AW_payld'(150) - Only lower order bits will be connected.
Exporting to file h:/vivado_realtime_dma_zybo_z7_20/vivado_realtime_dma_zybo_z7_20.gen/sources_1/bd/realtime_dma_bd/ip/realtime_dma_bd_axi_smc_ctrl_0/bd_0/hw_handoff/realtime_dma_bd_axi_smc_ctrl_0.hwh
Generated Hardware Definition File h:/vivado_realtime_dma_zybo_z7_20/vivado_realtime_dma_zybo_z7_20.gen/sources_1/bd/realtime_dma_bd/ip/realtime_dma_bd_axi_smc_ctrl_0/bd_0/synth/realtime_dma_bd_axi_smc_ctrl_0.hwdef
INFO: [BD 41-1029] Generation completed for the IP Integrator block axi_smc_ctrl .
Exporting to file h:/vivado_realtime_dma_zybo_z7_20/vivado_realtime_dma_zybo_z7_20.gen/sources_1/bd/realtime_dma_bd/ip/realtime_dma_bd_axi_smc_mem_0/bd_0/hw_handoff/realtime_dma_bd_axi_smc_mem_0.hwh
Generated Hardware Definition File h:/vivado_realtime_dma_zybo_z7_20/vivado_realtime_dma_zybo_z7_20.gen/sources_1/bd/realtime_dma_bd/ip/realtime_dma_bd_axi_smc_mem_0/bd_0/synth/realtime_dma_bd_axi_smc_mem_0.hwdef
INFO: [BD 41-1029] Generation completed for the IP Integrator block axi_smc_mem .
INFO: [BD 41-1029] Generation completed for the IP Integrator block rst_ps7_100m .
Exporting to file H:/vivado_realtime_dma_zybo_z7_20/vivado_realtime_dma_zybo_z7_20.gen/sources_1/bd/realtime_dma_bd/hw_handoff/realtime_dma_bd.hwh
Generated Hardware Definition File H:/vivado_realtime_dma_zybo_z7_20/vivado_realtime_dma_zybo_z7_20.gen/sources_1/bd/realtime_dma_bd/synth/realtime_dma_bd.hwdef
generate_target: Time (s): cpu = 00:00:22 ; elapsed = 00:00:26 . Memory (MB): peak = 1072.625 ; gain = 335.430
# make_wrapper -files $bd_file -top
# add_files -norecurse [file join $proj_dir $proj_name.gen sources_1 bd $bd_name hdl ${bd_name}_wrapper.v]
# set_property top ${bd_name}_wrapper [current_fileset]
# update_compile_order -fileset sources_1
# synth_design -top ${bd_name}_wrapper -part xc7z020clg400-1
Command: synth_design -top realtime_dma_bd_wrapper -part xc7z020clg400-1
Starting synth_design
Attempting to get a license for feature 'Synthesis' and/or device 'xc7z020'
INFO: [Common 17-349] Got license for feature 'Synthesis' and/or device 'xc7z020'
INFO: [Device 21-403] Loading part xc7z020clg400-1
INFO: [Synth 8-7079] Multithreading enabled for synth_design using a maximum of 2 processes.
INFO: [Synth 8-7078] Launching helper process for spawning children vivado processes
INFO: [Synth 8-7075] Helper process launched with PID 15104
---------------------------------------------------------------------------------
Starting RTL Elaboration : Time (s): cpu = 00:00:08 ; elapsed = 00:00:08 . Memory (MB): peak = 1635.992 ; gain = 439.457
---------------------------------------------------------------------------------
INFO: [Synth 8-6157] synthesizing module 'realtime_dma_bd_wrapper' [H:/vivado_realtime_dma_zybo_z7_20/vivado_realtime_dma_zybo_z7_20.gen/sources_1/bd/realtime_dma_bd/hdl/realtime_dma_bd_wrapper.v:13]
INFO: [Synth 8-6157] synthesizing module 'realtime_dma_bd' [H:/vivado_realtime_dma_zybo_z7_20/vivado_realtime_dma_zybo_z7_20.gen/sources_1/bd/realtime_dma_bd/synth/realtime_dma_bd.v:13]
INFO: [Synth 8-638] synthesizing module 'realtime_dma_bd_axi_dma0_0' [h:/vivado_realtime_dma_zybo_z7_20/vivado_realtime_dma_zybo_z7_20.gen/sources_1/bd/realtime_dma_bd/ip/realtime_dma_bd_axi_dma0_0/synth/realtime_dma_bd_axi_dma0_0.vhd:128]
	Parameter C_S_AXI_LITE_ADDR_WIDTH bound to: 10 - type: integer 
	Parameter C_S_AXI_LITE_DATA_WIDTH bound to: 32 - type: integer 
	Parameter C_DLYTMR_RESOLUTION bound to: 125 - type: integer 
	Parameter C_PRMRY_IS_ACLK_ASYNC bound to: 0 - type: integer 
	Parameter C_ENABLE_MULTI_CHANNEL bound to: 0 - type: integer 
	Parameter C_NUM_MM2S_CHANNELS bound to: 1 - type: integer 
	Parameter C_NUM_S2MM_CHANNELS bound to: 1 - type: integer 
	Parameter C_INCLUDE_SG bound to: 0 - type: integer 
	Parameter C_SG_INCLUDE_STSCNTRL_STRM bound to: 0 - type: integer 
	Parameter C_SG_USE_STSAPP_LENGTH bound to: 0 - type: integer 
	Parameter C_SG_LENGTH_WIDTH bound to: 14 - type: integer 
	Parameter C_M_AXI_SG_ADDR_WIDTH bound to: 32 - type: integer 
	Parameter C_M_AXI_SG_DATA_WIDTH bound to: 32 - type: integer 
	Parameter C_M_AXIS_MM2S_CNTRL_TDATA_WIDTH bound to: 32 - type: integer 
	Parameter C_S_AXIS_S2MM_STS_TDATA_WIDTH bound to: 32 - type: integer 
	Parameter C_MICRO_DMA bound to: 0 - type: integer 
	Parameter C_INCLUDE_MM2S bound to: 1 - type: integer 
	Parameter C_INCLUDE_MM2S_SF bound to: 1 - type: integer 
	Parameter C_MM2S_BURST_SIZE bound to: 16 - type: integer 
	Parameter C_M_AXI_MM2S_ADDR_WIDTH bound to: 32 - type: integer 
	Parameter C_M_AXI_MM2S_DATA_WIDTH bound to: 32 - type: integer 
	Parameter C_M_AXIS_MM2S_TDATA_WIDTH bound to: 16 - type: integer 
	Parameter C_INCLUDE_MM2S_DRE bound to: 0 - type: integer 
	Parameter C_INCLUDE_S2MM bound to: 1 - type: integer 
	Parameter C_INCLUDE_S2MM_SF bound to: 1 - type: integer 
	Parameter C_S2MM_BURST_SIZE bound to: 16 - type: integer 
	Parameter C_M_AXI_S2MM_ADDR_WIDTH bound to: 32 - type: integer 
	Parameter C_M_AXI_S2MM_DATA_WIDTH bound to: 32 - type: integer 
	Parameter C_S_AXIS_S2MM_TDATA_WIDTH bound to: 16 - type: integer 
	Parameter C_INCLUDE_S2MM_DRE bound to: 0 - type: integer 
	Parameter C_INCREASE_THROUGHPUT bound to: 0 - type: integer 
	Parameter C_FAMILY bound to: zynq - type: string 
INFO: [Synth 8-3491] module 'axi_dma' declared at 'h:/vivado_realtime_dma_zybo_z7_20/vivado_realtime_dma_zybo_z7_20.gen/sources_1/bd/realtime_dma_bd/ipshared/ddec/hdl/axi_dma_v7_1_vh_rfs.vhd:21804' bound to instance 'U0' of component 'axi_dma' [h:/vivado_realtime_dma_zybo_z7_20/vivado_realtime_dma_zybo_z7_20.gen/sources_1/bd/realtime_dma_bd/ip/realtime_dma_bd_axi_dma0_0/synth/realtime_dma_bd_axi_dma0_0.vhd:374]
INFO: [Synth 8-638] synthesizing module 'axi_dma' [h:/vivado_realtime_dma_zybo_z7_20/vivado_realtime_dma_zybo_z7_20.gen/sources_1/bd/realtime_dma_bd/ipshared/ddec/hdl/axi_dma_v7_1_vh_rfs.vhd:22149]
INFO: [Synth 8-638] synthesizing module 'axi_dma_rst_module' [h:/vivado_realtime_dma_zybo_z7_20/vivado_realtime_dma_zybo_z7_20.gen/sources_1/bd/realtime_dma_bd/ipshared/ddec/hdl/axi_dma_v7_1_vh_rfs.vhd:1592]
INFO: [Synth 8-638] synthesizing module 'cdc_sync' [h:/vivado_realtime_dma_zybo_z7_20/vivado_realtime_dma_zybo_z7_20.gen/sources_1/bd/realtime_dma_bd/ipshared/ef1e/hdl/lib_cdc_v1_0_rfs.vhd:106]
	Parameter INIT bound to: 1'b0 
INFO: [Synth 8-113] binding component instance 'CROSS_PLEVEL_IN2SCNDRY_IN_cdc_to' to cell 'FDR' [h:/vivado_realtime_dma_zybo_z7_20/vivado_realtime_dma_zybo_z7_20.gen/sources_1/bd/realtime_dma_bd/ipshared/ef1e/hdl/lib_cdc_v1_0_rfs.vhd:514]
	Parameter INIT bound to: 1'b0 
INFO: [Synth 8-113] binding component instance 'CROSS_PLEVEL_IN2SCNDRY_s_level_out_d2' to cell 'FDR' [h:/vivado_realtime_dma_zybo_z7_20/vivado_realtime_dma_zybo_z7_20.gen/sources_1/bd/realtime_dma_bd/ipshared/ef1e/hdl/lib_cdc_v1_0_rfs.vhd:545]
	Parameter INIT bound to: 1'b0 
INFO: [Synth 8-113] binding component instance 'CROSS_PLEVEL_IN2SCNDRY_s_level_out_d3' to cell 'FDR' [h:/vivado_realtime_dma_zybo_z7_20/vivado_realtime_dma_zybo_z7_20.gen/sources_1/bd/realtime_dma_bd/ipshared/ef1e/hdl/lib_cdc_v1_0_rfs.vhd:554]
	Parameter INIT bound to: 1'b0 
INFO: [Synth 8-113] binding component instance 'CROSS_PLEVEL_IN2SCNDRY_s_level_out_d4' to cell 'FDR' [h:/vivado_realtime_dma_zybo_z7_20/vivado_realtime_dma_zybo_z7_20.gen/sources_1/bd/realtime_dma_bd/ipshared/ef1e/hdl/lib_cdc_v1_0_rfs.vhd:564]
	Parameter INIT bound to: 1'b0 
INFO: [Synth 8-113] binding component instance 'CROSS_PLEVEL_IN2SCNDRY_s_level_out_d5' to cell 'FDR' [h:/vivado_realtime_dma_zybo_z7_20/vivado_realtime_dma_zybo_z7_20.gen/sources_1/bd/realtime_dma_bd/ipshared/ef1e/hdl/lib_cdc_v1_0_rfs.vhd:574]
	Parameter INIT bound to: 1'b0 
INFO: [Synth 8-113] binding component instance 'CROSS_PLEVEL_IN2SCNDRY_s_level_out_d6' to cell 'FDR' [h:/vivado_realtime_dma_zybo_z7_20/vivado_realtime_dma_zybo_z7_20.gen/sources_1/bd/realtime_dma_bd/ipshared/ef1e/hdl/lib_cdc_v1_0_rfs.vhd:584]
INFO: [Synth 8-256] done synthesizing module 'cdc_sync' (0#1) [h:/vivado_realtime_dma_zybo_z7_20/vivado_realtime_dma_zybo_z7_20.gen/sources_1/bd/realtime_dma_bd/ipshared/ef1e/hdl/lib_cdc_v1_0_rfs.vhd:106]
INFO: [Synth 8-638] synthesizing module 'axi_dma_reset' [h:/vivado_realtime_dma_zybo_z7_20/vivado_realtime_dma_zybo_z7_20.gen/sources_1/bd/realtime_dma_bd/ipshared/ddec/hdl/axi_dma_v7_1_vh_rfs.vhd:601]
INFO: [Synth 8-256] done synthesizing module 'axi_dma_reset' (0#1) [h:/vivado_realtime_dma_zybo_z7_20/vivado_realtime_dma_zybo_z7_20.gen/sources_1/bd/realtime_dma_bd/ipshared/ddec/hdl/axi_dma_v7_1_vh_rfs.vhd:601]
INFO: [Synth 8-256] done synthesizing module 'axi_dma_rst_module' (0#1) [h:/vivado_realtime_dma_zybo_z7_20/vivado_realtime_dma_zybo_z7_20.gen/sources_1/bd/realtime_dma_bd/ipshared/ddec/hdl/axi_dma_v7_1_vh_rfs.vhd:1592]
INFO: [Synth 8-638] synthesizing module 'axi_dma_reg_module' [h:/vivado_realtime_dma_zybo_z7_20/vivado_realtime_dma_zybo_z7_20.gen/sources_1/bd/realtime_dma_bd/ipshared/ddec/hdl/axi_dma_v7_1_vh_rfs.vhd:8426]
INFO: [Synth 8-638] synthesizing module 'axi_dma_lite_if' [h:/vivado_realtime_dma_zybo_z7_20/vivado_realtime_dma_zybo_z7_20.gen/sources_1/bd/realtime_dma_bd/ipshared/ddec/hdl/axi_dma_v7_1_vh_rfs.vhd:2057]
INFO: [Synth 8-256] done synthesizing module 'axi_dma_lite_if' (0#1) [h:/vivado_realtime_dma_zybo_z7_20/vivado_realtime_dma_zybo_z7_20.gen/sources_1/bd/realtime_dma_bd/ipshared/ddec/hdl/axi_dma_v7_1_vh_rfs.vhd:2057]
INFO: [Synth 8-638] synthesizing module 'axi_dma_register' [h:/vivado_realtime_dma_zybo_z7_20/vivado_realtime_dma_zybo_z7_20.gen/sources_1/bd/realtime_dma_bd/ipshared/ddec/hdl/axi_dma_v7_1_vh_rfs.vhd:3599]
INFO: [Synth 8-256] done synthesizing module 'axi_dma_register' (0#1) [h:/vivado_realtime_dma_zybo_z7_20/vivado_realtime_dma_zybo_z7_20.gen/sources_1/bd/realtime_dma_bd/ipshared/ddec/hdl/axi_dma_v7_1_vh_rfs.vhd:3599]
INFO: [Synth 8-638] synthesizing module 'axi_dma_register_s2mm' [h:/vivado_realtime_dma_zybo_z7_20/vivado_realtime_dma_zybo_z7_20.gen/sources_1/bd/realtime_dma_bd/ipshared/ddec/hdl/axi_dma_v7_1_vh_rfs.vhd:4844]
INFO: [Synth 8-256] done synthesizing module 'axi_dma_register_s2mm' (0#1) [h:/vivado_realtime_dma_zybo_z7_20/vivado_realtime_dma_zybo_z7_20.gen/sources_1/bd/realtime_dma_bd/ipshared/ddec/hdl/axi_dma_v7_1_vh_rfs.vhd:4844]
INFO: [Synth 8-256] done synthesizing module 'axi_dma_reg_module' (0#1) [h:/vivado_realtime_dma_zybo_z7_20/vivado_realtime_dma_zybo_z7_20.gen/sources_1/bd/realtime_dma_bd/ipshared/ddec/hdl/axi_dma_v7_1_vh_rfs.vhd:8426]
INFO: [Synth 8-638] synthesizing module 'axi_dma_mm2s_mngr' [h:/vivado_realtime_dma_zybo_z7_20/vivado_realtime_dma_zybo_z7_20.gen/sources_1/bd/realtime_dma_bd/ipshared/ddec/hdl/axi_dma_v7_1_vh_rfs.vhd:15157]
INFO: [Synth 8-638] synthesizing module 'axi_dma_smple_sm' [h:/vivado_realtime_dma_zybo_z7_20/vivado_realtime_dma_zybo_z7_20.gen/sources_1/bd/realtime_dma_bd/ipshared/ddec/hdl/axi_dma_v7_1_vh_rfs.vhd:11957]
INFO: [Synth 8-256] done synthesizing module 'axi_dma_smple_sm' (0#1) [h:/vivado_realtime_dma_zybo_z7_20/vivado_realtime_dma_zybo_z7_20.gen/sources_1/bd/realtime_dma_bd/ipshared/ddec/hdl/axi_dma_v7_1_vh_rfs.vhd:11957]
INFO: [Synth 8-638] synthesizing module 'axi_dma_mm2s_cmdsts_if' [h:/vivado_realtime_dma_zybo_z7_20/vivado_realtime_dma_zybo_z7_20.gen/sources_1/bd/realtime_dma_bd/ipshared/ddec/hdl/axi_dma_v7_1_vh_rfs.vhd:13942]
INFO: [Synth 8-256] done synthesizing module 'axi_dma_mm2s_cmdsts_if' (0#1) [h:/vivado_realtime_dma_zybo_z7_20/vivado_realtime_dma_zybo_z7_20.gen/sources_1/bd/realtime_dma_bd/ipshared/ddec/hdl/axi_dma_v7_1_vh_rfs.vhd:13942]
INFO: [Synth 8-638] synthesizing module 'axi_dma_mm2s_sts_mngr' [h:/vivado_realtime_dma_zybo_z7_20/vivado_realtime_dma_zybo_z7_20.gen/sources_1/bd/realtime_dma_bd/ipshared/ddec/hdl/axi_dma_v7_1_vh_rfs.vhd:14256]
INFO: [Synth 8-256] done synthesizing module 'axi_dma_mm2s_sts_mngr' (0#1) [h:/vivado_realtime_dma_zybo_z7_20/vivado_realtime_dma_zybo_z7_20.gen/sources_1/bd/realtime_dma_bd/ipshared/ddec/hdl/axi_dma_v7_1_vh_rfs.vhd:14256]
INFO: [Synth 8-256] done synthesizing module 'axi_dma_mm2s_mngr' (0#1) [h:/vivado_realtime_dma_zybo_z7_20/vivado_realtime_dma_zybo_z7_20.gen/sources_1/bd/realtime_dma_bd/ipshared/ddec/hdl/axi_dma_v7_1_vh_rfs.vhd:15157]
INFO: [Synth 8-638] synthesizing module 'axi_dma_sofeof_gen' [h:/vivado_realtime_dma_zybo_z7_20/vivado_realtime_dma_zybo_z7_20.gen/sources_1/bd/realtime_dma_bd/ipshared/ddec/hdl/axi_dma_v7_1_vh_rfs.vhd:11427]
INFO: [Synth 8-256] done synthesizing module 'axi_dma_sofeof_gen' (0#1) [h:/vivado_realtime_dma_zybo_z7_20/vivado_realtime_dma_zybo_z7_20.gen/sources_1/bd/realtime_dma_bd/ipshared/ddec/hdl/axi_dma_v7_1_vh_rfs.vhd:11427]
INFO: [Synth 8-638] synthesizing module 'axi_dma_s2mm_mngr' [h:/vivado_realtime_dma_zybo_z7_20/vivado_realtime_dma_zybo_z7_20.gen/sources_1/bd/realtime_dma_bd/ipshared/ddec/hdl/axi_dma_v7_1_vh_rfs.vhd:20537]
INFO: [Synth 8-638] synthesizing module 'axi_dma_s2mm_cmdsts_if' [h:/vivado_realtime_dma_zybo_z7_20/vivado_realtime_dma_zybo_z7_20.gen/sources_1/bd/realtime_dma_bd/ipshared/ddec/hdl/axi_dma_v7_1_vh_rfs.vhd:18804]
INFO: [Synth 8-256] done synthesizing module 'axi_dma_s2mm_cmdsts_if' (0#1) [h:/vivado_realtime_dma_zybo_z7_20/vivado_realtime_dma_zybo_z7_20.gen/sources_1/bd/realtime_dma_bd/ipshared/ddec/hdl/axi_dma_v7_1_vh_rfs.vhd:18804]
INFO: [Synth 8-638] synthesizing module 'axi_dma_s2mm_sts_mngr' [h:/vivado_realtime_dma_zybo_z7_20/vivado_realtime_dma_zybo_z7_20.gen/sources_1/bd/realtime_dma_bd/ipshared/ddec/hdl/axi_dma_v7_1_vh_rfs.vhd:19233]
INFO: [Synth 8-256] done synthesizing module 'axi_dma_s2mm_sts_mngr' (0#1) [h:/vivado_realtime_dma_zybo_z7_20/vivado_realtime_dma_zybo_z7_20.gen/sources_1/bd/realtime_dma_bd/ipshared/ddec/hdl/axi_dma_v7_1_vh_rfs.vhd:19233]
INFO: [Synth 8-256] done synthesizing module 'axi_dma_s2mm_mngr' (0#1) [h:/vivado_realtime_dma_zybo_z7_20/vivado_realtime_dma_zybo_z7_20.gen/sources_1/bd/realtime_dma_bd/ipshared/ddec/hdl/axi_dma_v7_1_vh_rfs.vhd:20537]
INFO: [Synth 8-638] synthesizing module 'axi_datamover' [h:/vivado_realtime_dma_zybo_z7_20/vivado_realtime_dma_zybo_z7_20.gen/sources_1/bd/realtime_dma_bd/ipshared/d786/hdl/axi_datamover_v5_1_vh_rfs.vhd:55201]
INFO: [Synth 8-638] synthesizing module 'axi_datamover_mm2s_full_wrap' [h:/vivado_realtime_dma_zybo_z7_20/vivado_realtime_dma_zybo_z7_20.gen/sources_1/bd/realtime_dma_bd/ipshared/d786/hdl/axi_datamover_v5_1_vh_rfs.vhd:53340]
INFO: [Synth 8-638] synthesizing module 'axi_datamover_reset' [h:/vivado_realtime_dma_zybo_z7_20/vivado_realtime_dma_zybo_z7_20.gen/sources_1/bd/realtime_dma_bd/ipshared/d786/hdl/axi_datamover_v5_1_vh_rfs.vhd:147]
INFO: [Synth 8-256] done synthesizing module 'axi_datamover_reset' (0#1) [h:/vivado_realtime_dma_zybo_z7_20/vivado_realtime_dma_zybo_z7_20.gen/sources_1/bd/realtime_dma_bd/ipshared/d786/hdl/axi_datamover_v5_1_vh_rfs.vhd:147]
INFO: [Synth 8-638] synthesizing module 'axi_datamover_cmd_status' [h:/vivado_realtime_dma_zybo_z7_20/vivado_realtime_dma_zybo_z7_20.gen/sources_1/bd/realtime_dma_bd/ipshared/d786/hdl/axi_datamover_v5_1_vh_rfs.vhd:2665]
INFO: [Synth 8-638] synthesizing module 'axi_datamover_fifo' [h:/vivado_realtime_dma_zybo_z7_20/vivado_realtime_dma_zybo_z7_20.gen/sources_1/bd/realtime_dma_bd/ipshared/d786/hdl/axi_datamover_v5_1_vh_rfs.vhd:1859]
INFO: [Synth 8-256] done synthesizing module 'axi_datamover_fifo' (0#1) [h:/vivado_realtime_dma_zybo_z7_20/vivado_realtime_dma_zybo_z7_20.gen/sources_1/bd/realtime_dma_bd/ipshared/d786/hdl/axi_datamover_v5_1_vh_rfs.vhd:1859]
INFO: [Synth 8-638] synthesizing module 'axi_datamover_fifo__parameterized0' [h:/vivado_realtime_dma_zybo_z7_20/vivado_realtime_dma_zybo_z7_20.gen/sources_1/bd/realtime_dma_bd/ipshared/d786/hdl/axi_datamover_v5_1_vh_rfs.vhd:1859]
INFO: [Synth 8-256] done synthesizing module 'axi_datamover_fifo__parameterized0' (0#1) [h:/vivado_realtime_dma_zybo_z7_20/vivado_realtime_dma_zybo_z7_20.gen/sources_1/bd/realtime_dma_bd/ipshared/d786/hdl/axi_datamover_v5_1_vh_rfs.vhd:1859]
INFO: [Synth 8-256] done synthesizing module 'axi_datamover_cmd_status' (0#1) [h:/vivado_realtime_dma_zybo_z7_20/vivado_realtime_dma_zybo_z7_20.gen/sources_1/bd/realtime_dma_bd/ipshared/d786/hdl/axi_datamover_v5_1_vh_rfs.vhd:2665]
INFO: [Synth 8-638] synthesizing module 'axi_datamover_rd_status_cntl' [h:/vivado_realtime_dma_zybo_z7_20/vivado_realtime_dma_zybo_z7_20.gen/sources_1/bd/realtime_dma_bd/ipshared/d786/hdl/axi_datamover_v5_1_vh_rfs.vhd:13671]
INFO: [Synth 8-256] done synthesizing module 'axi_datamover_rd_status_cntl' (0#1) [h:/vivado_realtime_dma_zybo_z7_20/vivado_realtime_dma_zybo_z7_20.gen/sources_1/bd/realtime_dma_bd/ipshared/d786/hdl/axi_datamover_v5_1_vh_rfs.vhd:13671]
INFO: [Synth 8-638] synthesizing module 'axi_datamover_pcc' [h:/vivado_realtime_dma_zybo_z7_20/vivado_realtime_dma_zybo_z7_20.gen/sources_1/bd/realtime_dma_bd/ipshared/d786/hdl/axi_datamover_v5_1_vh_rfs.vhd:7365]
INFO: [Synth 8-638] synthesizing module 'axi_datamover_strb_gen2' [h:/vivado_realtime_dma_zybo_z7_20/vivado_realtime_dma_zybo_z7_20.gen/sources_1/bd/realtime_dma_bd/ipshared/d786/hdl/axi_datamover_v5_1_vh_rfs.vhd:4297]
INFO: [Synth 8-256] done synthesizing module 'axi_datamover_strb_gen2' (0#1) [h:/vivado_realtime_dma_zybo_z7_20/vivado_realtime_dma_zybo_z7_20.gen/sources_1/bd/realtime_dma_bd/ipshared/d786/hdl/axi_datamover_v5_1_vh_rfs.vhd:4297]
INFO: [Synth 8-638] synthesizing module 'axi_datamover_strb_gen2__parameterized0' [h:/vivado_realtime_dma_zybo_z7_20/vivado_realtime_dma_zybo_z7_20.gen/sources_1/bd/realtime_dma_bd/ipshared/d786/hdl/axi_datamover_v5_1_vh_rfs.vhd:4297]
INFO: [Synth 8-256] done synthesizing module 'axi_datamover_strb_gen2__parameterized0' (0#1) [h:/vivado_realtime_dma_zybo_z7_20/vivado_realtime_dma_zybo_z7_20.gen/sources_1/bd/realtime_dma_bd/ipshared/d786/hdl/axi_datamover_v5_1_vh_rfs.vhd:4297]
INFO: [Synth 8-226] default block is never used [h:/vivado_realtime_dma_zybo_z7_20/vivado_realtime_dma_zybo_z7_20.gen/sources_1/bd/realtime_dma_bd/ipshared/d786/hdl/axi_datamover_v5_1_vh_rfs.vhd:9439]
INFO: [Synth 8-256] done synthesizing module 'axi_datamover_pcc' (0#1) [h:/vivado_realtime_dma_zybo_z7_20/vivado_realtime_dma_zybo_z7_20.gen/sources_1/bd/realtime_dma_bd/ipshared/d786/hdl/axi_datamover_v5_1_vh_rfs.vhd:7365]
INFO: [Synth 8-638] synthesizing module 'axi_datamover_addr_cntl' [h:/vivado_realtime_dma_zybo_z7_20/vivado_realtime_dma_zybo_z7_20.gen/sources_1/bd/realtime_dma_bd/ipshared/d786/hdl/axi_datamover_v5_1_vh_rfs.vhd:9943]
INFO: [Synth 8-638] synthesizing module 'axi_datamover_fifo__parameterized1' [h:/vivado_realtime_dma_zybo_z7_20/vivado_realtime_dma_zybo_z7_20.gen/sources_1/bd/realtime_dma_bd/ipshared/d786/hdl/axi_datamover_v5_1_vh_rfs.vhd:1859]
INFO: [Synth 8-638] synthesizing module 'srl_fifo_f' [h:/vivado_realtime_dma_zybo_z7_20/vivado_realtime_dma_zybo_z7_20.gen/sources_1/bd/realtime_dma_bd/ipshared/02c4/hdl/lib_srl_fifo_v1_0_rfs.vhd:777]
INFO: [Synth 8-638] synthesizing module 'srl_fifo_rbu_f' [h:/vivado_realtime_dma_zybo_z7_20/vivado_realtime_dma_zybo_z7_20.gen/sources_1/bd/realtime_dma_bd/ipshared/02c4/hdl/lib_srl_fifo_v1_0_rfs.vhd:538]
INFO: [Synth 8-638] synthesizing module 'cntr_incr_decr_addn_f' [h:/vivado_realtime_dma_zybo_z7_20/vivado_realtime_dma_zybo_z7_20.gen/sources_1/bd/realtime_dma_bd/ipshared/02c4/hdl/lib_srl_fifo_v1_0_rfs.vhd:134]
INFO: [Synth 8-256] done synthesizing module 'cntr_incr_decr_addn_f' (0#1) [h:/vivado_realtime_dma_zybo_z7_20/vivado_realtime_dma_zybo_z7_20.gen/sources_1/bd/realtime_dma_bd/ipshared/02c4/hdl/lib_srl_fifo_v1_0_rfs.vhd:134]
INFO: [Synth 8-638] synthesizing module 'dynshreg_f' [h:/vivado_realtime_dma_zybo_z7_20/vivado_realtime_dma_zybo_z7_20.gen/sources_1/bd/realtime_dma_bd/ipshared/02c4/hdl/lib_srl_fifo_v1_0_rfs.vhd:329]
INFO: [Synth 8-256] done synthesizing module 'dynshreg_f' (0#1) [h:/vivado_realtime_dma_zybo_z7_20/vivado_realtime_dma_zybo_z7_20.gen/sources_1/bd/realtime_dma_bd/ipshared/02c4/hdl/lib_srl_fifo_v1_0_rfs.vhd:329]
INFO: [Synth 8-256] done synthesizing module 'srl_fifo_rbu_f' (0#1) [h:/vivado_realtime_dma_zybo_z7_20/vivado_realtime_dma_zybo_z7_20.gen/sources_1/bd/realtime_dma_bd/ipshared/02c4/hdl/lib_srl_fifo_v1_0_rfs.vhd:538]
INFO: [Synth 8-256] done synthesizing module 'srl_fifo_f' (0#1) [h:/vivado_realtime_dma_zybo_z7_20/vivado_realtime_dma_zybo_z7_20.gen/sources_1/bd/realtime_dma_bd/ipshared/02c4/hdl/lib_srl_fifo_v1_0_rfs.vhd:777]
INFO: [Synth 8-256] done synthesizing module 'axi_datamover_fifo__parameterized1' (0#1) [h:/vivado_realtime_dma_zybo_z7_20/vivado_realtime_dma_zybo_z7_20.gen/sources_1/bd/realtime_dma_bd/ipshared/d786/hdl/axi_datamover_v5_1_vh_rfs.vhd:1859]
INFO: [Synth 8-256] done synthesizing module 'axi_datamover_addr_cntl' (0#1) [h:/vivado_realtime_dma_zybo_z7_20/vivado_realtime_dma_zybo_z7_20.gen/sources_1/bd/realtime_dma_bd/ipshared/d786/hdl/axi_datamover_v5_1_vh_rfs.vhd:9943]
INFO: [Synth 8-638] synthesizing module 'axi_datamover_rddata_cntl' [h:/vivado_realtime_dma_zybo_z7_20/vivado_realtime_dma_zybo_z7_20.gen/sources_1/bd/realtime_dma_bd/ipshared/d786/hdl/axi_datamover_v5_1_vh_rfs.vhd:12116]
INFO: [Synth 8-638] synthesizing module 'axi_datamover_rdmux' [h:/vivado_realtime_dma_zybo_z7_20/vivado_realtime_dma_zybo_z7_20.gen/sources_1/bd/realtime_dma_bd/ipshared/d786/hdl/axi_datamover_v5_1_vh_rfs.vhd:10618]
INFO: [Synth 8-256] done synthesizing module 'axi_datamover_rdmux' (0#1) [h:/vivado_realtime_dma_zybo_z7_20/vivado_realtime_dma_zybo_z7_20.gen/sources_1/bd/realtime_dma_bd/ipshared/d786/hdl/axi_datamover_v5_1_vh_rfs.vhd:10618]
INFO: [Synth 8-638] synthesizing module 'axi_datamover_fifo__parameterized2' [h:/vivado_realtime_dma_zybo_z7_20/vivado_realtime_dma_zybo_z7_20.gen/sources_1/bd/realtime_dma_bd/ipshared/d786/hdl/axi_datamover_v5_1_vh_rfs.vhd:1859]
INFO: [Synth 8-638] synthesizing module 'srl_fifo_f__parameterized0' [h:/vivado_realtime_dma_zybo_z7_20/vivado_realtime_dma_zybo_z7_20.gen/sources_1/bd/realtime_dma_bd/ipshared/02c4/hdl/lib_srl_fifo_v1_0_rfs.vhd:777]
INFO: [Synth 8-638] synthesizing module 'srl_fifo_rbu_f__parameterized0' [h:/vivado_realtime_dma_zybo_z7_20/vivado_realtime_dma_zybo_z7_20.gen/sources_1/bd/realtime_dma_bd/ipshared/02c4/hdl/lib_srl_fifo_v1_0_rfs.vhd:538]
INFO: [Synth 8-638] synthesizing module 'dynshreg_f__parameterized0' [h:/vivado_realtime_dma_zybo_z7_20/vivado_realtime_dma_zybo_z7_20.gen/sources_1/bd/realtime_dma_bd/ipshared/02c4/hdl/lib_srl_fifo_v1_0_rfs.vhd:329]
INFO: [Synth 8-256] done synthesizing module 'dynshreg_f__parameterized0' (0#1) [h:/vivado_realtime_dma_zybo_z7_20/vivado_realtime_dma_zybo_z7_20.gen/sources_1/bd/realtime_dma_bd/ipshared/02c4/hdl/lib_srl_fifo_v1_0_rfs.vhd:329]
INFO: [Synth 8-256] done synthesizing module 'srl_fifo_rbu_f__parameterized0' (0#1) [h:/vivado_realtime_dma_zybo_z7_20/vivado_realtime_dma_zybo_z7_20.gen/sources_1/bd/realtime_dma_bd/ipshared/02c4/hdl/lib_srl_fifo_v1_0_rfs.vhd:538]
INFO: [Synth 8-256] done synthesizing module 'srl_fifo_f__parameterized0' (0#1) [h:/vivado_realtime_dma_zybo_z7_20/vivado_realtime_dma_zybo_z7_20.gen/sources_1/bd/realtime_dma_bd/ipshared/02c4/hdl/lib_srl_fifo_v1_0_rfs.vhd:777]
INFO: [Synth 8-256] done synthesizing module 'axi_datamover_fifo__parameterized2' (0#1) [h:/vivado_realtime_dma_zybo_z7_20/vivado_realtime_dma_zybo_z7_20.gen/sources_1/bd/realtime_dma_bd/ipshared/d786/hdl/axi_datamover_v5_1_vh_rfs.vhd:1859]
INFO: [Synth 8-256] done synthesizing module 'axi_datamover_rddata_cntl' (0#1) [h:/vivado_realtime_dma_zybo_z7_20/vivado_realtime_dma_zybo_z7_20.gen/sources_1/bd/realtime_dma_bd/ipshared/d786/hdl/axi_datamover_v5_1_vh_rfs.vhd:12116]
INFO: [Synth 8-638] synthesizing module 'axi_datamover_rd_sf' [h:/vivado_realtime_dma_zybo_z7_20/vivado_realtime_dma_zybo_z7_20.gen/sources_1/bd/realtime_dma_bd/ipshared/d786/hdl/axi_datamover_v5_1_vh_rfs.vhd:20097]
INFO: [Synth 8-638] synthesizing module 'axi_datamover_fifo__parameterized3' [h:/vivado_realtime_dma_zybo_z7_20/vivado_realtime_dma_zybo_z7_20.gen/sources_1/bd/realtime_dma_bd/ipshared/d786/hdl/axi_datamover_v5_1_vh_rfs.vhd:1859]
INFO: [Synth 8-638] synthesizing module 'srl_fifo_f__parameterized1' [h:/vivado_realtime_dma_zybo_z7_20/vivado_realtime_dma_zybo_z7_20.gen/sources_1/bd/realtime_dma_bd/ipshared/02c4/hdl/lib_srl_fifo_v1_0_rfs.vhd:777]
INFO: [Synth 8-638] synthesizing module 'srl_fifo_rbu_f__parameterized1' [h:/vivado_realtime_dma_zybo_z7_20/vivado_realtime_dma_zybo_z7_20.gen/sources_1/bd/realtime_dma_bd/ipshared/02c4/hdl/lib_srl_fifo_v1_0_rfs.vhd:538]
INFO: [Synth 8-638] synthesizing module 'dynshreg_f__parameterized1' [h:/vivado_realtime_dma_zybo_z7_20/vivado_realtime_dma_zybo_z7_20.gen/sources_1/bd/realtime_dma_bd/ipshared/02c4/hdl/lib_srl_fifo_v1_0_rfs.vhd:329]
INFO: [Synth 8-256] done synthesizing module 'dynshreg_f__parameterized1' (0#1) [h:/vivado_realtime_dma_zybo_z7_20/vivado_realtime_dma_zybo_z7_20.gen/sources_1/bd/realtime_dma_bd/ipshared/02c4/hdl/lib_srl_fifo_v1_0_rfs.vhd:329]
INFO: [Synth 8-256] done synthesizing module 'srl_fifo_rbu_f__parameterized1' (0#1) [h:/vivado_realtime_dma_zybo_z7_20/vivado_realtime_dma_zybo_z7_20.gen/sources_1/bd/realtime_dma_bd/ipshared/02c4/hdl/lib_srl_fifo_v1_0_rfs.vhd:538]
INFO: [Synth 8-256] done synthesizing module 'srl_fifo_f__parameterized1' (0#1) [h:/vivado_realtime_dma_zybo_z7_20/vivado_realtime_dma_zybo_z7_20.gen/sources_1/bd/realtime_dma_bd/ipshared/02c4/hdl/lib_srl_fifo_v1_0_rfs.vhd:777]
INFO: [Synth 8-256] done synthesizing module 'axi_datamover_fifo__parameterized3' (0#1) [h:/vivado_realtime_dma_zybo_z7_20/vivado_realtime_dma_zybo_z7_20.gen/sources_1/bd/realtime_dma_bd/ipshared/d786/hdl/axi_datamover_v5_1_vh_rfs.vhd:1859]
INFO: [Synth 8-638] synthesizing module 'axi_datamover_sfifo_autord' [h:/vivado_realtime_dma_zybo_z7_20/vivado_realtime_dma_zybo_z7_20.gen/sources_1/bd/realtime_dma_bd/ipshared/d786/hdl/axi_datamover_v5_1_vh_rfs.vhd:1275]
INFO: [Synth 8-638] synthesizing module 'sync_fifo_fg' [h:/vivado_realtime_dma_zybo_z7_20/vivado_realtime_dma_zybo_z7_20.gen/sources_1/bd/realtime_dma_bd/ipshared/1531/hdl/lib_fifo_v1_0_rfs.vhd:2232]
	Parameter FIFO_MEMORY_TYPE bound to: block - type: string 
	Parameter FIFO_WRITE_DEPTH bound to: 128 - type: integer 
	Parameter WRITE_DATA_WIDTH bound to: 39 - type: integer 
	Parameter READ_MODE bound to: fwft - type: string 
	Parameter FIFO_READ_LATENCY bound to: 0 - type: integer 
	Parameter FULL_RESET_VALUE bound to: 1 - type: integer 
	Parameter USE_ADV_FEATURES bound to: 1F1F - type: string 
	Parameter READ_DATA_WIDTH bound to: 39 - type: integer 
	Parameter WR_DATA_COUNT_WIDTH bound to: 8 - type: integer 
	Parameter PROG_FULL_THRESH bound to: 10 - type: integer 
	Parameter RD_DATA_COUNT_WIDTH bound to: 4 - type: integer 
	Parameter PROG_EMPTY_THRESH bound to: 10 - type: integer 
	Parameter DOUT_RESET_VALUE bound to: 0 - type: string 
	Parameter ECC_MODE bound to: no_ecc - type: string 
	Parameter WAKEUP_TIME bound to: 0 - type: integer 
INFO: [Synth 8-3491] module 'xpm_fifo_sync' declared at 'C:/Xilinx/Vivado/2023.2/data/ip/xpm/xpm_fifo/hdl/xpm_fifo.sv:1962' bound to instance 'xpm_fifo_sync_inst' of component 'xpm_fifo_sync' [h:/vivado_realtime_dma_zybo_z7_20/vivado_realtime_dma_zybo_z7_20.gen/sources_1/bd/realtime_dma_bd/ipshared/1531/hdl/lib_fifo_v1_0_rfs.vhd:2609]
INFO: [Synth 8-6157] synthesizing module 'xpm_fifo_sync' [C:/Xilinx/Vivado/2023.2/data/ip/xpm/xpm_fifo/hdl/xpm_fifo.sv:1962]
INFO: [Synth 8-6157] synthesizing module 'xpm_fifo_base' [C:/Xilinx/Vivado/2023.2/data/ip/xpm/xpm_fifo/hdl/xpm_fifo.sv:53]
INFO: [Synth 8-6157] synthesizing module 'xpm_counter_updn' [C:/Xilinx/Vivado/2023.2/data/ip/xpm/xpm_fifo/hdl/xpm_fifo.sv:1866]
INFO: [Synth 8-6155] done synthesizing module 'xpm_counter_updn' (0#1) [C:/Xilinx/Vivado/2023.2/data/ip/xpm/xpm_fifo/hdl/xpm_fifo.sv:1866]
INFO: [Synth 8-6157] synthesizing module 'xpm_counter_updn__parameterized0' [C:/Xilinx/Vivado/2023.2/data/ip/xpm/xpm_fifo/hdl/xpm_fifo.sv:1866]
INFO: [Synth 8-6155] done synthesizing module 'xpm_counter_updn__parameterized0' (0#1) [C:/Xilinx/Vivado/2023.2/data/ip/xpm/xpm_fifo/hdl/xpm_fifo.sv:1866]
INFO: [Synth 8-6157] synthesizing module 'xpm_memory_base' [C:/Xilinx/Vivado/2023.2/data/ip/xpm/xpm_memory/hdl/xpm_memory.sv:54]
INFO: [Synth 8-6155] done synthesizing module 'xpm_memory_base' (0#1) [C:/Xilinx/Vivado/2023.2/data/ip/xpm/xpm_memory/hdl/xpm_memory.sv:54]
INFO: [Synth 8-226] default block is never used [C:/Xilinx/Vivado/2023.2/data/ip/xpm/xpm_fifo/hdl/xpm_fifo.sv:1214]
INFO: [Synth 8-226] default block is never used [C:/Xilinx/Vivado/2023.2/data/ip/xpm/xpm_fifo/hdl/xpm_fifo.sv:1281]
INFO: [Synth 8-226] default block is never used [C:/Xilinx/Vivado/2023.2/data/ip/xpm/xpm_fifo/hdl/xpm_fifo.sv:1303]
INFO: [Synth 8-6157] synthesizing module 'xpm_fifo_reg_bit' [C:/Xilinx/Vivado/2023.2/data/ip/xpm/xpm_fifo/hdl/xpm_fifo.sv:1914]
INFO: [Synth 8-6155] done synthesizing module 'xpm_fifo_reg_bit' (0#1) [C:/Xilinx/Vivado/2023.2/data/ip/xpm/xpm_fifo/hdl/xpm_fifo.sv:1914]
INFO: [Synth 8-6157] synthesizing module 'xpm_counter_updn__parameterized1' [C:/Xilinx/Vivado/2023.2/data/ip/xpm/xpm_fifo/hdl/xpm_fifo.sv:1866]
INFO: [Synth 8-6155] done synthesizing module 'xpm_counter_updn__parameterized1' (0#1) [C:/Xilinx/Vivado/2023.2/data/ip/xpm/xpm_fifo/hdl/xpm_fifo.sv:1866]
INFO: [Synth 8-6157] synthesizing module 'xpm_fifo_rst' [C:/Xilinx/Vivado/2023.2/data/ip/xpm/xpm_fifo/hdl/xpm_fifo.sv:1626]
INFO: [Synth 8-6155] done synthesizing module 'xpm_fifo_rst' (0#1) [C:/Xilinx/Vivado/2023.2/data/ip/xpm/xpm_fifo/hdl/xpm_fifo.sv:1626]
INFO: [Synth 8-6157] synthesizing module 'xpm_counter_updn__parameterized2' [C:/Xilinx/Vivado/2023.2/data/ip/xpm/xpm_fifo/hdl/xpm_fifo.sv:1866]
INFO: [Synth 8-6155] done synthesizing module 'xpm_counter_updn__parameterized2' (0#1) [C:/Xilinx/Vivado/2023.2/data/ip/xpm/xpm_fifo/hdl/xpm_fifo.sv:1866]
INFO: [Synth 8-6157] synthesizing module 'xpm_counter_updn__parameterized3' [C:/Xilinx/Vivado/2023.2/data/ip/xpm/xpm_fifo/hdl/xpm_fifo.sv:1866]
INFO: [Synth 8-6155] done synthesizing module 'xpm_counter_updn__parameterized3' (0#1) [C:/Xilinx/Vivado/2023.2/data/ip/xpm/xpm_fifo/hdl/xpm_fifo.sv:1866]
INFO: [Synth 8-6155] done synthesizing module 'xpm_fifo_base' (0#1) [C:/Xilinx/Vivado/2023.2/data/ip/xpm/xpm_fifo/hdl/xpm_fifo.sv:53]
INFO: [Synth 8-6155] done synthesizing module 'xpm_fifo_sync' (0#1) [C:/Xilinx/Vivado/2023.2/data/ip/xpm/xpm_fifo/hdl/xpm_fifo.sv:1962]
INFO: [Synth 8-256] done synthesizing module 'sync_fifo_fg' (0#1) [h:/vivado_realtime_dma_zybo_z7_20/vivado_realtime_dma_zybo_z7_20.gen/sources_1/bd/realtime_dma_bd/ipshared/1531/hdl/lib_fifo_v1_0_rfs.vhd:2232]
INFO: [Synth 8-256] done synthesizing module 'axi_datamover_sfifo_autord' (0#1) [h:/vivado_realtime_dma_zybo_z7_20/vivado_realtime_dma_zybo_z7_20.gen/sources_1/bd/realtime_dma_bd/ipshared/d786/hdl/axi_datamover_v5_1_vh_rfs.vhd:1275]
INFO: [Synth 8-256] done synthesizing module 'axi_datamover_rd_sf' (0#1) [h:/vivado_realtime_dma_zybo_z7_20/vivado_realtime_dma_zybo_z7_20.gen/sources_1/bd/realtime_dma_bd/ipshared/d786/hdl/axi_datamover_v5_1_vh_rfs.vhd:20097]
INFO: [Synth 8-638] synthesizing module 'axi_datamover_skid_buf' [h:/vivado_realtime_dma_zybo_z7_20/vivado_realtime_dma_zybo_z7_20.gen/sources_1/bd/realtime_dma_bd/ipshared/d786/hdl/axi_datamover_v5_1_vh_rfs.vhd:19395]
INFO: [Synth 8-256] done synthesizing module 'axi_datamover_skid_buf' (0#1) [h:/vivado_realtime_dma_zybo_z7_20/vivado_realtime_dma_zybo_z7_20.gen/sources_1/bd/realtime_dma_bd/ipshared/d786/hdl/axi_datamover_v5_1_vh_rfs.vhd:19395]
INFO: [Synth 8-256] done synthesizing module 'axi_datamover_mm2s_full_wrap' (0#1) [h:/vivado_realtime_dma_zybo_z7_20/vivado_realtime_dma_zybo_z7_20.gen/sources_1/bd/realtime_dma_bd/ipshared/d786/hdl/axi_datamover_v5_1_vh_rfs.vhd:53340]
INFO: [Synth 8-638] synthesizing module 'axi_datamover_s2mm_full_wrap' [h:/vivado_realtime_dma_zybo_z7_20/vivado_realtime_dma_zybo_z7_20.gen/sources_1/bd/realtime_dma_bd/ipshared/d786/hdl/axi_datamover_v5_1_vh_rfs.vhd:49783]
INFO: [Synth 8-638] synthesizing module 'axi_datamover_cmd_status__parameterized0' [h:/vivado_realtime_dma_zybo_z7_20/vivado_realtime_dma_zybo_z7_20.gen/sources_1/bd/realtime_dma_bd/ipshared/d786/hdl/axi_datamover_v5_1_vh_rfs.vhd:2665]
INFO: [Synth 8-638] synthesizing module 'axi_datamover_fifo__parameterized4' [h:/vivado_realtime_dma_zybo_z7_20/vivado_realtime_dma_zybo_z7_20.gen/sources_1/bd/realtime_dma_bd/ipshared/d786/hdl/axi_datamover_v5_1_vh_rfs.vhd:1859]
INFO: [Synth 8-256] done synthesizing module 'axi_datamover_fifo__parameterized4' (0#1) [h:/vivado_realtime_dma_zybo_z7_20/vivado_realtime_dma_zybo_z7_20.gen/sources_1/bd/realtime_dma_bd/ipshared/d786/hdl/axi_datamover_v5_1_vh_rfs.vhd:1859]
INFO: [Synth 8-256] done synthesizing module 'axi_datamover_cmd_status__parameterized0' (0#1) [h:/vivado_realtime_dma_zybo_z7_20/vivado_realtime_dma_zybo_z7_20.gen/sources_1/bd/realtime_dma_bd/ipshared/d786/hdl/axi_datamover_v5_1_vh_rfs.vhd:2665]
INFO: [Synth 8-638] synthesizing module 'axi_datamover_wr_status_cntl' [h:/vivado_realtime_dma_zybo_z7_20/vivado_realtime_dma_zybo_z7_20.gen/sources_1/bd/realtime_dma_bd/ipshared/d786/hdl/axi_datamover_v5_1_vh_rfs.vhd:17611]
INFO: [Synth 8-638] synthesizing module 'axi_datamover_fifo__parameterized5' [h:/vivado_realtime_dma_zybo_z7_20/vivado_realtime_dma_zybo_z7_20.gen/sources_1/bd/realtime_dma_bd/ipshared/d786/hdl/axi_datamover_v5_1_vh_rfs.vhd:1859]
INFO: [Synth 8-638] synthesizing module 'srl_fifo_f__parameterized2' [h:/vivado_realtime_dma_zybo_z7_20/vivado_realtime_dma_zybo_z7_20.gen/sources_1/bd/realtime_dma_bd/ipshared/02c4/hdl/lib_srl_fifo_v1_0_rfs.vhd:777]
INFO: [Synth 8-638] synthesizing module 'srl_fifo_rbu_f__parameterized2' [h:/vivado_realtime_dma_zybo_z7_20/vivado_realtime_dma_zybo_z7_20.gen/sources_1/bd/realtime_dma_bd/ipshared/02c4/hdl/lib_srl_fifo_v1_0_rfs.vhd:538]
INFO: [Synth 8-638] synthesizing module 'cntr_incr_decr_addn_f__parameterized0' [h:/vivado_realtime_dma_zybo_z7_20/vivado_realtime_dma_zybo_z7_20.gen/sources_1/bd/realtime_dma_bd/ipshared/02c4/hdl/lib_srl_fifo_v1_0_rfs.vhd:134]
INFO: [Synth 8-256] done synthesizing module 'cntr_incr_decr_addn_f__parameterized0' (0#1) [h:/vivado_realtime_dma_zybo_z7_20/vivado_realtime_dma_zybo_z7_20.gen/sources_1/bd/realtime_dma_bd/ipshared/02c4/hdl/lib_srl_fifo_v1_0_rfs.vhd:134]
INFO: [Synth 8-638] synthesizing module 'dynshreg_f__parameterized2' [h:/vivado_realtime_dma_zybo_z7_20/vivado_realtime_dma_zybo_z7_20.gen/sources_1/bd/realtime_dma_bd/ipshared/02c4/hdl/lib_srl_fifo_v1_0_rfs.vhd:329]
INFO: [Synth 8-256] done synthesizing module 'dynshreg_f__parameterized2' (0#1) [h:/vivado_realtime_dma_zybo_z7_20/vivado_realtime_dma_zybo_z7_20.gen/sources_1/bd/realtime_dma_bd/ipshared/02c4/hdl/lib_srl_fifo_v1_0_rfs.vhd:329]
INFO: [Synth 8-256] done synthesizing module 'srl_fifo_rbu_f__parameterized2' (0#1) [h:/vivado_realtime_dma_zybo_z7_20/vivado_realtime_dma_zybo_z7_20.gen/sources_1/bd/realtime_dma_bd/ipshared/02c4/hdl/lib_srl_fifo_v1_0_rfs.vhd:538]
INFO: [Synth 8-256] done synthesizing module 'srl_fifo_f__parameterized2' (0#1) [h:/vivado_realtime_dma_zybo_z7_20/vivado_realtime_dma_zybo_z7_20.gen/sources_1/bd/realtime_dma_bd/ipshared/02c4/hdl/lib_srl_fifo_v1_0_rfs.vhd:777]
INFO: [Synth 8-256] done synthesizing module 'axi_datamover_fifo__parameterized5' (0#1) [h:/vivado_realtime_dma_zybo_z7_20/vivado_realtime_dma_zybo_z7_20.gen/sources_1/bd/realtime_dma_bd/ipshared/d786/hdl/axi_datamover_v5_1_vh_rfs.vhd:1859]
INFO: [Synth 8-638] synthesizing module 'axi_datamover_fifo__parameterized6' [h:/vivado_realtime_dma_zybo_z7_20/vivado_realtime_dma_zybo_z7_20.gen/sources_1/bd/realtime_dma_bd/ipshared/d786/hdl/axi_datamover_v5_1_vh_rfs.vhd:1859]
INFO: [Synth 8-638] synthesizing module 'srl_fifo_f__parameterized3' [h:/vivado_realtime_dma_zybo_z7_20/vivado_realtime_dma_zybo_z7_20.gen/sources_1/bd/realtime_dma_bd/ipshared/02c4/hdl/lib_srl_fifo_v1_0_rfs.vhd:777]
INFO: [Synth 8-638] synthesizing module 'srl_fifo_rbu_f__parameterized3' [h:/vivado_realtime_dma_zybo_z7_20/vivado_realtime_dma_zybo_z7_20.gen/sources_1/bd/realtime_dma_bd/ipshared/02c4/hdl/lib_srl_fifo_v1_0_rfs.vhd:538]
INFO: [Synth 8-638] synthesizing module 'dynshreg_f__parameterized3' [h:/vivado_realtime_dma_zybo_z7_20/vivado_realtime_dma_zybo_z7_20.gen/sources_1/bd/realtime_dma_bd/ipshared/02c4/hdl/lib_srl_fifo_v1_0_rfs.vhd:329]
INFO: [Synth 8-256] done synthesizing module 'dynshreg_f__parameterized3' (0#1) [h:/vivado_realtime_dma_zybo_z7_20/vivado_realtime_dma_zybo_z7_20.gen/sources_1/bd/realtime_dma_bd/ipshared/02c4/hdl/lib_srl_fifo_v1_0_rfs.vhd:329]
INFO: [Synth 8-256] done synthesizing module 'srl_fifo_rbu_f__parameterized3' (0#1) [h:/vivado_realtime_dma_zybo_z7_20/vivado_realtime_dma_zybo_z7_20.gen/sources_1/bd/realtime_dma_bd/ipshared/02c4/hdl/lib_srl_fifo_v1_0_rfs.vhd:538]
INFO: [Synth 8-256] done synthesizing module 'srl_fifo_f__parameterized3' (0#1) [h:/vivado_realtime_dma_zybo_z7_20/vivado_realtime_dma_zybo_z7_20.gen/sources_1/bd/realtime_dma_bd/ipshared/02c4/hdl/lib_srl_fifo_v1_0_rfs.vhd:777]
INFO: [Synth 8-256] done synthesizing module 'axi_datamover_fifo__parameterized6' (0#1) [h:/vivado_realtime_dma_zybo_z7_20/vivado_realtime_dma_zybo_z7_20.gen/sources_1/bd/realtime_dma_bd/ipshared/d786/hdl/axi_datamover_v5_1_vh_rfs.vhd:1859]
INFO: [Synth 8-256] done synthesizing module 'axi_datamover_wr_status_cntl' (0#1) [h:/vivado_realtime_dma_zybo_z7_20/vivado_realtime_dma_zybo_z7_20.gen/sources_1/bd/realtime_dma_bd/ipshared/d786/hdl/axi_datamover_v5_1_vh_rfs.vhd:17611]
INFO: [Synth 8-638] synthesizing module 'axi_datamover_ibttcc' [h:/vivado_realtime_dma_zybo_z7_20/vivado_realtime_dma_zybo_z7_20.gen/sources_1/bd/realtime_dma_bd/ipshared/d786/hdl/axi_datamover_v5_1_vh_rfs.vhd:25596]
INFO: [Synth 8-256] done synthesizing module 'axi_datamover_ibttcc' (0#1) [h:/vivado_realtime_dma_zybo_z7_20/vivado_realtime_dma_zybo_z7_20.gen/sources_1/bd/realtime_dma_bd/ipshared/d786/hdl/axi_datamover_v5_1_vh_rfs.vhd:25596]
INFO: [Synth 8-638] synthesizing module 'axi_datamover_s2mm_realign' [h:/vivado_realtime_dma_zybo_z7_20/vivado_realtime_dma_zybo_z7_20.gen/sources_1/bd/realtime_dma_bd/ipshared/d786/hdl/axi_datamover_v5_1_vh_rfs.vhd:46815]
INFO: [Synth 8-638] synthesizing module 'axi_datamover_fifo__parameterized7' [h:/vivado_realtime_dma_zybo_z7_20/vivado_realtime_dma_zybo_z7_20.gen/sources_1/bd/realtime_dma_bd/ipshared/d786/hdl/axi_datamover_v5_1_vh_rfs.vhd:1859]
INFO: [Synth 8-638] synthesizing module 'srl_fifo_f__parameterized4' [h:/vivado_realtime_dma_zybo_z7_20/vivado_realtime_dma_zybo_z7_20.gen/sources_1/bd/realtime_dma_bd/ipshared/02c4/hdl/lib_srl_fifo_v1_0_rfs.vhd:777]
INFO: [Synth 8-638] synthesizing module 'srl_fifo_rbu_f__parameterized4' [h:/vivado_realtime_dma_zybo_z7_20/vivado_realtime_dma_zybo_z7_20.gen/sources_1/bd/realtime_dma_bd/ipshared/02c4/hdl/lib_srl_fifo_v1_0_rfs.vhd:538]
INFO: [Synth 8-638] synthesizing module 'dynshreg_f__parameterized4' [h:/vivado_realtime_dma_zybo_z7_20/vivado_realtime_dma_zybo_z7_20.gen/sources_1/bd/realtime_dma_bd/ipshared/02c4/hdl/lib_srl_fifo_v1_0_rfs.vhd:329]
INFO: [Synth 8-256] done synthesizing module 'dynshreg_f__parameterized4' (0#1) [h:/vivado_realtime_dma_zybo_z7_20/vivado_realtime_dma_zybo_z7_20.gen/sources_1/bd/realtime_dma_bd/ipshared/02c4/hdl/lib_srl_fifo_v1_0_rfs.vhd:329]
INFO: [Synth 8-256] done synthesizing module 'srl_fifo_rbu_f__parameterized4' (0#1) [h:/vivado_realtime_dma_zybo_z7_20/vivado_realtime_dma_zybo_z7_20.gen/sources_1/bd/realtime_dma_bd/ipshared/02c4/hdl/lib_srl_fifo_v1_0_rfs.vhd:538]
INFO: [Synth 8-256] done synthesizing module 'srl_fifo_f__parameterized4' (0#1) [h:/vivado_realtime_dma_zybo_z7_20/vivado_realtime_dma_zybo_z7_20.gen/sources_1/bd/realtime_dma_bd/ipshared/02c4/hdl/lib_srl_fifo_v1_0_rfs.vhd:777]
INFO: [Synth 8-256] done synthesizing module 'axi_datamover_fifo__parameterized7' (0#1) [h:/vivado_realtime_dma_zybo_z7_20/vivado_realtime_dma_zybo_z7_20.gen/sources_1/bd/realtime_dma_bd/ipshared/d786/hdl/axi_datamover_v5_1_vh_rfs.vhd:1859]
INFO: [Synth 8-638] synthesizing module 'axi_datamover_s2mm_scatter' [h:/vivado_realtime_dma_zybo_z7_20/vivado_realtime_dma_zybo_z7_20.gen/sources_1/bd/realtime_dma_bd/ipshared/d786/hdl/axi_datamover_v5_1_vh_rfs.vhd:44927]
INFO: [Synth 8-638] synthesizing module 'axi_datamover_mssai_skid_buf' [h:/vivado_realtime_dma_zybo_z7_20/vivado_realtime_dma_zybo_z7_20.gen/sources_1/bd/realtime_dma_bd/ipshared/d786/hdl/axi_datamover_v5_1_vh_rfs.vhd:43984]
INFO: [Synth 8-638] synthesizing module 'axi_datamover_ms_strb_set' [h:/vivado_realtime_dma_zybo_z7_20/vivado_realtime_dma_zybo_z7_20.gen/sources_1/bd/realtime_dma_bd/ipshared/d786/hdl/axi_datamover_v5_1_vh_rfs.vhd:42426]
INFO: [Synth 8-256] done synthesizing module 'axi_datamover_ms_strb_set' (0#1) [h:/vivado_realtime_dma_zybo_z7_20/vivado_realtime_dma_zybo_z7_20.gen/sources_1/bd/realtime_dma_bd/ipshared/d786/hdl/axi_datamover_v5_1_vh_rfs.vhd:42426]
INFO: [Synth 8-256] done synthesizing module 'axi_datamover_mssai_skid_buf' (0#1) [h:/vivado_realtime_dma_zybo_z7_20/vivado_realtime_dma_zybo_z7_20.gen/sources_1/bd/realtime_dma_bd/ipshared/d786/hdl/axi_datamover_v5_1_vh_rfs.vhd:43984]
INFO: [Synth 8-638] synthesizing module 'axi_datamover_strb_gen2__parameterized1' [h:/vivado_realtime_dma_zybo_z7_20/vivado_realtime_dma_zybo_z7_20.gen/sources_1/bd/realtime_dma_bd/ipshared/d786/hdl/axi_datamover_v5_1_vh_rfs.vhd:4297]
INFO: [Synth 8-256] done synthesizing module 'axi_datamover_strb_gen2__parameterized1' (0#1) [h:/vivado_realtime_dma_zybo_z7_20/vivado_realtime_dma_zybo_z7_20.gen/sources_1/bd/realtime_dma_bd/ipshared/d786/hdl/axi_datamover_v5_1_vh_rfs.vhd:4297]
INFO: [Synth 8-638] synthesizing module 'axi_datamover_slice' [h:/vivado_realtime_dma_zybo_z7_20/vivado_realtime_dma_zybo_z7_20.gen/sources_1/bd/realtime_dma_bd/ipshared/d786/hdl/axi_datamover_v5_1_vh_rfs.vhd:44672]
INFO: [Synth 8-256] done synthesizing module 'axi_datamover_slice' (0#1) [h:/vivado_realtime_dma_zybo_z7_20/vivado_realtime_dma_zybo_z7_20.gen/sources_1/bd/realtime_dma_bd/ipshared/d786/hdl/axi_datamover_v5_1_vh_rfs.vhd:44672]
INFO: [Synth 8-638] synthesizing module 'axi_datamover_fifo__parameterized8' [h:/vivado_realtime_dma_zybo_z7_20/vivado_realtime_dma_zybo_z7_20.gen/sources_1/bd/realtime_dma_bd/ipshared/d786/hdl/axi_datamover_v5_1_vh_rfs.vhd:1859]
INFO: [Synth 8-638] synthesizing module 'srl_fifo_f__parameterized5' [h:/vivado_realtime_dma_zybo_z7_20/vivado_realtime_dma_zybo_z7_20.gen/sources_1/bd/realtime_dma_bd/ipshared/02c4/hdl/lib_srl_fifo_v1_0_rfs.vhd:777]
INFO: [Synth 8-638] synthesizing module 'srl_fifo_rbu_f__parameterized5' [h:/vivado_realtime_dma_zybo_z7_20/vivado_realtime_dma_zybo_z7_20.gen/sources_1/bd/realtime_dma_bd/ipshared/02c4/hdl/lib_srl_fifo_v1_0_rfs.vhd:538]
INFO: [Synth 8-638] synthesizing module 'cntr_incr_decr_addn_f__parameterized1' [h:/vivado_realtime_dma_zybo_z7_20/vivado_realtime_dma_zybo_z7_20.gen/sources_1/bd/realtime_dma_bd/ipshared/02c4/hdl/lib_srl_fifo_v1_0_rfs.vhd:134]
INFO: [Synth 8-256] done synthesizing module 'cntr_incr_decr_addn_f__parameterized1' (0#1) [h:/vivado_realtime_dma_zybo_z7_20/vivado_realtime_dma_zybo_z7_20.gen/sources_1/bd/realtime_dma_bd/ipshared/02c4/hdl/lib_srl_fifo_v1_0_rfs.vhd:134]
INFO: [Synth 8-638] synthesizing module 'dynshreg_f__parameterized5' [h:/vivado_realtime_dma_zybo_z7_20/vivado_realtime_dma_zybo_z7_20.gen/sources_1/bd/realtime_dma_bd/ipshared/02c4/hdl/lib_srl_fifo_v1_0_rfs.vhd:329]
INFO: [Synth 8-256] done synthesizing module 'dynshreg_f__parameterized5' (0#1) [h:/vivado_realtime_dma_zybo_z7_20/vivado_realtime_dma_zybo_z7_20.gen/sources_1/bd/realtime_dma_bd/ipshared/02c4/hdl/lib_srl_fifo_v1_0_rfs.vhd:329]
INFO: [Synth 8-256] done synthesizing module 'srl_fifo_rbu_f__parameterized5' (0#1) [h:/vivado_realtime_dma_zybo_z7_20/vivado_realtime_dma_zybo_z7_20.gen/sources_1/bd/realtime_dma_bd/ipshared/02c4/hdl/lib_srl_fifo_v1_0_rfs.vhd:538]
INFO: [Synth 8-256] done synthesizing module 'srl_fifo_f__parameterized5' (0#1) [h:/vivado_realtime_dma_zybo_z7_20/vivado_realtime_dma_zybo_z7_20.gen/sources_1/bd/realtime_dma_bd/ipshared/02c4/hdl/lib_srl_fifo_v1_0_rfs.vhd:777]
INFO: [Synth 8-256] done synthesizing module 'axi_datamover_fifo__parameterized8' (0#1) [h:/vivado_realtime_dma_zybo_z7_20/vivado_realtime_dma_zybo_z7_20.gen/sources_1/bd/realtime_dma_bd/ipshared/d786/hdl/axi_datamover_v5_1_vh_rfs.vhd:1859]
INFO: [Synth 8-256] done synthesizing module 'axi_datamover_s2mm_scatter' (0#1) [h:/vivado_realtime_dma_zybo_z7_20/vivado_realtime_dma_zybo_z7_20.gen/sources_1/bd/realtime_dma_bd/ipshared/d786/hdl/axi_datamover_v5_1_vh_rfs.vhd:44927]
INFO: [Synth 8-256] done synthesizing module 'axi_datamover_s2mm_realign' (0#1) [h:/vivado_realtime_dma_zybo_z7_20/vivado_realtime_dma_zybo_z7_20.gen/sources_1/bd/realtime_dma_bd/ipshared/d786/hdl/axi_datamover_v5_1_vh_rfs.vhd:46815]
INFO: [Synth 8-638] synthesizing module 'axi_datamover_indet_btt' [h:/vivado_realtime_dma_zybo_z7_20/vivado_realtime_dma_zybo_z7_20.gen/sources_1/bd/realtime_dma_bd/ipshared/d786/hdl/axi_datamover_v5_1_vh_rfs.vhd:28289]
INFO: [Synth 8-638] synthesizing module 'axi_datamover_stbs_set' [h:/vivado_realtime_dma_zybo_z7_20/vivado_realtime_dma_zybo_z7_20.gen/sources_1/bd/realtime_dma_bd/ipshared/d786/hdl/axi_datamover_v5_1_vh_rfs.vhd:23287]
INFO: [Synth 8-256] done synthesizing module 'axi_datamover_stbs_set' (0#1) [h:/vivado_realtime_dma_zybo_z7_20/vivado_realtime_dma_zybo_z7_20.gen/sources_1/bd/realtime_dma_bd/ipshared/d786/hdl/axi_datamover_v5_1_vh_rfs.vhd:23287]
INFO: [Synth 8-638] synthesizing module 'axi_datamover_sfifo_autord__parameterized0' [h:/vivado_realtime_dma_zybo_z7_20/vivado_realtime_dma_zybo_z7_20.gen/sources_1/bd/realtime_dma_bd/ipshared/d786/hdl/axi_datamover_v5_1_vh_rfs.vhd:1275]
INFO: [Synth 8-638] synthesizing module 'sync_fifo_fg__parameterized0' [h:/vivado_realtime_dma_zybo_z7_20/vivado_realtime_dma_zybo_z7_20.gen/sources_1/bd/realtime_dma_bd/ipshared/1531/hdl/lib_fifo_v1_0_rfs.vhd:2232]
	Parameter FIFO_MEMORY_TYPE bound to: auto - type: string 
	Parameter FIFO_WRITE_DEPTH bound to: 16 - type: integer 
	Parameter WRITE_DATA_WIDTH bound to: 9 - type: integer 
	Parameter READ_MODE bound to: fwft - type: string 
	Parameter FIFO_READ_LATENCY bound to: 0 - type: integer 
	Parameter FULL_RESET_VALUE bound to: 1 - type: integer 
	Parameter USE_ADV_FEATURES bound to: 1F1F - type: string 
	Parameter READ_DATA_WIDTH bound to: 9 - type: integer 
	Parameter WR_DATA_COUNT_WIDTH bound to: 5 - type: integer 
	Parameter PROG_FULL_THRESH bound to: 10 - type: integer 
	Parameter RD_DATA_COUNT_WIDTH bound to: 4 - type: integer 
	Parameter PROG_EMPTY_THRESH bound to: 10 - type: integer 
	Parameter DOUT_RESET_VALUE bound to: 0 - type: string 
	Parameter ECC_MODE bound to: no_ecc - type: string 
	Parameter WAKEUP_TIME bound to: 0 - type: integer 
INFO: [Synth 8-3491] module 'xpm_fifo_sync' declared at 'C:/Xilinx/Vivado/2023.2/data/ip/xpm/xpm_fifo/hdl/xpm_fifo.sv:1962' bound to instance 'xpm_fifo_sync_inst' of component 'xpm_fifo_sync' [h:/vivado_realtime_dma_zybo_z7_20/vivado_realtime_dma_zybo_z7_20.gen/sources_1/bd/realtime_dma_bd/ipshared/1531/hdl/lib_fifo_v1_0_rfs.vhd:2609]
INFO: [Synth 8-6157] synthesizing module 'xpm_fifo_sync__parameterized1' [C:/Xilinx/Vivado/2023.2/data/ip/xpm/xpm_fifo/hdl/xpm_fifo.sv:1962]
INFO: [Synth 8-6157] synthesizing module 'xpm_fifo_base__parameterized0' [C:/Xilinx/Vivado/2023.2/data/ip/xpm/xpm_fifo/hdl/xpm_fifo.sv:53]
INFO: [Synth 8-6157] synthesizing module 'xpm_counter_updn__parameterized4' [C:/Xilinx/Vivado/2023.2/data/ip/xpm/xpm_fifo/hdl/xpm_fifo.sv:1866]
INFO: [Synth 8-6155] done synthesizing module 'xpm_counter_updn__parameterized4' (0#1) [C:/Xilinx/Vivado/2023.2/data/ip/xpm/xpm_fifo/hdl/xpm_fifo.sv:1866]
INFO: [Synth 8-6157] synthesizing module 'xpm_counter_updn__parameterized5' [C:/Xilinx/Vivado/2023.2/data/ip/xpm/xpm_fifo/hdl/xpm_fifo.sv:1866]
INFO: [Synth 8-6155] done synthesizing module 'xpm_counter_updn__parameterized5' (0#1) [C:/Xilinx/Vivado/2023.2/data/ip/xpm/xpm_fifo/hdl/xpm_fifo.sv:1866]
INFO: [Synth 8-6157] synthesizing module 'xpm_memory_base__parameterized0' [C:/Xilinx/Vivado/2023.2/data/ip/xpm/xpm_memory/hdl/xpm_memory.sv:54]
INFO: [Synth 8-6059] Synth Info: [XPM_MEMORY 20-1] MEMORY_PRIMITIVE (0) instructs Vivado Synthesis to choose the memory primitive type. Depending on their values, other XPM_MEMORY parameters may preclude the choice of certain memory primitive types. Review XPM_MEMORY documentation and parameter values to understand any limitations, or set MEMORY_PRIMITIVE to a different value.   [C:/Xilinx/Vivado/2023.2/data/ip/xpm/xpm_memory/hdl/xpm_memory.sv:506]
INFO: [Synth 8-6155] done synthesizing module 'xpm_memory_base__parameterized0' (0#1) [C:/Xilinx/Vivado/2023.2/data/ip/xpm/xpm_memory/hdl/xpm_memory.sv:54]
INFO: [Synth 8-226] default block is never used [C:/Xilinx/Vivado/2023.2/data/ip/xpm/xpm_fifo/hdl/xpm_fifo.sv:1214]
INFO: [Synth 8-226] default block is never used [C:/Xilinx/Vivado/2023.2/data/ip/xpm/xpm_fifo/hdl/xpm_fifo.sv:1281]
INFO: [Synth 8-226] default block is never used [C:/Xilinx/Vivado/2023.2/data/ip/xpm/xpm_fifo/hdl/xpm_fifo.sv:1303]
INFO: [Synth 8-6157] synthesizing module 'xpm_counter_updn__parameterized6' [C:/Xilinx/Vivado/2023.2/data/ip/xpm/xpm_fifo/hdl/xpm_fifo.sv:1866]
INFO: [Synth 8-6155] done synthesizing module 'xpm_counter_updn__parameterized6' (0#1) [C:/Xilinx/Vivado/2023.2/data/ip/xpm/xpm_fifo/hdl/xpm_fifo.sv:1866]
INFO: [Synth 8-6157] synthesizing module 'xpm_counter_updn__parameterized7' [C:/Xilinx/Vivado/2023.2/data/ip/xpm/xpm_fifo/hdl/xpm_fifo.sv:1866]
INFO: [Synth 8-6155] done synthesizing module 'xpm_counter_updn__parameterized7' (0#1) [C:/Xilinx/Vivado/2023.2/data/ip/xpm/xpm_fifo/hdl/xpm_fifo.sv:1866]
INFO: [Synth 8-6155] done synthesizing module 'xpm_fifo_base__parameterized0' (0#1) [C:/Xilinx/Vivado/2023.2/data/ip/xpm/xpm_fifo/hdl/xpm_fifo.sv:53]
INFO: [Synth 8-6155] done synthesizing module 'xpm_fifo_sync__parameterized1' (0#1) [C:/Xilinx/Vivado/2023.2/data/ip/xpm/xpm_fifo/hdl/xpm_fifo.sv:1962]
INFO: [Synth 8-256] done synthesizing module 'sync_fifo_fg__parameterized0' (0#1) [h:/vivado_realtime_dma_zybo_z7_20/vivado_realtime_dma_zybo_z7_20.gen/sources_1/bd/realtime_dma_bd/ipshared/1531/hdl/lib_fifo_v1_0_rfs.vhd:2232]
INFO: [Synth 8-256] done synthesizing module 'axi_datamover_sfifo_autord__parameterized0' (0#1) [h:/vivado_realtime_dma_zybo_z7_20/vivado_realtime_dma_zybo_z7_20.gen/sources_1/bd/realtime_dma_bd/ipshared/d786/hdl/axi_datamover_v5_1_vh_rfs.vhd:1275]
INFO: [Synth 8-638] synthesizing module 'axi_datamover_sfifo_autord__parameterized1' [h:/vivado_realtime_dma_zybo_z7_20/vivado_realtime_dma_zybo_z7_20.gen/sources_1/bd/realtime_dma_bd/ipshared/d786/hdl/axi_datamover_v5_1_vh_rfs.vhd:1275]
INFO: [Synth 8-638] synthesizing module 'sync_fifo_fg__parameterized1' [h:/vivado_realtime_dma_zybo_z7_20/vivado_realtime_dma_zybo_z7_20.gen/sources_1/bd/realtime_dma_bd/ipshared/1531/hdl/lib_fifo_v1_0_rfs.vhd:2232]
	Parameter FIFO_MEMORY_TYPE bound to: block - type: string 
	Parameter FIFO_WRITE_DEPTH bound to: 128 - type: integer 
	Parameter WRITE_DATA_WIDTH bound to: 38 - type: integer 
	Parameter READ_MODE bound to: fwft - type: string 
	Parameter FIFO_READ_LATENCY bound to: 0 - type: integer 
	Parameter FULL_RESET_VALUE bound to: 1 - type: integer 
	Parameter USE_ADV_FEATURES bound to: 1F1F - type: string 
	Parameter READ_DATA_WIDTH bound to: 38 - type: integer 
	Parameter WR_DATA_COUNT_WIDTH bound to: 8 - type: integer 
	Parameter PROG_FULL_THRESH bound to: 10 - type: integer 
	Parameter RD_DATA_COUNT_WIDTH bound to: 4 - type: integer 
	Parameter PROG_EMPTY_THRESH bound to: 10 - type: integer 
	Parameter DOUT_RESET_VALUE bound to: 0 - type: string 
	Parameter ECC_MODE bound to: no_ecc - type: string 
	Parameter WAKEUP_TIME bound to: 0 - type: integer 
INFO: [Synth 8-3491] module 'xpm_fifo_sync' declared at 'C:/Xilinx/Vivado/2023.2/data/ip/xpm/xpm_fifo/hdl/xpm_fifo.sv:1962' bound to instance 'xpm_fifo_sync_inst' of component 'xpm_fifo_sync' [h:/vivado_realtime_dma_zybo_z7_20/vivado_realtime_dma_zybo_z7_20.gen/sources_1/bd/realtime_dma_bd/ipshared/1531/hdl/lib_fifo_v1_0_rfs.vhd:2609]
INFO: [Synth 8-6157] synthesizing module 'xpm_fifo_sync__parameterized3' [C:/Xilinx/Vivado/2023.2/data/ip/xpm/xpm_fifo/hdl/xpm_fifo.sv:1962]
INFO: [Synth 8-6157] synthesizing module 'xpm_fifo_base__parameterized1' [C:/Xilinx/Vivado/2023.2/data/ip/xpm/xpm_fifo/hdl/xpm_fifo.sv:53]
INFO: [Synth 8-6157] synthesizing module 'xpm_memory_base__parameterized1' [C:/Xilinx/Vivado/2023.2/data/ip/xpm/xpm_memory/hdl/xpm_memory.sv:54]
INFO: [Synth 8-6155] done synthesizing module 'xpm_memory_base__parameterized1' (0#1) [C:/Xilinx/Vivado/2023.2/data/ip/xpm/xpm_memory/hdl/xpm_memory.sv:54]
INFO: [Synth 8-226] default block is never used [C:/Xilinx/Vivado/2023.2/data/ip/xpm/xpm_fifo/hdl/xpm_fifo.sv:1214]
INFO: [Synth 8-226] default block is never used [C:/Xilinx/Vivado/2023.2/data/ip/xpm/xpm_fifo/hdl/xpm_fifo.sv:1281]
INFO: [Synth 8-226] default block is never used [C:/Xilinx/Vivado/2023.2/data/ip/xpm/xpm_fifo/hdl/xpm_fifo.sv:1303]
INFO: [Synth 8-6155] done synthesizing module 'xpm_fifo_base__parameterized1' (0#1) [C:/Xilinx/Vivado/2023.2/data/ip/xpm/xpm_fifo/hdl/xpm_fifo.sv:53]
INFO: [Synth 8-6155] done synthesizing module 'xpm_fifo_sync__parameterized3' (0#1) [C:/Xilinx/Vivado/2023.2/data/ip/xpm/xpm_fifo/hdl/xpm_fifo.sv:1962]
INFO: [Synth 8-256] done synthesizing module 'sync_fifo_fg__parameterized1' (0#1) [h:/vivado_realtime_dma_zybo_z7_20/vivado_realtime_dma_zybo_z7_20.gen/sources_1/bd/realtime_dma_bd/ipshared/1531/hdl/lib_fifo_v1_0_rfs.vhd:2232]
INFO: [Synth 8-256] done synthesizing module 'axi_datamover_sfifo_autord__parameterized1' (0#1) [h:/vivado_realtime_dma_zybo_z7_20/vivado_realtime_dma_zybo_z7_20.gen/sources_1/bd/realtime_dma_bd/ipshared/d786/hdl/axi_datamover_v5_1_vh_rfs.vhd:1275]
INFO: [Synth 8-638] synthesizing module 'axi_datamover_stbs_set__parameterized0' [h:/vivado_realtime_dma_zybo_z7_20/vivado_realtime_dma_zybo_z7_20.gen/sources_1/bd/realtime_dma_bd/ipshared/d786/hdl/axi_datamover_v5_1_vh_rfs.vhd:23287]
INFO: [Synth 8-256] done synthesizing module 'axi_datamover_stbs_set__parameterized0' (0#1) [h:/vivado_realtime_dma_zybo_z7_20/vivado_realtime_dma_zybo_z7_20.gen/sources_1/bd/realtime_dma_bd/ipshared/d786/hdl/axi_datamover_v5_1_vh_rfs.vhd:23287]
INFO: [Synth 8-638] synthesizing module 'axi_datamover_skid_buf__parameterized0' [h:/vivado_realtime_dma_zybo_z7_20/vivado_realtime_dma_zybo_z7_20.gen/sources_1/bd/realtime_dma_bd/ipshared/d786/hdl/axi_datamover_v5_1_vh_rfs.vhd:19395]
INFO: [Synth 8-256] done synthesizing module 'axi_datamover_skid_buf__parameterized0' (0#1) [h:/vivado_realtime_dma_zybo_z7_20/vivado_realtime_dma_zybo_z7_20.gen/sources_1/bd/realtime_dma_bd/ipshared/d786/hdl/axi_datamover_v5_1_vh_rfs.vhd:19395]
INFO: [Synth 8-256] done synthesizing module 'axi_datamover_indet_btt' (0#1) [h:/vivado_realtime_dma_zybo_z7_20/vivado_realtime_dma_zybo_z7_20.gen/sources_1/bd/realtime_dma_bd/ipshared/d786/hdl/axi_datamover_v5_1_vh_rfs.vhd:28289]
INFO: [Synth 8-638] synthesizing module 'axi_datamover_addr_cntl__parameterized0' [h:/vivado_realtime_dma_zybo_z7_20/vivado_realtime_dma_zybo_z7_20.gen/sources_1/bd/realtime_dma_bd/ipshared/d786/hdl/axi_datamover_v5_1_vh_rfs.vhd:9943]
INFO: [Synth 8-256] done synthesizing module 'axi_datamover_addr_cntl__parameterized0' (0#1) [h:/vivado_realtime_dma_zybo_z7_20/vivado_realtime_dma_zybo_z7_20.gen/sources_1/bd/realtime_dma_bd/ipshared/d786/hdl/axi_datamover_v5_1_vh_rfs.vhd:9943]
INFO: [Synth 8-638] synthesizing module 'axi_datamover_wrdata_cntl' [h:/vivado_realtime_dma_zybo_z7_20/vivado_realtime_dma_zybo_z7_20.gen/sources_1/bd/realtime_dma_bd/ipshared/d786/hdl/axi_datamover_v5_1_vh_rfs.vhd:15587]
INFO: [Synth 8-638] synthesizing module 'axi_datamover_fifo__parameterized9' [h:/vivado_realtime_dma_zybo_z7_20/vivado_realtime_dma_zybo_z7_20.gen/sources_1/bd/realtime_dma_bd/ipshared/d786/hdl/axi_datamover_v5_1_vh_rfs.vhd:1859]
INFO: [Synth 8-638] synthesizing module 'srl_fifo_f__parameterized6' [h:/vivado_realtime_dma_zybo_z7_20/vivado_realtime_dma_zybo_z7_20.gen/sources_1/bd/realtime_dma_bd/ipshared/02c4/hdl/lib_srl_fifo_v1_0_rfs.vhd:777]
INFO: [Synth 8-638] synthesizing module 'srl_fifo_rbu_f__parameterized6' [h:/vivado_realtime_dma_zybo_z7_20/vivado_realtime_dma_zybo_z7_20.gen/sources_1/bd/realtime_dma_bd/ipshared/02c4/hdl/lib_srl_fifo_v1_0_rfs.vhd:538]
INFO: [Synth 8-638] synthesizing module 'dynshreg_f__parameterized6' [h:/vivado_realtime_dma_zybo_z7_20/vivado_realtime_dma_zybo_z7_20.gen/sources_1/bd/realtime_dma_bd/ipshared/02c4/hdl/lib_srl_fifo_v1_0_rfs.vhd:329]
INFO: [Synth 8-256] done synthesizing module 'dynshreg_f__parameterized6' (0#1) [h:/vivado_realtime_dma_zybo_z7_20/vivado_realtime_dma_zybo_z7_20.gen/sources_1/bd/realtime_dma_bd/ipshared/02c4/hdl/lib_srl_fifo_v1_0_rfs.vhd:329]
INFO: [Synth 8-256] done synthesizing module 'srl_fifo_rbu_f__parameterized6' (0#1) [h:/vivado_realtime_dma_zybo_z7_20/vivado_realtime_dma_zybo_z7_20.gen/sources_1/bd/realtime_dma_bd/ipshared/02c4/hdl/lib_srl_fifo_v1_0_rfs.vhd:538]
INFO: [Synth 8-256] done synthesizing module 'srl_fifo_f__parameterized6' (0#1) [h:/vivado_realtime_dma_zybo_z7_20/vivado_realtime_dma_zybo_z7_20.gen/sources_1/bd/realtime_dma_bd/ipshared/02c4/hdl/lib_srl_fifo_v1_0_rfs.vhd:777]
INFO: [Synth 8-256] done synthesizing module 'axi_datamover_fifo__parameterized9' (0#1) [h:/vivado_realtime_dma_zybo_z7_20/vivado_realtime_dma_zybo_z7_20.gen/sources_1/bd/realtime_dma_bd/ipshared/d786/hdl/axi_datamover_v5_1_vh_rfs.vhd:1859]
INFO: [Synth 8-256] done synthesizing module 'axi_datamover_wrdata_cntl' (0#1) [h:/vivado_realtime_dma_zybo_z7_20/vivado_realtime_dma_zybo_z7_20.gen/sources_1/bd/realtime_dma_bd/ipshared/d786/hdl/axi_datamover_v5_1_vh_rfs.vhd:15587]
INFO: [Synth 8-638] synthesizing module 'axi_datamover_skid2mm_buf' [h:/vivado_realtime_dma_zybo_z7_20/vivado_realtime_dma_zybo_z7_20.gen/sources_1/bd/realtime_dma_bd/ipshared/d786/hdl/axi_datamover_v5_1_vh_rfs.vhd:18899]
INFO: [Synth 8-638] synthesizing module 'axi_datamover_wr_demux' [h:/vivado_realtime_dma_zybo_z7_20/vivado_realtime_dma_zybo_z7_20.gen/sources_1/bd/realtime_dma_bd/ipshared/d786/hdl/axi_datamover_v5_1_vh_rfs.vhd:14036]
INFO: [Synth 8-256] done synthesizing module 'axi_datamover_wr_demux' (0#1) [h:/vivado_realtime_dma_zybo_z7_20/vivado_realtime_dma_zybo_z7_20.gen/sources_1/bd/realtime_dma_bd/ipshared/d786/hdl/axi_datamover_v5_1_vh_rfs.vhd:14036]
INFO: [Synth 8-256] done synthesizing module 'axi_datamover_skid2mm_buf' (0#1) [h:/vivado_realtime_dma_zybo_z7_20/vivado_realtime_dma_zybo_z7_20.gen/sources_1/bd/realtime_dma_bd/ipshared/d786/hdl/axi_datamover_v5_1_vh_rfs.vhd:18899]
INFO: [Synth 8-256] done synthesizing module 'axi_datamover_s2mm_full_wrap' (0#1) [h:/vivado_realtime_dma_zybo_z7_20/vivado_realtime_dma_zybo_z7_20.gen/sources_1/bd/realtime_dma_bd/ipshared/d786/hdl/axi_datamover_v5_1_vh_rfs.vhd:49783]
INFO: [Synth 8-256] done synthesizing module 'axi_datamover' (0#1) [h:/vivado_realtime_dma_zybo_z7_20/vivado_realtime_dma_zybo_z7_20.gen/sources_1/bd/realtime_dma_bd/ipshared/d786/hdl/axi_datamover_v5_1_vh_rfs.vhd:55201]
INFO: [Synth 8-256] done synthesizing module 'axi_dma' (0#1) [h:/vivado_realtime_dma_zybo_z7_20/vivado_realtime_dma_zybo_z7_20.gen/sources_1/bd/realtime_dma_bd/ipshared/ddec/hdl/axi_dma_v7_1_vh_rfs.vhd:22149]
INFO: [Synth 8-256] done synthesizing module 'realtime_dma_bd_axi_dma0_0' (0#1) [h:/vivado_realtime_dma_zybo_z7_20/vivado_realtime_dma_zybo_z7_20.gen/sources_1/bd/realtime_dma_bd/ip/realtime_dma_bd_axi_dma0_0/synth/realtime_dma_bd_axi_dma0_0.vhd:128]
WARNING: [Synth 8-7071] port 'mm2s_prmry_reset_out_n' of module 'realtime_dma_bd_axi_dma0_0' is unconnected for instance 'axi_dma0' [H:/vivado_realtime_dma_zybo_z7_20/vivado_realtime_dma_zybo_z7_20.gen/sources_1/bd/realtime_dma_bd/synth/realtime_dma_bd.v:277]
WARNING: [Synth 8-7071] port 's2mm_prmry_reset_out_n' of module 'realtime_dma_bd_axi_dma0_0' is unconnected for instance 'axi_dma0' [H:/vivado_realtime_dma_zybo_z7_20/vivado_realtime_dma_zybo_z7_20.gen/sources_1/bd/realtime_dma_bd/synth/realtime_dma_bd.v:277]
WARNING: [Synth 8-7071] port 'mm2s_introut' of module 'realtime_dma_bd_axi_dma0_0' is unconnected for instance 'axi_dma0' [H:/vivado_realtime_dma_zybo_z7_20/vivado_realtime_dma_zybo_z7_20.gen/sources_1/bd/realtime_dma_bd/synth/realtime_dma_bd.v:277]
WARNING: [Synth 8-7071] port 's2mm_introut' of module 'realtime_dma_bd_axi_dma0_0' is unconnected for instance 'axi_dma0' [H:/vivado_realtime_dma_zybo_z7_20/vivado_realtime_dma_zybo_z7_20.gen/sources_1/bd/realtime_dma_bd/synth/realtime_dma_bd.v:277]
WARNING: [Synth 8-7071] port 'axi_dma_tstvec' of module 'realtime_dma_bd_axi_dma0_0' is unconnected for instance 'axi_dma0' [H:/vivado_realtime_dma_zybo_z7_20/vivado_realtime_dma_zybo_z7_20.gen/sources_1/bd/realtime_dma_bd/synth/realtime_dma_bd.v:277]
WARNING: [Synth 8-7023] instance 'axi_dma0' of module 'realtime_dma_bd_axi_dma0_0' has 64 connections declared, but only 59 given [H:/vivado_realtime_dma_zybo_z7_20/vivado_realtime_dma_zybo_z7_20.gen/sources_1/bd/realtime_dma_bd/synth/realtime_dma_bd.v:277]
INFO: [Synth 8-638] synthesizing module 'realtime_dma_bd_axi_dma1_0' [h:/vivado_realtime_dma_zybo_z7_20/vivado_realtime_dma_zybo_z7_20.gen/sources_1/bd/realtime_dma_bd/ip/realtime_dma_bd_axi_dma1_0/synth/realtime_dma_bd_axi_dma1_0.vhd:104]
	Parameter C_S_AXI_LITE_ADDR_WIDTH bound to: 10 - type: integer 
	Parameter C_S_AXI_LITE_DATA_WIDTH bound to: 32 - type: integer 
	Parameter C_DLYTMR_RESOLUTION bound to: 125 - type: integer 
	Parameter C_PRMRY_IS_ACLK_ASYNC bound to: 0 - type: integer 
	Parameter C_ENABLE_MULTI_CHANNEL bound to: 0 - type: integer 
	Parameter C_NUM_MM2S_CHANNELS bound to: 1 - type: integer 
	Parameter C_NUM_S2MM_CHANNELS bound to: 1 - type: integer 
	Parameter C_INCLUDE_SG bound to: 0 - type: integer 
	Parameter C_SG_INCLUDE_STSCNTRL_STRM bound to: 0 - type: integer 
	Parameter C_SG_USE_STSAPP_LENGTH bound to: 0 - type: integer 
	Parameter C_SG_LENGTH_WIDTH bound to: 14 - type: integer 
	Parameter C_M_AXI_SG_ADDR_WIDTH bound to: 32 - type: integer 
	Parameter C_M_AXI_SG_DATA_WIDTH bound to: 32 - type: integer 
	Parameter C_M_AXIS_MM2S_CNTRL_TDATA_WIDTH bound to: 32 - type: integer 
	Parameter C_S_AXIS_S2MM_STS_TDATA_WIDTH bound to: 32 - type: integer 
	Parameter C_MICRO_DMA bound to: 0 - type: integer 
	Parameter C_INCLUDE_MM2S bound to: 1 - type: integer 
	Parameter C_INCLUDE_MM2S_SF bound to: 1 - type: integer 
	Parameter C_MM2S_BURST_SIZE bound to: 16 - type: integer 
	Parameter C_M_AXI_MM2S_ADDR_WIDTH bound to: 32 - type: integer 
	Parameter C_M_AXI_MM2S_DATA_WIDTH bound to: 32 - type: integer 
	Parameter C_M_AXIS_MM2S_TDATA_WIDTH bound to: 16 - type: integer 
	Parameter C_INCLUDE_MM2S_DRE bound to: 0 - type: integer 
	Parameter C_INCLUDE_S2MM bound to: 0 - type: integer 
	Parameter C_INCLUDE_S2MM_SF bound to: 1 - type: integer 
	Parameter C_S2MM_BURST_SIZE bound to: 16 - type: integer 
	Parameter C_M_AXI_S2MM_ADDR_WIDTH bound to: 32 - type: integer 
	Parameter C_M_AXI_S2MM_DATA_WIDTH bound to: 32 - type: integer 
	Parameter C_S_AXIS_S2MM_TDATA_WIDTH bound to: 32 - type: integer 
	Parameter C_INCLUDE_S2MM_DRE bound to: 0 - type: integer 
	Parameter C_INCREASE_THROUGHPUT bound to: 0 - type: integer 
	Parameter C_FAMILY bound to: zynq - type: string 
INFO: [Synth 8-3491] module 'axi_dma' declared at 'h:/vivado_realtime_dma_zybo_z7_20/vivado_realtime_dma_zybo_z7_20.gen/sources_1/bd/realtime_dma_bd/ipshared/ddec/hdl/axi_dma_v7_1_vh_rfs.vhd:21804' bound to instance 'U0' of component 'axi_dma' [h:/vivado_realtime_dma_zybo_z7_20/vivado_realtime_dma_zybo_z7_20.gen/sources_1/bd/realtime_dma_bd/ip/realtime_dma_bd_axi_dma1_0/synth/realtime_dma_bd_axi_dma1_0.vhd:320]
INFO: [Synth 8-638] synthesizing module 'axi_dma__parameterized1' [h:/vivado_realtime_dma_zybo_z7_20/vivado_realtime_dma_zybo_z7_20.gen/sources_1/bd/realtime_dma_bd/ipshared/ddec/hdl/axi_dma_v7_1_vh_rfs.vhd:22149]
INFO: [Synth 8-638] synthesizing module 'axi_dma_rst_module__parameterized0' [h:/vivado_realtime_dma_zybo_z7_20/vivado_realtime_dma_zybo_z7_20.gen/sources_1/bd/realtime_dma_bd/ipshared/ddec/hdl/axi_dma_v7_1_vh_rfs.vhd:1592]
INFO: [Synth 8-256] done synthesizing module 'axi_dma_rst_module__parameterized0' (0#1) [h:/vivado_realtime_dma_zybo_z7_20/vivado_realtime_dma_zybo_z7_20.gen/sources_1/bd/realtime_dma_bd/ipshared/ddec/hdl/axi_dma_v7_1_vh_rfs.vhd:1592]
INFO: [Synth 8-638] synthesizing module 'axi_dma_reg_module__parameterized0' [h:/vivado_realtime_dma_zybo_z7_20/vivado_realtime_dma_zybo_z7_20.gen/sources_1/bd/realtime_dma_bd/ipshared/ddec/hdl/axi_dma_v7_1_vh_rfs.vhd:8426]
INFO: [Synth 8-256] done synthesizing module 'axi_dma_reg_module__parameterized0' (0#1) [h:/vivado_realtime_dma_zybo_z7_20/vivado_realtime_dma_zybo_z7_20.gen/sources_1/bd/realtime_dma_bd/ipshared/ddec/hdl/axi_dma_v7_1_vh_rfs.vhd:8426]
INFO: [Synth 8-638] synthesizing module 'axi_datamover__parameterized0' [h:/vivado_realtime_dma_zybo_z7_20/vivado_realtime_dma_zybo_z7_20.gen/sources_1/bd/realtime_dma_bd/ipshared/d786/hdl/axi_datamover_v5_1_vh_rfs.vhd:55201]
INFO: [Synth 8-638] synthesizing module 'axi_datamover_s2mm_omit_wrap' [h:/vivado_realtime_dma_zybo_z7_20/vivado_realtime_dma_zybo_z7_20.gen/sources_1/bd/realtime_dma_bd/ipshared/d786/hdl/axi_datamover_v5_1_vh_rfs.vhd:49396]
INFO: [Synth 8-256] done synthesizing module 'axi_datamover_s2mm_omit_wrap' (0#1) [h:/vivado_realtime_dma_zybo_z7_20/vivado_realtime_dma_zybo_z7_20.gen/sources_1/bd/realtime_dma_bd/ipshared/d786/hdl/axi_datamover_v5_1_vh_rfs.vhd:49396]
INFO: [Synth 8-256] done synthesizing module 'axi_datamover__parameterized0' (0#1) [h:/vivado_realtime_dma_zybo_z7_20/vivado_realtime_dma_zybo_z7_20.gen/sources_1/bd/realtime_dma_bd/ipshared/d786/hdl/axi_datamover_v5_1_vh_rfs.vhd:55201]
INFO: [Synth 8-256] done synthesizing module 'axi_dma__parameterized1' (0#1) [h:/vivado_realtime_dma_zybo_z7_20/vivado_realtime_dma_zybo_z7_20.gen/sources_1/bd/realtime_dma_bd/ipshared/ddec/hdl/axi_dma_v7_1_vh_rfs.vhd:22149]
INFO: [Synth 8-256] done synthesizing module 'realtime_dma_bd_axi_dma1_0' (0#1) [h:/vivado_realtime_dma_zybo_z7_20/vivado_realtime_dma_zybo_z7_20.gen/sources_1/bd/realtime_dma_bd/ip/realtime_dma_bd_axi_dma1_0/synth/realtime_dma_bd_axi_dma1_0.vhd:104]
WARNING: [Synth 8-7071] port 'mm2s_prmry_reset_out_n' of module 'realtime_dma_bd_axi_dma1_0' is unconnected for instance 'axi_dma1' [H:/vivado_realtime_dma_zybo_z7_20/vivado_realtime_dma_zybo_z7_20.gen/sources_1/bd/realtime_dma_bd/synth/realtime_dma_bd.v:337]
WARNING: [Synth 8-7071] port 'mm2s_introut' of module 'realtime_dma_bd_axi_dma1_0' is unconnected for instance 'axi_dma1' [H:/vivado_realtime_dma_zybo_z7_20/vivado_realtime_dma_zybo_z7_20.gen/sources_1/bd/realtime_dma_bd/synth/realtime_dma_bd.v:337]
WARNING: [Synth 8-7071] port 'axi_dma_tstvec' of module 'realtime_dma_bd_axi_dma1_0' is unconnected for instance 'axi_dma1' [H:/vivado_realtime_dma_zybo_z7_20/vivado_realtime_dma_zybo_z7_20.gen/sources_1/bd/realtime_dma_bd/synth/realtime_dma_bd.v:337]
WARNING: [Synth 8-7023] instance 'axi_dma1' of module 'realtime_dma_bd_axi_dma1_0' has 40 connections declared, but only 37 given [H:/vivado_realtime_dma_zybo_z7_20/vivado_realtime_dma_zybo_z7_20.gen/sources_1/bd/realtime_dma_bd/synth/realtime_dma_bd.v:337]
INFO: [Synth 8-6157] synthesizing module 'realtime_dma_bd_axi_smc_ctrl_0' [h:/vivado_realtime_dma_zybo_z7_20/vivado_realtime_dma_zybo_z7_20.gen/sources_1/bd/realtime_dma_bd/ip/realtime_dma_bd_axi_smc_ctrl_0/synth/realtime_dma_bd_axi_smc_ctrl_0.v:53]
INFO: [Synth 8-6157] synthesizing module 'bd_3bc8' [h:/vivado_realtime_dma_zybo_z7_20/vivado_realtime_dma_zybo_z7_20.gen/sources_1/bd/realtime_dma_bd/ip/realtime_dma_bd_axi_smc_ctrl_0/bd_0/synth/bd_3bc8.v:10]
INFO: [Synth 8-6157] synthesizing module 'clk_map_imp_1RG68OX' [h:/vivado_realtime_dma_zybo_z7_20/vivado_realtime_dma_zybo_z7_20.gen/sources_1/bd/realtime_dma_bd/ip/realtime_dma_bd_axi_smc_ctrl_0/bd_0/synth/bd_3bc8.v:1625]
INFO: [Synth 8-6157] synthesizing module 'bd_3bc8_one_0' [h:/vivado_realtime_dma_zybo_z7_20/vivado_realtime_dma_zybo_z7_20.gen/sources_1/bd/realtime_dma_bd/ip/realtime_dma_bd_axi_smc_ctrl_0/bd_0/ip/ip_0/synth/bd_3bc8_one_0.v:53]
INFO: [Synth 8-6157] synthesizing module 'xlconstant_v1_1_8_xlconstant' [h:/vivado_realtime_dma_zybo_z7_20/vivado_realtime_dma_zybo_z7_20.gen/sources_1/bd/realtime_dma_bd/ipshared/d390/hdl/xlconstant_v1_1_vl_rfs.v:68]
INFO: [Synth 8-6155] done synthesizing module 'xlconstant_v1_1_8_xlconstant' (0#1) [h:/vivado_realtime_dma_zybo_z7_20/vivado_realtime_dma_zybo_z7_20.gen/sources_1/bd/realtime_dma_bd/ipshared/d390/hdl/xlconstant_v1_1_vl_rfs.v:68]
INFO: [Synth 8-6155] done synthesizing module 'bd_3bc8_one_0' (0#1) [h:/vivado_realtime_dma_zybo_z7_20/vivado_realtime_dma_zybo_z7_20.gen/sources_1/bd/realtime_dma_bd/ip/realtime_dma_bd_axi_smc_ctrl_0/bd_0/ip/ip_0/synth/bd_3bc8_one_0.v:53]
INFO: [Synth 8-638] synthesizing module 'bd_3bc8_psr_aclk_0' [h:/vivado_realtime_dma_zybo_z7_20/vivado_realtime_dma_zybo_z7_20.gen/sources_1/bd/realtime_dma_bd/ip/realtime_dma_bd_axi_smc_ctrl_0/bd_0/ip/ip_1/synth/bd_3bc8_psr_aclk_0.vhd:74]
	Parameter C_FAMILY bound to: zynq - type: string 
	Parameter C_EXT_RST_WIDTH bound to: 4 - type: integer 
	Parameter C_AUX_RST_WIDTH bound to: 1 - type: integer 
	Parameter C_EXT_RESET_HIGH bound to: 1'b0 
	Parameter C_AUX_RESET_HIGH bound to: 1'b0 
	Parameter C_NUM_BUS_RST bound to: 1 - type: integer 
	Parameter C_NUM_PERP_RST bound to: 1 - type: integer 
	Parameter C_NUM_INTERCONNECT_ARESETN bound to: 1 - type: integer 
	Parameter C_NUM_PERP_ARESETN bound to: 1 - type: integer 
INFO: [Synth 8-3491] module 'proc_sys_reset' declared at 'h:/vivado_realtime_dma_zybo_z7_20/vivado_realtime_dma_zybo_z7_20.gen/sources_1/bd/realtime_dma_bd/ipshared/408c/hdl/proc_sys_reset_v5_0_vh_rfs.vhd:1271' bound to instance 'U0' of component 'proc_sys_reset' [h:/vivado_realtime_dma_zybo_z7_20/vivado_realtime_dma_zybo_z7_20.gen/sources_1/bd/realtime_dma_bd/ip/realtime_dma_bd_axi_smc_ctrl_0/bd_0/ip/ip_1/synth/bd_3bc8_psr_aclk_0.vhd:129]
INFO: [Synth 8-638] synthesizing module 'proc_sys_reset' [h:/vivado_realtime_dma_zybo_z7_20/vivado_realtime_dma_zybo_z7_20.gen/sources_1/bd/realtime_dma_bd/ipshared/408c/hdl/proc_sys_reset_v5_0_vh_rfs.vhd:1330]
	Parameter INIT bound to: 1'b1 
INFO: [Synth 8-113] binding component instance 'FDRE_inst' to cell 'FDRE' [h:/vivado_realtime_dma_zybo_z7_20/vivado_realtime_dma_zybo_z7_20.gen/sources_1/bd/realtime_dma_bd/ipshared/408c/hdl/proc_sys_reset_v5_0_vh_rfs.vhd:1399]
	Parameter INIT bound to: 1'b1 
INFO: [Synth 8-113] binding component instance 'FDRE_BSR' to cell 'FDRE' [h:/vivado_realtime_dma_zybo_z7_20/vivado_realtime_dma_zybo_z7_20.gen/sources_1/bd/realtime_dma_bd/ipshared/408c/hdl/proc_sys_reset_v5_0_vh_rfs.vhd:1415]
	Parameter INIT bound to: 1'b0 
INFO: [Synth 8-113] binding component instance 'FDRE_BSR_N' to cell 'FDRE' [h:/vivado_realtime_dma_zybo_z7_20/vivado_realtime_dma_zybo_z7_20.gen/sources_1/bd/realtime_dma_bd/ipshared/408c/hdl/proc_sys_reset_v5_0_vh_rfs.vhd:1441]
	Parameter INIT bound to: 1'b1 
INFO: [Synth 8-113] binding component instance 'FDRE_PER' to cell 'FDRE' [h:/vivado_realtime_dma_zybo_z7_20/vivado_realtime_dma_zybo_z7_20.gen/sources_1/bd/realtime_dma_bd/ipshared/408c/hdl/proc_sys_reset_v5_0_vh_rfs.vhd:1464]
	Parameter INIT bound to: 1'b0 
INFO: [Synth 8-113] binding component instance 'FDRE_PER_N' to cell 'FDRE' [h:/vivado_realtime_dma_zybo_z7_20/vivado_realtime_dma_zybo_z7_20.gen/sources_1/bd/realtime_dma_bd/ipshared/408c/hdl/proc_sys_reset_v5_0_vh_rfs.vhd:1488]
INFO: [Synth 8-638] synthesizing module 'lpf' [h:/vivado_realtime_dma_zybo_z7_20/vivado_realtime_dma_zybo_z7_20.gen/sources_1/bd/realtime_dma_bd/ipshared/408c/hdl/proc_sys_reset_v5_0_vh_rfs.vhd:821]
INFO: [Synth 8-3491] module 'SRL16' declared at 'C:/Xilinx/Vivado/2023.2/scripts/rt/data/unisim_comp.v:133721' bound to instance 'POR_SRL_I' of component 'SRL16' [h:/vivado_realtime_dma_zybo_z7_20/vivado_realtime_dma_zybo_z7_20.gen/sources_1/bd/realtime_dma_bd/ipshared/408c/hdl/proc_sys_reset_v5_0_vh_rfs.vhd:873]
INFO: [Synth 8-6157] synthesizing module 'SRL16' [C:/Xilinx/Vivado/2023.2/scripts/rt/data/unisim_comp.v:133721]
INFO: [Synth 8-6155] done synthesizing module 'SRL16' (0#1) [C:/Xilinx/Vivado/2023.2/scripts/rt/data/unisim_comp.v:133721]
INFO: [Synth 8-638] synthesizing module 'cdc_sync__parameterized0' [h:/vivado_realtime_dma_zybo_z7_20/vivado_realtime_dma_zybo_z7_20.gen/sources_1/bd/realtime_dma_bd/ipshared/ef1e/hdl/lib_cdc_v1_0_rfs.vhd:106]
	Parameter INIT bound to: 1'b0 
INFO: [Synth 8-113] binding component instance 'CROSS_PLEVEL_IN2SCNDRY_IN_cdc_to' to cell 'FDR' [h:/vivado_realtime_dma_zybo_z7_20/vivado_realtime_dma_zybo_z7_20.gen/sources_1/bd/realtime_dma_bd/ipshared/ef1e/hdl/lib_cdc_v1_0_rfs.vhd:514]
	Parameter INIT bound to: 1'b0 
INFO: [Synth 8-113] binding component instance 'CROSS_PLEVEL_IN2SCNDRY_s_level_out_d2' to cell 'FDR' [h:/vivado_realtime_dma_zybo_z7_20/vivado_realtime_dma_zybo_z7_20.gen/sources_1/bd/realtime_dma_bd/ipshared/ef1e/hdl/lib_cdc_v1_0_rfs.vhd:545]
	Parameter INIT bound to: 1'b0 
INFO: [Synth 8-113] binding component instance 'CROSS_PLEVEL_IN2SCNDRY_s_level_out_d3' to cell 'FDR' [h:/vivado_realtime_dma_zybo_z7_20/vivado_realtime_dma_zybo_z7_20.gen/sources_1/bd/realtime_dma_bd/ipshared/ef1e/hdl/lib_cdc_v1_0_rfs.vhd:554]
	Parameter INIT bound to: 1'b0 
INFO: [Synth 8-113] binding component instance 'CROSS_PLEVEL_IN2SCNDRY_s_level_out_d4' to cell 'FDR' [h:/vivado_realtime_dma_zybo_z7_20/vivado_realtime_dma_zybo_z7_20.gen/sources_1/bd/realtime_dma_bd/ipshared/ef1e/hdl/lib_cdc_v1_0_rfs.vhd:564]
	Parameter INIT bound to: 1'b0 
INFO: [Synth 8-113] binding component instance 'CROSS_PLEVEL_IN2SCNDRY_s_level_out_d5' to cell 'FDR' [h:/vivado_realtime_dma_zybo_z7_20/vivado_realtime_dma_zybo_z7_20.gen/sources_1/bd/realtime_dma_bd/ipshared/ef1e/hdl/lib_cdc_v1_0_rfs.vhd:574]
	Parameter INIT bound to: 1'b0 
INFO: [Synth 8-113] binding component instance 'CROSS_PLEVEL_IN2SCNDRY_s_level_out_d6' to cell 'FDR' [h:/vivado_realtime_dma_zybo_z7_20/vivado_realtime_dma_zybo_z7_20.gen/sources_1/bd/realtime_dma_bd/ipshared/ef1e/hdl/lib_cdc_v1_0_rfs.vhd:584]
INFO: [Synth 8-256] done synthesizing module 'cdc_sync__parameterized0' (0#1) [h:/vivado_realtime_dma_zybo_z7_20/vivado_realtime_dma_zybo_z7_20.gen/sources_1/bd/realtime_dma_bd/ipshared/ef1e/hdl/lib_cdc_v1_0_rfs.vhd:106]
INFO: [Synth 8-256] done synthesizing module 'lpf' (0#1) [h:/vivado_realtime_dma_zybo_z7_20/vivado_realtime_dma_zybo_z7_20.gen/sources_1/bd/realtime_dma_bd/ipshared/408c/hdl/proc_sys_reset_v5_0_vh_rfs.vhd:821]
INFO: [Synth 8-638] synthesizing module 'sequence_psr' [h:/vivado_realtime_dma_zybo_z7_20/vivado_realtime_dma_zybo_z7_20.gen/sources_1/bd/realtime_dma_bd/ipshared/408c/hdl/proc_sys_reset_v5_0_vh_rfs.vhd:304]
INFO: [Synth 8-638] synthesizing module 'upcnt_n' [h:/vivado_realtime_dma_zybo_z7_20/vivado_realtime_dma_zybo_z7_20.gen/sources_1/bd/realtime_dma_bd/ipshared/408c/hdl/proc_sys_reset_v5_0_vh_rfs.vhd:126]
INFO: [Synth 8-256] done synthesizing module 'upcnt_n' (0#1) [h:/vivado_realtime_dma_zybo_z7_20/vivado_realtime_dma_zybo_z7_20.gen/sources_1/bd/realtime_dma_bd/ipshared/408c/hdl/proc_sys_reset_v5_0_vh_rfs.vhd:126]
INFO: [Synth 8-256] done synthesizing module 'sequence_psr' (0#1) [h:/vivado_realtime_dma_zybo_z7_20/vivado_realtime_dma_zybo_z7_20.gen/sources_1/bd/realtime_dma_bd/ipshared/408c/hdl/proc_sys_reset_v5_0_vh_rfs.vhd:304]
INFO: [Synth 8-256] done synthesizing module 'proc_sys_reset' (0#1) [h:/vivado_realtime_dma_zybo_z7_20/vivado_realtime_dma_zybo_z7_20.gen/sources_1/bd/realtime_dma_bd/ipshared/408c/hdl/proc_sys_reset_v5_0_vh_rfs.vhd:1330]
INFO: [Synth 8-256] done synthesizing module 'bd_3bc8_psr_aclk_0' (0#1) [h:/vivado_realtime_dma_zybo_z7_20/vivado_realtime_dma_zybo_z7_20.gen/sources_1/bd/realtime_dma_bd/ip/realtime_dma_bd_axi_smc_ctrl_0/bd_0/ip/ip_1/synth/bd_3bc8_psr_aclk_0.vhd:74]
WARNING: [Synth 8-7071] port 'mb_reset' of module 'bd_3bc8_psr_aclk_0' is unconnected for instance 'psr_aclk' [h:/vivado_realtime_dma_zybo_z7_20/vivado_realtime_dma_zybo_z7_20.gen/sources_1/bd/realtime_dma_bd/ip/realtime_dma_bd_axi_smc_ctrl_0/bd_0/synth/bd_3bc8.v:1672]
WARNING: [Synth 8-7071] port 'bus_struct_reset' of module 'bd_3bc8_psr_aclk_0' is unconnected for instance 'psr_aclk' [h:/vivado_realtime_dma_zybo_z7_20/vivado_realtime_dma_zybo_z7_20.gen/sources_1/bd/realtime_dma_bd/ip/realtime_dma_bd_axi_smc_ctrl_0/bd_0/synth/bd_3bc8.v:1672]
WARNING: [Synth 8-7071] port 'peripheral_reset' of module 'bd_3bc8_psr_aclk_0' is unconnected for instance 'psr_aclk' [h:/vivado_realtime_dma_zybo_z7_20/vivado_realtime_dma_zybo_z7_20.gen/sources_1/bd/realtime_dma_bd/ip/realtime_dma_bd_axi_smc_ctrl_0/bd_0/synth/bd_3bc8.v:1672]
WARNING: [Synth 8-7071] port 'peripheral_aresetn' of module 'bd_3bc8_psr_aclk_0' is unconnected for instance 'psr_aclk' [h:/vivado_realtime_dma_zybo_z7_20/vivado_realtime_dma_zybo_z7_20.gen/sources_1/bd/realtime_dma_bd/ip/realtime_dma_bd_axi_smc_ctrl_0/bd_0/synth/bd_3bc8.v:1672]
WARNING: [Synth 8-7023] instance 'psr_aclk' of module 'bd_3bc8_psr_aclk_0' has 10 connections declared, but only 6 given [h:/vivado_realtime_dma_zybo_z7_20/vivado_realtime_dma_zybo_z7_20.gen/sources_1/bd/realtime_dma_bd/ip/realtime_dma_bd_axi_smc_ctrl_0/bd_0/synth/bd_3bc8.v:1672]
INFO: [Synth 8-6155] done synthesizing module 'clk_map_imp_1RG68OX' (0#1) [h:/vivado_realtime_dma_zybo_z7_20/vivado_realtime_dma_zybo_z7_20.gen/sources_1/bd/realtime_dma_bd/ip/realtime_dma_bd_axi_smc_ctrl_0/bd_0/synth/bd_3bc8.v:1625]
INFO: [Synth 8-6157] synthesizing module 'm00_exit_pipeline_imp_7RU72Y' [h:/vivado_realtime_dma_zybo_z7_20/vivado_realtime_dma_zybo_z7_20.gen/sources_1/bd/realtime_dma_bd/ip/realtime_dma_bd_axi_smc_ctrl_0/bd_0/synth/bd_3bc8.v:1977]
INFO: [Synth 8-6157] synthesizing module 'bd_3bc8_m00e_0' [h:/vivado_realtime_dma_zybo_z7_20/vivado_realtime_dma_zybo_z7_20.gen/sources_1/bd/realtime_dma_bd/ip/realtime_dma_bd_axi_smc_ctrl_0/bd_0/ip/ip_32/synth/bd_3bc8_m00e_0.sv:53]
INFO: [Synth 8-6157] synthesizing module 'xpm_cdc_async_rst' [C:/Xilinx/Vivado/2023.2/data/ip/xpm/xpm_cdc/hdl/xpm_cdc.sv:1175]
INFO: [Synth 8-6155] done synthesizing module 'xpm_cdc_async_rst' (0#1) [C:/Xilinx/Vivado/2023.2/data/ip/xpm/xpm_cdc/hdl/xpm_cdc.sv:1175]
INFO: [Synth 8-6155] done synthesizing module 'bd_3bc8_m00e_0' (0#1) [h:/vivado_realtime_dma_zybo_z7_20/vivado_realtime_dma_zybo_z7_20.gen/sources_1/bd/realtime_dma_bd/ip/realtime_dma_bd_axi_smc_ctrl_0/bd_0/ip/ip_32/synth/bd_3bc8_m00e_0.sv:53]
INFO: [Synth 8-6155] done synthesizing module 'm00_exit_pipeline_imp_7RU72Y' (0#1) [h:/vivado_realtime_dma_zybo_z7_20/vivado_realtime_dma_zybo_z7_20.gen/sources_1/bd/realtime_dma_bd/ip/realtime_dma_bd_axi_smc_ctrl_0/bd_0/synth/bd_3bc8.v:1977]
INFO: [Synth 8-6157] synthesizing module 'm00_nodes_imp_L59SVQ' [h:/vivado_realtime_dma_zybo_z7_20/vivado_realtime_dma_zybo_z7_20.gen/sources_1/bd/realtime_dma_bd/ip/realtime_dma_bd_axi_smc_ctrl_0/bd_0/synth/bd_3bc8.v:2278]
INFO: [Synth 8-6157] synthesizing module 'bd_3bc8_m00arn_0' [h:/vivado_realtime_dma_zybo_z7_20/vivado_realtime_dma_zybo_z7_20.gen/sources_1/bd/realtime_dma_bd/ip/realtime_dma_bd_axi_smc_ctrl_0/bd_0/ip/ip_27/synth/bd_3bc8_m00arn_0.sv:53]
INFO: [Synth 8-6155] done synthesizing module 'bd_3bc8_m00arn_0' (0#1) [h:/vivado_realtime_dma_zybo_z7_20/vivado_realtime_dma_zybo_z7_20.gen/sources_1/bd/realtime_dma_bd/ip/realtime_dma_bd_axi_smc_ctrl_0/bd_0/ip/ip_27/synth/bd_3bc8_m00arn_0.sv:53]
INFO: [Synth 8-6157] synthesizing module 'bd_3bc8_m00awn_0' [h:/vivado_realtime_dma_zybo_z7_20/vivado_realtime_dma_zybo_z7_20.gen/sources_1/bd/realtime_dma_bd/ip/realtime_dma_bd_axi_smc_ctrl_0/bd_0/ip/ip_29/synth/bd_3bc8_m00awn_0.sv:53]
INFO: [Synth 8-6155] done synthesizing module 'bd_3bc8_m00awn_0' (0#1) [h:/vivado_realtime_dma_zybo_z7_20/vivado_realtime_dma_zybo_z7_20.gen/sources_1/bd/realtime_dma_bd/ip/realtime_dma_bd_axi_smc_ctrl_0/bd_0/ip/ip_29/synth/bd_3bc8_m00awn_0.sv:53]
INFO: [Synth 8-6157] synthesizing module 'bd_3bc8_m00bn_0' [h:/vivado_realtime_dma_zybo_z7_20/vivado_realtime_dma_zybo_z7_20.gen/sources_1/bd/realtime_dma_bd/ip/realtime_dma_bd_axi_smc_ctrl_0/bd_0/ip/ip_31/synth/bd_3bc8_m00bn_0.sv:53]
INFO: [Synth 8-6155] done synthesizing module 'bd_3bc8_m00bn_0' (0#1) [h:/vivado_realtime_dma_zybo_z7_20/vivado_realtime_dma_zybo_z7_20.gen/sources_1/bd/realtime_dma_bd/ip/realtime_dma_bd_axi_smc_ctrl_0/bd_0/ip/ip_31/synth/bd_3bc8_m00bn_0.sv:53]
INFO: [Synth 8-6157] synthesizing module 'bd_3bc8_m00rn_0' [h:/vivado_realtime_dma_zybo_z7_20/vivado_realtime_dma_zybo_z7_20.gen/sources_1/bd/realtime_dma_bd/ip/realtime_dma_bd_axi_smc_ctrl_0/bd_0/ip/ip_28/synth/bd_3bc8_m00rn_0.sv:53]
INFO: [Synth 8-6155] done synthesizing module 'bd_3bc8_m00rn_0' (0#1) [h:/vivado_realtime_dma_zybo_z7_20/vivado_realtime_dma_zybo_z7_20.gen/sources_1/bd/realtime_dma_bd/ip/realtime_dma_bd_axi_smc_ctrl_0/bd_0/ip/ip_28/synth/bd_3bc8_m00rn_0.sv:53]
INFO: [Synth 8-6157] synthesizing module 'bd_3bc8_m00wn_0' [h:/vivado_realtime_dma_zybo_z7_20/vivado_realtime_dma_zybo_z7_20.gen/sources_1/bd/realtime_dma_bd/ip/realtime_dma_bd_axi_smc_ctrl_0/bd_0/ip/ip_30/synth/bd_3bc8_m00wn_0.sv:53]
INFO: [Synth 8-6155] done synthesizing module 'bd_3bc8_m00wn_0' (0#1) [h:/vivado_realtime_dma_zybo_z7_20/vivado_realtime_dma_zybo_z7_20.gen/sources_1/bd/realtime_dma_bd/ip/realtime_dma_bd_axi_smc_ctrl_0/bd_0/ip/ip_30/synth/bd_3bc8_m00wn_0.sv:53]
INFO: [Synth 8-6155] done synthesizing module 'm00_nodes_imp_L59SVQ' (0#1) [h:/vivado_realtime_dma_zybo_z7_20/vivado_realtime_dma_zybo_z7_20.gen/sources_1/bd/realtime_dma_bd/ip/realtime_dma_bd_axi_smc_ctrl_0/bd_0/synth/bd_3bc8.v:2278]
INFO: [Synth 8-6157] synthesizing module 'bd_3bc8_m00s2a_0' [h:/vivado_realtime_dma_zybo_z7_20/vivado_realtime_dma_zybo_z7_20.gen/sources_1/bd/realtime_dma_bd/ip/realtime_dma_bd_axi_smc_ctrl_0/bd_0/ip/ip_26/synth/bd_3bc8_m00s2a_0.sv:53]
INFO: [Synth 8-6155] done synthesizing module 'bd_3bc8_m00s2a_0' (0#1) [h:/vivado_realtime_dma_zybo_z7_20/vivado_realtime_dma_zybo_z7_20.gen/sources_1/bd/realtime_dma_bd/ip/realtime_dma_bd_axi_smc_ctrl_0/bd_0/ip/ip_26/synth/bd_3bc8_m00s2a_0.sv:53]
INFO: [Synth 8-6157] synthesizing module 'm01_exit_pipeline_imp_33KQL6' [h:/vivado_realtime_dma_zybo_z7_20/vivado_realtime_dma_zybo_z7_20.gen/sources_1/bd/realtime_dma_bd/ip/realtime_dma_bd_axi_smc_ctrl_0/bd_0/synth/bd_3bc8.v:2574]
INFO: [Synth 8-6157] synthesizing module 'bd_3bc8_m01e_0' [h:/vivado_realtime_dma_zybo_z7_20/vivado_realtime_dma_zybo_z7_20.gen/sources_1/bd/realtime_dma_bd/ip/realtime_dma_bd_axi_smc_ctrl_0/bd_0/ip/ip_39/synth/bd_3bc8_m01e_0.sv:53]
INFO: [Synth 8-6155] done synthesizing module 'bd_3bc8_m01e_0' (0#1) [h:/vivado_realtime_dma_zybo_z7_20/vivado_realtime_dma_zybo_z7_20.gen/sources_1/bd/realtime_dma_bd/ip/realtime_dma_bd_axi_smc_ctrl_0/bd_0/ip/ip_39/synth/bd_3bc8_m01e_0.sv:53]
INFO: [Synth 8-6155] done synthesizing module 'm01_exit_pipeline_imp_33KQL6' (0#1) [h:/vivado_realtime_dma_zybo_z7_20/vivado_realtime_dma_zybo_z7_20.gen/sources_1/bd/realtime_dma_bd/ip/realtime_dma_bd_axi_smc_ctrl_0/bd_0/synth/bd_3bc8.v:2574]
INFO: [Synth 8-6157] synthesizing module 'm01_nodes_imp_1M1VTVK' [h:/vivado_realtime_dma_zybo_z7_20/vivado_realtime_dma_zybo_z7_20.gen/sources_1/bd/realtime_dma_bd/ip/realtime_dma_bd_axi_smc_ctrl_0/bd_0/synth/bd_3bc8.v:2875]
INFO: [Synth 8-6157] synthesizing module 'bd_3bc8_m01arn_0' [h:/vivado_realtime_dma_zybo_z7_20/vivado_realtime_dma_zybo_z7_20.gen/sources_1/bd/realtime_dma_bd/ip/realtime_dma_bd_axi_smc_ctrl_0/bd_0/ip/ip_34/synth/bd_3bc8_m01arn_0.sv:53]
INFO: [Synth 8-6155] done synthesizing module 'bd_3bc8_m01arn_0' (0#1) [h:/vivado_realtime_dma_zybo_z7_20/vivado_realtime_dma_zybo_z7_20.gen/sources_1/bd/realtime_dma_bd/ip/realtime_dma_bd_axi_smc_ctrl_0/bd_0/ip/ip_34/synth/bd_3bc8_m01arn_0.sv:53]
INFO: [Synth 8-6157] synthesizing module 'bd_3bc8_m01awn_0' [h:/vivado_realtime_dma_zybo_z7_20/vivado_realtime_dma_zybo_z7_20.gen/sources_1/bd/realtime_dma_bd/ip/realtime_dma_bd_axi_smc_ctrl_0/bd_0/ip/ip_36/synth/bd_3bc8_m01awn_0.sv:53]
INFO: [Synth 8-6155] done synthesizing module 'bd_3bc8_m01awn_0' (0#1) [h:/vivado_realtime_dma_zybo_z7_20/vivado_realtime_dma_zybo_z7_20.gen/sources_1/bd/realtime_dma_bd/ip/realtime_dma_bd_axi_smc_ctrl_0/bd_0/ip/ip_36/synth/bd_3bc8_m01awn_0.sv:53]
INFO: [Synth 8-6157] synthesizing module 'bd_3bc8_m01bn_0' [h:/vivado_realtime_dma_zybo_z7_20/vivado_realtime_dma_zybo_z7_20.gen/sources_1/bd/realtime_dma_bd/ip/realtime_dma_bd_axi_smc_ctrl_0/bd_0/ip/ip_38/synth/bd_3bc8_m01bn_0.sv:53]
INFO: [Synth 8-6155] done synthesizing module 'bd_3bc8_m01bn_0' (0#1) [h:/vivado_realtime_dma_zybo_z7_20/vivado_realtime_dma_zybo_z7_20.gen/sources_1/bd/realtime_dma_bd/ip/realtime_dma_bd_axi_smc_ctrl_0/bd_0/ip/ip_38/synth/bd_3bc8_m01bn_0.sv:53]
INFO: [Synth 8-6157] synthesizing module 'bd_3bc8_m01rn_0' [h:/vivado_realtime_dma_zybo_z7_20/vivado_realtime_dma_zybo_z7_20.gen/sources_1/bd/realtime_dma_bd/ip/realtime_dma_bd_axi_smc_ctrl_0/bd_0/ip/ip_35/synth/bd_3bc8_m01rn_0.sv:53]
INFO: [Synth 8-6155] done synthesizing module 'bd_3bc8_m01rn_0' (0#1) [h:/vivado_realtime_dma_zybo_z7_20/vivado_realtime_dma_zybo_z7_20.gen/sources_1/bd/realtime_dma_bd/ip/realtime_dma_bd_axi_smc_ctrl_0/bd_0/ip/ip_35/synth/bd_3bc8_m01rn_0.sv:53]
INFO: [Synth 8-6157] synthesizing module 'bd_3bc8_m01wn_0' [h:/vivado_realtime_dma_zybo_z7_20/vivado_realtime_dma_zybo_z7_20.gen/sources_1/bd/realtime_dma_bd/ip/realtime_dma_bd_axi_smc_ctrl_0/bd_0/ip/ip_37/synth/bd_3bc8_m01wn_0.sv:53]
INFO: [Synth 8-6155] done synthesizing module 'bd_3bc8_m01wn_0' (0#1) [h:/vivado_realtime_dma_zybo_z7_20/vivado_realtime_dma_zybo_z7_20.gen/sources_1/bd/realtime_dma_bd/ip/realtime_dma_bd_axi_smc_ctrl_0/bd_0/ip/ip_37/synth/bd_3bc8_m01wn_0.sv:53]
INFO: [Synth 8-6155] done synthesizing module 'm01_nodes_imp_1M1VTVK' (0#1) [h:/vivado_realtime_dma_zybo_z7_20/vivado_realtime_dma_zybo_z7_20.gen/sources_1/bd/realtime_dma_bd/ip/realtime_dma_bd_axi_smc_ctrl_0/bd_0/synth/bd_3bc8.v:2875]
INFO: [Synth 8-6157] synthesizing module 'bd_3bc8_m01s2a_0' [h:/vivado_realtime_dma_zybo_z7_20/vivado_realtime_dma_zybo_z7_20.gen/sources_1/bd/realtime_dma_bd/ip/realtime_dma_bd_axi_smc_ctrl_0/bd_0/ip/ip_33/synth/bd_3bc8_m01s2a_0.sv:53]
INFO: [Synth 8-6155] done synthesizing module 'bd_3bc8_m01s2a_0' (0#1) [h:/vivado_realtime_dma_zybo_z7_20/vivado_realtime_dma_zybo_z7_20.gen/sources_1/bd/realtime_dma_bd/ip/realtime_dma_bd_axi_smc_ctrl_0/bd_0/ip/ip_33/synth/bd_3bc8_m01s2a_0.sv:53]
INFO: [Synth 8-6157] synthesizing module 'm02_exit_pipeline_imp_DYOMVU' [h:/vivado_realtime_dma_zybo_z7_20/vivado_realtime_dma_zybo_z7_20.gen/sources_1/bd/realtime_dma_bd/ip/realtime_dma_bd_axi_smc_ctrl_0/bd_0/synth/bd_3bc8.v:3171]
INFO: [Synth 8-6157] synthesizing module 'bd_3bc8_m02e_0' [h:/vivado_realtime_dma_zybo_z7_20/vivado_realtime_dma_zybo_z7_20.gen/sources_1/bd/realtime_dma_bd/ip/realtime_dma_bd_axi_smc_ctrl_0/bd_0/ip/ip_46/synth/bd_3bc8_m02e_0.sv:53]
INFO: [Synth 8-6155] done synthesizing module 'bd_3bc8_m02e_0' (0#1) [h:/vivado_realtime_dma_zybo_z7_20/vivado_realtime_dma_zybo_z7_20.gen/sources_1/bd/realtime_dma_bd/ip/realtime_dma_bd_axi_smc_ctrl_0/bd_0/ip/ip_46/synth/bd_3bc8_m02e_0.sv:53]
INFO: [Synth 8-6155] done synthesizing module 'm02_exit_pipeline_imp_DYOMVU' (0#1) [h:/vivado_realtime_dma_zybo_z7_20/vivado_realtime_dma_zybo_z7_20.gen/sources_1/bd/realtime_dma_bd/ip/realtime_dma_bd_axi_smc_ctrl_0/bd_0/synth/bd_3bc8.v:3171]
INFO: [Synth 8-6157] synthesizing module 'm02_nodes_imp_1C3HUJF' [h:/vivado_realtime_dma_zybo_z7_20/vivado_realtime_dma_zybo_z7_20.gen/sources_1/bd/realtime_dma_bd/ip/realtime_dma_bd_axi_smc_ctrl_0/bd_0/synth/bd_3bc8.v:3472]
INFO: [Synth 8-6157] synthesizing module 'bd_3bc8_m02arn_0' [h:/vivado_realtime_dma_zybo_z7_20/vivado_realtime_dma_zybo_z7_20.gen/sources_1/bd/realtime_dma_bd/ip/realtime_dma_bd_axi_smc_ctrl_0/bd_0/ip/ip_41/synth/bd_3bc8_m02arn_0.sv:53]
INFO: [Synth 8-6155] done synthesizing module 'bd_3bc8_m02arn_0' (0#1) [h:/vivado_realtime_dma_zybo_z7_20/vivado_realtime_dma_zybo_z7_20.gen/sources_1/bd/realtime_dma_bd/ip/realtime_dma_bd_axi_smc_ctrl_0/bd_0/ip/ip_41/synth/bd_3bc8_m02arn_0.sv:53]
INFO: [Synth 8-6157] synthesizing module 'bd_3bc8_m02awn_0' [h:/vivado_realtime_dma_zybo_z7_20/vivado_realtime_dma_zybo_z7_20.gen/sources_1/bd/realtime_dma_bd/ip/realtime_dma_bd_axi_smc_ctrl_0/bd_0/ip/ip_43/synth/bd_3bc8_m02awn_0.sv:53]
INFO: [Synth 8-6155] done synthesizing module 'bd_3bc8_m02awn_0' (0#1) [h:/vivado_realtime_dma_zybo_z7_20/vivado_realtime_dma_zybo_z7_20.gen/sources_1/bd/realtime_dma_bd/ip/realtime_dma_bd_axi_smc_ctrl_0/bd_0/ip/ip_43/synth/bd_3bc8_m02awn_0.sv:53]
INFO: [Synth 8-6157] synthesizing module 'bd_3bc8_m02bn_0' [h:/vivado_realtime_dma_zybo_z7_20/vivado_realtime_dma_zybo_z7_20.gen/sources_1/bd/realtime_dma_bd/ip/realtime_dma_bd_axi_smc_ctrl_0/bd_0/ip/ip_45/synth/bd_3bc8_m02bn_0.sv:53]
INFO: [Synth 8-6155] done synthesizing module 'bd_3bc8_m02bn_0' (0#1) [h:/vivado_realtime_dma_zybo_z7_20/vivado_realtime_dma_zybo_z7_20.gen/sources_1/bd/realtime_dma_bd/ip/realtime_dma_bd_axi_smc_ctrl_0/bd_0/ip/ip_45/synth/bd_3bc8_m02bn_0.sv:53]
INFO: [Synth 8-6157] synthesizing module 'bd_3bc8_m02rn_0' [h:/vivado_realtime_dma_zybo_z7_20/vivado_realtime_dma_zybo_z7_20.gen/sources_1/bd/realtime_dma_bd/ip/realtime_dma_bd_axi_smc_ctrl_0/bd_0/ip/ip_42/synth/bd_3bc8_m02rn_0.sv:53]
INFO: [Synth 8-6155] done synthesizing module 'bd_3bc8_m02rn_0' (0#1) [h:/vivado_realtime_dma_zybo_z7_20/vivado_realtime_dma_zybo_z7_20.gen/sources_1/bd/realtime_dma_bd/ip/realtime_dma_bd_axi_smc_ctrl_0/bd_0/ip/ip_42/synth/bd_3bc8_m02rn_0.sv:53]
INFO: [Synth 8-6157] synthesizing module 'bd_3bc8_m02wn_0' [h:/vivado_realtime_dma_zybo_z7_20/vivado_realtime_dma_zybo_z7_20.gen/sources_1/bd/realtime_dma_bd/ip/realtime_dma_bd_axi_smc_ctrl_0/bd_0/ip/ip_44/synth/bd_3bc8_m02wn_0.sv:53]
INFO: [Synth 8-6155] done synthesizing module 'bd_3bc8_m02wn_0' (0#1) [h:/vivado_realtime_dma_zybo_z7_20/vivado_realtime_dma_zybo_z7_20.gen/sources_1/bd/realtime_dma_bd/ip/realtime_dma_bd_axi_smc_ctrl_0/bd_0/ip/ip_44/synth/bd_3bc8_m02wn_0.sv:53]
INFO: [Synth 8-6155] done synthesizing module 'm02_nodes_imp_1C3HUJF' (0#1) [h:/vivado_realtime_dma_zybo_z7_20/vivado_realtime_dma_zybo_z7_20.gen/sources_1/bd/realtime_dma_bd/ip/realtime_dma_bd_axi_smc_ctrl_0/bd_0/synth/bd_3bc8.v:3472]
INFO: [Synth 8-6157] synthesizing module 'bd_3bc8_m02s2a_0' [h:/vivado_realtime_dma_zybo_z7_20/vivado_realtime_dma_zybo_z7_20.gen/sources_1/bd/realtime_dma_bd/ip/realtime_dma_bd_axi_smc_ctrl_0/bd_0/ip/ip_40/synth/bd_3bc8_m02s2a_0.sv:53]
INFO: [Synth 8-6155] done synthesizing module 'bd_3bc8_m02s2a_0' (0#1) [h:/vivado_realtime_dma_zybo_z7_20/vivado_realtime_dma_zybo_z7_20.gen/sources_1/bd/realtime_dma_bd/ip/realtime_dma_bd_axi_smc_ctrl_0/bd_0/ip/ip_40/synth/bd_3bc8_m02s2a_0.sv:53]
INFO: [Synth 8-6157] synthesizing module 'bd_3bc8_s00a2s_0' [h:/vivado_realtime_dma_zybo_z7_20/vivado_realtime_dma_zybo_z7_20.gen/sources_1/bd/realtime_dma_bd/ip/realtime_dma_bd_axi_smc_ctrl_0/bd_0/ip/ip_20/synth/bd_3bc8_s00a2s_0.sv:53]
INFO: [Synth 8-6155] done synthesizing module 'bd_3bc8_s00a2s_0' (0#1) [h:/vivado_realtime_dma_zybo_z7_20/vivado_realtime_dma_zybo_z7_20.gen/sources_1/bd/realtime_dma_bd/ip/realtime_dma_bd_axi_smc_ctrl_0/bd_0/ip/ip_20/synth/bd_3bc8_s00a2s_0.sv:53]
INFO: [Synth 8-6157] synthesizing module 's00_entry_pipeline_imp_185UK49' [h:/vivado_realtime_dma_zybo_z7_20/vivado_realtime_dma_zybo_z7_20.gen/sources_1/bd/realtime_dma_bd/ip/realtime_dma_bd_axi_smc_ctrl_0/bd_0/synth/bd_3bc8.v:3768]
INFO: [Synth 8-6157] synthesizing module 'bd_3bc8_s00mmu_0' [h:/vivado_realtime_dma_zybo_z7_20/vivado_realtime_dma_zybo_z7_20.gen/sources_1/bd/realtime_dma_bd/ip/realtime_dma_bd_axi_smc_ctrl_0/bd_0/ip/ip_17/synth/bd_3bc8_s00mmu_0.sv:53]
INFO: [Synth 8-6155] done synthesizing module 'bd_3bc8_s00mmu_0' (0#1) [h:/vivado_realtime_dma_zybo_z7_20/vivado_realtime_dma_zybo_z7_20.gen/sources_1/bd/realtime_dma_bd/ip/realtime_dma_bd_axi_smc_ctrl_0/bd_0/ip/ip_17/synth/bd_3bc8_s00mmu_0.sv:53]
INFO: [Synth 8-6157] synthesizing module 'bd_3bc8_s00sic_0' [h:/vivado_realtime_dma_zybo_z7_20/vivado_realtime_dma_zybo_z7_20.gen/sources_1/bd/realtime_dma_bd/ip/realtime_dma_bd_axi_smc_ctrl_0/bd_0/ip/ip_19/synth/bd_3bc8_s00sic_0.sv:53]
INFO: [Synth 8-6155] done synthesizing module 'bd_3bc8_s00sic_0' (0#1) [h:/vivado_realtime_dma_zybo_z7_20/vivado_realtime_dma_zybo_z7_20.gen/sources_1/bd/realtime_dma_bd/ip/realtime_dma_bd_axi_smc_ctrl_0/bd_0/ip/ip_19/synth/bd_3bc8_s00sic_0.sv:53]
INFO: [Synth 8-6157] synthesizing module 'bd_3bc8_s00tr_0' [h:/vivado_realtime_dma_zybo_z7_20/vivado_realtime_dma_zybo_z7_20.gen/sources_1/bd/realtime_dma_bd/ip/realtime_dma_bd_axi_smc_ctrl_0/bd_0/ip/ip_18/synth/bd_3bc8_s00tr_0.sv:53]
INFO: [Synth 8-6155] done synthesizing module 'bd_3bc8_s00tr_0' (0#1) [h:/vivado_realtime_dma_zybo_z7_20/vivado_realtime_dma_zybo_z7_20.gen/sources_1/bd/realtime_dma_bd/ip/realtime_dma_bd_axi_smc_ctrl_0/bd_0/ip/ip_18/synth/bd_3bc8_s00tr_0.sv:53]
INFO: [Synth 8-6155] done synthesizing module 's00_entry_pipeline_imp_185UK49' (0#1) [h:/vivado_realtime_dma_zybo_z7_20/vivado_realtime_dma_zybo_z7_20.gen/sources_1/bd/realtime_dma_bd/ip/realtime_dma_bd_axi_smc_ctrl_0/bd_0/synth/bd_3bc8.v:3768]
INFO: [Synth 8-6157] synthesizing module 's00_nodes_imp_12G6YBN' [h:/vivado_realtime_dma_zybo_z7_20/vivado_realtime_dma_zybo_z7_20.gen/sources_1/bd/realtime_dma_bd/ip/realtime_dma_bd_axi_smc_ctrl_0/bd_0/synth/bd_3bc8.v:4422]
INFO: [Synth 8-6157] synthesizing module 'bd_3bc8_sarn_0' [h:/vivado_realtime_dma_zybo_z7_20/vivado_realtime_dma_zybo_z7_20.gen/sources_1/bd/realtime_dma_bd/ip/realtime_dma_bd_axi_smc_ctrl_0/bd_0/ip/ip_21/synth/bd_3bc8_sarn_0.sv:53]
INFO: [Synth 8-6155] done synthesizing module 'bd_3bc8_sarn_0' (0#1) [h:/vivado_realtime_dma_zybo_z7_20/vivado_realtime_dma_zybo_z7_20.gen/sources_1/bd/realtime_dma_bd/ip/realtime_dma_bd_axi_smc_ctrl_0/bd_0/ip/ip_21/synth/bd_3bc8_sarn_0.sv:53]
INFO: [Synth 8-6157] synthesizing module 'bd_3bc8_sawn_0' [h:/vivado_realtime_dma_zybo_z7_20/vivado_realtime_dma_zybo_z7_20.gen/sources_1/bd/realtime_dma_bd/ip/realtime_dma_bd_axi_smc_ctrl_0/bd_0/ip/ip_23/synth/bd_3bc8_sawn_0.sv:53]
INFO: [Synth 8-6155] done synthesizing module 'bd_3bc8_sawn_0' (0#1) [h:/vivado_realtime_dma_zybo_z7_20/vivado_realtime_dma_zybo_z7_20.gen/sources_1/bd/realtime_dma_bd/ip/realtime_dma_bd_axi_smc_ctrl_0/bd_0/ip/ip_23/synth/bd_3bc8_sawn_0.sv:53]
INFO: [Synth 8-6157] synthesizing module 'bd_3bc8_sbn_0' [h:/vivado_realtime_dma_zybo_z7_20/vivado_realtime_dma_zybo_z7_20.gen/sources_1/bd/realtime_dma_bd/ip/realtime_dma_bd_axi_smc_ctrl_0/bd_0/ip/ip_25/synth/bd_3bc8_sbn_0.sv:53]
INFO: [Synth 8-6155] done synthesizing module 'bd_3bc8_sbn_0' (0#1) [h:/vivado_realtime_dma_zybo_z7_20/vivado_realtime_dma_zybo_z7_20.gen/sources_1/bd/realtime_dma_bd/ip/realtime_dma_bd_axi_smc_ctrl_0/bd_0/ip/ip_25/synth/bd_3bc8_sbn_0.sv:53]
INFO: [Synth 8-6157] synthesizing module 'bd_3bc8_srn_0' [h:/vivado_realtime_dma_zybo_z7_20/vivado_realtime_dma_zybo_z7_20.gen/sources_1/bd/realtime_dma_bd/ip/realtime_dma_bd_axi_smc_ctrl_0/bd_0/ip/ip_22/synth/bd_3bc8_srn_0.sv:53]
INFO: [Synth 8-6155] done synthesizing module 'bd_3bc8_srn_0' (0#1) [h:/vivado_realtime_dma_zybo_z7_20/vivado_realtime_dma_zybo_z7_20.gen/sources_1/bd/realtime_dma_bd/ip/realtime_dma_bd_axi_smc_ctrl_0/bd_0/ip/ip_22/synth/bd_3bc8_srn_0.sv:53]
INFO: [Synth 8-6157] synthesizing module 'bd_3bc8_swn_0' [h:/vivado_realtime_dma_zybo_z7_20/vivado_realtime_dma_zybo_z7_20.gen/sources_1/bd/realtime_dma_bd/ip/realtime_dma_bd_axi_smc_ctrl_0/bd_0/ip/ip_24/synth/bd_3bc8_swn_0.sv:53]
INFO: [Synth 8-6155] done synthesizing module 'bd_3bc8_swn_0' (0#1) [h:/vivado_realtime_dma_zybo_z7_20/vivado_realtime_dma_zybo_z7_20.gen/sources_1/bd/realtime_dma_bd/ip/realtime_dma_bd_axi_smc_ctrl_0/bd_0/ip/ip_24/synth/bd_3bc8_swn_0.sv:53]
INFO: [Synth 8-6155] done synthesizing module 's00_nodes_imp_12G6YBN' (0#1) [h:/vivado_realtime_dma_zybo_z7_20/vivado_realtime_dma_zybo_z7_20.gen/sources_1/bd/realtime_dma_bd/ip/realtime_dma_bd_axi_smc_ctrl_0/bd_0/synth/bd_3bc8.v:4422]
INFO: [Synth 8-6157] synthesizing module 'switchboards_imp_1QJEA8N' [h:/vivado_realtime_dma_zybo_z7_20/vivado_realtime_dma_zybo_z7_20.gen/sources_1/bd/realtime_dma_bd/ip/realtime_dma_bd_axi_smc_ctrl_0/bd_0/synth/bd_3bc8.v:4718]
INFO: [Synth 8-6157] synthesizing module 'bd_3bc8_arinsw_0' [h:/vivado_realtime_dma_zybo_z7_20/vivado_realtime_dma_zybo_z7_20.gen/sources_1/bd/realtime_dma_bd/ip/realtime_dma_bd_axi_smc_ctrl_0/bd_0/ip/ip_2/synth/bd_3bc8_arinsw_0.sv:53]
INFO: [Synth 8-6155] done synthesizing module 'bd_3bc8_arinsw_0' (0#1) [h:/vivado_realtime_dma_zybo_z7_20/vivado_realtime_dma_zybo_z7_20.gen/sources_1/bd/realtime_dma_bd/ip/realtime_dma_bd_axi_smc_ctrl_0/bd_0/ip/ip_2/synth/bd_3bc8_arinsw_0.sv:53]
INFO: [Synth 8-6157] synthesizing module 'bd_3bc8_aroutsw_0' [h:/vivado_realtime_dma_zybo_z7_20/vivado_realtime_dma_zybo_z7_20.gen/sources_1/bd/realtime_dma_bd/ip/realtime_dma_bd_axi_smc_ctrl_0/bd_0/ip/ip_7/synth/bd_3bc8_aroutsw_0.sv:53]
INFO: [Synth 8-6155] done synthesizing module 'bd_3bc8_aroutsw_0' (0#1) [h:/vivado_realtime_dma_zybo_z7_20/vivado_realtime_dma_zybo_z7_20.gen/sources_1/bd/realtime_dma_bd/ip/realtime_dma_bd_axi_smc_ctrl_0/bd_0/ip/ip_7/synth/bd_3bc8_aroutsw_0.sv:53]
INFO: [Synth 8-6157] synthesizing module 'bd_3bc8_awinsw_0' [h:/vivado_realtime_dma_zybo_z7_20/vivado_realtime_dma_zybo_z7_20.gen/sources_1/bd/realtime_dma_bd/ip/realtime_dma_bd_axi_smc_ctrl_0/bd_0/ip/ip_4/synth/bd_3bc8_awinsw_0.sv:53]
INFO: [Synth 8-6155] done synthesizing module 'bd_3bc8_awinsw_0' (0#1) [h:/vivado_realtime_dma_zybo_z7_20/vivado_realtime_dma_zybo_z7_20.gen/sources_1/bd/realtime_dma_bd/ip/realtime_dma_bd_axi_smc_ctrl_0/bd_0/ip/ip_4/synth/bd_3bc8_awinsw_0.sv:53]
INFO: [Synth 8-6157] synthesizing module 'bd_3bc8_awoutsw_0' [h:/vivado_realtime_dma_zybo_z7_20/vivado_realtime_dma_zybo_z7_20.gen/sources_1/bd/realtime_dma_bd/ip/realtime_dma_bd_axi_smc_ctrl_0/bd_0/ip/ip_9/synth/bd_3bc8_awoutsw_0.sv:53]
INFO: [Synth 8-6155] done synthesizing module 'bd_3bc8_awoutsw_0' (0#1) [h:/vivado_realtime_dma_zybo_z7_20/vivado_realtime_dma_zybo_z7_20.gen/sources_1/bd/realtime_dma_bd/ip/realtime_dma_bd_axi_smc_ctrl_0/bd_0/ip/ip_9/synth/bd_3bc8_awoutsw_0.sv:53]
INFO: [Synth 8-6157] synthesizing module 'bd_3bc8_binsw_0' [h:/vivado_realtime_dma_zybo_z7_20/vivado_realtime_dma_zybo_z7_20.gen/sources_1/bd/realtime_dma_bd/ip/realtime_dma_bd_axi_smc_ctrl_0/bd_0/ip/ip_6/synth/bd_3bc8_binsw_0.sv:53]
INFO: [Synth 8-6155] done synthesizing module 'bd_3bc8_binsw_0' (0#1) [h:/vivado_realtime_dma_zybo_z7_20/vivado_realtime_dma_zybo_z7_20.gen/sources_1/bd/realtime_dma_bd/ip/realtime_dma_bd_axi_smc_ctrl_0/bd_0/ip/ip_6/synth/bd_3bc8_binsw_0.sv:53]
INFO: [Synth 8-6157] synthesizing module 'bd_3bc8_boutsw_0' [h:/vivado_realtime_dma_zybo_z7_20/vivado_realtime_dma_zybo_z7_20.gen/sources_1/bd/realtime_dma_bd/ip/realtime_dma_bd_axi_smc_ctrl_0/bd_0/ip/ip_11/synth/bd_3bc8_boutsw_0.sv:53]
INFO: [Synth 8-6155] done synthesizing module 'bd_3bc8_boutsw_0' (0#1) [h:/vivado_realtime_dma_zybo_z7_20/vivado_realtime_dma_zybo_z7_20.gen/sources_1/bd/realtime_dma_bd/ip/realtime_dma_bd_axi_smc_ctrl_0/bd_0/ip/ip_11/synth/bd_3bc8_boutsw_0.sv:53]
INFO: [Synth 8-6157] synthesizing module 'i_nodes_imp_AC6BN3' [h:/vivado_realtime_dma_zybo_z7_20/vivado_realtime_dma_zybo_z7_20.gen/sources_1/bd/realtime_dma_bd/ip/realtime_dma_bd_axi_smc_ctrl_0/bd_0/synth/bd_3bc8.v:1681]
INFO: [Synth 8-6157] synthesizing module 'bd_3bc8_arni_0' [h:/vivado_realtime_dma_zybo_z7_20/vivado_realtime_dma_zybo_z7_20.gen/sources_1/bd/realtime_dma_bd/ip/realtime_dma_bd_axi_smc_ctrl_0/bd_0/ip/ip_12/synth/bd_3bc8_arni_0.sv:53]
INFO: [Synth 8-6155] done synthesizing module 'bd_3bc8_arni_0' (0#1) [h:/vivado_realtime_dma_zybo_z7_20/vivado_realtime_dma_zybo_z7_20.gen/sources_1/bd/realtime_dma_bd/ip/realtime_dma_bd_axi_smc_ctrl_0/bd_0/ip/ip_12/synth/bd_3bc8_arni_0.sv:53]
INFO: [Synth 8-6157] synthesizing module 'bd_3bc8_awni_0' [h:/vivado_realtime_dma_zybo_z7_20/vivado_realtime_dma_zybo_z7_20.gen/sources_1/bd/realtime_dma_bd/ip/realtime_dma_bd_axi_smc_ctrl_0/bd_0/ip/ip_14/synth/bd_3bc8_awni_0.sv:53]
INFO: [Synth 8-6155] done synthesizing module 'bd_3bc8_awni_0' (0#1) [h:/vivado_realtime_dma_zybo_z7_20/vivado_realtime_dma_zybo_z7_20.gen/sources_1/bd/realtime_dma_bd/ip/realtime_dma_bd_axi_smc_ctrl_0/bd_0/ip/ip_14/synth/bd_3bc8_awni_0.sv:53]
INFO: [Synth 8-6157] synthesizing module 'bd_3bc8_bni_0' [h:/vivado_realtime_dma_zybo_z7_20/vivado_realtime_dma_zybo_z7_20.gen/sources_1/bd/realtime_dma_bd/ip/realtime_dma_bd_axi_smc_ctrl_0/bd_0/ip/ip_16/synth/bd_3bc8_bni_0.sv:53]
INFO: [Synth 8-6155] done synthesizing module 'bd_3bc8_bni_0' (0#1) [h:/vivado_realtime_dma_zybo_z7_20/vivado_realtime_dma_zybo_z7_20.gen/sources_1/bd/realtime_dma_bd/ip/realtime_dma_bd_axi_smc_ctrl_0/bd_0/ip/ip_16/synth/bd_3bc8_bni_0.sv:53]
INFO: [Synth 8-6157] synthesizing module 'bd_3bc8_rni_0' [h:/vivado_realtime_dma_zybo_z7_20/vivado_realtime_dma_zybo_z7_20.gen/sources_1/bd/realtime_dma_bd/ip/realtime_dma_bd_axi_smc_ctrl_0/bd_0/ip/ip_13/synth/bd_3bc8_rni_0.sv:53]
INFO: [Synth 8-6155] done synthesizing module 'bd_3bc8_rni_0' (0#1) [h:/vivado_realtime_dma_zybo_z7_20/vivado_realtime_dma_zybo_z7_20.gen/sources_1/bd/realtime_dma_bd/ip/realtime_dma_bd_axi_smc_ctrl_0/bd_0/ip/ip_13/synth/bd_3bc8_rni_0.sv:53]
INFO: [Synth 8-6157] synthesizing module 'bd_3bc8_wni_0' [h:/vivado_realtime_dma_zybo_z7_20/vivado_realtime_dma_zybo_z7_20.gen/sources_1/bd/realtime_dma_bd/ip/realtime_dma_bd_axi_smc_ctrl_0/bd_0/ip/ip_15/synth/bd_3bc8_wni_0.sv:53]
INFO: [Synth 8-6155] done synthesizing module 'bd_3bc8_wni_0' (0#1) [h:/vivado_realtime_dma_zybo_z7_20/vivado_realtime_dma_zybo_z7_20.gen/sources_1/bd/realtime_dma_bd/ip/realtime_dma_bd_axi_smc_ctrl_0/bd_0/ip/ip_15/synth/bd_3bc8_wni_0.sv:53]
INFO: [Synth 8-6155] done synthesizing module 'i_nodes_imp_AC6BN3' (0#1) [h:/vivado_realtime_dma_zybo_z7_20/vivado_realtime_dma_zybo_z7_20.gen/sources_1/bd/realtime_dma_bd/ip/realtime_dma_bd_axi_smc_ctrl_0/bd_0/synth/bd_3bc8.v:1681]
INFO: [Synth 8-6157] synthesizing module 'bd_3bc8_rinsw_0' [h:/vivado_realtime_dma_zybo_z7_20/vivado_realtime_dma_zybo_z7_20.gen/sources_1/bd/realtime_dma_bd/ip/realtime_dma_bd_axi_smc_ctrl_0/bd_0/ip/ip_3/synth/bd_3bc8_rinsw_0.sv:53]
INFO: [Synth 8-6155] done synthesizing module 'bd_3bc8_rinsw_0' (0#1) [h:/vivado_realtime_dma_zybo_z7_20/vivado_realtime_dma_zybo_z7_20.gen/sources_1/bd/realtime_dma_bd/ip/realtime_dma_bd_axi_smc_ctrl_0/bd_0/ip/ip_3/synth/bd_3bc8_rinsw_0.sv:53]
INFO: [Synth 8-6157] synthesizing module 'bd_3bc8_routsw_0' [h:/vivado_realtime_dma_zybo_z7_20/vivado_realtime_dma_zybo_z7_20.gen/sources_1/bd/realtime_dma_bd/ip/realtime_dma_bd_axi_smc_ctrl_0/bd_0/ip/ip_8/synth/bd_3bc8_routsw_0.sv:53]
INFO: [Synth 8-6155] done synthesizing module 'bd_3bc8_routsw_0' (0#1) [h:/vivado_realtime_dma_zybo_z7_20/vivado_realtime_dma_zybo_z7_20.gen/sources_1/bd/realtime_dma_bd/ip/realtime_dma_bd_axi_smc_ctrl_0/bd_0/ip/ip_8/synth/bd_3bc8_routsw_0.sv:53]
INFO: [Synth 8-6157] synthesizing module 'bd_3bc8_winsw_0' [h:/vivado_realtime_dma_zybo_z7_20/vivado_realtime_dma_zybo_z7_20.gen/sources_1/bd/realtime_dma_bd/ip/realtime_dma_bd_axi_smc_ctrl_0/bd_0/ip/ip_5/synth/bd_3bc8_winsw_0.sv:53]
INFO: [Synth 8-6155] done synthesizing module 'bd_3bc8_winsw_0' (0#1) [h:/vivado_realtime_dma_zybo_z7_20/vivado_realtime_dma_zybo_z7_20.gen/sources_1/bd/realtime_dma_bd/ip/realtime_dma_bd_axi_smc_ctrl_0/bd_0/ip/ip_5/synth/bd_3bc8_winsw_0.sv:53]
INFO: [Synth 8-6157] synthesizing module 'bd_3bc8_woutsw_0' [h:/vivado_realtime_dma_zybo_z7_20/vivado_realtime_dma_zybo_z7_20.gen/sources_1/bd/realtime_dma_bd/ip/realtime_dma_bd_axi_smc_ctrl_0/bd_0/ip/ip_10/synth/bd_3bc8_woutsw_0.sv:53]
INFO: [Synth 8-6155] done synthesizing module 'bd_3bc8_woutsw_0' (0#1) [h:/vivado_realtime_dma_zybo_z7_20/vivado_realtime_dma_zybo_z7_20.gen/sources_1/bd/realtime_dma_bd/ip/realtime_dma_bd_axi_smc_ctrl_0/bd_0/ip/ip_10/synth/bd_3bc8_woutsw_0.sv:53]
INFO: [Synth 8-6155] done synthesizing module 'switchboards_imp_1QJEA8N' (0#1) [h:/vivado_realtime_dma_zybo_z7_20/vivado_realtime_dma_zybo_z7_20.gen/sources_1/bd/realtime_dma_bd/ip/realtime_dma_bd_axi_smc_ctrl_0/bd_0/synth/bd_3bc8.v:4718]
INFO: [Synth 8-6155] done synthesizing module 'bd_3bc8' (0#1) [h:/vivado_realtime_dma_zybo_z7_20/vivado_realtime_dma_zybo_z7_20.gen/sources_1/bd/realtime_dma_bd/ip/realtime_dma_bd_axi_smc_ctrl_0/bd_0/synth/bd_3bc8.v:10]
INFO: [Synth 8-6155] done synthesizing module 'realtime_dma_bd_axi_smc_ctrl_0' (0#1) [h:/vivado_realtime_dma_zybo_z7_20/vivado_realtime_dma_zybo_z7_20.gen/sources_1/bd/realtime_dma_bd/ip/realtime_dma_bd_axi_smc_ctrl_0/synth/realtime_dma_bd_axi_smc_ctrl_0.v:53]
WARNING: [Synth 8-7071] port 'M00_AXI_awprot' of module 'realtime_dma_bd_axi_smc_ctrl_0' is unconnected for instance 'axi_smc_ctrl' [H:/vivado_realtime_dma_zybo_z7_20/vivado_realtime_dma_zybo_z7_20.gen/sources_1/bd/realtime_dma_bd/synth/realtime_dma_bd.v:375]
WARNING: [Synth 8-7071] port 'M00_AXI_arprot' of module 'realtime_dma_bd_axi_smc_ctrl_0' is unconnected for instance 'axi_smc_ctrl' [H:/vivado_realtime_dma_zybo_z7_20/vivado_realtime_dma_zybo_z7_20.gen/sources_1/bd/realtime_dma_bd/synth/realtime_dma_bd.v:375]
WARNING: [Synth 8-7071] port 'M01_AXI_awprot' of module 'realtime_dma_bd_axi_smc_ctrl_0' is unconnected for instance 'axi_smc_ctrl' [H:/vivado_realtime_dma_zybo_z7_20/vivado_realtime_dma_zybo_z7_20.gen/sources_1/bd/realtime_dma_bd/synth/realtime_dma_bd.v:375]
WARNING: [Synth 8-7071] port 'M01_AXI_wstrb' of module 'realtime_dma_bd_axi_smc_ctrl_0' is unconnected for instance 'axi_smc_ctrl' [H:/vivado_realtime_dma_zybo_z7_20/vivado_realtime_dma_zybo_z7_20.gen/sources_1/bd/realtime_dma_bd/synth/realtime_dma_bd.v:375]
WARNING: [Synth 8-7071] port 'M01_AXI_arprot' of module 'realtime_dma_bd_axi_smc_ctrl_0' is unconnected for instance 'axi_smc_ctrl' [H:/vivado_realtime_dma_zybo_z7_20/vivado_realtime_dma_zybo_z7_20.gen/sources_1/bd/realtime_dma_bd/synth/realtime_dma_bd.v:375]
WARNING: [Synth 8-7071] port 'M02_AXI_awprot' of module 'realtime_dma_bd_axi_smc_ctrl_0' is unconnected for instance 'axi_smc_ctrl' [H:/vivado_realtime_dma_zybo_z7_20/vivado_realtime_dma_zybo_z7_20.gen/sources_1/bd/realtime_dma_bd/synth/realtime_dma_bd.v:375]
WARNING: [Synth 8-7071] port 'M02_AXI_wstrb' of module 'realtime_dma_bd_axi_smc_ctrl_0' is unconnected for instance 'axi_smc_ctrl' [H:/vivado_realtime_dma_zybo_z7_20/vivado_realtime_dma_zybo_z7_20.gen/sources_1/bd/realtime_dma_bd/synth/realtime_dma_bd.v:375]
WARNING: [Synth 8-7071] port 'M02_AXI_arprot' of module 'realtime_dma_bd_axi_smc_ctrl_0' is unconnected for instance 'axi_smc_ctrl' [H:/vivado_realtime_dma_zybo_z7_20/vivado_realtime_dma_zybo_z7_20.gen/sources_1/bd/realtime_dma_bd/synth/realtime_dma_bd.v:375]
WARNING: [Synth 8-7023] instance 'axi_smc_ctrl' of module 'realtime_dma_bd_axi_smc_ctrl_0' has 97 connections declared, but only 89 given [H:/vivado_realtime_dma_zybo_z7_20/vivado_realtime_dma_zybo_z7_20.gen/sources_1/bd/realtime_dma_bd/synth/realtime_dma_bd.v:375]
INFO: [Synth 8-6157] synthesizing module 'realtime_dma_bd_axi_smc_mem_0' [h:/vivado_realtime_dma_zybo_z7_20/vivado_realtime_dma_zybo_z7_20.gen/sources_1/bd/realtime_dma_bd/ip/realtime_dma_bd_axi_smc_mem_0/synth/realtime_dma_bd_axi_smc_mem_0.v:53]
INFO: [Synth 8-6157] synthesizing module 'bd_af63' [h:/vivado_realtime_dma_zybo_z7_20/vivado_realtime_dma_zybo_z7_20.gen/sources_1/bd/realtime_dma_bd/ip/realtime_dma_bd_axi_smc_mem_0/bd_0/synth/bd_af63.v:10]
INFO: [Synth 8-6157] synthesizing module 'clk_map_imp_1MH43CD' [h:/vivado_realtime_dma_zybo_z7_20/vivado_realtime_dma_zybo_z7_20.gen/sources_1/bd/realtime_dma_bd/ip/realtime_dma_bd_axi_smc_mem_0/bd_0/synth/bd_af63.v:1378]
INFO: [Synth 8-6157] synthesizing module 'bd_af63_one_0' [h:/vivado_realtime_dma_zybo_z7_20/vivado_realtime_dma_zybo_z7_20.gen/sources_1/bd/realtime_dma_bd/ip/realtime_dma_bd_axi_smc_mem_0/bd_0/ip/ip_0/synth/bd_af63_one_0.v:53]
INFO: [Synth 8-6155] done synthesizing module 'bd_af63_one_0' (0#1) [h:/vivado_realtime_dma_zybo_z7_20/vivado_realtime_dma_zybo_z7_20.gen/sources_1/bd/realtime_dma_bd/ip/realtime_dma_bd_axi_smc_mem_0/bd_0/ip/ip_0/synth/bd_af63_one_0.v:53]
INFO: [Synth 8-638] synthesizing module 'bd_af63_psr_aclk_0' [h:/vivado_realtime_dma_zybo_z7_20/vivado_realtime_dma_zybo_z7_20.gen/sources_1/bd/realtime_dma_bd/ip/realtime_dma_bd_axi_smc_mem_0/bd_0/ip/ip_1/synth/bd_af63_psr_aclk_0.vhd:74]
	Parameter C_FAMILY bound to: zynq - type: string 
	Parameter C_EXT_RST_WIDTH bound to: 4 - type: integer 
	Parameter C_AUX_RST_WIDTH bound to: 1 - type: integer 
	Parameter C_EXT_RESET_HIGH bound to: 1'b0 
	Parameter C_AUX_RESET_HIGH bound to: 1'b0 
	Parameter C_NUM_BUS_RST bound to: 1 - type: integer 
	Parameter C_NUM_PERP_RST bound to: 1 - type: integer 
	Parameter C_NUM_INTERCONNECT_ARESETN bound to: 1 - type: integer 
	Parameter C_NUM_PERP_ARESETN bound to: 1 - type: integer 
INFO: [Synth 8-3491] module 'proc_sys_reset' declared at 'h:/vivado_realtime_dma_zybo_z7_20/vivado_realtime_dma_zybo_z7_20.gen/sources_1/bd/realtime_dma_bd/ipshared/408c/hdl/proc_sys_reset_v5_0_vh_rfs.vhd:1271' bound to instance 'U0' of component 'proc_sys_reset' [h:/vivado_realtime_dma_zybo_z7_20/vivado_realtime_dma_zybo_z7_20.gen/sources_1/bd/realtime_dma_bd/ip/realtime_dma_bd_axi_smc_mem_0/bd_0/ip/ip_1/synth/bd_af63_psr_aclk_0.vhd:129]
INFO: [Synth 8-256] done synthesizing module 'bd_af63_psr_aclk_0' (0#1) [h:/vivado_realtime_dma_zybo_z7_20/vivado_realtime_dma_zybo_z7_20.gen/sources_1/bd/realtime_dma_bd/ip/realtime_dma_bd_axi_smc_mem_0/bd_0/ip/ip_1/synth/bd_af63_psr_aclk_0.vhd:74]
WARNING: [Synth 8-7071] port 'mb_reset' of module 'bd_af63_psr_aclk_0' is unconnected for instance 'psr_aclk' [h:/vivado_realtime_dma_zybo_z7_20/vivado_realtime_dma_zybo_z7_20.gen/sources_1/bd/realtime_dma_bd/ip/realtime_dma_bd_axi_smc_mem_0/bd_0/synth/bd_af63.v:1431]
WARNING: [Synth 8-7071] port 'bus_struct_reset' of module 'bd_af63_psr_aclk_0' is unconnected for instance 'psr_aclk' [h:/vivado_realtime_dma_zybo_z7_20/vivado_realtime_dma_zybo_z7_20.gen/sources_1/bd/realtime_dma_bd/ip/realtime_dma_bd_axi_smc_mem_0/bd_0/synth/bd_af63.v:1431]
WARNING: [Synth 8-7071] port 'peripheral_reset' of module 'bd_af63_psr_aclk_0' is unconnected for instance 'psr_aclk' [h:/vivado_realtime_dma_zybo_z7_20/vivado_realtime_dma_zybo_z7_20.gen/sources_1/bd/realtime_dma_bd/ip/realtime_dma_bd_axi_smc_mem_0/bd_0/synth/bd_af63.v:1431]
WARNING: [Synth 8-7071] port 'peripheral_aresetn' of module 'bd_af63_psr_aclk_0' is unconnected for instance 'psr_aclk' [h:/vivado_realtime_dma_zybo_z7_20/vivado_realtime_dma_zybo_z7_20.gen/sources_1/bd/realtime_dma_bd/ip/realtime_dma_bd_axi_smc_mem_0/bd_0/synth/bd_af63.v:1431]
WARNING: [Synth 8-7023] instance 'psr_aclk' of module 'bd_af63_psr_aclk_0' has 10 connections declared, but only 6 given [h:/vivado_realtime_dma_zybo_z7_20/vivado_realtime_dma_zybo_z7_20.gen/sources_1/bd/realtime_dma_bd/ip/realtime_dma_bd_axi_smc_mem_0/bd_0/synth/bd_af63.v:1431]
INFO: [Synth 8-6155] done synthesizing module 'clk_map_imp_1MH43CD' (0#1) [h:/vivado_realtime_dma_zybo_z7_20/vivado_realtime_dma_zybo_z7_20.gen/sources_1/bd/realtime_dma_bd/ip/realtime_dma_bd_axi_smc_mem_0/bd_0/synth/bd_af63.v:1378]
INFO: [Synth 8-6157] synthesizing module 'm00_exit_pipeline_imp_BO6P86' [h:/vivado_realtime_dma_zybo_z7_20/vivado_realtime_dma_zybo_z7_20.gen/sources_1/bd/realtime_dma_bd/ip/realtime_dma_bd_axi_smc_mem_0/bd_0/synth/bd_af63.v:1440]
INFO: [Synth 8-6157] synthesizing module 'bd_af63_m00e_0' [h:/vivado_realtime_dma_zybo_z7_20/vivado_realtime_dma_zybo_z7_20.gen/sources_1/bd/realtime_dma_bd/ip/realtime_dma_bd_axi_smc_mem_0/bd_0/ip/ip_38/synth/bd_af63_m00e_0.sv:53]
INFO: [Synth 8-6155] done synthesizing module 'bd_af63_m00e_0' (0#1) [h:/vivado_realtime_dma_zybo_z7_20/vivado_realtime_dma_zybo_z7_20.gen/sources_1/bd/realtime_dma_bd/ip/realtime_dma_bd_axi_smc_mem_0/bd_0/ip/ip_38/synth/bd_af63_m00e_0.sv:53]
INFO: [Synth 8-6155] done synthesizing module 'm00_exit_pipeline_imp_BO6P86' (0#1) [h:/vivado_realtime_dma_zybo_z7_20/vivado_realtime_dma_zybo_z7_20.gen/sources_1/bd/realtime_dma_bd/ip/realtime_dma_bd_axi_smc_mem_0/bd_0/synth/bd_af63.v:1440]
INFO: [Synth 8-6157] synthesizing module 'm00_nodes_imp_XW37DM' [h:/vivado_realtime_dma_zybo_z7_20/vivado_realtime_dma_zybo_z7_20.gen/sources_1/bd/realtime_dma_bd/ip/realtime_dma_bd_axi_smc_mem_0/bd_0/synth/bd_af63.v:1811]
INFO: [Synth 8-6157] synthesizing module 'bd_af63_m00arn_0' [h:/vivado_realtime_dma_zybo_z7_20/vivado_realtime_dma_zybo_z7_20.gen/sources_1/bd/realtime_dma_bd/ip/realtime_dma_bd_axi_smc_mem_0/bd_0/ip/ip_33/synth/bd_af63_m00arn_0.sv:53]
INFO: [Synth 8-6157] synthesizing module 'xpm_memory_sdpram' [C:/Xilinx/Vivado/2023.2/data/ip/xpm/xpm_memory/hdl/xpm_memory.sv:8548]
INFO: [Synth 8-6157] synthesizing module 'xpm_memory_base__parameterized2' [C:/Xilinx/Vivado/2023.2/data/ip/xpm/xpm_memory/hdl/xpm_memory.sv:54]
INFO: [Synth 8-6155] done synthesizing module 'xpm_memory_base__parameterized2' (0#1) [C:/Xilinx/Vivado/2023.2/data/ip/xpm/xpm_memory/hdl/xpm_memory.sv:54]
INFO: [Synth 8-6155] done synthesizing module 'xpm_memory_sdpram' (0#1) [C:/Xilinx/Vivado/2023.2/data/ip/xpm/xpm_memory/hdl/xpm_memory.sv:8548]
INFO: [Synth 8-6157] synthesizing module 'xpm_memory_sdpram__parameterized0' [C:/Xilinx/Vivado/2023.2/data/ip/xpm/xpm_memory/hdl/xpm_memory.sv:8548]
INFO: [Synth 8-6157] synthesizing module 'xpm_memory_base__parameterized3' [C:/Xilinx/Vivado/2023.2/data/ip/xpm/xpm_memory/hdl/xpm_memory.sv:54]
INFO: [Synth 8-6155] done synthesizing module 'xpm_memory_base__parameterized3' (0#1) [C:/Xilinx/Vivado/2023.2/data/ip/xpm/xpm_memory/hdl/xpm_memory.sv:54]
INFO: [Synth 8-6155] done synthesizing module 'xpm_memory_sdpram__parameterized0' (0#1) [C:/Xilinx/Vivado/2023.2/data/ip/xpm/xpm_memory/hdl/xpm_memory.sv:8548]
INFO: [Synth 8-6155] done synthesizing module 'bd_af63_m00arn_0' (0#1) [h:/vivado_realtime_dma_zybo_z7_20/vivado_realtime_dma_zybo_z7_20.gen/sources_1/bd/realtime_dma_bd/ip/realtime_dma_bd_axi_smc_mem_0/bd_0/ip/ip_33/synth/bd_af63_m00arn_0.sv:53]
INFO: [Synth 8-6157] synthesizing module 'bd_af63_m00awn_0' [h:/vivado_realtime_dma_zybo_z7_20/vivado_realtime_dma_zybo_z7_20.gen/sources_1/bd/realtime_dma_bd/ip/realtime_dma_bd_axi_smc_mem_0/bd_0/ip/ip_35/synth/bd_af63_m00awn_0.sv:53]
INFO: [Synth 8-6155] done synthesizing module 'bd_af63_m00awn_0' (0#1) [h:/vivado_realtime_dma_zybo_z7_20/vivado_realtime_dma_zybo_z7_20.gen/sources_1/bd/realtime_dma_bd/ip/realtime_dma_bd_axi_smc_mem_0/bd_0/ip/ip_35/synth/bd_af63_m00awn_0.sv:53]
INFO: [Synth 8-6157] synthesizing module 'bd_af63_m00bn_0' [h:/vivado_realtime_dma_zybo_z7_20/vivado_realtime_dma_zybo_z7_20.gen/sources_1/bd/realtime_dma_bd/ip/realtime_dma_bd_axi_smc_mem_0/bd_0/ip/ip_37/synth/bd_af63_m00bn_0.sv:53]
INFO: [Synth 8-6157] synthesizing module 'xpm_memory_sdpram__parameterized1' [C:/Xilinx/Vivado/2023.2/data/ip/xpm/xpm_memory/hdl/xpm_memory.sv:8548]
INFO: [Synth 8-6157] synthesizing module 'xpm_memory_base__parameterized4' [C:/Xilinx/Vivado/2023.2/data/ip/xpm/xpm_memory/hdl/xpm_memory.sv:54]
INFO: [Common 17-14] Message 'Synth 8-6157' appears 100 times and further instances of the messages will be disabled. Use the Tcl command set_msg_config to change the current settings.
INFO: [Synth 8-6155] done synthesizing module 'xpm_memory_base__parameterized4' (0#1) [C:/Xilinx/Vivado/2023.2/data/ip/xpm/xpm_memory/hdl/xpm_memory.sv:54]
INFO: [Synth 8-6155] done synthesizing module 'xpm_memory_sdpram__parameterized1' (0#1) [C:/Xilinx/Vivado/2023.2/data/ip/xpm/xpm_memory/hdl/xpm_memory.sv:8548]
INFO: [Synth 8-6155] done synthesizing module 'xpm_memory_base__parameterized5' (0#1) [C:/Xilinx/Vivado/2023.2/data/ip/xpm/xpm_memory/hdl/xpm_memory.sv:54]
INFO: [Synth 8-6155] done synthesizing module 'xpm_memory_sdpram__parameterized2' (0#1) [C:/Xilinx/Vivado/2023.2/data/ip/xpm/xpm_memory/hdl/xpm_memory.sv:8548]
INFO: [Synth 8-6155] done synthesizing module 'bd_af63_m00bn_0' (0#1) [h:/vivado_realtime_dma_zybo_z7_20/vivado_realtime_dma_zybo_z7_20.gen/sources_1/bd/realtime_dma_bd/ip/realtime_dma_bd_axi_smc_mem_0/bd_0/ip/ip_37/synth/bd_af63_m00bn_0.sv:53]
INFO: [Synth 8-6155] done synthesizing module 'xpm_memory_base__parameterized6' (0#1) [C:/Xilinx/Vivado/2023.2/data/ip/xpm/xpm_memory/hdl/xpm_memory.sv:54]
INFO: [Synth 8-6155] done synthesizing module 'xpm_memory_sdpram__parameterized3' (0#1) [C:/Xilinx/Vivado/2023.2/data/ip/xpm/xpm_memory/hdl/xpm_memory.sv:8548]
INFO: [Synth 8-6155] done synthesizing module 'bd_af63_m00rn_0' (0#1) [h:/vivado_realtime_dma_zybo_z7_20/vivado_realtime_dma_zybo_z7_20.gen/sources_1/bd/realtime_dma_bd/ip/realtime_dma_bd_axi_smc_mem_0/bd_0/ip/ip_34/synth/bd_af63_m00rn_0.sv:53]
INFO: [Common 17-14] Message 'Synth 8-6155' appears 100 times and further instances of the messages will be disabled. Use the Tcl command set_msg_config to change the current settings.
WARNING: [Synth 8-7071] port 'm_axi_arburst' of module 'bd_af63_s00tr_0' is unconnected for instance 's00_transaction_regulator' [h:/vivado_realtime_dma_zybo_z7_20/vivado_realtime_dma_zybo_z7_20.gen/sources_1/bd/realtime_dma_bd/ip/realtime_dma_bd_axi_smc_mem_0/bd_0/synth/bd_af63.v:2363]
WARNING: [Synth 8-7023] instance 's00_transaction_regulator' of module 'bd_af63_s00tr_0' has 38 connections declared, but only 37 given [h:/vivado_realtime_dma_zybo_z7_20/vivado_realtime_dma_zybo_z7_20.gen/sources_1/bd/realtime_dma_bd/ip/realtime_dma_bd_axi_smc_mem_0/bd_0/synth/bd_af63.v:2363]
WARNING: [Synth 8-7071] port 'm_axi_awburst' of module 'bd_af63_s01tr_0' is unconnected for instance 's01_transaction_regulator' [h:/vivado_realtime_dma_zybo_z7_20/vivado_realtime_dma_zybo_z7_20.gen/sources_1/bd/realtime_dma_bd/ip/realtime_dma_bd_axi_smc_mem_0/bd_0/synth/bd_af63.v:2832]
WARNING: [Synth 8-7023] instance 's01_transaction_regulator' of module 'bd_af63_s01tr_0' has 46 connections declared, but only 45 given [h:/vivado_realtime_dma_zybo_z7_20/vivado_realtime_dma_zybo_z7_20.gen/sources_1/bd/realtime_dma_bd/ip/realtime_dma_bd_axi_smc_mem_0/bd_0/synth/bd_af63.v:2832]
WARNING: [Synth 8-7071] port 'm_axi_arburst' of module 'bd_af63_s02tr_0' is unconnected for instance 's02_transaction_regulator' [h:/vivado_realtime_dma_zybo_z7_20/vivado_realtime_dma_zybo_z7_20.gen/sources_1/bd/realtime_dma_bd/ip/realtime_dma_bd_axi_smc_mem_0/bd_0/synth/bd_af63.v:3313]
WARNING: [Synth 8-7023] instance 's02_transaction_regulator' of module 'bd_af63_s02tr_0' has 38 connections declared, but only 37 given [h:/vivado_realtime_dma_zybo_z7_20/vivado_realtime_dma_zybo_z7_20.gen/sources_1/bd/realtime_dma_bd/ip/realtime_dma_bd_axi_smc_mem_0/bd_0/synth/bd_af63.v:3313]
WARNING: [Synth 8-7071] port 'm_axi_arburst' of module 'bd_af63_s03tr_0' is unconnected for instance 's03_transaction_regulator' [h:/vivado_realtime_dma_zybo_z7_20/vivado_realtime_dma_zybo_z7_20.gen/sources_1/bd/realtime_dma_bd/ip/realtime_dma_bd_axi_smc_mem_0/bd_0/synth/bd_af63.v:3745]
WARNING: [Synth 8-7023] instance 's03_transaction_regulator' of module 'bd_af63_s03tr_0' has 40 connections declared, but only 39 given [h:/vivado_realtime_dma_zybo_z7_20/vivado_realtime_dma_zybo_z7_20.gen/sources_1/bd/realtime_dma_bd/ip/realtime_dma_bd_axi_smc_mem_0/bd_0/synth/bd_af63.v:3745]
WARNING: [Synth 8-7071] port 'M00_SC_B_info' of module 'switchboards_imp_1NS8YM3' is unconnected for instance 'switchboards' [h:/vivado_realtime_dma_zybo_z7_20/vivado_realtime_dma_zybo_z7_20.gen/sources_1/bd/realtime_dma_bd/ip/realtime_dma_bd_axi_smc_mem_0/bd_0/synth/bd_af63.v:1271]
WARNING: [Synth 8-7071] port 'M00_SC_B_payld' of module 'switchboards_imp_1NS8YM3' is unconnected for instance 'switchboards' [h:/vivado_realtime_dma_zybo_z7_20/vivado_realtime_dma_zybo_z7_20.gen/sources_1/bd/realtime_dma_bd/ip/realtime_dma_bd_axi_smc_mem_0/bd_0/synth/bd_af63.v:1271]
WARNING: [Synth 8-7071] port 'M00_SC_B_req' of module 'switchboards_imp_1NS8YM3' is unconnected for instance 'switchboards' [h:/vivado_realtime_dma_zybo_z7_20/vivado_realtime_dma_zybo_z7_20.gen/sources_1/bd/realtime_dma_bd/ip/realtime_dma_bd_axi_smc_mem_0/bd_0/synth/bd_af63.v:1271]
WARNING: [Synth 8-7071] port 'M00_SC_B_send' of module 'switchboards_imp_1NS8YM3' is unconnected for instance 'switchboards' [h:/vivado_realtime_dma_zybo_z7_20/vivado_realtime_dma_zybo_z7_20.gen/sources_1/bd/realtime_dma_bd/ip/realtime_dma_bd_axi_smc_mem_0/bd_0/synth/bd_af63.v:1271]
WARNING: [Synth 8-7071] port 'M01_SC_R_info' of module 'switchboards_imp_1NS8YM3' is unconnected for instance 'switchboards' [h:/vivado_realtime_dma_zybo_z7_20/vivado_realtime_dma_zybo_z7_20.gen/sources_1/bd/realtime_dma_bd/ip/realtime_dma_bd_axi_smc_mem_0/bd_0/synth/bd_af63.v:1271]
WARNING: [Synth 8-7071] port 'M01_SC_R_payld' of module 'switchboards_imp_1NS8YM3' is unconnected for instance 'switchboards' [h:/vivado_realtime_dma_zybo_z7_20/vivado_realtime_dma_zybo_z7_20.gen/sources_1/bd/realtime_dma_bd/ip/realtime_dma_bd_axi_smc_mem_0/bd_0/synth/bd_af63.v:1271]
WARNING: [Synth 8-7071] port 'M01_SC_R_req' of module 'switchboards_imp_1NS8YM3' is unconnected for instance 'switchboards' [h:/vivado_realtime_dma_zybo_z7_20/vivado_realtime_dma_zybo_z7_20.gen/sources_1/bd/realtime_dma_bd/ip/realtime_dma_bd_axi_smc_mem_0/bd_0/synth/bd_af63.v:1271]
WARNING: [Synth 8-7071] port 'M01_SC_R_send' of module 'switchboards_imp_1NS8YM3' is unconnected for instance 'switchboards' [h:/vivado_realtime_dma_zybo_z7_20/vivado_realtime_dma_zybo_z7_20.gen/sources_1/bd/realtime_dma_bd/ip/realtime_dma_bd_axi_smc_mem_0/bd_0/synth/bd_af63.v:1271]
WARNING: [Synth 8-7071] port 'M02_SC_B_info' of module 'switchboards_imp_1NS8YM3' is unconnected for instance 'switchboards' [h:/vivado_realtime_dma_zybo_z7_20/vivado_realtime_dma_zybo_z7_20.gen/sources_1/bd/realtime_dma_bd/ip/realtime_dma_bd_axi_smc_mem_0/bd_0/synth/bd_af63.v:1271]
WARNING: [Synth 8-7071] port 'M02_SC_B_payld' of module 'switchboards_imp_1NS8YM3' is unconnected for instance 'switchboards' [h:/vivado_realtime_dma_zybo_z7_20/vivado_realtime_dma_zybo_z7_20.gen/sources_1/bd/realtime_dma_bd/ip/realtime_dma_bd_axi_smc_mem_0/bd_0/synth/bd_af63.v:1271]
WARNING: [Synth 8-7071] port 'M02_SC_B_req' of module 'switchboards_imp_1NS8YM3' is unconnected for instance 'switchboards' [h:/vivado_realtime_dma_zybo_z7_20/vivado_realtime_dma_zybo_z7_20.gen/sources_1/bd/realtime_dma_bd/ip/realtime_dma_bd_axi_smc_mem_0/bd_0/synth/bd_af63.v:1271]
WARNING: [Synth 8-7071] port 'M02_SC_B_send' of module 'switchboards_imp_1NS8YM3' is unconnected for instance 'switchboards' [h:/vivado_realtime_dma_zybo_z7_20/vivado_realtime_dma_zybo_z7_20.gen/sources_1/bd/realtime_dma_bd/ip/realtime_dma_bd_axi_smc_mem_0/bd_0/synth/bd_af63.v:1271]
WARNING: [Synth 8-7071] port 'M03_SC_B_info' of module 'switchboards_imp_1NS8YM3' is unconnected for instance 'switchboards' [h:/vivado_realtime_dma_zybo_z7_20/vivado_realtime_dma_zybo_z7_20.gen/sources_1/bd/realtime_dma_bd/ip/realtime_dma_bd_axi_smc_mem_0/bd_0/synth/bd_af63.v:1271]
WARNING: [Synth 8-7071] port 'M03_SC_B_payld' of module 'switchboards_imp_1NS8YM3' is unconnected for instance 'switchboards' [h:/vivado_realtime_dma_zybo_z7_20/vivado_realtime_dma_zybo_z7_20.gen/sources_1/bd/realtime_dma_bd/ip/realtime_dma_bd_axi_smc_mem_0/bd_0/synth/bd_af63.v:1271]
WARNING: [Synth 8-7071] port 'M03_SC_B_req' of module 'switchboards_imp_1NS8YM3' is unconnected for instance 'switchboards' [h:/vivado_realtime_dma_zybo_z7_20/vivado_realtime_dma_zybo_z7_20.gen/sources_1/bd/realtime_dma_bd/ip/realtime_dma_bd_axi_smc_mem_0/bd_0/synth/bd_af63.v:1271]
WARNING: [Synth 8-7071] port 'M03_SC_B_send' of module 'switchboards_imp_1NS8YM3' is unconnected for instance 'switchboards' [h:/vivado_realtime_dma_zybo_z7_20/vivado_realtime_dma_zybo_z7_20.gen/sources_1/bd/realtime_dma_bd/ip/realtime_dma_bd_axi_smc_mem_0/bd_0/synth/bd_af63.v:1271]
WARNING: [Synth 8-7071] port 'S00_SC_AW_recv' of module 'switchboards_imp_1NS8YM3' is unconnected for instance 'switchboards' [h:/vivado_realtime_dma_zybo_z7_20/vivado_realtime_dma_zybo_z7_20.gen/sources_1/bd/realtime_dma_bd/ip/realtime_dma_bd_axi_smc_mem_0/bd_0/synth/bd_af63.v:1271]
WARNING: [Synth 8-7071] port 'S00_SC_W_recv' of module 'switchboards_imp_1NS8YM3' is unconnected for instance 'switchboards' [h:/vivado_realtime_dma_zybo_z7_20/vivado_realtime_dma_zybo_z7_20.gen/sources_1/bd/realtime_dma_bd/ip/realtime_dma_bd_axi_smc_mem_0/bd_0/synth/bd_af63.v:1271]
WARNING: [Synth 8-7071] port 'S01_SC_AR_recv' of module 'switchboards_imp_1NS8YM3' is unconnected for instance 'switchboards' [h:/vivado_realtime_dma_zybo_z7_20/vivado_realtime_dma_zybo_z7_20.gen/sources_1/bd/realtime_dma_bd/ip/realtime_dma_bd_axi_smc_mem_0/bd_0/synth/bd_af63.v:1271]
WARNING: [Synth 8-7071] port 'S02_SC_AW_recv' of module 'switchboards_imp_1NS8YM3' is unconnected for instance 'switchboards' [h:/vivado_realtime_dma_zybo_z7_20/vivado_realtime_dma_zybo_z7_20.gen/sources_1/bd/realtime_dma_bd/ip/realtime_dma_bd_axi_smc_mem_0/bd_0/synth/bd_af63.v:1271]
WARNING: [Synth 8-7071] port 'S02_SC_W_recv' of module 'switchboards_imp_1NS8YM3' is unconnected for instance 'switchboards' [h:/vivado_realtime_dma_zybo_z7_20/vivado_realtime_dma_zybo_z7_20.gen/sources_1/bd/realtime_dma_bd/ip/realtime_dma_bd_axi_smc_mem_0/bd_0/synth/bd_af63.v:1271]
WARNING: [Synth 8-7071] port 'S03_SC_AW_recv' of module 'switchboards_imp_1NS8YM3' is unconnected for instance 'switchboards' [h:/vivado_realtime_dma_zybo_z7_20/vivado_realtime_dma_zybo_z7_20.gen/sources_1/bd/realtime_dma_bd/ip/realtime_dma_bd_axi_smc_mem_0/bd_0/synth/bd_af63.v:1271]
WARNING: [Synth 8-7071] port 'S03_SC_W_recv' of module 'switchboards_imp_1NS8YM3' is unconnected for instance 'switchboards' [h:/vivado_realtime_dma_zybo_z7_20/vivado_realtime_dma_zybo_z7_20.gen/sources_1/bd/realtime_dma_bd/ip/realtime_dma_bd_axi_smc_mem_0/bd_0/synth/bd_af63.v:1271]
WARNING: [Synth 8-7023] instance 'switchboards' of module 'switchboards_imp_1NS8YM3' has 127 connections declared, but only 104 given [h:/vivado_realtime_dma_zybo_z7_20/vivado_realtime_dma_zybo_z7_20.gen/sources_1/bd/realtime_dma_bd/ip/realtime_dma_bd_axi_smc_mem_0/bd_0/synth/bd_af63.v:1271]
WARNING: [Synth 8-7071] port 'M_AXI_GP0_ARESETN' of module 'processing_system7_v5_5_processing_system7' is unconnected for instance 'inst' [h:/vivado_realtime_dma_zybo_z7_20/vivado_realtime_dma_zybo_z7_20.gen/sources_1/bd/realtime_dma_bd/ip/realtime_dma_bd_ps7_0_0/synth/realtime_dma_bd_ps7_0_0.v:452]
WARNING: [Synth 8-7071] port 'M_AXI_GP1_ARESETN' of module 'processing_system7_v5_5_processing_system7' is unconnected for instance 'inst' [h:/vivado_realtime_dma_zybo_z7_20/vivado_realtime_dma_zybo_z7_20.gen/sources_1/bd/realtime_dma_bd/ip/realtime_dma_bd_ps7_0_0/synth/realtime_dma_bd_ps7_0_0.v:452]
WARNING: [Synth 8-7071] port 'S_AXI_GP0_ARESETN' of module 'processing_system7_v5_5_processing_system7' is unconnected for instance 'inst' [h:/vivado_realtime_dma_zybo_z7_20/vivado_realtime_dma_zybo_z7_20.gen/sources_1/bd/realtime_dma_bd/ip/realtime_dma_bd_ps7_0_0/synth/realtime_dma_bd_ps7_0_0.v:452]
WARNING: [Synth 8-7071] port 'S_AXI_GP1_ARESETN' of module 'processing_system7_v5_5_processing_system7' is unconnected for instance 'inst' [h:/vivado_realtime_dma_zybo_z7_20/vivado_realtime_dma_zybo_z7_20.gen/sources_1/bd/realtime_dma_bd/ip/realtime_dma_bd_ps7_0_0/synth/realtime_dma_bd_ps7_0_0.v:452]
WARNING: [Synth 8-7071] port 'S_AXI_ACP_ARESETN' of module 'processing_system7_v5_5_processing_system7' is unconnected for instance 'inst' [h:/vivado_realtime_dma_zybo_z7_20/vivado_realtime_dma_zybo_z7_20.gen/sources_1/bd/realtime_dma_bd/ip/realtime_dma_bd_ps7_0_0/synth/realtime_dma_bd_ps7_0_0.v:452]
WARNING: [Synth 8-7071] port 'S_AXI_HP0_ARESETN' of module 'processing_system7_v5_5_processing_system7' is unconnected for instance 'inst' [h:/vivado_realtime_dma_zybo_z7_20/vivado_realtime_dma_zybo_z7_20.gen/sources_1/bd/realtime_dma_bd/ip/realtime_dma_bd_ps7_0_0/synth/realtime_dma_bd_ps7_0_0.v:452]
WARNING: [Synth 8-7071] port 'S_AXI_HP1_ARESETN' of module 'processing_system7_v5_5_processing_system7' is unconnected for instance 'inst' [h:/vivado_realtime_dma_zybo_z7_20/vivado_realtime_dma_zybo_z7_20.gen/sources_1/bd/realtime_dma_bd/ip/realtime_dma_bd_ps7_0_0/synth/realtime_dma_bd_ps7_0_0.v:452]
WARNING: [Synth 8-7071] port 'S_AXI_HP2_ARESETN' of module 'processing_system7_v5_5_processing_system7' is unconnected for instance 'inst' [h:/vivado_realtime_dma_zybo_z7_20/vivado_realtime_dma_zybo_z7_20.gen/sources_1/bd/realtime_dma_bd/ip/realtime_dma_bd_ps7_0_0/synth/realtime_dma_bd_ps7_0_0.v:452]
WARNING: [Synth 8-7071] port 'S_AXI_HP3_ARESETN' of module 'processing_system7_v5_5_processing_system7' is unconnected for instance 'inst' [h:/vivado_realtime_dma_zybo_z7_20/vivado_realtime_dma_zybo_z7_20.gen/sources_1/bd/realtime_dma_bd/ip/realtime_dma_bd_ps7_0_0/synth/realtime_dma_bd_ps7_0_0.v:452]
WARNING: [Synth 8-7071] port 'DMA0_RSTN' of module 'processing_system7_v5_5_processing_system7' is unconnected for instance 'inst' [h:/vivado_realtime_dma_zybo_z7_20/vivado_realtime_dma_zybo_z7_20.gen/sources_1/bd/realtime_dma_bd/ip/realtime_dma_bd_ps7_0_0/synth/realtime_dma_bd_ps7_0_0.v:452]
WARNING: [Synth 8-7071] port 'DMA1_RSTN' of module 'processing_system7_v5_5_processing_system7' is unconnected for instance 'inst' [h:/vivado_realtime_dma_zybo_z7_20/vivado_realtime_dma_zybo_z7_20.gen/sources_1/bd/realtime_dma_bd/ip/realtime_dma_bd_ps7_0_0/synth/realtime_dma_bd_ps7_0_0.v:452]
WARNING: [Synth 8-7071] port 'DMA2_RSTN' of module 'processing_system7_v5_5_processing_system7' is unconnected for instance 'inst' [h:/vivado_realtime_dma_zybo_z7_20/vivado_realtime_dma_zybo_z7_20.gen/sources_1/bd/realtime_dma_bd/ip/realtime_dma_bd_ps7_0_0/synth/realtime_dma_bd_ps7_0_0.v:452]
WARNING: [Synth 8-7071] port 'DMA3_RSTN' of module 'processing_system7_v5_5_processing_system7' is unconnected for instance 'inst' [h:/vivado_realtime_dma_zybo_z7_20/vivado_realtime_dma_zybo_z7_20.gen/sources_1/bd/realtime_dma_bd/ip/realtime_dma_bd_ps7_0_0/synth/realtime_dma_bd_ps7_0_0.v:452]
WARNING: [Synth 8-7023] instance 'inst' of module 'processing_system7_v5_5_processing_system7' has 685 connections declared, but only 672 given [h:/vivado_realtime_dma_zybo_z7_20/vivado_realtime_dma_zybo_z7_20.gen/sources_1/bd/realtime_dma_bd/ip/realtime_dma_bd_ps7_0_0/synth/realtime_dma_bd_ps7_0_0.v:452]
WARNING: [Synth 8-7071] port 'S_AXI_HP0_BID' of module 'realtime_dma_bd_ps7_0_0' is unconnected for instance 'ps7_0' [H:/vivado_realtime_dma_zybo_z7_20/vivado_realtime_dma_zybo_z7_20.gen/sources_1/bd/realtime_dma_bd/synth/realtime_dma_bd.v:566]
WARNING: [Synth 8-7071] port 'S_AXI_HP0_RID' of module 'realtime_dma_bd_ps7_0_0' is unconnected for instance 'ps7_0' [H:/vivado_realtime_dma_zybo_z7_20/vivado_realtime_dma_zybo_z7_20.gen/sources_1/bd/realtime_dma_bd/synth/realtime_dma_bd.v:566]
WARNING: [Synth 8-7071] port 'S_AXI_HP0_RCOUNT' of module 'realtime_dma_bd_ps7_0_0' is unconnected for instance 'ps7_0' [H:/vivado_realtime_dma_zybo_z7_20/vivado_realtime_dma_zybo_z7_20.gen/sources_1/bd/realtime_dma_bd/synth/realtime_dma_bd.v:566]
WARNING: [Synth 8-7071] port 'S_AXI_HP0_WCOUNT' of module 'realtime_dma_bd_ps7_0_0' is unconnected for instance 'ps7_0' [H:/vivado_realtime_dma_zybo_z7_20/vivado_realtime_dma_zybo_z7_20.gen/sources_1/bd/realtime_dma_bd/synth/realtime_dma_bd.v:566]
WARNING: [Synth 8-7071] port 'S_AXI_HP0_RACOUNT' of module 'realtime_dma_bd_ps7_0_0' is unconnected for instance 'ps7_0' [H:/vivado_realtime_dma_zybo_z7_20/vivado_realtime_dma_zybo_z7_20.gen/sources_1/bd/realtime_dma_bd/synth/realtime_dma_bd.v:566]
WARNING: [Synth 8-7071] port 'S_AXI_HP0_WACOUNT' of module 'realtime_dma_bd_ps7_0_0' is unconnected for instance 'ps7_0' [H:/vivado_realtime_dma_zybo_z7_20/vivado_realtime_dma_zybo_z7_20.gen/sources_1/bd/realtime_dma_bd/synth/realtime_dma_bd.v:566]
WARNING: [Synth 8-7023] instance 'ps7_0' of module 'realtime_dma_bd_ps7_0_0' has 107 connections declared, but only 101 given [H:/vivado_realtime_dma_zybo_z7_20/vivado_realtime_dma_zybo_z7_20.gen/sources_1/bd/realtime_dma_bd/synth/realtime_dma_bd.v:566]
INFO: [Synth 8-638] synthesizing module 'realtime_dma_bd_rst_ps7_100m_0' [h:/vivado_realtime_dma_zybo_z7_20/vivado_realtime_dma_zybo_z7_20.gen/sources_1/bd/realtime_dma_bd/ip/realtime_dma_bd_rst_ps7_100m_0/synth/realtime_dma_bd_rst_ps7_100m_0.vhd:74]
	Parameter C_FAMILY bound to: zynq - type: string 
	Parameter C_EXT_RST_WIDTH bound to: 4 - type: integer 
	Parameter C_AUX_RST_WIDTH bound to: 4 - type: integer 
	Parameter C_EXT_RESET_HIGH bound to: 1'b0 
	Parameter C_AUX_RESET_HIGH bound to: 1'b0 
	Parameter C_NUM_BUS_RST bound to: 1 - type: integer 
	Parameter C_NUM_PERP_RST bound to: 1 - type: integer 
	Parameter C_NUM_INTERCONNECT_ARESETN bound to: 1 - type: integer 
	Parameter C_NUM_PERP_ARESETN bound to: 1 - type: integer 
INFO: [Synth 8-3491] module 'proc_sys_reset' declared at 'h:/vivado_realtime_dma_zybo_z7_20/vivado_realtime_dma_zybo_z7_20.gen/sources_1/bd/realtime_dma_bd/ipshared/408c/hdl/proc_sys_reset_v5_0_vh_rfs.vhd:1271' bound to instance 'U0' of component 'proc_sys_reset' [h:/vivado_realtime_dma_zybo_z7_20/vivado_realtime_dma_zybo_z7_20.gen/sources_1/bd/realtime_dma_bd/ip/realtime_dma_bd_rst_ps7_100m_0/synth/realtime_dma_bd_rst_ps7_100m_0.vhd:129]
INFO: [Synth 8-638] synthesizing module 'proc_sys_reset__parameterized2' [h:/vivado_realtime_dma_zybo_z7_20/vivado_realtime_dma_zybo_z7_20.gen/sources_1/bd/realtime_dma_bd/ipshared/408c/hdl/proc_sys_reset_v5_0_vh_rfs.vhd:1330]
	Parameter INIT bound to: 1'b1 
INFO: [Synth 8-113] binding component instance 'FDRE_inst' to cell 'FDRE' [h:/vivado_realtime_dma_zybo_z7_20/vivado_realtime_dma_zybo_z7_20.gen/sources_1/bd/realtime_dma_bd/ipshared/408c/hdl/proc_sys_reset_v5_0_vh_rfs.vhd:1399]
	Parameter INIT bound to: 1'b1 
INFO: [Synth 8-113] binding component instance 'FDRE_BSR' to cell 'FDRE' [h:/vivado_realtime_dma_zybo_z7_20/vivado_realtime_dma_zybo_z7_20.gen/sources_1/bd/realtime_dma_bd/ipshared/408c/hdl/proc_sys_reset_v5_0_vh_rfs.vhd:1415]
	Parameter INIT bound to: 1'b0 
INFO: [Synth 8-113] binding component instance 'FDRE_BSR_N' to cell 'FDRE' [h:/vivado_realtime_dma_zybo_z7_20/vivado_realtime_dma_zybo_z7_20.gen/sources_1/bd/realtime_dma_bd/ipshared/408c/hdl/proc_sys_reset_v5_0_vh_rfs.vhd:1441]
	Parameter INIT bound to: 1'b1 
INFO: [Synth 8-113] binding component instance 'FDRE_PER' to cell 'FDRE' [h:/vivado_realtime_dma_zybo_z7_20/vivado_realtime_dma_zybo_z7_20.gen/sources_1/bd/realtime_dma_bd/ipshared/408c/hdl/proc_sys_reset_v5_0_vh_rfs.vhd:1464]
	Parameter INIT bound to: 1'b0 
INFO: [Synth 8-113] binding component instance 'FDRE_PER_N' to cell 'FDRE' [h:/vivado_realtime_dma_zybo_z7_20/vivado_realtime_dma_zybo_z7_20.gen/sources_1/bd/realtime_dma_bd/ipshared/408c/hdl/proc_sys_reset_v5_0_vh_rfs.vhd:1488]
INFO: [Synth 8-638] synthesizing module 'lpf__parameterized0' [h:/vivado_realtime_dma_zybo_z7_20/vivado_realtime_dma_zybo_z7_20.gen/sources_1/bd/realtime_dma_bd/ipshared/408c/hdl/proc_sys_reset_v5_0_vh_rfs.vhd:821]
INFO: [Synth 8-3491] module 'SRL16' declared at 'C:/Xilinx/Vivado/2023.2/scripts/rt/data/unisim_comp.v:133721' bound to instance 'POR_SRL_I' of component 'SRL16' [h:/vivado_realtime_dma_zybo_z7_20/vivado_realtime_dma_zybo_z7_20.gen/sources_1/bd/realtime_dma_bd/ipshared/408c/hdl/proc_sys_reset_v5_0_vh_rfs.vhd:873]
INFO: [Synth 8-256] done synthesizing module 'lpf__parameterized0' (0#1) [h:/vivado_realtime_dma_zybo_z7_20/vivado_realtime_dma_zybo_z7_20.gen/sources_1/bd/realtime_dma_bd/ipshared/408c/hdl/proc_sys_reset_v5_0_vh_rfs.vhd:821]
INFO: [Synth 8-256] done synthesizing module 'proc_sys_reset__parameterized2' (0#1) [h:/vivado_realtime_dma_zybo_z7_20/vivado_realtime_dma_zybo_z7_20.gen/sources_1/bd/realtime_dma_bd/ipshared/408c/hdl/proc_sys_reset_v5_0_vh_rfs.vhd:1330]
INFO: [Synth 8-256] done synthesizing module 'realtime_dma_bd_rst_ps7_100m_0' (0#1) [h:/vivado_realtime_dma_zybo_z7_20/vivado_realtime_dma_zybo_z7_20.gen/sources_1/bd/realtime_dma_bd/ip/realtime_dma_bd_rst_ps7_100m_0/synth/realtime_dma_bd_rst_ps7_100m_0.vhd:74]
WARNING: [Synth 8-7071] port 'mb_reset' of module 'realtime_dma_bd_rst_ps7_100m_0' is unconnected for instance 'rst_ps7_100m' [H:/vivado_realtime_dma_zybo_z7_20/vivado_realtime_dma_zybo_z7_20.gen/sources_1/bd/realtime_dma_bd/synth/realtime_dma_bd.v:668]
WARNING: [Synth 8-7071] port 'bus_struct_reset' of module 'realtime_dma_bd_rst_ps7_100m_0' is unconnected for instance 'rst_ps7_100m' [H:/vivado_realtime_dma_zybo_z7_20/vivado_realtime_dma_zybo_z7_20.gen/sources_1/bd/realtime_dma_bd/synth/realtime_dma_bd.v:668]
WARNING: [Synth 8-7071] port 'peripheral_reset' of module 'realtime_dma_bd_rst_ps7_100m_0' is unconnected for instance 'rst_ps7_100m' [H:/vivado_realtime_dma_zybo_z7_20/vivado_realtime_dma_zybo_z7_20.gen/sources_1/bd/realtime_dma_bd/synth/realtime_dma_bd.v:668]
WARNING: [Synth 8-7071] port 'interconnect_aresetn' of module 'realtime_dma_bd_rst_ps7_100m_0' is unconnected for instance 'rst_ps7_100m' [H:/vivado_realtime_dma_zybo_z7_20/vivado_realtime_dma_zybo_z7_20.gen/sources_1/bd/realtime_dma_bd/synth/realtime_dma_bd.v:668]
WARNING: [Synth 8-7023] instance 'rst_ps7_100m' of module 'realtime_dma_bd_rst_ps7_100m_0' has 10 connections declared, but only 6 given [H:/vivado_realtime_dma_zybo_z7_20/vivado_realtime_dma_zybo_z7_20.gen/sources_1/bd/realtime_dma_bd/synth/realtime_dma_bd.v:668]
INFO: [Synth 8-3876] $readmem data file './SubbandRealtimeTopQ610Ip_noisy_chunk_RAM_2P_BRAM_1R1W.dat' is read successfully [h:/vivado_realtime_dma_zybo_z7_20/vivado_realtime_dma_zybo_z7_20.gen/sources_1/bd/realtime_dma_bd/ipshared/9460/hdl/verilog/SubbandRealtimeTopQ610Ip_noisy_chunk_RAM_2P_BRAM_1R1W.v:40]
INFO: [Synth 8-3876] $readmem data file './SubbandRealtimeTopQ610Ip_RunSubbandRealtimeTopCoreQ610_stream_stream_ap_uint_const_int_bool_stream_la_Aem.dat' is read successfully [h:/vivado_realtime_dma_zybo_z7_20/vivado_realtime_dma_zybo_z7_20.gen/sources_1/bd/realtime_dma_bd/ipshared/9460/hdl/verilog/SubbandRealtimeTopQ610Ip_RunSubbandRealtimeTopCoreQ610_stream_stream_ap_uint_const_int_bool_stream_la_Aem.v:40]
INFO: [Synth 8-3876] $readmem data file './SubbandRealtimeTopQ610Ip_output_chunk_RAM_2P_BRAM_1R1W.dat' is read successfully [h:/vivado_realtime_dma_zybo_z7_20/vivado_realtime_dma_zybo_z7_20.gen/sources_1/bd/realtime_dma_bd/ipshared/9460/hdl/verilog/SubbandRealtimeTopQ610Ip_output_chunk_RAM_2P_BRAM_1R1W.v:40]
INFO: [Synth 8-3876] $readmem data file './SubbandRealtimeTopQ610Ip_p_anonymous_namespace_RunRealtimeGSULayersSharedBandQ610_RunSubbandRealtimeToncg.dat' is read successfully [h:/vivado_realtime_dma_zybo_z7_20/vivado_realtime_dma_zybo_z7_20.gen/sources_1/bd/realtime_dma_bd/ipshared/9460/hdl/verilog/SubbandRealtimeTopQ610Ip_p_anonymous_namespace_RunRealtimeGSULayersSharedBandQ610_RunSubbandRealtimeToncg.v:40]
INFO: [Synth 8-3876] $readmem data file './SubbandRealtimeTopQ610Ip_p_anonymous_namespace_RunRealtimeBandQ610_RunSubbandRealtimeTopCoreQ610_strearcU.dat' is read successfully [h:/vivado_realtime_dma_zybo_z7_20/vivado_realtime_dma_zybo_z7_20.gen/sources_1/bd/realtime_dma_bd/ipshared/9460/hdl/verilog/SubbandRealtimeTopQ610Ip_p_anonymous_namespace_RunRealtimeBandQ610_RunSubbandRealtimeTopCoreQ610_strearcU.v:40]
INFO: [Synth 8-3876] $readmem data file './SubbandRealtimeTopQ610Ip_p_anonymous_namespace_RunRealtimeBandQ610_RunSubbandRealtimeTopCoreQ610_streasc4.dat' is read successfully [h:/vivado_realtime_dma_zybo_z7_20/vivado_realtime_dma_zybo_z7_20.gen/sources_1/bd/realtime_dma_bd/ipshared/9460/hdl/verilog/SubbandRealtimeTopQ610Ip_p_anonymous_namespace_RunRealtimeBandQ610_RunSubbandRealtimeTopCoreQ610_streasc4.v:41]
INFO: [Synth 8-3876] $readmem data file './SubbandRealtimeTopQ610Ip_p_anonymous_namespace_RunRealtimeGSULayersSharedBandQ610_RunSubbandRealtimeTodEe.dat' is read successfully [h:/vivado_realtime_dma_zybo_z7_20/vivado_realtime_dma_zybo_z7_20.gen/sources_1/bd/realtime_dma_bd/ipshared/9460/hdl/verilog/SubbandRealtimeTopQ610Ip_p_anonymous_namespace_RunRealtimeGSULayersSharedBandQ610_RunSubbandRealtimeTodEe.v:40]
INFO: [Synth 8-3876] $readmem data file './SubbandRealtimeTopQ610Ip_p_anonymous_namespace_RunRealtimeGSULayersSharedBandQ610_RunSubbandRealtimeTohbi.dat' is read successfully [h:/vivado_realtime_dma_zybo_z7_20/vivado_realtime_dma_zybo_z7_20.gen/sources_1/bd/realtime_dma_bd/ipshared/9460/hdl/verilog/SubbandRealtimeTopQ610Ip_p_anonymous_namespace_RunRealtimeGSULayersSharedBandQ610_RunSubbandRealtimeTohbi.v:41]
INFO: [Synth 8-3876] $readmem data file './SubbandRealtimeTopQ610Ip_p_anonymous_namespace_RunRealtimeGSULayersSharedBandQ610_RunSubbandRealtimeTojbC.dat' is read successfully [h:/vivado_realtime_dma_zybo_z7_20/vivado_realtime_dma_zybo_z7_20.gen/sources_1/bd/realtime_dma_bd/ipshared/9460/hdl/verilog/SubbandRealtimeTopQ610Ip_p_anonymous_namespace_RunRealtimeGSULayersSharedBandQ610_RunSubbandRealtimeTojbC.v:41]
INFO: [Synth 8-3876] $readmem data file './SubbandRealtimeTopQ610Ip_p_anonymous_namespace_RunGSUGatePhaseBand0Q610_Pipeline_VITIS_LOOP_1887_1_subbkb.dat' is read successfully [h:/vivado_realtime_dma_zybo_z7_20/vivado_realtime_dma_zybo_z7_20.gen/sources_1/bd/realtime_dma_bd/ipshared/9460/hdl/verilog/SubbandRealtimeTopQ610Ip_p_anonymous_namespace_RunGSUGatePhaseBand0Q610_Pipeline_VITIS_LOOP_1887_1_subbkb.v:33]
INFO: [Synth 8-3876] $readmem data file './SubbandRealtimeTopQ610Ip_p_anonymous_namespace_RunGSUGatePhaseBand0Q610_Pipeline_VITIS_LOOP_1887_1_subcud.dat' is read successfully [h:/vivado_realtime_dma_zybo_z7_20/vivado_realtime_dma_zybo_z7_20.gen/sources_1/bd/realtime_dma_bd/ipshared/9460/hdl/verilog/SubbandRealtimeTopQ610Ip_p_anonymous_namespace_RunGSUGatePhaseBand0Q610_Pipeline_VITIS_LOOP_1887_1_subcud.v:45]
INFO: [Synth 8-3876] $readmem data file './SubbandRealtimeTopQ610Ip_p_anonymous_namespace_RunGSUGatePhaseBand0Q610_Pipeline_VITIS_LOOP_1887_1_subcud.dat' is read successfully [h:/vivado_realtime_dma_zybo_z7_20/vivado_realtime_dma_zybo_z7_20.gen/sources_1/bd/realtime_dma_bd/ipshared/9460/hdl/verilog/SubbandRealtimeTopQ610Ip_p_anonymous_namespace_RunGSUGatePhaseBand0Q610_Pipeline_VITIS_LOOP_1887_1_subcud.v:46]
WARNING: [Synth 8-7071] port 'reset' of module 'SubbandRealtimeTopQ610Ip_fifo_w96_d2_S_ShiftReg' is unconnected for instance 'U_SubbandRealtimeTopQ610Ip_fifo_w96_d2_S_ShiftReg' [h:/vivado_realtime_dma_zybo_z7_20/vivado_realtime_dma_zybo_z7_20.gen/sources_1/bd/realtime_dma_bd/ipshared/9460/hdl/verilog/SubbandRealtimeTopQ610Ip_fifo_w96_d2_S.v:50]
WARNING: [Synth 8-7023] instance 'U_SubbandRealtimeTopQ610Ip_fifo_w96_d2_S_ShiftReg' of module 'SubbandRealtimeTopQ610Ip_fifo_w96_d2_S_ShiftReg' has 6 connections declared, but only 5 given [h:/vivado_realtime_dma_zybo_z7_20/vivado_realtime_dma_zybo_z7_20.gen/sources_1/bd/realtime_dma_bd/ipshared/9460/hdl/verilog/SubbandRealtimeTopQ610Ip_fifo_w96_d2_S.v:50]
INFO: [Synth 8-226] default block is never used [h:/vivado_realtime_dma_zybo_z7_20/vivado_realtime_dma_zybo_z7_20.gen/sources_1/bd/realtime_dma_bd/ipshared/9460/hdl/verilog/SubbandRealtimeTopQ610Ip_sparsemux_17_3_16_1_1.v:78]
INFO: [Synth 8-155] case statement is not full and has no default [h:/vivado_realtime_dma_zybo_z7_20/vivado_realtime_dma_zybo_z7_20.gen/sources_1/bd/realtime_dma_bd/ipshared/9460/hdl/verilog/SubbandRealtimeTopQ610Ip_control_s_axi.v:219]
WARNING: [Synth 8-589] replacing case/wildcard equality operator === with logical equality operator == [h:/vivado_realtime_dma_zybo_z7_20/vivado_realtime_dma_zybo_z7_20.gen/sources_1/bd/realtime_dma_bd/ipshared/9460/hdl/verilog/SubbandRealtimeTopQ610Ip_weights_m_axi.v:1858]
WARNING: [Synth 8-589] replacing case/wildcard equality operator === with logical equality operator == [h:/vivado_realtime_dma_zybo_z7_20/vivado_realtime_dma_zybo_z7_20.gen/sources_1/bd/realtime_dma_bd/ipshared/9460/hdl/verilog/SubbandRealtimeTopQ610Ip_weights_m_axi.v:1861]
WARNING: [Synth 8-589] replacing case/wildcard equality operator === with logical equality operator == [h:/vivado_realtime_dma_zybo_z7_20/vivado_realtime_dma_zybo_z7_20.gen/sources_1/bd/realtime_dma_bd/ipshared/9460/hdl/verilog/SubbandRealtimeTopQ610Ip_weights_m_axi.v:1539]
WARNING: [Synth 8-7071] port 'interrupt' of module 'realtime_dma_bd_subband_realtime_0_0' is unconnected for instance 'subband_realtime_0' [H:/vivado_realtime_dma_zybo_z7_20/vivado_realtime_dma_zybo_z7_20.gen/sources_1/bd/realtime_dma_bd/synth/realtime_dma_bd.v:675]
WARNING: [Synth 8-7071] port 'm_axi_weights_AWID' of module 'realtime_dma_bd_subband_realtime_0_0' is unconnected for instance 'subband_realtime_0' [H:/vivado_realtime_dma_zybo_z7_20/vivado_realtime_dma_zybo_z7_20.gen/sources_1/bd/realtime_dma_bd/synth/realtime_dma_bd.v:675]
WARNING: [Synth 8-7071] port 'm_axi_weights_AWADDR' of module 'realtime_dma_bd_subband_realtime_0_0' is unconnected for instance 'subband_realtime_0' [H:/vivado_realtime_dma_zybo_z7_20/vivado_realtime_dma_zybo_z7_20.gen/sources_1/bd/realtime_dma_bd/synth/realtime_dma_bd.v:675]
WARNING: [Synth 8-7071] port 'm_axi_weights_AWLEN' of module 'realtime_dma_bd_subband_realtime_0_0' is unconnected for instance 'subband_realtime_0' [H:/vivado_realtime_dma_zybo_z7_20/vivado_realtime_dma_zybo_z7_20.gen/sources_1/bd/realtime_dma_bd/synth/realtime_dma_bd.v:675]
WARNING: [Synth 8-7071] port 'm_axi_weights_AWSIZE' of module 'realtime_dma_bd_subband_realtime_0_0' is unconnected for instance 'subband_realtime_0' [H:/vivado_realtime_dma_zybo_z7_20/vivado_realtime_dma_zybo_z7_20.gen/sources_1/bd/realtime_dma_bd/synth/realtime_dma_bd.v:675]
WARNING: [Synth 8-7071] port 'm_axi_weights_AWBURST' of module 'realtime_dma_bd_subband_realtime_0_0' is unconnected for instance 'subband_realtime_0' [H:/vivado_realtime_dma_zybo_z7_20/vivado_realtime_dma_zybo_z7_20.gen/sources_1/bd/realtime_dma_bd/synth/realtime_dma_bd.v:675]
WARNING: [Synth 8-7071] port 'm_axi_weights_AWLOCK' of module 'realtime_dma_bd_subband_realtime_0_0' is unconnected for instance 'subband_realtime_0' [H:/vivado_realtime_dma_zybo_z7_20/vivado_realtime_dma_zybo_z7_20.gen/sources_1/bd/realtime_dma_bd/synth/realtime_dma_bd.v:675]
WARNING: [Synth 8-7071] port 'm_axi_weights_AWREGION' of module 'realtime_dma_bd_subband_realtime_0_0' is unconnected for instance 'subband_realtime_0' [H:/vivado_realtime_dma_zybo_z7_20/vivado_realtime_dma_zybo_z7_20.gen/sources_1/bd/realtime_dma_bd/synth/realtime_dma_bd.v:675]
WARNING: [Synth 8-7071] port 'm_axi_weights_AWCACHE' of module 'realtime_dma_bd_subband_realtime_0_0' is unconnected for instance 'subband_realtime_0' [H:/vivado_realtime_dma_zybo_z7_20/vivado_realtime_dma_zybo_z7_20.gen/sources_1/bd/realtime_dma_bd/synth/realtime_dma_bd.v:675]
WARNING: [Synth 8-7071] port 'm_axi_weights_AWPROT' of module 'realtime_dma_bd_subband_realtime_0_0' is unconnected for instance 'subband_realtime_0' [H:/vivado_realtime_dma_zybo_z7_20/vivado_realtime_dma_zybo_z7_20.gen/sources_1/bd/realtime_dma_bd/synth/realtime_dma_bd.v:675]
WARNING: [Synth 8-7071] port 'm_axi_weights_AWQOS' of module 'realtime_dma_bd_subband_realtime_0_0' is unconnected for instance 'subband_realtime_0' [H:/vivado_realtime_dma_zybo_z7_20/vivado_realtime_dma_zybo_z7_20.gen/sources_1/bd/realtime_dma_bd/synth/realtime_dma_bd.v:675]
WARNING: [Synth 8-7071] port 'm_axi_weights_AWVALID' of module 'realtime_dma_bd_subband_realtime_0_0' is unconnected for instance 'subband_realtime_0' [H:/vivado_realtime_dma_zybo_z7_20/vivado_realtime_dma_zybo_z7_20.gen/sources_1/bd/realtime_dma_bd/synth/realtime_dma_bd.v:675]
WARNING: [Synth 8-7071] port 'm_axi_weights_WID' of module 'realtime_dma_bd_subband_realtime_0_0' is unconnected for instance 'subband_realtime_0' [H:/vivado_realtime_dma_zybo_z7_20/vivado_realtime_dma_zybo_z7_20.gen/sources_1/bd/realtime_dma_bd/synth/realtime_dma_bd.v:675]
WARNING: [Synth 8-7071] port 'm_axi_weights_WDATA' of module 'realtime_dma_bd_subband_realtime_0_0' is unconnected for instance 'subband_realtime_0' [H:/vivado_realtime_dma_zybo_z7_20/vivado_realtime_dma_zybo_z7_20.gen/sources_1/bd/realtime_dma_bd/synth/realtime_dma_bd.v:675]
WARNING: [Synth 8-7071] port 'm_axi_weights_WSTRB' of module 'realtime_dma_bd_subband_realtime_0_0' is unconnected for instance 'subband_realtime_0' [H:/vivado_realtime_dma_zybo_z7_20/vivado_realtime_dma_zybo_z7_20.gen/sources_1/bd/realtime_dma_bd/synth/realtime_dma_bd.v:675]
WARNING: [Synth 8-7071] port 'm_axi_weights_WLAST' of module 'realtime_dma_bd_subband_realtime_0_0' is unconnected for instance 'subband_realtime_0' [H:/vivado_realtime_dma_zybo_z7_20/vivado_realtime_dma_zybo_z7_20.gen/sources_1/bd/realtime_dma_bd/synth/realtime_dma_bd.v:675]
WARNING: [Synth 8-7071] port 'm_axi_weights_WVALID' of module 'realtime_dma_bd_subband_realtime_0_0' is unconnected for instance 'subband_realtime_0' [H:/vivado_realtime_dma_zybo_z7_20/vivado_realtime_dma_zybo_z7_20.gen/sources_1/bd/realtime_dma_bd/synth/realtime_dma_bd.v:675]
WARNING: [Synth 8-7071] port 'm_axi_weights_BREADY' of module 'realtime_dma_bd_subband_realtime_0_0' is unconnected for instance 'subband_realtime_0' [H:/vivado_realtime_dma_zybo_z7_20/vivado_realtime_dma_zybo_z7_20.gen/sources_1/bd/realtime_dma_bd/synth/realtime_dma_bd.v:675]
WARNING: [Synth 8-7071] port 'm_axi_weights_ARREGION' of module 'realtime_dma_bd_subband_realtime_0_0' is unconnected for instance 'subband_realtime_0' [H:/vivado_realtime_dma_zybo_z7_20/vivado_realtime_dma_zybo_z7_20.gen/sources_1/bd/realtime_dma_bd/synth/realtime_dma_bd.v:675]
WARNING: [Synth 8-7071] port 'df_coef_stream_TSTRB' of module 'realtime_dma_bd_subband_realtime_0_0' is unconnected for instance 'subband_realtime_0' [H:/vivado_realtime_dma_zybo_z7_20/vivado_realtime_dma_zybo_z7_20.gen/sources_1/bd/realtime_dma_bd/synth/realtime_dma_bd.v:675]
WARNING: [Synth 8-7023] instance 'subband_realtime_0' of module 'realtime_dma_bd_subband_realtime_0_0' has 78 connections declared, but only 58 given [H:/vivado_realtime_dma_zybo_z7_20/vivado_realtime_dma_zybo_z7_20.gen/sources_1/bd/realtime_dma_bd/synth/realtime_dma_bd.v:675]
WARNING: [Synth 8-6014] Unused sequential element awaddr_reg was removed.  [h:/vivado_realtime_dma_zybo_z7_20/vivado_realtime_dma_zybo_z7_20.gen/sources_1/bd/realtime_dma_bd/ipshared/ddec/hdl/axi_dma_v7_1_vh_rfs.vhd:2151]
WARNING: [Synth 8-6014] Unused sequential element wdata_reg was removed.  [h:/vivado_realtime_dma_zybo_z7_20/vivado_realtime_dma_zybo_z7_20.gen/sources_1/bd/realtime_dma_bd/ipshared/ddec/hdl/axi_dma_v7_1_vh_rfs.vhd:2153]
WARNING: [Synth 8-6014] Unused sequential element GEN_SYNC_WRITE.axi2ip_wrdata_i_reg was removed.  [h:/vivado_realtime_dma_zybo_z7_20/vivado_realtime_dma_zybo_z7_20.gen/sources_1/bd/realtime_dma_bd/ipshared/ddec/hdl/axi_dma_v7_1_vh_rfs.vhd:2306]
WARNING: [Synth 8-6014] Unused sequential element GEN_SYNC_WRITE.awready_i_reg was removed.  [h:/vivado_realtime_dma_zybo_z7_20/vivado_realtime_dma_zybo_z7_20.gen/sources_1/bd/realtime_dma_bd/ipshared/ddec/hdl/axi_dma_v7_1_vh_rfs.vhd:2138]
WARNING: [Synth 8-6014] Unused sequential element GEN_SYNC_WRITE.rdy1_reg was removed.  [h:/vivado_realtime_dma_zybo_z7_20/vivado_realtime_dma_zybo_z7_20.gen/sources_1/bd/realtime_dma_bd/ipshared/ddec/hdl/axi_dma_v7_1_vh_rfs.vhd:2267]
WARNING: [Synth 8-6014] Unused sequential element GEN_SYNC_READ.arvalid_re_d1_reg was removed.  [h:/vivado_realtime_dma_zybo_z7_20/vivado_realtime_dma_zybo_z7_20.gen/sources_1/bd/realtime_dma_bd/ipshared/ddec/hdl/axi_dma_v7_1_vh_rfs.vhd:3049]
WARNING: [Synth 8-6014] Unused sequential element sg_ftch_error_reg was removed.  [h:/vivado_realtime_dma_zybo_z7_20/vivado_realtime_dma_zybo_z7_20.gen/sources_1/bd/realtime_dma_bd/ipshared/ddec/hdl/axi_dma_v7_1_vh_rfs.vhd:3987]
WARNING: [Synth 8-6014] Unused sequential element sg_updt_error_reg was removed.  [h:/vivado_realtime_dma_zybo_z7_20/vivado_realtime_dma_zybo_z7_20.gen/sources_1/bd/realtime_dma_bd/ipshared/ddec/hdl/axi_dma_v7_1_vh_rfs.vhd:3988]
WARNING: [Synth 8-6014] Unused sequential element sg_ftch_error_reg was removed.  [h:/vivado_realtime_dma_zybo_z7_20/vivado_realtime_dma_zybo_z7_20.gen/sources_1/bd/realtime_dma_bd/ipshared/ddec/hdl/axi_dma_v7_1_vh_rfs.vhd:5635]
WARNING: [Synth 8-6014] Unused sequential element sg_updt_error_reg was removed.  [h:/vivado_realtime_dma_zybo_z7_20/vivado_realtime_dma_zybo_z7_20.gen/sources_1/bd/realtime_dma_bd/ipshared/ddec/hdl/axi_dma_v7_1_vh_rfs.vhd:5636]
WARNING: [Synth 8-3848] Net mm2s_desc_flush in module/entity axi_dma_mm2s_mngr does not have driver. [h:/vivado_realtime_dma_zybo_z7_20/vivado_realtime_dma_zybo_z7_20.gen/sources_1/bd/realtime_dma_bd/ipshared/ddec/hdl/axi_dma_v7_1_vh_rfs.vhd:15074]
WARNING: [Synth 8-6014] Unused sequential element GEN_S2MM_DMA_CONTROL.s2mm_desc_flush_i_reg was removed.  [h:/vivado_realtime_dma_zybo_z7_20/vivado_realtime_dma_zybo_z7_20.gen/sources_1/bd/realtime_dma_bd/ipshared/ddec/hdl/axi_dma_v7_1_vh_rfs.vhd:20668]
WARNING: [Synth 8-6014] Unused sequential element sig_cmd_stat_rst_int_reg_n_reg was removed.  [h:/vivado_realtime_dma_zybo_z7_20/vivado_realtime_dma_zybo_z7_20.gen/sources_1/bd/realtime_dma_bd/ipshared/d786/hdl/axi_datamover_v5_1_vh_rfs.vhd:185]
WARNING: [Synth 8-6014] Unused sequential element sig_mmap_rst_reg_n_reg was removed.  [h:/vivado_realtime_dma_zybo_z7_20/vivado_realtime_dma_zybo_z7_20.gen/sources_1/bd/realtime_dma_bd/ipshared/d786/hdl/axi_datamover_v5_1_vh_rfs.vhd:188]
WARNING: [Synth 8-6014] Unused sequential element sig_stream_rst_reg_n_reg was removed.  [h:/vivado_realtime_dma_zybo_z7_20/vivado_realtime_dma_zybo_z7_20.gen/sources_1/bd/realtime_dma_bd/ipshared/d786/hdl/axi_datamover_v5_1_vh_rfs.vhd:191]
WARNING: [Synth 8-6014] Unused sequential element sig_inhibit_rdy_n_reg was removed.  [h:/vivado_realtime_dma_zybo_z7_20/vivado_realtime_dma_zybo_z7_20.gen/sources_1/bd/realtime_dma_bd/ipshared/d786/hdl/axi_datamover_v5_1_vh_rfs.vhd:1987]
WARNING: [Synth 8-6014] Unused sequential element sig_inhibit_rdy_n_reg was removed.  [h:/vivado_realtime_dma_zybo_z7_20/vivado_realtime_dma_zybo_z7_20.gen/sources_1/bd/realtime_dma_bd/ipshared/d786/hdl/axi_datamover_v5_1_vh_rfs.vhd:1987]
WARNING: [Synth 8-6014] Unused sequential element sig_input_reg_full_reg was removed.  [h:/vivado_realtime_dma_zybo_z7_20/vivado_realtime_dma_zybo_z7_20.gen/sources_1/bd/realtime_dma_bd/ipshared/d786/hdl/axi_datamover_v5_1_vh_rfs.vhd:7997]
WARNING: [Synth 8-6014] Unused sequential element sig_xfer_reg_full_reg was removed.  [h:/vivado_realtime_dma_zybo_z7_20/vivado_realtime_dma_zybo_z7_20.gen/sources_1/bd/realtime_dma_bd/ipshared/d786/hdl/axi_datamover_v5_1_vh_rfs.vhd:8308]
WARNING: [Synth 8-6014] Unused sequential element sig_next_tag_reg_reg was removed.  [h:/vivado_realtime_dma_zybo_z7_20/vivado_realtime_dma_zybo_z7_20.gen/sources_1/bd/realtime_dma_bd/ipshared/d786/hdl/axi_datamover_v5_1_vh_rfs.vhd:10353]
WARNING: [Synth 8-6014] Unused sequential element sig_next_cmd_cmplt_reg_reg was removed.  [h:/vivado_realtime_dma_zybo_z7_20/vivado_realtime_dma_zybo_z7_20.gen/sources_1/bd/realtime_dma_bd/ipshared/d786/hdl/axi_datamover_v5_1_vh_rfs.vhd:10360]
WARNING: [Synth 8-6014] Unused sequential element sig_next_dre_src_align_reg_reg was removed.  [h:/vivado_realtime_dma_zybo_z7_20/vivado_realtime_dma_zybo_z7_20.gen/sources_1/bd/realtime_dma_bd/ipshared/d786/hdl/axi_datamover_v5_1_vh_rfs.vhd:12817]
WARNING: [Synth 8-6014] Unused sequential element sig_next_dre_dest_align_reg_reg was removed.  [h:/vivado_realtime_dma_zybo_z7_20/vivado_realtime_dma_zybo_z7_20.gen/sources_1/bd/realtime_dma_bd/ipshared/d786/hdl/axi_datamover_v5_1_vh_rfs.vhd:12818]
WARNING: [Synth 8-6014] Unused sequential element sig_coelsc_reg_empty_reg was removed.  [h:/vivado_realtime_dma_zybo_z7_20/vivado_realtime_dma_zybo_z7_20.gen/sources_1/bd/realtime_dma_bd/ipshared/d786/hdl/axi_datamover_v5_1_vh_rfs.vhd:13156]
WARNING: [Synth 8-6014] Unused sequential element gen_rd_b.gen_doutb_pipe.enb_pipe_reg[0] was removed.  [C:/Xilinx/Vivado/2023.2/data/ip/xpm/xpm_memory/hdl/xpm_memory.sv:3069]
WARNING: [Synth 8-6014] Unused sequential element gdvld.data_valid_std_reg was removed.  [C:/Xilinx/Vivado/2023.2/data/ip/xpm/xpm_fifo/hdl/xpm_fifo.sv:544]
WARNING: [Synth 8-6014] Unused sequential element gen_pntr_flags_cc.gae_cc_std.ram_aempty_i_reg was removed.  [C:/Xilinx/Vivado/2023.2/data/ip/xpm/xpm_fifo/hdl/xpm_fifo.sv:976]
WARNING: [Synth 8-6014] Unused sequential element gen_fwft.empty_fwft_fb_reg was removed.  [C:/Xilinx/Vivado/2023.2/data/ip/xpm/xpm_fifo/hdl/xpm_fifo.sv:1398]
WARNING: [Synth 8-6014] Unused sequential element hold_ff_q_reg was removed.  [h:/vivado_realtime_dma_zybo_z7_20/vivado_realtime_dma_zybo_z7_20.gen/sources_1/bd/realtime_dma_bd/ipshared/d786/hdl/axi_datamover_v5_1_vh_rfs.vhd:1493]
WARNING: [Synth 8-6014] Unused sequential element sig_inhibit_rdy_n_reg was removed.  [h:/vivado_realtime_dma_zybo_z7_20/vivado_realtime_dma_zybo_z7_20.gen/sources_1/bd/realtime_dma_bd/ipshared/d786/hdl/axi_datamover_v5_1_vh_rfs.vhd:1987]
WARNING: [Synth 8-6014] Unused sequential element sig_input_reg_full_reg was removed.  [h:/vivado_realtime_dma_zybo_z7_20/vivado_realtime_dma_zybo_z7_20.gen/sources_1/bd/realtime_dma_bd/ipshared/d786/hdl/axi_datamover_v5_1_vh_rfs.vhd:26239]
WARNING: [Synth 8-6014] Unused sequential element sig_psm_ld_calc2_reg was removed.  [h:/vivado_realtime_dma_zybo_z7_20/vivado_realtime_dma_zybo_z7_20.gen/sources_1/bd/realtime_dma_bd/ipshared/d786/hdl/axi_datamover_v5_1_vh_rfs.vhd:26443]
WARNING: [Synth 8-6014] Unused sequential element sig_child_cmd_reg_empty_reg was removed.  [h:/vivado_realtime_dma_zybo_z7_20/vivado_realtime_dma_zybo_z7_20.gen/sources_1/bd/realtime_dma_bd/ipshared/d786/hdl/axi_datamover_v5_1_vh_rfs.vhd:26899]
WARNING: [Synth 8-6014] Unused sequential element sig_first_child_xfer_reg was removed.  [h:/vivado_realtime_dma_zybo_z7_20/vivado_realtime_dma_zybo_z7_20.gen/sources_1/bd/realtime_dma_bd/ipshared/d786/hdl/axi_datamover_v5_1_vh_rfs.vhd:27444]
WARNING: [Synth 8-6014] Unused sequential element sig_xfer_is_seq_reg was removed.  [h:/vivado_realtime_dma_zybo_z7_20/vivado_realtime_dma_zybo_z7_20.gen/sources_1/bd/realtime_dma_bd/ipshared/d786/hdl/axi_datamover_v5_1_vh_rfs.vhd:27943]
WARNING: [Synth 8-6014] Unused sequential element sig_xfer_reg_empty_reg was removed.  [h:/vivado_realtime_dma_zybo_z7_20/vivado_realtime_dma_zybo_z7_20.gen/sources_1/bd/realtime_dma_bd/ipshared/d786/hdl/axi_datamover_v5_1_vh_rfs.vhd:28036]
WARNING: [Synth 8-6014] Unused sequential element sig_xfer_reg_full_reg was removed.  [h:/vivado_realtime_dma_zybo_z7_20/vivado_realtime_dma_zybo_z7_20.gen/sources_1/bd/realtime_dma_bd/ipshared/d786/hdl/axi_datamover_v5_1_vh_rfs.vhd:28037]
WARNING: [Synth 8-6014] Unused sequential element sig_sm_ld_scatter_cmd_reg was removed.  [h:/vivado_realtime_dma_zybo_z7_20/vivado_realtime_dma_zybo_z7_20.gen/sources_1/bd/realtime_dma_bd/ipshared/d786/hdl/axi_datamover_v5_1_vh_rfs.vhd:47314]
WARNING: [Synth 8-6014] Unused sequential element gen_rd_b.gen_doutb_pipe.enb_pipe_reg[0] was removed.  [C:/Xilinx/Vivado/2023.2/data/ip/xpm/xpm_memory/hdl/xpm_memory.sv:3069]
WARNING: [Synth 8-6014] Unused sequential element gdvld.data_valid_std_reg was removed.  [C:/Xilinx/Vivado/2023.2/data/ip/xpm/xpm_fifo/hdl/xpm_fifo.sv:544]
WARNING: [Synth 8-6014] Unused sequential element gen_pntr_flags_cc.gae_cc_std.ram_aempty_i_reg was removed.  [C:/Xilinx/Vivado/2023.2/data/ip/xpm/xpm_fifo/hdl/xpm_fifo.sv:976]
WARNING: [Synth 8-6014] Unused sequential element gen_fwft.empty_fwft_fb_reg was removed.  [C:/Xilinx/Vivado/2023.2/data/ip/xpm/xpm_fifo/hdl/xpm_fifo.sv:1398]
WARNING: [Synth 8-6014] Unused sequential element hold_ff_q_reg was removed.  [h:/vivado_realtime_dma_zybo_z7_20/vivado_realtime_dma_zybo_z7_20.gen/sources_1/bd/realtime_dma_bd/ipshared/d786/hdl/axi_datamover_v5_1_vh_rfs.vhd:1493]
WARNING: [Synth 8-6014] Unused sequential element gen_rd_b.gen_doutb_pipe.enb_pipe_reg[0] was removed.  [C:/Xilinx/Vivado/2023.2/data/ip/xpm/xpm_memory/hdl/xpm_memory.sv:3069]
WARNING: [Synth 8-6014] Unused sequential element gdvld.data_valid_std_reg was removed.  [C:/Xilinx/Vivado/2023.2/data/ip/xpm/xpm_fifo/hdl/xpm_fifo.sv:544]
WARNING: [Synth 8-6014] Unused sequential element gen_pntr_flags_cc.gae_cc_std.ram_aempty_i_reg was removed.  [C:/Xilinx/Vivado/2023.2/data/ip/xpm/xpm_fifo/hdl/xpm_fifo.sv:976]
WARNING: [Synth 8-6014] Unused sequential element gen_fwft.empty_fwft_fb_reg was removed.  [C:/Xilinx/Vivado/2023.2/data/ip/xpm/xpm_fifo/hdl/xpm_fifo.sv:1398]
WARNING: [Synth 8-6014] Unused sequential element hold_ff_q_reg was removed.  [h:/vivado_realtime_dma_zybo_z7_20/vivado_realtime_dma_zybo_z7_20.gen/sources_1/bd/realtime_dma_bd/ipshared/d786/hdl/axi_datamover_v5_1_vh_rfs.vhd:1493]
WARNING: [Synth 8-6014] Unused sequential element INCLUDE_PACKING.lsig_packer_empty_reg was removed.  [h:/vivado_realtime_dma_zybo_z7_20/vivado_realtime_dma_zybo_z7_20.gen/sources_1/bd/realtime_dma_bd/ipshared/d786/hdl/axi_datamover_v5_1_vh_rfs.vhd:29176]
WARNING: [Synth 8-6014] Unused sequential element sig_next_tag_reg_reg was removed.  [h:/vivado_realtime_dma_zybo_z7_20/vivado_realtime_dma_zybo_z7_20.gen/sources_1/bd/realtime_dma_bd/ipshared/d786/hdl/axi_datamover_v5_1_vh_rfs.vhd:10353]
WARNING: [Synth 8-6014] Unused sequential element sig_next_cmd_cmplt_reg_reg was removed.  [h:/vivado_realtime_dma_zybo_z7_20/vivado_realtime_dma_zybo_z7_20.gen/sources_1/bd/realtime_dma_bd/ipshared/d786/hdl/axi_datamover_v5_1_vh_rfs.vhd:10360]
WARNING: [Synth 8-6014] Unused sequential element sig_next_last_strb_reg_reg was removed.  [h:/vivado_realtime_dma_zybo_z7_20/vivado_realtime_dma_zybo_z7_20.gen/sources_1/bd/realtime_dma_bd/ipshared/d786/hdl/axi_datamover_v5_1_vh_rfs.vhd:16878]
WARNING: [Synth 8-6014] Unused sequential element sig_next_eof_reg_reg was removed.  [h:/vivado_realtime_dma_zybo_z7_20/vivado_realtime_dma_zybo_z7_20.gen/sources_1/bd/realtime_dma_bd/ipshared/d786/hdl/axi_datamover_v5_1_vh_rfs.vhd:16883]
WARNING: [Synth 8-3848] Net m_axi_sg_awuser in module/entity axi_dma does not have driver. [h:/vivado_realtime_dma_zybo_z7_20/vivado_realtime_dma_zybo_z7_20.gen/sources_1/bd/realtime_dma_bd/ipshared/ddec/hdl/axi_dma_v7_1_vh_rfs.vhd:21994]
WARNING: [Synth 8-3848] Net m_axi_sg_aruser in module/entity axi_dma does not have driver. [h:/vivado_realtime_dma_zybo_z7_20/vivado_realtime_dma_zybo_z7_20.gen/sources_1/bd/realtime_dma_bd/ipshared/ddec/hdl/axi_dma_v7_1_vh_rfs.vhd:22020]
WARNING: [Synth 8-3848] Net strm_valid in module/entity axi_dma does not have driver. [h:/vivado_realtime_dma_zybo_z7_20/vivado_realtime_dma_zybo_z7_20.gen/sources_1/bd/realtime_dma_bd/ipshared/ddec/hdl/axi_dma_v7_1_vh_rfs.vhd:22710]
WARNING: [Synth 8-3848] Net bd_eq in module/entity axi_dma does not have driver. [h:/vivado_realtime_dma_zybo_z7_20/vivado_realtime_dma_zybo_z7_20.gen/sources_1/bd/realtime_dma_bd/ipshared/ddec/hdl/axi_dma_v7_1_vh_rfs.vhd:22703]
WARNING: [Synth 8-3848] Net m_axis_ftch1_desc_available in module/entity axi_dma does not have driver. [h:/vivado_realtime_dma_zybo_z7_20/vivado_realtime_dma_zybo_z7_20.gen/sources_1/bd/realtime_dma_bd/ipshared/ddec/hdl/axi_dma_v7_1_vh_rfs.vhd:22612]
WARNING: [Synth 8-3848] Net s2mm_desc_info_in in module/entity axi_dma does not have driver. [h:/vivado_realtime_dma_zybo_z7_20/vivado_realtime_dma_zybo_z7_20.gen/sources_1/bd/realtime_dma_bd/ipshared/ddec/hdl/axi_dma_v7_1_vh_rfs.vhd:22683]
WARNING: [Synth 8-3848] Net m_axis_ftch2_desc_available in module/entity axi_dma does not have driver. [h:/vivado_realtime_dma_zybo_z7_20/vivado_realtime_dma_zybo_z7_20.gen/sources_1/bd/realtime_dma_bd/ipshared/ddec/hdl/axi_dma_v7_1_vh_rfs.vhd:22612]
WARNING: [Synth 8-3848] Net m_axi_sg_awuser in module/entity axi_dma__parameterized1 does not have driver. [h:/vivado_realtime_dma_zybo_z7_20/vivado_realtime_dma_zybo_z7_20.gen/sources_1/bd/realtime_dma_bd/ipshared/ddec/hdl/axi_dma_v7_1_vh_rfs.vhd:21994]
WARNING: [Synth 8-3848] Net m_axi_sg_aruser in module/entity axi_dma__parameterized1 does not have driver. [h:/vivado_realtime_dma_zybo_z7_20/vivado_realtime_dma_zybo_z7_20.gen/sources_1/bd/realtime_dma_bd/ipshared/ddec/hdl/axi_dma_v7_1_vh_rfs.vhd:22020]
WARNING: [Synth 8-3848] Net s_axis_s2mm_sts_tready in module/entity axi_dma__parameterized1 does not have driver. [h:/vivado_realtime_dma_zybo_z7_20/vivado_realtime_dma_zybo_z7_20.gen/sources_1/bd/realtime_dma_bd/ipshared/ddec/hdl/axi_dma_v7_1_vh_rfs.vhd:22129]
WARNING: [Synth 8-3848] Net tdest_out_int in module/entity axi_dma__parameterized1 does not have driver. [h:/vivado_realtime_dma_zybo_z7_20/vivado_realtime_dma_zybo_z7_20.gen/sources_1/bd/realtime_dma_bd/ipshared/ddec/hdl/axi_dma_v7_1_vh_rfs.vhd:22677]
WARNING: [Synth 8-3848] Net same_tdest in module/entity axi_dma__parameterized1 does not have driver. [h:/vivado_realtime_dma_zybo_z7_20/vivado_realtime_dma_zybo_z7_20.gen/sources_1/bd/realtime_dma_bd/ipshared/ddec/hdl/axi_dma_v7_1_vh_rfs.vhd:22678]
WARNING: [Synth 8-3848] Net strm_valid in module/entity axi_dma__parameterized1 does not have driver. [h:/vivado_realtime_dma_zybo_z7_20/vivado_realtime_dma_zybo_z7_20.gen/sources_1/bd/realtime_dma_bd/ipshared/ddec/hdl/axi_dma_v7_1_vh_rfs.vhd:22710]
WARNING: [Synth 8-3848] Net bd_eq in module/entity axi_dma__parameterized1 does not have driver. [h:/vivado_realtime_dma_zybo_z7_20/vivado_realtime_dma_zybo_z7_20.gen/sources_1/bd/realtime_dma_bd/ipshared/ddec/hdl/axi_dma_v7_1_vh_rfs.vhd:22703]
WARNING: [Synth 8-3848] Net m_axis_ftch1_desc_available in module/entity axi_dma__parameterized1 does not have driver. [h:/vivado_realtime_dma_zybo_z7_20/vivado_realtime_dma_zybo_z7_20.gen/sources_1/bd/realtime_dma_bd/ipshared/ddec/hdl/axi_dma_v7_1_vh_rfs.vhd:22612]
WARNING: [Synth 8-3848] Net aresetn_out in module/entity clk_map_imp_1RG68OX does not have driver. [h:/vivado_realtime_dma_zybo_z7_20/vivado_realtime_dma_zybo_z7_20.gen/sources_1/bd/realtime_dma_bd/ip/realtime_dma_bd_axi_smc_ctrl_0/bd_0/synth/bd_3bc8.v:1649]
WARNING: [Synth 8-3848] Net aresetn_out in module/entity clk_map_imp_1MH43CD does not have driver. [h:/vivado_realtime_dma_zybo_z7_20/vivado_realtime_dma_zybo_z7_20.gen/sources_1/bd/realtime_dma_bd/ip/realtime_dma_bd_axi_smc_mem_0/bd_0/synth/bd_af63.v:1406]
WARNING: [Synth 8-6014] Unused sequential element int_ap_done_reg was removed.  [h:/vivado_realtime_dma_zybo_z7_20/vivado_realtime_dma_zybo_z7_20.gen/sources_1/bd/realtime_dma_bd/ipshared/9460/hdl/verilog/SubbandRealtimeTopQ610Ip_control_s_axi.v:288]
WARNING: [Synth 8-7129] Port raddr[-1] in module SubbandRealtimeTopQ610Ip_weights_m_axi_srl__parameterized0 is either unconnected or has no load
WARNING: [Synth 8-7129] Port raddr[0] in module SubbandRealtimeTopQ610Ip_weights_m_axi_srl__parameterized0 is either unconnected or has no load
WARNING: [Synth 8-7129] Port re in module SubbandRealtimeTopQ610Ip_weights_m_axi_srl__parameterized0 is either unconnected or has no load
WARNING: [Synth 8-7129] Port in_BUS_RID[0] in module SubbandRealtimeTopQ610Ip_weights_m_axi_read is either unconnected or has no load
WARNING: [Synth 8-7129] Port in_BUS_RRESP[1] in module SubbandRealtimeTopQ610Ip_weights_m_axi_read is either unconnected or has no load
WARNING: [Synth 8-7129] Port in_BUS_RRESP[0] in module SubbandRealtimeTopQ610Ip_weights_m_axi_read is either unconnected or has no load
WARNING: [Synth 8-7129] Port in_BUS_RUSER[0] in module SubbandRealtimeTopQ610Ip_weights_m_axi_read is either unconnected or has no load
WARNING: [Synth 8-7129] Port raddr[-1] in module SubbandRealtimeTopQ610Ip_weights_m_axi_srl__parameterized3 is either unconnected or has no load
WARNING: [Synth 8-7129] Port raddr[0] in module SubbandRealtimeTopQ610Ip_weights_m_axi_srl__parameterized3 is either unconnected or has no load
WARNING: [Synth 8-7129] Port re in module SubbandRealtimeTopQ610Ip_weights_m_axi_srl__parameterized3 is either unconnected or has no load
WARNING: [Synth 8-7129] Port raddr[-1] in module SubbandRealtimeTopQ610Ip_weights_m_axi_srl__parameterized2 is either unconnected or has no load
WARNING: [Synth 8-7129] Port raddr[0] in module SubbandRealtimeTopQ610Ip_weights_m_axi_srl__parameterized2 is either unconnected or has no load
WARNING: [Synth 8-7129] Port re in module SubbandRealtimeTopQ610Ip_weights_m_axi_srl__parameterized2 is either unconnected or has no load
WARNING: [Synth 8-7129] Port in_BUS_BID[0] in module SubbandRealtimeTopQ610Ip_weights_m_axi_write is either unconnected or has no load
WARNING: [Synth 8-7129] Port in_BUS_BRESP[1] in module SubbandRealtimeTopQ610Ip_weights_m_axi_write is either unconnected or has no load
WARNING: [Synth 8-7129] Port in_BUS_BRESP[0] in module SubbandRealtimeTopQ610Ip_weights_m_axi_write is either unconnected or has no load
WARNING: [Synth 8-7129] Port in_BUS_BUSER[0] in module SubbandRealtimeTopQ610Ip_weights_m_axi_write is either unconnected or has no load
WARNING: [Synth 8-7129] Port rst in module SubbandRealtimeTopQ610Ip_ama_addmuladd_12ns_3ns_7ns_12ns_12_4_1_DSP48_2 is either unconnected or has no load
WARNING: [Synth 8-7129] Port def[15] in module SubbandRealtimeTopQ610Ip_sparsemux_17_3_16_1_1 is either unconnected or has no load
WARNING: [Synth 8-7129] Port def[14] in module SubbandRealtimeTopQ610Ip_sparsemux_17_3_16_1_1 is either unconnected or has no load
WARNING: [Synth 8-7129] Port def[13] in module SubbandRealtimeTopQ610Ip_sparsemux_17_3_16_1_1 is either unconnected or has no load
WARNING: [Synth 8-7129] Port def[12] in module SubbandRealtimeTopQ610Ip_sparsemux_17_3_16_1_1 is either unconnected or has no load
WARNING: [Synth 8-7129] Port def[11] in module SubbandRealtimeTopQ610Ip_sparsemux_17_3_16_1_1 is either unconnected or has no load
WARNING: [Synth 8-7129] Port def[10] in module SubbandRealtimeTopQ610Ip_sparsemux_17_3_16_1_1 is either unconnected or has no load
WARNING: [Synth 8-7129] Port def[9] in module SubbandRealtimeTopQ610Ip_sparsemux_17_3_16_1_1 is either unconnected or has no load
WARNING: [Synth 8-7129] Port def[8] in module SubbandRealtimeTopQ610Ip_sparsemux_17_3_16_1_1 is either unconnected or has no load
WARNING: [Synth 8-7129] Port def[7] in module SubbandRealtimeTopQ610Ip_sparsemux_17_3_16_1_1 is either unconnected or has no load
WARNING: [Synth 8-7129] Port def[6] in module SubbandRealtimeTopQ610Ip_sparsemux_17_3_16_1_1 is either unconnected or has no load
WARNING: [Synth 8-7129] Port def[5] in module SubbandRealtimeTopQ610Ip_sparsemux_17_3_16_1_1 is either unconnected or has no load
WARNING: [Synth 8-7129] Port def[4] in module SubbandRealtimeTopQ610Ip_sparsemux_17_3_16_1_1 is either unconnected or has no load
WARNING: [Synth 8-7129] Port def[3] in module SubbandRealtimeTopQ610Ip_sparsemux_17_3_16_1_1 is either unconnected or has no load
WARNING: [Synth 8-7129] Port def[2] in module SubbandRealtimeTopQ610Ip_sparsemux_17_3_16_1_1 is either unconnected or has no load
WARNING: [Synth 8-7129] Port def[1] in module SubbandRealtimeTopQ610Ip_sparsemux_17_3_16_1_1 is either unconnected or has no load
WARNING: [Synth 8-7129] Port def[0] in module SubbandRealtimeTopQ610Ip_sparsemux_17_3_16_1_1 is either unconnected or has no load
WARNING: [Synth 8-7129] Port rst in module SubbandRealtimeTopQ610Ip_mac_muladd_16s_16s_34s_34_3_1_DSP48_0 is either unconnected or has no load
WARNING: [Synth 8-7129] Port m_axi_weights_AWREADY in module SubbandRealtimeTopQ610Ip_p_anonymous_namespace_LoadRealtimeProjectionWeightsQ610_Pipeline_VITIS_LOOP_2624_s is either unconnected or has no load
WARNING: [Synth 8-7129] Port m_axi_weights_WREADY in module SubbandRealtimeTopQ610Ip_p_anonymous_namespace_LoadRealtimeProjectionWeightsQ610_Pipeline_VITIS_LOOP_2624_s is either unconnected or has no load
WARNING: [Synth 8-7129] Port m_axi_weights_RLAST in module SubbandRealtimeTopQ610Ip_p_anonymous_namespace_LoadRealtimeProjectionWeightsQ610_Pipeline_VITIS_LOOP_2624_s is either unconnected or has no load
WARNING: [Synth 8-7129] Port m_axi_weights_RID[0] in module SubbandRealtimeTopQ610Ip_p_anonymous_namespace_LoadRealtimeProjectionWeightsQ610_Pipeline_VITIS_LOOP_2624_s is either unconnected or has no load
WARNING: [Synth 8-7129] Port m_axi_weights_RFIFONUM[4] in module SubbandRealtimeTopQ610Ip_p_anonymous_namespace_LoadRealtimeProjectionWeightsQ610_Pipeline_VITIS_LOOP_2624_s is either unconnected or has no load
WARNING: [Synth 8-7129] Port m_axi_weights_RFIFONUM[3] in module SubbandRealtimeTopQ610Ip_p_anonymous_namespace_LoadRealtimeProjectionWeightsQ610_Pipeline_VITIS_LOOP_2624_s is either unconnected or has no load
WARNING: [Synth 8-7129] Port m_axi_weights_RFIFONUM[2] in module SubbandRealtimeTopQ610Ip_p_anonymous_namespace_LoadRealtimeProjectionWeightsQ610_Pipeline_VITIS_LOOP_2624_s is either unconnected or has no load
WARNING: [Synth 8-7129] Port m_axi_weights_RFIFONUM[1] in module SubbandRealtimeTopQ610Ip_p_anonymous_namespace_LoadRealtimeProjectionWeightsQ610_Pipeline_VITIS_LOOP_2624_s is either unconnected or has no load
WARNING: [Synth 8-7129] Port m_axi_weights_RFIFONUM[0] in module SubbandRealtimeTopQ610Ip_p_anonymous_namespace_LoadRealtimeProjectionWeightsQ610_Pipeline_VITIS_LOOP_2624_s is either unconnected or has no load
WARNING: [Synth 8-7129] Port m_axi_weights_RUSER[0] in module SubbandRealtimeTopQ610Ip_p_anonymous_namespace_LoadRealtimeProjectionWeightsQ610_Pipeline_VITIS_LOOP_2624_s is either unconnected or has no load
WARNING: [Synth 8-7129] Port m_axi_weights_RRESP[1] in module SubbandRealtimeTopQ610Ip_p_anonymous_namespace_LoadRealtimeProjectionWeightsQ610_Pipeline_VITIS_LOOP_2624_s is either unconnected or has no load
WARNING: [Synth 8-7129] Port m_axi_weights_RRESP[0] in module SubbandRealtimeTopQ610Ip_p_anonymous_namespace_LoadRealtimeProjectionWeightsQ610_Pipeline_VITIS_LOOP_2624_s is either unconnected or has no load
WARNING: [Synth 8-7129] Port m_axi_weights_BVALID in module SubbandRealtimeTopQ610Ip_p_anonymous_namespace_LoadRealtimeProjectionWeightsQ610_Pipeline_VITIS_LOOP_2624_s is either unconnected or has no load
WARNING: [Synth 8-7129] Port m_axi_weights_BRESP[1] in module SubbandRealtimeTopQ610Ip_p_anonymous_namespace_LoadRealtimeProjectionWeightsQ610_Pipeline_VITIS_LOOP_2624_s is either unconnected or has no load
WARNING: [Synth 8-7129] Port m_axi_weights_BRESP[0] in module SubbandRealtimeTopQ610Ip_p_anonymous_namespace_LoadRealtimeProjectionWeightsQ610_Pipeline_VITIS_LOOP_2624_s is either unconnected or has no load
WARNING: [Synth 8-7129] Port m_axi_weights_BID[0] in module SubbandRealtimeTopQ610Ip_p_anonymous_namespace_LoadRealtimeProjectionWeightsQ610_Pipeline_VITIS_LOOP_2624_s is either unconnected or has no load
WARNING: [Synth 8-7129] Port m_axi_weights_BUSER[0] in module SubbandRealtimeTopQ610Ip_p_anonymous_namespace_LoadRealtimeProjectionWeightsQ610_Pipeline_VITIS_LOOP_2624_s is either unconnected or has no load
WARNING: [Synth 8-7129] Port m_axi_weights_AWREADY in module SubbandRealtimeTopQ610Ip_p_anonymous_namespace_LoadRealtimeProjectionWeightsQ610_Pipeline_VITIS_LOOP_2599_s is either unconnected or has no load
WARNING: [Synth 8-7129] Port m_axi_weights_WREADY in module SubbandRealtimeTopQ610Ip_p_anonymous_namespace_LoadRealtimeProjectionWeightsQ610_Pipeline_VITIS_LOOP_2599_s is either unconnected or has no load
WARNING: [Synth 8-7129] Port m_axi_weights_RLAST in module SubbandRealtimeTopQ610Ip_p_anonymous_namespace_LoadRealtimeProjectionWeightsQ610_Pipeline_VITIS_LOOP_2599_s is either unconnected or has no load
WARNING: [Synth 8-7129] Port m_axi_weights_RID[0] in module SubbandRealtimeTopQ610Ip_p_anonymous_namespace_LoadRealtimeProjectionWeightsQ610_Pipeline_VITIS_LOOP_2599_s is either unconnected or has no load
WARNING: [Synth 8-7129] Port m_axi_weights_RFIFONUM[4] in module SubbandRealtimeTopQ610Ip_p_anonymous_namespace_LoadRealtimeProjectionWeightsQ610_Pipeline_VITIS_LOOP_2599_s is either unconnected or has no load
WARNING: [Synth 8-7129] Port m_axi_weights_RFIFONUM[3] in module SubbandRealtimeTopQ610Ip_p_anonymous_namespace_LoadRealtimeProjectionWeightsQ610_Pipeline_VITIS_LOOP_2599_s is either unconnected or has no load
WARNING: [Synth 8-7129] Port m_axi_weights_RFIFONUM[2] in module SubbandRealtimeTopQ610Ip_p_anonymous_namespace_LoadRealtimeProjectionWeightsQ610_Pipeline_VITIS_LOOP_2599_s is either unconnected or has no load
WARNING: [Synth 8-7129] Port m_axi_weights_RFIFONUM[1] in module SubbandRealtimeTopQ610Ip_p_anonymous_namespace_LoadRealtimeProjectionWeightsQ610_Pipeline_VITIS_LOOP_2599_s is either unconnected or has no load
WARNING: [Synth 8-7129] Port m_axi_weights_RFIFONUM[0] in module SubbandRealtimeTopQ610Ip_p_anonymous_namespace_LoadRealtimeProjectionWeightsQ610_Pipeline_VITIS_LOOP_2599_s is either unconnected or has no load
WARNING: [Synth 8-7129] Port m_axi_weights_RUSER[0] in module SubbandRealtimeTopQ610Ip_p_anonymous_namespace_LoadRealtimeProjectionWeightsQ610_Pipeline_VITIS_LOOP_2599_s is either unconnected or has no load
WARNING: [Synth 8-7129] Port m_axi_weights_RRESP[1] in module SubbandRealtimeTopQ610Ip_p_anonymous_namespace_LoadRealtimeProjectionWeightsQ610_Pipeline_VITIS_LOOP_2599_s is either unconnected or has no load
WARNING: [Synth 8-7129] Port m_axi_weights_RRESP[0] in module SubbandRealtimeTopQ610Ip_p_anonymous_namespace_LoadRealtimeProjectionWeightsQ610_Pipeline_VITIS_LOOP_2599_s is either unconnected or has no load
WARNING: [Synth 8-7129] Port m_axi_weights_BVALID in module SubbandRealtimeTopQ610Ip_p_anonymous_namespace_LoadRealtimeProjectionWeightsQ610_Pipeline_VITIS_LOOP_2599_s is either unconnected or has no load
WARNING: [Synth 8-7129] Port m_axi_weights_BRESP[1] in module SubbandRealtimeTopQ610Ip_p_anonymous_namespace_LoadRealtimeProjectionWeightsQ610_Pipeline_VITIS_LOOP_2599_s is either unconnected or has no load
WARNING: [Synth 8-7129] Port m_axi_weights_BRESP[0] in module SubbandRealtimeTopQ610Ip_p_anonymous_namespace_LoadRealtimeProjectionWeightsQ610_Pipeline_VITIS_LOOP_2599_s is either unconnected or has no load
WARNING: [Synth 8-7129] Port m_axi_weights_BID[0] in module SubbandRealtimeTopQ610Ip_p_anonymous_namespace_LoadRealtimeProjectionWeightsQ610_Pipeline_VITIS_LOOP_2599_s is either unconnected or has no load
WARNING: [Synth 8-7129] Port m_axi_weights_BUSER[0] in module SubbandRealtimeTopQ610Ip_p_anonymous_namespace_LoadRealtimeProjectionWeightsQ610_Pipeline_VITIS_LOOP_2599_s is either unconnected or has no load
WARNING: [Synth 8-7129] Port m_axi_weights_AWREADY in module SubbandRealtimeTopQ610Ip_p_anonymous_namespace_LoadRealtimeProjectionWeightsQ610 is either unconnected or has no load
WARNING: [Synth 8-7129] Port m_axi_weights_WREADY in module SubbandRealtimeTopQ610Ip_p_anonymous_namespace_LoadRealtimeProjectionWeightsQ610 is either unconnected or has no load
WARNING: [Synth 8-7129] Port m_axi_weights_BVALID in module SubbandRealtimeTopQ610Ip_p_anonymous_namespace_LoadRealtimeProjectionWeightsQ610 is either unconnected or has no load
WARNING: [Synth 8-7129] Port m_axi_weights_BRESP[1] in module SubbandRealtimeTopQ610Ip_p_anonymous_namespace_LoadRealtimeProjectionWeightsQ610 is either unconnected or has no load
WARNING: [Synth 8-7129] Port m_axi_weights_BRESP[0] in module SubbandRealtimeTopQ610Ip_p_anonymous_namespace_LoadRealtimeProjectionWeightsQ610 is either unconnected or has no load
WARNING: [Synth 8-7129] Port m_axi_weights_BID[0] in module SubbandRealtimeTopQ610Ip_p_anonymous_namespace_LoadRealtimeProjectionWeightsQ610 is either unconnected or has no load
WARNING: [Synth 8-7129] Port m_axi_weights_BUSER[0] in module SubbandRealtimeTopQ610Ip_p_anonymous_namespace_LoadRealtimeProjectionWeightsQ610 is either unconnected or has no load
WARNING: [Synth 8-7129] Port rst in module SubbandRealtimeTopQ610Ip_mac_muladd_7ns_3ns_8ns_10_4_1_DSP48_1 is either unconnected or has no load
WARNING: [Synth 8-7129] Port m_axi_weights_AWREADY in module SubbandRealtimeTopQ610Ip_p_anonymous_namespace_LoadRealtimeGSULayerWeightsQ610_Pipeline_VITIS_LOOP_2580_14 is either unconnected or has no load
WARNING: [Synth 8-7129] Port m_axi_weights_WREADY in module SubbandRealtimeTopQ610Ip_p_anonymous_namespace_LoadRealtimeGSULayerWeightsQ610_Pipeline_VITIS_LOOP_2580_14 is either unconnected or has no load
WARNING: [Synth 8-7129] Port m_axi_weights_RLAST in module SubbandRealtimeTopQ610Ip_p_anonymous_namespace_LoadRealtimeGSULayerWeightsQ610_Pipeline_VITIS_LOOP_2580_14 is either unconnected or has no load
WARNING: [Synth 8-7129] Port m_axi_weights_RID[0] in module SubbandRealtimeTopQ610Ip_p_anonymous_namespace_LoadRealtimeGSULayerWeightsQ610_Pipeline_VITIS_LOOP_2580_14 is either unconnected or has no load
WARNING: [Synth 8-7129] Port m_axi_weights_RFIFONUM[4] in module SubbandRealtimeTopQ610Ip_p_anonymous_namespace_LoadRealtimeGSULayerWeightsQ610_Pipeline_VITIS_LOOP_2580_14 is either unconnected or has no load
WARNING: [Synth 8-7129] Port m_axi_weights_RFIFONUM[3] in module SubbandRealtimeTopQ610Ip_p_anonymous_namespace_LoadRealtimeGSULayerWeightsQ610_Pipeline_VITIS_LOOP_2580_14 is either unconnected or has no load
WARNING: [Synth 8-7129] Port m_axi_weights_RFIFONUM[2] in module SubbandRealtimeTopQ610Ip_p_anonymous_namespace_LoadRealtimeGSULayerWeightsQ610_Pipeline_VITIS_LOOP_2580_14 is either unconnected or has no load
WARNING: [Synth 8-7129] Port m_axi_weights_RFIFONUM[1] in module SubbandRealtimeTopQ610Ip_p_anonymous_namespace_LoadRealtimeGSULayerWeightsQ610_Pipeline_VITIS_LOOP_2580_14 is either unconnected or has no load
WARNING: [Synth 8-7129] Port m_axi_weights_RFIFONUM[0] in module SubbandRealtimeTopQ610Ip_p_anonymous_namespace_LoadRealtimeGSULayerWeightsQ610_Pipeline_VITIS_LOOP_2580_14 is either unconnected or has no load
WARNING: [Synth 8-7129] Port m_axi_weights_RUSER[0] in module SubbandRealtimeTopQ610Ip_p_anonymous_namespace_LoadRealtimeGSULayerWeightsQ610_Pipeline_VITIS_LOOP_2580_14 is either unconnected or has no load
WARNING: [Synth 8-7129] Port m_axi_weights_RRESP[1] in module SubbandRealtimeTopQ610Ip_p_anonymous_namespace_LoadRealtimeGSULayerWeightsQ610_Pipeline_VITIS_LOOP_2580_14 is either unconnected or has no load
WARNING: [Synth 8-7129] Port m_axi_weights_RRESP[0] in module SubbandRealtimeTopQ610Ip_p_anonymous_namespace_LoadRealtimeGSULayerWeightsQ610_Pipeline_VITIS_LOOP_2580_14 is either unconnected or has no load
WARNING: [Synth 8-7129] Port m_axi_weights_BVALID in module SubbandRealtimeTopQ610Ip_p_anonymous_namespace_LoadRealtimeGSULayerWeightsQ610_Pipeline_VITIS_LOOP_2580_14 is either unconnected or has no load
WARNING: [Synth 8-7129] Port m_axi_weights_BRESP[1] in module SubbandRealtimeTopQ610Ip_p_anonymous_namespace_LoadRealtimeGSULayerWeightsQ610_Pipeline_VITIS_LOOP_2580_14 is either unconnected or has no load
WARNING: [Synth 8-7129] Port m_axi_weights_BRESP[0] in module SubbandRealtimeTopQ610Ip_p_anonymous_namespace_LoadRealtimeGSULayerWeightsQ610_Pipeline_VITIS_LOOP_2580_14 is either unconnected or has no load
WARNING: [Synth 8-7129] Port m_axi_weights_BID[0] in module SubbandRealtimeTopQ610Ip_p_anonymous_namespace_LoadRealtimeGSULayerWeightsQ610_Pipeline_VITIS_LOOP_2580_14 is either unconnected or has no load
WARNING: [Synth 8-7129] Port m_axi_weights_BUSER[0] in module SubbandRealtimeTopQ610Ip_p_anonymous_namespace_LoadRealtimeGSULayerWeightsQ610_Pipeline_VITIS_LOOP_2580_14 is either unconnected or has no load
WARNING: [Synth 8-7129] Port m_axi_weights_AWREADY in module SubbandRealtimeTopQ610Ip_p_anonymous_namespace_LoadRealtimeGSULayerWeightsQ610_Pipeline_VITIS_LOOP_2569_12 is either unconnected or has no load
WARNING: [Synth 8-7129] Port m_axi_weights_WREADY in module SubbandRealtimeTopQ610Ip_p_anonymous_namespace_LoadRealtimeGSULayerWeightsQ610_Pipeline_VITIS_LOOP_2569_12 is either unconnected or has no load
WARNING: [Synth 8-7129] Port m_axi_weights_RLAST in module SubbandRealtimeTopQ610Ip_p_anonymous_namespace_LoadRealtimeGSULayerWeightsQ610_Pipeline_VITIS_LOOP_2569_12 is either unconnected or has no load
WARNING: [Synth 8-7129] Port m_axi_weights_RID[0] in module SubbandRealtimeTopQ610Ip_p_anonymous_namespace_LoadRealtimeGSULayerWeightsQ610_Pipeline_VITIS_LOOP_2569_12 is either unconnected or has no load
WARNING: [Synth 8-7129] Port m_axi_weights_RFIFONUM[4] in module SubbandRealtimeTopQ610Ip_p_anonymous_namespace_LoadRealtimeGSULayerWeightsQ610_Pipeline_VITIS_LOOP_2569_12 is either unconnected or has no load
WARNING: [Synth 8-7129] Port m_axi_weights_RFIFONUM[3] in module SubbandRealtimeTopQ610Ip_p_anonymous_namespace_LoadRealtimeGSULayerWeightsQ610_Pipeline_VITIS_LOOP_2569_12 is either unconnected or has no load
INFO: [Common 17-14] Message 'Synth 8-7129' appears 100 times and further instances of the messages will be disabled. Use the Tcl command set_msg_config to change the current settings.
---------------------------------------------------------------------------------
Finished RTL Elaboration : Time (s): cpu = 00:00:34 ; elapsed = 00:00:37 . Memory (MB): peak = 2652.699 ; gain = 1456.164
---------------------------------------------------------------------------------
---------------------------------------------------------------------------------
Start Handling Custom Attributes
---------------------------------------------------------------------------------
---------------------------------------------------------------------------------
Finished Handling Custom Attributes : Time (s): cpu = 00:00:35 ; elapsed = 00:00:38 . Memory (MB): peak = 2667.477 ; gain = 1470.941
---------------------------------------------------------------------------------
---------------------------------------------------------------------------------
Finished RTL Optimization Phase 1 : Time (s): cpu = 00:00:35 ; elapsed = 00:00:38 . Memory (MB): peak = 2667.477 ; gain = 1470.941
---------------------------------------------------------------------------------
Netlist sorting complete. Time (s): cpu = 00:00:06 ; elapsed = 00:00:06 . Memory (MB): peak = 3235.258 ; gain = 21.969
INFO: [Netlist 29-17] Analyzing 63 Unisim elements for replacement
INFO: [Netlist 29-28] Unisim Transformation completed in 0 CPU seconds
INFO: [Project 1-570] Preparing netlist for logic optimization

Processing XDC Constraints
Initializing timing engine
Parsing XDC File [h:/vivado_realtime_dma_zybo_z7_20/vivado_realtime_dma_zybo_z7_20.gen/sources_1/bd/realtime_dma_bd/ip/realtime_dma_bd_ps7_0_0/realtime_dma_bd_ps7_0_0.xdc] for cell 'realtime_dma_bd_i/ps7_0/inst'
Finished Parsing XDC File [h:/vivado_realtime_dma_zybo_z7_20/vivado_realtime_dma_zybo_z7_20.gen/sources_1/bd/realtime_dma_bd/ip/realtime_dma_bd_ps7_0_0/realtime_dma_bd_ps7_0_0.xdc] for cell 'realtime_dma_bd_i/ps7_0/inst'
INFO: [Project 1-236] Implementation specific constraints were found while reading constraint file [h:/vivado_realtime_dma_zybo_z7_20/vivado_realtime_dma_zybo_z7_20.gen/sources_1/bd/realtime_dma_bd/ip/realtime_dma_bd_ps7_0_0/realtime_dma_bd_ps7_0_0.xdc]. These constraints will be ignored for synthesis but will be used in implementation. Impacted constraints are listed in the file [.Xil/realtime_dma_bd_wrapper_propImpl.xdc].
Resolution: To avoid this warning, move constraints listed in [.Xil/realtime_dma_bd_wrapper_propImpl.xdc] to another XDC file and exclude this new file from synthesis with the used_in_synthesis property (File Properties dialog in GUI) and re-run elaboration/synthesis.
Parsing XDC File [h:/vivado_realtime_dma_zybo_z7_20/vivado_realtime_dma_zybo_z7_20.gen/sources_1/bd/realtime_dma_bd/ip/realtime_dma_bd_axi_dma0_0/realtime_dma_bd_axi_dma0_0.xdc] for cell 'realtime_dma_bd_i/axi_dma0/U0'
Finished Parsing XDC File [h:/vivado_realtime_dma_zybo_z7_20/vivado_realtime_dma_zybo_z7_20.gen/sources_1/bd/realtime_dma_bd/ip/realtime_dma_bd_axi_dma0_0/realtime_dma_bd_axi_dma0_0.xdc] for cell 'realtime_dma_bd_i/axi_dma0/U0'
INFO: [Project 1-236] Implementation specific constraints were found while reading constraint file [h:/vivado_realtime_dma_zybo_z7_20/vivado_realtime_dma_zybo_z7_20.gen/sources_1/bd/realtime_dma_bd/ip/realtime_dma_bd_axi_dma0_0/realtime_dma_bd_axi_dma0_0.xdc]. These constraints will be ignored for synthesis but will be used in implementation. Impacted constraints are listed in the file [.Xil/realtime_dma_bd_wrapper_propImpl.xdc].
Resolution: To avoid this warning, move constraints listed in [.Xil/realtime_dma_bd_wrapper_propImpl.xdc] to another XDC file and exclude this new file from synthesis with the used_in_synthesis property (File Properties dialog in GUI) and re-run elaboration/synthesis.
Parsing XDC File [h:/vivado_realtime_dma_zybo_z7_20/vivado_realtime_dma_zybo_z7_20.gen/sources_1/bd/realtime_dma_bd/ip/realtime_dma_bd_axi_dma1_0/realtime_dma_bd_axi_dma1_0.xdc] for cell 'realtime_dma_bd_i/axi_dma1/U0'
Finished Parsing XDC File [h:/vivado_realtime_dma_zybo_z7_20/vivado_realtime_dma_zybo_z7_20.gen/sources_1/bd/realtime_dma_bd/ip/realtime_dma_bd_axi_dma1_0/realtime_dma_bd_axi_dma1_0.xdc] for cell 'realtime_dma_bd_i/axi_dma1/U0'
INFO: [Project 1-236] Implementation specific constraints were found while reading constraint file [h:/vivado_realtime_dma_zybo_z7_20/vivado_realtime_dma_zybo_z7_20.gen/sources_1/bd/realtime_dma_bd/ip/realtime_dma_bd_axi_dma1_0/realtime_dma_bd_axi_dma1_0.xdc]. These constraints will be ignored for synthesis but will be used in implementation. Impacted constraints are listed in the file [.Xil/realtime_dma_bd_wrapper_propImpl.xdc].
Resolution: To avoid this warning, move constraints listed in [.Xil/realtime_dma_bd_wrapper_propImpl.xdc] to another XDC file and exclude this new file from synthesis with the used_in_synthesis property (File Properties dialog in GUI) and re-run elaboration/synthesis.
Parsing XDC File [h:/vivado_realtime_dma_zybo_z7_20/vivado_realtime_dma_zybo_z7_20.gen/sources_1/bd/realtime_dma_bd/ip/realtime_dma_bd_axi_smc_ctrl_0/bd_0/ip/ip_1/bd_3bc8_psr_aclk_0_board.xdc] for cell 'realtime_dma_bd_i/axi_smc_ctrl/inst/clk_map/psr_aclk/U0'
Finished Parsing XDC File [h:/vivado_realtime_dma_zybo_z7_20/vivado_realtime_dma_zybo_z7_20.gen/sources_1/bd/realtime_dma_bd/ip/realtime_dma_bd_axi_smc_ctrl_0/bd_0/ip/ip_1/bd_3bc8_psr_aclk_0_board.xdc] for cell 'realtime_dma_bd_i/axi_smc_ctrl/inst/clk_map/psr_aclk/U0'
Parsing XDC File [h:/vivado_realtime_dma_zybo_z7_20/vivado_realtime_dma_zybo_z7_20.gen/sources_1/bd/realtime_dma_bd/ip/realtime_dma_bd_axi_smc_ctrl_0/bd_0/ip/ip_1/bd_3bc8_psr_aclk_0.xdc] for cell 'realtime_dma_bd_i/axi_smc_ctrl/inst/clk_map/psr_aclk/U0'
Finished Parsing XDC File [h:/vivado_realtime_dma_zybo_z7_20/vivado_realtime_dma_zybo_z7_20.gen/sources_1/bd/realtime_dma_bd/ip/realtime_dma_bd_axi_smc_ctrl_0/bd_0/ip/ip_1/bd_3bc8_psr_aclk_0.xdc] for cell 'realtime_dma_bd_i/axi_smc_ctrl/inst/clk_map/psr_aclk/U0'
INFO: [Project 1-236] Implementation specific constraints were found while reading constraint file [h:/vivado_realtime_dma_zybo_z7_20/vivado_realtime_dma_zybo_z7_20.gen/sources_1/bd/realtime_dma_bd/ip/realtime_dma_bd_axi_smc_ctrl_0/bd_0/ip/ip_1/bd_3bc8_psr_aclk_0.xdc]. These constraints will be ignored for synthesis but will be used in implementation. Impacted constraints are listed in the file [.Xil/realtime_dma_bd_wrapper_propImpl.xdc].
Resolution: To avoid this warning, move constraints listed in [.Xil/realtime_dma_bd_wrapper_propImpl.xdc] to another XDC file and exclude this new file from synthesis with the used_in_synthesis property (File Properties dialog in GUI) and re-run elaboration/synthesis.
Parsing XDC File [h:/vivado_realtime_dma_zybo_z7_20/vivado_realtime_dma_zybo_z7_20.gen/sources_1/bd/realtime_dma_bd/ip/realtime_dma_bd_axi_smc_ctrl_0/bd_0/ip/ip_12/bd_3bc8_arni_0_clocks.xdc] for cell 'realtime_dma_bd_i/axi_smc_ctrl/inst/switchboards/i_nodes/i_ar_node/inst'
Finished Parsing XDC File [h:/vivado_realtime_dma_zybo_z7_20/vivado_realtime_dma_zybo_z7_20.gen/sources_1/bd/realtime_dma_bd/ip/realtime_dma_bd_axi_smc_ctrl_0/bd_0/ip/ip_12/bd_3bc8_arni_0_clocks.xdc] for cell 'realtime_dma_bd_i/axi_smc_ctrl/inst/switchboards/i_nodes/i_ar_node/inst'
INFO: [Project 1-236] Implementation specific constraints were found while reading constraint file [h:/vivado_realtime_dma_zybo_z7_20/vivado_realtime_dma_zybo_z7_20.gen/sources_1/bd/realtime_dma_bd/ip/realtime_dma_bd_axi_smc_ctrl_0/bd_0/ip/ip_12/bd_3bc8_arni_0_clocks.xdc]. These constraints will be ignored for synthesis but will be used in implementation. Impacted constraints are listed in the file [.Xil/realtime_dma_bd_wrapper_propImpl.xdc].
Resolution: To avoid this warning, move constraints listed in [.Xil/realtime_dma_bd_wrapper_propImpl.xdc] to another XDC file and exclude this new file from synthesis with the used_in_synthesis property (File Properties dialog in GUI) and re-run elaboration/synthesis.
Parsing XDC File [h:/vivado_realtime_dma_zybo_z7_20/vivado_realtime_dma_zybo_z7_20.gen/sources_1/bd/realtime_dma_bd/ip/realtime_dma_bd_axi_smc_ctrl_0/bd_0/ip/ip_13/bd_3bc8_rni_0_clocks.xdc] for cell 'realtime_dma_bd_i/axi_smc_ctrl/inst/switchboards/i_nodes/i_r_node/inst'
Finished Parsing XDC File [h:/vivado_realtime_dma_zybo_z7_20/vivado_realtime_dma_zybo_z7_20.gen/sources_1/bd/realtime_dma_bd/ip/realtime_dma_bd_axi_smc_ctrl_0/bd_0/ip/ip_13/bd_3bc8_rni_0_clocks.xdc] for cell 'realtime_dma_bd_i/axi_smc_ctrl/inst/switchboards/i_nodes/i_r_node/inst'
INFO: [Project 1-236] Implementation specific constraints were found while reading constraint file [h:/vivado_realtime_dma_zybo_z7_20/vivado_realtime_dma_zybo_z7_20.gen/sources_1/bd/realtime_dma_bd/ip/realtime_dma_bd_axi_smc_ctrl_0/bd_0/ip/ip_13/bd_3bc8_rni_0_clocks.xdc]. These constraints will be ignored for synthesis but will be used in implementation. Impacted constraints are listed in the file [.Xil/realtime_dma_bd_wrapper_propImpl.xdc].
Resolution: To avoid this warning, move constraints listed in [.Xil/realtime_dma_bd_wrapper_propImpl.xdc] to another XDC file and exclude this new file from synthesis with the used_in_synthesis property (File Properties dialog in GUI) and re-run elaboration/synthesis.
Parsing XDC File [h:/vivado_realtime_dma_zybo_z7_20/vivado_realtime_dma_zybo_z7_20.gen/sources_1/bd/realtime_dma_bd/ip/realtime_dma_bd_axi_smc_ctrl_0/bd_0/ip/ip_14/bd_3bc8_awni_0_clocks.xdc] for cell 'realtime_dma_bd_i/axi_smc_ctrl/inst/switchboards/i_nodes/i_aw_node/inst'
Finished Parsing XDC File [h:/vivado_realtime_dma_zybo_z7_20/vivado_realtime_dma_zybo_z7_20.gen/sources_1/bd/realtime_dma_bd/ip/realtime_dma_bd_axi_smc_ctrl_0/bd_0/ip/ip_14/bd_3bc8_awni_0_clocks.xdc] for cell 'realtime_dma_bd_i/axi_smc_ctrl/inst/switchboards/i_nodes/i_aw_node/inst'
INFO: [Project 1-236] Implementation specific constraints were found while reading constraint file [h:/vivado_realtime_dma_zybo_z7_20/vivado_realtime_dma_zybo_z7_20.gen/sources_1/bd/realtime_dma_bd/ip/realtime_dma_bd_axi_smc_ctrl_0/bd_0/ip/ip_14/bd_3bc8_awni_0_clocks.xdc]. These constraints will be ignored for synthesis but will be used in implementation. Impacted constraints are listed in the file [.Xil/realtime_dma_bd_wrapper_propImpl.xdc].
Resolution: To avoid this warning, move constraints listed in [.Xil/realtime_dma_bd_wrapper_propImpl.xdc] to another XDC file and exclude this new file from synthesis with the used_in_synthesis property (File Properties dialog in GUI) and re-run elaboration/synthesis.
Parsing XDC File [h:/vivado_realtime_dma_zybo_z7_20/vivado_realtime_dma_zybo_z7_20.gen/sources_1/bd/realtime_dma_bd/ip/realtime_dma_bd_axi_smc_ctrl_0/bd_0/ip/ip_15/bd_3bc8_wni_0_clocks.xdc] for cell 'realtime_dma_bd_i/axi_smc_ctrl/inst/switchboards/i_nodes/i_w_node/inst'
Finished Parsing XDC File [h:/vivado_realtime_dma_zybo_z7_20/vivado_realtime_dma_zybo_z7_20.gen/sources_1/bd/realtime_dma_bd/ip/realtime_dma_bd_axi_smc_ctrl_0/bd_0/ip/ip_15/bd_3bc8_wni_0_clocks.xdc] for cell 'realtime_dma_bd_i/axi_smc_ctrl/inst/switchboards/i_nodes/i_w_node/inst'
INFO: [Project 1-236] Implementation specific constraints were found while reading constraint file [h:/vivado_realtime_dma_zybo_z7_20/vivado_realtime_dma_zybo_z7_20.gen/sources_1/bd/realtime_dma_bd/ip/realtime_dma_bd_axi_smc_ctrl_0/bd_0/ip/ip_15/bd_3bc8_wni_0_clocks.xdc]. These constraints will be ignored for synthesis but will be used in implementation. Impacted constraints are listed in the file [.Xil/realtime_dma_bd_wrapper_propImpl.xdc].
Resolution: To avoid this warning, move constraints listed in [.Xil/realtime_dma_bd_wrapper_propImpl.xdc] to another XDC file and exclude this new file from synthesis with the used_in_synthesis property (File Properties dialog in GUI) and re-run elaboration/synthesis.
Parsing XDC File [h:/vivado_realtime_dma_zybo_z7_20/vivado_realtime_dma_zybo_z7_20.gen/sources_1/bd/realtime_dma_bd/ip/realtime_dma_bd_axi_smc_ctrl_0/bd_0/ip/ip_16/bd_3bc8_bni_0_clocks.xdc] for cell 'realtime_dma_bd_i/axi_smc_ctrl/inst/switchboards/i_nodes/i_b_node/inst'
Finished Parsing XDC File [h:/vivado_realtime_dma_zybo_z7_20/vivado_realtime_dma_zybo_z7_20.gen/sources_1/bd/realtime_dma_bd/ip/realtime_dma_bd_axi_smc_ctrl_0/bd_0/ip/ip_16/bd_3bc8_bni_0_clocks.xdc] for cell 'realtime_dma_bd_i/axi_smc_ctrl/inst/switchboards/i_nodes/i_b_node/inst'
INFO: [Project 1-236] Implementation specific constraints were found while reading constraint file [h:/vivado_realtime_dma_zybo_z7_20/vivado_realtime_dma_zybo_z7_20.gen/sources_1/bd/realtime_dma_bd/ip/realtime_dma_bd_axi_smc_ctrl_0/bd_0/ip/ip_16/bd_3bc8_bni_0_clocks.xdc]. These constraints will be ignored for synthesis but will be used in implementation. Impacted constraints are listed in the file [.Xil/realtime_dma_bd_wrapper_propImpl.xdc].
Resolution: To avoid this warning, move constraints listed in [.Xil/realtime_dma_bd_wrapper_propImpl.xdc] to another XDC file and exclude this new file from synthesis with the used_in_synthesis property (File Properties dialog in GUI) and re-run elaboration/synthesis.
Parsing XDC File [h:/vivado_realtime_dma_zybo_z7_20/vivado_realtime_dma_zybo_z7_20.gen/sources_1/bd/realtime_dma_bd/ip/realtime_dma_bd_axi_smc_ctrl_0/bd_0/ip/ip_21/bd_3bc8_sarn_0_clocks.xdc] for cell 'realtime_dma_bd_i/axi_smc_ctrl/inst/s00_nodes/s00_ar_node/inst'
Finished Parsing XDC File [h:/vivado_realtime_dma_zybo_z7_20/vivado_realtime_dma_zybo_z7_20.gen/sources_1/bd/realtime_dma_bd/ip/realtime_dma_bd_axi_smc_ctrl_0/bd_0/ip/ip_21/bd_3bc8_sarn_0_clocks.xdc] for cell 'realtime_dma_bd_i/axi_smc_ctrl/inst/s00_nodes/s00_ar_node/inst'
INFO: [Project 1-236] Implementation specific constraints were found while reading constraint file [h:/vivado_realtime_dma_zybo_z7_20/vivado_realtime_dma_zybo_z7_20.gen/sources_1/bd/realtime_dma_bd/ip/realtime_dma_bd_axi_smc_ctrl_0/bd_0/ip/ip_21/bd_3bc8_sarn_0_clocks.xdc]. These constraints will be ignored for synthesis but will be used in implementation. Impacted constraints are listed in the file [.Xil/realtime_dma_bd_wrapper_propImpl.xdc].
Resolution: To avoid this warning, move constraints listed in [.Xil/realtime_dma_bd_wrapper_propImpl.xdc] to another XDC file and exclude this new file from synthesis with the used_in_synthesis property (File Properties dialog in GUI) and re-run elaboration/synthesis.
Parsing XDC File [h:/vivado_realtime_dma_zybo_z7_20/vivado_realtime_dma_zybo_z7_20.gen/sources_1/bd/realtime_dma_bd/ip/realtime_dma_bd_axi_smc_ctrl_0/bd_0/ip/ip_22/bd_3bc8_srn_0_clocks.xdc] for cell 'realtime_dma_bd_i/axi_smc_ctrl/inst/s00_nodes/s00_r_node/inst'
Finished Parsing XDC File [h:/vivado_realtime_dma_zybo_z7_20/vivado_realtime_dma_zybo_z7_20.gen/sources_1/bd/realtime_dma_bd/ip/realtime_dma_bd_axi_smc_ctrl_0/bd_0/ip/ip_22/bd_3bc8_srn_0_clocks.xdc] for cell 'realtime_dma_bd_i/axi_smc_ctrl/inst/s00_nodes/s00_r_node/inst'
INFO: [Project 1-236] Implementation specific constraints were found while reading constraint file [h:/vivado_realtime_dma_zybo_z7_20/vivado_realtime_dma_zybo_z7_20.gen/sources_1/bd/realtime_dma_bd/ip/realtime_dma_bd_axi_smc_ctrl_0/bd_0/ip/ip_22/bd_3bc8_srn_0_clocks.xdc]. These constraints will be ignored for synthesis but will be used in implementation. Impacted constraints are listed in the file [.Xil/realtime_dma_bd_wrapper_propImpl.xdc].
Resolution: To avoid this warning, move constraints listed in [.Xil/realtime_dma_bd_wrapper_propImpl.xdc] to another XDC file and exclude this new file from synthesis with the used_in_synthesis property (File Properties dialog in GUI) and re-run elaboration/synthesis.
Parsing XDC File [h:/vivado_realtime_dma_zybo_z7_20/vivado_realtime_dma_zybo_z7_20.gen/sources_1/bd/realtime_dma_bd/ip/realtime_dma_bd_axi_smc_ctrl_0/bd_0/ip/ip_23/bd_3bc8_sawn_0_clocks.xdc] for cell 'realtime_dma_bd_i/axi_smc_ctrl/inst/s00_nodes/s00_aw_node/inst'
Finished Parsing XDC File [h:/vivado_realtime_dma_zybo_z7_20/vivado_realtime_dma_zybo_z7_20.gen/sources_1/bd/realtime_dma_bd/ip/realtime_dma_bd_axi_smc_ctrl_0/bd_0/ip/ip_23/bd_3bc8_sawn_0_clocks.xdc] for cell 'realtime_dma_bd_i/axi_smc_ctrl/inst/s00_nodes/s00_aw_node/inst'
INFO: [Project 1-236] Implementation specific constraints were found while reading constraint file [h:/vivado_realtime_dma_zybo_z7_20/vivado_realtime_dma_zybo_z7_20.gen/sources_1/bd/realtime_dma_bd/ip/realtime_dma_bd_axi_smc_ctrl_0/bd_0/ip/ip_23/bd_3bc8_sawn_0_clocks.xdc]. These constraints will be ignored for synthesis but will be used in implementation. Impacted constraints are listed in the file [.Xil/realtime_dma_bd_wrapper_propImpl.xdc].
Resolution: To avoid this warning, move constraints listed in [.Xil/realtime_dma_bd_wrapper_propImpl.xdc] to another XDC file and exclude this new file from synthesis with the used_in_synthesis property (File Properties dialog in GUI) and re-run elaboration/synthesis.
Parsing XDC File [h:/vivado_realtime_dma_zybo_z7_20/vivado_realtime_dma_zybo_z7_20.gen/sources_1/bd/realtime_dma_bd/ip/realtime_dma_bd_axi_smc_ctrl_0/bd_0/ip/ip_24/bd_3bc8_swn_0_clocks.xdc] for cell 'realtime_dma_bd_i/axi_smc_ctrl/inst/s00_nodes/s00_w_node/inst'
Finished Parsing XDC File [h:/vivado_realtime_dma_zybo_z7_20/vivado_realtime_dma_zybo_z7_20.gen/sources_1/bd/realtime_dma_bd/ip/realtime_dma_bd_axi_smc_ctrl_0/bd_0/ip/ip_24/bd_3bc8_swn_0_clocks.xdc] for cell 'realtime_dma_bd_i/axi_smc_ctrl/inst/s00_nodes/s00_w_node/inst'
INFO: [Project 1-236] Implementation specific constraints were found while reading constraint file [h:/vivado_realtime_dma_zybo_z7_20/vivado_realtime_dma_zybo_z7_20.gen/sources_1/bd/realtime_dma_bd/ip/realtime_dma_bd_axi_smc_ctrl_0/bd_0/ip/ip_24/bd_3bc8_swn_0_clocks.xdc]. These constraints will be ignored for synthesis but will be used in implementation. Impacted constraints are listed in the file [.Xil/realtime_dma_bd_wrapper_propImpl.xdc].
Resolution: To avoid this warning, move constraints listed in [.Xil/realtime_dma_bd_wrapper_propImpl.xdc] to another XDC file and exclude this new file from synthesis with the used_in_synthesis property (File Properties dialog in GUI) and re-run elaboration/synthesis.
Parsing XDC File [h:/vivado_realtime_dma_zybo_z7_20/vivado_realtime_dma_zybo_z7_20.gen/sources_1/bd/realtime_dma_bd/ip/realtime_dma_bd_axi_smc_ctrl_0/bd_0/ip/ip_25/bd_3bc8_sbn_0_clocks.xdc] for cell 'realtime_dma_bd_i/axi_smc_ctrl/inst/s00_nodes/s00_b_node/inst'
Finished Parsing XDC File [h:/vivado_realtime_dma_zybo_z7_20/vivado_realtime_dma_zybo_z7_20.gen/sources_1/bd/realtime_dma_bd/ip/realtime_dma_bd_axi_smc_ctrl_0/bd_0/ip/ip_25/bd_3bc8_sbn_0_clocks.xdc] for cell 'realtime_dma_bd_i/axi_smc_ctrl/inst/s00_nodes/s00_b_node/inst'
INFO: [Project 1-236] Implementation specific constraints were found while reading constraint file [h:/vivado_realtime_dma_zybo_z7_20/vivado_realtime_dma_zybo_z7_20.gen/sources_1/bd/realtime_dma_bd/ip/realtime_dma_bd_axi_smc_ctrl_0/bd_0/ip/ip_25/bd_3bc8_sbn_0_clocks.xdc]. These constraints will be ignored for synthesis but will be used in implementation. Impacted constraints are listed in the file [.Xil/realtime_dma_bd_wrapper_propImpl.xdc].
Resolution: To avoid this warning, move constraints listed in [.Xil/realtime_dma_bd_wrapper_propImpl.xdc] to another XDC file and exclude this new file from synthesis with the used_in_synthesis property (File Properties dialog in GUI) and re-run elaboration/synthesis.
Parsing XDC File [h:/vivado_realtime_dma_zybo_z7_20/vivado_realtime_dma_zybo_z7_20.gen/sources_1/bd/realtime_dma_bd/ip/realtime_dma_bd_axi_smc_ctrl_0/bd_0/ip/ip_27/bd_3bc8_m00arn_0_clocks.xdc] for cell 'realtime_dma_bd_i/axi_smc_ctrl/inst/m00_nodes/m00_ar_node/inst'
Finished Parsing XDC File [h:/vivado_realtime_dma_zybo_z7_20/vivado_realtime_dma_zybo_z7_20.gen/sources_1/bd/realtime_dma_bd/ip/realtime_dma_bd_axi_smc_ctrl_0/bd_0/ip/ip_27/bd_3bc8_m00arn_0_clocks.xdc] for cell 'realtime_dma_bd_i/axi_smc_ctrl/inst/m00_nodes/m00_ar_node/inst'
INFO: [Project 1-236] Implementation specific constraints were found while reading constraint file [h:/vivado_realtime_dma_zybo_z7_20/vivado_realtime_dma_zybo_z7_20.gen/sources_1/bd/realtime_dma_bd/ip/realtime_dma_bd_axi_smc_ctrl_0/bd_0/ip/ip_27/bd_3bc8_m00arn_0_clocks.xdc]. These constraints will be ignored for synthesis but will be used in implementation. Impacted constraints are listed in the file [.Xil/realtime_dma_bd_wrapper_propImpl.xdc].
Resolution: To avoid this warning, move constraints listed in [.Xil/realtime_dma_bd_wrapper_propImpl.xdc] to another XDC file and exclude this new file from synthesis with the used_in_synthesis property (File Properties dialog in GUI) and re-run elaboration/synthesis.
Parsing XDC File [h:/vivado_realtime_dma_zybo_z7_20/vivado_realtime_dma_zybo_z7_20.gen/sources_1/bd/realtime_dma_bd/ip/realtime_dma_bd_axi_smc_ctrl_0/bd_0/ip/ip_28/bd_3bc8_m00rn_0_clocks.xdc] for cell 'realtime_dma_bd_i/axi_smc_ctrl/inst/m00_nodes/m00_r_node/inst'
Finished Parsing XDC File [h:/vivado_realtime_dma_zybo_z7_20/vivado_realtime_dma_zybo_z7_20.gen/sources_1/bd/realtime_dma_bd/ip/realtime_dma_bd_axi_smc_ctrl_0/bd_0/ip/ip_28/bd_3bc8_m00rn_0_clocks.xdc] for cell 'realtime_dma_bd_i/axi_smc_ctrl/inst/m00_nodes/m00_r_node/inst'
INFO: [Project 1-236] Implementation specific constraints were found while reading constraint file [h:/vivado_realtime_dma_zybo_z7_20/vivado_realtime_dma_zybo_z7_20.gen/sources_1/bd/realtime_dma_bd/ip/realtime_dma_bd_axi_smc_ctrl_0/bd_0/ip/ip_28/bd_3bc8_m00rn_0_clocks.xdc]. These constraints will be ignored for synthesis but will be used in implementation. Impacted constraints are listed in the file [.Xil/realtime_dma_bd_wrapper_propImpl.xdc].
Resolution: To avoid this warning, move constraints listed in [.Xil/realtime_dma_bd_wrapper_propImpl.xdc] to another XDC file and exclude this new file from synthesis with the used_in_synthesis property (File Properties dialog in GUI) and re-run elaboration/synthesis.
Parsing XDC File [h:/vivado_realtime_dma_zybo_z7_20/vivado_realtime_dma_zybo_z7_20.gen/sources_1/bd/realtime_dma_bd/ip/realtime_dma_bd_axi_smc_ctrl_0/bd_0/ip/ip_29/bd_3bc8_m00awn_0_clocks.xdc] for cell 'realtime_dma_bd_i/axi_smc_ctrl/inst/m00_nodes/m00_aw_node/inst'
Finished Parsing XDC File [h:/vivado_realtime_dma_zybo_z7_20/vivado_realtime_dma_zybo_z7_20.gen/sources_1/bd/realtime_dma_bd/ip/realtime_dma_bd_axi_smc_ctrl_0/bd_0/ip/ip_29/bd_3bc8_m00awn_0_clocks.xdc] for cell 'realtime_dma_bd_i/axi_smc_ctrl/inst/m00_nodes/m00_aw_node/inst'
INFO: [Project 1-236] Implementation specific constraints were found while reading constraint file [h:/vivado_realtime_dma_zybo_z7_20/vivado_realtime_dma_zybo_z7_20.gen/sources_1/bd/realtime_dma_bd/ip/realtime_dma_bd_axi_smc_ctrl_0/bd_0/ip/ip_29/bd_3bc8_m00awn_0_clocks.xdc]. These constraints will be ignored for synthesis but will be used in implementation. Impacted constraints are listed in the file [.Xil/realtime_dma_bd_wrapper_propImpl.xdc].
Resolution: To avoid this warning, move constraints listed in [.Xil/realtime_dma_bd_wrapper_propImpl.xdc] to another XDC file and exclude this new file from synthesis with the used_in_synthesis property (File Properties dialog in GUI) and re-run elaboration/synthesis.
Parsing XDC File [h:/vivado_realtime_dma_zybo_z7_20/vivado_realtime_dma_zybo_z7_20.gen/sources_1/bd/realtime_dma_bd/ip/realtime_dma_bd_axi_smc_ctrl_0/bd_0/ip/ip_30/bd_3bc8_m00wn_0_clocks.xdc] for cell 'realtime_dma_bd_i/axi_smc_ctrl/inst/m00_nodes/m00_w_node/inst'
Finished Parsing XDC File [h:/vivado_realtime_dma_zybo_z7_20/vivado_realtime_dma_zybo_z7_20.gen/sources_1/bd/realtime_dma_bd/ip/realtime_dma_bd_axi_smc_ctrl_0/bd_0/ip/ip_30/bd_3bc8_m00wn_0_clocks.xdc] for cell 'realtime_dma_bd_i/axi_smc_ctrl/inst/m00_nodes/m00_w_node/inst'
INFO: [Project 1-236] Implementation specific constraints were found while reading constraint file [h:/vivado_realtime_dma_zybo_z7_20/vivado_realtime_dma_zybo_z7_20.gen/sources_1/bd/realtime_dma_bd/ip/realtime_dma_bd_axi_smc_ctrl_0/bd_0/ip/ip_30/bd_3bc8_m00wn_0_clocks.xdc]. These constraints will be ignored for synthesis but will be used in implementation. Impacted constraints are listed in the file [.Xil/realtime_dma_bd_wrapper_propImpl.xdc].
Resolution: To avoid this warning, move constraints listed in [.Xil/realtime_dma_bd_wrapper_propImpl.xdc] to another XDC file and exclude this new file from synthesis with the used_in_synthesis property (File Properties dialog in GUI) and re-run elaboration/synthesis.
Parsing XDC File [h:/vivado_realtime_dma_zybo_z7_20/vivado_realtime_dma_zybo_z7_20.gen/sources_1/bd/realtime_dma_bd/ip/realtime_dma_bd_axi_smc_ctrl_0/bd_0/ip/ip_31/bd_3bc8_m00bn_0_clocks.xdc] for cell 'realtime_dma_bd_i/axi_smc_ctrl/inst/m00_nodes/m00_b_node/inst'
Finished Parsing XDC File [h:/vivado_realtime_dma_zybo_z7_20/vivado_realtime_dma_zybo_z7_20.gen/sources_1/bd/realtime_dma_bd/ip/realtime_dma_bd_axi_smc_ctrl_0/bd_0/ip/ip_31/bd_3bc8_m00bn_0_clocks.xdc] for cell 'realtime_dma_bd_i/axi_smc_ctrl/inst/m00_nodes/m00_b_node/inst'
INFO: [Project 1-236] Implementation specific constraints were found while reading constraint file [h:/vivado_realtime_dma_zybo_z7_20/vivado_realtime_dma_zybo_z7_20.gen/sources_1/bd/realtime_dma_bd/ip/realtime_dma_bd_axi_smc_ctrl_0/bd_0/ip/ip_31/bd_3bc8_m00bn_0_clocks.xdc]. These constraints will be ignored for synthesis but will be used in implementation. Impacted constraints are listed in the file [.Xil/realtime_dma_bd_wrapper_propImpl.xdc].
Resolution: To avoid this warning, move constraints listed in [.Xil/realtime_dma_bd_wrapper_propImpl.xdc] to another XDC file and exclude this new file from synthesis with the used_in_synthesis property (File Properties dialog in GUI) and re-run elaboration/synthesis.
Parsing XDC File [h:/vivado_realtime_dma_zybo_z7_20/vivado_realtime_dma_zybo_z7_20.gen/sources_1/bd/realtime_dma_bd/ip/realtime_dma_bd_axi_smc_ctrl_0/bd_0/ip/ip_34/bd_3bc8_m01arn_0_clocks.xdc] for cell 'realtime_dma_bd_i/axi_smc_ctrl/inst/m01_nodes/m01_ar_node/inst'
Finished Parsing XDC File [h:/vivado_realtime_dma_zybo_z7_20/vivado_realtime_dma_zybo_z7_20.gen/sources_1/bd/realtime_dma_bd/ip/realtime_dma_bd_axi_smc_ctrl_0/bd_0/ip/ip_34/bd_3bc8_m01arn_0_clocks.xdc] for cell 'realtime_dma_bd_i/axi_smc_ctrl/inst/m01_nodes/m01_ar_node/inst'
INFO: [Project 1-236] Implementation specific constraints were found while reading constraint file [h:/vivado_realtime_dma_zybo_z7_20/vivado_realtime_dma_zybo_z7_20.gen/sources_1/bd/realtime_dma_bd/ip/realtime_dma_bd_axi_smc_ctrl_0/bd_0/ip/ip_34/bd_3bc8_m01arn_0_clocks.xdc]. These constraints will be ignored for synthesis but will be used in implementation. Impacted constraints are listed in the file [.Xil/realtime_dma_bd_wrapper_propImpl.xdc].
Resolution: To avoid this warning, move constraints listed in [.Xil/realtime_dma_bd_wrapper_propImpl.xdc] to another XDC file and exclude this new file from synthesis with the used_in_synthesis property (File Properties dialog in GUI) and re-run elaboration/synthesis.
Parsing XDC File [h:/vivado_realtime_dma_zybo_z7_20/vivado_realtime_dma_zybo_z7_20.gen/sources_1/bd/realtime_dma_bd/ip/realtime_dma_bd_axi_smc_ctrl_0/bd_0/ip/ip_35/bd_3bc8_m01rn_0_clocks.xdc] for cell 'realtime_dma_bd_i/axi_smc_ctrl/inst/m01_nodes/m01_r_node/inst'
Finished Parsing XDC File [h:/vivado_realtime_dma_zybo_z7_20/vivado_realtime_dma_zybo_z7_20.gen/sources_1/bd/realtime_dma_bd/ip/realtime_dma_bd_axi_smc_ctrl_0/bd_0/ip/ip_35/bd_3bc8_m01rn_0_clocks.xdc] for cell 'realtime_dma_bd_i/axi_smc_ctrl/inst/m01_nodes/m01_r_node/inst'
INFO: [Project 1-236] Implementation specific constraints were found while reading constraint file [h:/vivado_realtime_dma_zybo_z7_20/vivado_realtime_dma_zybo_z7_20.gen/sources_1/bd/realtime_dma_bd/ip/realtime_dma_bd_axi_smc_ctrl_0/bd_0/ip/ip_35/bd_3bc8_m01rn_0_clocks.xdc]. These constraints will be ignored for synthesis but will be used in implementation. Impacted constraints are listed in the file [.Xil/realtime_dma_bd_wrapper_propImpl.xdc].
Resolution: To avoid this warning, move constraints listed in [.Xil/realtime_dma_bd_wrapper_propImpl.xdc] to another XDC file and exclude this new file from synthesis with the used_in_synthesis property (File Properties dialog in GUI) and re-run elaboration/synthesis.
Parsing XDC File [h:/vivado_realtime_dma_zybo_z7_20/vivado_realtime_dma_zybo_z7_20.gen/sources_1/bd/realtime_dma_bd/ip/realtime_dma_bd_axi_smc_ctrl_0/bd_0/ip/ip_36/bd_3bc8_m01awn_0_clocks.xdc] for cell 'realtime_dma_bd_i/axi_smc_ctrl/inst/m01_nodes/m01_aw_node/inst'
Finished Parsing XDC File [h:/vivado_realtime_dma_zybo_z7_20/vivado_realtime_dma_zybo_z7_20.gen/sources_1/bd/realtime_dma_bd/ip/realtime_dma_bd_axi_smc_ctrl_0/bd_0/ip/ip_36/bd_3bc8_m01awn_0_clocks.xdc] for cell 'realtime_dma_bd_i/axi_smc_ctrl/inst/m01_nodes/m01_aw_node/inst'
INFO: [Project 1-236] Implementation specific constraints were found while reading constraint file [h:/vivado_realtime_dma_zybo_z7_20/vivado_realtime_dma_zybo_z7_20.gen/sources_1/bd/realtime_dma_bd/ip/realtime_dma_bd_axi_smc_ctrl_0/bd_0/ip/ip_36/bd_3bc8_m01awn_0_clocks.xdc]. These constraints will be ignored for synthesis but will be used in implementation. Impacted constraints are listed in the file [.Xil/realtime_dma_bd_wrapper_propImpl.xdc].
Resolution: To avoid this warning, move constraints listed in [.Xil/realtime_dma_bd_wrapper_propImpl.xdc] to another XDC file and exclude this new file from synthesis with the used_in_synthesis property (File Properties dialog in GUI) and re-run elaboration/synthesis.
Parsing XDC File [h:/vivado_realtime_dma_zybo_z7_20/vivado_realtime_dma_zybo_z7_20.gen/sources_1/bd/realtime_dma_bd/ip/realtime_dma_bd_axi_smc_ctrl_0/bd_0/ip/ip_37/bd_3bc8_m01wn_0_clocks.xdc] for cell 'realtime_dma_bd_i/axi_smc_ctrl/inst/m01_nodes/m01_w_node/inst'
Finished Parsing XDC File [h:/vivado_realtime_dma_zybo_z7_20/vivado_realtime_dma_zybo_z7_20.gen/sources_1/bd/realtime_dma_bd/ip/realtime_dma_bd_axi_smc_ctrl_0/bd_0/ip/ip_37/bd_3bc8_m01wn_0_clocks.xdc] for cell 'realtime_dma_bd_i/axi_smc_ctrl/inst/m01_nodes/m01_w_node/inst'
INFO: [Project 1-236] Implementation specific constraints were found while reading constraint file [h:/vivado_realtime_dma_zybo_z7_20/vivado_realtime_dma_zybo_z7_20.gen/sources_1/bd/realtime_dma_bd/ip/realtime_dma_bd_axi_smc_ctrl_0/bd_0/ip/ip_37/bd_3bc8_m01wn_0_clocks.xdc]. These constraints will be ignored for synthesis but will be used in implementation. Impacted constraints are listed in the file [.Xil/realtime_dma_bd_wrapper_propImpl.xdc].
Resolution: To avoid this warning, move constraints listed in [.Xil/realtime_dma_bd_wrapper_propImpl.xdc] to another XDC file and exclude this new file from synthesis with the used_in_synthesis property (File Properties dialog in GUI) and re-run elaboration/synthesis.
Parsing XDC File [h:/vivado_realtime_dma_zybo_z7_20/vivado_realtime_dma_zybo_z7_20.gen/sources_1/bd/realtime_dma_bd/ip/realtime_dma_bd_axi_smc_ctrl_0/bd_0/ip/ip_38/bd_3bc8_m01bn_0_clocks.xdc] for cell 'realtime_dma_bd_i/axi_smc_ctrl/inst/m01_nodes/m01_b_node/inst'
Finished Parsing XDC File [h:/vivado_realtime_dma_zybo_z7_20/vivado_realtime_dma_zybo_z7_20.gen/sources_1/bd/realtime_dma_bd/ip/realtime_dma_bd_axi_smc_ctrl_0/bd_0/ip/ip_38/bd_3bc8_m01bn_0_clocks.xdc] for cell 'realtime_dma_bd_i/axi_smc_ctrl/inst/m01_nodes/m01_b_node/inst'
INFO: [Project 1-236] Implementation specific constraints were found while reading constraint file [h:/vivado_realtime_dma_zybo_z7_20/vivado_realtime_dma_zybo_z7_20.gen/sources_1/bd/realtime_dma_bd/ip/realtime_dma_bd_axi_smc_ctrl_0/bd_0/ip/ip_38/bd_3bc8_m01bn_0_clocks.xdc]. These constraints will be ignored for synthesis but will be used in implementation. Impacted constraints are listed in the file [.Xil/realtime_dma_bd_wrapper_propImpl.xdc].
Resolution: To avoid this warning, move constraints listed in [.Xil/realtime_dma_bd_wrapper_propImpl.xdc] to another XDC file and exclude this new file from synthesis with the used_in_synthesis property (File Properties dialog in GUI) and re-run elaboration/synthesis.
Parsing XDC File [h:/vivado_realtime_dma_zybo_z7_20/vivado_realtime_dma_zybo_z7_20.gen/sources_1/bd/realtime_dma_bd/ip/realtime_dma_bd_axi_smc_ctrl_0/bd_0/ip/ip_41/bd_3bc8_m02arn_0_clocks.xdc] for cell 'realtime_dma_bd_i/axi_smc_ctrl/inst/m02_nodes/m02_ar_node/inst'
Finished Parsing XDC File [h:/vivado_realtime_dma_zybo_z7_20/vivado_realtime_dma_zybo_z7_20.gen/sources_1/bd/realtime_dma_bd/ip/realtime_dma_bd_axi_smc_ctrl_0/bd_0/ip/ip_41/bd_3bc8_m02arn_0_clocks.xdc] for cell 'realtime_dma_bd_i/axi_smc_ctrl/inst/m02_nodes/m02_ar_node/inst'
INFO: [Project 1-236] Implementation specific constraints were found while reading constraint file [h:/vivado_realtime_dma_zybo_z7_20/vivado_realtime_dma_zybo_z7_20.gen/sources_1/bd/realtime_dma_bd/ip/realtime_dma_bd_axi_smc_ctrl_0/bd_0/ip/ip_41/bd_3bc8_m02arn_0_clocks.xdc]. These constraints will be ignored for synthesis but will be used in implementation. Impacted constraints are listed in the file [.Xil/realtime_dma_bd_wrapper_propImpl.xdc].
Resolution: To avoid this warning, move constraints listed in [.Xil/realtime_dma_bd_wrapper_propImpl.xdc] to another XDC file and exclude this new file from synthesis with the used_in_synthesis property (File Properties dialog in GUI) and re-run elaboration/synthesis.
Parsing XDC File [h:/vivado_realtime_dma_zybo_z7_20/vivado_realtime_dma_zybo_z7_20.gen/sources_1/bd/realtime_dma_bd/ip/realtime_dma_bd_axi_smc_ctrl_0/bd_0/ip/ip_42/bd_3bc8_m02rn_0_clocks.xdc] for cell 'realtime_dma_bd_i/axi_smc_ctrl/inst/m02_nodes/m02_r_node/inst'
Finished Parsing XDC File [h:/vivado_realtime_dma_zybo_z7_20/vivado_realtime_dma_zybo_z7_20.gen/sources_1/bd/realtime_dma_bd/ip/realtime_dma_bd_axi_smc_ctrl_0/bd_0/ip/ip_42/bd_3bc8_m02rn_0_clocks.xdc] for cell 'realtime_dma_bd_i/axi_smc_ctrl/inst/m02_nodes/m02_r_node/inst'
INFO: [Project 1-236] Implementation specific constraints were found while reading constraint file [h:/vivado_realtime_dma_zybo_z7_20/vivado_realtime_dma_zybo_z7_20.gen/sources_1/bd/realtime_dma_bd/ip/realtime_dma_bd_axi_smc_ctrl_0/bd_0/ip/ip_42/bd_3bc8_m02rn_0_clocks.xdc]. These constraints will be ignored for synthesis but will be used in implementation. Impacted constraints are listed in the file [.Xil/realtime_dma_bd_wrapper_propImpl.xdc].
Resolution: To avoid this warning, move constraints listed in [.Xil/realtime_dma_bd_wrapper_propImpl.xdc] to another XDC file and exclude this new file from synthesis with the used_in_synthesis property (File Properties dialog in GUI) and re-run elaboration/synthesis.
Parsing XDC File [h:/vivado_realtime_dma_zybo_z7_20/vivado_realtime_dma_zybo_z7_20.gen/sources_1/bd/realtime_dma_bd/ip/realtime_dma_bd_axi_smc_ctrl_0/bd_0/ip/ip_43/bd_3bc8_m02awn_0_clocks.xdc] for cell 'realtime_dma_bd_i/axi_smc_ctrl/inst/m02_nodes/m02_aw_node/inst'
Finished Parsing XDC File [h:/vivado_realtime_dma_zybo_z7_20/vivado_realtime_dma_zybo_z7_20.gen/sources_1/bd/realtime_dma_bd/ip/realtime_dma_bd_axi_smc_ctrl_0/bd_0/ip/ip_43/bd_3bc8_m02awn_0_clocks.xdc] for cell 'realtime_dma_bd_i/axi_smc_ctrl/inst/m02_nodes/m02_aw_node/inst'
INFO: [Project 1-236] Implementation specific constraints were found while reading constraint file [h:/vivado_realtime_dma_zybo_z7_20/vivado_realtime_dma_zybo_z7_20.gen/sources_1/bd/realtime_dma_bd/ip/realtime_dma_bd_axi_smc_ctrl_0/bd_0/ip/ip_43/bd_3bc8_m02awn_0_clocks.xdc]. These constraints will be ignored for synthesis but will be used in implementation. Impacted constraints are listed in the file [.Xil/realtime_dma_bd_wrapper_propImpl.xdc].
Resolution: To avoid this warning, move constraints listed in [.Xil/realtime_dma_bd_wrapper_propImpl.xdc] to another XDC file and exclude this new file from synthesis with the used_in_synthesis property (File Properties dialog in GUI) and re-run elaboration/synthesis.
Parsing XDC File [h:/vivado_realtime_dma_zybo_z7_20/vivado_realtime_dma_zybo_z7_20.gen/sources_1/bd/realtime_dma_bd/ip/realtime_dma_bd_axi_smc_ctrl_0/bd_0/ip/ip_44/bd_3bc8_m02wn_0_clocks.xdc] for cell 'realtime_dma_bd_i/axi_smc_ctrl/inst/m02_nodes/m02_w_node/inst'
Finished Parsing XDC File [h:/vivado_realtime_dma_zybo_z7_20/vivado_realtime_dma_zybo_z7_20.gen/sources_1/bd/realtime_dma_bd/ip/realtime_dma_bd_axi_smc_ctrl_0/bd_0/ip/ip_44/bd_3bc8_m02wn_0_clocks.xdc] for cell 'realtime_dma_bd_i/axi_smc_ctrl/inst/m02_nodes/m02_w_node/inst'
INFO: [Project 1-236] Implementation specific constraints were found while reading constraint file [h:/vivado_realtime_dma_zybo_z7_20/vivado_realtime_dma_zybo_z7_20.gen/sources_1/bd/realtime_dma_bd/ip/realtime_dma_bd_axi_smc_ctrl_0/bd_0/ip/ip_44/bd_3bc8_m02wn_0_clocks.xdc]. These constraints will be ignored for synthesis but will be used in implementation. Impacted constraints are listed in the file [.Xil/realtime_dma_bd_wrapper_propImpl.xdc].
Resolution: To avoid this warning, move constraints listed in [.Xil/realtime_dma_bd_wrapper_propImpl.xdc] to another XDC file and exclude this new file from synthesis with the used_in_synthesis property (File Properties dialog in GUI) and re-run elaboration/synthesis.
Parsing XDC File [h:/vivado_realtime_dma_zybo_z7_20/vivado_realtime_dma_zybo_z7_20.gen/sources_1/bd/realtime_dma_bd/ip/realtime_dma_bd_axi_smc_ctrl_0/bd_0/ip/ip_45/bd_3bc8_m02bn_0_clocks.xdc] for cell 'realtime_dma_bd_i/axi_smc_ctrl/inst/m02_nodes/m02_b_node/inst'
Finished Parsing XDC File [h:/vivado_realtime_dma_zybo_z7_20/vivado_realtime_dma_zybo_z7_20.gen/sources_1/bd/realtime_dma_bd/ip/realtime_dma_bd_axi_smc_ctrl_0/bd_0/ip/ip_45/bd_3bc8_m02bn_0_clocks.xdc] for cell 'realtime_dma_bd_i/axi_smc_ctrl/inst/m02_nodes/m02_b_node/inst'
INFO: [Project 1-236] Implementation specific constraints were found while reading constraint file [h:/vivado_realtime_dma_zybo_z7_20/vivado_realtime_dma_zybo_z7_20.gen/sources_1/bd/realtime_dma_bd/ip/realtime_dma_bd_axi_smc_ctrl_0/bd_0/ip/ip_45/bd_3bc8_m02bn_0_clocks.xdc]. These constraints will be ignored for synthesis but will be used in implementation. Impacted constraints are listed in the file [.Xil/realtime_dma_bd_wrapper_propImpl.xdc].
Resolution: To avoid this warning, move constraints listed in [.Xil/realtime_dma_bd_wrapper_propImpl.xdc] to another XDC file and exclude this new file from synthesis with the used_in_synthesis property (File Properties dialog in GUI) and re-run elaboration/synthesis.
Parsing XDC File [h:/vivado_realtime_dma_zybo_z7_20/vivado_realtime_dma_zybo_z7_20.gen/sources_1/bd/realtime_dma_bd/ip/realtime_dma_bd_axi_smc_ctrl_0/smartconnect.xdc] for cell 'realtime_dma_bd_i/axi_smc_ctrl/inst'
Finished Parsing XDC File [h:/vivado_realtime_dma_zybo_z7_20/vivado_realtime_dma_zybo_z7_20.gen/sources_1/bd/realtime_dma_bd/ip/realtime_dma_bd_axi_smc_ctrl_0/smartconnect.xdc] for cell 'realtime_dma_bd_i/axi_smc_ctrl/inst'
INFO: [Project 1-236] Implementation specific constraints were found while reading constraint file [h:/vivado_realtime_dma_zybo_z7_20/vivado_realtime_dma_zybo_z7_20.gen/sources_1/bd/realtime_dma_bd/ip/realtime_dma_bd_axi_smc_ctrl_0/smartconnect.xdc]. These constraints will be ignored for synthesis but will be used in implementation. Impacted constraints are listed in the file [.Xil/realtime_dma_bd_wrapper_propImpl.xdc].
Resolution: To avoid this warning, move constraints listed in [.Xil/realtime_dma_bd_wrapper_propImpl.xdc] to another XDC file and exclude this new file from synthesis with the used_in_synthesis property (File Properties dialog in GUI) and re-run elaboration/synthesis.
Parsing XDC File [h:/vivado_realtime_dma_zybo_z7_20/vivado_realtime_dma_zybo_z7_20.gen/sources_1/bd/realtime_dma_bd/ip/realtime_dma_bd_axi_smc_mem_0/bd_0/ip/ip_1/bd_af63_psr_aclk_0_board.xdc] for cell 'realtime_dma_bd_i/axi_smc_mem/inst/clk_map/psr_aclk/U0'
Finished Parsing XDC File [h:/vivado_realtime_dma_zybo_z7_20/vivado_realtime_dma_zybo_z7_20.gen/sources_1/bd/realtime_dma_bd/ip/realtime_dma_bd_axi_smc_mem_0/bd_0/ip/ip_1/bd_af63_psr_aclk_0_board.xdc] for cell 'realtime_dma_bd_i/axi_smc_mem/inst/clk_map/psr_aclk/U0'
Parsing XDC File [h:/vivado_realtime_dma_zybo_z7_20/vivado_realtime_dma_zybo_z7_20.gen/sources_1/bd/realtime_dma_bd/ip/realtime_dma_bd_axi_smc_mem_0/bd_0/ip/ip_1/bd_af63_psr_aclk_0.xdc] for cell 'realtime_dma_bd_i/axi_smc_mem/inst/clk_map/psr_aclk/U0'
Finished Parsing XDC File [h:/vivado_realtime_dma_zybo_z7_20/vivado_realtime_dma_zybo_z7_20.gen/sources_1/bd/realtime_dma_bd/ip/realtime_dma_bd_axi_smc_mem_0/bd_0/ip/ip_1/bd_af63_psr_aclk_0.xdc] for cell 'realtime_dma_bd_i/axi_smc_mem/inst/clk_map/psr_aclk/U0'
INFO: [Project 1-236] Implementation specific constraints were found while reading constraint file [h:/vivado_realtime_dma_zybo_z7_20/vivado_realtime_dma_zybo_z7_20.gen/sources_1/bd/realtime_dma_bd/ip/realtime_dma_bd_axi_smc_mem_0/bd_0/ip/ip_1/bd_af63_psr_aclk_0.xdc]. These constraints will be ignored for synthesis but will be used in implementation. Impacted constraints are listed in the file [.Xil/realtime_dma_bd_wrapper_propImpl.xdc].
Resolution: To avoid this warning, move constraints listed in [.Xil/realtime_dma_bd_wrapper_propImpl.xdc] to another XDC file and exclude this new file from synthesis with the used_in_synthesis property (File Properties dialog in GUI) and re-run elaboration/synthesis.
Parsing XDC File [h:/vivado_realtime_dma_zybo_z7_20/vivado_realtime_dma_zybo_z7_20.gen/sources_1/bd/realtime_dma_bd/ip/realtime_dma_bd_axi_smc_mem_0/bd_0/ip/ip_11/bd_af63_sarn_0_clocks.xdc] for cell 'realtime_dma_bd_i/axi_smc_mem/inst/s00_nodes/s00_ar_node/inst'
Finished Parsing XDC File [h:/vivado_realtime_dma_zybo_z7_20/vivado_realtime_dma_zybo_z7_20.gen/sources_1/bd/realtime_dma_bd/ip/realtime_dma_bd_axi_smc_mem_0/bd_0/ip/ip_11/bd_af63_sarn_0_clocks.xdc] for cell 'realtime_dma_bd_i/axi_smc_mem/inst/s00_nodes/s00_ar_node/inst'
INFO: [Project 1-236] Implementation specific constraints were found while reading constraint file [h:/vivado_realtime_dma_zybo_z7_20/vivado_realtime_dma_zybo_z7_20.gen/sources_1/bd/realtime_dma_bd/ip/realtime_dma_bd_axi_smc_mem_0/bd_0/ip/ip_11/bd_af63_sarn_0_clocks.xdc]. These constraints will be ignored for synthesis but will be used in implementation. Impacted constraints are listed in the file [.Xil/realtime_dma_bd_wrapper_propImpl.xdc].
Resolution: To avoid this warning, move constraints listed in [.Xil/realtime_dma_bd_wrapper_propImpl.xdc] to another XDC file and exclude this new file from synthesis with the used_in_synthesis property (File Properties dialog in GUI) and re-run elaboration/synthesis.
Parsing XDC File [h:/vivado_realtime_dma_zybo_z7_20/vivado_realtime_dma_zybo_z7_20.gen/sources_1/bd/realtime_dma_bd/ip/realtime_dma_bd_axi_smc_mem_0/bd_0/ip/ip_12/bd_af63_srn_0_clocks.xdc] for cell 'realtime_dma_bd_i/axi_smc_mem/inst/s00_nodes/s00_r_node/inst'
Finished Parsing XDC File [h:/vivado_realtime_dma_zybo_z7_20/vivado_realtime_dma_zybo_z7_20.gen/sources_1/bd/realtime_dma_bd/ip/realtime_dma_bd_axi_smc_mem_0/bd_0/ip/ip_12/bd_af63_srn_0_clocks.xdc] for cell 'realtime_dma_bd_i/axi_smc_mem/inst/s00_nodes/s00_r_node/inst'
INFO: [Project 1-236] Implementation specific constraints were found while reading constraint file [h:/vivado_realtime_dma_zybo_z7_20/vivado_realtime_dma_zybo_z7_20.gen/sources_1/bd/realtime_dma_bd/ip/realtime_dma_bd_axi_smc_mem_0/bd_0/ip/ip_12/bd_af63_srn_0_clocks.xdc]. These constraints will be ignored for synthesis but will be used in implementation. Impacted constraints are listed in the file [.Xil/realtime_dma_bd_wrapper_propImpl.xdc].
Resolution: To avoid this warning, move constraints listed in [.Xil/realtime_dma_bd_wrapper_propImpl.xdc] to another XDC file and exclude this new file from synthesis with the used_in_synthesis property (File Properties dialog in GUI) and re-run elaboration/synthesis.
Parsing XDC File [h:/vivado_realtime_dma_zybo_z7_20/vivado_realtime_dma_zybo_z7_20.gen/sources_1/bd/realtime_dma_bd/ip/realtime_dma_bd_axi_smc_mem_0/bd_0/ip/ip_17/bd_af63_sawn_0_clocks.xdc] for cell 'realtime_dma_bd_i/axi_smc_mem/inst/s01_nodes/s01_aw_node/inst'
Finished Parsing XDC File [h:/vivado_realtime_dma_zybo_z7_20/vivado_realtime_dma_zybo_z7_20.gen/sources_1/bd/realtime_dma_bd/ip/realtime_dma_bd_axi_smc_mem_0/bd_0/ip/ip_17/bd_af63_sawn_0_clocks.xdc] for cell 'realtime_dma_bd_i/axi_smc_mem/inst/s01_nodes/s01_aw_node/inst'
INFO: [Project 1-236] Implementation specific constraints were found while reading constraint file [h:/vivado_realtime_dma_zybo_z7_20/vivado_realtime_dma_zybo_z7_20.gen/sources_1/bd/realtime_dma_bd/ip/realtime_dma_bd_axi_smc_mem_0/bd_0/ip/ip_17/bd_af63_sawn_0_clocks.xdc]. These constraints will be ignored for synthesis but will be used in implementation. Impacted constraints are listed in the file [.Xil/realtime_dma_bd_wrapper_propImpl.xdc].
Resolution: To avoid this warning, move constraints listed in [.Xil/realtime_dma_bd_wrapper_propImpl.xdc] to another XDC file and exclude this new file from synthesis with the used_in_synthesis property (File Properties dialog in GUI) and re-run elaboration/synthesis.
Parsing XDC File [h:/vivado_realtime_dma_zybo_z7_20/vivado_realtime_dma_zybo_z7_20.gen/sources_1/bd/realtime_dma_bd/ip/realtime_dma_bd_axi_smc_mem_0/bd_0/ip/ip_18/bd_af63_swn_0_clocks.xdc] for cell 'realtime_dma_bd_i/axi_smc_mem/inst/s01_nodes/s01_w_node/inst'
Finished Parsing XDC File [h:/vivado_realtime_dma_zybo_z7_20/vivado_realtime_dma_zybo_z7_20.gen/sources_1/bd/realtime_dma_bd/ip/realtime_dma_bd_axi_smc_mem_0/bd_0/ip/ip_18/bd_af63_swn_0_clocks.xdc] for cell 'realtime_dma_bd_i/axi_smc_mem/inst/s01_nodes/s01_w_node/inst'
INFO: [Project 1-236] Implementation specific constraints were found while reading constraint file [h:/vivado_realtime_dma_zybo_z7_20/vivado_realtime_dma_zybo_z7_20.gen/sources_1/bd/realtime_dma_bd/ip/realtime_dma_bd_axi_smc_mem_0/bd_0/ip/ip_18/bd_af63_swn_0_clocks.xdc]. These constraints will be ignored for synthesis but will be used in implementation. Impacted constraints are listed in the file [.Xil/realtime_dma_bd_wrapper_propImpl.xdc].
Resolution: To avoid this warning, move constraints listed in [.Xil/realtime_dma_bd_wrapper_propImpl.xdc] to another XDC file and exclude this new file from synthesis with the used_in_synthesis property (File Properties dialog in GUI) and re-run elaboration/synthesis.
Parsing XDC File [h:/vivado_realtime_dma_zybo_z7_20/vivado_realtime_dma_zybo_z7_20.gen/sources_1/bd/realtime_dma_bd/ip/realtime_dma_bd_axi_smc_mem_0/bd_0/ip/ip_19/bd_af63_sbn_0_clocks.xdc] for cell 'realtime_dma_bd_i/axi_smc_mem/inst/s01_nodes/s01_b_node/inst'
Finished Parsing XDC File [h:/vivado_realtime_dma_zybo_z7_20/vivado_realtime_dma_zybo_z7_20.gen/sources_1/bd/realtime_dma_bd/ip/realtime_dma_bd_axi_smc_mem_0/bd_0/ip/ip_19/bd_af63_sbn_0_clocks.xdc] for cell 'realtime_dma_bd_i/axi_smc_mem/inst/s01_nodes/s01_b_node/inst'
INFO: [Project 1-236] Implementation specific constraints were found while reading constraint file [h:/vivado_realtime_dma_zybo_z7_20/vivado_realtime_dma_zybo_z7_20.gen/sources_1/bd/realtime_dma_bd/ip/realtime_dma_bd_axi_smc_mem_0/bd_0/ip/ip_19/bd_af63_sbn_0_clocks.xdc]. These constraints will be ignored for synthesis but will be used in implementation. Impacted constraints are listed in the file [.Xil/realtime_dma_bd_wrapper_propImpl.xdc].
Resolution: To avoid this warning, move constraints listed in [.Xil/realtime_dma_bd_wrapper_propImpl.xdc] to another XDC file and exclude this new file from synthesis with the used_in_synthesis property (File Properties dialog in GUI) and re-run elaboration/synthesis.
Parsing XDC File [h:/vivado_realtime_dma_zybo_z7_20/vivado_realtime_dma_zybo_z7_20.gen/sources_1/bd/realtime_dma_bd/ip/realtime_dma_bd_axi_smc_mem_0/bd_0/ip/ip_24/bd_af63_sarn_1_clocks.xdc] for cell 'realtime_dma_bd_i/axi_smc_mem/inst/s02_nodes/s02_ar_node/inst'
Finished Parsing XDC File [h:/vivado_realtime_dma_zybo_z7_20/vivado_realtime_dma_zybo_z7_20.gen/sources_1/bd/realtime_dma_bd/ip/realtime_dma_bd_axi_smc_mem_0/bd_0/ip/ip_24/bd_af63_sarn_1_clocks.xdc] for cell 'realtime_dma_bd_i/axi_smc_mem/inst/s02_nodes/s02_ar_node/inst'
INFO: [Project 1-236] Implementation specific constraints were found while reading constraint file [h:/vivado_realtime_dma_zybo_z7_20/vivado_realtime_dma_zybo_z7_20.gen/sources_1/bd/realtime_dma_bd/ip/realtime_dma_bd_axi_smc_mem_0/bd_0/ip/ip_24/bd_af63_sarn_1_clocks.xdc]. These constraints will be ignored for synthesis but will be used in implementation. Impacted constraints are listed in the file [.Xil/realtime_dma_bd_wrapper_propImpl.xdc].
Resolution: To avoid this warning, move constraints listed in [.Xil/realtime_dma_bd_wrapper_propImpl.xdc] to another XDC file and exclude this new file from synthesis with the used_in_synthesis property (File Properties dialog in GUI) and re-run elaboration/synthesis.
Parsing XDC File [h:/vivado_realtime_dma_zybo_z7_20/vivado_realtime_dma_zybo_z7_20.gen/sources_1/bd/realtime_dma_bd/ip/realtime_dma_bd_axi_smc_mem_0/bd_0/ip/ip_25/bd_af63_srn_1_clocks.xdc] for cell 'realtime_dma_bd_i/axi_smc_mem/inst/s02_nodes/s02_r_node/inst'
Finished Parsing XDC File [h:/vivado_realtime_dma_zybo_z7_20/vivado_realtime_dma_zybo_z7_20.gen/sources_1/bd/realtime_dma_bd/ip/realtime_dma_bd_axi_smc_mem_0/bd_0/ip/ip_25/bd_af63_srn_1_clocks.xdc] for cell 'realtime_dma_bd_i/axi_smc_mem/inst/s02_nodes/s02_r_node/inst'
INFO: [Project 1-236] Implementation specific constraints were found while reading constraint file [h:/vivado_realtime_dma_zybo_z7_20/vivado_realtime_dma_zybo_z7_20.gen/sources_1/bd/realtime_dma_bd/ip/realtime_dma_bd_axi_smc_mem_0/bd_0/ip/ip_25/bd_af63_srn_1_clocks.xdc]. These constraints will be ignored for synthesis but will be used in implementation. Impacted constraints are listed in the file [.Xil/realtime_dma_bd_wrapper_propImpl.xdc].
Resolution: To avoid this warning, move constraints listed in [.Xil/realtime_dma_bd_wrapper_propImpl.xdc] to another XDC file and exclude this new file from synthesis with the used_in_synthesis property (File Properties dialog in GUI) and re-run elaboration/synthesis.
Parsing XDC File [h:/vivado_realtime_dma_zybo_z7_20/vivado_realtime_dma_zybo_z7_20.gen/sources_1/bd/realtime_dma_bd/ip/realtime_dma_bd_axi_smc_mem_0/bd_0/ip/ip_30/bd_af63_sarn_2_clocks.xdc] for cell 'realtime_dma_bd_i/axi_smc_mem/inst/s03_nodes/s03_ar_node/inst'
Finished Parsing XDC File [h:/vivado_realtime_dma_zybo_z7_20/vivado_realtime_dma_zybo_z7_20.gen/sources_1/bd/realtime_dma_bd/ip/realtime_dma_bd_axi_smc_mem_0/bd_0/ip/ip_30/bd_af63_sarn_2_clocks.xdc] for cell 'realtime_dma_bd_i/axi_smc_mem/inst/s03_nodes/s03_ar_node/inst'
INFO: [Project 1-236] Implementation specific constraints were found while reading constraint file [h:/vivado_realtime_dma_zybo_z7_20/vivado_realtime_dma_zybo_z7_20.gen/sources_1/bd/realtime_dma_bd/ip/realtime_dma_bd_axi_smc_mem_0/bd_0/ip/ip_30/bd_af63_sarn_2_clocks.xdc]. These constraints will be ignored for synthesis but will be used in implementation. Impacted constraints are listed in the file [.Xil/realtime_dma_bd_wrapper_propImpl.xdc].
Resolution: To avoid this warning, move constraints listed in [.Xil/realtime_dma_bd_wrapper_propImpl.xdc] to another XDC file and exclude this new file from synthesis with the used_in_synthesis property (File Properties dialog in GUI) and re-run elaboration/synthesis.
Parsing XDC File [h:/vivado_realtime_dma_zybo_z7_20/vivado_realtime_dma_zybo_z7_20.gen/sources_1/bd/realtime_dma_bd/ip/realtime_dma_bd_axi_smc_mem_0/bd_0/ip/ip_31/bd_af63_srn_2_clocks.xdc] for cell 'realtime_dma_bd_i/axi_smc_mem/inst/s03_nodes/s03_r_node/inst'
Finished Parsing XDC File [h:/vivado_realtime_dma_zybo_z7_20/vivado_realtime_dma_zybo_z7_20.gen/sources_1/bd/realtime_dma_bd/ip/realtime_dma_bd_axi_smc_mem_0/bd_0/ip/ip_31/bd_af63_srn_2_clocks.xdc] for cell 'realtime_dma_bd_i/axi_smc_mem/inst/s03_nodes/s03_r_node/inst'
INFO: [Project 1-236] Implementation specific constraints were found while reading constraint file [h:/vivado_realtime_dma_zybo_z7_20/vivado_realtime_dma_zybo_z7_20.gen/sources_1/bd/realtime_dma_bd/ip/realtime_dma_bd_axi_smc_mem_0/bd_0/ip/ip_31/bd_af63_srn_2_clocks.xdc]. These constraints will be ignored for synthesis but will be used in implementation. Impacted constraints are listed in the file [.Xil/realtime_dma_bd_wrapper_propImpl.xdc].
Resolution: To avoid this warning, move constraints listed in [.Xil/realtime_dma_bd_wrapper_propImpl.xdc] to another XDC file and exclude this new file from synthesis with the used_in_synthesis property (File Properties dialog in GUI) and re-run elaboration/synthesis.
Parsing XDC File [h:/vivado_realtime_dma_zybo_z7_20/vivado_realtime_dma_zybo_z7_20.gen/sources_1/bd/realtime_dma_bd/ip/realtime_dma_bd_axi_smc_mem_0/bd_0/ip/ip_33/bd_af63_m00arn_0_clocks.xdc] for cell 'realtime_dma_bd_i/axi_smc_mem/inst/m00_nodes/m00_ar_node/inst'
Finished Parsing XDC File [h:/vivado_realtime_dma_zybo_z7_20/vivado_realtime_dma_zybo_z7_20.gen/sources_1/bd/realtime_dma_bd/ip/realtime_dma_bd_axi_smc_mem_0/bd_0/ip/ip_33/bd_af63_m00arn_0_clocks.xdc] for cell 'realtime_dma_bd_i/axi_smc_mem/inst/m00_nodes/m00_ar_node/inst'
INFO: [Project 1-236] Implementation specific constraints were found while reading constraint file [h:/vivado_realtime_dma_zybo_z7_20/vivado_realtime_dma_zybo_z7_20.gen/sources_1/bd/realtime_dma_bd/ip/realtime_dma_bd_axi_smc_mem_0/bd_0/ip/ip_33/bd_af63_m00arn_0_clocks.xdc]. These constraints will be ignored for synthesis but will be used in implementation. Impacted constraints are listed in the file [.Xil/realtime_dma_bd_wrapper_propImpl.xdc].
Resolution: To avoid this warning, move constraints listed in [.Xil/realtime_dma_bd_wrapper_propImpl.xdc] to another XDC file and exclude this new file from synthesis with the used_in_synthesis property (File Properties dialog in GUI) and re-run elaboration/synthesis.
Parsing XDC File [h:/vivado_realtime_dma_zybo_z7_20/vivado_realtime_dma_zybo_z7_20.gen/sources_1/bd/realtime_dma_bd/ip/realtime_dma_bd_axi_smc_mem_0/bd_0/ip/ip_34/bd_af63_m00rn_0_clocks.xdc] for cell 'realtime_dma_bd_i/axi_smc_mem/inst/m00_nodes/m00_r_node/inst'
Finished Parsing XDC File [h:/vivado_realtime_dma_zybo_z7_20/vivado_realtime_dma_zybo_z7_20.gen/sources_1/bd/realtime_dma_bd/ip/realtime_dma_bd_axi_smc_mem_0/bd_0/ip/ip_34/bd_af63_m00rn_0_clocks.xdc] for cell 'realtime_dma_bd_i/axi_smc_mem/inst/m00_nodes/m00_r_node/inst'
INFO: [Project 1-236] Implementation specific constraints were found while reading constraint file [h:/vivado_realtime_dma_zybo_z7_20/vivado_realtime_dma_zybo_z7_20.gen/sources_1/bd/realtime_dma_bd/ip/realtime_dma_bd_axi_smc_mem_0/bd_0/ip/ip_34/bd_af63_m00rn_0_clocks.xdc]. These constraints will be ignored for synthesis but will be used in implementation. Impacted constraints are listed in the file [.Xil/realtime_dma_bd_wrapper_propImpl.xdc].
Resolution: To avoid this warning, move constraints listed in [.Xil/realtime_dma_bd_wrapper_propImpl.xdc] to another XDC file and exclude this new file from synthesis with the used_in_synthesis property (File Properties dialog in GUI) and re-run elaboration/synthesis.
Parsing XDC File [h:/vivado_realtime_dma_zybo_z7_20/vivado_realtime_dma_zybo_z7_20.gen/sources_1/bd/realtime_dma_bd/ip/realtime_dma_bd_axi_smc_mem_0/bd_0/ip/ip_35/bd_af63_m00awn_0_clocks.xdc] for cell 'realtime_dma_bd_i/axi_smc_mem/inst/m00_nodes/m00_aw_node/inst'
Finished Parsing XDC File [h:/vivado_realtime_dma_zybo_z7_20/vivado_realtime_dma_zybo_z7_20.gen/sources_1/bd/realtime_dma_bd/ip/realtime_dma_bd_axi_smc_mem_0/bd_0/ip/ip_35/bd_af63_m00awn_0_clocks.xdc] for cell 'realtime_dma_bd_i/axi_smc_mem/inst/m00_nodes/m00_aw_node/inst'
INFO: [Project 1-236] Implementation specific constraints were found while reading constraint file [h:/vivado_realtime_dma_zybo_z7_20/vivado_realtime_dma_zybo_z7_20.gen/sources_1/bd/realtime_dma_bd/ip/realtime_dma_bd_axi_smc_mem_0/bd_0/ip/ip_35/bd_af63_m00awn_0_clocks.xdc]. These constraints will be ignored for synthesis but will be used in implementation. Impacted constraints are listed in the file [.Xil/realtime_dma_bd_wrapper_propImpl.xdc].
Resolution: To avoid this warning, move constraints listed in [.Xil/realtime_dma_bd_wrapper_propImpl.xdc] to another XDC file and exclude this new file from synthesis with the used_in_synthesis property (File Properties dialog in GUI) and re-run elaboration/synthesis.
Parsing XDC File [h:/vivado_realtime_dma_zybo_z7_20/vivado_realtime_dma_zybo_z7_20.gen/sources_1/bd/realtime_dma_bd/ip/realtime_dma_bd_axi_smc_mem_0/bd_0/ip/ip_36/bd_af63_m00wn_0_clocks.xdc] for cell 'realtime_dma_bd_i/axi_smc_mem/inst/m00_nodes/m00_w_node/inst'
Finished Parsing XDC File [h:/vivado_realtime_dma_zybo_z7_20/vivado_realtime_dma_zybo_z7_20.gen/sources_1/bd/realtime_dma_bd/ip/realtime_dma_bd_axi_smc_mem_0/bd_0/ip/ip_36/bd_af63_m00wn_0_clocks.xdc] for cell 'realtime_dma_bd_i/axi_smc_mem/inst/m00_nodes/m00_w_node/inst'
INFO: [Project 1-236] Implementation specific constraints were found while reading constraint file [h:/vivado_realtime_dma_zybo_z7_20/vivado_realtime_dma_zybo_z7_20.gen/sources_1/bd/realtime_dma_bd/ip/realtime_dma_bd_axi_smc_mem_0/bd_0/ip/ip_36/bd_af63_m00wn_0_clocks.xdc]. These constraints will be ignored for synthesis but will be used in implementation. Impacted constraints are listed in the file [.Xil/realtime_dma_bd_wrapper_propImpl.xdc].
Resolution: To avoid this warning, move constraints listed in [.Xil/realtime_dma_bd_wrapper_propImpl.xdc] to another XDC file and exclude this new file from synthesis with the used_in_synthesis property (File Properties dialog in GUI) and re-run elaboration/synthesis.
Parsing XDC File [h:/vivado_realtime_dma_zybo_z7_20/vivado_realtime_dma_zybo_z7_20.gen/sources_1/bd/realtime_dma_bd/ip/realtime_dma_bd_axi_smc_mem_0/bd_0/ip/ip_37/bd_af63_m00bn_0_clocks.xdc] for cell 'realtime_dma_bd_i/axi_smc_mem/inst/m00_nodes/m00_b_node/inst'
Finished Parsing XDC File [h:/vivado_realtime_dma_zybo_z7_20/vivado_realtime_dma_zybo_z7_20.gen/sources_1/bd/realtime_dma_bd/ip/realtime_dma_bd_axi_smc_mem_0/bd_0/ip/ip_37/bd_af63_m00bn_0_clocks.xdc] for cell 'realtime_dma_bd_i/axi_smc_mem/inst/m00_nodes/m00_b_node/inst'
INFO: [Project 1-236] Implementation specific constraints were found while reading constraint file [h:/vivado_realtime_dma_zybo_z7_20/vivado_realtime_dma_zybo_z7_20.gen/sources_1/bd/realtime_dma_bd/ip/realtime_dma_bd_axi_smc_mem_0/bd_0/ip/ip_37/bd_af63_m00bn_0_clocks.xdc]. These constraints will be ignored for synthesis but will be used in implementation. Impacted constraints are listed in the file [.Xil/realtime_dma_bd_wrapper_propImpl.xdc].
Resolution: To avoid this warning, move constraints listed in [.Xil/realtime_dma_bd_wrapper_propImpl.xdc] to another XDC file and exclude this new file from synthesis with the used_in_synthesis property (File Properties dialog in GUI) and re-run elaboration/synthesis.
Parsing XDC File [h:/vivado_realtime_dma_zybo_z7_20/vivado_realtime_dma_zybo_z7_20.gen/sources_1/bd/realtime_dma_bd/ip/realtime_dma_bd_axi_smc_mem_0/smartconnect.xdc] for cell 'realtime_dma_bd_i/axi_smc_mem/inst'
Finished Parsing XDC File [h:/vivado_realtime_dma_zybo_z7_20/vivado_realtime_dma_zybo_z7_20.gen/sources_1/bd/realtime_dma_bd/ip/realtime_dma_bd_axi_smc_mem_0/smartconnect.xdc] for cell 'realtime_dma_bd_i/axi_smc_mem/inst'
INFO: [Project 1-236] Implementation specific constraints were found while reading constraint file [h:/vivado_realtime_dma_zybo_z7_20/vivado_realtime_dma_zybo_z7_20.gen/sources_1/bd/realtime_dma_bd/ip/realtime_dma_bd_axi_smc_mem_0/smartconnect.xdc]. These constraints will be ignored for synthesis but will be used in implementation. Impacted constraints are listed in the file [.Xil/realtime_dma_bd_wrapper_propImpl.xdc].
Resolution: To avoid this warning, move constraints listed in [.Xil/realtime_dma_bd_wrapper_propImpl.xdc] to another XDC file and exclude this new file from synthesis with the used_in_synthesis property (File Properties dialog in GUI) and re-run elaboration/synthesis.
Parsing XDC File [h:/vivado_realtime_dma_zybo_z7_20/vivado_realtime_dma_zybo_z7_20.gen/sources_1/bd/realtime_dma_bd/ip/realtime_dma_bd_rst_ps7_100m_0/realtime_dma_bd_rst_ps7_100m_0_board.xdc] for cell 'realtime_dma_bd_i/rst_ps7_100m/U0'
Finished Parsing XDC File [h:/vivado_realtime_dma_zybo_z7_20/vivado_realtime_dma_zybo_z7_20.gen/sources_1/bd/realtime_dma_bd/ip/realtime_dma_bd_rst_ps7_100m_0/realtime_dma_bd_rst_ps7_100m_0_board.xdc] for cell 'realtime_dma_bd_i/rst_ps7_100m/U0'
Parsing XDC File [h:/vivado_realtime_dma_zybo_z7_20/vivado_realtime_dma_zybo_z7_20.gen/sources_1/bd/realtime_dma_bd/ip/realtime_dma_bd_rst_ps7_100m_0/realtime_dma_bd_rst_ps7_100m_0.xdc] for cell 'realtime_dma_bd_i/rst_ps7_100m/U0'
Finished Parsing XDC File [h:/vivado_realtime_dma_zybo_z7_20/vivado_realtime_dma_zybo_z7_20.gen/sources_1/bd/realtime_dma_bd/ip/realtime_dma_bd_rst_ps7_100m_0/realtime_dma_bd_rst_ps7_100m_0.xdc] for cell 'realtime_dma_bd_i/rst_ps7_100m/U0'
INFO: [Project 1-236] Implementation specific constraints were found while reading constraint file [h:/vivado_realtime_dma_zybo_z7_20/vivado_realtime_dma_zybo_z7_20.gen/sources_1/bd/realtime_dma_bd/ip/realtime_dma_bd_rst_ps7_100m_0/realtime_dma_bd_rst_ps7_100m_0.xdc]. These constraints will be ignored for synthesis but will be used in implementation. Impacted constraints are listed in the file [.Xil/realtime_dma_bd_wrapper_propImpl.xdc].
Resolution: To avoid this warning, move constraints listed in [.Xil/realtime_dma_bd_wrapper_propImpl.xdc] to another XDC file and exclude this new file from synthesis with the used_in_synthesis property (File Properties dialog in GUI) and re-run elaboration/synthesis.
Parsing XDC File [h:/vivado_realtime_dma_zybo_z7_20/vivado_realtime_dma_zybo_z7_20.gen/sources_1/bd/realtime_dma_bd/ip/realtime_dma_bd_axi_dma0_0/realtime_dma_bd_axi_dma0_0_clocks.xdc] for cell 'realtime_dma_bd_i/axi_dma0/U0'
Finished Parsing XDC File [h:/vivado_realtime_dma_zybo_z7_20/vivado_realtime_dma_zybo_z7_20.gen/sources_1/bd/realtime_dma_bd/ip/realtime_dma_bd_axi_dma0_0/realtime_dma_bd_axi_dma0_0_clocks.xdc] for cell 'realtime_dma_bd_i/axi_dma0/U0'
Parsing XDC File [h:/vivado_realtime_dma_zybo_z7_20/vivado_realtime_dma_zybo_z7_20.gen/sources_1/bd/realtime_dma_bd/ip/realtime_dma_bd_axi_dma1_0/realtime_dma_bd_axi_dma1_0_clocks.xdc] for cell 'realtime_dma_bd_i/axi_dma1/U0'
Finished Parsing XDC File [h:/vivado_realtime_dma_zybo_z7_20/vivado_realtime_dma_zybo_z7_20.gen/sources_1/bd/realtime_dma_bd/ip/realtime_dma_bd_axi_dma1_0/realtime_dma_bd_axi_dma1_0_clocks.xdc] for cell 'realtime_dma_bd_i/axi_dma1/U0'
INFO: [Project 1-236] Implementation specific constraints were found while reading constraint file [C:/Xilinx/Vivado/2023.2/data/ip/xpm/xpm_fifo/tcl/xpm_fifo_rst.tcl]. These constraints will be ignored for synthesis but will be used in implementation. Impacted constraints are listed in the file [.Xil/realtime_dma_bd_wrapper_propImpl.xdc].
Resolution: To avoid this warning, move constraints listed in [.Xil/realtime_dma_bd_wrapper_propImpl.xdc] to another XDC file and exclude this new file from synthesis with the used_in_synthesis property (File Properties dialog in GUI) and re-run elaboration/synthesis.
INFO: [Project 1-236] Implementation specific constraints were found while reading constraint file [C:/Xilinx/Vivado/2023.2/data/ip/xpm/xpm_memory/tcl/xpm_memory_xdc.tcl]. These constraints will be ignored for synthesis but will be used in implementation. Impacted constraints are listed in the file [.Xil/realtime_dma_bd_wrapper_propImpl.xdc].
Resolution: To avoid this warning, move constraints listed in [.Xil/realtime_dma_bd_wrapper_propImpl.xdc] to another XDC file and exclude this new file from synthesis with the used_in_synthesis property (File Properties dialog in GUI) and re-run elaboration/synthesis.
INFO: [Project 1-1714] 139 XPM XDC files have been applied to the design.
Completed Processing XDC Constraints

Netlist sorting complete. Time (s): cpu = 00:00:00 ; elapsed = 00:00:00.051 . Memory (MB): peak = 4308.145 ; gain = 0.000
INFO: [Project 1-111] Unisim Transformation Summary:
  A total of 63 instances were transformed.
  FDR => FDRE: 60 instances
  SRL16 => SRL16E: 3 instances

Constraint Validation Runtime : Time (s): cpu = 00:00:01 ; elapsed = 00:00:01 . Memory (MB): peak = 4313.867 ; gain = 5.723
---------------------------------------------------------------------------------
Finished Constraint Validation : Time (s): cpu = 00:01:38 ; elapsed = 00:01:42 . Memory (MB): peak = 4317.875 ; gain = 3121.340
---------------------------------------------------------------------------------
---------------------------------------------------------------------------------
Start Loading Part and Timing Information
---------------------------------------------------------------------------------
Loading part: xc7z020clg400-1
---------------------------------------------------------------------------------
Finished Loading Part and Timing Information : Time (s): cpu = 00:01:38 ; elapsed = 00:01:42 . Memory (MB): peak = 4317.875 ; gain = 3121.340
---------------------------------------------------------------------------------
---------------------------------------------------------------------------------
Start Applying 'set_property' XDC Constraints
---------------------------------------------------------------------------------
Applied set_property KEEP_HIERARCHY = SOFT for realtime_dma_bd_i. (constraint file  auto generated constraint).
Applied set_property KEEP_HIERARCHY = SOFT for realtime_dma_bd_i/subband_realtime_0. (constraint file  auto generated constraint).
Applied set_property KEEP_HIERARCHY = SOFT for realtime_dma_bd_i/ps7_0. (constraint file  auto generated constraint).
Applied set_property KEEP_HIERARCHY = SOFT for realtime_dma_bd_i/ps7_0/inst. (constraint file  auto generated constraint).
Applied set_property KEEP_HIERARCHY = SOFT for realtime_dma_bd_i/axi_dma0. (constraint file  auto generated constraint).
Applied set_property KEEP_HIERARCHY = SOFT for realtime_dma_bd_i/axi_dma0/U0. (constraint file  auto generated constraint).
Applied set_property KEEP_HIERARCHY = SOFT for realtime_dma_bd_i/axi_dma1. (constraint file  auto generated constraint).
Applied set_property KEEP_HIERARCHY = SOFT for realtime_dma_bd_i/axi_dma1/U0. (constraint file  auto generated constraint).
Applied set_property KEEP_HIERARCHY = SOFT for realtime_dma_bd_i/axi_smc_ctrl. (constraint file  auto generated constraint).
Applied set_property KEEP_HIERARCHY = SOFT for realtime_dma_bd_i/axi_smc_ctrl/inst. (constraint file  auto generated constraint).
Applied set_property KEEP_HIERARCHY = SOFT for realtime_dma_bd_i/axi_smc_mem. (constraint file  auto generated constraint).
Applied set_property KEEP_HIERARCHY = SOFT for realtime_dma_bd_i/axi_smc_mem/inst. (constraint file  auto generated constraint).
Applied set_property KEEP_HIERARCHY = SOFT for realtime_dma_bd_i/rst_ps7_100m. (constraint file  auto generated constraint).
Applied set_property KEEP_HIERARCHY = SOFT for realtime_dma_bd_i/rst_ps7_100m/U0. (constraint file  auto generated constraint).
Applied set_property KEEP_HIERARCHY = SOFT for realtime_dma_bd_i/axi_smc_ctrl/inst/m00_nodes/m00_ar_node/inst/m_sc_xpm_cdc_async_rst_inst. (constraint file  auto generated constraint).
Applied set_property KEEP_HIERARCHY = SOFT for realtime_dma_bd_i/axi_smc_ctrl/inst/m00_nodes/m00_aw_node/inst/m_sc_xpm_cdc_async_rst_inst. (constraint file  auto generated constraint).
Applied set_property KEEP_HIERARCHY = SOFT for realtime_dma_bd_i/axi_smc_ctrl/inst/m00_nodes/m00_b_node/inst/m_sc_xpm_cdc_async_rst_inst. (constraint file  auto generated constraint).
Applied set_property KEEP_HIERARCHY = SOFT for realtime_dma_bd_i/axi_smc_ctrl/inst/m00_nodes/m00_r_node/inst/m_sc_xpm_cdc_async_rst_inst. (constraint file  auto generated constraint).
Applied set_property KEEP_HIERARCHY = SOFT for realtime_dma_bd_i/axi_smc_ctrl/inst/m00_nodes/m00_w_node/inst/m_sc_xpm_cdc_async_rst_inst. (constraint file  auto generated constraint).
Applied set_property KEEP_HIERARCHY = SOFT for realtime_dma_bd_i/axi_smc_ctrl/inst/m01_nodes/m01_ar_node/inst/m_sc_xpm_cdc_async_rst_inst. (constraint file  auto generated constraint).
Applied set_property KEEP_HIERARCHY = SOFT for realtime_dma_bd_i/axi_smc_ctrl/inst/m01_nodes/m01_aw_node/inst/m_sc_xpm_cdc_async_rst_inst. (constraint file  auto generated constraint).
Applied set_property KEEP_HIERARCHY = SOFT for realtime_dma_bd_i/axi_smc_ctrl/inst/m01_nodes/m01_b_node/inst/m_sc_xpm_cdc_async_rst_inst. (constraint file  auto generated constraint).
Applied set_property KEEP_HIERARCHY = SOFT for realtime_dma_bd_i/axi_smc_ctrl/inst/m01_nodes/m01_r_node/inst/m_sc_xpm_cdc_async_rst_inst. (constraint file  auto generated constraint).
Applied set_property KEEP_HIERARCHY = SOFT for realtime_dma_bd_i/axi_smc_ctrl/inst/m01_nodes/m01_w_node/inst/m_sc_xpm_cdc_async_rst_inst. (constraint file  auto generated constraint).
Applied set_property KEEP_HIERARCHY = SOFT for realtime_dma_bd_i/axi_smc_ctrl/inst/m02_nodes/m02_ar_node/inst/m_sc_xpm_cdc_async_rst_inst. (constraint file  auto generated constraint).
Applied set_property KEEP_HIERARCHY = SOFT for realtime_dma_bd_i/axi_smc_ctrl/inst/m02_nodes/m02_aw_node/inst/m_sc_xpm_cdc_async_rst_inst. (constraint file  auto generated constraint).
Applied set_property KEEP_HIERARCHY = SOFT for realtime_dma_bd_i/axi_smc_ctrl/inst/m02_nodes/m02_b_node/inst/m_sc_xpm_cdc_async_rst_inst. (constraint file  auto generated constraint).
Applied set_property KEEP_HIERARCHY = SOFT for realtime_dma_bd_i/axi_smc_ctrl/inst/m02_nodes/m02_r_node/inst/m_sc_xpm_cdc_async_rst_inst. (constraint file  auto generated constraint).
Applied set_property KEEP_HIERARCHY = SOFT for realtime_dma_bd_i/axi_smc_ctrl/inst/m02_nodes/m02_w_node/inst/m_sc_xpm_cdc_async_rst_inst. (constraint file  auto generated constraint).
Applied set_property KEEP_HIERARCHY = SOFT for realtime_dma_bd_i/axi_smc_ctrl/inst/s00_nodes/s00_ar_node/inst/m_sc_xpm_cdc_async_rst_inst. (constraint file  auto generated constraint).
Applied set_property KEEP_HIERARCHY = SOFT for realtime_dma_bd_i/axi_smc_ctrl/inst/s00_nodes/s00_aw_node/inst/m_sc_xpm_cdc_async_rst_inst. (constraint file  auto generated constraint).
Applied set_property KEEP_HIERARCHY = SOFT for realtime_dma_bd_i/axi_smc_ctrl/inst/s00_nodes/s00_b_node/inst/m_sc_xpm_cdc_async_rst_inst. (constraint file  auto generated constraint).
Applied set_property KEEP_HIERARCHY = SOFT for realtime_dma_bd_i/axi_smc_ctrl/inst/s00_nodes/s00_r_node/inst/m_sc_xpm_cdc_async_rst_inst. (constraint file  auto generated constraint).
Applied set_property KEEP_HIERARCHY = SOFT for realtime_dma_bd_i/axi_smc_ctrl/inst/s00_nodes/s00_w_node/inst/m_sc_xpm_cdc_async_rst_inst. (constraint file  auto generated constraint).
Applied set_property KEEP_HIERARCHY = SOFT for realtime_dma_bd_i/axi_smc_ctrl/inst/switchboards/i_nodes/i_ar_node/inst/m_sc_xpm_cdc_async_rst_inst. (constraint file  auto generated constraint).
Applied set_property KEEP_HIERARCHY = SOFT for realtime_dma_bd_i/axi_smc_ctrl/inst/switchboards/i_nodes/i_aw_node/inst/m_sc_xpm_cdc_async_rst_inst. (constraint file  auto generated constraint).
Applied set_property KEEP_HIERARCHY = SOFT for realtime_dma_bd_i/axi_smc_ctrl/inst/switchboards/i_nodes/i_b_node/inst/m_sc_xpm_cdc_async_rst_inst. (constraint file  auto generated constraint).
Applied set_property KEEP_HIERARCHY = SOFT for realtime_dma_bd_i/axi_smc_ctrl/inst/switchboards/i_nodes/i_r_node/inst/m_sc_xpm_cdc_async_rst_inst. (constraint file  auto generated constraint).
Applied set_property KEEP_HIERARCHY = SOFT for realtime_dma_bd_i/axi_smc_ctrl/inst/switchboards/i_nodes/i_w_node/inst/m_sc_xpm_cdc_async_rst_inst. (constraint file  auto generated constraint).
Applied set_property KEEP_HIERARCHY = SOFT for realtime_dma_bd_i/axi_smc_mem/inst/m00_nodes/m00_ar_node/inst/m_sc_xpm_cdc_async_rst_inst. (constraint file  auto generated constraint).
Applied set_property KEEP_HIERARCHY = SOFT for realtime_dma_bd_i/axi_smc_mem/inst/m00_nodes/m00_aw_node/inst/m_sc_xpm_cdc_async_rst_inst. (constraint file  auto generated constraint).
Applied set_property KEEP_HIERARCHY = SOFT for realtime_dma_bd_i/axi_smc_mem/inst/m00_nodes/m00_b_node/inst/m_sc_xpm_cdc_async_rst_inst. (constraint file  auto generated constraint).
Applied set_property KEEP_HIERARCHY = SOFT for realtime_dma_bd_i/axi_smc_mem/inst/m00_nodes/m00_r_node/inst/m_sc_xpm_cdc_async_rst_inst. (constraint file  auto generated constraint).
Applied set_property KEEP_HIERARCHY = SOFT for realtime_dma_bd_i/axi_smc_mem/inst/m00_nodes/m00_w_node/inst/m_sc_xpm_cdc_async_rst_inst. (constraint file  auto generated constraint).
Applied set_property KEEP_HIERARCHY = SOFT for realtime_dma_bd_i/axi_smc_mem/inst/s00_nodes/s00_ar_node/inst/m_sc_xpm_cdc_async_rst_inst. (constraint file  auto generated constraint).
Applied set_property KEEP_HIERARCHY = SOFT for realtime_dma_bd_i/axi_smc_mem/inst/s00_nodes/s00_r_node/inst/m_sc_xpm_cdc_async_rst_inst. (constraint file  auto generated constraint).
Applied set_property KEEP_HIERARCHY = SOFT for realtime_dma_bd_i/axi_smc_mem/inst/s01_nodes/s01_aw_node/inst/m_sc_xpm_cdc_async_rst_inst. (constraint file  auto generated constraint).
Applied set_property KEEP_HIERARCHY = SOFT for realtime_dma_bd_i/axi_smc_mem/inst/s01_nodes/s01_b_node/inst/m_sc_xpm_cdc_async_rst_inst. (constraint file  auto generated constraint).
Applied set_property KEEP_HIERARCHY = SOFT for realtime_dma_bd_i/axi_smc_mem/inst/s01_nodes/s01_w_node/inst/m_sc_xpm_cdc_async_rst_inst. (constraint file  auto generated constraint).
Applied set_property KEEP_HIERARCHY = SOFT for realtime_dma_bd_i/axi_smc_mem/inst/s02_nodes/s02_ar_node/inst/m_sc_xpm_cdc_async_rst_inst. (constraint file  auto generated constraint).
Applied set_property KEEP_HIERARCHY = SOFT for realtime_dma_bd_i/axi_smc_mem/inst/s02_nodes/s02_r_node/inst/m_sc_xpm_cdc_async_rst_inst. (constraint file  auto generated constraint).
Applied set_property KEEP_HIERARCHY = SOFT for realtime_dma_bd_i/axi_smc_mem/inst/s03_nodes/s03_ar_node/inst/m_sc_xpm_cdc_async_rst_inst. (constraint file  auto generated constraint).
Applied set_property KEEP_HIERARCHY = SOFT for realtime_dma_bd_i/axi_smc_mem/inst/s03_nodes/s03_r_node/inst/m_sc_xpm_cdc_async_rst_inst. (constraint file  auto generated constraint).
Applied set_property KEEP_HIERARCHY = SOFT for realtime_dma_bd_i/axi_smc_ctrl/inst/m00_nodes/m00_ar_node/inst/s_sc_xpm_cdc_async_rst_inst. (constraint file  auto generated constraint).
Applied set_property KEEP_HIERARCHY = SOFT for realtime_dma_bd_i/axi_smc_ctrl/inst/m00_nodes/m00_aw_node/inst/s_sc_xpm_cdc_async_rst_inst. (constraint file  auto generated constraint).
Applied set_property KEEP_HIERARCHY = SOFT for realtime_dma_bd_i/axi_smc_ctrl/inst/m00_nodes/m00_b_node/inst/s_sc_xpm_cdc_async_rst_inst. (constraint file  auto generated constraint).
Applied set_property KEEP_HIERARCHY = SOFT for realtime_dma_bd_i/axi_smc_ctrl/inst/m00_nodes/m00_r_node/inst/s_sc_xpm_cdc_async_rst_inst. (constraint file  auto generated constraint).
Applied set_property KEEP_HIERARCHY = SOFT for realtime_dma_bd_i/axi_smc_ctrl/inst/m00_nodes/m00_w_node/inst/s_sc_xpm_cdc_async_rst_inst. (constraint file  auto generated constraint).
Applied set_property KEEP_HIERARCHY = SOFT for realtime_dma_bd_i/axi_smc_ctrl/inst/m01_nodes/m01_ar_node/inst/s_sc_xpm_cdc_async_rst_inst. (constraint file  auto generated constraint).
Applied set_property KEEP_HIERARCHY = SOFT for realtime_dma_bd_i/axi_smc_ctrl/inst/m01_nodes/m01_aw_node/inst/s_sc_xpm_cdc_async_rst_inst. (constraint file  auto generated constraint).
Applied set_property KEEP_HIERARCHY = SOFT for realtime_dma_bd_i/axi_smc_ctrl/inst/m01_nodes/m01_b_node/inst/s_sc_xpm_cdc_async_rst_inst. (constraint file  auto generated constraint).
Applied set_property KEEP_HIERARCHY = SOFT for realtime_dma_bd_i/axi_smc_ctrl/inst/m01_nodes/m01_r_node/inst/s_sc_xpm_cdc_async_rst_inst. (constraint file  auto generated constraint).
Applied set_property KEEP_HIERARCHY = SOFT for realtime_dma_bd_i/axi_smc_ctrl/inst/m01_nodes/m01_w_node/inst/s_sc_xpm_cdc_async_rst_inst. (constraint file  auto generated constraint).
Applied set_property KEEP_HIERARCHY = SOFT for realtime_dma_bd_i/axi_smc_ctrl/inst/m02_nodes/m02_ar_node/inst/s_sc_xpm_cdc_async_rst_inst. (constraint file  auto generated constraint).
Applied set_property KEEP_HIERARCHY = SOFT for realtime_dma_bd_i/axi_smc_ctrl/inst/m02_nodes/m02_aw_node/inst/s_sc_xpm_cdc_async_rst_inst. (constraint file  auto generated constraint).
Applied set_property KEEP_HIERARCHY = SOFT for realtime_dma_bd_i/axi_smc_ctrl/inst/m02_nodes/m02_b_node/inst/s_sc_xpm_cdc_async_rst_inst. (constraint file  auto generated constraint).
Applied set_property KEEP_HIERARCHY = SOFT for realtime_dma_bd_i/axi_smc_ctrl/inst/m02_nodes/m02_r_node/inst/s_sc_xpm_cdc_async_rst_inst. (constraint file  auto generated constraint).
Applied set_property KEEP_HIERARCHY = SOFT for realtime_dma_bd_i/axi_smc_ctrl/inst/m02_nodes/m02_w_node/inst/s_sc_xpm_cdc_async_rst_inst. (constraint file  auto generated constraint).
Applied set_property KEEP_HIERARCHY = SOFT for realtime_dma_bd_i/axi_smc_ctrl/inst/s00_nodes/s00_ar_node/inst/s_sc_xpm_cdc_async_rst_inst. (constraint file  auto generated constraint).
Applied set_property KEEP_HIERARCHY = SOFT for realtime_dma_bd_i/axi_smc_ctrl/inst/s00_nodes/s00_aw_node/inst/s_sc_xpm_cdc_async_rst_inst. (constraint file  auto generated constraint).
Applied set_property KEEP_HIERARCHY = SOFT for realtime_dma_bd_i/axi_smc_ctrl/inst/s00_nodes/s00_b_node/inst/s_sc_xpm_cdc_async_rst_inst. (constraint file  auto generated constraint).
Applied set_property KEEP_HIERARCHY = SOFT for realtime_dma_bd_i/axi_smc_ctrl/inst/s00_nodes/s00_r_node/inst/s_sc_xpm_cdc_async_rst_inst. (constraint file  auto generated constraint).
Applied set_property KEEP_HIERARCHY = SOFT for realtime_dma_bd_i/axi_smc_ctrl/inst/s00_nodes/s00_w_node/inst/s_sc_xpm_cdc_async_rst_inst. (constraint file  auto generated constraint).
Applied set_property KEEP_HIERARCHY = SOFT for realtime_dma_bd_i/axi_smc_ctrl/inst/switchboards/i_nodes/i_ar_node/inst/s_sc_xpm_cdc_async_rst_inst. (constraint file  auto generated constraint).
Applied set_property KEEP_HIERARCHY = SOFT for realtime_dma_bd_i/axi_smc_ctrl/inst/switchboards/i_nodes/i_aw_node/inst/s_sc_xpm_cdc_async_rst_inst. (constraint file  auto generated constraint).
Applied set_property KEEP_HIERARCHY = SOFT for realtime_dma_bd_i/axi_smc_ctrl/inst/switchboards/i_nodes/i_b_node/inst/s_sc_xpm_cdc_async_rst_inst. (constraint file  auto generated constraint).
Applied set_property KEEP_HIERARCHY = SOFT for realtime_dma_bd_i/axi_smc_ctrl/inst/switchboards/i_nodes/i_r_node/inst/s_sc_xpm_cdc_async_rst_inst. (constraint file  auto generated constraint).
Applied set_property KEEP_HIERARCHY = SOFT for realtime_dma_bd_i/axi_smc_ctrl/inst/switchboards/i_nodes/i_w_node/inst/s_sc_xpm_cdc_async_rst_inst. (constraint file  auto generated constraint).
Applied set_property KEEP_HIERARCHY = SOFT for realtime_dma_bd_i/axi_smc_mem/inst/m00_nodes/m00_ar_node/inst/s_sc_xpm_cdc_async_rst_inst. (constraint file  auto generated constraint).
Applied set_property KEEP_HIERARCHY = SOFT for realtime_dma_bd_i/axi_smc_mem/inst/m00_nodes/m00_aw_node/inst/s_sc_xpm_cdc_async_rst_inst. (constraint file  auto generated constraint).
Applied set_property KEEP_HIERARCHY = SOFT for realtime_dma_bd_i/axi_smc_mem/inst/m00_nodes/m00_b_node/inst/s_sc_xpm_cdc_async_rst_inst. (constraint file  auto generated constraint).
Applied set_property KEEP_HIERARCHY = SOFT for realtime_dma_bd_i/axi_smc_mem/inst/m00_nodes/m00_r_node/inst/s_sc_xpm_cdc_async_rst_inst. (constraint file  auto generated constraint).
Applied set_property KEEP_HIERARCHY = SOFT for realtime_dma_bd_i/axi_smc_mem/inst/m00_nodes/m00_w_node/inst/s_sc_xpm_cdc_async_rst_inst. (constraint file  auto generated constraint).
Applied set_property KEEP_HIERARCHY = SOFT for realtime_dma_bd_i/axi_smc_mem/inst/s00_nodes/s00_ar_node/inst/s_sc_xpm_cdc_async_rst_inst. (constraint file  auto generated constraint).
Applied set_property KEEP_HIERARCHY = SOFT for realtime_dma_bd_i/axi_smc_mem/inst/s00_nodes/s00_r_node/inst/s_sc_xpm_cdc_async_rst_inst. (constraint file  auto generated constraint).
Applied set_property KEEP_HIERARCHY = SOFT for realtime_dma_bd_i/axi_smc_mem/inst/s01_nodes/s01_aw_node/inst/s_sc_xpm_cdc_async_rst_inst. (constraint file  auto generated constraint).
Applied set_property KEEP_HIERARCHY = SOFT for realtime_dma_bd_i/axi_smc_mem/inst/s01_nodes/s01_b_node/inst/s_sc_xpm_cdc_async_rst_inst. (constraint file  auto generated constraint).
Applied set_property KEEP_HIERARCHY = SOFT for realtime_dma_bd_i/axi_smc_mem/inst/s01_nodes/s01_w_node/inst/s_sc_xpm_cdc_async_rst_inst. (constraint file  auto generated constraint).
Applied set_property KEEP_HIERARCHY = SOFT for realtime_dma_bd_i/axi_smc_mem/inst/s02_nodes/s02_ar_node/inst/s_sc_xpm_cdc_async_rst_inst. (constraint file  auto generated constraint).
Applied set_property KEEP_HIERARCHY = SOFT for realtime_dma_bd_i/axi_smc_mem/inst/s02_nodes/s02_r_node/inst/s_sc_xpm_cdc_async_rst_inst. (constraint file  auto generated constraint).
Applied set_property KEEP_HIERARCHY = SOFT for realtime_dma_bd_i/axi_smc_mem/inst/s03_nodes/s03_ar_node/inst/s_sc_xpm_cdc_async_rst_inst. (constraint file  auto generated constraint).
Applied set_property KEEP_HIERARCHY = SOFT for realtime_dma_bd_i/axi_smc_mem/inst/s03_nodes/s03_r_node/inst/s_sc_xpm_cdc_async_rst_inst. (constraint file  auto generated constraint).
Applied set_property KEEP_HIERARCHY = SOFT for realtime_dma_bd_i/axi_smc_ctrl/inst/m00_exit_pipeline/m00_exit/inst/xpm_cdc_async_rst_inst. (constraint file  auto generated constraint).
Applied set_property KEEP_HIERARCHY = SOFT for realtime_dma_bd_i/axi_smc_ctrl/inst/m01_exit_pipeline/m01_exit/inst/xpm_cdc_async_rst_inst. (constraint file  auto generated constraint).
Applied set_property KEEP_HIERARCHY = SOFT for realtime_dma_bd_i/axi_smc_ctrl/inst/m02_exit_pipeline/m02_exit/inst/xpm_cdc_async_rst_inst. (constraint file  auto generated constraint).
Applied set_property KEEP_HIERARCHY = SOFT for realtime_dma_bd_i/axi_smc_ctrl/inst/s00_entry_pipeline/s00_mmu/inst/xpm_cdc_async_rst_inst. (constraint file  auto generated constraint).
Applied set_property KEEP_HIERARCHY = SOFT for realtime_dma_bd_i/axi_smc_ctrl/inst/s00_entry_pipeline/s00_si_converter/inst/xpm_cdc_async_rst_inst. (constraint file  auto generated constraint).
Applied set_property KEEP_HIERARCHY = SOFT for realtime_dma_bd_i/axi_smc_ctrl/inst/s00_entry_pipeline/s00_transaction_regulator/inst/xpm_cdc_async_rst_inst. (constraint file  auto generated constraint).
Applied set_property KEEP_HIERARCHY = SOFT for realtime_dma_bd_i/axi_smc_mem/inst/m00_exit_pipeline/m00_exit/inst/xpm_cdc_async_rst_inst. (constraint file  auto generated constraint).
Applied set_property KEEP_HIERARCHY = SOFT for realtime_dma_bd_i/axi_smc_mem/inst/s00_entry_pipeline/s00_mmu/inst/xpm_cdc_async_rst_inst. (constraint file  auto generated constraint).
Applied set_property KEEP_HIERARCHY = SOFT for realtime_dma_bd_i/axi_smc_mem/inst/s00_entry_pipeline/s00_si_converter/inst/xpm_cdc_async_rst_inst. (constraint file  auto generated constraint).
Applied set_property KEEP_HIERARCHY = SOFT for realtime_dma_bd_i/axi_smc_mem/inst/s00_entry_pipeline/s00_transaction_regulator/inst/xpm_cdc_async_rst_inst. (constraint file  auto generated constraint).
Applied set_property KEEP_HIERARCHY = SOFT for realtime_dma_bd_i/axi_smc_mem/inst/s01_entry_pipeline/s01_mmu/inst/xpm_cdc_async_rst_inst. (constraint file  auto generated constraint).
Applied set_property KEEP_HIERARCHY = SOFT for realtime_dma_bd_i/axi_smc_mem/inst/s01_entry_pipeline/s01_si_converter/inst/xpm_cdc_async_rst_inst. (constraint file  auto generated constraint).
Applied set_property KEEP_HIERARCHY = SOFT for realtime_dma_bd_i/axi_smc_mem/inst/s01_entry_pipeline/s01_transaction_regulator/inst/xpm_cdc_async_rst_inst. (constraint file  auto generated constraint).
Applied set_property KEEP_HIERARCHY = SOFT for realtime_dma_bd_i/axi_smc_mem/inst/s02_entry_pipeline/s02_mmu/inst/xpm_cdc_async_rst_inst. (constraint file  auto generated constraint).
Applied set_property KEEP_HIERARCHY = SOFT for realtime_dma_bd_i/axi_smc_mem/inst/s02_entry_pipeline/s02_si_converter/inst/xpm_cdc_async_rst_inst. (constraint file  auto generated constraint).
Applied set_property KEEP_HIERARCHY = SOFT for realtime_dma_bd_i/axi_smc_mem/inst/s02_entry_pipeline/s02_transaction_regulator/inst/xpm_cdc_async_rst_inst. (constraint file  auto generated constraint).
Applied set_property KEEP_HIERARCHY = SOFT for realtime_dma_bd_i/axi_smc_mem/inst/s03_entry_pipeline/s03_mmu/inst/xpm_cdc_async_rst_inst. (constraint file  auto generated constraint).
Applied set_property KEEP_HIERARCHY = SOFT for realtime_dma_bd_i/axi_smc_mem/inst/s03_entry_pipeline/s03_si_converter/inst/xpm_cdc_async_rst_inst. (constraint file  auto generated constraint).
Applied set_property KEEP_HIERARCHY = SOFT for realtime_dma_bd_i/axi_smc_mem/inst/s03_entry_pipeline/s03_transaction_regulator/inst/xpm_cdc_async_rst_inst. (constraint file  auto generated constraint).
Applied set_property KEEP_HIERARCHY = SOFT for realtime_dma_bd_i/axi_dma0/U0/I_PRMRY_DATAMOVER/\GEN_MM2S_FULL.I_MM2S_FULL_WRAPPER /\GEN_INCLUDE_MM2S_SF.I_RD_SF /I_DATA_FIFO/\BLK_MEM.I_SYNC_FIFOGEN_FIFO /\xpm_fifo_instance.xpm_fifo_sync_inst . (constraint file  auto generated constraint).
Applied set_property KEEP_HIERARCHY = SOFT for realtime_dma_bd_i/axi_dma1/U0/I_PRMRY_DATAMOVER/\GEN_MM2S_FULL.I_MM2S_FULL_WRAPPER /\GEN_INCLUDE_MM2S_SF.I_RD_SF /I_DATA_FIFO/\BLK_MEM.I_SYNC_FIFOGEN_FIFO /\xpm_fifo_instance.xpm_fifo_sync_inst . (constraint file  auto generated constraint).
Applied set_property KEEP_HIERARCHY = SOFT for realtime_dma_bd_i/axi_dma0/U0/I_PRMRY_DATAMOVER/\GEN_S2MM_FULL.I_S2MM_FULL_WRAPPER /\GEN_ENABLE_INDET_BTT_SF.I_INDET_BTT /I_DATA_FIFO/\BLK_MEM.I_SYNC_FIFOGEN_FIFO /\xpm_fifo_instance.xpm_fifo_sync_inst . (constraint file  auto generated constraint).
Applied set_property KEEP_HIERARCHY = SOFT for realtime_dma_bd_i/axi_dma0/U0/I_PRMRY_DATAMOVER/\GEN_S2MM_FULL.I_S2MM_FULL_WRAPPER /\GEN_ENABLE_INDET_BTT_SF.I_INDET_BTT /I_XD_FIFO/\NON_BLK_MEM.I_SYNC_FIFOGEN_FIFO /\xpm_fifo_instance.xpm_fifo_sync_inst . (constraint file  auto generated constraint).
Applied set_property KEEP_HIERARCHY = SOFT for realtime_dma_bd_i/axi_smc_mem/inst/m00_nodes/m00_ar_node/inst/inst_mi_handler/\gen_normal_area.gen_node_prog_full.inst_node_prog_full /\gen_xpm_memory_fifo.inst_fifo /\gen_mem_rep[0].inst_xpm_memory . (constraint file  auto generated constraint).
Applied set_property KEEP_HIERARCHY = SOFT for realtime_dma_bd_i/axi_smc_mem/inst/m00_nodes/m00_aw_node/inst/inst_mi_handler/\gen_normal_area.gen_node_prog_full.inst_node_prog_full /\gen_xpm_memory_fifo.inst_fifo /\gen_mem_rep[0].inst_xpm_memory . (constraint file  auto generated constraint).
Applied set_property KEEP_HIERARCHY = SOFT for realtime_dma_bd_i/axi_smc_mem/inst/m00_nodes/m00_w_node/inst/inst_mi_handler/\gen_normal_area.gen_node_prog_full.inst_node_prog_full /\gen_xpm_memory_fifo.inst_fifo /\gen_mem_rep[0].inst_xpm_memory . (constraint file  auto generated constraint).
Applied set_property KEEP_HIERARCHY = SOFT for realtime_dma_bd_i/axi_smc_mem/inst/s00_nodes/s00_r_node/inst/inst_mi_handler/\gen_normal_area.gen_node_prog_full.inst_node_prog_full /\gen_xpm_memory_fifo.inst_fifo /\gen_mem_rep[0].inst_xpm_memory . (constraint file  auto generated constraint).
Applied set_property KEEP_HIERARCHY = SOFT for realtime_dma_bd_i/axi_smc_mem/inst/s01_nodes/s01_b_node/inst/inst_mi_handler/\gen_normal_area.gen_node_prog_full.inst_node_prog_full /\gen_xpm_memory_fifo.inst_fifo /\gen_mem_rep[0].inst_xpm_memory . (constraint file  auto generated constraint).
Applied set_property KEEP_HIERARCHY = SOFT for realtime_dma_bd_i/axi_smc_mem/inst/s02_nodes/s02_r_node/inst/inst_mi_handler/\gen_normal_area.gen_node_prog_full.inst_node_prog_full /\gen_xpm_memory_fifo.inst_fifo /\gen_mem_rep[0].inst_xpm_memory . (constraint file  auto generated constraint).
Applied set_property KEEP_HIERARCHY = SOFT for realtime_dma_bd_i/axi_smc_mem/inst/s03_nodes/s03_r_node/inst/inst_mi_handler/\gen_normal_area.gen_node_prog_full.inst_node_prog_full /\gen_xpm_memory_fifo.inst_fifo /\gen_mem_rep[0].inst_xpm_memory . (constraint file  auto generated constraint).
Applied set_property KEEP_HIERARCHY = SOFT for realtime_dma_bd_i/axi_smc_mem/inst/m00_nodes/m00_ar_node/inst/inst_mi_handler/\gen_normal_area.inst_fifo_node_payld /\gen_xpm_memory_fifo.inst_fifo /\gen_mem_rep[0].inst_xpm_memory . (constraint file  auto generated constraint).
Applied set_property KEEP_HIERARCHY = SOFT for realtime_dma_bd_i/axi_smc_mem/inst/m00_nodes/m00_aw_node/inst/inst_mi_handler/\gen_normal_area.inst_fifo_node_payld /\gen_xpm_memory_fifo.inst_fifo /\gen_mem_rep[0].inst_xpm_memory . (constraint file  auto generated constraint).
Applied set_property KEEP_HIERARCHY = SOFT for realtime_dma_bd_i/axi_smc_mem/inst/m00_nodes/m00_b_node/inst/inst_mi_handler/\gen_normal_area.gen_fifo_req.inst_fifo_req /\gen_xpm_memory_fifo.inst_fifo /\gen_mem_rep[0].inst_xpm_memory . (constraint file  auto generated constraint).
Applied set_property KEEP_HIERARCHY = SOFT for realtime_dma_bd_i/axi_smc_mem/inst/m00_nodes/m00_r_node/inst/inst_mi_handler/\gen_normal_area.gen_fifo_req.inst_fifo_req /\gen_xpm_memory_fifo.inst_fifo /\gen_mem_rep[0].inst_xpm_memory . (constraint file  auto generated constraint).
Applied set_property KEEP_HIERARCHY = SOFT for realtime_dma_bd_i/axi_smc_mem/inst/m00_nodes/m00_b_node/inst/inst_mi_handler/\gen_normal_area.inst_fifo_node_payld /\gen_xpm_memory_fifo.inst_fifo /\gen_mem_rep[0].inst_xpm_memory . (constraint file  auto generated constraint).
Applied set_property KEEP_HIERARCHY = SOFT for realtime_dma_bd_i/axi_smc_mem/inst/m00_nodes/m00_r_node/inst/inst_mi_handler/\gen_normal_area.inst_fifo_node_payld /\gen_xpm_memory_fifo.inst_fifo /\gen_mem_rep[0].inst_xpm_memory . (constraint file  auto generated constraint).
Applied set_property KEEP_HIERARCHY = SOFT for realtime_dma_bd_i/axi_smc_mem/inst/m00_nodes/m00_r_node/inst/inst_mi_handler/\gen_normal_area.inst_fifo_node_payld /\gen_xpm_memory_fifo.inst_fifo /\gen_mem_rep[1].inst_xpm_memory . (constraint file  auto generated constraint).
Applied set_property KEEP_HIERARCHY = SOFT for realtime_dma_bd_i/axi_smc_mem/inst/m00_nodes/m00_w_node/inst/inst_mi_handler/\gen_normal_area.inst_fifo_node_payld /\gen_xpm_memory_fifo.inst_fifo /\gen_mem_rep[0].inst_xpm_memory . (constraint file  auto generated constraint).
Applied set_property KEEP_HIERARCHY = SOFT for realtime_dma_bd_i/axi_smc_mem/inst/m00_nodes/m00_w_node/inst/inst_mi_handler/\gen_normal_area.inst_fifo_node_payld /\gen_xpm_memory_fifo.inst_fifo /\gen_mem_rep[1].inst_xpm_memory . (constraint file  auto generated constraint).
Applied set_property KEEP_HIERARCHY = SOFT for realtime_dma_bd_i/axi_smc_mem/inst/m00_nodes/m00_w_node/inst/inst_si_handler/\gen_si_handler.gen_request_fifos.gen_req_fifo[0].inst_req_fifo /\gen_xpm_memory_fifo.inst_fifo /\gen_mem_rep[0].inst_xpm_memory . (constraint file  auto generated constraint).
Applied set_property KEEP_HIERARCHY = SOFT for realtime_dma_bd_i/axi_smc_mem/inst/m00_nodes/m00_w_node/inst/inst_si_handler/\gen_si_handler.gen_request_fifos.gen_req_fifo[1].inst_req_fifo /\gen_xpm_memory_fifo.inst_fifo /\gen_mem_rep[0].inst_xpm_memory . (constraint file  auto generated constraint).
Applied set_property KEEP_HIERARCHY = SOFT for realtime_dma_bd_i/axi_smc_mem/inst/m00_nodes/m00_w_node/inst/inst_si_handler/\gen_si_handler.gen_request_fifos.gen_req_fifo[2].inst_req_fifo /\gen_xpm_memory_fifo.inst_fifo /\gen_mem_rep[0].inst_xpm_memory . (constraint file  auto generated constraint).
Applied set_property KEEP_HIERARCHY = SOFT for realtime_dma_bd_i/axi_smc_mem/inst/m00_nodes/m00_w_node/inst/inst_si_handler/\gen_si_handler.gen_request_fifos.gen_req_fifo[3].inst_req_fifo /\gen_xpm_memory_fifo.inst_fifo /\gen_mem_rep[0].inst_xpm_memory . (constraint file  auto generated constraint).
Applied set_property KEEP_HIERARCHY = SOFT for realtime_dma_bd_i/axi_smc_mem/inst/s00_nodes/s00_ar_node/inst/inst_mi_handler/\gen_normal_area.gen_fifo_req.inst_fifo_req /\gen_xpm_memory_fifo.inst_fifo /\gen_mem_rep[0].inst_xpm_memory . (constraint file  auto generated constraint).
Applied set_property KEEP_HIERARCHY = SOFT for realtime_dma_bd_i/axi_smc_mem/inst/s01_nodes/s01_aw_node/inst/inst_mi_handler/\gen_normal_area.gen_fifo_req.inst_fifo_req /\gen_xpm_memory_fifo.inst_fifo /\gen_mem_rep[0].inst_xpm_memory . (constraint file  auto generated constraint).
Applied set_property KEEP_HIERARCHY = SOFT for realtime_dma_bd_i/axi_smc_mem/inst/s01_nodes/s01_w_node/inst/inst_mi_handler/\gen_normal_area.gen_fifo_req.inst_fifo_req /\gen_xpm_memory_fifo.inst_fifo /\gen_mem_rep[0].inst_xpm_memory . (constraint file  auto generated constraint).
Applied set_property KEEP_HIERARCHY = SOFT for realtime_dma_bd_i/axi_smc_mem/inst/s02_nodes/s02_ar_node/inst/inst_mi_handler/\gen_normal_area.gen_fifo_req.inst_fifo_req /\gen_xpm_memory_fifo.inst_fifo /\gen_mem_rep[0].inst_xpm_memory . (constraint file  auto generated constraint).
Applied set_property KEEP_HIERARCHY = SOFT for realtime_dma_bd_i/axi_smc_mem/inst/s03_nodes/s03_ar_node/inst/inst_mi_handler/\gen_normal_area.gen_fifo_req.inst_fifo_req /\gen_xpm_memory_fifo.inst_fifo /\gen_mem_rep[0].inst_xpm_memory . (constraint file  auto generated constraint).
Applied set_property KEEP_HIERARCHY = SOFT for realtime_dma_bd_i/axi_smc_mem/inst/s00_nodes/s00_ar_node/inst/inst_mi_handler/\gen_normal_area.inst_fifo_node_payld /\gen_xpm_memory_fifo.inst_fifo /\gen_mem_rep[0].inst_xpm_memory . (constraint file  auto generated constraint).
Applied set_property KEEP_HIERARCHY = SOFT for realtime_dma_bd_i/axi_smc_mem/inst/s01_nodes/s01_aw_node/inst/inst_mi_handler/\gen_normal_area.inst_fifo_node_payld /\gen_xpm_memory_fifo.inst_fifo /\gen_mem_rep[0].inst_xpm_memory . (constraint file  auto generated constraint).
Applied set_property KEEP_HIERARCHY = SOFT for realtime_dma_bd_i/axi_smc_mem/inst/s02_nodes/s02_ar_node/inst/inst_mi_handler/\gen_normal_area.inst_fifo_node_payld /\gen_xpm_memory_fifo.inst_fifo /\gen_mem_rep[0].inst_xpm_memory . (constraint file  auto generated constraint).
Applied set_property KEEP_HIERARCHY = SOFT for realtime_dma_bd_i/axi_smc_mem/inst/s03_nodes/s03_ar_node/inst/inst_mi_handler/\gen_normal_area.inst_fifo_node_payld /\gen_xpm_memory_fifo.inst_fifo /\gen_mem_rep[0].inst_xpm_memory . (constraint file  auto generated constraint).
Applied set_property KEEP_HIERARCHY = SOFT for realtime_dma_bd_i/axi_smc_mem/inst/s00_nodes/s00_r_node/inst/inst_mi_handler/\gen_normal_area.inst_fifo_node_payld /\gen_xpm_memory_fifo.inst_fifo /\gen_mem_rep[0].inst_xpm_memory . (constraint file  auto generated constraint).
Applied set_property KEEP_HIERARCHY = SOFT for realtime_dma_bd_i/axi_smc_mem/inst/s02_nodes/s02_r_node/inst/inst_mi_handler/\gen_normal_area.inst_fifo_node_payld /\gen_xpm_memory_fifo.inst_fifo /\gen_mem_rep[0].inst_xpm_memory . (constraint file  auto generated constraint).
Applied set_property KEEP_HIERARCHY = SOFT for realtime_dma_bd_i/axi_smc_mem/inst/s00_nodes/s00_r_node/inst/inst_mi_handler/\gen_normal_area.inst_fifo_node_payld /\gen_xpm_memory_fifo.inst_fifo /\gen_mem_rep[1].inst_xpm_memory . (constraint file  auto generated constraint).
Applied set_property KEEP_HIERARCHY = SOFT for realtime_dma_bd_i/axi_smc_mem/inst/s02_nodes/s02_r_node/inst/inst_mi_handler/\gen_normal_area.inst_fifo_node_payld /\gen_xpm_memory_fifo.inst_fifo /\gen_mem_rep[1].inst_xpm_memory . (constraint file  auto generated constraint).
Applied set_property KEEP_HIERARCHY = SOFT for realtime_dma_bd_i/axi_smc_mem/inst/s01_nodes/s01_b_node/inst/inst_mi_handler/\gen_normal_area.inst_fifo_node_payld /\gen_xpm_memory_fifo.inst_fifo /\gen_mem_rep[0].inst_xpm_memory . (constraint file  auto generated constraint).
Applied set_property KEEP_HIERARCHY = SOFT for realtime_dma_bd_i/axi_smc_mem/inst/s01_nodes/s01_w_node/inst/inst_mi_handler/\gen_normal_area.inst_fifo_node_payld /\gen_xpm_memory_fifo.inst_fifo /\gen_mem_rep[0].inst_xpm_memory . (constraint file  auto generated constraint).
Applied set_property KEEP_HIERARCHY = SOFT for realtime_dma_bd_i/axi_smc_mem/inst/s01_nodes/s01_w_node/inst/inst_mi_handler/\gen_normal_area.inst_fifo_node_payld /\gen_xpm_memory_fifo.inst_fifo /\gen_mem_rep[1].inst_xpm_memory . (constraint file  auto generated constraint).
Applied set_property KEEP_HIERARCHY = SOFT for realtime_dma_bd_i/axi_smc_mem/inst/s03_nodes/s03_r_node/inst/inst_mi_handler/\gen_normal_area.inst_fifo_node_payld /\gen_xpm_memory_fifo.inst_fifo /\gen_mem_rep[0].inst_xpm_memory . (constraint file  auto generated constraint).
Applied set_property KEEP_HIERARCHY = SOFT for realtime_dma_bd_i/axi_smc_mem/inst/s03_nodes/s03_r_node/inst/inst_mi_handler/\gen_normal_area.inst_fifo_node_payld /\gen_xpm_memory_fifo.inst_fifo /\gen_mem_rep[1].inst_xpm_memory . (constraint file  auto generated constraint).
---------------------------------------------------------------------------------
Finished applying 'set_property' XDC Constraints : Time (s): cpu = 00:01:40 ; elapsed = 00:01:44 . Memory (MB): peak = 4317.875 ; gain = 3121.340
---------------------------------------------------------------------------------
INFO: [Synth 8-802] inferred FSM for state register 'smpl_cs_reg' in module 'axi_dma_smple_sm'
INFO: [Synth 8-802] inferred FSM for state register 'sig_pcc_sm_state_reg' in module 'axi_datamover_pcc'
INFO: [Synth 8-802] inferred FSM for state register 'gen_fwft.curr_fwft_state_reg' in module 'xpm_fifo_base'
INFO: [Synth 8-802] inferred FSM for state register 'sig_psm_state_reg' in module 'axi_datamover_ibttcc'
INFO: [Synth 8-802] inferred FSM for state register 'sig_csm_state_reg' in module 'axi_datamover_ibttcc'
INFO: [Synth 8-802] inferred FSM for state register 'sig_cmdcntl_sm_state_reg' in module 'axi_datamover_s2mm_realign'
INFO: [Synth 8-802] inferred FSM for state register 'gen_fwft.curr_fwft_state_reg' in module 'xpm_fifo_base__parameterized0'
INFO: [Synth 8-802] inferred FSM for state register 'gen_fwft.curr_fwft_state_reg' in module 'xpm_fifo_base__parameterized1'
INFO: [Synth 8-802] inferred FSM for state register 'gen_axi.gen_write.write_cs_reg' in module 'sc_mmu_v1_0_12_decerr_slave'
INFO: [Synth 8-802] inferred FSM for state register 'w_state_reg' in module 'sc_si_converter_v1_0_12_axilite_conv'
INFO: [Synth 8-802] inferred FSM for state register 'r_state_reg' in module 'sc_si_converter_v1_0_12_axilite_conv'
INFO: [Synth 8-4490] FSM extraction disabled for register 'gen_pipelined.state_reg' through user attribute
INFO: [Synth 8-4490] FSM extraction disabled for register 'gen_pipelined.state_reg' through user attribute
INFO: [Synth 8-4490] FSM extraction disabled for register 'gen_pipelined.state_reg' through user attribute
INFO: [Synth 8-4490] FSM extraction disabled for register 'gen_pipelined.state_reg' through user attribute
INFO: [Synth 8-4490] FSM extraction disabled for register 'gen_pipelined.state_reg' through user attribute
INFO: [Synth 8-4490] FSM extraction disabled for register 'gen_pipelined.state_reg' through user attribute
INFO: [Synth 8-4490] FSM extraction disabled for register 'gen_AB_reg_slice.state_reg' through user attribute
INFO: [Synth 8-802] inferred FSM for state register 'gen_axi.gen_write.write_cs_reg' in module 'sc_mmu_v1_0_12_decerr_slave__parameterized0'
INFO: [Synth 8-4490] FSM extraction disabled for register 'gen_pipelined.state_reg' through user attribute
INFO: [Synth 8-4490] FSM extraction disabled for register 'gen_AB_reg_slice.state_reg' through user attribute
INFO: [Synth 8-802] inferred FSM for state register 'gen_axi.gen_write.write_cs_reg' in module 'sc_mmu_v1_0_12_decerr_slave__parameterized1'
INFO: [Synth 8-4490] FSM extraction disabled for register 'ap_CS_fsm_reg' through user attribute
INFO: [Synth 8-4490] FSM extraction disabled for register 'ap_CS_fsm_reg' through user attribute
INFO: [Synth 8-4490] FSM extraction disabled for register 'ap_CS_fsm_reg' through user attribute
INFO: [Synth 8-4490] FSM extraction disabled for register 'ap_CS_fsm_reg' through user attribute
INFO: [Synth 8-4490] FSM extraction disabled for register 'ap_CS_fsm_reg' through user attribute
INFO: [Synth 8-4490] FSM extraction disabled for register 'ap_CS_fsm_reg' through user attribute
INFO: [Synth 8-4490] FSM extraction disabled for register 'ap_CS_fsm_reg' through user attribute
INFO: [Synth 8-4490] FSM extraction disabled for register 'ap_CS_fsm_reg' through user attribute
INFO: [Synth 8-4490] FSM extraction disabled for register 'ap_CS_fsm_reg' through user attribute
INFO: [Synth 8-4490] FSM extraction disabled for register 'ap_CS_fsm_reg' through user attribute
INFO: [Synth 8-4490] FSM extraction disabled for register 'ap_CS_fsm_reg' through user attribute
INFO: [Synth 8-4490] FSM extraction disabled for register 'ap_CS_fsm_reg' through user attribute
INFO: [Synth 8-4490] FSM extraction disabled for register 'ap_CS_fsm_reg' through user attribute
INFO: [Synth 8-4490] FSM extraction disabled for register 'ap_CS_fsm_reg' through user attribute
INFO: [Synth 8-4490] FSM extraction disabled for register 'ap_CS_fsm_reg' through user attribute
INFO: [Synth 8-4490] FSM extraction disabled for register 'ap_CS_fsm_reg' through user attribute
INFO: [Synth 8-4490] FSM extraction disabled for register 'ap_CS_fsm_reg' through user attribute
INFO: [Synth 8-4490] FSM extraction disabled for register 'ap_CS_fsm_reg' through user attribute
INFO: [Synth 8-4490] FSM extraction disabled for register 'ap_CS_fsm_reg' through user attribute
INFO: [Synth 8-802] inferred FSM for state register 'wstate_reg' in module 'SubbandRealtimeTopQ610Ip_control_s_axi'
INFO: [Synth 8-802] inferred FSM for state register 'rstate_reg' in module 'SubbandRealtimeTopQ610Ip_control_s_axi'
INFO: [Synth 8-802] inferred FSM for state register 'state_reg' in module 'SubbandRealtimeTopQ610Ip_weights_m_axi_reg_slice'
INFO: [Synth 8-802] inferred FSM for state register 'state_reg' in module 'SubbandRealtimeTopQ610Ip_weights_m_axi_reg_slice__parameterized0'
INFO: [Synth 8-802] inferred FSM for state register 'state_reg' in module 'SubbandRealtimeTopQ610Ip_weights_m_axi_reg_slice__parameterized1'
INFO: [Synth 8-802] inferred FSM for state register 'state_reg' in module 'SubbandRealtimeTopQ610Ip_weights_m_axi_reg_slice__parameterized2'
INFO: [Synth 8-4490] FSM extraction disabled for register 'ap_CS_fsm_reg' through user attribute
---------------------------------------------------------------------------------------------------
                   State |                     New Encoding |                Previous Encoding 
---------------------------------------------------------------------------------------------------
                    idle |                               00 |                               00
            execute_xfer |                               01 |                               01
             wait_status |                               10 |                               10
---------------------------------------------------------------------------------------------------
INFO: [Synth 8-3354] encoded FSM with state register 'smpl_cs_reg' using encoding 'sequential' in module 'axi_dma_smple_sm'
---------------------------------------------------------------------------------------------------
                   State |                     New Encoding |                Previous Encoding 
---------------------------------------------------------------------------------------------------
                    init |                         00000001 |                              000
            wait_for_cmd |                         00000010 |                              001
                  calc_1 |                         00000100 |                              010
                  calc_2 |                         00001000 |                              011
                  calc_3 |                         00010000 |                              100
       wait_on_xfer_push |                         00100000 |                              101
             chk_if_done |                         01000000 |                              110
              error_trap |                         10000000 |                              111
---------------------------------------------------------------------------------------------------
INFO: [Synth 8-3354] encoded FSM with state register 'sig_pcc_sm_state_reg' using encoding 'one-hot' in module 'axi_datamover_pcc'
INFO: [Synth 8-5775] Found 'rw_addr_collision' attribute set to 'no' on SDP RAM gen_wr_a.gen_word_narrow.mem_reg. Setting write mode to NO_CHANGE 
---------------------------------------------------------------------------------------------------
                   State |                     New Encoding |                Previous Encoding 
---------------------------------------------------------------------------------------------------
                 invalid |                               00 |                               00
            stage1_valid |                               01 |                               10
       both_stages_valid |                               10 |                               11
            stage2_valid |                               11 |                               01
---------------------------------------------------------------------------------------------------
INFO: [Synth 8-3354] encoded FSM with state register 'gen_fwft.curr_fwft_state_reg' using encoding 'sequential' in module 'xpm_fifo_base'
---------------------------------------------------------------------------------------------------
                   State |                     New Encoding |                Previous Encoding 
---------------------------------------------------------------------------------------------------
                 ch_init |                          0000001 |                              000
           wait_for_pcmd |                          0000010 |                              001
          ch_error_trap1 |                          0000100 |                              101
          ch_error_trap2 |                          0001000 |                              110
      ch_wait_for_sf_cmd |                          0010000 |                              010
         ch_ld_child_cmd |                          0100000 |                              011
          ch_chk_if_done |                          1000000 |                              100
---------------------------------------------------------------------------------------------------
INFO: [Synth 8-3354] encoded FSM with state register 'sig_csm_state_reg' using encoding 'one-hot' in module 'axi_datamover_ibttcc'
---------------------------------------------------------------------------------------------------
                   State |                     New Encoding |                Previous Encoding 
---------------------------------------------------------------------------------------------------
                  p_init |                              000 |                              000
          p_wait_for_cmd |                              001 |                              001
          p_ld_first_cmd |                              010 |                              010
          p_ld_child_cmd |                              011 |                              011
            p_error_trap |                              100 |                              111
           p_ld_last_cmd |                              101 |                              100
---------------------------------------------------------------------------------------------------
INFO: [Synth 8-3354] encoded FSM with state register 'sig_psm_state_reg' using encoding 'sequential' in module 'axi_datamover_ibttcc'
---------------------------------------------------------------------------------------------------
                   State |                     New Encoding |                Previous Encoding 
---------------------------------------------------------------------------------------------------
                    init |                              000 |                              000
    ld_dre_scatter_first |                              001 |                              001
           chk_pop_first |                              010 |                              010
   ld_dre_scatter_second |                              011 |                              011
              error_trap |                              100 |                              101
          chk_pop_second |                              101 |                              100
---------------------------------------------------------------------------------------------------
INFO: [Synth 8-3354] encoded FSM with state register 'sig_cmdcntl_sm_state_reg' using encoding 'sequential' in module 'axi_datamover_s2mm_realign'
---------------------------------------------------------------------------------------------------
                   State |                     New Encoding |                Previous Encoding 
---------------------------------------------------------------------------------------------------
                 invalid |                               00 |                               00
            stage1_valid |                               01 |                               10
       both_stages_valid |                               10 |                               11
            stage2_valid |                               11 |                               01
---------------------------------------------------------------------------------------------------
INFO: [Synth 8-3354] encoded FSM with state register 'gen_fwft.curr_fwft_state_reg' using encoding 'sequential' in module 'xpm_fifo_base__parameterized0'
INFO: [Synth 8-5775] Found 'rw_addr_collision' attribute set to 'no' on SDP RAM gen_wr_a.gen_word_narrow.mem_reg. Setting write mode to NO_CHANGE 
---------------------------------------------------------------------------------------------------
                   State |                     New Encoding |                Previous Encoding 
---------------------------------------------------------------------------------------------------
                 invalid |                               00 |                               00
            stage1_valid |                               01 |                               10
       both_stages_valid |                               10 |                               11
            stage2_valid |                               11 |                               01
---------------------------------------------------------------------------------------------------
INFO: [Synth 8-3354] encoded FSM with state register 'gen_fwft.curr_fwft_state_reg' using encoding 'sequential' in module 'xpm_fifo_base__parameterized1'
---------------------------------------------------------------------------------------------------
                   State |                     New Encoding |                Previous Encoding 
---------------------------------------------------------------------------------------------------
            P_WRITE_IDLE |                              001 |                               00
            P_WRITE_DATA |                              010 |                               01
            P_WRITE_RESP |                              100 |                               10
---------------------------------------------------------------------------------------------------
INFO: [Synth 8-3354] encoded FSM with state register 'gen_axi.gen_write.write_cs_reg' using encoding 'one-hot' in module 'sc_mmu_v1_0_12_decerr_slave'
---------------------------------------------------------------------------------------------------
                   State |                     New Encoding |                Previous Encoding 
---------------------------------------------------------------------------------------------------
                  W_IDLE |                              000 | 00000000000000000000000000000000
                    W_RX |                              001 | 00000000000000000000000000000001
                    W_TX |                              010 | 00000000000000000000000000000010
              W_COMPLETE |                              011 | 00000000000000000000000000000100
               W_RECOVER |                              100 | 00000000000000000000000000000011
---------------------------------------------------------------------------------------------------
INFO: [Synth 8-3354] encoded FSM with state register 'w_state_reg' using encoding 'sequential' in module 'sc_si_converter_v1_0_12_axilite_conv'
---------------------------------------------------------------------------------------------------
                   State |                     New Encoding |                Previous Encoding 
---------------------------------------------------------------------------------------------------
                  R_IDLE |                               00 | 00000000000000000000000000000000
               R_PENDING |                               01 | 00000000000000000000000000000001
                    R_RX |                               10 | 00000000000000000000000000000010
                    R_TX |                               11 | 00000000000000000000000000000011
---------------------------------------------------------------------------------------------------
INFO: [Synth 8-3354] encoded FSM with state register 'r_state_reg' using encoding 'sequential' in module 'sc_si_converter_v1_0_12_axilite_conv'
---------------------------------------------------------------------------------------------------
                   State |                     New Encoding |                Previous Encoding 
---------------------------------------------------------------------------------------------------
            P_WRITE_IDLE |                              001 |                               00
            P_WRITE_DATA |                              010 |                               01
            P_WRITE_RESP |                              100 |                               10
---------------------------------------------------------------------------------------------------
INFO: [Synth 8-3354] encoded FSM with state register 'gen_axi.gen_write.write_cs_reg' using encoding 'one-hot' in module 'sc_mmu_v1_0_12_decerr_slave__parameterized0'
---------------------------------------------------------------------------------------------------
                   State |                     New Encoding |                Previous Encoding 
---------------------------------------------------------------------------------------------------
            P_WRITE_IDLE |                              001 |                               00
            P_WRITE_DATA |                              010 |                               01
            P_WRITE_RESP |                              100 |                               10
---------------------------------------------------------------------------------------------------
INFO: [Synth 8-3354] encoded FSM with state register 'gen_axi.gen_write.write_cs_reg' using encoding 'one-hot' in module 'sc_mmu_v1_0_12_decerr_slave__parameterized1'
INFO: [Synth 8-3971] The signal "SubbandRealtimeTopQ610Ip_p_anonymous_namespace_RunRealtimeBandQ610_RunSubbandRealtimeTopCoreQ610_streasc4:/ram_reg" was recognized as a true dual port RAM template.
INFO: [Synth 8-3971] The signal "SubbandRealtimeTopQ610Ip_p_anonymous_namespace_RunRealtimeGSULayersSharedBandQ610_RunSubbandRealtimeTohbi:/ram_reg" was recognized as a true dual port RAM template.
INFO: [Synth 8-3971] The signal "SubbandRealtimeTopQ610Ip_p_anonymous_namespace_RunRealtimeGSULayersSharedBandQ610_RunSubbandRealtimeTojbC:/ram_reg" was recognized as a true dual port RAM template.
---------------------------------------------------------------------------------------------------
                   State |                     New Encoding |                Previous Encoding 
---------------------------------------------------------------------------------------------------
                  iSTATE |                             0001 |                               11
*
                  WRIDLE |                             0010 |                               00
                  WRDATA |                             0100 |                               01
                  WRRESP |                             1000 |                               10
---------------------------------------------------------------------------------------------------
INFO: [Synth 8-3354] encoded FSM with state register 'wstate_reg' using encoding 'one-hot' in module 'SubbandRealtimeTopQ610Ip_control_s_axi'
---------------------------------------------------------------------------------------------------
                   State |                     New Encoding |                Previous Encoding 
---------------------------------------------------------------------------------------------------
                  iSTATE |                              001 |                               10
*
                  RDIDLE |                              010 |                               00
                  RDDATA |                              100 |                               01
---------------------------------------------------------------------------------------------------
INFO: [Synth 8-3354] encoded FSM with state register 'rstate_reg' using encoding 'one-hot' in module 'SubbandRealtimeTopQ610Ip_control_s_axi'
---------------------------------------------------------------------------------------------------
                   State |                     New Encoding |                Previous Encoding 
---------------------------------------------------------------------------------------------------
                    ZERO |                               00 |                               10
                     ONE |                               10 |                               11
                     TWO |                               01 |                               01
---------------------------------------------------------------------------------------------------
INFO: [Synth 8-3354] encoded FSM with state register 'state_reg' using encoding 'sequential' in module 'SubbandRealtimeTopQ610Ip_weights_m_axi_reg_slice'
---------------------------------------------------------------------------------------------------
                   State |                     New Encoding |                Previous Encoding 
---------------------------------------------------------------------------------------------------
                    ZERO |                               00 |                               10
                     ONE |                               10 |                               11
                     TWO |                               01 |                               01
---------------------------------------------------------------------------------------------------
INFO: [Synth 8-3354] encoded FSM with state register 'state_reg' using encoding 'sequential' in module 'SubbandRealtimeTopQ610Ip_weights_m_axi_reg_slice__parameterized0'
---------------------------------------------------------------------------------------------------
                   State |                     New Encoding |                Previous Encoding 
---------------------------------------------------------------------------------------------------
                    ZERO |                               00 |                               10
                     ONE |                               10 |                               11
                     TWO |                               01 |                               01
---------------------------------------------------------------------------------------------------
INFO: [Synth 8-3354] encoded FSM with state register 'state_reg' using encoding 'sequential' in module 'SubbandRealtimeTopQ610Ip_weights_m_axi_reg_slice__parameterized1'
---------------------------------------------------------------------------------------------------
                   State |                     New Encoding |                Previous Encoding 
---------------------------------------------------------------------------------------------------
                    ZERO |                               00 |                               10
                     ONE |                               10 |                               11
                     TWO |                               01 |                               01
---------------------------------------------------------------------------------------------------
INFO: [Synth 8-3354] encoded FSM with state register 'state_reg' using encoding 'sequential' in module 'SubbandRealtimeTopQ610Ip_weights_m_axi_reg_slice__parameterized2'
---------------------------------------------------------------------------------
Finished RTL Optimization Phase 2 : Time (s): cpu = 00:02:02 ; elapsed = 00:02:08 . Memory (MB): peak = 4317.875 ; gain = 3121.340
---------------------------------------------------------------------------------
INFO: [Synth 8-5775] Found 'rw_addr_collision' attribute set to 'no' on SDP RAM gen_wr_a.gen_word_narrow.mem_reg. Setting write mode to NO_CHANGE 
INFO: [Synth 8-5775] Found 'rw_addr_collision' attribute set to 'no' on SDP RAM gen_wr_a.gen_word_narrow.mem_reg. Setting write mode to NO_CHANGE 
INFO: [Synth 8-5775] Found 'rw_addr_collision' attribute set to 'no' on SDP RAM gen_wr_a.gen_word_narrow.mem_reg. Setting write mode to NO_CHANGE 
---------------------------------------------------------------------------------
Start RTL Component Statistics 
---------------------------------------------------------------------------------
Detailed RTL Component Info : 
+---Adders : 
	   2 Input   49 Bit       Adders := 8     
	   2 Input   48 Bit       Adders := 4     
	   2 Input   40 Bit       Adders := 2     
	   2 Input   39 Bit       Adders := 7     
	   2 Input   38 Bit       Adders := 10    
	   2 Input   37 Bit       Adders := 20    
	   2 Input   36 Bit       Adders := 40    
	   2 Input   35 Bit       Adders := 80    
	   2 Input   34 Bit       Adders := 1     
	   2 Input   32 Bit       Adders := 26    
	   3 Input   32 Bit       Adders := 5     
	   2 Input   31 Bit       Adders := 13    
	   2 Input   30 Bit       Adders := 1     
	   2 Input   27 Bit       Adders := 10    
	   2 Input   24 Bit       Adders := 4     
	   2 Input   22 Bit       Adders := 2     
	   2 Input   21 Bit       Adders := 4     
	   2 Input   20 Bit       Adders := 2     
	   2 Input   17 Bit       Adders := 4     
	   3 Input   17 Bit       Adders := 3     
	   2 Input   16 Bit       Adders := 17    
	   3 Input   16 Bit       Adders := 1     
	   2 Input   14 Bit       Adders := 6     
	   3 Input   14 Bit       Adders := 3     
	   2 Input   13 Bit       Adders := 4     
	   3 Input   13 Bit       Adders := 1     
	   2 Input   12 Bit       Adders := 18    
	   3 Input   12 Bit       Adders := 12    
	   4 Input   12 Bit       Adders := 1     
	   3 Input   11 Bit       Adders := 4     
	   2 Input   11 Bit       Adders := 6     
	   4 Input   11 Bit       Adders := 1     
	   2 Input   10 Bit       Adders := 9     
	   3 Input   10 Bit       Adders := 4     
	   4 Input   10 Bit       Adders := 2     
	   2 Input    9 Bit       Adders := 6     
	   3 Input    9 Bit       Adders := 1     
	   2 Input    8 Bit       Adders := 61    
	   3 Input    8 Bit       Adders := 4     
	   4 Input    8 Bit       Adders := 16    
	   2 Input    7 Bit       Adders := 15    
	   4 Input    7 Bit       Adders := 15    
	   3 Input    7 Bit       Adders := 3     
	   2 Input    6 Bit       Adders := 185   
	   2 Input    5 Bit       Adders := 34    
	   3 Input    5 Bit       Adders := 3     
	   4 Input    5 Bit       Adders := 4     
	   2 Input    4 Bit       Adders := 80    
	   3 Input    4 Bit       Adders := 3     
	   4 Input    4 Bit       Adders := 5     
	   2 Input    3 Bit       Adders := 49    
	   3 Input    3 Bit       Adders := 14    
	   2 Input    2 Bit       Adders := 33    
	   3 Input    2 Bit       Adders := 2     
	   4 Input    2 Bit       Adders := 4     
	   3 Input    1 Bit       Adders := 13    
	   2 Input    1 Bit       Adders := 11    
+---XORs : 
	   2 Input      1 Bit         XORs := 367   
+---Registers : 
	             2178 Bit    Registers := 78    
	              512 Bit    Registers := 12    
	              304 Bit    Registers := 1     
	              289 Bit    Registers := 1     
	              288 Bit    Registers := 1     
	              280 Bit    Registers := 4     
	              258 Bit    Registers := 1     
	              257 Bit    Registers := 2     
	              256 Bit    Registers := 17    
	              166 Bit    Registers := 2     
	              162 Bit    Registers := 2     
	              161 Bit    Registers := 2     
	              153 Bit    Registers := 3     
	              152 Bit    Registers := 2     
	              150 Bit    Registers := 4     
	              149 Bit    Registers := 2     
	              142 Bit    Registers := 6     
	              140 Bit    Registers := 2     
	               96 Bit    Registers := 2     
	               76 Bit    Registers := 1     
	               74 Bit    Registers := 1     
	               71 Bit    Registers := 3     
	               64 Bit    Registers := 18    
	               48 Bit    Registers := 16    
	               47 Bit    Registers := 4     
	               40 Bit    Registers := 7     
	               39 Bit    Registers := 12    
	               38 Bit    Registers := 12    
	               36 Bit    Registers := 40    
	               35 Bit    Registers := 1     
	               34 Bit    Registers := 161   
	               33 Bit    Registers := 4     
	               32 Bit    Registers := 43    
	               30 Bit    Registers := 1     
	               29 Bit    Registers := 4     
	               28 Bit    Registers := 2     
	               27 Bit    Registers := 20    
	               25 Bit    Registers := 1     
	               24 Bit    Registers := 4     
	               23 Bit    Registers := 4     
	               22 Bit    Registers := 2     
	               21 Bit    Registers := 13    
	               20 Bit    Registers := 4     
	               18 Bit    Registers := 167   
	               17 Bit    Registers := 2     
	               16 Bit    Registers := 2134  
	               14 Bit    Registers := 23    
	               13 Bit    Registers := 10    
	               12 Bit    Registers := 12    
	               11 Bit    Registers := 24    
	               10 Bit    Registers := 18    
	                9 Bit    Registers := 10    
	                8 Bit    Registers := 175   
	                7 Bit    Registers := 109   
	                6 Bit    Registers := 109   
	                5 Bit    Registers := 41    
	                4 Bit    Registers := 166   
	                3 Bit    Registers := 235   
	                2 Bit    Registers := 140   
	                1 Bit    Registers := 2585  
+---Multipliers : 
	              11x14  Multipliers := 2     
+---RAMs : 
	             672K Bit	(1344 X 512 bit)          RAMs := 1     
	             392K Bit	(784 X 512 bit)          RAMs := 4     
	              72K Bit	(4608 X 16 bit)          RAMs := 1     
	              56K Bit	(3584 X 16 bit)          RAMs := 4     
	              42K Bit	(2688 X 16 bit)          RAMs := 8     
	              16K Bit	(1024 X 16 bit)          RAMs := 2     
	               4K Bit	(15 X 288 bit)          RAMs := 1     
	               4K Bit	(128 X 39 bit)          RAMs := 2     
	               4K Bit	(128 X 38 bit)          RAMs := 1     
	               3K Bit	(224 X 16 bit)          RAMs := 2     
	               3K Bit	(15 X 258 bit)          RAMs := 1     
	               1K Bit	(112 X 16 bit)          RAMs := 4     
	              384 Bit	(24 X 16 bit)          RAMs := 8     
	              144 Bit	(16 X 9 bit)          RAMs := 1     
+---Muxes : 
	   2 Input 2178 Bit        Muxes := 39    
	   2 Input  512 Bit        Muxes := 4     
	   4 Input  304 Bit        Muxes := 1     
	   2 Input  280 Bit        Muxes := 4     
	   2 Input  257 Bit        Muxes := 1     
	   2 Input  256 Bit        Muxes := 6     
	   2 Input  153 Bit        Muxes := 3     
	   2 Input  150 Bit        Muxes := 8     
	   4 Input  142 Bit        Muxes := 2     
	   2 Input   96 Bit        Muxes := 1     
	   2 Input   64 Bit        Muxes := 10    
	   2 Input   57 Bit        Muxes := 1     
	   4 Input   57 Bit        Muxes := 1     
	   2 Input   56 Bit        Muxes := 4     
	   2 Input   47 Bit        Muxes := 1     
	   2 Input   40 Bit        Muxes := 2     
	   2 Input   39 Bit        Muxes := 4     
	   2 Input   33 Bit        Muxes := 1     
	   2 Input   32 Bit        Muxes := 42    
	   4 Input   32 Bit        Muxes := 2     
	   8 Input   32 Bit        Muxes := 1     
	   5 Input   32 Bit        Muxes := 1     
	   2 Input   30 Bit        Muxes := 1     
	   2 Input   27 Bit        Muxes := 10    
	   4 Input   24 Bit        Muxes := 2     
	   2 Input   24 Bit        Muxes := 4     
	   2 Input   23 Bit        Muxes := 6     
	   2 Input   22 Bit        Muxes := 2     
	   2 Input   21 Bit        Muxes := 4     
	   2 Input   20 Bit        Muxes := 4     
	   2 Input   19 Bit        Muxes := 1     
	   2 Input   18 Bit        Muxes := 1     
	   2 Input   16 Bit        Muxes := 987   
	   8 Input   16 Bit        Muxes := 160   
	   3 Input   16 Bit        Muxes := 4     
	   4 Input   16 Bit        Muxes := 2     
	   2 Input   14 Bit        Muxes := 8     
	  18 Input   14 Bit        Muxes := 2     
	   4 Input   14 Bit        Muxes := 4     
	   3 Input   14 Bit        Muxes := 1     
	   2 Input   13 Bit        Muxes := 6     
	   3 Input   13 Bit        Muxes := 1     
	  14 Input   13 Bit        Muxes := 1     
	   2 Input   12 Bit        Muxes := 20    
	   5 Input   12 Bit        Muxes := 1     
	   4 Input   12 Bit        Muxes := 3     
	   2 Input   11 Bit        Muxes := 11    
	   4 Input   11 Bit        Muxes := 1     
	   2 Input   10 Bit        Muxes := 10    
	   5 Input    9 Bit        Muxes := 1     
	   2 Input    9 Bit        Muxes := 11    
	   2 Input    8 Bit        Muxes := 88    
	   4 Input    8 Bit        Muxes := 3     
	   7 Input    8 Bit        Muxes := 4     
	   3 Input    8 Bit        Muxes := 2     
	   8 Input    8 Bit        Muxes := 2     
	   4 Input    7 Bit        Muxes := 1     
	   2 Input    7 Bit        Muxes := 104   
	   6 Input    7 Bit        Muxes := 2     
	   7 Input    7 Bit        Muxes := 1     
	   2 Input    6 Bit        Muxes := 40    
	   7 Input    6 Bit        Muxes := 1     
	   3 Input    6 Bit        Muxes := 2     
	   2 Input    5 Bit        Muxes := 30    
	   2 Input    4 Bit        Muxes := 75    
	   3 Input    4 Bit        Muxes := 3     
	   5 Input    4 Bit        Muxes := 3     
	   4 Input    4 Bit        Muxes := 11    
	   2 Input    3 Bit        Muxes := 87    
	   4 Input    3 Bit        Muxes := 28    
	   5 Input    3 Bit        Muxes := 5     
	  11 Input    3 Bit        Muxes := 19    
	   8 Input    3 Bit        Muxes := 161   
	   3 Input    3 Bit        Muxes := 3     
	   6 Input    3 Bit        Muxes := 2     
	   2 Input    2 Bit        Muxes := 476   
	   5 Input    2 Bit        Muxes := 2     
	   4 Input    2 Bit        Muxes := 54    
	   3 Input    2 Bit        Muxes := 22    
	   7 Input    2 Bit        Muxes := 7     
	   6 Input    1 Bit        Muxes := 253   
	   4 Input    1 Bit        Muxes := 122   
	  10 Input    1 Bit        Muxes := 117   
	   7 Input    1 Bit        Muxes := 81    
	   2 Input    1 Bit        Muxes := 1831  
	   3 Input    1 Bit        Muxes := 65    
	   5 Input    1 Bit        Muxes := 17    
	  12 Input    1 Bit        Muxes := 18    
	   8 Input    1 Bit        Muxes := 6     
---------------------------------------------------------------------------------
Finished RTL Component Statistics 
---------------------------------------------------------------------------------
---------------------------------------------------------------------------------
Start Part Resource Summary
---------------------------------------------------------------------------------
Part Resources:
DSPs: 220 (col length:60)
BRAMs: 280 (col length: RAMB18 60 RAMB36 30)
---------------------------------------------------------------------------------
Finished Part Resource Summary
---------------------------------------------------------------------------------
---------------------------------------------------------------------------------
Start Cross Boundary and Area Optimization
---------------------------------------------------------------------------------
INFO: [Synth 8-3971] The signal "realtime_dma_bd_i/subband_realtime_0/RunSubbandRealtimeTopCoreQ610_stream_stream_ap_uint_const_int_bool_stream_pr_1_U/ram_reg" was recognized as a true dual port RAM template.
INFO: [Synth 8-3971] The signal "realtime_dma_bd_i/subband_realtime_0/RunSubbandRealtimeTopCoreQ610_stream_stream_ap_uint_const_int_bool_stream_pr_2_U/ram_reg" was recognized as a true dual port RAM template.
INFO: [Synth 8-3971] The signal "realtime_dma_bd_i/subband_realtime_0/RunSubbandRealtimeTopCoreQ610_stream_stream_ap_uint_const_int_bool_stream_pr_3_U/ram_reg" was recognized as a true dual port RAM template.
INFO: [Synth 8-3971] The signal "realtime_dma_bd_i/subband_realtime_0/RunSubbandRealtimeTopCoreQ610_stream_stream_ap_uint_const_int_bool_stream_pr_4_U/ram_reg" was recognized as a true dual port RAM template.
INFO: [Synth 8-3971] The signal "realtime_dma_bd_i/subband_realtime_0/RunSubbandRealtimeTopCoreQ610_stream_stream_ap_uint_const_int_bool_stream_pr_5_U/ram_reg" was recognized as a true dual port RAM template.
INFO: [Synth 8-3971] The signal "realtime_dma_bd_i/subband_realtime_0/RunSubbandRealtimeTopCoreQ610_stream_stream_ap_uint_const_int_bool_stream_pr_6_U/ram_reg" was recognized as a true dual port RAM template.
INFO: [Synth 8-3971] The signal "realtime_dma_bd_i/subband_realtime_0/RunSubbandRealtimeTopCoreQ610_stream_stream_ap_uint_const_int_bool_stream_pr_7_U/ram_reg" was recognized as a true dual port RAM template.
INFO: [Synth 8-3971] The signal "realtime_dma_bd_i/subband_realtime_0/RunSubbandRealtimeTopCoreQ610_stream_stream_ap_uint_const_int_bool_stream_pr_8_U/ram_reg" was recognized as a true dual port RAM template.
INFO: [Synth 8-5784] Optimized 288 bits of RAM "store_unit/buff_wdata/U_fifo_mem/mem_reg" due to constant propagation. Old ram width 288 bits, new ram width 0 bits.
WARNING: [Synth 8-5785] Removed RAM "store_unit/buff_wdata/U_fifo_mem/mem_reg" due to constant propagation. Write data stuck at zero 
WARNING: [Synth 8-3332] Sequential element (bus_write/wreq_burst_conv/rs_req/FSM_sequential_state_reg[1]) is unused and will be removed from module SubbandRealtimeTopQ610Ip_weights_m_axi.
WARNING: [Synth 8-3332] Sequential element (bus_write/wreq_burst_conv/rs_req/FSM_sequential_state_reg[0]) is unused and will be removed from module SubbandRealtimeTopQ610Ip_weights_m_axi.
WARNING: [Synth 8-3332] Sequential element (bus_write/wreq_throttle/rs_req/FSM_sequential_state_reg[1]) is unused and will be removed from module SubbandRealtimeTopQ610Ip_weights_m_axi.
WARNING: [Synth 8-3332] Sequential element (bus_write/wreq_throttle/rs_req/FSM_sequential_state_reg[0]) is unused and will be removed from module SubbandRealtimeTopQ610Ip_weights_m_axi.
WARNING: [Synth 8-3332] Sequential element (bus_write/rs_resp/FSM_sequential_state_reg[1]) is unused and will be removed from module SubbandRealtimeTopQ610Ip_weights_m_axi.
WARNING: [Synth 8-3332] Sequential element (bus_write/rs_resp/FSM_sequential_state_reg[0]) is unused and will be removed from module SubbandRealtimeTopQ610Ip_weights_m_axi.
INFO: [Common 17-14] Message 'Synth 8-7129' appears 100 times and further instances of the messages will be disabled. Use the Tcl command set_msg_config to change the current settings.
INFO: [Synth 8-3886] merging instance 's01_nodes/s01_w_node/inst/inst_mi_handler/gen_normal_area.gen_upsizer.inst_upsizer/inst_upsizer_target_pipeline/gen_pipe[1].pipe_reg[1][17]' (FDRE) to 's01_nodes/s01_w_node/inst/inst_mi_handler/gen_normal_area.gen_upsizer.inst_upsizer/inst_upsizer_target_pipeline/gen_pipe[1].pipe_reg[1][5]'
INFO: [Synth 8-3886] merging instance 's01_nodes/s01_w_node/inst/inst_mi_handler/gen_normal_area.gen_upsizer.inst_upsizer/inst_upsizer_target_pipeline/gen_pipe[1].pipe_reg[1][16]' (FDRE) to 's01_nodes/s01_w_node/inst/inst_mi_handler/gen_normal_area.gen_upsizer.inst_upsizer/inst_upsizer_target_pipeline/gen_pipe[1].pipe_reg[1][5]'
INFO: [Synth 8-3886] merging instance 's01_nodes/s01_w_node/inst/inst_mi_handler/gen_normal_area.gen_upsizer.inst_upsizer/inst_upsizer_target_pipeline/gen_pipe[1].pipe_reg[1][15]' (FDRE) to 's01_nodes/s01_w_node/inst/inst_mi_handler/gen_normal_area.gen_upsizer.inst_upsizer/inst_upsizer_target_pipeline/gen_pipe[1].pipe_reg[1][5]'
INFO: [Synth 8-3886] merging instance 's01_nodes/s01_w_node/inst/inst_mi_handler/gen_normal_area.gen_upsizer.inst_upsizer/inst_upsizer_target_pipeline/gen_pipe[1].pipe_reg[1][14]' (FDRE) to 's01_nodes/s01_w_node/inst/inst_mi_handler/gen_normal_area.gen_upsizer.inst_upsizer/inst_upsizer_target_pipeline/gen_pipe[1].pipe_reg[1][5]'
INFO: [Synth 8-3886] merging instance 's01_nodes/s01_w_node/inst/inst_mi_handler/gen_normal_area.gen_upsizer.inst_upsizer/inst_upsizer_target_pipeline/gen_pipe[1].pipe_reg[1][13]' (FDRE) to 's01_nodes/s01_w_node/inst/inst_mi_handler/gen_normal_area.gen_upsizer.inst_upsizer/inst_upsizer_target_pipeline/gen_pipe[1].pipe_reg[1][5]'
INFO: [Synth 8-3886] merging instance 's01_nodes/s01_w_node/inst/inst_mi_handler/gen_normal_area.gen_upsizer.inst_upsizer/inst_upsizer_target_pipeline/gen_pipe[1].pipe_reg[1][12]' (FDRE) to 's01_nodes/s01_w_node/inst/inst_mi_handler/gen_normal_area.gen_upsizer.inst_upsizer/inst_upsizer_target_pipeline/gen_pipe[1].pipe_reg[1][5]'
INFO: [Synth 8-3886] merging instance 's01_nodes/s01_w_node/inst/inst_mi_handler/gen_normal_area.gen_upsizer.inst_upsizer/inst_upsizer_target_pipeline/gen_pipe[1].pipe_reg[1][10]' (FDRE) to 's01_nodes/s01_w_node/inst/inst_mi_handler/gen_normal_area.gen_upsizer.inst_upsizer/inst_upsizer_target_pipeline/gen_pipe[1].pipe_reg[1][5]'
INFO: [Synth 8-3886] merging instance 's01_nodes/s01_w_node/inst/inst_mi_handler/gen_normal_area.gen_upsizer.inst_upsizer/inst_upsizer_target_pipeline/gen_pipe[1].pipe_reg[1][9]' (FDRE) to 's01_nodes/s01_w_node/inst/inst_mi_handler/gen_normal_area.gen_upsizer.inst_upsizer/inst_upsizer_target_pipeline/gen_pipe[1].pipe_reg[1][5]'
INFO: [Synth 8-3886] merging instance 's01_nodes/s01_w_node/inst/inst_mi_handler/gen_normal_area.gen_upsizer.inst_upsizer/inst_upsizer_target_pipeline/gen_pipe[1].pipe_reg[1][8]' (FDRE) to 's01_nodes/s01_w_node/inst/inst_mi_handler/gen_normal_area.gen_upsizer.inst_upsizer/inst_upsizer_target_pipeline/gen_pipe[1].pipe_reg[1][5]'
INFO: [Synth 8-3886] merging instance 's01_nodes/s01_w_node/inst/inst_mi_handler/gen_normal_area.gen_upsizer.inst_upsizer/inst_upsizer_target_pipeline/gen_pipe[1].pipe_reg[1][7]' (FDRE) to 's01_nodes/s01_w_node/inst/inst_mi_handler/gen_normal_area.gen_upsizer.inst_upsizer/inst_upsizer_target_pipeline/gen_pipe[1].pipe_reg[1][5]'
INFO: [Synth 8-3886] merging instance 's01_nodes/s01_w_node/inst/inst_mi_handler/gen_normal_area.gen_upsizer.inst_upsizer/inst_upsizer_target_pipeline/gen_pipe[1].pipe_reg[1][6]' (FDRE) to 's01_nodes/s01_w_node/inst/inst_mi_handler/gen_normal_area.gen_upsizer.inst_upsizer/inst_upsizer_target_pipeline/gen_pipe[1].pipe_reg[1][5]'
INFO: [Synth 8-3886] merging instance 's01_nodes/s01_w_node/inst/inst_mi_handler/gen_normal_area.gen_upsizer.inst_upsizer/inst_upsizer_target_pipeline/gen_pipe[1].pipe_reg[1][5]' (FDRE) to 's01_nodes/s01_w_node/inst/inst_mi_handler/gen_normal_area.gen_upsizer.inst_upsizer/inst_upsizer_target_pipeline/gen_pipe[1].pipe_reg[1][2]'
INFO: [Synth 8-3333] propagating constant 0 across sequential element (\s01_nodes/s01_w_node/inst /\inst_mi_handler/gen_normal_area.gen_upsizer.inst_upsizer/inst_upsizer_target_pipeline/gen_pipe[1].pipe_reg[1][2] )
INFO: [Synth 8-3333] propagating constant 0 across sequential element (\m00_nodes/m00_w_node/inst /\inst_si_handler/gen_si_handler.gen_request_fifos.gen_req_fifo[0].inst_req_fifo/gen_xpm_memory_fifo.inst_fifo/gen_mem_rep[0].inst_wr_addra/count_r_reg[0] )
INFO: [Synth 8-3333] propagating constant 0 across sequential element (\m00_nodes/m00_w_node/inst /\inst_si_handler/gen_si_handler.gen_request_fifos.gen_req_fifo[0].inst_req_fifo/gen_xpm_memory_fifo.inst_fifo/gen_mem_rep[0].inst_wr_addra/count_r_reg[1] )
INFO: [Synth 8-3333] propagating constant 0 across sequential element (\m00_nodes/m00_w_node/inst /\inst_si_handler/gen_si_handler.gen_request_fifos.gen_req_fifo[0].inst_req_fifo/gen_xpm_memory_fifo.inst_fifo/gen_mem_rep[0].inst_wr_addra/count_r_reg[2] )
INFO: [Synth 8-3333] propagating constant 0 across sequential element (\m00_nodes/m00_w_node/inst /\inst_si_handler/gen_si_handler.gen_request_fifos.gen_req_fifo[0].inst_req_fifo/gen_xpm_memory_fifo.inst_fifo/gen_mem_rep[0].inst_rd_addrb/count_r_reg[0] )
INFO: [Synth 8-3333] propagating constant 0 across sequential element (\m00_nodes/m00_w_node/inst /\inst_si_handler/gen_si_handler.gen_request_fifos.gen_req_fifo[0].inst_req_fifo/gen_xpm_memory_fifo.inst_fifo/gen_mem_rep[0].inst_rd_addrb/count_r_reg[1] )
INFO: [Synth 8-3333] propagating constant 0 across sequential element (\m00_nodes/m00_w_node/inst /\inst_si_handler/gen_si_handler.gen_request_fifos.gen_req_fifo[0].inst_req_fifo/gen_xpm_memory_fifo.inst_fifo/gen_mem_rep[0].inst_rd_addrb/count_r_reg[2] )
INFO: [Synth 8-3333] propagating constant 0 across sequential element (\m00_nodes/m00_w_node/inst /\inst_si_handler/gen_si_handler.gen_request_fifos.gen_req_fifo[2].inst_req_fifo/gen_xpm_memory_fifo.inst_fifo/gen_mem_rep[0].inst_wr_addra/count_r_reg[0] )
INFO: [Synth 8-3333] propagating constant 0 across sequential element (\m00_nodes/m00_w_node/inst /\inst_si_handler/gen_si_handler.gen_request_fifos.gen_req_fifo[2].inst_req_fifo/gen_xpm_memory_fifo.inst_fifo/gen_mem_rep[0].inst_wr_addra/count_r_reg[1] )
INFO: [Synth 8-3333] propagating constant 0 across sequential element (\m00_nodes/m00_w_node/inst /\inst_si_handler/gen_si_handler.gen_request_fifos.gen_req_fifo[2].inst_req_fifo/gen_xpm_memory_fifo.inst_fifo/gen_mem_rep[0].inst_wr_addra/count_r_reg[2] )
INFO: [Synth 8-3333] propagating constant 0 across sequential element (\m00_nodes/m00_w_node/inst /\inst_si_handler/gen_si_handler.gen_request_fifos.gen_req_fifo[2].inst_req_fifo/gen_xpm_memory_fifo.inst_fifo/gen_mem_rep[0].inst_rd_addrb/count_r_reg[0] )
INFO: [Synth 8-3333] propagating constant 0 across sequential element (\m00_nodes/m00_w_node/inst /\inst_si_handler/gen_si_handler.gen_request_fifos.gen_req_fifo[2].inst_req_fifo/gen_xpm_memory_fifo.inst_fifo/gen_mem_rep[0].inst_rd_addrb/count_r_reg[1] )
INFO: [Synth 8-3333] propagating constant 0 across sequential element (\m00_nodes/m00_w_node/inst /\inst_si_handler/gen_si_handler.gen_request_fifos.gen_req_fifo[2].inst_req_fifo/gen_xpm_memory_fifo.inst_fifo/gen_mem_rep[0].inst_rd_addrb/count_r_reg[2] )
INFO: [Synth 8-3333] propagating constant 0 across sequential element (\m00_nodes/m00_w_node/inst /\inst_si_handler/gen_si_handler.gen_request_fifos.gen_req_fifo[3].inst_req_fifo/gen_xpm_memory_fifo.inst_fifo/gen_mem_rep[0].inst_wr_addra/count_r_reg[0] )
INFO: [Synth 8-3333] propagating constant 0 across sequential element (\m00_nodes/m00_w_node/inst /\inst_si_handler/gen_si_handler.gen_request_fifos.gen_req_fifo[3].inst_req_fifo/gen_xpm_memory_fifo.inst_fifo/gen_mem_rep[0].inst_wr_addra/count_r_reg[1] )
INFO: [Synth 8-3333] propagating constant 0 across sequential element (\m00_nodes/m00_w_node/inst /\inst_si_handler/gen_si_handler.gen_request_fifos.gen_req_fifo[3].inst_req_fifo/gen_xpm_memory_fifo.inst_fifo/gen_mem_rep[0].inst_wr_addra/count_r_reg[2] )
INFO: [Synth 8-3333] propagating constant 0 across sequential element (\m00_nodes/m00_w_node/inst /\inst_si_handler/gen_si_handler.gen_request_fifos.gen_req_fifo[3].inst_req_fifo/gen_xpm_memory_fifo.inst_fifo/gen_mem_rep[0].inst_rd_addrb/count_r_reg[0] )
INFO: [Synth 8-3333] propagating constant 0 across sequential element (\m00_nodes/m00_w_node/inst /\inst_si_handler/gen_si_handler.gen_request_fifos.gen_req_fifo[3].inst_req_fifo/gen_xpm_memory_fifo.inst_fifo/gen_mem_rep[0].inst_rd_addrb/count_r_reg[1] )
INFO: [Synth 8-3333] propagating constant 0 across sequential element (\m00_nodes/m00_w_node/inst /\inst_si_handler/gen_si_handler.gen_request_fifos.gen_req_fifo[3].inst_req_fifo/gen_xpm_memory_fifo.inst_fifo/gen_mem_rep[0].inst_rd_addrb/count_r_reg[2] )
INFO: [Synth 8-3886] merging instance 's01_nodes/s01_w_node/inst/inst_mi_handler/gen_normal_area.gen_upsizer.inst_upsizer/gen_w_ch.post_upsize_ratio_reg[2]' (FDRE) to 's01_nodes/s01_w_node/inst/inst_mi_handler/gen_normal_area.gen_upsizer.inst_upsizer/gen_w_ch.post_upsize_ratio_reg[1]'
INFO: [Synth 8-3886] merging instance 's01_nodes/s01_w_node/inst/inst_mi_handler/gen_normal_area.gen_upsizer.inst_upsizer/gen_w_ch.post_upsize_ratio_reg[3]' (FDSE) to 's01_nodes/s01_w_node/inst/inst_mi_handler/gen_normal_area.gen_upsizer.inst_upsizer/gen_w_ch.post_pntr_shift_reg[1]'
INFO: [Synth 8-3886] merging instance 's01_nodes/s01_w_node/inst/inst_mi_handler/gen_normal_area.gen_upsizer.inst_upsizer/gen_w_ch.post_upsize_ratio_reg[1]' (FDRE) to 's01_nodes/s01_w_node/inst/inst_mi_handler/gen_normal_area.gen_upsizer.inst_upsizer/gen_w_ch.post_upsize_ratio_reg[0]'
INFO: [Synth 8-3886] merging instance 's01_nodes/s01_w_node/inst/inst_mi_handler/gen_normal_area.gen_upsizer.inst_upsizer/gen_w_ch.post_upsize_ratio_reg[0]' (FDRE) to 's01_nodes/s01_w_node/inst/inst_mi_handler/gen_normal_area.gen_upsizer.inst_upsizer/gen_w_ch.post_pntr_shift_reg[7]'
INFO: [Synth 8-3886] merging instance 's01_nodes/s01_w_node/inst/inst_mi_handler/gen_normal_area.gen_upsizer.inst_upsizer/gen_w_ch.post_pntr_mask_reg[1]' (FDSE) to 's01_nodes/s01_w_node/inst/inst_mi_handler/gen_normal_area.gen_upsizer.inst_upsizer/gen_w_ch.post_pntr_shift_reg[1]'
INFO: [Synth 8-3886] merging instance 's01_nodes/s01_w_node/inst/inst_mi_handler/gen_normal_area.gen_upsizer.inst_upsizer/gen_w_ch.post_pntr_mask_reg[2]' (FDSE) to 's01_nodes/s01_w_node/inst/inst_mi_handler/gen_normal_area.gen_upsizer.inst_upsizer/gen_w_ch.post_pntr_shift_reg[1]'
INFO: [Synth 8-3886] merging instance 's01_nodes/s01_w_node/inst/inst_mi_handler/gen_normal_area.gen_upsizer.inst_upsizer/gen_w_ch.post_pntr_mask_reg[0]' (FDSE) to 's01_nodes/s01_w_node/inst/inst_mi_handler/gen_normal_area.gen_upsizer.inst_upsizer/gen_w_ch.post_pntr_shift_reg[1]'
INFO: [Synth 8-3886] merging instance 's01_nodes/s01_w_node/inst/inst_mi_handler/gen_normal_area.gen_upsizer.inst_upsizer/gen_w_ch.post_pntr_shift_reg[7]' (FDRE) to 's01_nodes/s01_w_node/inst/inst_mi_handler/gen_normal_area.gen_upsizer.inst_upsizer/gen_w_ch.post_pntr_shift_reg[6]'
INFO: [Synth 8-3886] merging instance 's01_nodes/s01_w_node/inst/inst_mi_handler/gen_normal_area.gen_upsizer.inst_upsizer/gen_w_ch.post_pntr_shift_reg[6]' (FDRE) to 's01_nodes/s01_w_node/inst/inst_mi_handler/gen_normal_area.gen_upsizer.inst_upsizer/gen_w_ch.post_pntr_shift_reg[5]'
INFO: [Synth 8-3886] merging instance 's01_nodes/s01_w_node/inst/inst_mi_handler/gen_normal_area.gen_upsizer.inst_upsizer/gen_w_ch.post_pntr_shift_reg[5]' (FDRE) to 's01_nodes/s01_w_node/inst/inst_mi_handler/gen_normal_area.gen_upsizer.inst_upsizer/gen_w_ch.post_pntr_shift_reg[4]'
INFO: [Synth 8-3886] merging instance 's01_nodes/s01_w_node/inst/inst_mi_handler/gen_normal_area.gen_upsizer.inst_upsizer/gen_w_ch.post_pntr_shift_reg[4]' (FDRE) to 's01_nodes/s01_w_node/inst/inst_mi_handler/gen_normal_area.gen_upsizer.inst_upsizer/gen_w_ch.post_pntr_shift_reg[3]'
INFO: [Synth 8-3886] merging instance 's01_nodes/s01_w_node/inst/inst_mi_handler/gen_normal_area.gen_upsizer.inst_upsizer/gen_w_ch.post_pntr_shift_reg[3]' (FDRE) to 's01_nodes/s01_w_node/inst/inst_mi_handler/gen_normal_area.gen_upsizer.inst_upsizer/gen_w_ch.post_pntr_shift_reg[2]'
INFO: [Synth 8-3886] merging instance 's01_nodes/s01_w_node/inst/inst_mi_handler/gen_normal_area.gen_upsizer.inst_upsizer/gen_w_ch.post_pntr_shift_reg[2]' (FDRE) to 's01_nodes/s01_w_node/inst/inst_mi_handler/gen_normal_area.gen_upsizer.inst_upsizer/gen_w_ch.post_pntr_shift_reg[0]'
INFO: [Synth 8-3333] propagating constant 1 across sequential element (\s01_nodes/s01_w_node/inst /\inst_mi_handler/gen_normal_area.gen_upsizer.inst_upsizer/gen_w_ch.post_pntr_shift_reg[1] )
INFO: [Synth 8-3333] propagating constant 0 across sequential element (\s01_nodes/s01_w_node/inst /\inst_mi_handler/gen_normal_area.gen_upsizer.inst_upsizer/gen_w_ch.post_pntr_shift_reg[0] )
INFO: [Synth 8-3333] propagating constant 0 across sequential element (\s01_nodes/s01_w_node/inst /\inst_mi_handler/gen_normal_area.gen_upsizer.inst_upsizer/gen_w_ch.accum_reg[sc_route][0] )
INFO: [Synth 8-3333] propagating constant 0 across sequential element (\m00_nodes/m00_aw_node/inst /\inst_si_handler/gen_si_handler.gen_request_counters.gen_req_counter[0].inst_req_counter/count_r_reg[0] )
INFO: [Synth 8-3333] propagating constant 0 across sequential element (\m00_nodes/m00_aw_node/inst /\inst_si_handler/gen_si_handler.gen_request_counters.gen_req_counter[0].inst_req_counter/count_r_reg[1] )
INFO: [Synth 8-3333] propagating constant 0 across sequential element (\m00_nodes/m00_aw_node/inst /\inst_si_handler/gen_si_handler.gen_request_counters.gen_req_counter[2].inst_req_counter/count_r_reg[0] )
INFO: [Synth 8-3333] propagating constant 0 across sequential element (\m00_nodes/m00_aw_node/inst /\inst_si_handler/gen_si_handler.gen_request_counters.gen_req_counter[2].inst_req_counter/count_r_reg[1] )
INFO: [Synth 8-3333] propagating constant 0 across sequential element (\m00_nodes/m00_aw_node/inst /\inst_si_handler/gen_si_handler.gen_request_counters.gen_req_counter[3].inst_req_counter/count_r_reg[0] )
INFO: [Synth 8-3333] propagating constant 0 across sequential element (\m00_nodes/m00_aw_node/inst /\inst_si_handler/gen_si_handler.gen_request_counters.gen_req_counter[3].inst_req_counter/count_r_reg[1] )
INFO: [Synth 8-3333] propagating constant 1 across sequential element (\m00_nodes/m00_w_node/inst /\inst_si_handler/gen_si_handler.gen_request_fifos.gen_req_fifo[0].inst_req_fifo/gen_xpm_memory_fifo.inst_fifo/gen_wr.inst_wr_addra_p1/count_r_reg[0] )
INFO: [Synth 8-3333] propagating constant 0 across sequential element (\m00_nodes/m00_w_node/inst /\inst_si_handler/gen_si_handler.gen_request_fifos.gen_req_fifo[0].inst_req_fifo/gen_xpm_memory_fifo.inst_fifo/gen_wr.inst_wr_addra_p1/count_r_reg[1] )
INFO: [Synth 8-3333] propagating constant 0 across sequential element (\m00_nodes/m00_w_node/inst /\inst_si_handler/gen_si_handler.gen_request_fifos.gen_req_fifo[0].inst_req_fifo/gen_xpm_memory_fifo.inst_fifo/gen_wr.inst_wr_addra_p1/count_r_reg[2] )
INFO: [Synth 8-3333] propagating constant 1 across sequential element (\s01_nodes/s01_w_node/inst /\inst_mi_handler/gen_normal_area.inst_fifo_send/gen_AB_reg_slice.payld_b_reg[0] )
INFO: [Synth 8-3333] propagating constant 1 across sequential element (\s01_nodes/s01_w_node/inst /\inst_mi_handler/gen_normal_area.inst_fifo_send/gen_AB_reg_slice.payld_a_reg[0] )
INFO: [Synth 8-3333] propagating constant 1 across sequential element (\m00_nodes/m00_w_node/inst /\inst_si_handler/gen_si_handler.gen_request_fifos.gen_req_fifo[2].inst_req_fifo/gen_xpm_memory_fifo.inst_fifo/gen_wr.inst_wr_addra_p1/count_r_reg[0] )
INFO: [Synth 8-3333] propagating constant 0 across sequential element (\m00_nodes/m00_w_node/inst /\inst_si_handler/gen_si_handler.gen_request_fifos.gen_req_fifo[2].inst_req_fifo/gen_xpm_memory_fifo.inst_fifo/gen_wr.inst_wr_addra_p1/count_r_reg[1] )
INFO: [Synth 8-3333] propagating constant 0 across sequential element (\m00_nodes/m00_w_node/inst /\inst_si_handler/gen_si_handler.gen_request_fifos.gen_req_fifo[2].inst_req_fifo/gen_xpm_memory_fifo.inst_fifo/gen_wr.inst_wr_addra_p1/count_r_reg[2] )
INFO: [Synth 8-3333] propagating constant 1 across sequential element (\m00_nodes/m00_w_node/inst /\inst_si_handler/gen_si_handler.gen_request_fifos.gen_req_fifo[3].inst_req_fifo/gen_xpm_memory_fifo.inst_fifo/gen_wr.inst_wr_addra_p1/count_r_reg[0] )
INFO: [Synth 8-3333] propagating constant 0 across sequential element (\m00_nodes/m00_w_node/inst /\inst_si_handler/gen_si_handler.gen_request_fifos.gen_req_fifo[3].inst_req_fifo/gen_xpm_memory_fifo.inst_fifo/gen_wr.inst_wr_addra_p1/count_r_reg[1] )
INFO: [Synth 8-3333] propagating constant 0 across sequential element (\m00_nodes/m00_w_node/inst /\inst_si_handler/gen_si_handler.gen_request_fifos.gen_req_fifo[3].inst_req_fifo/gen_xpm_memory_fifo.inst_fifo/gen_wr.inst_wr_addra_p1/count_r_reg[2] )
INFO: [Synth 8-3333] propagating constant 0 across sequential element (\s01_nodes/s01_w_node/inst /p_0_out_inferred__7/\inst_mi_handler/inst_ingress/inst_incoming_count/count_r_reg[2] )
INFO: [Synth 8-3333] propagating constant 0 across sequential element (\s01_nodes/s01_w_node/inst /p_0_out_inferred__7/\inst_mi_handler/inst_ingress/inst_incoming_count/count_r_reg[3] )
INFO: [Synth 8-3333] propagating constant 0 across sequential element (\s01_nodes/s01_w_node/inst /p_0_out_inferred__7/\inst_mi_handler/inst_ingress/inst_incoming_count/count_r_reg[1] )
INFO: [Synth 8-3333] propagating constant 0 across sequential element (\s01_nodes/s01_w_node/inst /p_0_out_inferred__7/\inst_mi_handler/inst_ingress/inst_incoming_count/count_r_reg[0] )
INFO: [Synth 8-3333] propagating constant 1 across sequential element (\s01_nodes/s01_aw_node/inst /\inst_mi_handler/gen_normal_area.inst_fifo_send/gen_AB_reg_slice.payld_b_reg[0] )
INFO: [Synth 8-3333] propagating constant 1 across sequential element (\s01_nodes/s01_aw_node/inst /\inst_mi_handler/gen_normal_area.inst_fifo_send/gen_AB_reg_slice.payld_a_reg[0] )
INFO: [Synth 8-3886] merging instance 'm00_nodes/m00_aw_node/inst/inst_si_handler/gen_si_handler.gen_request_counters.gen_req_counter[0].inst_req_counter/is_zero_r_reg' (FDSE) to 'm00_nodes/m00_aw_node/inst/inst_si_handler/gen_si_handler.gen_request_counters.gen_req_counter[3].inst_req_counter/is_zero_r_reg'
INFO: [Synth 8-3886] merging instance 'm00_nodes/m00_aw_node/inst/inst_si_handler/gen_si_handler.gen_request_counters.gen_req_counter[2].inst_req_counter/is_zero_r_reg' (FDSE) to 'm00_nodes/m00_aw_node/inst/inst_si_handler/gen_si_handler.gen_request_counters.gen_req_counter[3].inst_req_counter/is_zero_r_reg'
INFO: [Synth 8-3333] propagating constant 1 across sequential element (\m00_nodes/m00_aw_node/inst /\inst_si_handler/gen_si_handler.gen_request_counters.gen_req_counter[3].inst_req_counter/is_zero_r_reg )
INFO: [Synth 8-3333] propagating constant 0 across sequential element (\m00_nodes/m00_r_node/inst /p_0_out_inferred__7/\inst_mi_handler/inst_ingress/inst_incoming_count/count_r_reg[2] )
INFO: [Synth 8-3333] propagating constant 0 across sequential element (\m00_nodes/m00_r_node/inst /p_0_out_inferred__7/\inst_mi_handler/inst_ingress/inst_incoming_count/count_r_reg[3] )
INFO: [Synth 8-3333] propagating constant 0 across sequential element (\m00_nodes/m00_r_node/inst /p_0_out_inferred__7/\inst_mi_handler/inst_ingress/inst_incoming_count/count_r_reg[1] )
INFO: [Synth 8-3333] propagating constant 0 across sequential element (\m00_nodes/m00_r_node/inst /p_0_out_inferred__7/\inst_mi_handler/inst_ingress/inst_incoming_count/count_r_reg[0] )
INFO: [Synth 8-3333] propagating constant 1 across sequential element (\s03_nodes/s03_ar_node/inst /\inst_mi_handler/gen_normal_area.inst_fifo_send/gen_AB_reg_slice.payld_b_reg[0] )
INFO: [Synth 8-3333] propagating constant 1 across sequential element (\s03_nodes/s03_ar_node/inst /\inst_mi_handler/gen_normal_area.inst_fifo_send/gen_AB_reg_slice.payld_a_reg[0] )
INFO: [Synth 8-3886] merging instance 'm00_nodes/m00_r_node/inst/inst_mi_handler/gen_normal_area.gen_upsizer.inst_upsizer/gen_r_ch.accum_reg[sc_route][2]' (FDE) to 'm00_nodes/m00_r_node/inst/inst_mi_handler/gen_normal_area.gen_upsizer.inst_upsizer/gen_r_ch.accum_reg[sc_route][3]'
INFO: [Synth 8-3886] merging instance 'm00_nodes/m00_r_node/inst/inst_mi_handler/gen_normal_area.gen_upsizer.inst_upsizer/gen_r_ch.accum_reg[sc_route][3]' (FDE) to 'm00_nodes/m00_r_node/inst/inst_mi_handler/gen_normal_area.gen_upsizer.inst_upsizer/gen_r_ch.accum_reg[sc_route][1]'
INFO: [Synth 8-3886] merging instance 'm00_nodes/m00_r_node/inst/inst_mi_handler/gen_normal_area.gen_upsizer.inst_upsizer/gen_r_ch.accum_reg[sc_route][0]' (FDE) to 'm00_nodes/m00_r_node/inst/inst_mi_handler/gen_normal_area.gen_upsizer.inst_upsizer/gen_r_ch.accum_reg[sc_route][1]'
INFO: [Synth 8-3333] propagating constant 0 across sequential element (\m00_nodes/m00_r_node/inst /\inst_mi_handler/gen_normal_area.gen_upsizer.inst_upsizer/gen_r_ch.accum_reg[sc_route][1] )
INFO: [Synth 8-3886] merging instance 'switchboards/b_switchboard/inst/gen_mi[2].inst_opipe_payld/gen_pipe[1].pipe_reg[1][4]' (FDRE) to 'switchboards/b_switchboard/inst/gen_mi[1].inst_opipe_payld/gen_pipe[1].pipe_reg[1][4]'
INFO: [Synth 8-3886] merging instance 'switchboards/b_switchboard/inst/gen_mi[0].inst_opipe_payld/gen_pipe[1].pipe_reg[1][4]' (FDRE) to 'switchboards/b_switchboard/inst/gen_mi[1].inst_opipe_payld/gen_pipe[1].pipe_reg[1][4]'
INFO: [Synth 8-3886] merging instance 'switchboards/b_switchboard/inst/gen_mi[3].inst_opipe_payld/gen_pipe[1].pipe_reg[1][4]' (FDRE) to 'switchboards/b_switchboard/inst/gen_mi[1].inst_opipe_payld/gen_pipe[1].pipe_reg[1][4]'
INFO: [Synth 8-3886] merging instance 'switchboards/b_switchboard/inst/gen_mi[2].inst_opipe_payld/gen_pipe[1].pipe_reg[1][5]' (FDRE) to 'switchboards/b_switchboard/inst/gen_mi[1].inst_opipe_payld/gen_pipe[1].pipe_reg[1][5]'
INFO: [Synth 8-3886] merging instance 'switchboards/b_switchboard/inst/gen_mi[0].inst_opipe_payld/gen_pipe[1].pipe_reg[1][5]' (FDRE) to 'switchboards/b_switchboard/inst/gen_mi[1].inst_opipe_payld/gen_pipe[1].pipe_reg[1][5]'
INFO: [Synth 8-3886] merging instance 'switchboards/b_switchboard/inst/gen_mi[3].inst_opipe_payld/gen_pipe[1].pipe_reg[1][5]' (FDRE) to 'switchboards/b_switchboard/inst/gen_mi[1].inst_opipe_payld/gen_pipe[1].pipe_reg[1][5]'
INFO: [Synth 8-3886] merging instance 'switchboards/b_switchboard/inst/gen_mi[2].inst_opipe_payld/gen_pipe[1].pipe_reg[1][3]' (FDRE) to 'switchboards/b_switchboard/inst/gen_mi[1].inst_opipe_payld/gen_pipe[1].pipe_reg[1][3]'
INFO: [Synth 8-3886] merging instance 'switchboards/b_switchboard/inst/gen_mi[0].inst_opipe_payld/gen_pipe[1].pipe_reg[1][3]' (FDRE) to 'switchboards/b_switchboard/inst/gen_mi[1].inst_opipe_payld/gen_pipe[1].pipe_reg[1][3]'
INFO: [Synth 8-3886] merging instance 'switchboards/b_switchboard/inst/gen_mi[3].inst_opipe_payld/gen_pipe[1].pipe_reg[1][3]' (FDRE) to 'switchboards/b_switchboard/inst/gen_mi[1].inst_opipe_payld/gen_pipe[1].pipe_reg[1][3]'
INFO: [Synth 8-3886] merging instance 'switchboards/b_switchboard/inst/gen_mi[2].inst_opipe_payld/gen_pipe[1].pipe_reg[1][1]' (FDRE) to 'switchboards/b_switchboard/inst/gen_mi[1].inst_opipe_payld/gen_pipe[1].pipe_reg[1][1]'
INFO: [Synth 8-3886] merging instance 'switchboards/b_switchboard/inst/gen_mi[0].inst_opipe_payld/gen_pipe[1].pipe_reg[1][1]' (FDRE) to 'switchboards/b_switchboard/inst/gen_mi[1].inst_opipe_payld/gen_pipe[1].pipe_reg[1][1]'
INFO: [Synth 8-3886] merging instance 'switchboards/b_switchboard/inst/gen_mi[3].inst_opipe_payld/gen_pipe[1].pipe_reg[1][1]' (FDRE) to 'switchboards/b_switchboard/inst/gen_mi[1].inst_opipe_payld/gen_pipe[1].pipe_reg[1][1]'
INFO: [Synth 8-3886] merging instance 'switchboards/b_switchboard/inst/gen_mi[2].inst_opipe_payld/gen_pipe[1].pipe_reg[1][2]' (FDRE) to 'switchboards/b_switchboard/inst/gen_mi[1].inst_opipe_payld/gen_pipe[1].pipe_reg[1][2]'
INFO: [Synth 8-3886] merging instance 'switchboards/b_switchboard/inst/gen_mi[0].inst_opipe_payld/gen_pipe[1].pipe_reg[1][2]' (FDRE) to 'switchboards/b_switchboard/inst/gen_mi[1].inst_opipe_payld/gen_pipe[1].pipe_reg[1][2]'
INFO: [Synth 8-3886] merging instance 'switchboards/b_switchboard/inst/gen_mi[3].inst_opipe_payld/gen_pipe[1].pipe_reg[1][2]' (FDRE) to 'switchboards/b_switchboard/inst/gen_mi[1].inst_opipe_payld/gen_pipe[1].pipe_reg[1][2]'
INFO: [Synth 8-3886] merging instance 'switchboards/b_switchboard/inst/gen_mi[2].inst_opipe_payld/gen_pipe[1].pipe_reg[1][8]' (FDRE) to 'switchboards/b_switchboard/inst/gen_mi[1].inst_opipe_payld/gen_pipe[1].pipe_reg[1][8]'
INFO: [Synth 8-3886] merging instance 'switchboards/b_switchboard/inst/gen_mi[0].inst_opipe_payld/gen_pipe[1].pipe_reg[1][8]' (FDRE) to 'switchboards/b_switchboard/inst/gen_mi[1].inst_opipe_payld/gen_pipe[1].pipe_reg[1][8]'
INFO: [Synth 8-3886] merging instance 'switchboards/b_switchboard/inst/gen_mi[3].inst_opipe_payld/gen_pipe[1].pipe_reg[1][8]' (FDRE) to 'switchboards/b_switchboard/inst/gen_mi[1].inst_opipe_payld/gen_pipe[1].pipe_reg[1][8]'
INFO: [Synth 8-3886] merging instance 'switchboards/b_switchboard/inst/gen_mi[2].inst_opipe_payld/gen_pipe[1].pipe_reg[1][9]' (FDRE) to 'switchboards/b_switchboard/inst/gen_mi[1].inst_opipe_payld/gen_pipe[1].pipe_reg[1][9]'
INFO: [Synth 8-3886] merging instance 'switchboards/b_switchboard/inst/gen_mi[0].inst_opipe_payld/gen_pipe[1].pipe_reg[1][9]' (FDRE) to 'switchboards/b_switchboard/inst/gen_mi[1].inst_opipe_payld/gen_pipe[1].pipe_reg[1][9]'
INFO: [Synth 8-3886] merging instance 'switchboards/b_switchboard/inst/gen_mi[3].inst_opipe_payld/gen_pipe[1].pipe_reg[1][9]' (FDRE) to 'switchboards/b_switchboard/inst/gen_mi[1].inst_opipe_payld/gen_pipe[1].pipe_reg[1][9]'
INFO: [Synth 8-3886] merging instance 'switchboards/b_switchboard/inst/gen_mi[2].inst_opipe_payld/gen_pipe[1].pipe_reg[1][6]' (FDRE) to 'switchboards/b_switchboard/inst/gen_mi[1].inst_opipe_payld/gen_pipe[1].pipe_reg[1][6]'
INFO: [Synth 8-3886] merging instance 'switchboards/b_switchboard/inst/gen_mi[0].inst_opipe_payld/gen_pipe[1].pipe_reg[1][6]' (FDRE) to 'switchboards/b_switchboard/inst/gen_mi[1].inst_opipe_payld/gen_pipe[1].pipe_reg[1][6]'
INFO: [Synth 8-3886] merging instance 'switchboards/b_switchboard/inst/gen_mi[3].inst_opipe_payld/gen_pipe[1].pipe_reg[1][6]' (FDRE) to 'switchboards/b_switchboard/inst/gen_mi[1].inst_opipe_payld/gen_pipe[1].pipe_reg[1][6]'
INFO: [Synth 8-3886] merging instance 'switchboards/b_switchboard/inst/gen_mi[2].inst_opipe_payld/gen_pipe[1].pipe_reg[1][7]' (FDRE) to 'switchboards/b_switchboard/inst/gen_mi[1].inst_opipe_payld/gen_pipe[1].pipe_reg[1][7]'
INFO: [Synth 8-3886] merging instance 'switchboards/b_switchboard/inst/gen_mi[0].inst_opipe_payld/gen_pipe[1].pipe_reg[1][7]' (FDRE) to 'switchboards/b_switchboard/inst/gen_mi[1].inst_opipe_payld/gen_pipe[1].pipe_reg[1][7]'
INFO: [Synth 8-3886] merging instance 'switchboards/b_switchboard/inst/gen_mi[3].inst_opipe_payld/gen_pipe[1].pipe_reg[1][7]' (FDRE) to 'switchboards/b_switchboard/inst/gen_mi[1].inst_opipe_payld/gen_pipe[1].pipe_reg[1][7]'
INFO: [Synth 8-3333] propagating constant 1 across sequential element (\s01_nodes/s01_w_node/inst /\inst_mi_handler/inst_ingress/inst_incoming_count/is_zero_r_reg )
INFO: [Synth 8-3886] merging instance 'switchboards/r_switchboard/inst/gen_mi[3].inst_opipe_payld/gen_pipe[1].pipe_reg[1][4]' (FDRE) to 'switchboards/r_switchboard/inst/gen_mi[2].inst_opipe_payld/gen_pipe[1].pipe_reg[1][4]'
INFO: [Synth 8-3886] merging instance 'switchboards/r_switchboard/inst/gen_mi[1].inst_opipe_payld/gen_pipe[1].pipe_reg[1][4]' (FDRE) to 'switchboards/r_switchboard/inst/gen_mi[2].inst_opipe_payld/gen_pipe[1].pipe_reg[1][4]'
INFO: [Synth 8-3886] merging instance 'switchboards/r_switchboard/inst/gen_mi[3].inst_opipe_payld/gen_pipe[1].pipe_reg[1][5]' (FDRE) to 'switchboards/r_switchboard/inst/gen_mi[2].inst_opipe_payld/gen_pipe[1].pipe_reg[1][5]'
INFO: [Synth 8-3886] merging instance 'switchboards/r_switchboard/inst/gen_mi[1].inst_opipe_payld/gen_pipe[1].pipe_reg[1][5]' (FDRE) to 'switchboards/r_switchboard/inst/gen_mi[2].inst_opipe_payld/gen_pipe[1].pipe_reg[1][5]'
INFO: [Synth 8-3886] merging instance 'switchboards/r_switchboard/inst/gen_mi[3].inst_opipe_payld/gen_pipe[1].pipe_reg[1][3]' (FDRE) to 'switchboards/r_switchboard/inst/gen_mi[2].inst_opipe_payld/gen_pipe[1].pipe_reg[1][3]'
INFO: [Synth 8-3886] merging instance 'switchboards/r_switchboard/inst/gen_mi[1].inst_opipe_payld/gen_pipe[1].pipe_reg[1][3]' (FDRE) to 'switchboards/r_switchboard/inst/gen_mi[2].inst_opipe_payld/gen_pipe[1].pipe_reg[1][3]'
INFO: [Synth 8-3886] merging instance 'switchboards/r_switchboard/inst/gen_mi[3].inst_opipe_payld/gen_pipe[1].pipe_reg[1][1]' (FDRE) to 'switchboards/r_switchboard/inst/gen_mi[2].inst_opipe_payld/gen_pipe[1].pipe_reg[1][1]'
INFO: [Synth 8-3886] merging instance 'switchboards/r_switchboard/inst/gen_mi[1].inst_opipe_payld/gen_pipe[1].pipe_reg[1][1]' (FDRE) to 'switchboards/r_switchboard/inst/gen_mi[2].inst_opipe_payld/gen_pipe[1].pipe_reg[1][1]'
INFO: [Synth 8-3886] merging instance 'switchboards/r_switchboard/inst/gen_mi[3].inst_opipe_payld/gen_pipe[1].pipe_reg[1][2]' (FDRE) to 'switchboards/r_switchboard/inst/gen_mi[2].inst_opipe_payld/gen_pipe[1].pipe_reg[1][2]'
INFO: [Synth 8-3886] merging instance 'switchboards/r_switchboard/inst/gen_mi[1].inst_opipe_payld/gen_pipe[1].pipe_reg[1][2]' (FDRE) to 'switchboards/r_switchboard/inst/gen_mi[2].inst_opipe_payld/gen_pipe[1].pipe_reg[1][2]'
INFO: [Synth 8-3886] merging instance 'switchboards/r_switchboard/inst/gen_mi[3].inst_opipe_payld/gen_pipe[1].pipe_reg[1][10]' (FDRE) to 'switchboards/r_switchboard/inst/gen_mi[2].inst_opipe_payld/gen_pipe[1].pipe_reg[1][10]'
INFO: [Synth 8-3886] merging instance 'switchboards/r_switchboard/inst/gen_mi[1].inst_opipe_payld/gen_pipe[1].pipe_reg[1][10]' (FDRE) to 'switchboards/r_switchboard/inst/gen_mi[2].inst_opipe_payld/gen_pipe[1].pipe_reg[1][10]'
INFO: [Synth 8-3886] merging instance 'switchboards/r_switchboard/inst/gen_mi[3].inst_opipe_payld/gen_pipe[1].pipe_reg[1][11]' (FDRE) to 'switchboards/r_switchboard/inst/gen_mi[2].inst_opipe_payld/gen_pipe[1].pipe_reg[1][11]'
INFO: [Synth 8-3886] merging instance 'switchboards/r_switchboard/inst/gen_mi[1].inst_opipe_payld/gen_pipe[1].pipe_reg[1][11]' (FDRE) to 'switchboards/r_switchboard/inst/gen_mi[2].inst_opipe_payld/gen_pipe[1].pipe_reg[1][11]'
INFO: [Synth 8-3886] merging instance 'switchboards/r_switchboard/inst/gen_mi[3].inst_opipe_payld/gen_pipe[1].pipe_reg[1][8]' (FDRE) to 'switchboards/r_switchboard/inst/gen_mi[2].inst_opipe_payld/gen_pipe[1].pipe_reg[1][8]'
INFO: [Synth 8-3886] merging instance 'switchboards/r_switchboard/inst/gen_mi[1].inst_opipe_payld/gen_pipe[1].pipe_reg[1][8]' (FDRE) to 'switchboards/r_switchboard/inst/gen_mi[2].inst_opipe_payld/gen_pipe[1].pipe_reg[1][8]'
INFO: [Synth 8-3886] merging instance 'switchboards/r_switchboard/inst/gen_mi[3].inst_opipe_payld/gen_pipe[1].pipe_reg[1][9]' (FDRE) to 'switchboards/r_switchboard/inst/gen_mi[2].inst_opipe_payld/gen_pipe[1].pipe_reg[1][9]'
INFO: [Synth 8-3886] merging instance 'switchboards/r_switchboard/inst/gen_mi[1].inst_opipe_payld/gen_pipe[1].pipe_reg[1][9]' (FDRE) to 'switchboards/r_switchboard/inst/gen_mi[2].inst_opipe_payld/gen_pipe[1].pipe_reg[1][9]'
INFO: [Synth 8-3886] merging instance 'switchboards/r_switchboard/inst/gen_mi[3].inst_opipe_payld/gen_pipe[1].pipe_reg[1][6]' (FDRE) to 'switchboards/r_switchboard/inst/gen_mi[2].inst_opipe_payld/gen_pipe[1].pipe_reg[1][6]'
INFO: [Synth 8-3886] merging instance 'switchboards/r_switchboard/inst/gen_mi[1].inst_opipe_payld/gen_pipe[1].pipe_reg[1][6]' (FDRE) to 'switchboards/r_switchboard/inst/gen_mi[2].inst_opipe_payld/gen_pipe[1].pipe_reg[1][6]'
INFO: [Synth 8-3886] merging instance 'switchboards/r_switchboard/inst/gen_mi[3].inst_opipe_payld/gen_pipe[1].pipe_reg[1][7]' (FDRE) to 'switchboards/r_switchboard/inst/gen_mi[2].inst_opipe_payld/gen_pipe[1].pipe_reg[1][7]'
INFO: [Synth 8-3886] merging instance 'switchboards/r_switchboard/inst/gen_mi[1].inst_opipe_payld/gen_pipe[1].pipe_reg[1][7]' (FDRE) to 'switchboards/r_switchboard/inst/gen_mi[2].inst_opipe_payld/gen_pipe[1].pipe_reg[1][7]'
INFO: [Synth 8-3886] merging instance 'switchboards/r_switchboard/inst/gen_mi[3].inst_opipe_payld/gen_pipe[1].pipe_reg[1][16]' (FDRE) to 'switchboards/r_switchboard/inst/gen_mi[2].inst_opipe_payld/gen_pipe[1].pipe_reg[1][16]'
INFO: [Synth 8-3886] merging instance 'switchboards/r_switchboard/inst/gen_mi[1].inst_opipe_payld/gen_pipe[1].pipe_reg[1][16]' (FDRE) to 'switchboards/r_switchboard/inst/gen_mi[2].inst_opipe_payld/gen_pipe[1].pipe_reg[1][16]'
INFO: [Synth 8-3886] merging instance 'switchboards/r_switchboard/inst/gen_mi[3].inst_opipe_payld/gen_pipe[1].pipe_reg[1][17]' (FDRE) to 'switchboards/r_switchboard/inst/gen_mi[2].inst_opipe_payld/gen_pipe[1].pipe_reg[1][17]'
INFO: [Synth 8-3886] merging instance 'switchboards/r_switchboard/inst/gen_mi[1].inst_opipe_payld/gen_pipe[1].pipe_reg[1][17]' (FDRE) to 'switchboards/r_switchboard/inst/gen_mi[2].inst_opipe_payld/gen_pipe[1].pipe_reg[1][17]'
INFO: [Synth 8-3886] merging instance 'switchboards/r_switchboard/inst/gen_mi[3].inst_opipe_payld/gen_pipe[1].pipe_reg[1][14]' (FDRE) to 'switchboards/r_switchboard/inst/gen_mi[2].inst_opipe_payld/gen_pipe[1].pipe_reg[1][14]'
INFO: [Synth 8-3886] merging instance 'switchboards/r_switchboard/inst/gen_mi[1].inst_opipe_payld/gen_pipe[1].pipe_reg[1][14]' (FDRE) to 'switchboards/r_switchboard/inst/gen_mi[2].inst_opipe_payld/gen_pipe[1].pipe_reg[1][14]'
INFO: [Synth 8-3886] merging instance 'switchboards/r_switchboard/inst/gen_mi[3].inst_opipe_payld/gen_pipe[1].pipe_reg[1][15]' (FDRE) to 'switchboards/r_switchboard/inst/gen_mi[2].inst_opipe_payld/gen_pipe[1].pipe_reg[1][15]'
INFO: [Synth 8-3886] merging instance 'switchboards/r_switchboard/inst/gen_mi[1].inst_opipe_payld/gen_pipe[1].pipe_reg[1][15]' (FDRE) to 'switchboards/r_switchboard/inst/gen_mi[2].inst_opipe_payld/gen_pipe[1].pipe_reg[1][15]'
INFO: [Synth 8-3886] merging instance 'switchboards/r_switchboard/inst/gen_mi[3].inst_opipe_payld/gen_pipe[1].pipe_reg[1][12]' (FDRE) to 'switchboards/r_switchboard/inst/gen_mi[2].inst_opipe_payld/gen_pipe[1].pipe_reg[1][12]'
INFO: [Synth 8-3886] merging instance 'switchboards/r_switchboard/inst/gen_mi[1].inst_opipe_payld/gen_pipe[1].pipe_reg[1][12]' (FDRE) to 'switchboards/r_switchboard/inst/gen_mi[2].inst_opipe_payld/gen_pipe[1].pipe_reg[1][12]'
INFO: [Synth 8-3886] merging instance 'switchboards/r_switchboard/inst/gen_mi[3].inst_opipe_payld/gen_pipe[1].pipe_reg[1][13]' (FDRE) to 'switchboards/r_switchboard/inst/gen_mi[2].inst_opipe_payld/gen_pipe[1].pipe_reg[1][13]'
INFO: [Synth 8-3886] merging instance 'switchboards/r_switchboard/inst/gen_mi[1].inst_opipe_payld/gen_pipe[1].pipe_reg[1][13]' (FDRE) to 'switchboards/r_switchboard/inst/gen_mi[2].inst_opipe_payld/gen_pipe[1].pipe_reg[1][13]'
INFO: [Synth 8-3886] merging instance 'switchboards/r_switchboard/inst/gen_mi[3].inst_opipe_payld/gen_pipe[1].pipe_reg[1][28]' (FDRE) to 'switchboards/r_switchboard/inst/gen_mi[2].inst_opipe_payld/gen_pipe[1].pipe_reg[1][28]'
INFO: [Synth 8-3886] merging instance 'switchboards/r_switchboard/inst/gen_mi[1].inst_opipe_payld/gen_pipe[1].pipe_reg[1][28]' (FDRE) to 'switchboards/r_switchboard/inst/gen_mi[2].inst_opipe_payld/gen_pipe[1].pipe_reg[1][28]'
INFO: [Synth 8-3886] merging instance 'switchboards/r_switchboard/inst/gen_mi[3].inst_opipe_payld/gen_pipe[1].pipe_reg[1][29]' (FDRE) to 'switchboards/r_switchboard/inst/gen_mi[2].inst_opipe_payld/gen_pipe[1].pipe_reg[1][29]'
INFO: [Synth 8-3886] merging instance 'switchboards/r_switchboard/inst/gen_mi[1].inst_opipe_payld/gen_pipe[1].pipe_reg[1][29]' (FDRE) to 'switchboards/r_switchboard/inst/gen_mi[2].inst_opipe_payld/gen_pipe[1].pipe_reg[1][29]'
INFO: [Synth 8-3886] merging instance 'switchboards/r_switchboard/inst/gen_mi[3].inst_opipe_payld/gen_pipe[1].pipe_reg[1][26]' (FDRE) to 'switchboards/r_switchboard/inst/gen_mi[2].inst_opipe_payld/gen_pipe[1].pipe_reg[1][26]'
INFO: [Synth 8-3886] merging instance 'switchboards/r_switchboard/inst/gen_mi[1].inst_opipe_payld/gen_pipe[1].pipe_reg[1][26]' (FDRE) to 'switchboards/r_switchboard/inst/gen_mi[2].inst_opipe_payld/gen_pipe[1].pipe_reg[1][26]'
INFO: [Synth 8-3886] merging instance 'switchboards/r_switchboard/inst/gen_mi[3].inst_opipe_payld/gen_pipe[1].pipe_reg[1][27]' (FDRE) to 'switchboards/r_switchboard/inst/gen_mi[2].inst_opipe_payld/gen_pipe[1].pipe_reg[1][27]'
INFO: [Synth 8-3886] merging instance 'switchboards/r_switchboard/inst/gen_mi[1].inst_opipe_payld/gen_pipe[1].pipe_reg[1][27]' (FDRE) to 'switchboards/r_switchboard/inst/gen_mi[2].inst_opipe_payld/gen_pipe[1].pipe_reg[1][27]'
INFO: [Synth 8-3886] merging instance 'switchboards/r_switchboard/inst/gen_mi[3].inst_opipe_payld/gen_pipe[1].pipe_reg[1][24]' (FDRE) to 'switchboards/r_switchboard/inst/gen_mi[2].inst_opipe_payld/gen_pipe[1].pipe_reg[1][24]'
INFO: [Common 17-14] Message 'Synth 8-3886' appears 100 times and further instances of the messages will be disabled. Use the Tcl command set_msg_config to change the current settings.
INFO: [Common 17-14] Message 'Synth 8-3886' appears 100 times and further instances of the messages will be disabled. Use the Tcl command set_msg_config to change the current settings.
INFO: [Synth 8-3333] propagating constant 1 across sequential element (\m00_nodes/m00_r_node/inst /\inst_mi_handler/inst_ingress/inst_incoming_count/is_zero_r_reg )
INFO: [Synth 8-3333] propagating constant 0 across sequential element (\m00_nodes/m00_ar_node/inst /\inst_si_handler/gen_si_handler.gen_request_counters.gen_req_counter[1].inst_req_counter/count_r_reg[0] )
INFO: [Synth 8-3333] propagating constant 0 across sequential element (\m00_nodes/m00_ar_node/inst /\inst_si_handler/gen_si_handler.gen_request_counters.gen_req_counter[1].inst_req_counter/count_r_reg[1] )
INFO: [Synth 8-3333] propagating constant 0 across sequential element (\m00_nodes/m00_r_node/inst /\inst_mi_handler/gen_normal_area.gen_upsizer.inst_upsizer/inst_upsizer_target_pipeline/gen_pipe[1].pipe_reg[1][5] )
INFO: [Synth 8-3333] propagating constant 1 across sequential element (\m00_nodes/m00_ar_node/inst /\inst_si_handler/gen_si_handler.gen_request_counters.gen_req_counter[1].inst_req_counter/is_zero_r_reg )
INFO: [Synth 8-3333] propagating constant 0 across sequential element (\m00_nodes/m00_aw_node/inst /\inst_si_handler/gen_si_handler.gen_arbiter_rr_normal_area.inst_arbiter/last_grant_reg[2] )
INFO: [Synth 8-3333] propagating constant 0 across sequential element (\m00_nodes/m00_ar_node/inst /\inst_si_handler/gen_si_handler.gen_arbiter_rr_normal_area.inst_arbiter/grant_i_reg[1] )
INFO: [Synth 8-3333] propagating constant 0 across sequential element (\m00_nodes/m00_aw_node/inst /\inst_si_handler/gen_m_axis_arb_fifo.inst_axis_arb_fifo/gen_pipelined.mesg_reg_reg[3] )
INFO: [Synth 8-3333] propagating constant 0 across sequential element (\m00_nodes/m00_aw_node/inst /\inst_si_handler/gen_si_handler.gen_arbiter_rr_normal_area.inst_arbiter/grant_i_reg[3] )
INFO: [Synth 8-3333] propagating constant 0 across sequential element (\m00_nodes/m00_ar_node/inst /\inst_si_handler/gen_si_handler.gen_arbiter_rr_normal_area.inst_arbiter/last_grant_reg[1] )
INFO: [Synth 8-3333] propagating constant 0 across sequential element (\m00_nodes/m00_w_node/inst /\inst_mi_handler/inst_ingress/inst_pipeline_recv/gen_pipe[1].pipe_reg[1][3] )
DSP Report: Generating DSP empty_fu_776_reg, operation Mode is: (P+(A''*B2)')'.
DSP Report: register mac_muladd_16s_16s_34s_34_3_1_U1469/SubbandRealtimeTopQ610Ip_mac_muladd_16s_16s_34s_34_3_1_DSP48_0_U/a_reg_reg is absorbed into DSP empty_fu_776_reg.
DSP Report: register empty_fu_776_reg is absorbed into DSP empty_fu_776_reg.
DSP Report: register empty_fu_776_reg is absorbed into DSP empty_fu_776_reg.
DSP Report: register empty_fu_776_reg is absorbed into DSP empty_fu_776_reg.
DSP Report: register mac_muladd_16s_16s_34s_34_3_1_U1469/SubbandRealtimeTopQ610Ip_mac_muladd_16s_16s_34s_34_3_1_DSP48_0_U/m_reg_reg is absorbed into DSP empty_fu_776_reg.
DSP Report: operator mac_muladd_16s_16s_34s_34_3_1_U1469/SubbandRealtimeTopQ610Ip_mac_muladd_16s_16s_34s_34_3_1_DSP48_0_U/p is absorbed into DSP empty_fu_776_reg.
DSP Report: operator mac_muladd_16s_16s_34s_34_3_1_U1469/SubbandRealtimeTopQ610Ip_mac_muladd_16s_16s_34s_34_3_1_DSP48_0_U/m is absorbed into DSP empty_fu_776_reg.
DSP Report: Generating DSP empty_598_fu_780_reg, operation Mode is: (P+(A2*B'')')'.
DSP Report: register empty_598_fu_780_reg is absorbed into DSP empty_598_fu_780_reg.
DSP Report: register empty_598_fu_780_reg is absorbed into DSP empty_598_fu_780_reg.
DSP Report: register mac_muladd_16s_16s_34s_34_3_1_U1470/SubbandRealtimeTopQ610Ip_mac_muladd_16s_16s_34s_34_3_1_DSP48_0_U/a_reg_reg is absorbed into DSP empty_598_fu_780_reg.
DSP Report: register empty_598_fu_780_reg is absorbed into DSP empty_598_fu_780_reg.
DSP Report: register mac_muladd_16s_16s_34s_34_3_1_U1470/SubbandRealtimeTopQ610Ip_mac_muladd_16s_16s_34s_34_3_1_DSP48_0_U/m_reg_reg is absorbed into DSP empty_598_fu_780_reg.
DSP Report: operator mac_muladd_16s_16s_34s_34_3_1_U1470/SubbandRealtimeTopQ610Ip_mac_muladd_16s_16s_34s_34_3_1_DSP48_0_U/p is absorbed into DSP empty_598_fu_780_reg.
DSP Report: operator mac_muladd_16s_16s_34s_34_3_1_U1470/SubbandRealtimeTopQ610Ip_mac_muladd_16s_16s_34s_34_3_1_DSP48_0_U/m is absorbed into DSP empty_598_fu_780_reg.
DSP Report: Generating DSP empty_599_fu_784_reg, operation Mode is: (P+(A2*B'')')'.
DSP Report: register empty_599_fu_784_reg is absorbed into DSP empty_599_fu_784_reg.
DSP Report: register empty_599_fu_784_reg is absorbed into DSP empty_599_fu_784_reg.
DSP Report: register mac_muladd_16s_16s_34s_34_3_1_U1471/SubbandRealtimeTopQ610Ip_mac_muladd_16s_16s_34s_34_3_1_DSP48_0_U/a_reg_reg is absorbed into DSP empty_599_fu_784_reg.
DSP Report: register empty_599_fu_784_reg is absorbed into DSP empty_599_fu_784_reg.
DSP Report: register mac_muladd_16s_16s_34s_34_3_1_U1471/SubbandRealtimeTopQ610Ip_mac_muladd_16s_16s_34s_34_3_1_DSP48_0_U/m_reg_reg is absorbed into DSP empty_599_fu_784_reg.
DSP Report: operator mac_muladd_16s_16s_34s_34_3_1_U1471/SubbandRealtimeTopQ610Ip_mac_muladd_16s_16s_34s_34_3_1_DSP48_0_U/p is absorbed into DSP empty_599_fu_784_reg.
DSP Report: operator mac_muladd_16s_16s_34s_34_3_1_U1471/SubbandRealtimeTopQ610Ip_mac_muladd_16s_16s_34s_34_3_1_DSP48_0_U/m is absorbed into DSP empty_599_fu_784_reg.
DSP Report: Generating DSP empty_600_fu_788_reg, operation Mode is: (P+(A2*B'')')'.
DSP Report: register empty_600_fu_788_reg is absorbed into DSP empty_600_fu_788_reg.
DSP Report: register empty_600_fu_788_reg is absorbed into DSP empty_600_fu_788_reg.
DSP Report: register mac_muladd_16s_16s_34s_34_3_1_U1472/SubbandRealtimeTopQ610Ip_mac_muladd_16s_16s_34s_34_3_1_DSP48_0_U/a_reg_reg is absorbed into DSP empty_600_fu_788_reg.
DSP Report: register empty_600_fu_788_reg is absorbed into DSP empty_600_fu_788_reg.
DSP Report: register mac_muladd_16s_16s_34s_34_3_1_U1472/SubbandRealtimeTopQ610Ip_mac_muladd_16s_16s_34s_34_3_1_DSP48_0_U/m_reg_reg is absorbed into DSP empty_600_fu_788_reg.
DSP Report: operator mac_muladd_16s_16s_34s_34_3_1_U1472/SubbandRealtimeTopQ610Ip_mac_muladd_16s_16s_34s_34_3_1_DSP48_0_U/p is absorbed into DSP empty_600_fu_788_reg.
DSP Report: operator mac_muladd_16s_16s_34s_34_3_1_U1472/SubbandRealtimeTopQ610Ip_mac_muladd_16s_16s_34s_34_3_1_DSP48_0_U/m is absorbed into DSP empty_600_fu_788_reg.
DSP Report: Generating DSP empty_601_fu_792_reg, operation Mode is: (P+(A2*B'')')'.
DSP Report: register empty_601_fu_792_reg is absorbed into DSP empty_601_fu_792_reg.
DSP Report: register empty_601_fu_792_reg is absorbed into DSP empty_601_fu_792_reg.
DSP Report: register mac_muladd_16s_16s_34s_34_3_1_U1473/SubbandRealtimeTopQ610Ip_mac_muladd_16s_16s_34s_34_3_1_DSP48_0_U/a_reg_reg is absorbed into DSP empty_601_fu_792_reg.
DSP Report: register empty_601_fu_792_reg is absorbed into DSP empty_601_fu_792_reg.
DSP Report: register mac_muladd_16s_16s_34s_34_3_1_U1473/SubbandRealtimeTopQ610Ip_mac_muladd_16s_16s_34s_34_3_1_DSP48_0_U/m_reg_reg is absorbed into DSP empty_601_fu_792_reg.
DSP Report: operator mac_muladd_16s_16s_34s_34_3_1_U1473/SubbandRealtimeTopQ610Ip_mac_muladd_16s_16s_34s_34_3_1_DSP48_0_U/p is absorbed into DSP empty_601_fu_792_reg.
DSP Report: operator mac_muladd_16s_16s_34s_34_3_1_U1473/SubbandRealtimeTopQ610Ip_mac_muladd_16s_16s_34s_34_3_1_DSP48_0_U/m is absorbed into DSP empty_601_fu_792_reg.
DSP Report: Generating DSP empty_602_fu_796_reg, operation Mode is: (P+(A2*B'')')'.
DSP Report: register empty_602_fu_796_reg is absorbed into DSP empty_602_fu_796_reg.
DSP Report: register empty_602_fu_796_reg is absorbed into DSP empty_602_fu_796_reg.
DSP Report: register mac_muladd_16s_16s_34s_34_3_1_U1474/SubbandRealtimeTopQ610Ip_mac_muladd_16s_16s_34s_34_3_1_DSP48_0_U/a_reg_reg is absorbed into DSP empty_602_fu_796_reg.
DSP Report: register empty_602_fu_796_reg is absorbed into DSP empty_602_fu_796_reg.
DSP Report: register mac_muladd_16s_16s_34s_34_3_1_U1474/SubbandRealtimeTopQ610Ip_mac_muladd_16s_16s_34s_34_3_1_DSP48_0_U/m_reg_reg is absorbed into DSP empty_602_fu_796_reg.
DSP Report: operator mac_muladd_16s_16s_34s_34_3_1_U1474/SubbandRealtimeTopQ610Ip_mac_muladd_16s_16s_34s_34_3_1_DSP48_0_U/p is absorbed into DSP empty_602_fu_796_reg.
DSP Report: operator mac_muladd_16s_16s_34s_34_3_1_U1474/SubbandRealtimeTopQ610Ip_mac_muladd_16s_16s_34s_34_3_1_DSP48_0_U/m is absorbed into DSP empty_602_fu_796_reg.
DSP Report: Generating DSP empty_603_fu_800_reg, operation Mode is: (P+(A2*B'')')'.
DSP Report: register empty_603_fu_800_reg is absorbed into DSP empty_603_fu_800_reg.
DSP Report: register empty_603_fu_800_reg is absorbed into DSP empty_603_fu_800_reg.
DSP Report: register mac_muladd_16s_16s_34s_34_3_1_U1475/SubbandRealtimeTopQ610Ip_mac_muladd_16s_16s_34s_34_3_1_DSP48_0_U/a_reg_reg is absorbed into DSP empty_603_fu_800_reg.
DSP Report: register empty_603_fu_800_reg is absorbed into DSP empty_603_fu_800_reg.
DSP Report: register mac_muladd_16s_16s_34s_34_3_1_U1475/SubbandRealtimeTopQ610Ip_mac_muladd_16s_16s_34s_34_3_1_DSP48_0_U/m_reg_reg is absorbed into DSP empty_603_fu_800_reg.
DSP Report: operator mac_muladd_16s_16s_34s_34_3_1_U1475/SubbandRealtimeTopQ610Ip_mac_muladd_16s_16s_34s_34_3_1_DSP48_0_U/p is absorbed into DSP empty_603_fu_800_reg.
DSP Report: operator mac_muladd_16s_16s_34s_34_3_1_U1475/SubbandRealtimeTopQ610Ip_mac_muladd_16s_16s_34s_34_3_1_DSP48_0_U/m is absorbed into DSP empty_603_fu_800_reg.
DSP Report: Generating DSP empty_604_fu_804_reg, operation Mode is: (P+(A2*B'')')'.
DSP Report: register empty_604_fu_804_reg is absorbed into DSP empty_604_fu_804_reg.
DSP Report: register empty_604_fu_804_reg is absorbed into DSP empty_604_fu_804_reg.
DSP Report: register mac_muladd_16s_16s_34s_34_3_1_U1476/SubbandRealtimeTopQ610Ip_mac_muladd_16s_16s_34s_34_3_1_DSP48_0_U/a_reg_reg is absorbed into DSP empty_604_fu_804_reg.
DSP Report: register empty_604_fu_804_reg is absorbed into DSP empty_604_fu_804_reg.
DSP Report: register mac_muladd_16s_16s_34s_34_3_1_U1476/SubbandRealtimeTopQ610Ip_mac_muladd_16s_16s_34s_34_3_1_DSP48_0_U/m_reg_reg is absorbed into DSP empty_604_fu_804_reg.
DSP Report: operator mac_muladd_16s_16s_34s_34_3_1_U1476/SubbandRealtimeTopQ610Ip_mac_muladd_16s_16s_34s_34_3_1_DSP48_0_U/p is absorbed into DSP empty_604_fu_804_reg.
DSP Report: operator mac_muladd_16s_16s_34s_34_3_1_U1476/SubbandRealtimeTopQ610Ip_mac_muladd_16s_16s_34s_34_3_1_DSP48_0_U/m is absorbed into DSP empty_604_fu_804_reg.
DSP Report: Generating DSP empty_605_fu_808_reg, operation Mode is: (P+(A2*B'')')'.
DSP Report: register empty_605_fu_808_reg is absorbed into DSP empty_605_fu_808_reg.
DSP Report: register empty_605_fu_808_reg is absorbed into DSP empty_605_fu_808_reg.
DSP Report: register mac_muladd_16s_16s_34s_34_3_1_U1477/SubbandRealtimeTopQ610Ip_mac_muladd_16s_16s_34s_34_3_1_DSP48_0_U/a_reg_reg is absorbed into DSP empty_605_fu_808_reg.
DSP Report: register empty_605_fu_808_reg is absorbed into DSP empty_605_fu_808_reg.
DSP Report: register mac_muladd_16s_16s_34s_34_3_1_U1477/SubbandRealtimeTopQ610Ip_mac_muladd_16s_16s_34s_34_3_1_DSP48_0_U/m_reg_reg is absorbed into DSP empty_605_fu_808_reg.
DSP Report: operator mac_muladd_16s_16s_34s_34_3_1_U1477/SubbandRealtimeTopQ610Ip_mac_muladd_16s_16s_34s_34_3_1_DSP48_0_U/p is absorbed into DSP empty_605_fu_808_reg.
DSP Report: operator mac_muladd_16s_16s_34s_34_3_1_U1477/SubbandRealtimeTopQ610Ip_mac_muladd_16s_16s_34s_34_3_1_DSP48_0_U/m is absorbed into DSP empty_605_fu_808_reg.
DSP Report: Generating DSP empty_606_fu_812_reg, operation Mode is: (P+(A2*B'')')'.
DSP Report: register empty_606_fu_812_reg is absorbed into DSP empty_606_fu_812_reg.
DSP Report: register empty_606_fu_812_reg is absorbed into DSP empty_606_fu_812_reg.
DSP Report: register mac_muladd_16s_16s_34s_34_3_1_U1478/SubbandRealtimeTopQ610Ip_mac_muladd_16s_16s_34s_34_3_1_DSP48_0_U/a_reg_reg is absorbed into DSP empty_606_fu_812_reg.
DSP Report: register empty_606_fu_812_reg is absorbed into DSP empty_606_fu_812_reg.
DSP Report: register mac_muladd_16s_16s_34s_34_3_1_U1478/SubbandRealtimeTopQ610Ip_mac_muladd_16s_16s_34s_34_3_1_DSP48_0_U/m_reg_reg is absorbed into DSP empty_606_fu_812_reg.
DSP Report: operator mac_muladd_16s_16s_34s_34_3_1_U1478/SubbandRealtimeTopQ610Ip_mac_muladd_16s_16s_34s_34_3_1_DSP48_0_U/p is absorbed into DSP empty_606_fu_812_reg.
DSP Report: operator mac_muladd_16s_16s_34s_34_3_1_U1478/SubbandRealtimeTopQ610Ip_mac_muladd_16s_16s_34s_34_3_1_DSP48_0_U/m is absorbed into DSP empty_606_fu_812_reg.
DSP Report: Generating DSP empty_607_fu_816_reg, operation Mode is: (P+(A2*B'')')'.
DSP Report: register empty_607_fu_816_reg is absorbed into DSP empty_607_fu_816_reg.
DSP Report: register empty_607_fu_816_reg is absorbed into DSP empty_607_fu_816_reg.
DSP Report: register mac_muladd_16s_16s_34s_34_3_1_U1479/SubbandRealtimeTopQ610Ip_mac_muladd_16s_16s_34s_34_3_1_DSP48_0_U/a_reg_reg is absorbed into DSP empty_607_fu_816_reg.
DSP Report: register empty_607_fu_816_reg is absorbed into DSP empty_607_fu_816_reg.
DSP Report: register mac_muladd_16s_16s_34s_34_3_1_U1479/SubbandRealtimeTopQ610Ip_mac_muladd_16s_16s_34s_34_3_1_DSP48_0_U/m_reg_reg is absorbed into DSP empty_607_fu_816_reg.
DSP Report: operator mac_muladd_16s_16s_34s_34_3_1_U1479/SubbandRealtimeTopQ610Ip_mac_muladd_16s_16s_34s_34_3_1_DSP48_0_U/p is absorbed into DSP empty_607_fu_816_reg.
DSP Report: operator mac_muladd_16s_16s_34s_34_3_1_U1479/SubbandRealtimeTopQ610Ip_mac_muladd_16s_16s_34s_34_3_1_DSP48_0_U/m is absorbed into DSP empty_607_fu_816_reg.
DSP Report: Generating DSP empty_608_fu_820_reg, operation Mode is: (P+(A2*B'')')'.
DSP Report: register empty_608_fu_820_reg is absorbed into DSP empty_608_fu_820_reg.
DSP Report: register empty_608_fu_820_reg is absorbed into DSP empty_608_fu_820_reg.
DSP Report: register mac_muladd_16s_16s_34s_34_3_1_U1480/SubbandRealtimeTopQ610Ip_mac_muladd_16s_16s_34s_34_3_1_DSP48_0_U/a_reg_reg is absorbed into DSP empty_608_fu_820_reg.
DSP Report: register empty_608_fu_820_reg is absorbed into DSP empty_608_fu_820_reg.
DSP Report: register mac_muladd_16s_16s_34s_34_3_1_U1480/SubbandRealtimeTopQ610Ip_mac_muladd_16s_16s_34s_34_3_1_DSP48_0_U/m_reg_reg is absorbed into DSP empty_608_fu_820_reg.
DSP Report: operator mac_muladd_16s_16s_34s_34_3_1_U1480/SubbandRealtimeTopQ610Ip_mac_muladd_16s_16s_34s_34_3_1_DSP48_0_U/p is absorbed into DSP empty_608_fu_820_reg.
DSP Report: operator mac_muladd_16s_16s_34s_34_3_1_U1480/SubbandRealtimeTopQ610Ip_mac_muladd_16s_16s_34s_34_3_1_DSP48_0_U/m is absorbed into DSP empty_608_fu_820_reg.
DSP Report: Generating DSP empty_609_fu_824_reg, operation Mode is: (P+(A2*B'')')'.
DSP Report: register empty_609_fu_824_reg is absorbed into DSP empty_609_fu_824_reg.
DSP Report: register empty_609_fu_824_reg is absorbed into DSP empty_609_fu_824_reg.
DSP Report: register mac_muladd_16s_16s_34s_34_3_1_U1481/SubbandRealtimeTopQ610Ip_mac_muladd_16s_16s_34s_34_3_1_DSP48_0_U/a_reg_reg is absorbed into DSP empty_609_fu_824_reg.
DSP Report: register empty_609_fu_824_reg is absorbed into DSP empty_609_fu_824_reg.
DSP Report: register mac_muladd_16s_16s_34s_34_3_1_U1481/SubbandRealtimeTopQ610Ip_mac_muladd_16s_16s_34s_34_3_1_DSP48_0_U/m_reg_reg is absorbed into DSP empty_609_fu_824_reg.
DSP Report: operator mac_muladd_16s_16s_34s_34_3_1_U1481/SubbandRealtimeTopQ610Ip_mac_muladd_16s_16s_34s_34_3_1_DSP48_0_U/p is absorbed into DSP empty_609_fu_824_reg.
DSP Report: operator mac_muladd_16s_16s_34s_34_3_1_U1481/SubbandRealtimeTopQ610Ip_mac_muladd_16s_16s_34s_34_3_1_DSP48_0_U/m is absorbed into DSP empty_609_fu_824_reg.
DSP Report: Generating DSP empty_610_fu_828_reg, operation Mode is: (P+(A2*B'')')'.
DSP Report: register empty_610_fu_828_reg is absorbed into DSP empty_610_fu_828_reg.
DSP Report: register empty_610_fu_828_reg is absorbed into DSP empty_610_fu_828_reg.
DSP Report: register mac_muladd_16s_16s_34s_34_3_1_U1482/SubbandRealtimeTopQ610Ip_mac_muladd_16s_16s_34s_34_3_1_DSP48_0_U/a_reg_reg is absorbed into DSP empty_610_fu_828_reg.
DSP Report: register empty_610_fu_828_reg is absorbed into DSP empty_610_fu_828_reg.
DSP Report: register mac_muladd_16s_16s_34s_34_3_1_U1482/SubbandRealtimeTopQ610Ip_mac_muladd_16s_16s_34s_34_3_1_DSP48_0_U/m_reg_reg is absorbed into DSP empty_610_fu_828_reg.
DSP Report: operator mac_muladd_16s_16s_34s_34_3_1_U1482/SubbandRealtimeTopQ610Ip_mac_muladd_16s_16s_34s_34_3_1_DSP48_0_U/p is absorbed into DSP empty_610_fu_828_reg.
DSP Report: operator mac_muladd_16s_16s_34s_34_3_1_U1482/SubbandRealtimeTopQ610Ip_mac_muladd_16s_16s_34s_34_3_1_DSP48_0_U/m is absorbed into DSP empty_610_fu_828_reg.
DSP Report: Generating DSP empty_611_fu_832_reg, operation Mode is: (P+(A2*B'')')'.
DSP Report: register empty_611_fu_832_reg is absorbed into DSP empty_611_fu_832_reg.
DSP Report: register empty_611_fu_832_reg is absorbed into DSP empty_611_fu_832_reg.
DSP Report: register mac_muladd_16s_16s_34s_34_3_1_U1483/SubbandRealtimeTopQ610Ip_mac_muladd_16s_16s_34s_34_3_1_DSP48_0_U/a_reg_reg is absorbed into DSP empty_611_fu_832_reg.
DSP Report: register empty_611_fu_832_reg is absorbed into DSP empty_611_fu_832_reg.
DSP Report: register mac_muladd_16s_16s_34s_34_3_1_U1483/SubbandRealtimeTopQ610Ip_mac_muladd_16s_16s_34s_34_3_1_DSP48_0_U/m_reg_reg is absorbed into DSP empty_611_fu_832_reg.
DSP Report: operator mac_muladd_16s_16s_34s_34_3_1_U1483/SubbandRealtimeTopQ610Ip_mac_muladd_16s_16s_34s_34_3_1_DSP48_0_U/p is absorbed into DSP empty_611_fu_832_reg.
DSP Report: operator mac_muladd_16s_16s_34s_34_3_1_U1483/SubbandRealtimeTopQ610Ip_mac_muladd_16s_16s_34s_34_3_1_DSP48_0_U/m is absorbed into DSP empty_611_fu_832_reg.
DSP Report: Generating DSP empty_612_fu_836_reg, operation Mode is: (P+(A2*B'')')'.
DSP Report: register empty_612_fu_836_reg is absorbed into DSP empty_612_fu_836_reg.
DSP Report: register empty_612_fu_836_reg is absorbed into DSP empty_612_fu_836_reg.
DSP Report: register mac_muladd_16s_16s_34s_34_3_1_U1484/SubbandRealtimeTopQ610Ip_mac_muladd_16s_16s_34s_34_3_1_DSP48_0_U/a_reg_reg is absorbed into DSP empty_612_fu_836_reg.
DSP Report: register empty_612_fu_836_reg is absorbed into DSP empty_612_fu_836_reg.
DSP Report: register mac_muladd_16s_16s_34s_34_3_1_U1484/SubbandRealtimeTopQ610Ip_mac_muladd_16s_16s_34s_34_3_1_DSP48_0_U/m_reg_reg is absorbed into DSP empty_612_fu_836_reg.
DSP Report: operator mac_muladd_16s_16s_34s_34_3_1_U1484/SubbandRealtimeTopQ610Ip_mac_muladd_16s_16s_34s_34_3_1_DSP48_0_U/p is absorbed into DSP empty_612_fu_836_reg.
DSP Report: operator mac_muladd_16s_16s_34s_34_3_1_U1484/SubbandRealtimeTopQ610Ip_mac_muladd_16s_16s_34s_34_3_1_DSP48_0_U/m is absorbed into DSP empty_612_fu_836_reg.
DSP Report: Generating DSP empty_613_fu_840_reg, operation Mode is: (P+(A2*B'')')'.
DSP Report: register empty_613_fu_840_reg is absorbed into DSP empty_613_fu_840_reg.
DSP Report: register empty_613_fu_840_reg is absorbed into DSP empty_613_fu_840_reg.
DSP Report: register mac_muladd_16s_16s_34s_34_3_1_U1485/SubbandRealtimeTopQ610Ip_mac_muladd_16s_16s_34s_34_3_1_DSP48_0_U/a_reg_reg is absorbed into DSP empty_613_fu_840_reg.
DSP Report: register empty_613_fu_840_reg is absorbed into DSP empty_613_fu_840_reg.
DSP Report: register mac_muladd_16s_16s_34s_34_3_1_U1485/SubbandRealtimeTopQ610Ip_mac_muladd_16s_16s_34s_34_3_1_DSP48_0_U/m_reg_reg is absorbed into DSP empty_613_fu_840_reg.
DSP Report: operator mac_muladd_16s_16s_34s_34_3_1_U1485/SubbandRealtimeTopQ610Ip_mac_muladd_16s_16s_34s_34_3_1_DSP48_0_U/p is absorbed into DSP empty_613_fu_840_reg.
DSP Report: operator mac_muladd_16s_16s_34s_34_3_1_U1485/SubbandRealtimeTopQ610Ip_mac_muladd_16s_16s_34s_34_3_1_DSP48_0_U/m is absorbed into DSP empty_613_fu_840_reg.
DSP Report: Generating DSP empty_614_fu_844_reg, operation Mode is: (P+(A2*B'')')'.
DSP Report: register empty_614_fu_844_reg is absorbed into DSP empty_614_fu_844_reg.
DSP Report: register empty_614_fu_844_reg is absorbed into DSP empty_614_fu_844_reg.
DSP Report: register mac_muladd_16s_16s_34s_34_3_1_U1486/SubbandRealtimeTopQ610Ip_mac_muladd_16s_16s_34s_34_3_1_DSP48_0_U/a_reg_reg is absorbed into DSP empty_614_fu_844_reg.
DSP Report: register empty_614_fu_844_reg is absorbed into DSP empty_614_fu_844_reg.
DSP Report: register mac_muladd_16s_16s_34s_34_3_1_U1486/SubbandRealtimeTopQ610Ip_mac_muladd_16s_16s_34s_34_3_1_DSP48_0_U/m_reg_reg is absorbed into DSP empty_614_fu_844_reg.
DSP Report: operator mac_muladd_16s_16s_34s_34_3_1_U1486/SubbandRealtimeTopQ610Ip_mac_muladd_16s_16s_34s_34_3_1_DSP48_0_U/p is absorbed into DSP empty_614_fu_844_reg.
DSP Report: operator mac_muladd_16s_16s_34s_34_3_1_U1486/SubbandRealtimeTopQ610Ip_mac_muladd_16s_16s_34s_34_3_1_DSP48_0_U/m is absorbed into DSP empty_614_fu_844_reg.
DSP Report: Generating DSP empty_615_fu_848_reg, operation Mode is: (P+(A2*B'')')'.
DSP Report: register empty_615_fu_848_reg is absorbed into DSP empty_615_fu_848_reg.
DSP Report: register empty_615_fu_848_reg is absorbed into DSP empty_615_fu_848_reg.
DSP Report: register mac_muladd_16s_16s_34s_34_3_1_U1487/SubbandRealtimeTopQ610Ip_mac_muladd_16s_16s_34s_34_3_1_DSP48_0_U/a_reg_reg is absorbed into DSP empty_615_fu_848_reg.
DSP Report: register empty_615_fu_848_reg is absorbed into DSP empty_615_fu_848_reg.
DSP Report: register mac_muladd_16s_16s_34s_34_3_1_U1487/SubbandRealtimeTopQ610Ip_mac_muladd_16s_16s_34s_34_3_1_DSP48_0_U/m_reg_reg is absorbed into DSP empty_615_fu_848_reg.
DSP Report: operator mac_muladd_16s_16s_34s_34_3_1_U1487/SubbandRealtimeTopQ610Ip_mac_muladd_16s_16s_34s_34_3_1_DSP48_0_U/p is absorbed into DSP empty_615_fu_848_reg.
DSP Report: operator mac_muladd_16s_16s_34s_34_3_1_U1487/SubbandRealtimeTopQ610Ip_mac_muladd_16s_16s_34s_34_3_1_DSP48_0_U/m is absorbed into DSP empty_615_fu_848_reg.
DSP Report: Generating DSP empty_616_fu_852_reg, operation Mode is: (P+(A2*B'')')'.
DSP Report: register empty_616_fu_852_reg is absorbed into DSP empty_616_fu_852_reg.
DSP Report: register empty_616_fu_852_reg is absorbed into DSP empty_616_fu_852_reg.
DSP Report: register mac_muladd_16s_16s_34s_34_3_1_U1488/SubbandRealtimeTopQ610Ip_mac_muladd_16s_16s_34s_34_3_1_DSP48_0_U/a_reg_reg is absorbed into DSP empty_616_fu_852_reg.
DSP Report: register empty_616_fu_852_reg is absorbed into DSP empty_616_fu_852_reg.
DSP Report: register mac_muladd_16s_16s_34s_34_3_1_U1488/SubbandRealtimeTopQ610Ip_mac_muladd_16s_16s_34s_34_3_1_DSP48_0_U/m_reg_reg is absorbed into DSP empty_616_fu_852_reg.
DSP Report: operator mac_muladd_16s_16s_34s_34_3_1_U1488/SubbandRealtimeTopQ610Ip_mac_muladd_16s_16s_34s_34_3_1_DSP48_0_U/p is absorbed into DSP empty_616_fu_852_reg.
DSP Report: operator mac_muladd_16s_16s_34s_34_3_1_U1488/SubbandRealtimeTopQ610Ip_mac_muladd_16s_16s_34s_34_3_1_DSP48_0_U/m is absorbed into DSP empty_616_fu_852_reg.
DSP Report: Generating DSP empty_617_fu_856_reg, operation Mode is: (P+(A2*B'')')'.
DSP Report: register empty_617_fu_856_reg is absorbed into DSP empty_617_fu_856_reg.
DSP Report: register empty_617_fu_856_reg is absorbed into DSP empty_617_fu_856_reg.
DSP Report: register mac_muladd_16s_16s_34s_34_3_1_U1489/SubbandRealtimeTopQ610Ip_mac_muladd_16s_16s_34s_34_3_1_DSP48_0_U/a_reg_reg is absorbed into DSP empty_617_fu_856_reg.
DSP Report: register empty_617_fu_856_reg is absorbed into DSP empty_617_fu_856_reg.
DSP Report: register mac_muladd_16s_16s_34s_34_3_1_U1489/SubbandRealtimeTopQ610Ip_mac_muladd_16s_16s_34s_34_3_1_DSP48_0_U/m_reg_reg is absorbed into DSP empty_617_fu_856_reg.
DSP Report: operator mac_muladd_16s_16s_34s_34_3_1_U1489/SubbandRealtimeTopQ610Ip_mac_muladd_16s_16s_34s_34_3_1_DSP48_0_U/p is absorbed into DSP empty_617_fu_856_reg.
DSP Report: operator mac_muladd_16s_16s_34s_34_3_1_U1489/SubbandRealtimeTopQ610Ip_mac_muladd_16s_16s_34s_34_3_1_DSP48_0_U/m is absorbed into DSP empty_617_fu_856_reg.
DSP Report: Generating DSP empty_618_fu_860_reg, operation Mode is: (P+(A2*B'')')'.
DSP Report: register empty_618_fu_860_reg is absorbed into DSP empty_618_fu_860_reg.
DSP Report: register empty_618_fu_860_reg is absorbed into DSP empty_618_fu_860_reg.
DSP Report: register mac_muladd_16s_16s_34s_34_3_1_U1490/SubbandRealtimeTopQ610Ip_mac_muladd_16s_16s_34s_34_3_1_DSP48_0_U/a_reg_reg is absorbed into DSP empty_618_fu_860_reg.
DSP Report: register empty_618_fu_860_reg is absorbed into DSP empty_618_fu_860_reg.
DSP Report: register mac_muladd_16s_16s_34s_34_3_1_U1490/SubbandRealtimeTopQ610Ip_mac_muladd_16s_16s_34s_34_3_1_DSP48_0_U/m_reg_reg is absorbed into DSP empty_618_fu_860_reg.
DSP Report: operator mac_muladd_16s_16s_34s_34_3_1_U1490/SubbandRealtimeTopQ610Ip_mac_muladd_16s_16s_34s_34_3_1_DSP48_0_U/p is absorbed into DSP empty_618_fu_860_reg.
DSP Report: operator mac_muladd_16s_16s_34s_34_3_1_U1490/SubbandRealtimeTopQ610Ip_mac_muladd_16s_16s_34s_34_3_1_DSP48_0_U/m is absorbed into DSP empty_618_fu_860_reg.
DSP Report: Generating DSP empty_619_fu_864_reg, operation Mode is: (P+(A2*B'')')'.
DSP Report: register empty_619_fu_864_reg is absorbed into DSP empty_619_fu_864_reg.
DSP Report: register empty_619_fu_864_reg is absorbed into DSP empty_619_fu_864_reg.
DSP Report: register mac_muladd_16s_16s_34s_34_3_1_U1491/SubbandRealtimeTopQ610Ip_mac_muladd_16s_16s_34s_34_3_1_DSP48_0_U/a_reg_reg is absorbed into DSP empty_619_fu_864_reg.
DSP Report: register empty_619_fu_864_reg is absorbed into DSP empty_619_fu_864_reg.
DSP Report: register mac_muladd_16s_16s_34s_34_3_1_U1491/SubbandRealtimeTopQ610Ip_mac_muladd_16s_16s_34s_34_3_1_DSP48_0_U/m_reg_reg is absorbed into DSP empty_619_fu_864_reg.
DSP Report: operator mac_muladd_16s_16s_34s_34_3_1_U1491/SubbandRealtimeTopQ610Ip_mac_muladd_16s_16s_34s_34_3_1_DSP48_0_U/p is absorbed into DSP empty_619_fu_864_reg.
DSP Report: operator mac_muladd_16s_16s_34s_34_3_1_U1491/SubbandRealtimeTopQ610Ip_mac_muladd_16s_16s_34s_34_3_1_DSP48_0_U/m is absorbed into DSP empty_619_fu_864_reg.
DSP Report: Generating DSP empty_620_fu_868_reg, operation Mode is: (P+(A2*B'')')'.
DSP Report: register empty_620_fu_868_reg is absorbed into DSP empty_620_fu_868_reg.
DSP Report: register empty_620_fu_868_reg is absorbed into DSP empty_620_fu_868_reg.
DSP Report: register mac_muladd_16s_16s_34s_34_3_1_U1492/SubbandRealtimeTopQ610Ip_mac_muladd_16s_16s_34s_34_3_1_DSP48_0_U/a_reg_reg is absorbed into DSP empty_620_fu_868_reg.
DSP Report: register empty_620_fu_868_reg is absorbed into DSP empty_620_fu_868_reg.
DSP Report: register mac_muladd_16s_16s_34s_34_3_1_U1492/SubbandRealtimeTopQ610Ip_mac_muladd_16s_16s_34s_34_3_1_DSP48_0_U/m_reg_reg is absorbed into DSP empty_620_fu_868_reg.
DSP Report: operator mac_muladd_16s_16s_34s_34_3_1_U1492/SubbandRealtimeTopQ610Ip_mac_muladd_16s_16s_34s_34_3_1_DSP48_0_U/p is absorbed into DSP empty_620_fu_868_reg.
DSP Report: operator mac_muladd_16s_16s_34s_34_3_1_U1492/SubbandRealtimeTopQ610Ip_mac_muladd_16s_16s_34s_34_3_1_DSP48_0_U/m is absorbed into DSP empty_620_fu_868_reg.
DSP Report: Generating DSP empty_621_fu_872_reg, operation Mode is: (P+(A2*B'')')'.
DSP Report: register empty_621_fu_872_reg is absorbed into DSP empty_621_fu_872_reg.
DSP Report: register empty_621_fu_872_reg is absorbed into DSP empty_621_fu_872_reg.
DSP Report: register mac_muladd_16s_16s_34s_34_3_1_U1493/SubbandRealtimeTopQ610Ip_mac_muladd_16s_16s_34s_34_3_1_DSP48_0_U/a_reg_reg is absorbed into DSP empty_621_fu_872_reg.
DSP Report: register empty_621_fu_872_reg is absorbed into DSP empty_621_fu_872_reg.
DSP Report: register mac_muladd_16s_16s_34s_34_3_1_U1493/SubbandRealtimeTopQ610Ip_mac_muladd_16s_16s_34s_34_3_1_DSP48_0_U/m_reg_reg is absorbed into DSP empty_621_fu_872_reg.
DSP Report: operator mac_muladd_16s_16s_34s_34_3_1_U1493/SubbandRealtimeTopQ610Ip_mac_muladd_16s_16s_34s_34_3_1_DSP48_0_U/p is absorbed into DSP empty_621_fu_872_reg.
DSP Report: operator mac_muladd_16s_16s_34s_34_3_1_U1493/SubbandRealtimeTopQ610Ip_mac_muladd_16s_16s_34s_34_3_1_DSP48_0_U/m is absorbed into DSP empty_621_fu_872_reg.
DSP Report: Generating DSP empty_622_fu_876_reg, operation Mode is: (P+(A2*B'')')'.
DSP Report: register empty_622_fu_876_reg is absorbed into DSP empty_622_fu_876_reg.
DSP Report: register empty_622_fu_876_reg is absorbed into DSP empty_622_fu_876_reg.
DSP Report: register mac_muladd_16s_16s_34s_34_3_1_U1494/SubbandRealtimeTopQ610Ip_mac_muladd_16s_16s_34s_34_3_1_DSP48_0_U/a_reg_reg is absorbed into DSP empty_622_fu_876_reg.
DSP Report: register empty_622_fu_876_reg is absorbed into DSP empty_622_fu_876_reg.
DSP Report: register mac_muladd_16s_16s_34s_34_3_1_U1494/SubbandRealtimeTopQ610Ip_mac_muladd_16s_16s_34s_34_3_1_DSP48_0_U/m_reg_reg is absorbed into DSP empty_622_fu_876_reg.
DSP Report: operator mac_muladd_16s_16s_34s_34_3_1_U1494/SubbandRealtimeTopQ610Ip_mac_muladd_16s_16s_34s_34_3_1_DSP48_0_U/p is absorbed into DSP empty_622_fu_876_reg.
DSP Report: operator mac_muladd_16s_16s_34s_34_3_1_U1494/SubbandRealtimeTopQ610Ip_mac_muladd_16s_16s_34s_34_3_1_DSP48_0_U/m is absorbed into DSP empty_622_fu_876_reg.
DSP Report: Generating DSP empty_623_fu_880_reg, operation Mode is: (P+(A2*B'')')'.
DSP Report: register empty_623_fu_880_reg is absorbed into DSP empty_623_fu_880_reg.
DSP Report: register empty_623_fu_880_reg is absorbed into DSP empty_623_fu_880_reg.
DSP Report: register mac_muladd_16s_16s_34s_34_3_1_U1495/SubbandRealtimeTopQ610Ip_mac_muladd_16s_16s_34s_34_3_1_DSP48_0_U/a_reg_reg is absorbed into DSP empty_623_fu_880_reg.
DSP Report: register empty_623_fu_880_reg is absorbed into DSP empty_623_fu_880_reg.
DSP Report: register mac_muladd_16s_16s_34s_34_3_1_U1495/SubbandRealtimeTopQ610Ip_mac_muladd_16s_16s_34s_34_3_1_DSP48_0_U/m_reg_reg is absorbed into DSP empty_623_fu_880_reg.
DSP Report: operator mac_muladd_16s_16s_34s_34_3_1_U1495/SubbandRealtimeTopQ610Ip_mac_muladd_16s_16s_34s_34_3_1_DSP48_0_U/p is absorbed into DSP empty_623_fu_880_reg.
DSP Report: operator mac_muladd_16s_16s_34s_34_3_1_U1495/SubbandRealtimeTopQ610Ip_mac_muladd_16s_16s_34s_34_3_1_DSP48_0_U/m is absorbed into DSP empty_623_fu_880_reg.
DSP Report: Generating DSP empty_624_fu_884_reg, operation Mode is: (P+(A2*B'')')'.
DSP Report: register empty_624_fu_884_reg is absorbed into DSP empty_624_fu_884_reg.
DSP Report: register empty_624_fu_884_reg is absorbed into DSP empty_624_fu_884_reg.
DSP Report: register mac_muladd_16s_16s_34s_34_3_1_U1496/SubbandRealtimeTopQ610Ip_mac_muladd_16s_16s_34s_34_3_1_DSP48_0_U/a_reg_reg is absorbed into DSP empty_624_fu_884_reg.
DSP Report: register empty_624_fu_884_reg is absorbed into DSP empty_624_fu_884_reg.
DSP Report: register mac_muladd_16s_16s_34s_34_3_1_U1496/SubbandRealtimeTopQ610Ip_mac_muladd_16s_16s_34s_34_3_1_DSP48_0_U/m_reg_reg is absorbed into DSP empty_624_fu_884_reg.
DSP Report: operator mac_muladd_16s_16s_34s_34_3_1_U1496/SubbandRealtimeTopQ610Ip_mac_muladd_16s_16s_34s_34_3_1_DSP48_0_U/p is absorbed into DSP empty_624_fu_884_reg.
DSP Report: operator mac_muladd_16s_16s_34s_34_3_1_U1496/SubbandRealtimeTopQ610Ip_mac_muladd_16s_16s_34s_34_3_1_DSP48_0_U/m is absorbed into DSP empty_624_fu_884_reg.
DSP Report: Generating DSP empty_625_fu_888_reg, operation Mode is: (P+(A2*B'')')'.
DSP Report: register empty_625_fu_888_reg is absorbed into DSP empty_625_fu_888_reg.
DSP Report: register empty_625_fu_888_reg is absorbed into DSP empty_625_fu_888_reg.
DSP Report: register mac_muladd_16s_16s_34s_34_3_1_U1497/SubbandRealtimeTopQ610Ip_mac_muladd_16s_16s_34s_34_3_1_DSP48_0_U/a_reg_reg is absorbed into DSP empty_625_fu_888_reg.
DSP Report: register empty_625_fu_888_reg is absorbed into DSP empty_625_fu_888_reg.
DSP Report: register mac_muladd_16s_16s_34s_34_3_1_U1497/SubbandRealtimeTopQ610Ip_mac_muladd_16s_16s_34s_34_3_1_DSP48_0_U/m_reg_reg is absorbed into DSP empty_625_fu_888_reg.
DSP Report: operator mac_muladd_16s_16s_34s_34_3_1_U1497/SubbandRealtimeTopQ610Ip_mac_muladd_16s_16s_34s_34_3_1_DSP48_0_U/p is absorbed into DSP empty_625_fu_888_reg.
DSP Report: operator mac_muladd_16s_16s_34s_34_3_1_U1497/SubbandRealtimeTopQ610Ip_mac_muladd_16s_16s_34s_34_3_1_DSP48_0_U/m is absorbed into DSP empty_625_fu_888_reg.
DSP Report: Generating DSP empty_626_fu_892_reg, operation Mode is: (P+(A2*B'')')'.
DSP Report: register empty_626_fu_892_reg is absorbed into DSP empty_626_fu_892_reg.
DSP Report: register empty_626_fu_892_reg is absorbed into DSP empty_626_fu_892_reg.
DSP Report: register mac_muladd_16s_16s_34s_34_3_1_U1498/SubbandRealtimeTopQ610Ip_mac_muladd_16s_16s_34s_34_3_1_DSP48_0_U/a_reg_reg is absorbed into DSP empty_626_fu_892_reg.
DSP Report: register empty_626_fu_892_reg is absorbed into DSP empty_626_fu_892_reg.
DSP Report: register mac_muladd_16s_16s_34s_34_3_1_U1498/SubbandRealtimeTopQ610Ip_mac_muladd_16s_16s_34s_34_3_1_DSP48_0_U/m_reg_reg is absorbed into DSP empty_626_fu_892_reg.
DSP Report: operator mac_muladd_16s_16s_34s_34_3_1_U1498/SubbandRealtimeTopQ610Ip_mac_muladd_16s_16s_34s_34_3_1_DSP48_0_U/p is absorbed into DSP empty_626_fu_892_reg.
DSP Report: operator mac_muladd_16s_16s_34s_34_3_1_U1498/SubbandRealtimeTopQ610Ip_mac_muladd_16s_16s_34s_34_3_1_DSP48_0_U/m is absorbed into DSP empty_626_fu_892_reg.
DSP Report: Generating DSP empty_627_fu_896_reg, operation Mode is: (P+(A2*B'')')'.
DSP Report: register empty_627_fu_896_reg is absorbed into DSP empty_627_fu_896_reg.
DSP Report: register empty_627_fu_896_reg is absorbed into DSP empty_627_fu_896_reg.
DSP Report: register mac_muladd_16s_16s_34s_34_3_1_U1499/SubbandRealtimeTopQ610Ip_mac_muladd_16s_16s_34s_34_3_1_DSP48_0_U/a_reg_reg is absorbed into DSP empty_627_fu_896_reg.
DSP Report: register empty_627_fu_896_reg is absorbed into DSP empty_627_fu_896_reg.
DSP Report: register mac_muladd_16s_16s_34s_34_3_1_U1499/SubbandRealtimeTopQ610Ip_mac_muladd_16s_16s_34s_34_3_1_DSP48_0_U/m_reg_reg is absorbed into DSP empty_627_fu_896_reg.
DSP Report: operator mac_muladd_16s_16s_34s_34_3_1_U1499/SubbandRealtimeTopQ610Ip_mac_muladd_16s_16s_34s_34_3_1_DSP48_0_U/p is absorbed into DSP empty_627_fu_896_reg.
DSP Report: operator mac_muladd_16s_16s_34s_34_3_1_U1499/SubbandRealtimeTopQ610Ip_mac_muladd_16s_16s_34s_34_3_1_DSP48_0_U/m is absorbed into DSP empty_627_fu_896_reg.
DSP Report: Generating DSP empty_628_fu_900_reg, operation Mode is: (P+(A2*B'')')'.
DSP Report: register empty_628_fu_900_reg is absorbed into DSP empty_628_fu_900_reg.
DSP Report: register empty_628_fu_900_reg is absorbed into DSP empty_628_fu_900_reg.
DSP Report: register mac_muladd_16s_16s_34s_34_3_1_U1500/SubbandRealtimeTopQ610Ip_mac_muladd_16s_16s_34s_34_3_1_DSP48_0_U/a_reg_reg is absorbed into DSP empty_628_fu_900_reg.
DSP Report: register empty_628_fu_900_reg is absorbed into DSP empty_628_fu_900_reg.
DSP Report: register mac_muladd_16s_16s_34s_34_3_1_U1500/SubbandRealtimeTopQ610Ip_mac_muladd_16s_16s_34s_34_3_1_DSP48_0_U/m_reg_reg is absorbed into DSP empty_628_fu_900_reg.
DSP Report: operator mac_muladd_16s_16s_34s_34_3_1_U1500/SubbandRealtimeTopQ610Ip_mac_muladd_16s_16s_34s_34_3_1_DSP48_0_U/p is absorbed into DSP empty_628_fu_900_reg.
DSP Report: operator mac_muladd_16s_16s_34s_34_3_1_U1500/SubbandRealtimeTopQ610Ip_mac_muladd_16s_16s_34s_34_3_1_DSP48_0_U/m is absorbed into DSP empty_628_fu_900_reg.
DSP Report: Generating DSP empty_fu_776_reg, operation Mode is: (P+(A''*B2)')'.
DSP Report: register mac_muladd_16s_16s_34s_34_3_1_U2115/SubbandRealtimeTopQ610Ip_mac_muladd_16s_16s_34s_34_3_1_DSP48_0_U/a_reg_reg is absorbed into DSP empty_fu_776_reg.
DSP Report: register empty_fu_776_reg is absorbed into DSP empty_fu_776_reg.
DSP Report: register empty_fu_776_reg is absorbed into DSP empty_fu_776_reg.
DSP Report: register empty_fu_776_reg is absorbed into DSP empty_fu_776_reg.
DSP Report: register mac_muladd_16s_16s_34s_34_3_1_U2115/SubbandRealtimeTopQ610Ip_mac_muladd_16s_16s_34s_34_3_1_DSP48_0_U/m_reg_reg is absorbed into DSP empty_fu_776_reg.
DSP Report: operator mac_muladd_16s_16s_34s_34_3_1_U2115/SubbandRealtimeTopQ610Ip_mac_muladd_16s_16s_34s_34_3_1_DSP48_0_U/p is absorbed into DSP empty_fu_776_reg.
DSP Report: operator mac_muladd_16s_16s_34s_34_3_1_U2115/SubbandRealtimeTopQ610Ip_mac_muladd_16s_16s_34s_34_3_1_DSP48_0_U/m is absorbed into DSP empty_fu_776_reg.
DSP Report: Generating DSP empty_536_fu_780_reg, operation Mode is: (P+(A2*B'')')'.
DSP Report: register empty_536_fu_780_reg is absorbed into DSP empty_536_fu_780_reg.
DSP Report: register empty_536_fu_780_reg is absorbed into DSP empty_536_fu_780_reg.
DSP Report: register mac_muladd_16s_16s_34s_34_3_1_U2116/SubbandRealtimeTopQ610Ip_mac_muladd_16s_16s_34s_34_3_1_DSP48_0_U/a_reg_reg is absorbed into DSP empty_536_fu_780_reg.
DSP Report: register empty_536_fu_780_reg is absorbed into DSP empty_536_fu_780_reg.
DSP Report: register mac_muladd_16s_16s_34s_34_3_1_U2116/SubbandRealtimeTopQ610Ip_mac_muladd_16s_16s_34s_34_3_1_DSP48_0_U/m_reg_reg is absorbed into DSP empty_536_fu_780_reg.
DSP Report: operator mac_muladd_16s_16s_34s_34_3_1_U2116/SubbandRealtimeTopQ610Ip_mac_muladd_16s_16s_34s_34_3_1_DSP48_0_U/p is absorbed into DSP empty_536_fu_780_reg.
DSP Report: operator mac_muladd_16s_16s_34s_34_3_1_U2116/SubbandRealtimeTopQ610Ip_mac_muladd_16s_16s_34s_34_3_1_DSP48_0_U/m is absorbed into DSP empty_536_fu_780_reg.
DSP Report: Generating DSP empty_537_fu_784_reg, operation Mode is: (P+(A2*B'')')'.
DSP Report: register empty_537_fu_784_reg is absorbed into DSP empty_537_fu_784_reg.
DSP Report: register empty_537_fu_784_reg is absorbed into DSP empty_537_fu_784_reg.
DSP Report: register mac_muladd_16s_16s_34s_34_3_1_U2117/SubbandRealtimeTopQ610Ip_mac_muladd_16s_16s_34s_34_3_1_DSP48_0_U/a_reg_reg is absorbed into DSP empty_537_fu_784_reg.
DSP Report: register empty_537_fu_784_reg is absorbed into DSP empty_537_fu_784_reg.
DSP Report: register mac_muladd_16s_16s_34s_34_3_1_U2117/SubbandRealtimeTopQ610Ip_mac_muladd_16s_16s_34s_34_3_1_DSP48_0_U/m_reg_reg is absorbed into DSP empty_537_fu_784_reg.
DSP Report: operator mac_muladd_16s_16s_34s_34_3_1_U2117/SubbandRealtimeTopQ610Ip_mac_muladd_16s_16s_34s_34_3_1_DSP48_0_U/p is absorbed into DSP empty_537_fu_784_reg.
DSP Report: operator mac_muladd_16s_16s_34s_34_3_1_U2117/SubbandRealtimeTopQ610Ip_mac_muladd_16s_16s_34s_34_3_1_DSP48_0_U/m is absorbed into DSP empty_537_fu_784_reg.
DSP Report: Generating DSP empty_538_fu_788_reg, operation Mode is: (P+(A2*B'')')'.
DSP Report: register empty_538_fu_788_reg is absorbed into DSP empty_538_fu_788_reg.
DSP Report: register empty_538_fu_788_reg is absorbed into DSP empty_538_fu_788_reg.
DSP Report: register mac_muladd_16s_16s_34s_34_3_1_U2118/SubbandRealtimeTopQ610Ip_mac_muladd_16s_16s_34s_34_3_1_DSP48_0_U/a_reg_reg is absorbed into DSP empty_538_fu_788_reg.
DSP Report: register empty_538_fu_788_reg is absorbed into DSP empty_538_fu_788_reg.
DSP Report: register mac_muladd_16s_16s_34s_34_3_1_U2118/SubbandRealtimeTopQ610Ip_mac_muladd_16s_16s_34s_34_3_1_DSP48_0_U/m_reg_reg is absorbed into DSP empty_538_fu_788_reg.
DSP Report: operator mac_muladd_16s_16s_34s_34_3_1_U2118/SubbandRealtimeTopQ610Ip_mac_muladd_16s_16s_34s_34_3_1_DSP48_0_U/p is absorbed into DSP empty_538_fu_788_reg.
DSP Report: operator mac_muladd_16s_16s_34s_34_3_1_U2118/SubbandRealtimeTopQ610Ip_mac_muladd_16s_16s_34s_34_3_1_DSP48_0_U/m is absorbed into DSP empty_538_fu_788_reg.
DSP Report: Generating DSP empty_539_fu_792_reg, operation Mode is: (P+(A2*B'')')'.
DSP Report: register empty_539_fu_792_reg is absorbed into DSP empty_539_fu_792_reg.
DSP Report: register empty_539_fu_792_reg is absorbed into DSP empty_539_fu_792_reg.
DSP Report: register mac_muladd_16s_16s_34s_34_3_1_U2119/SubbandRealtimeTopQ610Ip_mac_muladd_16s_16s_34s_34_3_1_DSP48_0_U/a_reg_reg is absorbed into DSP empty_539_fu_792_reg.
DSP Report: register empty_539_fu_792_reg is absorbed into DSP empty_539_fu_792_reg.
DSP Report: register mac_muladd_16s_16s_34s_34_3_1_U2119/SubbandRealtimeTopQ610Ip_mac_muladd_16s_16s_34s_34_3_1_DSP48_0_U/m_reg_reg is absorbed into DSP empty_539_fu_792_reg.
DSP Report: operator mac_muladd_16s_16s_34s_34_3_1_U2119/SubbandRealtimeTopQ610Ip_mac_muladd_16s_16s_34s_34_3_1_DSP48_0_U/p is absorbed into DSP empty_539_fu_792_reg.
DSP Report: operator mac_muladd_16s_16s_34s_34_3_1_U2119/SubbandRealtimeTopQ610Ip_mac_muladd_16s_16s_34s_34_3_1_DSP48_0_U/m is absorbed into DSP empty_539_fu_792_reg.
DSP Report: Generating DSP empty_540_fu_796_reg, operation Mode is: (P+(A2*B'')')'.
DSP Report: register empty_540_fu_796_reg is absorbed into DSP empty_540_fu_796_reg.
DSP Report: register empty_540_fu_796_reg is absorbed into DSP empty_540_fu_796_reg.
DSP Report: register mac_muladd_16s_16s_34s_34_3_1_U2120/SubbandRealtimeTopQ610Ip_mac_muladd_16s_16s_34s_34_3_1_DSP48_0_U/a_reg_reg is absorbed into DSP empty_540_fu_796_reg.
DSP Report: register empty_540_fu_796_reg is absorbed into DSP empty_540_fu_796_reg.
DSP Report: register mac_muladd_16s_16s_34s_34_3_1_U2120/SubbandRealtimeTopQ610Ip_mac_muladd_16s_16s_34s_34_3_1_DSP48_0_U/m_reg_reg is absorbed into DSP empty_540_fu_796_reg.
DSP Report: operator mac_muladd_16s_16s_34s_34_3_1_U2120/SubbandRealtimeTopQ610Ip_mac_muladd_16s_16s_34s_34_3_1_DSP48_0_U/p is absorbed into DSP empty_540_fu_796_reg.
DSP Report: operator mac_muladd_16s_16s_34s_34_3_1_U2120/SubbandRealtimeTopQ610Ip_mac_muladd_16s_16s_34s_34_3_1_DSP48_0_U/m is absorbed into DSP empty_540_fu_796_reg.
DSP Report: Generating DSP empty_541_fu_800_reg, operation Mode is: (P+(A2*B'')')'.
DSP Report: register empty_541_fu_800_reg is absorbed into DSP empty_541_fu_800_reg.
DSP Report: register empty_541_fu_800_reg is absorbed into DSP empty_541_fu_800_reg.
DSP Report: register mac_muladd_16s_16s_34s_34_3_1_U2121/SubbandRealtimeTopQ610Ip_mac_muladd_16s_16s_34s_34_3_1_DSP48_0_U/a_reg_reg is absorbed into DSP empty_541_fu_800_reg.
DSP Report: register empty_541_fu_800_reg is absorbed into DSP empty_541_fu_800_reg.
DSP Report: register mac_muladd_16s_16s_34s_34_3_1_U2121/SubbandRealtimeTopQ610Ip_mac_muladd_16s_16s_34s_34_3_1_DSP48_0_U/m_reg_reg is absorbed into DSP empty_541_fu_800_reg.
DSP Report: operator mac_muladd_16s_16s_34s_34_3_1_U2121/SubbandRealtimeTopQ610Ip_mac_muladd_16s_16s_34s_34_3_1_DSP48_0_U/p is absorbed into DSP empty_541_fu_800_reg.
DSP Report: operator mac_muladd_16s_16s_34s_34_3_1_U2121/SubbandRealtimeTopQ610Ip_mac_muladd_16s_16s_34s_34_3_1_DSP48_0_U/m is absorbed into DSP empty_541_fu_800_reg.
DSP Report: Generating DSP empty_542_fu_804_reg, operation Mode is: (P+(A2*B'')')'.
DSP Report: register empty_542_fu_804_reg is absorbed into DSP empty_542_fu_804_reg.
DSP Report: register empty_542_fu_804_reg is absorbed into DSP empty_542_fu_804_reg.
DSP Report: register mac_muladd_16s_16s_34s_34_3_1_U2122/SubbandRealtimeTopQ610Ip_mac_muladd_16s_16s_34s_34_3_1_DSP48_0_U/a_reg_reg is absorbed into DSP empty_542_fu_804_reg.
DSP Report: register empty_542_fu_804_reg is absorbed into DSP empty_542_fu_804_reg.
DSP Report: register mac_muladd_16s_16s_34s_34_3_1_U2122/SubbandRealtimeTopQ610Ip_mac_muladd_16s_16s_34s_34_3_1_DSP48_0_U/m_reg_reg is absorbed into DSP empty_542_fu_804_reg.
DSP Report: operator mac_muladd_16s_16s_34s_34_3_1_U2122/SubbandRealtimeTopQ610Ip_mac_muladd_16s_16s_34s_34_3_1_DSP48_0_U/p is absorbed into DSP empty_542_fu_804_reg.
DSP Report: operator mac_muladd_16s_16s_34s_34_3_1_U2122/SubbandRealtimeTopQ610Ip_mac_muladd_16s_16s_34s_34_3_1_DSP48_0_U/m is absorbed into DSP empty_542_fu_804_reg.
DSP Report: Generating DSP empty_543_fu_808_reg, operation Mode is: (P+(A2*B'')')'.
DSP Report: register empty_543_fu_808_reg is absorbed into DSP empty_543_fu_808_reg.
DSP Report: register empty_543_fu_808_reg is absorbed into DSP empty_543_fu_808_reg.
DSP Report: register mac_muladd_16s_16s_34s_34_3_1_U2123/SubbandRealtimeTopQ610Ip_mac_muladd_16s_16s_34s_34_3_1_DSP48_0_U/a_reg_reg is absorbed into DSP empty_543_fu_808_reg.
DSP Report: register empty_543_fu_808_reg is absorbed into DSP empty_543_fu_808_reg.
DSP Report: register mac_muladd_16s_16s_34s_34_3_1_U2123/SubbandRealtimeTopQ610Ip_mac_muladd_16s_16s_34s_34_3_1_DSP48_0_U/m_reg_reg is absorbed into DSP empty_543_fu_808_reg.
DSP Report: operator mac_muladd_16s_16s_34s_34_3_1_U2123/SubbandRealtimeTopQ610Ip_mac_muladd_16s_16s_34s_34_3_1_DSP48_0_U/p is absorbed into DSP empty_543_fu_808_reg.
DSP Report: operator mac_muladd_16s_16s_34s_34_3_1_U2123/SubbandRealtimeTopQ610Ip_mac_muladd_16s_16s_34s_34_3_1_DSP48_0_U/m is absorbed into DSP empty_543_fu_808_reg.
DSP Report: Generating DSP empty_544_fu_812_reg, operation Mode is: (P+(A2*B'')')'.
DSP Report: register empty_544_fu_812_reg is absorbed into DSP empty_544_fu_812_reg.
DSP Report: register empty_544_fu_812_reg is absorbed into DSP empty_544_fu_812_reg.
DSP Report: register mac_muladd_16s_16s_34s_34_3_1_U2124/SubbandRealtimeTopQ610Ip_mac_muladd_16s_16s_34s_34_3_1_DSP48_0_U/a_reg_reg is absorbed into DSP empty_544_fu_812_reg.
DSP Report: register empty_544_fu_812_reg is absorbed into DSP empty_544_fu_812_reg.
DSP Report: register mac_muladd_16s_16s_34s_34_3_1_U2124/SubbandRealtimeTopQ610Ip_mac_muladd_16s_16s_34s_34_3_1_DSP48_0_U/m_reg_reg is absorbed into DSP empty_544_fu_812_reg.
DSP Report: operator mac_muladd_16s_16s_34s_34_3_1_U2124/SubbandRealtimeTopQ610Ip_mac_muladd_16s_16s_34s_34_3_1_DSP48_0_U/p is absorbed into DSP empty_544_fu_812_reg.
DSP Report: operator mac_muladd_16s_16s_34s_34_3_1_U2124/SubbandRealtimeTopQ610Ip_mac_muladd_16s_16s_34s_34_3_1_DSP48_0_U/m is absorbed into DSP empty_544_fu_812_reg.
DSP Report: Generating DSP empty_545_fu_816_reg, operation Mode is: (P+(A2*B'')')'.
DSP Report: register empty_545_fu_816_reg is absorbed into DSP empty_545_fu_816_reg.
DSP Report: register empty_545_fu_816_reg is absorbed into DSP empty_545_fu_816_reg.
DSP Report: register mac_muladd_16s_16s_34s_34_3_1_U2125/SubbandRealtimeTopQ610Ip_mac_muladd_16s_16s_34s_34_3_1_DSP48_0_U/a_reg_reg is absorbed into DSP empty_545_fu_816_reg.
DSP Report: register empty_545_fu_816_reg is absorbed into DSP empty_545_fu_816_reg.
DSP Report: register mac_muladd_16s_16s_34s_34_3_1_U2125/SubbandRealtimeTopQ610Ip_mac_muladd_16s_16s_34s_34_3_1_DSP48_0_U/m_reg_reg is absorbed into DSP empty_545_fu_816_reg.
DSP Report: operator mac_muladd_16s_16s_34s_34_3_1_U2125/SubbandRealtimeTopQ610Ip_mac_muladd_16s_16s_34s_34_3_1_DSP48_0_U/p is absorbed into DSP empty_545_fu_816_reg.
DSP Report: operator mac_muladd_16s_16s_34s_34_3_1_U2125/SubbandRealtimeTopQ610Ip_mac_muladd_16s_16s_34s_34_3_1_DSP48_0_U/m is absorbed into DSP empty_545_fu_816_reg.
DSP Report: Generating DSP empty_546_fu_820_reg, operation Mode is: (P+(A2*B'')')'.
DSP Report: register empty_546_fu_820_reg is absorbed into DSP empty_546_fu_820_reg.
DSP Report: register empty_546_fu_820_reg is absorbed into DSP empty_546_fu_820_reg.
DSP Report: register mac_muladd_16s_16s_34s_34_3_1_U2126/SubbandRealtimeTopQ610Ip_mac_muladd_16s_16s_34s_34_3_1_DSP48_0_U/a_reg_reg is absorbed into DSP empty_546_fu_820_reg.
DSP Report: register empty_546_fu_820_reg is absorbed into DSP empty_546_fu_820_reg.
DSP Report: register mac_muladd_16s_16s_34s_34_3_1_U2126/SubbandRealtimeTopQ610Ip_mac_muladd_16s_16s_34s_34_3_1_DSP48_0_U/m_reg_reg is absorbed into DSP empty_546_fu_820_reg.
DSP Report: operator mac_muladd_16s_16s_34s_34_3_1_U2126/SubbandRealtimeTopQ610Ip_mac_muladd_16s_16s_34s_34_3_1_DSP48_0_U/p is absorbed into DSP empty_546_fu_820_reg.
DSP Report: operator mac_muladd_16s_16s_34s_34_3_1_U2126/SubbandRealtimeTopQ610Ip_mac_muladd_16s_16s_34s_34_3_1_DSP48_0_U/m is absorbed into DSP empty_546_fu_820_reg.
DSP Report: Generating DSP empty_547_fu_824_reg, operation Mode is: (P+(A2*B'')')'.
DSP Report: register empty_547_fu_824_reg is absorbed into DSP empty_547_fu_824_reg.
DSP Report: register empty_547_fu_824_reg is absorbed into DSP empty_547_fu_824_reg.
DSP Report: register mac_muladd_16s_16s_34s_34_3_1_U2127/SubbandRealtimeTopQ610Ip_mac_muladd_16s_16s_34s_34_3_1_DSP48_0_U/a_reg_reg is absorbed into DSP empty_547_fu_824_reg.
DSP Report: register empty_547_fu_824_reg is absorbed into DSP empty_547_fu_824_reg.
DSP Report: register mac_muladd_16s_16s_34s_34_3_1_U2127/SubbandRealtimeTopQ610Ip_mac_muladd_16s_16s_34s_34_3_1_DSP48_0_U/m_reg_reg is absorbed into DSP empty_547_fu_824_reg.
DSP Report: operator mac_muladd_16s_16s_34s_34_3_1_U2127/SubbandRealtimeTopQ610Ip_mac_muladd_16s_16s_34s_34_3_1_DSP48_0_U/p is absorbed into DSP empty_547_fu_824_reg.
DSP Report: operator mac_muladd_16s_16s_34s_34_3_1_U2127/SubbandRealtimeTopQ610Ip_mac_muladd_16s_16s_34s_34_3_1_DSP48_0_U/m is absorbed into DSP empty_547_fu_824_reg.
DSP Report: Generating DSP empty_548_fu_828_reg, operation Mode is: (P+(A2*B'')')'.
DSP Report: register empty_548_fu_828_reg is absorbed into DSP empty_548_fu_828_reg.
DSP Report: register empty_548_fu_828_reg is absorbed into DSP empty_548_fu_828_reg.
DSP Report: register mac_muladd_16s_16s_34s_34_3_1_U2128/SubbandRealtimeTopQ610Ip_mac_muladd_16s_16s_34s_34_3_1_DSP48_0_U/a_reg_reg is absorbed into DSP empty_548_fu_828_reg.
DSP Report: register empty_548_fu_828_reg is absorbed into DSP empty_548_fu_828_reg.
DSP Report: register mac_muladd_16s_16s_34s_34_3_1_U2128/SubbandRealtimeTopQ610Ip_mac_muladd_16s_16s_34s_34_3_1_DSP48_0_U/m_reg_reg is absorbed into DSP empty_548_fu_828_reg.
DSP Report: operator mac_muladd_16s_16s_34s_34_3_1_U2128/SubbandRealtimeTopQ610Ip_mac_muladd_16s_16s_34s_34_3_1_DSP48_0_U/p is absorbed into DSP empty_548_fu_828_reg.
DSP Report: operator mac_muladd_16s_16s_34s_34_3_1_U2128/SubbandRealtimeTopQ610Ip_mac_muladd_16s_16s_34s_34_3_1_DSP48_0_U/m is absorbed into DSP empty_548_fu_828_reg.
DSP Report: Generating DSP empty_549_fu_832_reg, operation Mode is: (P+(A2*B'')')'.
DSP Report: register empty_549_fu_832_reg is absorbed into DSP empty_549_fu_832_reg.
DSP Report: register empty_549_fu_832_reg is absorbed into DSP empty_549_fu_832_reg.
DSP Report: register mac_muladd_16s_16s_34s_34_3_1_U2129/SubbandRealtimeTopQ610Ip_mac_muladd_16s_16s_34s_34_3_1_DSP48_0_U/a_reg_reg is absorbed into DSP empty_549_fu_832_reg.
DSP Report: register empty_549_fu_832_reg is absorbed into DSP empty_549_fu_832_reg.
DSP Report: register mac_muladd_16s_16s_34s_34_3_1_U2129/SubbandRealtimeTopQ610Ip_mac_muladd_16s_16s_34s_34_3_1_DSP48_0_U/m_reg_reg is absorbed into DSP empty_549_fu_832_reg.
DSP Report: operator mac_muladd_16s_16s_34s_34_3_1_U2129/SubbandRealtimeTopQ610Ip_mac_muladd_16s_16s_34s_34_3_1_DSP48_0_U/p is absorbed into DSP empty_549_fu_832_reg.
DSP Report: operator mac_muladd_16s_16s_34s_34_3_1_U2129/SubbandRealtimeTopQ610Ip_mac_muladd_16s_16s_34s_34_3_1_DSP48_0_U/m is absorbed into DSP empty_549_fu_832_reg.
DSP Report: Generating DSP empty_550_fu_836_reg, operation Mode is: (P+(A2*B'')')'.
DSP Report: register empty_550_fu_836_reg is absorbed into DSP empty_550_fu_836_reg.
DSP Report: register empty_550_fu_836_reg is absorbed into DSP empty_550_fu_836_reg.
DSP Report: register mac_muladd_16s_16s_34s_34_3_1_U2130/SubbandRealtimeTopQ610Ip_mac_muladd_16s_16s_34s_34_3_1_DSP48_0_U/a_reg_reg is absorbed into DSP empty_550_fu_836_reg.
DSP Report: register empty_550_fu_836_reg is absorbed into DSP empty_550_fu_836_reg.
DSP Report: register mac_muladd_16s_16s_34s_34_3_1_U2130/SubbandRealtimeTopQ610Ip_mac_muladd_16s_16s_34s_34_3_1_DSP48_0_U/m_reg_reg is absorbed into DSP empty_550_fu_836_reg.
DSP Report: operator mac_muladd_16s_16s_34s_34_3_1_U2130/SubbandRealtimeTopQ610Ip_mac_muladd_16s_16s_34s_34_3_1_DSP48_0_U/p is absorbed into DSP empty_550_fu_836_reg.
DSP Report: operator mac_muladd_16s_16s_34s_34_3_1_U2130/SubbandRealtimeTopQ610Ip_mac_muladd_16s_16s_34s_34_3_1_DSP48_0_U/m is absorbed into DSP empty_550_fu_836_reg.
DSP Report: Generating DSP empty_551_fu_840_reg, operation Mode is: (P+(A2*B'')')'.
DSP Report: register empty_551_fu_840_reg is absorbed into DSP empty_551_fu_840_reg.
DSP Report: register empty_551_fu_840_reg is absorbed into DSP empty_551_fu_840_reg.
DSP Report: register mac_muladd_16s_16s_34s_34_3_1_U2131/SubbandRealtimeTopQ610Ip_mac_muladd_16s_16s_34s_34_3_1_DSP48_0_U/a_reg_reg is absorbed into DSP empty_551_fu_840_reg.
DSP Report: register empty_551_fu_840_reg is absorbed into DSP empty_551_fu_840_reg.
DSP Report: register mac_muladd_16s_16s_34s_34_3_1_U2131/SubbandRealtimeTopQ610Ip_mac_muladd_16s_16s_34s_34_3_1_DSP48_0_U/m_reg_reg is absorbed into DSP empty_551_fu_840_reg.
DSP Report: operator mac_muladd_16s_16s_34s_34_3_1_U2131/SubbandRealtimeTopQ610Ip_mac_muladd_16s_16s_34s_34_3_1_DSP48_0_U/p is absorbed into DSP empty_551_fu_840_reg.
DSP Report: operator mac_muladd_16s_16s_34s_34_3_1_U2131/SubbandRealtimeTopQ610Ip_mac_muladd_16s_16s_34s_34_3_1_DSP48_0_U/m is absorbed into DSP empty_551_fu_840_reg.
DSP Report: Generating DSP empty_552_fu_844_reg, operation Mode is: (P+(A2*B'')')'.
DSP Report: register empty_552_fu_844_reg is absorbed into DSP empty_552_fu_844_reg.
DSP Report: register empty_552_fu_844_reg is absorbed into DSP empty_552_fu_844_reg.
DSP Report: register mac_muladd_16s_16s_34s_34_3_1_U2132/SubbandRealtimeTopQ610Ip_mac_muladd_16s_16s_34s_34_3_1_DSP48_0_U/a_reg_reg is absorbed into DSP empty_552_fu_844_reg.
DSP Report: register empty_552_fu_844_reg is absorbed into DSP empty_552_fu_844_reg.
DSP Report: register mac_muladd_16s_16s_34s_34_3_1_U2132/SubbandRealtimeTopQ610Ip_mac_muladd_16s_16s_34s_34_3_1_DSP48_0_U/m_reg_reg is absorbed into DSP empty_552_fu_844_reg.
DSP Report: operator mac_muladd_16s_16s_34s_34_3_1_U2132/SubbandRealtimeTopQ610Ip_mac_muladd_16s_16s_34s_34_3_1_DSP48_0_U/p is absorbed into DSP empty_552_fu_844_reg.
DSP Report: operator mac_muladd_16s_16s_34s_34_3_1_U2132/SubbandRealtimeTopQ610Ip_mac_muladd_16s_16s_34s_34_3_1_DSP48_0_U/m is absorbed into DSP empty_552_fu_844_reg.
DSP Report: Generating DSP empty_553_fu_848_reg, operation Mode is: (P+(A2*B'')')'.
DSP Report: register empty_553_fu_848_reg is absorbed into DSP empty_553_fu_848_reg.
DSP Report: register empty_553_fu_848_reg is absorbed into DSP empty_553_fu_848_reg.
DSP Report: register mac_muladd_16s_16s_34s_34_3_1_U2133/SubbandRealtimeTopQ610Ip_mac_muladd_16s_16s_34s_34_3_1_DSP48_0_U/a_reg_reg is absorbed into DSP empty_553_fu_848_reg.
DSP Report: register empty_553_fu_848_reg is absorbed into DSP empty_553_fu_848_reg.
DSP Report: register mac_muladd_16s_16s_34s_34_3_1_U2133/SubbandRealtimeTopQ610Ip_mac_muladd_16s_16s_34s_34_3_1_DSP48_0_U/m_reg_reg is absorbed into DSP empty_553_fu_848_reg.
DSP Report: operator mac_muladd_16s_16s_34s_34_3_1_U2133/SubbandRealtimeTopQ610Ip_mac_muladd_16s_16s_34s_34_3_1_DSP48_0_U/p is absorbed into DSP empty_553_fu_848_reg.
DSP Report: operator mac_muladd_16s_16s_34s_34_3_1_U2133/SubbandRealtimeTopQ610Ip_mac_muladd_16s_16s_34s_34_3_1_DSP48_0_U/m is absorbed into DSP empty_553_fu_848_reg.
DSP Report: Generating DSP empty_554_fu_852_reg, operation Mode is: (P+(A2*B'')')'.
DSP Report: register empty_554_fu_852_reg is absorbed into DSP empty_554_fu_852_reg.
DSP Report: register empty_554_fu_852_reg is absorbed into DSP empty_554_fu_852_reg.
DSP Report: register mac_muladd_16s_16s_34s_34_3_1_U2134/SubbandRealtimeTopQ610Ip_mac_muladd_16s_16s_34s_34_3_1_DSP48_0_U/a_reg_reg is absorbed into DSP empty_554_fu_852_reg.
DSP Report: register empty_554_fu_852_reg is absorbed into DSP empty_554_fu_852_reg.
DSP Report: register mac_muladd_16s_16s_34s_34_3_1_U2134/SubbandRealtimeTopQ610Ip_mac_muladd_16s_16s_34s_34_3_1_DSP48_0_U/m_reg_reg is absorbed into DSP empty_554_fu_852_reg.
DSP Report: operator mac_muladd_16s_16s_34s_34_3_1_U2134/SubbandRealtimeTopQ610Ip_mac_muladd_16s_16s_34s_34_3_1_DSP48_0_U/p is absorbed into DSP empty_554_fu_852_reg.
DSP Report: operator mac_muladd_16s_16s_34s_34_3_1_U2134/SubbandRealtimeTopQ610Ip_mac_muladd_16s_16s_34s_34_3_1_DSP48_0_U/m is absorbed into DSP empty_554_fu_852_reg.
DSP Report: Generating DSP empty_555_fu_856_reg, operation Mode is: (P+(A2*B'')')'.
DSP Report: register empty_555_fu_856_reg is absorbed into DSP empty_555_fu_856_reg.
DSP Report: register empty_555_fu_856_reg is absorbed into DSP empty_555_fu_856_reg.
DSP Report: register mac_muladd_16s_16s_34s_34_3_1_U2135/SubbandRealtimeTopQ610Ip_mac_muladd_16s_16s_34s_34_3_1_DSP48_0_U/a_reg_reg is absorbed into DSP empty_555_fu_856_reg.
DSP Report: register empty_555_fu_856_reg is absorbed into DSP empty_555_fu_856_reg.
DSP Report: register mac_muladd_16s_16s_34s_34_3_1_U2135/SubbandRealtimeTopQ610Ip_mac_muladd_16s_16s_34s_34_3_1_DSP48_0_U/m_reg_reg is absorbed into DSP empty_555_fu_856_reg.
DSP Report: operator mac_muladd_16s_16s_34s_34_3_1_U2135/SubbandRealtimeTopQ610Ip_mac_muladd_16s_16s_34s_34_3_1_DSP48_0_U/p is absorbed into DSP empty_555_fu_856_reg.
DSP Report: operator mac_muladd_16s_16s_34s_34_3_1_U2135/SubbandRealtimeTopQ610Ip_mac_muladd_16s_16s_34s_34_3_1_DSP48_0_U/m is absorbed into DSP empty_555_fu_856_reg.
DSP Report: Generating DSP empty_556_fu_860_reg, operation Mode is: (P+(A2*B'')')'.
DSP Report: register empty_556_fu_860_reg is absorbed into DSP empty_556_fu_860_reg.
DSP Report: register empty_556_fu_860_reg is absorbed into DSP empty_556_fu_860_reg.
DSP Report: register mac_muladd_16s_16s_34s_34_3_1_U2136/SubbandRealtimeTopQ610Ip_mac_muladd_16s_16s_34s_34_3_1_DSP48_0_U/a_reg_reg is absorbed into DSP empty_556_fu_860_reg.
DSP Report: register empty_556_fu_860_reg is absorbed into DSP empty_556_fu_860_reg.
DSP Report: register mac_muladd_16s_16s_34s_34_3_1_U2136/SubbandRealtimeTopQ610Ip_mac_muladd_16s_16s_34s_34_3_1_DSP48_0_U/m_reg_reg is absorbed into DSP empty_556_fu_860_reg.
DSP Report: operator mac_muladd_16s_16s_34s_34_3_1_U2136/SubbandRealtimeTopQ610Ip_mac_muladd_16s_16s_34s_34_3_1_DSP48_0_U/p is absorbed into DSP empty_556_fu_860_reg.
DSP Report: operator mac_muladd_16s_16s_34s_34_3_1_U2136/SubbandRealtimeTopQ610Ip_mac_muladd_16s_16s_34s_34_3_1_DSP48_0_U/m is absorbed into DSP empty_556_fu_860_reg.
DSP Report: Generating DSP empty_557_fu_864_reg, operation Mode is: (P+(A2*B'')')'.
DSP Report: register empty_557_fu_864_reg is absorbed into DSP empty_557_fu_864_reg.
DSP Report: register empty_557_fu_864_reg is absorbed into DSP empty_557_fu_864_reg.
DSP Report: register mac_muladd_16s_16s_34s_34_3_1_U2137/SubbandRealtimeTopQ610Ip_mac_muladd_16s_16s_34s_34_3_1_DSP48_0_U/a_reg_reg is absorbed into DSP empty_557_fu_864_reg.
DSP Report: register empty_557_fu_864_reg is absorbed into DSP empty_557_fu_864_reg.
DSP Report: register mac_muladd_16s_16s_34s_34_3_1_U2137/SubbandRealtimeTopQ610Ip_mac_muladd_16s_16s_34s_34_3_1_DSP48_0_U/m_reg_reg is absorbed into DSP empty_557_fu_864_reg.
DSP Report: operator mac_muladd_16s_16s_34s_34_3_1_U2137/SubbandRealtimeTopQ610Ip_mac_muladd_16s_16s_34s_34_3_1_DSP48_0_U/p is absorbed into DSP empty_557_fu_864_reg.
DSP Report: operator mac_muladd_16s_16s_34s_34_3_1_U2137/SubbandRealtimeTopQ610Ip_mac_muladd_16s_16s_34s_34_3_1_DSP48_0_U/m is absorbed into DSP empty_557_fu_864_reg.
DSP Report: Generating DSP empty_558_fu_868_reg, operation Mode is: (P+(A2*B'')')'.
DSP Report: register empty_558_fu_868_reg is absorbed into DSP empty_558_fu_868_reg.
DSP Report: register empty_558_fu_868_reg is absorbed into DSP empty_558_fu_868_reg.
DSP Report: register mac_muladd_16s_16s_34s_34_3_1_U2138/SubbandRealtimeTopQ610Ip_mac_muladd_16s_16s_34s_34_3_1_DSP48_0_U/a_reg_reg is absorbed into DSP empty_558_fu_868_reg.
DSP Report: register empty_558_fu_868_reg is absorbed into DSP empty_558_fu_868_reg.
DSP Report: register mac_muladd_16s_16s_34s_34_3_1_U2138/SubbandRealtimeTopQ610Ip_mac_muladd_16s_16s_34s_34_3_1_DSP48_0_U/m_reg_reg is absorbed into DSP empty_558_fu_868_reg.
DSP Report: operator mac_muladd_16s_16s_34s_34_3_1_U2138/SubbandRealtimeTopQ610Ip_mac_muladd_16s_16s_34s_34_3_1_DSP48_0_U/p is absorbed into DSP empty_558_fu_868_reg.
DSP Report: operator mac_muladd_16s_16s_34s_34_3_1_U2138/SubbandRealtimeTopQ610Ip_mac_muladd_16s_16s_34s_34_3_1_DSP48_0_U/m is absorbed into DSP empty_558_fu_868_reg.
DSP Report: Generating DSP empty_559_fu_872_reg, operation Mode is: (P+(A2*B'')')'.
DSP Report: register empty_559_fu_872_reg is absorbed into DSP empty_559_fu_872_reg.
DSP Report: register empty_559_fu_872_reg is absorbed into DSP empty_559_fu_872_reg.
DSP Report: register mac_muladd_16s_16s_34s_34_3_1_U2139/SubbandRealtimeTopQ610Ip_mac_muladd_16s_16s_34s_34_3_1_DSP48_0_U/a_reg_reg is absorbed into DSP empty_559_fu_872_reg.
DSP Report: register empty_559_fu_872_reg is absorbed into DSP empty_559_fu_872_reg.
DSP Report: register mac_muladd_16s_16s_34s_34_3_1_U2139/SubbandRealtimeTopQ610Ip_mac_muladd_16s_16s_34s_34_3_1_DSP48_0_U/m_reg_reg is absorbed into DSP empty_559_fu_872_reg.
DSP Report: operator mac_muladd_16s_16s_34s_34_3_1_U2139/SubbandRealtimeTopQ610Ip_mac_muladd_16s_16s_34s_34_3_1_DSP48_0_U/p is absorbed into DSP empty_559_fu_872_reg.
DSP Report: operator mac_muladd_16s_16s_34s_34_3_1_U2139/SubbandRealtimeTopQ610Ip_mac_muladd_16s_16s_34s_34_3_1_DSP48_0_U/m is absorbed into DSP empty_559_fu_872_reg.
DSP Report: Generating DSP empty_560_fu_876_reg, operation Mode is: (P+(A2*B'')')'.
DSP Report: register empty_560_fu_876_reg is absorbed into DSP empty_560_fu_876_reg.
DSP Report: register empty_560_fu_876_reg is absorbed into DSP empty_560_fu_876_reg.
DSP Report: register mac_muladd_16s_16s_34s_34_3_1_U2140/SubbandRealtimeTopQ610Ip_mac_muladd_16s_16s_34s_34_3_1_DSP48_0_U/a_reg_reg is absorbed into DSP empty_560_fu_876_reg.
DSP Report: register empty_560_fu_876_reg is absorbed into DSP empty_560_fu_876_reg.
DSP Report: register mac_muladd_16s_16s_34s_34_3_1_U2140/SubbandRealtimeTopQ610Ip_mac_muladd_16s_16s_34s_34_3_1_DSP48_0_U/m_reg_reg is absorbed into DSP empty_560_fu_876_reg.
DSP Report: operator mac_muladd_16s_16s_34s_34_3_1_U2140/SubbandRealtimeTopQ610Ip_mac_muladd_16s_16s_34s_34_3_1_DSP48_0_U/p is absorbed into DSP empty_560_fu_876_reg.
DSP Report: operator mac_muladd_16s_16s_34s_34_3_1_U2140/SubbandRealtimeTopQ610Ip_mac_muladd_16s_16s_34s_34_3_1_DSP48_0_U/m is absorbed into DSP empty_560_fu_876_reg.
DSP Report: Generating DSP empty_561_fu_880_reg, operation Mode is: (P+(A2*B'')')'.
DSP Report: register empty_561_fu_880_reg is absorbed into DSP empty_561_fu_880_reg.
DSP Report: register empty_561_fu_880_reg is absorbed into DSP empty_561_fu_880_reg.
DSP Report: register mac_muladd_16s_16s_34s_34_3_1_U2141/SubbandRealtimeTopQ610Ip_mac_muladd_16s_16s_34s_34_3_1_DSP48_0_U/a_reg_reg is absorbed into DSP empty_561_fu_880_reg.
DSP Report: register empty_561_fu_880_reg is absorbed into DSP empty_561_fu_880_reg.
DSP Report: register mac_muladd_16s_16s_34s_34_3_1_U2141/SubbandRealtimeTopQ610Ip_mac_muladd_16s_16s_34s_34_3_1_DSP48_0_U/m_reg_reg is absorbed into DSP empty_561_fu_880_reg.
DSP Report: operator mac_muladd_16s_16s_34s_34_3_1_U2141/SubbandRealtimeTopQ610Ip_mac_muladd_16s_16s_34s_34_3_1_DSP48_0_U/p is absorbed into DSP empty_561_fu_880_reg.
DSP Report: operator mac_muladd_16s_16s_34s_34_3_1_U2141/SubbandRealtimeTopQ610Ip_mac_muladd_16s_16s_34s_34_3_1_DSP48_0_U/m is absorbed into DSP empty_561_fu_880_reg.
DSP Report: Generating DSP empty_562_fu_884_reg, operation Mode is: (P+(A2*B'')')'.
DSP Report: register empty_562_fu_884_reg is absorbed into DSP empty_562_fu_884_reg.
DSP Report: register empty_562_fu_884_reg is absorbed into DSP empty_562_fu_884_reg.
DSP Report: register mac_muladd_16s_16s_34s_34_3_1_U2142/SubbandRealtimeTopQ610Ip_mac_muladd_16s_16s_34s_34_3_1_DSP48_0_U/a_reg_reg is absorbed into DSP empty_562_fu_884_reg.
DSP Report: register empty_562_fu_884_reg is absorbed into DSP empty_562_fu_884_reg.
DSP Report: register mac_muladd_16s_16s_34s_34_3_1_U2142/SubbandRealtimeTopQ610Ip_mac_muladd_16s_16s_34s_34_3_1_DSP48_0_U/m_reg_reg is absorbed into DSP empty_562_fu_884_reg.
DSP Report: operator mac_muladd_16s_16s_34s_34_3_1_U2142/SubbandRealtimeTopQ610Ip_mac_muladd_16s_16s_34s_34_3_1_DSP48_0_U/p is absorbed into DSP empty_562_fu_884_reg.
DSP Report: operator mac_muladd_16s_16s_34s_34_3_1_U2142/SubbandRealtimeTopQ610Ip_mac_muladd_16s_16s_34s_34_3_1_DSP48_0_U/m is absorbed into DSP empty_562_fu_884_reg.
DSP Report: Generating DSP empty_563_fu_888_reg, operation Mode is: (P+(A2*B'')')'.
DSP Report: register empty_563_fu_888_reg is absorbed into DSP empty_563_fu_888_reg.
DSP Report: register empty_563_fu_888_reg is absorbed into DSP empty_563_fu_888_reg.
DSP Report: register mac_muladd_16s_16s_34s_34_3_1_U2143/SubbandRealtimeTopQ610Ip_mac_muladd_16s_16s_34s_34_3_1_DSP48_0_U/a_reg_reg is absorbed into DSP empty_563_fu_888_reg.
DSP Report: register empty_563_fu_888_reg is absorbed into DSP empty_563_fu_888_reg.
DSP Report: register mac_muladd_16s_16s_34s_34_3_1_U2143/SubbandRealtimeTopQ610Ip_mac_muladd_16s_16s_34s_34_3_1_DSP48_0_U/m_reg_reg is absorbed into DSP empty_563_fu_888_reg.
DSP Report: operator mac_muladd_16s_16s_34s_34_3_1_U2143/SubbandRealtimeTopQ610Ip_mac_muladd_16s_16s_34s_34_3_1_DSP48_0_U/p is absorbed into DSP empty_563_fu_888_reg.
DSP Report: operator mac_muladd_16s_16s_34s_34_3_1_U2143/SubbandRealtimeTopQ610Ip_mac_muladd_16s_16s_34s_34_3_1_DSP48_0_U/m is absorbed into DSP empty_563_fu_888_reg.
DSP Report: Generating DSP empty_564_fu_892_reg, operation Mode is: (P+(A2*B'')')'.
DSP Report: register empty_564_fu_892_reg is absorbed into DSP empty_564_fu_892_reg.
DSP Report: register empty_564_fu_892_reg is absorbed into DSP empty_564_fu_892_reg.
DSP Report: register mac_muladd_16s_16s_34s_34_3_1_U2144/SubbandRealtimeTopQ610Ip_mac_muladd_16s_16s_34s_34_3_1_DSP48_0_U/a_reg_reg is absorbed into DSP empty_564_fu_892_reg.
DSP Report: register empty_564_fu_892_reg is absorbed into DSP empty_564_fu_892_reg.
DSP Report: register mac_muladd_16s_16s_34s_34_3_1_U2144/SubbandRealtimeTopQ610Ip_mac_muladd_16s_16s_34s_34_3_1_DSP48_0_U/m_reg_reg is absorbed into DSP empty_564_fu_892_reg.
DSP Report: operator mac_muladd_16s_16s_34s_34_3_1_U2144/SubbandRealtimeTopQ610Ip_mac_muladd_16s_16s_34s_34_3_1_DSP48_0_U/p is absorbed into DSP empty_564_fu_892_reg.
DSP Report: operator mac_muladd_16s_16s_34s_34_3_1_U2144/SubbandRealtimeTopQ610Ip_mac_muladd_16s_16s_34s_34_3_1_DSP48_0_U/m is absorbed into DSP empty_564_fu_892_reg.
DSP Report: Generating DSP empty_565_fu_896_reg, operation Mode is: (P+(A2*B'')')'.
DSP Report: register empty_565_fu_896_reg is absorbed into DSP empty_565_fu_896_reg.
DSP Report: register empty_565_fu_896_reg is absorbed into DSP empty_565_fu_896_reg.
DSP Report: register mac_muladd_16s_16s_34s_34_3_1_U2145/SubbandRealtimeTopQ610Ip_mac_muladd_16s_16s_34s_34_3_1_DSP48_0_U/a_reg_reg is absorbed into DSP empty_565_fu_896_reg.
DSP Report: register empty_565_fu_896_reg is absorbed into DSP empty_565_fu_896_reg.
DSP Report: register mac_muladd_16s_16s_34s_34_3_1_U2145/SubbandRealtimeTopQ610Ip_mac_muladd_16s_16s_34s_34_3_1_DSP48_0_U/m_reg_reg is absorbed into DSP empty_565_fu_896_reg.
DSP Report: operator mac_muladd_16s_16s_34s_34_3_1_U2145/SubbandRealtimeTopQ610Ip_mac_muladd_16s_16s_34s_34_3_1_DSP48_0_U/p is absorbed into DSP empty_565_fu_896_reg.
DSP Report: operator mac_muladd_16s_16s_34s_34_3_1_U2145/SubbandRealtimeTopQ610Ip_mac_muladd_16s_16s_34s_34_3_1_DSP48_0_U/m is absorbed into DSP empty_565_fu_896_reg.
DSP Report: Generating DSP empty_566_fu_900_reg, operation Mode is: (P+(A2*B'')')'.
DSP Report: register empty_566_fu_900_reg is absorbed into DSP empty_566_fu_900_reg.
DSP Report: register empty_566_fu_900_reg is absorbed into DSP empty_566_fu_900_reg.
DSP Report: register mac_muladd_16s_16s_34s_34_3_1_U2146/SubbandRealtimeTopQ610Ip_mac_muladd_16s_16s_34s_34_3_1_DSP48_0_U/a_reg_reg is absorbed into DSP empty_566_fu_900_reg.
DSP Report: register empty_566_fu_900_reg is absorbed into DSP empty_566_fu_900_reg.
DSP Report: register mac_muladd_16s_16s_34s_34_3_1_U2146/SubbandRealtimeTopQ610Ip_mac_muladd_16s_16s_34s_34_3_1_DSP48_0_U/m_reg_reg is absorbed into DSP empty_566_fu_900_reg.
DSP Report: operator mac_muladd_16s_16s_34s_34_3_1_U2146/SubbandRealtimeTopQ610Ip_mac_muladd_16s_16s_34s_34_3_1_DSP48_0_U/p is absorbed into DSP empty_566_fu_900_reg.
DSP Report: operator mac_muladd_16s_16s_34s_34_3_1_U2146/SubbandRealtimeTopQ610Ip_mac_muladd_16s_16s_34s_34_3_1_DSP48_0_U/m is absorbed into DSP empty_566_fu_900_reg.
DSP Report: Generating DSP empty_fu_776_reg, operation Mode is: (P+(A''*B2)')'.
DSP Report: register mac_muladd_16s_16s_34s_34_3_1_U2437/SubbandRealtimeTopQ610Ip_mac_muladd_16s_16s_34s_34_3_1_DSP48_0_U/a_reg_reg is absorbed into DSP empty_fu_776_reg.
DSP Report: register empty_fu_776_reg is absorbed into DSP empty_fu_776_reg.
DSP Report: register empty_fu_776_reg is absorbed into DSP empty_fu_776_reg.
DSP Report: register empty_fu_776_reg is absorbed into DSP empty_fu_776_reg.
DSP Report: register mac_muladd_16s_16s_34s_34_3_1_U2437/SubbandRealtimeTopQ610Ip_mac_muladd_16s_16s_34s_34_3_1_DSP48_0_U/m_reg_reg is absorbed into DSP empty_fu_776_reg.
DSP Report: operator mac_muladd_16s_16s_34s_34_3_1_U2437/SubbandRealtimeTopQ610Ip_mac_muladd_16s_16s_34s_34_3_1_DSP48_0_U/p is absorbed into DSP empty_fu_776_reg.
DSP Report: operator mac_muladd_16s_16s_34s_34_3_1_U2437/SubbandRealtimeTopQ610Ip_mac_muladd_16s_16s_34s_34_3_1_DSP48_0_U/m is absorbed into DSP empty_fu_776_reg.
DSP Report: Generating DSP empty_505_fu_780_reg, operation Mode is: (P+(A2*B'')')'.
DSP Report: register empty_505_fu_780_reg is absorbed into DSP empty_505_fu_780_reg.
DSP Report: register empty_505_fu_780_reg is absorbed into DSP empty_505_fu_780_reg.
DSP Report: register mac_muladd_16s_16s_34s_34_3_1_U2438/SubbandRealtimeTopQ610Ip_mac_muladd_16s_16s_34s_34_3_1_DSP48_0_U/a_reg_reg is absorbed into DSP empty_505_fu_780_reg.
DSP Report: register empty_505_fu_780_reg is absorbed into DSP empty_505_fu_780_reg.
DSP Report: register mac_muladd_16s_16s_34s_34_3_1_U2438/SubbandRealtimeTopQ610Ip_mac_muladd_16s_16s_34s_34_3_1_DSP48_0_U/m_reg_reg is absorbed into DSP empty_505_fu_780_reg.
DSP Report: operator mac_muladd_16s_16s_34s_34_3_1_U2438/SubbandRealtimeTopQ610Ip_mac_muladd_16s_16s_34s_34_3_1_DSP48_0_U/p is absorbed into DSP empty_505_fu_780_reg.
DSP Report: operator mac_muladd_16s_16s_34s_34_3_1_U2438/SubbandRealtimeTopQ610Ip_mac_muladd_16s_16s_34s_34_3_1_DSP48_0_U/m is absorbed into DSP empty_505_fu_780_reg.
DSP Report: Generating DSP empty_506_fu_784_reg, operation Mode is: (P+(A2*B'')')'.
DSP Report: register empty_506_fu_784_reg is absorbed into DSP empty_506_fu_784_reg.
DSP Report: register empty_506_fu_784_reg is absorbed into DSP empty_506_fu_784_reg.
DSP Report: register mac_muladd_16s_16s_34s_34_3_1_U2439/SubbandRealtimeTopQ610Ip_mac_muladd_16s_16s_34s_34_3_1_DSP48_0_U/a_reg_reg is absorbed into DSP empty_506_fu_784_reg.
DSP Report: register empty_506_fu_784_reg is absorbed into DSP empty_506_fu_784_reg.
DSP Report: register mac_muladd_16s_16s_34s_34_3_1_U2439/SubbandRealtimeTopQ610Ip_mac_muladd_16s_16s_34s_34_3_1_DSP48_0_U/m_reg_reg is absorbed into DSP empty_506_fu_784_reg.
DSP Report: operator mac_muladd_16s_16s_34s_34_3_1_U2439/SubbandRealtimeTopQ610Ip_mac_muladd_16s_16s_34s_34_3_1_DSP48_0_U/p is absorbed into DSP empty_506_fu_784_reg.
DSP Report: operator mac_muladd_16s_16s_34s_34_3_1_U2439/SubbandRealtimeTopQ610Ip_mac_muladd_16s_16s_34s_34_3_1_DSP48_0_U/m is absorbed into DSP empty_506_fu_784_reg.
DSP Report: Generating DSP empty_507_fu_788_reg, operation Mode is: (P+(A2*B'')')'.
DSP Report: register empty_507_fu_788_reg is absorbed into DSP empty_507_fu_788_reg.
DSP Report: register empty_507_fu_788_reg is absorbed into DSP empty_507_fu_788_reg.
DSP Report: register mac_muladd_16s_16s_34s_34_3_1_U2440/SubbandRealtimeTopQ610Ip_mac_muladd_16s_16s_34s_34_3_1_DSP48_0_U/a_reg_reg is absorbed into DSP empty_507_fu_788_reg.
DSP Report: register empty_507_fu_788_reg is absorbed into DSP empty_507_fu_788_reg.
DSP Report: register mac_muladd_16s_16s_34s_34_3_1_U2440/SubbandRealtimeTopQ610Ip_mac_muladd_16s_16s_34s_34_3_1_DSP48_0_U/m_reg_reg is absorbed into DSP empty_507_fu_788_reg.
DSP Report: operator mac_muladd_16s_16s_34s_34_3_1_U2440/SubbandRealtimeTopQ610Ip_mac_muladd_16s_16s_34s_34_3_1_DSP48_0_U/p is absorbed into DSP empty_507_fu_788_reg.
DSP Report: operator mac_muladd_16s_16s_34s_34_3_1_U2440/SubbandRealtimeTopQ610Ip_mac_muladd_16s_16s_34s_34_3_1_DSP48_0_U/m is absorbed into DSP empty_507_fu_788_reg.
DSP Report: Generating DSP empty_508_fu_792_reg, operation Mode is: (P+(A2*B'')')'.
DSP Report: register empty_508_fu_792_reg is absorbed into DSP empty_508_fu_792_reg.
DSP Report: register empty_508_fu_792_reg is absorbed into DSP empty_508_fu_792_reg.
DSP Report: register mac_muladd_16s_16s_34s_34_3_1_U2441/SubbandRealtimeTopQ610Ip_mac_muladd_16s_16s_34s_34_3_1_DSP48_0_U/a_reg_reg is absorbed into DSP empty_508_fu_792_reg.
DSP Report: register empty_508_fu_792_reg is absorbed into DSP empty_508_fu_792_reg.
DSP Report: register mac_muladd_16s_16s_34s_34_3_1_U2441/SubbandRealtimeTopQ610Ip_mac_muladd_16s_16s_34s_34_3_1_DSP48_0_U/m_reg_reg is absorbed into DSP empty_508_fu_792_reg.
DSP Report: operator mac_muladd_16s_16s_34s_34_3_1_U2441/SubbandRealtimeTopQ610Ip_mac_muladd_16s_16s_34s_34_3_1_DSP48_0_U/p is absorbed into DSP empty_508_fu_792_reg.
DSP Report: operator mac_muladd_16s_16s_34s_34_3_1_U2441/SubbandRealtimeTopQ610Ip_mac_muladd_16s_16s_34s_34_3_1_DSP48_0_U/m is absorbed into DSP empty_508_fu_792_reg.
DSP Report: Generating DSP empty_509_fu_796_reg, operation Mode is: (P+(A2*B'')')'.
DSP Report: register empty_509_fu_796_reg is absorbed into DSP empty_509_fu_796_reg.
DSP Report: register empty_509_fu_796_reg is absorbed into DSP empty_509_fu_796_reg.
DSP Report: register mac_muladd_16s_16s_34s_34_3_1_U2442/SubbandRealtimeTopQ610Ip_mac_muladd_16s_16s_34s_34_3_1_DSP48_0_U/a_reg_reg is absorbed into DSP empty_509_fu_796_reg.
DSP Report: register empty_509_fu_796_reg is absorbed into DSP empty_509_fu_796_reg.
DSP Report: register mac_muladd_16s_16s_34s_34_3_1_U2442/SubbandRealtimeTopQ610Ip_mac_muladd_16s_16s_34s_34_3_1_DSP48_0_U/m_reg_reg is absorbed into DSP empty_509_fu_796_reg.
DSP Report: operator mac_muladd_16s_16s_34s_34_3_1_U2442/SubbandRealtimeTopQ610Ip_mac_muladd_16s_16s_34s_34_3_1_DSP48_0_U/p is absorbed into DSP empty_509_fu_796_reg.
DSP Report: operator mac_muladd_16s_16s_34s_34_3_1_U2442/SubbandRealtimeTopQ610Ip_mac_muladd_16s_16s_34s_34_3_1_DSP48_0_U/m is absorbed into DSP empty_509_fu_796_reg.
DSP Report: Generating DSP empty_510_fu_800_reg, operation Mode is: (P+(A2*B'')')'.
DSP Report: register empty_510_fu_800_reg is absorbed into DSP empty_510_fu_800_reg.
DSP Report: register empty_510_fu_800_reg is absorbed into DSP empty_510_fu_800_reg.
DSP Report: register mac_muladd_16s_16s_34s_34_3_1_U2443/SubbandRealtimeTopQ610Ip_mac_muladd_16s_16s_34s_34_3_1_DSP48_0_U/a_reg_reg is absorbed into DSP empty_510_fu_800_reg.
DSP Report: register empty_510_fu_800_reg is absorbed into DSP empty_510_fu_800_reg.
DSP Report: register mac_muladd_16s_16s_34s_34_3_1_U2443/SubbandRealtimeTopQ610Ip_mac_muladd_16s_16s_34s_34_3_1_DSP48_0_U/m_reg_reg is absorbed into DSP empty_510_fu_800_reg.
DSP Report: operator mac_muladd_16s_16s_34s_34_3_1_U2443/SubbandRealtimeTopQ610Ip_mac_muladd_16s_16s_34s_34_3_1_DSP48_0_U/p is absorbed into DSP empty_510_fu_800_reg.
DSP Report: operator mac_muladd_16s_16s_34s_34_3_1_U2443/SubbandRealtimeTopQ610Ip_mac_muladd_16s_16s_34s_34_3_1_DSP48_0_U/m is absorbed into DSP empty_510_fu_800_reg.
DSP Report: Generating DSP empty_511_fu_804_reg, operation Mode is: (P+(A2*B'')')'.
DSP Report: register empty_511_fu_804_reg is absorbed into DSP empty_511_fu_804_reg.
DSP Report: register empty_511_fu_804_reg is absorbed into DSP empty_511_fu_804_reg.
DSP Report: register mac_muladd_16s_16s_34s_34_3_1_U2444/SubbandRealtimeTopQ610Ip_mac_muladd_16s_16s_34s_34_3_1_DSP48_0_U/a_reg_reg is absorbed into DSP empty_511_fu_804_reg.
DSP Report: register empty_511_fu_804_reg is absorbed into DSP empty_511_fu_804_reg.
DSP Report: register mac_muladd_16s_16s_34s_34_3_1_U2444/SubbandRealtimeTopQ610Ip_mac_muladd_16s_16s_34s_34_3_1_DSP48_0_U/m_reg_reg is absorbed into DSP empty_511_fu_804_reg.
DSP Report: operator mac_muladd_16s_16s_34s_34_3_1_U2444/SubbandRealtimeTopQ610Ip_mac_muladd_16s_16s_34s_34_3_1_DSP48_0_U/p is absorbed into DSP empty_511_fu_804_reg.
DSP Report: operator mac_muladd_16s_16s_34s_34_3_1_U2444/SubbandRealtimeTopQ610Ip_mac_muladd_16s_16s_34s_34_3_1_DSP48_0_U/m is absorbed into DSP empty_511_fu_804_reg.
DSP Report: Generating DSP empty_512_fu_808_reg, operation Mode is: (P+(A2*B'')')'.
DSP Report: register empty_512_fu_808_reg is absorbed into DSP empty_512_fu_808_reg.
DSP Report: register empty_512_fu_808_reg is absorbed into DSP empty_512_fu_808_reg.
DSP Report: register mac_muladd_16s_16s_34s_34_3_1_U2445/SubbandRealtimeTopQ610Ip_mac_muladd_16s_16s_34s_34_3_1_DSP48_0_U/a_reg_reg is absorbed into DSP empty_512_fu_808_reg.
DSP Report: register empty_512_fu_808_reg is absorbed into DSP empty_512_fu_808_reg.
DSP Report: register mac_muladd_16s_16s_34s_34_3_1_U2445/SubbandRealtimeTopQ610Ip_mac_muladd_16s_16s_34s_34_3_1_DSP48_0_U/m_reg_reg is absorbed into DSP empty_512_fu_808_reg.
DSP Report: operator mac_muladd_16s_16s_34s_34_3_1_U2445/SubbandRealtimeTopQ610Ip_mac_muladd_16s_16s_34s_34_3_1_DSP48_0_U/p is absorbed into DSP empty_512_fu_808_reg.
DSP Report: operator mac_muladd_16s_16s_34s_34_3_1_U2445/SubbandRealtimeTopQ610Ip_mac_muladd_16s_16s_34s_34_3_1_DSP48_0_U/m is absorbed into DSP empty_512_fu_808_reg.
DSP Report: Generating DSP empty_513_fu_812_reg, operation Mode is: (P+(A2*B'')')'.
DSP Report: register empty_513_fu_812_reg is absorbed into DSP empty_513_fu_812_reg.
DSP Report: register empty_513_fu_812_reg is absorbed into DSP empty_513_fu_812_reg.
DSP Report: register mac_muladd_16s_16s_34s_34_3_1_U2446/SubbandRealtimeTopQ610Ip_mac_muladd_16s_16s_34s_34_3_1_DSP48_0_U/a_reg_reg is absorbed into DSP empty_513_fu_812_reg.
DSP Report: register empty_513_fu_812_reg is absorbed into DSP empty_513_fu_812_reg.
DSP Report: register mac_muladd_16s_16s_34s_34_3_1_U2446/SubbandRealtimeTopQ610Ip_mac_muladd_16s_16s_34s_34_3_1_DSP48_0_U/m_reg_reg is absorbed into DSP empty_513_fu_812_reg.
DSP Report: operator mac_muladd_16s_16s_34s_34_3_1_U2446/SubbandRealtimeTopQ610Ip_mac_muladd_16s_16s_34s_34_3_1_DSP48_0_U/p is absorbed into DSP empty_513_fu_812_reg.
DSP Report: operator mac_muladd_16s_16s_34s_34_3_1_U2446/SubbandRealtimeTopQ610Ip_mac_muladd_16s_16s_34s_34_3_1_DSP48_0_U/m is absorbed into DSP empty_513_fu_812_reg.
DSP Report: Generating DSP empty_514_fu_816_reg, operation Mode is: (P+(A2*B'')')'.
DSP Report: register empty_514_fu_816_reg is absorbed into DSP empty_514_fu_816_reg.
DSP Report: register empty_514_fu_816_reg is absorbed into DSP empty_514_fu_816_reg.
DSP Report: register mac_muladd_16s_16s_34s_34_3_1_U2447/SubbandRealtimeTopQ610Ip_mac_muladd_16s_16s_34s_34_3_1_DSP48_0_U/a_reg_reg is absorbed into DSP empty_514_fu_816_reg.
DSP Report: register empty_514_fu_816_reg is absorbed into DSP empty_514_fu_816_reg.
DSP Report: register mac_muladd_16s_16s_34s_34_3_1_U2447/SubbandRealtimeTopQ610Ip_mac_muladd_16s_16s_34s_34_3_1_DSP48_0_U/m_reg_reg is absorbed into DSP empty_514_fu_816_reg.
DSP Report: operator mac_muladd_16s_16s_34s_34_3_1_U2447/SubbandRealtimeTopQ610Ip_mac_muladd_16s_16s_34s_34_3_1_DSP48_0_U/p is absorbed into DSP empty_514_fu_816_reg.
DSP Report: operator mac_muladd_16s_16s_34s_34_3_1_U2447/SubbandRealtimeTopQ610Ip_mac_muladd_16s_16s_34s_34_3_1_DSP48_0_U/m is absorbed into DSP empty_514_fu_816_reg.
DSP Report: Generating DSP empty_515_fu_820_reg, operation Mode is: (P+(A2*B'')')'.
DSP Report: register empty_515_fu_820_reg is absorbed into DSP empty_515_fu_820_reg.
DSP Report: register empty_515_fu_820_reg is absorbed into DSP empty_515_fu_820_reg.
DSP Report: register mac_muladd_16s_16s_34s_34_3_1_U2448/SubbandRealtimeTopQ610Ip_mac_muladd_16s_16s_34s_34_3_1_DSP48_0_U/a_reg_reg is absorbed into DSP empty_515_fu_820_reg.
DSP Report: register empty_515_fu_820_reg is absorbed into DSP empty_515_fu_820_reg.
DSP Report: register mac_muladd_16s_16s_34s_34_3_1_U2448/SubbandRealtimeTopQ610Ip_mac_muladd_16s_16s_34s_34_3_1_DSP48_0_U/m_reg_reg is absorbed into DSP empty_515_fu_820_reg.
DSP Report: operator mac_muladd_16s_16s_34s_34_3_1_U2448/SubbandRealtimeTopQ610Ip_mac_muladd_16s_16s_34s_34_3_1_DSP48_0_U/p is absorbed into DSP empty_515_fu_820_reg.
DSP Report: operator mac_muladd_16s_16s_34s_34_3_1_U2448/SubbandRealtimeTopQ610Ip_mac_muladd_16s_16s_34s_34_3_1_DSP48_0_U/m is absorbed into DSP empty_515_fu_820_reg.
DSP Report: Generating DSP empty_516_fu_824_reg, operation Mode is: (P+(A2*B'')')'.
DSP Report: register empty_516_fu_824_reg is absorbed into DSP empty_516_fu_824_reg.
DSP Report: register empty_516_fu_824_reg is absorbed into DSP empty_516_fu_824_reg.
DSP Report: register mac_muladd_16s_16s_34s_34_3_1_U2449/SubbandRealtimeTopQ610Ip_mac_muladd_16s_16s_34s_34_3_1_DSP48_0_U/a_reg_reg is absorbed into DSP empty_516_fu_824_reg.
DSP Report: register empty_516_fu_824_reg is absorbed into DSP empty_516_fu_824_reg.
DSP Report: register mac_muladd_16s_16s_34s_34_3_1_U2449/SubbandRealtimeTopQ610Ip_mac_muladd_16s_16s_34s_34_3_1_DSP48_0_U/m_reg_reg is absorbed into DSP empty_516_fu_824_reg.
DSP Report: operator mac_muladd_16s_16s_34s_34_3_1_U2449/SubbandRealtimeTopQ610Ip_mac_muladd_16s_16s_34s_34_3_1_DSP48_0_U/p is absorbed into DSP empty_516_fu_824_reg.
DSP Report: operator mac_muladd_16s_16s_34s_34_3_1_U2449/SubbandRealtimeTopQ610Ip_mac_muladd_16s_16s_34s_34_3_1_DSP48_0_U/m is absorbed into DSP empty_516_fu_824_reg.
DSP Report: Generating DSP empty_517_fu_828_reg, operation Mode is: (P+(A2*B'')')'.
DSP Report: register empty_517_fu_828_reg is absorbed into DSP empty_517_fu_828_reg.
DSP Report: register empty_517_fu_828_reg is absorbed into DSP empty_517_fu_828_reg.
DSP Report: register mac_muladd_16s_16s_34s_34_3_1_U2450/SubbandRealtimeTopQ610Ip_mac_muladd_16s_16s_34s_34_3_1_DSP48_0_U/a_reg_reg is absorbed into DSP empty_517_fu_828_reg.
DSP Report: register empty_517_fu_828_reg is absorbed into DSP empty_517_fu_828_reg.
DSP Report: register mac_muladd_16s_16s_34s_34_3_1_U2450/SubbandRealtimeTopQ610Ip_mac_muladd_16s_16s_34s_34_3_1_DSP48_0_U/m_reg_reg is absorbed into DSP empty_517_fu_828_reg.
DSP Report: operator mac_muladd_16s_16s_34s_34_3_1_U2450/SubbandRealtimeTopQ610Ip_mac_muladd_16s_16s_34s_34_3_1_DSP48_0_U/p is absorbed into DSP empty_517_fu_828_reg.
DSP Report: operator mac_muladd_16s_16s_34s_34_3_1_U2450/SubbandRealtimeTopQ610Ip_mac_muladd_16s_16s_34s_34_3_1_DSP48_0_U/m is absorbed into DSP empty_517_fu_828_reg.
DSP Report: Generating DSP empty_518_fu_832_reg, operation Mode is: (P+(A2*B'')')'.
DSP Report: register empty_518_fu_832_reg is absorbed into DSP empty_518_fu_832_reg.
DSP Report: register empty_518_fu_832_reg is absorbed into DSP empty_518_fu_832_reg.
DSP Report: register mac_muladd_16s_16s_34s_34_3_1_U2451/SubbandRealtimeTopQ610Ip_mac_muladd_16s_16s_34s_34_3_1_DSP48_0_U/a_reg_reg is absorbed into DSP empty_518_fu_832_reg.
DSP Report: register empty_518_fu_832_reg is absorbed into DSP empty_518_fu_832_reg.
DSP Report: register mac_muladd_16s_16s_34s_34_3_1_U2451/SubbandRealtimeTopQ610Ip_mac_muladd_16s_16s_34s_34_3_1_DSP48_0_U/m_reg_reg is absorbed into DSP empty_518_fu_832_reg.
DSP Report: operator mac_muladd_16s_16s_34s_34_3_1_U2451/SubbandRealtimeTopQ610Ip_mac_muladd_16s_16s_34s_34_3_1_DSP48_0_U/p is absorbed into DSP empty_518_fu_832_reg.
DSP Report: operator mac_muladd_16s_16s_34s_34_3_1_U2451/SubbandRealtimeTopQ610Ip_mac_muladd_16s_16s_34s_34_3_1_DSP48_0_U/m is absorbed into DSP empty_518_fu_832_reg.
DSP Report: Generating DSP empty_519_fu_836_reg, operation Mode is: (P+(A2*B'')')'.
DSP Report: register empty_519_fu_836_reg is absorbed into DSP empty_519_fu_836_reg.
DSP Report: register empty_519_fu_836_reg is absorbed into DSP empty_519_fu_836_reg.
DSP Report: register mac_muladd_16s_16s_34s_34_3_1_U2452/SubbandRealtimeTopQ610Ip_mac_muladd_16s_16s_34s_34_3_1_DSP48_0_U/a_reg_reg is absorbed into DSP empty_519_fu_836_reg.
DSP Report: register empty_519_fu_836_reg is absorbed into DSP empty_519_fu_836_reg.
DSP Report: register mac_muladd_16s_16s_34s_34_3_1_U2452/SubbandRealtimeTopQ610Ip_mac_muladd_16s_16s_34s_34_3_1_DSP48_0_U/m_reg_reg is absorbed into DSP empty_519_fu_836_reg.
DSP Report: operator mac_muladd_16s_16s_34s_34_3_1_U2452/SubbandRealtimeTopQ610Ip_mac_muladd_16s_16s_34s_34_3_1_DSP48_0_U/p is absorbed into DSP empty_519_fu_836_reg.
DSP Report: operator mac_muladd_16s_16s_34s_34_3_1_U2452/SubbandRealtimeTopQ610Ip_mac_muladd_16s_16s_34s_34_3_1_DSP48_0_U/m is absorbed into DSP empty_519_fu_836_reg.
DSP Report: Generating DSP empty_520_fu_840_reg, operation Mode is: (P+(A2*B'')')'.
DSP Report: register empty_520_fu_840_reg is absorbed into DSP empty_520_fu_840_reg.
DSP Report: register empty_520_fu_840_reg is absorbed into DSP empty_520_fu_840_reg.
DSP Report: register mac_muladd_16s_16s_34s_34_3_1_U2453/SubbandRealtimeTopQ610Ip_mac_muladd_16s_16s_34s_34_3_1_DSP48_0_U/a_reg_reg is absorbed into DSP empty_520_fu_840_reg.
DSP Report: register empty_520_fu_840_reg is absorbed into DSP empty_520_fu_840_reg.
DSP Report: register mac_muladd_16s_16s_34s_34_3_1_U2453/SubbandRealtimeTopQ610Ip_mac_muladd_16s_16s_34s_34_3_1_DSP48_0_U/m_reg_reg is absorbed into DSP empty_520_fu_840_reg.
DSP Report: operator mac_muladd_16s_16s_34s_34_3_1_U2453/SubbandRealtimeTopQ610Ip_mac_muladd_16s_16s_34s_34_3_1_DSP48_0_U/p is absorbed into DSP empty_520_fu_840_reg.
DSP Report: operator mac_muladd_16s_16s_34s_34_3_1_U2453/SubbandRealtimeTopQ610Ip_mac_muladd_16s_16s_34s_34_3_1_DSP48_0_U/m is absorbed into DSP empty_520_fu_840_reg.
DSP Report: Generating DSP empty_521_fu_844_reg, operation Mode is: (P+(A2*B'')')'.
DSP Report: register empty_521_fu_844_reg is absorbed into DSP empty_521_fu_844_reg.
DSP Report: register empty_521_fu_844_reg is absorbed into DSP empty_521_fu_844_reg.
DSP Report: register mac_muladd_16s_16s_34s_34_3_1_U2454/SubbandRealtimeTopQ610Ip_mac_muladd_16s_16s_34s_34_3_1_DSP48_0_U/a_reg_reg is absorbed into DSP empty_521_fu_844_reg.
DSP Report: register empty_521_fu_844_reg is absorbed into DSP empty_521_fu_844_reg.
DSP Report: register mac_muladd_16s_16s_34s_34_3_1_U2454/SubbandRealtimeTopQ610Ip_mac_muladd_16s_16s_34s_34_3_1_DSP48_0_U/m_reg_reg is absorbed into DSP empty_521_fu_844_reg.
DSP Report: operator mac_muladd_16s_16s_34s_34_3_1_U2454/SubbandRealtimeTopQ610Ip_mac_muladd_16s_16s_34s_34_3_1_DSP48_0_U/p is absorbed into DSP empty_521_fu_844_reg.
DSP Report: operator mac_muladd_16s_16s_34s_34_3_1_U2454/SubbandRealtimeTopQ610Ip_mac_muladd_16s_16s_34s_34_3_1_DSP48_0_U/m is absorbed into DSP empty_521_fu_844_reg.
DSP Report: Generating DSP empty_522_fu_848_reg, operation Mode is: (P+(A2*B'')')'.
DSP Report: register empty_522_fu_848_reg is absorbed into DSP empty_522_fu_848_reg.
DSP Report: register empty_522_fu_848_reg is absorbed into DSP empty_522_fu_848_reg.
DSP Report: register mac_muladd_16s_16s_34s_34_3_1_U2455/SubbandRealtimeTopQ610Ip_mac_muladd_16s_16s_34s_34_3_1_DSP48_0_U/a_reg_reg is absorbed into DSP empty_522_fu_848_reg.
DSP Report: register empty_522_fu_848_reg is absorbed into DSP empty_522_fu_848_reg.
DSP Report: register mac_muladd_16s_16s_34s_34_3_1_U2455/SubbandRealtimeTopQ610Ip_mac_muladd_16s_16s_34s_34_3_1_DSP48_0_U/m_reg_reg is absorbed into DSP empty_522_fu_848_reg.
DSP Report: operator mac_muladd_16s_16s_34s_34_3_1_U2455/SubbandRealtimeTopQ610Ip_mac_muladd_16s_16s_34s_34_3_1_DSP48_0_U/p is absorbed into DSP empty_522_fu_848_reg.
DSP Report: operator mac_muladd_16s_16s_34s_34_3_1_U2455/SubbandRealtimeTopQ610Ip_mac_muladd_16s_16s_34s_34_3_1_DSP48_0_U/m is absorbed into DSP empty_522_fu_848_reg.
DSP Report: Generating DSP empty_523_fu_852_reg, operation Mode is: (P+(A2*B'')')'.
DSP Report: register empty_523_fu_852_reg is absorbed into DSP empty_523_fu_852_reg.
DSP Report: register empty_523_fu_852_reg is absorbed into DSP empty_523_fu_852_reg.
DSP Report: register mac_muladd_16s_16s_34s_34_3_1_U2456/SubbandRealtimeTopQ610Ip_mac_muladd_16s_16s_34s_34_3_1_DSP48_0_U/a_reg_reg is absorbed into DSP empty_523_fu_852_reg.
DSP Report: register empty_523_fu_852_reg is absorbed into DSP empty_523_fu_852_reg.
DSP Report: register mac_muladd_16s_16s_34s_34_3_1_U2456/SubbandRealtimeTopQ610Ip_mac_muladd_16s_16s_34s_34_3_1_DSP48_0_U/m_reg_reg is absorbed into DSP empty_523_fu_852_reg.
DSP Report: operator mac_muladd_16s_16s_34s_34_3_1_U2456/SubbandRealtimeTopQ610Ip_mac_muladd_16s_16s_34s_34_3_1_DSP48_0_U/p is absorbed into DSP empty_523_fu_852_reg.
DSP Report: operator mac_muladd_16s_16s_34s_34_3_1_U2456/SubbandRealtimeTopQ610Ip_mac_muladd_16s_16s_34s_34_3_1_DSP48_0_U/m is absorbed into DSP empty_523_fu_852_reg.
DSP Report: Generating DSP empty_524_fu_856_reg, operation Mode is: (P+(A2*B'')')'.
DSP Report: register empty_524_fu_856_reg is absorbed into DSP empty_524_fu_856_reg.
DSP Report: register empty_524_fu_856_reg is absorbed into DSP empty_524_fu_856_reg.
DSP Report: register mac_muladd_16s_16s_34s_34_3_1_U2457/SubbandRealtimeTopQ610Ip_mac_muladd_16s_16s_34s_34_3_1_DSP48_0_U/a_reg_reg is absorbed into DSP empty_524_fu_856_reg.
DSP Report: register empty_524_fu_856_reg is absorbed into DSP empty_524_fu_856_reg.
DSP Report: register mac_muladd_16s_16s_34s_34_3_1_U2457/SubbandRealtimeTopQ610Ip_mac_muladd_16s_16s_34s_34_3_1_DSP48_0_U/m_reg_reg is absorbed into DSP empty_524_fu_856_reg.
DSP Report: operator mac_muladd_16s_16s_34s_34_3_1_U2457/SubbandRealtimeTopQ610Ip_mac_muladd_16s_16s_34s_34_3_1_DSP48_0_U/p is absorbed into DSP empty_524_fu_856_reg.
DSP Report: operator mac_muladd_16s_16s_34s_34_3_1_U2457/SubbandRealtimeTopQ610Ip_mac_muladd_16s_16s_34s_34_3_1_DSP48_0_U/m is absorbed into DSP empty_524_fu_856_reg.
DSP Report: Generating DSP empty_525_fu_860_reg, operation Mode is: (P+(A2*B'')')'.
DSP Report: register empty_525_fu_860_reg is absorbed into DSP empty_525_fu_860_reg.
DSP Report: register empty_525_fu_860_reg is absorbed into DSP empty_525_fu_860_reg.
DSP Report: register mac_muladd_16s_16s_34s_34_3_1_U2458/SubbandRealtimeTopQ610Ip_mac_muladd_16s_16s_34s_34_3_1_DSP48_0_U/a_reg_reg is absorbed into DSP empty_525_fu_860_reg.
DSP Report: register empty_525_fu_860_reg is absorbed into DSP empty_525_fu_860_reg.
DSP Report: register mac_muladd_16s_16s_34s_34_3_1_U2458/SubbandRealtimeTopQ610Ip_mac_muladd_16s_16s_34s_34_3_1_DSP48_0_U/m_reg_reg is absorbed into DSP empty_525_fu_860_reg.
DSP Report: operator mac_muladd_16s_16s_34s_34_3_1_U2458/SubbandRealtimeTopQ610Ip_mac_muladd_16s_16s_34s_34_3_1_DSP48_0_U/p is absorbed into DSP empty_525_fu_860_reg.
DSP Report: operator mac_muladd_16s_16s_34s_34_3_1_U2458/SubbandRealtimeTopQ610Ip_mac_muladd_16s_16s_34s_34_3_1_DSP48_0_U/m is absorbed into DSP empty_525_fu_860_reg.
DSP Report: Generating DSP empty_526_fu_864_reg, operation Mode is: (P+(A2*B'')')'.
DSP Report: register empty_526_fu_864_reg is absorbed into DSP empty_526_fu_864_reg.
DSP Report: register empty_526_fu_864_reg is absorbed into DSP empty_526_fu_864_reg.
DSP Report: register mac_muladd_16s_16s_34s_34_3_1_U2459/SubbandRealtimeTopQ610Ip_mac_muladd_16s_16s_34s_34_3_1_DSP48_0_U/a_reg_reg is absorbed into DSP empty_526_fu_864_reg.
DSP Report: register empty_526_fu_864_reg is absorbed into DSP empty_526_fu_864_reg.
DSP Report: register mac_muladd_16s_16s_34s_34_3_1_U2459/SubbandRealtimeTopQ610Ip_mac_muladd_16s_16s_34s_34_3_1_DSP48_0_U/m_reg_reg is absorbed into DSP empty_526_fu_864_reg.
DSP Report: operator mac_muladd_16s_16s_34s_34_3_1_U2459/SubbandRealtimeTopQ610Ip_mac_muladd_16s_16s_34s_34_3_1_DSP48_0_U/p is absorbed into DSP empty_526_fu_864_reg.
DSP Report: operator mac_muladd_16s_16s_34s_34_3_1_U2459/SubbandRealtimeTopQ610Ip_mac_muladd_16s_16s_34s_34_3_1_DSP48_0_U/m is absorbed into DSP empty_526_fu_864_reg.
DSP Report: Generating DSP empty_527_fu_868_reg, operation Mode is: (P+(A2*B'')')'.
DSP Report: register empty_527_fu_868_reg is absorbed into DSP empty_527_fu_868_reg.
DSP Report: register empty_527_fu_868_reg is absorbed into DSP empty_527_fu_868_reg.
DSP Report: register mac_muladd_16s_16s_34s_34_3_1_U2460/SubbandRealtimeTopQ610Ip_mac_muladd_16s_16s_34s_34_3_1_DSP48_0_U/a_reg_reg is absorbed into DSP empty_527_fu_868_reg.
DSP Report: register empty_527_fu_868_reg is absorbed into DSP empty_527_fu_868_reg.
DSP Report: register mac_muladd_16s_16s_34s_34_3_1_U2460/SubbandRealtimeTopQ610Ip_mac_muladd_16s_16s_34s_34_3_1_DSP48_0_U/m_reg_reg is absorbed into DSP empty_527_fu_868_reg.
DSP Report: operator mac_muladd_16s_16s_34s_34_3_1_U2460/SubbandRealtimeTopQ610Ip_mac_muladd_16s_16s_34s_34_3_1_DSP48_0_U/p is absorbed into DSP empty_527_fu_868_reg.
DSP Report: operator mac_muladd_16s_16s_34s_34_3_1_U2460/SubbandRealtimeTopQ610Ip_mac_muladd_16s_16s_34s_34_3_1_DSP48_0_U/m is absorbed into DSP empty_527_fu_868_reg.
DSP Report: Generating DSP empty_528_fu_872_reg, operation Mode is: (P+(A2*B'')')'.
DSP Report: register empty_528_fu_872_reg is absorbed into DSP empty_528_fu_872_reg.
DSP Report: register empty_528_fu_872_reg is absorbed into DSP empty_528_fu_872_reg.
DSP Report: register mac_muladd_16s_16s_34s_34_3_1_U2461/SubbandRealtimeTopQ610Ip_mac_muladd_16s_16s_34s_34_3_1_DSP48_0_U/a_reg_reg is absorbed into DSP empty_528_fu_872_reg.
DSP Report: register empty_528_fu_872_reg is absorbed into DSP empty_528_fu_872_reg.
DSP Report: register mac_muladd_16s_16s_34s_34_3_1_U2461/SubbandRealtimeTopQ610Ip_mac_muladd_16s_16s_34s_34_3_1_DSP48_0_U/m_reg_reg is absorbed into DSP empty_528_fu_872_reg.
DSP Report: operator mac_muladd_16s_16s_34s_34_3_1_U2461/SubbandRealtimeTopQ610Ip_mac_muladd_16s_16s_34s_34_3_1_DSP48_0_U/p is absorbed into DSP empty_528_fu_872_reg.
DSP Report: operator mac_muladd_16s_16s_34s_34_3_1_U2461/SubbandRealtimeTopQ610Ip_mac_muladd_16s_16s_34s_34_3_1_DSP48_0_U/m is absorbed into DSP empty_528_fu_872_reg.
DSP Report: Generating DSP empty_529_fu_876_reg, operation Mode is: (P+(A2*B'')')'.
DSP Report: register empty_529_fu_876_reg is absorbed into DSP empty_529_fu_876_reg.
DSP Report: register empty_529_fu_876_reg is absorbed into DSP empty_529_fu_876_reg.
DSP Report: register mac_muladd_16s_16s_34s_34_3_1_U2462/SubbandRealtimeTopQ610Ip_mac_muladd_16s_16s_34s_34_3_1_DSP48_0_U/a_reg_reg is absorbed into DSP empty_529_fu_876_reg.
DSP Report: register empty_529_fu_876_reg is absorbed into DSP empty_529_fu_876_reg.
DSP Report: register mac_muladd_16s_16s_34s_34_3_1_U2462/SubbandRealtimeTopQ610Ip_mac_muladd_16s_16s_34s_34_3_1_DSP48_0_U/m_reg_reg is absorbed into DSP empty_529_fu_876_reg.
DSP Report: operator mac_muladd_16s_16s_34s_34_3_1_U2462/SubbandRealtimeTopQ610Ip_mac_muladd_16s_16s_34s_34_3_1_DSP48_0_U/p is absorbed into DSP empty_529_fu_876_reg.
DSP Report: operator mac_muladd_16s_16s_34s_34_3_1_U2462/SubbandRealtimeTopQ610Ip_mac_muladd_16s_16s_34s_34_3_1_DSP48_0_U/m is absorbed into DSP empty_529_fu_876_reg.
DSP Report: Generating DSP empty_530_fu_880_reg, operation Mode is: (P+(A2*B'')')'.
DSP Report: register empty_530_fu_880_reg is absorbed into DSP empty_530_fu_880_reg.
DSP Report: register empty_530_fu_880_reg is absorbed into DSP empty_530_fu_880_reg.
DSP Report: register mac_muladd_16s_16s_34s_34_3_1_U2463/SubbandRealtimeTopQ610Ip_mac_muladd_16s_16s_34s_34_3_1_DSP48_0_U/a_reg_reg is absorbed into DSP empty_530_fu_880_reg.
DSP Report: register empty_530_fu_880_reg is absorbed into DSP empty_530_fu_880_reg.
DSP Report: register mac_muladd_16s_16s_34s_34_3_1_U2463/SubbandRealtimeTopQ610Ip_mac_muladd_16s_16s_34s_34_3_1_DSP48_0_U/m_reg_reg is absorbed into DSP empty_530_fu_880_reg.
DSP Report: operator mac_muladd_16s_16s_34s_34_3_1_U2463/SubbandRealtimeTopQ610Ip_mac_muladd_16s_16s_34s_34_3_1_DSP48_0_U/p is absorbed into DSP empty_530_fu_880_reg.
DSP Report: operator mac_muladd_16s_16s_34s_34_3_1_U2463/SubbandRealtimeTopQ610Ip_mac_muladd_16s_16s_34s_34_3_1_DSP48_0_U/m is absorbed into DSP empty_530_fu_880_reg.
DSP Report: Generating DSP empty_531_fu_884_reg, operation Mode is: (P+(A2*B'')')'.
DSP Report: register empty_531_fu_884_reg is absorbed into DSP empty_531_fu_884_reg.
DSP Report: register empty_531_fu_884_reg is absorbed into DSP empty_531_fu_884_reg.
DSP Report: register mac_muladd_16s_16s_34s_34_3_1_U2464/SubbandRealtimeTopQ610Ip_mac_muladd_16s_16s_34s_34_3_1_DSP48_0_U/a_reg_reg is absorbed into DSP empty_531_fu_884_reg.
DSP Report: register empty_531_fu_884_reg is absorbed into DSP empty_531_fu_884_reg.
DSP Report: register mac_muladd_16s_16s_34s_34_3_1_U2464/SubbandRealtimeTopQ610Ip_mac_muladd_16s_16s_34s_34_3_1_DSP48_0_U/m_reg_reg is absorbed into DSP empty_531_fu_884_reg.
DSP Report: operator mac_muladd_16s_16s_34s_34_3_1_U2464/SubbandRealtimeTopQ610Ip_mac_muladd_16s_16s_34s_34_3_1_DSP48_0_U/p is absorbed into DSP empty_531_fu_884_reg.
DSP Report: operator mac_muladd_16s_16s_34s_34_3_1_U2464/SubbandRealtimeTopQ610Ip_mac_muladd_16s_16s_34s_34_3_1_DSP48_0_U/m is absorbed into DSP empty_531_fu_884_reg.
DSP Report: Generating DSP empty_532_fu_888_reg, operation Mode is: (P+(A2*B'')')'.
DSP Report: register empty_532_fu_888_reg is absorbed into DSP empty_532_fu_888_reg.
DSP Report: register empty_532_fu_888_reg is absorbed into DSP empty_532_fu_888_reg.
DSP Report: register mac_muladd_16s_16s_34s_34_3_1_U2465/SubbandRealtimeTopQ610Ip_mac_muladd_16s_16s_34s_34_3_1_DSP48_0_U/a_reg_reg is absorbed into DSP empty_532_fu_888_reg.
DSP Report: register empty_532_fu_888_reg is absorbed into DSP empty_532_fu_888_reg.
DSP Report: register mac_muladd_16s_16s_34s_34_3_1_U2465/SubbandRealtimeTopQ610Ip_mac_muladd_16s_16s_34s_34_3_1_DSP48_0_U/m_reg_reg is absorbed into DSP empty_532_fu_888_reg.
DSP Report: operator mac_muladd_16s_16s_34s_34_3_1_U2465/SubbandRealtimeTopQ610Ip_mac_muladd_16s_16s_34s_34_3_1_DSP48_0_U/p is absorbed into DSP empty_532_fu_888_reg.
DSP Report: operator mac_muladd_16s_16s_34s_34_3_1_U2465/SubbandRealtimeTopQ610Ip_mac_muladd_16s_16s_34s_34_3_1_DSP48_0_U/m is absorbed into DSP empty_532_fu_888_reg.
DSP Report: Generating DSP empty_533_fu_892_reg, operation Mode is: (P+(A2*B'')')'.
DSP Report: register empty_533_fu_892_reg is absorbed into DSP empty_533_fu_892_reg.
DSP Report: register empty_533_fu_892_reg is absorbed into DSP empty_533_fu_892_reg.
DSP Report: register mac_muladd_16s_16s_34s_34_3_1_U2466/SubbandRealtimeTopQ610Ip_mac_muladd_16s_16s_34s_34_3_1_DSP48_0_U/a_reg_reg is absorbed into DSP empty_533_fu_892_reg.
DSP Report: register empty_533_fu_892_reg is absorbed into DSP empty_533_fu_892_reg.
DSP Report: register mac_muladd_16s_16s_34s_34_3_1_U2466/SubbandRealtimeTopQ610Ip_mac_muladd_16s_16s_34s_34_3_1_DSP48_0_U/m_reg_reg is absorbed into DSP empty_533_fu_892_reg.
DSP Report: operator mac_muladd_16s_16s_34s_34_3_1_U2466/SubbandRealtimeTopQ610Ip_mac_muladd_16s_16s_34s_34_3_1_DSP48_0_U/p is absorbed into DSP empty_533_fu_892_reg.
DSP Report: operator mac_muladd_16s_16s_34s_34_3_1_U2466/SubbandRealtimeTopQ610Ip_mac_muladd_16s_16s_34s_34_3_1_DSP48_0_U/m is absorbed into DSP empty_533_fu_892_reg.
DSP Report: Generating DSP empty_534_fu_896_reg, operation Mode is: (P+(A2*B'')')'.
DSP Report: register empty_534_fu_896_reg is absorbed into DSP empty_534_fu_896_reg.
DSP Report: register empty_534_fu_896_reg is absorbed into DSP empty_534_fu_896_reg.
DSP Report: register mac_muladd_16s_16s_34s_34_3_1_U2467/SubbandRealtimeTopQ610Ip_mac_muladd_16s_16s_34s_34_3_1_DSP48_0_U/a_reg_reg is absorbed into DSP empty_534_fu_896_reg.
DSP Report: register empty_534_fu_896_reg is absorbed into DSP empty_534_fu_896_reg.
DSP Report: register mac_muladd_16s_16s_34s_34_3_1_U2467/SubbandRealtimeTopQ610Ip_mac_muladd_16s_16s_34s_34_3_1_DSP48_0_U/m_reg_reg is absorbed into DSP empty_534_fu_896_reg.
DSP Report: operator mac_muladd_16s_16s_34s_34_3_1_U2467/SubbandRealtimeTopQ610Ip_mac_muladd_16s_16s_34s_34_3_1_DSP48_0_U/p is absorbed into DSP empty_534_fu_896_reg.
DSP Report: operator mac_muladd_16s_16s_34s_34_3_1_U2467/SubbandRealtimeTopQ610Ip_mac_muladd_16s_16s_34s_34_3_1_DSP48_0_U/m is absorbed into DSP empty_534_fu_896_reg.
DSP Report: Generating DSP empty_535_fu_900_reg, operation Mode is: (P+(A2*B'')')'.
DSP Report: register empty_535_fu_900_reg is absorbed into DSP empty_535_fu_900_reg.
DSP Report: register empty_535_fu_900_reg is absorbed into DSP empty_535_fu_900_reg.
DSP Report: register mac_muladd_16s_16s_34s_34_3_1_U2468/SubbandRealtimeTopQ610Ip_mac_muladd_16s_16s_34s_34_3_1_DSP48_0_U/a_reg_reg is absorbed into DSP empty_535_fu_900_reg.
DSP Report: register empty_535_fu_900_reg is absorbed into DSP empty_535_fu_900_reg.
DSP Report: register mac_muladd_16s_16s_34s_34_3_1_U2468/SubbandRealtimeTopQ610Ip_mac_muladd_16s_16s_34s_34_3_1_DSP48_0_U/m_reg_reg is absorbed into DSP empty_535_fu_900_reg.
DSP Report: operator mac_muladd_16s_16s_34s_34_3_1_U2468/SubbandRealtimeTopQ610Ip_mac_muladd_16s_16s_34s_34_3_1_DSP48_0_U/p is absorbed into DSP empty_535_fu_900_reg.
DSP Report: operator mac_muladd_16s_16s_34s_34_3_1_U2468/SubbandRealtimeTopQ610Ip_mac_muladd_16s_16s_34s_34_3_1_DSP48_0_U/m is absorbed into DSP empty_535_fu_900_reg.
DSP Report: Generating DSP empty_fu_776_reg, operation Mode is: (P+(A''*B2)')'.
DSP Report: register mac_muladd_16s_16s_34s_34_3_1_U1793/SubbandRealtimeTopQ610Ip_mac_muladd_16s_16s_34s_34_3_1_DSP48_0_U/a_reg_reg is absorbed into DSP empty_fu_776_reg.
DSP Report: register empty_fu_776_reg is absorbed into DSP empty_fu_776_reg.
DSP Report: register empty_fu_776_reg is absorbed into DSP empty_fu_776_reg.
DSP Report: register empty_fu_776_reg is absorbed into DSP empty_fu_776_reg.
DSP Report: register mac_muladd_16s_16s_34s_34_3_1_U1793/SubbandRealtimeTopQ610Ip_mac_muladd_16s_16s_34s_34_3_1_DSP48_0_U/m_reg_reg is absorbed into DSP empty_fu_776_reg.
DSP Report: operator mac_muladd_16s_16s_34s_34_3_1_U1793/SubbandRealtimeTopQ610Ip_mac_muladd_16s_16s_34s_34_3_1_DSP48_0_U/p is absorbed into DSP empty_fu_776_reg.
DSP Report: operator mac_muladd_16s_16s_34s_34_3_1_U1793/SubbandRealtimeTopQ610Ip_mac_muladd_16s_16s_34s_34_3_1_DSP48_0_U/m is absorbed into DSP empty_fu_776_reg.
DSP Report: Generating DSP empty_567_fu_780_reg, operation Mode is: (P+(A2*B'')')'.
DSP Report: register empty_567_fu_780_reg is absorbed into DSP empty_567_fu_780_reg.
DSP Report: register empty_567_fu_780_reg is absorbed into DSP empty_567_fu_780_reg.
DSP Report: register mac_muladd_16s_16s_34s_34_3_1_U1794/SubbandRealtimeTopQ610Ip_mac_muladd_16s_16s_34s_34_3_1_DSP48_0_U/a_reg_reg is absorbed into DSP empty_567_fu_780_reg.
DSP Report: register empty_567_fu_780_reg is absorbed into DSP empty_567_fu_780_reg.
DSP Report: register mac_muladd_16s_16s_34s_34_3_1_U1794/SubbandRealtimeTopQ610Ip_mac_muladd_16s_16s_34s_34_3_1_DSP48_0_U/m_reg_reg is absorbed into DSP empty_567_fu_780_reg.
DSP Report: operator mac_muladd_16s_16s_34s_34_3_1_U1794/SubbandRealtimeTopQ610Ip_mac_muladd_16s_16s_34s_34_3_1_DSP48_0_U/p is absorbed into DSP empty_567_fu_780_reg.
DSP Report: operator mac_muladd_16s_16s_34s_34_3_1_U1794/SubbandRealtimeTopQ610Ip_mac_muladd_16s_16s_34s_34_3_1_DSP48_0_U/m is absorbed into DSP empty_567_fu_780_reg.
DSP Report: Generating DSP empty_568_fu_784_reg, operation Mode is: (P+(A2*B'')')'.
DSP Report: register empty_568_fu_784_reg is absorbed into DSP empty_568_fu_784_reg.
DSP Report: register empty_568_fu_784_reg is absorbed into DSP empty_568_fu_784_reg.
DSP Report: register mac_muladd_16s_16s_34s_34_3_1_U1795/SubbandRealtimeTopQ610Ip_mac_muladd_16s_16s_34s_34_3_1_DSP48_0_U/a_reg_reg is absorbed into DSP empty_568_fu_784_reg.
DSP Report: register empty_568_fu_784_reg is absorbed into DSP empty_568_fu_784_reg.
DSP Report: register mac_muladd_16s_16s_34s_34_3_1_U1795/SubbandRealtimeTopQ610Ip_mac_muladd_16s_16s_34s_34_3_1_DSP48_0_U/m_reg_reg is absorbed into DSP empty_568_fu_784_reg.
DSP Report: operator mac_muladd_16s_16s_34s_34_3_1_U1795/SubbandRealtimeTopQ610Ip_mac_muladd_16s_16s_34s_34_3_1_DSP48_0_U/p is absorbed into DSP empty_568_fu_784_reg.
DSP Report: operator mac_muladd_16s_16s_34s_34_3_1_U1795/SubbandRealtimeTopQ610Ip_mac_muladd_16s_16s_34s_34_3_1_DSP48_0_U/m is absorbed into DSP empty_568_fu_784_reg.
DSP Report: Generating DSP empty_569_fu_788_reg, operation Mode is: (P+(A2*B'')')'.
DSP Report: register empty_569_fu_788_reg is absorbed into DSP empty_569_fu_788_reg.
DSP Report: register empty_569_fu_788_reg is absorbed into DSP empty_569_fu_788_reg.
DSP Report: register mac_muladd_16s_16s_34s_34_3_1_U1796/SubbandRealtimeTopQ610Ip_mac_muladd_16s_16s_34s_34_3_1_DSP48_0_U/a_reg_reg is absorbed into DSP empty_569_fu_788_reg.
DSP Report: register empty_569_fu_788_reg is absorbed into DSP empty_569_fu_788_reg.
DSP Report: register mac_muladd_16s_16s_34s_34_3_1_U1796/SubbandRealtimeTopQ610Ip_mac_muladd_16s_16s_34s_34_3_1_DSP48_0_U/m_reg_reg is absorbed into DSP empty_569_fu_788_reg.
DSP Report: operator mac_muladd_16s_16s_34s_34_3_1_U1796/SubbandRealtimeTopQ610Ip_mac_muladd_16s_16s_34s_34_3_1_DSP48_0_U/p is absorbed into DSP empty_569_fu_788_reg.
DSP Report: operator mac_muladd_16s_16s_34s_34_3_1_U1796/SubbandRealtimeTopQ610Ip_mac_muladd_16s_16s_34s_34_3_1_DSP48_0_U/m is absorbed into DSP empty_569_fu_788_reg.
DSP Report: Generating DSP empty_570_fu_792_reg, operation Mode is: (P+(A2*B'')')'.
DSP Report: register empty_570_fu_792_reg is absorbed into DSP empty_570_fu_792_reg.
DSP Report: register empty_570_fu_792_reg is absorbed into DSP empty_570_fu_792_reg.
DSP Report: register mac_muladd_16s_16s_34s_34_3_1_U1797/SubbandRealtimeTopQ610Ip_mac_muladd_16s_16s_34s_34_3_1_DSP48_0_U/a_reg_reg is absorbed into DSP empty_570_fu_792_reg.
DSP Report: register empty_570_fu_792_reg is absorbed into DSP empty_570_fu_792_reg.
DSP Report: register mac_muladd_16s_16s_34s_34_3_1_U1797/SubbandRealtimeTopQ610Ip_mac_muladd_16s_16s_34s_34_3_1_DSP48_0_U/m_reg_reg is absorbed into DSP empty_570_fu_792_reg.
DSP Report: operator mac_muladd_16s_16s_34s_34_3_1_U1797/SubbandRealtimeTopQ610Ip_mac_muladd_16s_16s_34s_34_3_1_DSP48_0_U/p is absorbed into DSP empty_570_fu_792_reg.
DSP Report: operator mac_muladd_16s_16s_34s_34_3_1_U1797/SubbandRealtimeTopQ610Ip_mac_muladd_16s_16s_34s_34_3_1_DSP48_0_U/m is absorbed into DSP empty_570_fu_792_reg.
DSP Report: Generating DSP empty_571_fu_796_reg, operation Mode is: (P+(A2*B'')')'.
DSP Report: register empty_571_fu_796_reg is absorbed into DSP empty_571_fu_796_reg.
DSP Report: register empty_571_fu_796_reg is absorbed into DSP empty_571_fu_796_reg.
DSP Report: register mac_muladd_16s_16s_34s_34_3_1_U1798/SubbandRealtimeTopQ610Ip_mac_muladd_16s_16s_34s_34_3_1_DSP48_0_U/a_reg_reg is absorbed into DSP empty_571_fu_796_reg.
DSP Report: register empty_571_fu_796_reg is absorbed into DSP empty_571_fu_796_reg.
DSP Report: register mac_muladd_16s_16s_34s_34_3_1_U1798/SubbandRealtimeTopQ610Ip_mac_muladd_16s_16s_34s_34_3_1_DSP48_0_U/m_reg_reg is absorbed into DSP empty_571_fu_796_reg.
DSP Report: operator mac_muladd_16s_16s_34s_34_3_1_U1798/SubbandRealtimeTopQ610Ip_mac_muladd_16s_16s_34s_34_3_1_DSP48_0_U/p is absorbed into DSP empty_571_fu_796_reg.
DSP Report: operator mac_muladd_16s_16s_34s_34_3_1_U1798/SubbandRealtimeTopQ610Ip_mac_muladd_16s_16s_34s_34_3_1_DSP48_0_U/m is absorbed into DSP empty_571_fu_796_reg.
DSP Report: Generating DSP empty_572_fu_800_reg, operation Mode is: (P+(A2*B'')')'.
DSP Report: register empty_572_fu_800_reg is absorbed into DSP empty_572_fu_800_reg.
DSP Report: register empty_572_fu_800_reg is absorbed into DSP empty_572_fu_800_reg.
DSP Report: register mac_muladd_16s_16s_34s_34_3_1_U1799/SubbandRealtimeTopQ610Ip_mac_muladd_16s_16s_34s_34_3_1_DSP48_0_U/a_reg_reg is absorbed into DSP empty_572_fu_800_reg.
DSP Report: register empty_572_fu_800_reg is absorbed into DSP empty_572_fu_800_reg.
DSP Report: register mac_muladd_16s_16s_34s_34_3_1_U1799/SubbandRealtimeTopQ610Ip_mac_muladd_16s_16s_34s_34_3_1_DSP48_0_U/m_reg_reg is absorbed into DSP empty_572_fu_800_reg.
DSP Report: operator mac_muladd_16s_16s_34s_34_3_1_U1799/SubbandRealtimeTopQ610Ip_mac_muladd_16s_16s_34s_34_3_1_DSP48_0_U/p is absorbed into DSP empty_572_fu_800_reg.
DSP Report: operator mac_muladd_16s_16s_34s_34_3_1_U1799/SubbandRealtimeTopQ610Ip_mac_muladd_16s_16s_34s_34_3_1_DSP48_0_U/m is absorbed into DSP empty_572_fu_800_reg.
DSP Report: Generating DSP empty_573_fu_804_reg, operation Mode is: (P+(A2*B'')')'.
DSP Report: register empty_573_fu_804_reg is absorbed into DSP empty_573_fu_804_reg.
DSP Report: register empty_573_fu_804_reg is absorbed into DSP empty_573_fu_804_reg.
DSP Report: register mac_muladd_16s_16s_34s_34_3_1_U1800/SubbandRealtimeTopQ610Ip_mac_muladd_16s_16s_34s_34_3_1_DSP48_0_U/a_reg_reg is absorbed into DSP empty_573_fu_804_reg.
DSP Report: register empty_573_fu_804_reg is absorbed into DSP empty_573_fu_804_reg.
DSP Report: register mac_muladd_16s_16s_34s_34_3_1_U1800/SubbandRealtimeTopQ610Ip_mac_muladd_16s_16s_34s_34_3_1_DSP48_0_U/m_reg_reg is absorbed into DSP empty_573_fu_804_reg.
DSP Report: operator mac_muladd_16s_16s_34s_34_3_1_U1800/SubbandRealtimeTopQ610Ip_mac_muladd_16s_16s_34s_34_3_1_DSP48_0_U/p is absorbed into DSP empty_573_fu_804_reg.
DSP Report: operator mac_muladd_16s_16s_34s_34_3_1_U1800/SubbandRealtimeTopQ610Ip_mac_muladd_16s_16s_34s_34_3_1_DSP48_0_U/m is absorbed into DSP empty_573_fu_804_reg.
DSP Report: Generating DSP empty_574_fu_808_reg, operation Mode is: (P+(A2*B'')')'.
DSP Report: register empty_574_fu_808_reg is absorbed into DSP empty_574_fu_808_reg.
DSP Report: register empty_574_fu_808_reg is absorbed into DSP empty_574_fu_808_reg.
DSP Report: register mac_muladd_16s_16s_34s_34_3_1_U1801/SubbandRealtimeTopQ610Ip_mac_muladd_16s_16s_34s_34_3_1_DSP48_0_U/a_reg_reg is absorbed into DSP empty_574_fu_808_reg.
DSP Report: register empty_574_fu_808_reg is absorbed into DSP empty_574_fu_808_reg.
DSP Report: register mac_muladd_16s_16s_34s_34_3_1_U1801/SubbandRealtimeTopQ610Ip_mac_muladd_16s_16s_34s_34_3_1_DSP48_0_U/m_reg_reg is absorbed into DSP empty_574_fu_808_reg.
DSP Report: operator mac_muladd_16s_16s_34s_34_3_1_U1801/SubbandRealtimeTopQ610Ip_mac_muladd_16s_16s_34s_34_3_1_DSP48_0_U/p is absorbed into DSP empty_574_fu_808_reg.
DSP Report: operator mac_muladd_16s_16s_34s_34_3_1_U1801/SubbandRealtimeTopQ610Ip_mac_muladd_16s_16s_34s_34_3_1_DSP48_0_U/m is absorbed into DSP empty_574_fu_808_reg.
DSP Report: Generating DSP empty_575_fu_812_reg, operation Mode is: (P+(A2*B'')')'.
DSP Report: register empty_575_fu_812_reg is absorbed into DSP empty_575_fu_812_reg.
DSP Report: register empty_575_fu_812_reg is absorbed into DSP empty_575_fu_812_reg.
DSP Report: register mac_muladd_16s_16s_34s_34_3_1_U1802/SubbandRealtimeTopQ610Ip_mac_muladd_16s_16s_34s_34_3_1_DSP48_0_U/a_reg_reg is absorbed into DSP empty_575_fu_812_reg.
DSP Report: register empty_575_fu_812_reg is absorbed into DSP empty_575_fu_812_reg.
DSP Report: register mac_muladd_16s_16s_34s_34_3_1_U1802/SubbandRealtimeTopQ610Ip_mac_muladd_16s_16s_34s_34_3_1_DSP48_0_U/m_reg_reg is absorbed into DSP empty_575_fu_812_reg.
DSP Report: operator mac_muladd_16s_16s_34s_34_3_1_U1802/SubbandRealtimeTopQ610Ip_mac_muladd_16s_16s_34s_34_3_1_DSP48_0_U/p is absorbed into DSP empty_575_fu_812_reg.
DSP Report: operator mac_muladd_16s_16s_34s_34_3_1_U1802/SubbandRealtimeTopQ610Ip_mac_muladd_16s_16s_34s_34_3_1_DSP48_0_U/m is absorbed into DSP empty_575_fu_812_reg.
DSP Report: Generating DSP empty_576_fu_816_reg, operation Mode is: (P+(A2*B'')')'.
DSP Report: register empty_576_fu_816_reg is absorbed into DSP empty_576_fu_816_reg.
DSP Report: register empty_576_fu_816_reg is absorbed into DSP empty_576_fu_816_reg.
DSP Report: register mac_muladd_16s_16s_34s_34_3_1_U1803/SubbandRealtimeTopQ610Ip_mac_muladd_16s_16s_34s_34_3_1_DSP48_0_U/a_reg_reg is absorbed into DSP empty_576_fu_816_reg.
DSP Report: register empty_576_fu_816_reg is absorbed into DSP empty_576_fu_816_reg.
DSP Report: register mac_muladd_16s_16s_34s_34_3_1_U1803/SubbandRealtimeTopQ610Ip_mac_muladd_16s_16s_34s_34_3_1_DSP48_0_U/m_reg_reg is absorbed into DSP empty_576_fu_816_reg.
DSP Report: operator mac_muladd_16s_16s_34s_34_3_1_U1803/SubbandRealtimeTopQ610Ip_mac_muladd_16s_16s_34s_34_3_1_DSP48_0_U/p is absorbed into DSP empty_576_fu_816_reg.
DSP Report: operator mac_muladd_16s_16s_34s_34_3_1_U1803/SubbandRealtimeTopQ610Ip_mac_muladd_16s_16s_34s_34_3_1_DSP48_0_U/m is absorbed into DSP empty_576_fu_816_reg.
DSP Report: Generating DSP empty_577_fu_820_reg, operation Mode is: (P+(A2*B'')')'.
DSP Report: register empty_577_fu_820_reg is absorbed into DSP empty_577_fu_820_reg.
DSP Report: register empty_577_fu_820_reg is absorbed into DSP empty_577_fu_820_reg.
DSP Report: register mac_muladd_16s_16s_34s_34_3_1_U1804/SubbandRealtimeTopQ610Ip_mac_muladd_16s_16s_34s_34_3_1_DSP48_0_U/a_reg_reg is absorbed into DSP empty_577_fu_820_reg.
DSP Report: register empty_577_fu_820_reg is absorbed into DSP empty_577_fu_820_reg.
DSP Report: register mac_muladd_16s_16s_34s_34_3_1_U1804/SubbandRealtimeTopQ610Ip_mac_muladd_16s_16s_34s_34_3_1_DSP48_0_U/m_reg_reg is absorbed into DSP empty_577_fu_820_reg.
DSP Report: operator mac_muladd_16s_16s_34s_34_3_1_U1804/SubbandRealtimeTopQ610Ip_mac_muladd_16s_16s_34s_34_3_1_DSP48_0_U/p is absorbed into DSP empty_577_fu_820_reg.
DSP Report: operator mac_muladd_16s_16s_34s_34_3_1_U1804/SubbandRealtimeTopQ610Ip_mac_muladd_16s_16s_34s_34_3_1_DSP48_0_U/m is absorbed into DSP empty_577_fu_820_reg.
DSP Report: Generating DSP empty_578_fu_824_reg, operation Mode is: (P+(A2*B'')')'.
DSP Report: register empty_578_fu_824_reg is absorbed into DSP empty_578_fu_824_reg.
DSP Report: register empty_578_fu_824_reg is absorbed into DSP empty_578_fu_824_reg.
DSP Report: register mac_muladd_16s_16s_34s_34_3_1_U1805/SubbandRealtimeTopQ610Ip_mac_muladd_16s_16s_34s_34_3_1_DSP48_0_U/a_reg_reg is absorbed into DSP empty_578_fu_824_reg.
DSP Report: register empty_578_fu_824_reg is absorbed into DSP empty_578_fu_824_reg.
DSP Report: register mac_muladd_16s_16s_34s_34_3_1_U1805/SubbandRealtimeTopQ610Ip_mac_muladd_16s_16s_34s_34_3_1_DSP48_0_U/m_reg_reg is absorbed into DSP empty_578_fu_824_reg.
DSP Report: operator mac_muladd_16s_16s_34s_34_3_1_U1805/SubbandRealtimeTopQ610Ip_mac_muladd_16s_16s_34s_34_3_1_DSP48_0_U/p is absorbed into DSP empty_578_fu_824_reg.
DSP Report: operator mac_muladd_16s_16s_34s_34_3_1_U1805/SubbandRealtimeTopQ610Ip_mac_muladd_16s_16s_34s_34_3_1_DSP48_0_U/m is absorbed into DSP empty_578_fu_824_reg.
DSP Report: Generating DSP empty_579_fu_828_reg, operation Mode is: (P+(A2*B'')')'.
DSP Report: register empty_579_fu_828_reg is absorbed into DSP empty_579_fu_828_reg.
DSP Report: register empty_579_fu_828_reg is absorbed into DSP empty_579_fu_828_reg.
DSP Report: register mac_muladd_16s_16s_34s_34_3_1_U1806/SubbandRealtimeTopQ610Ip_mac_muladd_16s_16s_34s_34_3_1_DSP48_0_U/a_reg_reg is absorbed into DSP empty_579_fu_828_reg.
DSP Report: register empty_579_fu_828_reg is absorbed into DSP empty_579_fu_828_reg.
DSP Report: register mac_muladd_16s_16s_34s_34_3_1_U1806/SubbandRealtimeTopQ610Ip_mac_muladd_16s_16s_34s_34_3_1_DSP48_0_U/m_reg_reg is absorbed into DSP empty_579_fu_828_reg.
DSP Report: operator mac_muladd_16s_16s_34s_34_3_1_U1806/SubbandRealtimeTopQ610Ip_mac_muladd_16s_16s_34s_34_3_1_DSP48_0_U/p is absorbed into DSP empty_579_fu_828_reg.
DSP Report: operator mac_muladd_16s_16s_34s_34_3_1_U1806/SubbandRealtimeTopQ610Ip_mac_muladd_16s_16s_34s_34_3_1_DSP48_0_U/m is absorbed into DSP empty_579_fu_828_reg.
DSP Report: Generating DSP empty_580_fu_832_reg, operation Mode is: (P+(A2*B'')')'.
DSP Report: register empty_580_fu_832_reg is absorbed into DSP empty_580_fu_832_reg.
DSP Report: register empty_580_fu_832_reg is absorbed into DSP empty_580_fu_832_reg.
DSP Report: register mac_muladd_16s_16s_34s_34_3_1_U1807/SubbandRealtimeTopQ610Ip_mac_muladd_16s_16s_34s_34_3_1_DSP48_0_U/a_reg_reg is absorbed into DSP empty_580_fu_832_reg.
DSP Report: register empty_580_fu_832_reg is absorbed into DSP empty_580_fu_832_reg.
DSP Report: register mac_muladd_16s_16s_34s_34_3_1_U1807/SubbandRealtimeTopQ610Ip_mac_muladd_16s_16s_34s_34_3_1_DSP48_0_U/m_reg_reg is absorbed into DSP empty_580_fu_832_reg.
DSP Report: operator mac_muladd_16s_16s_34s_34_3_1_U1807/SubbandRealtimeTopQ610Ip_mac_muladd_16s_16s_34s_34_3_1_DSP48_0_U/p is absorbed into DSP empty_580_fu_832_reg.
DSP Report: operator mac_muladd_16s_16s_34s_34_3_1_U1807/SubbandRealtimeTopQ610Ip_mac_muladd_16s_16s_34s_34_3_1_DSP48_0_U/m is absorbed into DSP empty_580_fu_832_reg.
DSP Report: Generating DSP empty_581_fu_836_reg, operation Mode is: (P+(A2*B'')')'.
DSP Report: register empty_581_fu_836_reg is absorbed into DSP empty_581_fu_836_reg.
DSP Report: register empty_581_fu_836_reg is absorbed into DSP empty_581_fu_836_reg.
DSP Report: register mac_muladd_16s_16s_34s_34_3_1_U1808/SubbandRealtimeTopQ610Ip_mac_muladd_16s_16s_34s_34_3_1_DSP48_0_U/a_reg_reg is absorbed into DSP empty_581_fu_836_reg.
DSP Report: register empty_581_fu_836_reg is absorbed into DSP empty_581_fu_836_reg.
DSP Report: register mac_muladd_16s_16s_34s_34_3_1_U1808/SubbandRealtimeTopQ610Ip_mac_muladd_16s_16s_34s_34_3_1_DSP48_0_U/m_reg_reg is absorbed into DSP empty_581_fu_836_reg.
DSP Report: operator mac_muladd_16s_16s_34s_34_3_1_U1808/SubbandRealtimeTopQ610Ip_mac_muladd_16s_16s_34s_34_3_1_DSP48_0_U/p is absorbed into DSP empty_581_fu_836_reg.
DSP Report: operator mac_muladd_16s_16s_34s_34_3_1_U1808/SubbandRealtimeTopQ610Ip_mac_muladd_16s_16s_34s_34_3_1_DSP48_0_U/m is absorbed into DSP empty_581_fu_836_reg.
DSP Report: Generating DSP empty_582_fu_840_reg, operation Mode is: (P+(A2*B'')')'.
DSP Report: register empty_582_fu_840_reg is absorbed into DSP empty_582_fu_840_reg.
DSP Report: register empty_582_fu_840_reg is absorbed into DSP empty_582_fu_840_reg.
DSP Report: register mac_muladd_16s_16s_34s_34_3_1_U1809/SubbandRealtimeTopQ610Ip_mac_muladd_16s_16s_34s_34_3_1_DSP48_0_U/a_reg_reg is absorbed into DSP empty_582_fu_840_reg.
DSP Report: register empty_582_fu_840_reg is absorbed into DSP empty_582_fu_840_reg.
DSP Report: register mac_muladd_16s_16s_34s_34_3_1_U1809/SubbandRealtimeTopQ610Ip_mac_muladd_16s_16s_34s_34_3_1_DSP48_0_U/m_reg_reg is absorbed into DSP empty_582_fu_840_reg.
DSP Report: operator mac_muladd_16s_16s_34s_34_3_1_U1809/SubbandRealtimeTopQ610Ip_mac_muladd_16s_16s_34s_34_3_1_DSP48_0_U/p is absorbed into DSP empty_582_fu_840_reg.
DSP Report: operator mac_muladd_16s_16s_34s_34_3_1_U1809/SubbandRealtimeTopQ610Ip_mac_muladd_16s_16s_34s_34_3_1_DSP48_0_U/m is absorbed into DSP empty_582_fu_840_reg.
DSP Report: Generating DSP empty_583_fu_844_reg, operation Mode is: (P+(A2*B'')')'.
DSP Report: register empty_583_fu_844_reg is absorbed into DSP empty_583_fu_844_reg.
DSP Report: register empty_583_fu_844_reg is absorbed into DSP empty_583_fu_844_reg.
DSP Report: register mac_muladd_16s_16s_34s_34_3_1_U1810/SubbandRealtimeTopQ610Ip_mac_muladd_16s_16s_34s_34_3_1_DSP48_0_U/a_reg_reg is absorbed into DSP empty_583_fu_844_reg.
DSP Report: register empty_583_fu_844_reg is absorbed into DSP empty_583_fu_844_reg.
DSP Report: register mac_muladd_16s_16s_34s_34_3_1_U1810/SubbandRealtimeTopQ610Ip_mac_muladd_16s_16s_34s_34_3_1_DSP48_0_U/m_reg_reg is absorbed into DSP empty_583_fu_844_reg.
DSP Report: operator mac_muladd_16s_16s_34s_34_3_1_U1810/SubbandRealtimeTopQ610Ip_mac_muladd_16s_16s_34s_34_3_1_DSP48_0_U/p is absorbed into DSP empty_583_fu_844_reg.
DSP Report: operator mac_muladd_16s_16s_34s_34_3_1_U1810/SubbandRealtimeTopQ610Ip_mac_muladd_16s_16s_34s_34_3_1_DSP48_0_U/m is absorbed into DSP empty_583_fu_844_reg.
DSP Report: Generating DSP empty_584_fu_848_reg, operation Mode is: (P+(A2*B'')')'.
DSP Report: register empty_584_fu_848_reg is absorbed into DSP empty_584_fu_848_reg.
DSP Report: register empty_584_fu_848_reg is absorbed into DSP empty_584_fu_848_reg.
DSP Report: register mac_muladd_16s_16s_34s_34_3_1_U1811/SubbandRealtimeTopQ610Ip_mac_muladd_16s_16s_34s_34_3_1_DSP48_0_U/a_reg_reg is absorbed into DSP empty_584_fu_848_reg.
DSP Report: register empty_584_fu_848_reg is absorbed into DSP empty_584_fu_848_reg.
DSP Report: register mac_muladd_16s_16s_34s_34_3_1_U1811/SubbandRealtimeTopQ610Ip_mac_muladd_16s_16s_34s_34_3_1_DSP48_0_U/m_reg_reg is absorbed into DSP empty_584_fu_848_reg.
DSP Report: operator mac_muladd_16s_16s_34s_34_3_1_U1811/SubbandRealtimeTopQ610Ip_mac_muladd_16s_16s_34s_34_3_1_DSP48_0_U/p is absorbed into DSP empty_584_fu_848_reg.
DSP Report: operator mac_muladd_16s_16s_34s_34_3_1_U1811/SubbandRealtimeTopQ610Ip_mac_muladd_16s_16s_34s_34_3_1_DSP48_0_U/m is absorbed into DSP empty_584_fu_848_reg.
DSP Report: Generating DSP empty_585_fu_852_reg, operation Mode is: (P+(A2*B'')')'.
DSP Report: register empty_585_fu_852_reg is absorbed into DSP empty_585_fu_852_reg.
DSP Report: register empty_585_fu_852_reg is absorbed into DSP empty_585_fu_852_reg.
DSP Report: register mac_muladd_16s_16s_34s_34_3_1_U1812/SubbandRealtimeTopQ610Ip_mac_muladd_16s_16s_34s_34_3_1_DSP48_0_U/a_reg_reg is absorbed into DSP empty_585_fu_852_reg.
DSP Report: register empty_585_fu_852_reg is absorbed into DSP empty_585_fu_852_reg.
DSP Report: register mac_muladd_16s_16s_34s_34_3_1_U1812/SubbandRealtimeTopQ610Ip_mac_muladd_16s_16s_34s_34_3_1_DSP48_0_U/m_reg_reg is absorbed into DSP empty_585_fu_852_reg.
DSP Report: operator mac_muladd_16s_16s_34s_34_3_1_U1812/SubbandRealtimeTopQ610Ip_mac_muladd_16s_16s_34s_34_3_1_DSP48_0_U/p is absorbed into DSP empty_585_fu_852_reg.
DSP Report: operator mac_muladd_16s_16s_34s_34_3_1_U1812/SubbandRealtimeTopQ610Ip_mac_muladd_16s_16s_34s_34_3_1_DSP48_0_U/m is absorbed into DSP empty_585_fu_852_reg.
DSP Report: Generating DSP empty_586_fu_856_reg, operation Mode is: (P+(A2*B'')')'.
DSP Report: register empty_586_fu_856_reg is absorbed into DSP empty_586_fu_856_reg.
DSP Report: register empty_586_fu_856_reg is absorbed into DSP empty_586_fu_856_reg.
DSP Report: register mac_muladd_16s_16s_34s_34_3_1_U1813/SubbandRealtimeTopQ610Ip_mac_muladd_16s_16s_34s_34_3_1_DSP48_0_U/a_reg_reg is absorbed into DSP empty_586_fu_856_reg.
DSP Report: register empty_586_fu_856_reg is absorbed into DSP empty_586_fu_856_reg.
DSP Report: register mac_muladd_16s_16s_34s_34_3_1_U1813/SubbandRealtimeTopQ610Ip_mac_muladd_16s_16s_34s_34_3_1_DSP48_0_U/m_reg_reg is absorbed into DSP empty_586_fu_856_reg.
DSP Report: operator mac_muladd_16s_16s_34s_34_3_1_U1813/SubbandRealtimeTopQ610Ip_mac_muladd_16s_16s_34s_34_3_1_DSP48_0_U/p is absorbed into DSP empty_586_fu_856_reg.
DSP Report: operator mac_muladd_16s_16s_34s_34_3_1_U1813/SubbandRealtimeTopQ610Ip_mac_muladd_16s_16s_34s_34_3_1_DSP48_0_U/m is absorbed into DSP empty_586_fu_856_reg.
DSP Report: Generating DSP empty_587_fu_860_reg, operation Mode is: (P+(A2*B'')')'.
DSP Report: register empty_587_fu_860_reg is absorbed into DSP empty_587_fu_860_reg.
DSP Report: register empty_587_fu_860_reg is absorbed into DSP empty_587_fu_860_reg.
DSP Report: register mac_muladd_16s_16s_34s_34_3_1_U1814/SubbandRealtimeTopQ610Ip_mac_muladd_16s_16s_34s_34_3_1_DSP48_0_U/a_reg_reg is absorbed into DSP empty_587_fu_860_reg.
DSP Report: register empty_587_fu_860_reg is absorbed into DSP empty_587_fu_860_reg.
DSP Report: register mac_muladd_16s_16s_34s_34_3_1_U1814/SubbandRealtimeTopQ610Ip_mac_muladd_16s_16s_34s_34_3_1_DSP48_0_U/m_reg_reg is absorbed into DSP empty_587_fu_860_reg.
DSP Report: operator mac_muladd_16s_16s_34s_34_3_1_U1814/SubbandRealtimeTopQ610Ip_mac_muladd_16s_16s_34s_34_3_1_DSP48_0_U/p is absorbed into DSP empty_587_fu_860_reg.
DSP Report: operator mac_muladd_16s_16s_34s_34_3_1_U1814/SubbandRealtimeTopQ610Ip_mac_muladd_16s_16s_34s_34_3_1_DSP48_0_U/m is absorbed into DSP empty_587_fu_860_reg.
DSP Report: Generating DSP empty_588_fu_864_reg, operation Mode is: (P+(A2*B'')')'.
DSP Report: register empty_588_fu_864_reg is absorbed into DSP empty_588_fu_864_reg.
DSP Report: register empty_588_fu_864_reg is absorbed into DSP empty_588_fu_864_reg.
DSP Report: register mac_muladd_16s_16s_34s_34_3_1_U1815/SubbandRealtimeTopQ610Ip_mac_muladd_16s_16s_34s_34_3_1_DSP48_0_U/a_reg_reg is absorbed into DSP empty_588_fu_864_reg.
DSP Report: register empty_588_fu_864_reg is absorbed into DSP empty_588_fu_864_reg.
DSP Report: register mac_muladd_16s_16s_34s_34_3_1_U1815/SubbandRealtimeTopQ610Ip_mac_muladd_16s_16s_34s_34_3_1_DSP48_0_U/m_reg_reg is absorbed into DSP empty_588_fu_864_reg.
DSP Report: operator mac_muladd_16s_16s_34s_34_3_1_U1815/SubbandRealtimeTopQ610Ip_mac_muladd_16s_16s_34s_34_3_1_DSP48_0_U/p is absorbed into DSP empty_588_fu_864_reg.
DSP Report: operator mac_muladd_16s_16s_34s_34_3_1_U1815/SubbandRealtimeTopQ610Ip_mac_muladd_16s_16s_34s_34_3_1_DSP48_0_U/m is absorbed into DSP empty_588_fu_864_reg.
DSP Report: Generating DSP empty_589_fu_868_reg, operation Mode is: (P+(A2*B'')')'.
DSP Report: register empty_589_fu_868_reg is absorbed into DSP empty_589_fu_868_reg.
DSP Report: register empty_589_fu_868_reg is absorbed into DSP empty_589_fu_868_reg.
DSP Report: register mac_muladd_16s_16s_34s_34_3_1_U1816/SubbandRealtimeTopQ610Ip_mac_muladd_16s_16s_34s_34_3_1_DSP48_0_U/a_reg_reg is absorbed into DSP empty_589_fu_868_reg.
DSP Report: register empty_589_fu_868_reg is absorbed into DSP empty_589_fu_868_reg.
DSP Report: register mac_muladd_16s_16s_34s_34_3_1_U1816/SubbandRealtimeTopQ610Ip_mac_muladd_16s_16s_34s_34_3_1_DSP48_0_U/m_reg_reg is absorbed into DSP empty_589_fu_868_reg.
DSP Report: operator mac_muladd_16s_16s_34s_34_3_1_U1816/SubbandRealtimeTopQ610Ip_mac_muladd_16s_16s_34s_34_3_1_DSP48_0_U/p is absorbed into DSP empty_589_fu_868_reg.
DSP Report: operator mac_muladd_16s_16s_34s_34_3_1_U1816/SubbandRealtimeTopQ610Ip_mac_muladd_16s_16s_34s_34_3_1_DSP48_0_U/m is absorbed into DSP empty_589_fu_868_reg.
DSP Report: Generating DSP empty_590_fu_872_reg, operation Mode is: (P+(A2*B'')')'.
DSP Report: register empty_590_fu_872_reg is absorbed into DSP empty_590_fu_872_reg.
DSP Report: register empty_590_fu_872_reg is absorbed into DSP empty_590_fu_872_reg.
DSP Report: register mac_muladd_16s_16s_34s_34_3_1_U1817/SubbandRealtimeTopQ610Ip_mac_muladd_16s_16s_34s_34_3_1_DSP48_0_U/a_reg_reg is absorbed into DSP empty_590_fu_872_reg.
DSP Report: register empty_590_fu_872_reg is absorbed into DSP empty_590_fu_872_reg.
DSP Report: register mac_muladd_16s_16s_34s_34_3_1_U1817/SubbandRealtimeTopQ610Ip_mac_muladd_16s_16s_34s_34_3_1_DSP48_0_U/m_reg_reg is absorbed into DSP empty_590_fu_872_reg.
DSP Report: operator mac_muladd_16s_16s_34s_34_3_1_U1817/SubbandRealtimeTopQ610Ip_mac_muladd_16s_16s_34s_34_3_1_DSP48_0_U/p is absorbed into DSP empty_590_fu_872_reg.
DSP Report: operator mac_muladd_16s_16s_34s_34_3_1_U1817/SubbandRealtimeTopQ610Ip_mac_muladd_16s_16s_34s_34_3_1_DSP48_0_U/m is absorbed into DSP empty_590_fu_872_reg.
DSP Report: Generating DSP empty_591_fu_876_reg, operation Mode is: (P+(A2*B'')')'.
DSP Report: register empty_591_fu_876_reg is absorbed into DSP empty_591_fu_876_reg.
DSP Report: register empty_591_fu_876_reg is absorbed into DSP empty_591_fu_876_reg.
DSP Report: register mac_muladd_16s_16s_34s_34_3_1_U1818/SubbandRealtimeTopQ610Ip_mac_muladd_16s_16s_34s_34_3_1_DSP48_0_U/a_reg_reg is absorbed into DSP empty_591_fu_876_reg.
DSP Report: register empty_591_fu_876_reg is absorbed into DSP empty_591_fu_876_reg.
DSP Report: register mac_muladd_16s_16s_34s_34_3_1_U1818/SubbandRealtimeTopQ610Ip_mac_muladd_16s_16s_34s_34_3_1_DSP48_0_U/m_reg_reg is absorbed into DSP empty_591_fu_876_reg.
DSP Report: operator mac_muladd_16s_16s_34s_34_3_1_U1818/SubbandRealtimeTopQ610Ip_mac_muladd_16s_16s_34s_34_3_1_DSP48_0_U/p is absorbed into DSP empty_591_fu_876_reg.
DSP Report: operator mac_muladd_16s_16s_34s_34_3_1_U1818/SubbandRealtimeTopQ610Ip_mac_muladd_16s_16s_34s_34_3_1_DSP48_0_U/m is absorbed into DSP empty_591_fu_876_reg.
DSP Report: Generating DSP empty_592_fu_880_reg, operation Mode is: (P+(A2*B'')')'.
DSP Report: register empty_592_fu_880_reg is absorbed into DSP empty_592_fu_880_reg.
DSP Report: register empty_592_fu_880_reg is absorbed into DSP empty_592_fu_880_reg.
DSP Report: register mac_muladd_16s_16s_34s_34_3_1_U1819/SubbandRealtimeTopQ610Ip_mac_muladd_16s_16s_34s_34_3_1_DSP48_0_U/a_reg_reg is absorbed into DSP empty_592_fu_880_reg.
DSP Report: register empty_592_fu_880_reg is absorbed into DSP empty_592_fu_880_reg.
DSP Report: register mac_muladd_16s_16s_34s_34_3_1_U1819/SubbandRealtimeTopQ610Ip_mac_muladd_16s_16s_34s_34_3_1_DSP48_0_U/m_reg_reg is absorbed into DSP empty_592_fu_880_reg.
DSP Report: operator mac_muladd_16s_16s_34s_34_3_1_U1819/SubbandRealtimeTopQ610Ip_mac_muladd_16s_16s_34s_34_3_1_DSP48_0_U/p is absorbed into DSP empty_592_fu_880_reg.
DSP Report: operator mac_muladd_16s_16s_34s_34_3_1_U1819/SubbandRealtimeTopQ610Ip_mac_muladd_16s_16s_34s_34_3_1_DSP48_0_U/m is absorbed into DSP empty_592_fu_880_reg.
DSP Report: Generating DSP empty_593_fu_884_reg, operation Mode is: (P+(A2*B'')')'.
DSP Report: register empty_593_fu_884_reg is absorbed into DSP empty_593_fu_884_reg.
DSP Report: register empty_593_fu_884_reg is absorbed into DSP empty_593_fu_884_reg.
DSP Report: register mac_muladd_16s_16s_34s_34_3_1_U1820/SubbandRealtimeTopQ610Ip_mac_muladd_16s_16s_34s_34_3_1_DSP48_0_U/a_reg_reg is absorbed into DSP empty_593_fu_884_reg.
DSP Report: register empty_593_fu_884_reg is absorbed into DSP empty_593_fu_884_reg.
DSP Report: register mac_muladd_16s_16s_34s_34_3_1_U1820/SubbandRealtimeTopQ610Ip_mac_muladd_16s_16s_34s_34_3_1_DSP48_0_U/m_reg_reg is absorbed into DSP empty_593_fu_884_reg.
DSP Report: operator mac_muladd_16s_16s_34s_34_3_1_U1820/SubbandRealtimeTopQ610Ip_mac_muladd_16s_16s_34s_34_3_1_DSP48_0_U/p is absorbed into DSP empty_593_fu_884_reg.
DSP Report: operator mac_muladd_16s_16s_34s_34_3_1_U1820/SubbandRealtimeTopQ610Ip_mac_muladd_16s_16s_34s_34_3_1_DSP48_0_U/m is absorbed into DSP empty_593_fu_884_reg.
DSP Report: Generating DSP empty_594_fu_888_reg, operation Mode is: (P+(A2*B'')')'.
DSP Report: register empty_594_fu_888_reg is absorbed into DSP empty_594_fu_888_reg.
DSP Report: register empty_594_fu_888_reg is absorbed into DSP empty_594_fu_888_reg.
DSP Report: register mac_muladd_16s_16s_34s_34_3_1_U1821/SubbandRealtimeTopQ610Ip_mac_muladd_16s_16s_34s_34_3_1_DSP48_0_U/a_reg_reg is absorbed into DSP empty_594_fu_888_reg.
DSP Report: register empty_594_fu_888_reg is absorbed into DSP empty_594_fu_888_reg.
DSP Report: register mac_muladd_16s_16s_34s_34_3_1_U1821/SubbandRealtimeTopQ610Ip_mac_muladd_16s_16s_34s_34_3_1_DSP48_0_U/m_reg_reg is absorbed into DSP empty_594_fu_888_reg.
DSP Report: operator mac_muladd_16s_16s_34s_34_3_1_U1821/SubbandRealtimeTopQ610Ip_mac_muladd_16s_16s_34s_34_3_1_DSP48_0_U/p is absorbed into DSP empty_594_fu_888_reg.
DSP Report: operator mac_muladd_16s_16s_34s_34_3_1_U1821/SubbandRealtimeTopQ610Ip_mac_muladd_16s_16s_34s_34_3_1_DSP48_0_U/m is absorbed into DSP empty_594_fu_888_reg.
DSP Report: Generating DSP empty_595_fu_892_reg, operation Mode is: (P+(A2*B'')')'.
DSP Report: register empty_595_fu_892_reg is absorbed into DSP empty_595_fu_892_reg.
DSP Report: register empty_595_fu_892_reg is absorbed into DSP empty_595_fu_892_reg.
DSP Report: register mac_muladd_16s_16s_34s_34_3_1_U1822/SubbandRealtimeTopQ610Ip_mac_muladd_16s_16s_34s_34_3_1_DSP48_0_U/a_reg_reg is absorbed into DSP empty_595_fu_892_reg.
DSP Report: register empty_595_fu_892_reg is absorbed into DSP empty_595_fu_892_reg.
DSP Report: register mac_muladd_16s_16s_34s_34_3_1_U1822/SubbandRealtimeTopQ610Ip_mac_muladd_16s_16s_34s_34_3_1_DSP48_0_U/m_reg_reg is absorbed into DSP empty_595_fu_892_reg.
DSP Report: operator mac_muladd_16s_16s_34s_34_3_1_U1822/SubbandRealtimeTopQ610Ip_mac_muladd_16s_16s_34s_34_3_1_DSP48_0_U/p is absorbed into DSP empty_595_fu_892_reg.
DSP Report: operator mac_muladd_16s_16s_34s_34_3_1_U1822/SubbandRealtimeTopQ610Ip_mac_muladd_16s_16s_34s_34_3_1_DSP48_0_U/m is absorbed into DSP empty_595_fu_892_reg.
DSP Report: Generating DSP empty_596_fu_896_reg, operation Mode is: (P+(A2*B'')')'.
DSP Report: register empty_596_fu_896_reg is absorbed into DSP empty_596_fu_896_reg.
DSP Report: register empty_596_fu_896_reg is absorbed into DSP empty_596_fu_896_reg.
DSP Report: register mac_muladd_16s_16s_34s_34_3_1_U1823/SubbandRealtimeTopQ610Ip_mac_muladd_16s_16s_34s_34_3_1_DSP48_0_U/a_reg_reg is absorbed into DSP empty_596_fu_896_reg.
DSP Report: register empty_596_fu_896_reg is absorbed into DSP empty_596_fu_896_reg.
DSP Report: register mac_muladd_16s_16s_34s_34_3_1_U1823/SubbandRealtimeTopQ610Ip_mac_muladd_16s_16s_34s_34_3_1_DSP48_0_U/m_reg_reg is absorbed into DSP empty_596_fu_896_reg.
DSP Report: operator mac_muladd_16s_16s_34s_34_3_1_U1823/SubbandRealtimeTopQ610Ip_mac_muladd_16s_16s_34s_34_3_1_DSP48_0_U/p is absorbed into DSP empty_596_fu_896_reg.
DSP Report: operator mac_muladd_16s_16s_34s_34_3_1_U1823/SubbandRealtimeTopQ610Ip_mac_muladd_16s_16s_34s_34_3_1_DSP48_0_U/m is absorbed into DSP empty_596_fu_896_reg.
DSP Report: Generating DSP empty_597_fu_900_reg, operation Mode is: (P+(A2*B'')')'.
DSP Report: register empty_597_fu_900_reg is absorbed into DSP empty_597_fu_900_reg.
DSP Report: register empty_597_fu_900_reg is absorbed into DSP empty_597_fu_900_reg.
DSP Report: register mac_muladd_16s_16s_34s_34_3_1_U1824/SubbandRealtimeTopQ610Ip_mac_muladd_16s_16s_34s_34_3_1_DSP48_0_U/a_reg_reg is absorbed into DSP empty_597_fu_900_reg.
DSP Report: register empty_597_fu_900_reg is absorbed into DSP empty_597_fu_900_reg.
DSP Report: register mac_muladd_16s_16s_34s_34_3_1_U1824/SubbandRealtimeTopQ610Ip_mac_muladd_16s_16s_34s_34_3_1_DSP48_0_U/m_reg_reg is absorbed into DSP empty_597_fu_900_reg.
DSP Report: operator mac_muladd_16s_16s_34s_34_3_1_U1824/SubbandRealtimeTopQ610Ip_mac_muladd_16s_16s_34s_34_3_1_DSP48_0_U/p is absorbed into DSP empty_597_fu_900_reg.
DSP Report: operator mac_muladd_16s_16s_34s_34_3_1_U1824/SubbandRealtimeTopQ610Ip_mac_muladd_16s_16s_34s_34_3_1_DSP48_0_U/m is absorbed into DSP empty_597_fu_900_reg.
INFO: [Synth 8-3333] propagating constant 0 across sequential element (\grp_p_anonymous_namespace_RunRealtimeGSUMacPhaseFixedQ610_Pipeline_VITIS_LOOP_2713_27_fu_4436/ap_done_reg_reg )
INFO: [Synth 8-3333] propagating constant 1 across sequential element (\grp_p_anonymous_namespace_RunRealtimeGSUMacPhaseFixedQ610_Pipeline_VITIS_LOOP_2713_29_fu_4962/ap_CS_fsm_reg[0] )
INFO: [Synth 8-3333] propagating constant 0 across sequential element (\grp_p_anonymous_namespace_RunRealtimeGSUMacPhaseFixedQ610_Pipeline_VITIS_LOOP_2713_29_fu_4962/ap_done_reg_reg )
WARNING: [Synth 8-3936] Found unconnected internal register 'mul_16s_16s_32_3_1_U3187/buff0_reg' and it is trimmed from '32' to '31' bits. [h:/vivado_realtime_dma_zybo_z7_20/vivado_realtime_dma_zybo_z7_20.gen/sources_1/bd/realtime_dma_bd/ipshared/9460/hdl/verilog/SubbandRealtimeTopQ610Ip_mul_16s_16s_32_3_1.v:49]
WARNING: [Synth 8-3936] Found unconnected internal register 'mul_16s_16s_32_3_1_U3186/buff0_reg' and it is trimmed from '32' to '31' bits. [h:/vivado_realtime_dma_zybo_z7_20/vivado_realtime_dma_zybo_z7_20.gen/sources_1/bd/realtime_dma_bd/ipshared/9460/hdl/verilog/SubbandRealtimeTopQ610Ip_mul_16s_16s_32_3_1.v:49]
WARNING: [Synth 8-3936] Found unconnected internal register 'mul_16s_16s_32_3_1_U3185/buff0_reg' and it is trimmed from '32' to '31' bits. [h:/vivado_realtime_dma_zybo_z7_20/vivado_realtime_dma_zybo_z7_20.gen/sources_1/bd/realtime_dma_bd/ipshared/9460/hdl/verilog/SubbandRealtimeTopQ610Ip_mul_16s_16s_32_3_1.v:49]
WARNING: [Synth 8-3936] Found unconnected internal register 'mul_16s_16s_32_3_1_U3184/buff0_reg' and it is trimmed from '32' to '31' bits. [h:/vivado_realtime_dma_zybo_z7_20/vivado_realtime_dma_zybo_z7_20.gen/sources_1/bd/realtime_dma_bd/ipshared/9460/hdl/verilog/SubbandRealtimeTopQ610Ip_mul_16s_16s_32_3_1.v:49]
DSP Report: Generating DSP mul_16s_16s_32_3_1_U3184/buff0_reg, operation Mode is: (A''*B'')'.
DSP Report: register ap_phi_reg_pp0_iter10_forget_gate_q610_1_reg_2600_reg is absorbed into DSP mul_16s_16s_32_3_1_U3184/buff0_reg.
DSP Report: register mul_16s_16s_32_3_1_U3184/din1_reg_reg is absorbed into DSP mul_16s_16s_32_3_1_U3184/buff0_reg.
DSP Report: register rhs_157_reg_5838_pp0_iter9_reg_reg is absorbed into DSP mul_16s_16s_32_3_1_U3184/buff0_reg.
DSP Report: register mul_16s_16s_32_3_1_U3184/din0_reg_reg is absorbed into DSP mul_16s_16s_32_3_1_U3184/buff0_reg.
DSP Report: register mul_16s_16s_32_3_1_U3184/buff0_reg is absorbed into DSP mul_16s_16s_32_3_1_U3184/buff0_reg.
DSP Report: operator mul_16s_16s_32_3_1_U3184/tmp_product is absorbed into DSP mul_16s_16s_32_3_1_U3184/buff0_reg.
DSP Report: Generating DSP add_ln171_2_fu_4796_p2, operation Mode is: (C:0x200)+(ACIN2*B'')'.
DSP Report: register ap_phi_reg_pp0_iter10_forget_gate_q610_1_reg_2600_reg is absorbed into DSP add_ln171_2_fu_4796_p2.
DSP Report: register mul_16s_16s_32_3_1_U3184/din1_reg_reg is absorbed into DSP add_ln171_2_fu_4796_p2.
DSP Report: register mul_16s_16s_32_3_1_U3184/din0_reg_reg is absorbed into DSP add_ln171_2_fu_4796_p2.
DSP Report: register mul_16s_16s_32_3_1_U3184/buff0_reg is absorbed into DSP add_ln171_2_fu_4796_p2.
DSP Report: operator mul_16s_16s_32_3_1_U3184/tmp_product is absorbed into DSP add_ln171_2_fu_4796_p2.
DSP Report: operator add_ln171_2_fu_4796_p2 is absorbed into DSP add_ln171_2_fu_4796_p2.
DSP Report: Generating DSP mul_16s_16s_32_3_1_U3185/buff0_reg, operation Mode is: (A2*B2)'.
DSP Report: register mul_16s_16s_32_3_1_U3185/din1_reg_reg is absorbed into DSP mul_16s_16s_32_3_1_U3185/buff0_reg.
DSP Report: register mul_16s_16s_32_3_1_U3185/din0_reg_reg is absorbed into DSP mul_16s_16s_32_3_1_U3185/buff0_reg.
DSP Report: register mul_16s_16s_32_3_1_U3185/buff0_reg is absorbed into DSP mul_16s_16s_32_3_1_U3185/buff0_reg.
DSP Report: operator mul_16s_16s_32_3_1_U3185/tmp_product is absorbed into DSP mul_16s_16s_32_3_1_U3185/buff0_reg.
DSP Report: Generating DSP add_ln171_3_fu_4840_p2, operation Mode is: (C:0x200)+(A2*B2)'.
DSP Report: register mul_16s_16s_32_3_1_U3185/din1_reg_reg is absorbed into DSP add_ln171_3_fu_4840_p2.
DSP Report: register mul_16s_16s_32_3_1_U3185/din0_reg_reg is absorbed into DSP add_ln171_3_fu_4840_p2.
DSP Report: register mul_16s_16s_32_3_1_U3185/buff0_reg is absorbed into DSP add_ln171_3_fu_4840_p2.
DSP Report: operator mul_16s_16s_32_3_1_U3185/tmp_product is absorbed into DSP add_ln171_3_fu_4840_p2.
DSP Report: operator add_ln171_3_fu_4840_p2 is absorbed into DSP add_ln171_3_fu_4840_p2.
DSP Report: Generating DSP mul_16s_16s_32_3_1_U3188/buff0_reg, operation Mode is: (A2*B2)'.
DSP Report: register mul_16s_16s_32_3_1_U3188/din1_reg_reg is absorbed into DSP mul_16s_16s_32_3_1_U3188/buff0_reg.
DSP Report: register mul_16s_16s_32_3_1_U3188/din0_reg_reg is absorbed into DSP mul_16s_16s_32_3_1_U3188/buff0_reg.
DSP Report: register mul_16s_16s_32_3_1_U3188/buff0_reg is absorbed into DSP mul_16s_16s_32_3_1_U3188/buff0_reg.
DSP Report: operator mul_16s_16s_32_3_1_U3188/tmp_product is absorbed into DSP mul_16s_16s_32_3_1_U3188/buff0_reg.
DSP Report: Generating DSP add_ln171_4_fu_5354_p2, operation Mode is: (C:0x200)+(A2*B2)'.
DSP Report: register mul_16s_16s_32_3_1_U3188/din1_reg_reg is absorbed into DSP add_ln171_4_fu_5354_p2.
DSP Report: register mul_16s_16s_32_3_1_U3188/din0_reg_reg is absorbed into DSP add_ln171_4_fu_5354_p2.
DSP Report: register mul_16s_16s_32_3_1_U3188/buff0_reg is absorbed into DSP add_ln171_4_fu_5354_p2.
DSP Report: operator mul_16s_16s_32_3_1_U3188/tmp_product is absorbed into DSP add_ln171_4_fu_5354_p2.
DSP Report: operator add_ln171_4_fu_5354_p2 is absorbed into DSP add_ln171_4_fu_5354_p2.
DSP Report: Generating DSP mul_16s_16s_32_3_1_U3186/buff0_reg, operation Mode is: (A''*B'')'.
DSP Report: register ap_phi_reg_pp0_iter10_forget_gate_q610_reg_2617_reg is absorbed into DSP mul_16s_16s_32_3_1_U3186/buff0_reg.
DSP Report: register mul_16s_16s_32_3_1_U3186/din1_reg_reg is absorbed into DSP mul_16s_16s_32_3_1_U3186/buff0_reg.
DSP Report: register rhs_164_reg_5843_pp0_iter9_reg_reg is absorbed into DSP mul_16s_16s_32_3_1_U3186/buff0_reg.
DSP Report: register mul_16s_16s_32_3_1_U3186/din0_reg_reg is absorbed into DSP mul_16s_16s_32_3_1_U3186/buff0_reg.
DSP Report: register mul_16s_16s_32_3_1_U3186/buff0_reg is absorbed into DSP mul_16s_16s_32_3_1_U3186/buff0_reg.
DSP Report: operator mul_16s_16s_32_3_1_U3186/tmp_product is absorbed into DSP mul_16s_16s_32_3_1_U3186/buff0_reg.
DSP Report: Generating DSP add_ln171_7_fu_4884_p2, operation Mode is: (C:0x200)+(ACIN2*B'')'.
DSP Report: register ap_phi_reg_pp0_iter10_forget_gate_q610_reg_2617_reg is absorbed into DSP add_ln171_7_fu_4884_p2.
DSP Report: register mul_16s_16s_32_3_1_U3186/din1_reg_reg is absorbed into DSP add_ln171_7_fu_4884_p2.
DSP Report: register mul_16s_16s_32_3_1_U3186/din0_reg_reg is absorbed into DSP add_ln171_7_fu_4884_p2.
DSP Report: register mul_16s_16s_32_3_1_U3186/buff0_reg is absorbed into DSP add_ln171_7_fu_4884_p2.
DSP Report: operator mul_16s_16s_32_3_1_U3186/tmp_product is absorbed into DSP add_ln171_7_fu_4884_p2.
DSP Report: operator add_ln171_7_fu_4884_p2 is absorbed into DSP add_ln171_7_fu_4884_p2.
DSP Report: Generating DSP mul_16s_16s_32_3_1_U3187/buff0_reg, operation Mode is: (A2*B2)'.
DSP Report: register mul_16s_16s_32_3_1_U3187/din1_reg_reg is absorbed into DSP mul_16s_16s_32_3_1_U3187/buff0_reg.
DSP Report: register mul_16s_16s_32_3_1_U3187/din0_reg_reg is absorbed into DSP mul_16s_16s_32_3_1_U3187/buff0_reg.
DSP Report: register mul_16s_16s_32_3_1_U3187/buff0_reg is absorbed into DSP mul_16s_16s_32_3_1_U3187/buff0_reg.
DSP Report: operator mul_16s_16s_32_3_1_U3187/tmp_product is absorbed into DSP mul_16s_16s_32_3_1_U3187/buff0_reg.
DSP Report: Generating DSP add_ln171_8_fu_4928_p2, operation Mode is: (C:0x200)+(A2*B2)'.
DSP Report: register mul_16s_16s_32_3_1_U3187/din1_reg_reg is absorbed into DSP add_ln171_8_fu_4928_p2.
DSP Report: register mul_16s_16s_32_3_1_U3187/din0_reg_reg is absorbed into DSP add_ln171_8_fu_4928_p2.
DSP Report: register mul_16s_16s_32_3_1_U3187/buff0_reg is absorbed into DSP add_ln171_8_fu_4928_p2.
DSP Report: operator mul_16s_16s_32_3_1_U3187/tmp_product is absorbed into DSP add_ln171_8_fu_4928_p2.
DSP Report: operator add_ln171_8_fu_4928_p2 is absorbed into DSP add_ln171_8_fu_4928_p2.
DSP Report: Generating DSP mul_16s_16s_32_3_1_U3189/buff0_reg, operation Mode is: (A2*B2)'.
DSP Report: register mul_16s_16s_32_3_1_U3189/din1_reg_reg is absorbed into DSP mul_16s_16s_32_3_1_U3189/buff0_reg.
DSP Report: register mul_16s_16s_32_3_1_U3189/din0_reg_reg is absorbed into DSP mul_16s_16s_32_3_1_U3189/buff0_reg.
DSP Report: register mul_16s_16s_32_3_1_U3189/buff0_reg is absorbed into DSP mul_16s_16s_32_3_1_U3189/buff0_reg.
DSP Report: operator mul_16s_16s_32_3_1_U3189/tmp_product is absorbed into DSP mul_16s_16s_32_3_1_U3189/buff0_reg.
DSP Report: Generating DSP add_ln171_9_fu_5398_p2, operation Mode is: (C:0x200)+(A2*B2)'.
DSP Report: register mul_16s_16s_32_3_1_U3189/din1_reg_reg is absorbed into DSP add_ln171_9_fu_5398_p2.
DSP Report: register mul_16s_16s_32_3_1_U3189/din0_reg_reg is absorbed into DSP add_ln171_9_fu_5398_p2.
DSP Report: register mul_16s_16s_32_3_1_U3189/buff0_reg is absorbed into DSP add_ln171_9_fu_5398_p2.
DSP Report: operator mul_16s_16s_32_3_1_U3189/tmp_product is absorbed into DSP add_ln171_9_fu_5398_p2.
DSP Report: operator add_ln171_9_fu_5398_p2 is absorbed into DSP add_ln171_9_fu_5398_p2.
INFO: [Synth 8-3333] propagating constant 0 across sequential element (\grp_p_anonymous_namespace_RunGSUGatePhaseBand0Q610_2_true_s_fu_4921/grp_p_anonymous_namespace_RunGSUGatePhaseBand0Q610_Pipeline_VITIS_LOOP_1887_1_fu_1954 /\ap_phi_reg_pp0_iter2_forget_gate_q610_1_reg_2600_reg[10] )
INFO: [Common 17-14] Message 'Synth 8-3886' appears 100 times and further instances of the messages will be disabled. Use the Tcl command set_msg_config to change the current settings.
INFO: [Synth 8-3333] propagating constant 0 across sequential element (\grp_p_anonymous_namespace_RunGSUGatePhaseBand0Q610_2_true_s_fu_4921/grp_p_anonymous_namespace_RunGSUGatePhaseBand0Q610_Pipeline_VITIS_LOOP_1887_1_fu_1954 /subband_q610_anonymous_namespace_kSigmoidPwlKnotsQ610_U/\q1_reg[4] )
INFO: [Synth 8-3333] propagating constant 1 across sequential element (\grp_p_anonymous_namespace_RunGSUGatePhaseBand0Q610_2_true_s_fu_4921/grp_p_anonymous_namespace_RunGSUGatePhaseBand0Q610_Pipeline_VITIS_LOOP_1887_1_fu_1954 /\shift_bits_reg_6088_reg[3] )
INFO: [Synth 8-3333] propagating constant 0 across sequential element (\grp_p_anonymous_namespace_RunGSUGatePhaseBand0Q610_2_true_s_fu_4921/grp_p_anonymous_namespace_RunGSUGatePhaseBand0Q610_Pipeline_VITIS_LOOP_1887_1_fu_1954 /\shift_bits_reg_6088_reg[2] )
INFO: [Synth 8-3333] propagating constant 0 across sequential element (\grp_p_anonymous_namespace_RunGSUGatePhaseBand0Q610_2_true_s_fu_4921/grp_p_anonymous_namespace_RunGSUGatePhaseBand0Q610_Pipeline_VITIS_LOOP_1887_1_fu_1954 /\shl_ln1697_reg_6098_reg[3] )
INFO: [Synth 8-3333] propagating constant 0 across sequential element (\grp_p_anonymous_namespace_RunGSUGatePhaseBand0Q610_2_true_s_fu_4921/sub_ln1915_reg_3572_reg[3] )
INFO: [Synth 8-3333] propagating constant 1 across sequential element (\grp_p_anonymous_namespace_RunGSUGatePhaseBand0Q610_2_true_s_fu_4921/grp_p_anonymous_namespace_RunGSUGatePhaseBand0Q610_Pipeline_VITIS_LOOP_1887_1_fu_1954 /\ap_CS_fsm_reg[0] )
INFO: [Synth 8-3333] propagating constant 0 across sequential element (\grp_p_anonymous_namespace_RunGSUGatePhaseBand0Q610_2_true_s_fu_4921/grp_p_anonymous_namespace_RunGSUGatePhaseBand0Q610_Pipeline_VITIS_LOOP_1887_1_fu_1954 /ap_done_reg_reg)
INFO: [Synth 8-3333] propagating constant 0 across sequential element (\grp_p_anonymous_namespace_RunGSUGatePhaseBand0Q610_2_true_s_fu_4921/grp_p_anonymous_namespace_RunGSUGatePhaseBand0Q610_Pipeline_VITIS_LOOP_1887_1_fu_1954 /\ap_phi_reg_pp0_iter3_forget_gate_q610_1_reg_2600_reg[10] )
INFO: [Synth 8-3333] propagating constant 0 across sequential element (\grp_p_anonymous_namespace_RunGSUGatePhaseBand0Q610_2_true_s_fu_4921/grp_p_anonymous_namespace_RunGSUGatePhaseBand0Q610_Pipeline_VITIS_LOOP_1887_1_fu_1954 /\ap_phi_reg_pp0_iter4_forget_gate_q610_1_reg_2600_reg[10] )
INFO: [Synth 8-3333] propagating constant 0 across sequential element (\grp_p_anonymous_namespace_RunGSUGatePhaseBand0Q610_2_true_s_fu_4921/grp_p_anonymous_namespace_RunGSUGatePhaseBand0Q610_Pipeline_VITIS_LOOP_1887_1_fu_1954 /\ap_phi_reg_pp0_iter5_forget_gate_q610_reg_2617_reg[9] )
INFO: [Synth 8-3333] propagating constant 0 across sequential element (\grp_p_anonymous_namespace_RunGSUGatePhaseBand0Q610_2_true_s_fu_4921/grp_p_anonymous_namespace_RunGSUGatePhaseBand0Q610_Pipeline_VITIS_LOOP_1887_1_fu_1954 /\ap_phi_reg_pp0_iter5_forget_gate_q610_1_reg_2600_reg[9] )
INFO: [Synth 8-3333] propagating constant 0 across sequential element (\grp_p_anonymous_namespace_RunGSUGatePhaseBand0Q610_2_true_s_fu_4921/grp_p_anonymous_namespace_RunGSUGatePhaseBand0Q610_Pipeline_VITIS_LOOP_1887_1_fu_1954 /\ap_phi_reg_pp0_iter6_forget_gate_q610_1_reg_2600_reg[9] )
INFO: [Synth 8-3333] propagating constant 0 across sequential element (\grp_p_anonymous_namespace_RunGSUGatePhaseBand0Q610_2_true_s_fu_4921/grp_p_anonymous_namespace_RunGSUGatePhaseBand0Q610_Pipeline_VITIS_LOOP_1887_1_fu_1954 /\ap_phi_reg_pp0_iter7_forget_gate_q610_1_reg_2600_reg[9] )
INFO: [Synth 8-3333] propagating constant 0 across sequential element (\grp_p_anonymous_namespace_RunGSUGatePhaseBand0Q610_2_true_s_fu_4921/grp_p_anonymous_namespace_RunGSUGatePhaseBand0Q610_Pipeline_VITIS_LOOP_1887_1_fu_1954 /\ap_phi_reg_pp0_iter8_forget_gate_q610_1_reg_2600_reg[9] )
INFO: [Synth 8-3333] propagating constant 0 across sequential element (\grp_p_anonymous_namespace_RunGSUGatePhaseBand0Q610_2_true_s_fu_4921/grp_p_anonymous_namespace_RunGSUGatePhaseBand0Q610_Pipeline_VITIS_LOOP_1887_1_fu_1954 /\ap_phi_reg_pp0_iter9_forget_gate_q610_1_reg_2600_reg[9] )
WARNING: [Synth 8-3936] Found unconnected internal register 'mac_muladd_7ns_3ns_8ns_10_4_1_U4423/SubbandRealtimeTopQ610Ip_mac_muladd_7ns_3ns_8ns_10_4_1_DSP48_1_U/p_reg_reg' and it is trimmed from '44' to '10' bits. [h:/vivado_realtime_dma_zybo_z7_20/vivado_realtime_dma_zybo_z7_20.gen/sources_1/bd/realtime_dma_bd/ipshared/9460/hdl/verilog/SubbandRealtimeTopQ610Ip_mac_muladd_7ns_3ns_8ns_10_4_1.v:41]
WARNING: [Synth 8-3936] Found unconnected internal register 'mac_muladd_7ns_3ns_8ns_10_4_1_U4423/SubbandRealtimeTopQ610Ip_mac_muladd_7ns_3ns_8ns_10_4_1_DSP48_1_U/m_reg_reg' and it is trimmed from '43' to '10' bits. [h:/vivado_realtime_dma_zybo_z7_20/vivado_realtime_dma_zybo_z7_20.gen/sources_1/bd/realtime_dma_bd/ipshared/9460/hdl/verilog/SubbandRealtimeTopQ610Ip_mac_muladd_7ns_3ns_8ns_10_4_1.v:34]
WARNING: [Synth 8-3936] Found unconnected internal register 'mac_muladd_7ns_3ns_8ns_10_4_1_U4423/SubbandRealtimeTopQ610Ip_mac_muladd_7ns_3ns_8ns_10_4_1_DSP48_1_U/a_reg_reg' and it is trimmed from '25' to '10' bits. [h:/vivado_realtime_dma_zybo_z7_20/vivado_realtime_dma_zybo_z7_20.gen/sources_1/bd/realtime_dma_bd/ipshared/9460/hdl/verilog/SubbandRealtimeTopQ610Ip_mac_muladd_7ns_3ns_8ns_10_4_1.v:33]
WARNING: [Synth 8-3936] Found unconnected internal register 'mac_muladd_7ns_3ns_8ns_10_4_1_U4423/SubbandRealtimeTopQ610Ip_mac_muladd_7ns_3ns_8ns_10_4_1_DSP48_1_U/b_reg_reg' and it is trimmed from '18' to '10' bits. [h:/vivado_realtime_dma_zybo_z7_20/vivado_realtime_dma_zybo_z7_20.gen/sources_1/bd/realtime_dma_bd/ipshared/9460/hdl/verilog/SubbandRealtimeTopQ610Ip_mac_muladd_7ns_3ns_8ns_10_4_1.v:33]
DSP Report: Generating DSP mac_muladd_7ns_3ns_8ns_10_4_1_U4423/SubbandRealtimeTopQ610Ip_mac_muladd_7ns_3ns_8ns_10_4_1_DSP48_1_U/p_reg_reg, operation Mode is: (C+(A2*B2)')'.
DSP Report: register mac_muladd_7ns_3ns_8ns_10_4_1_U4423/SubbandRealtimeTopQ610Ip_mac_muladd_7ns_3ns_8ns_10_4_1_DSP48_1_U/b_reg_reg is absorbed into DSP mac_muladd_7ns_3ns_8ns_10_4_1_U4423/SubbandRealtimeTopQ610Ip_mac_muladd_7ns_3ns_8ns_10_4_1_DSP48_1_U/p_reg_reg.
DSP Report: register mac_muladd_7ns_3ns_8ns_10_4_1_U4423/SubbandRealtimeTopQ610Ip_mac_muladd_7ns_3ns_8ns_10_4_1_DSP48_1_U/a_reg_reg is absorbed into DSP mac_muladd_7ns_3ns_8ns_10_4_1_U4423/SubbandRealtimeTopQ610Ip_mac_muladd_7ns_3ns_8ns_10_4_1_DSP48_1_U/p_reg_reg.
DSP Report: register mac_muladd_7ns_3ns_8ns_10_4_1_U4423/SubbandRealtimeTopQ610Ip_mac_muladd_7ns_3ns_8ns_10_4_1_DSP48_1_U/p_reg_reg is absorbed into DSP mac_muladd_7ns_3ns_8ns_10_4_1_U4423/SubbandRealtimeTopQ610Ip_mac_muladd_7ns_3ns_8ns_10_4_1_DSP48_1_U/p_reg_reg.
DSP Report: register mac_muladd_7ns_3ns_8ns_10_4_1_U4423/SubbandRealtimeTopQ610Ip_mac_muladd_7ns_3ns_8ns_10_4_1_DSP48_1_U/m_reg_reg is absorbed into DSP mac_muladd_7ns_3ns_8ns_10_4_1_U4423/SubbandRealtimeTopQ610Ip_mac_muladd_7ns_3ns_8ns_10_4_1_DSP48_1_U/p_reg_reg.
DSP Report: operator mac_muladd_7ns_3ns_8ns_10_4_1_U4423/SubbandRealtimeTopQ610Ip_mac_muladd_7ns_3ns_8ns_10_4_1_DSP48_1_U/p is absorbed into DSP mac_muladd_7ns_3ns_8ns_10_4_1_U4423/SubbandRealtimeTopQ610Ip_mac_muladd_7ns_3ns_8ns_10_4_1_DSP48_1_U/p_reg_reg.
DSP Report: operator mac_muladd_7ns_3ns_8ns_10_4_1_U4423/SubbandRealtimeTopQ610Ip_mac_muladd_7ns_3ns_8ns_10_4_1_DSP48_1_U/m is absorbed into DSP mac_muladd_7ns_3ns_8ns_10_4_1_U4423/SubbandRealtimeTopQ610Ip_mac_muladd_7ns_3ns_8ns_10_4_1_DSP48_1_U/p_reg_reg.
INFO: [Synth 8-3333] propagating constant 0 across sequential element (\sub_ln2803_reg_10774_reg[0] )
INFO: [Synth 8-3333] propagating constant 0 across sequential element (\sub_ln2803_reg_10774_reg[1] )
INFO: [Synth 8-3333] propagating constant 0 across sequential element (\sub_ln2803_reg_10774_reg[2] )
INFO: [Synth 8-3333] propagating constant 0 across sequential element (\sub_ln2803_reg_10774_reg[3] )
INFO: [Synth 8-3333] propagating constant 0 across sequential element (grp_p_anonymous_namespace_RunRealtimeGSULayersSharedBandQ610_Pipeline_VITIS_LOOP_2801_fu_2642/ap_done_reg_reg)
INFO: [Synth 8-3333] propagating constant 0 across sequential element (grp_p_anonymous_namespace_BuildRealtimeBandInputQ610_fu_3099/\grp_p_anonymous_namespace_BuildRealtimeBandInputQ610_Pipeline_VITIS_LOOP_2651_1_fu_522/ap_done_reg_reg )
INFO: [Synth 8-3333] propagating constant 1 across sequential element (grp_p_anonymous_namespace_RunRealtimeGSULayersSharedBandQ610_Pipeline_VITIS_LOOP_2801_fu_2642/\ap_CS_fsm_reg[0] )
INFO: [Synth 8-3333] propagating constant 0 across sequential element (grp_p_anonymous_namespace_BuildRealtimeBandInputQ610_fu_3099/\tmp_reg_1045_reg[7] )
INFO: [Synth 8-3333] propagating constant 0 across sequential element (\zext_ln2803_reg_10785_reg[3] )
INFO: [Synth 8-3333] propagating constant 0 across sequential element (\zext_ln2803_reg_10785_reg[4] )
INFO: [Synth 8-3333] propagating constant 0 across sequential element (\zext_ln2803_reg_10785_reg[5] )
INFO: [Synth 8-3333] propagating constant 0 across sequential element (\zext_ln2803_reg_10785_reg[6] )
INFO: [Synth 8-3333] propagating constant 0 across sequential element (\zext_ln2803_reg_10785_reg[7] )
INFO: [Synth 8-3333] propagating constant 0 across sequential element (\zext_ln2803_reg_10785_reg[8] )
INFO: [Synth 8-3333] propagating constant 0 across sequential element (\zext_ln2803_reg_10785_reg[9] )
INFO: [Synth 8-3333] propagating constant 0 across sequential element (\zext_ln2803_reg_10785_reg[10] )
INFO: [Common 17-14] Message 'Synth 8-3333' appears 100 times and further instances of the messages will be disabled. Use the Tcl command set_msg_config to change the current settings.
INFO: [Synth 8-3971] The signal "SubbandRealtimeTopQ610Ip_p_anonymous_namespace_RunRealtimeGSULayersSharedBandQ610__GCB1/RunSubbandRealtimeTopCoreQ610_stream_stream_ap_uint_const_int_bool_stream_bn_2_U/ram_reg" was recognized as a true dual port RAM template.
INFO: [Synth 8-3971] The signal "SubbandRealtimeTopQ610Ip_p_anonymous_namespace_RunRealtimeGSULayersSharedBandQ610__GCB1/RunSubbandRealtimeTopCoreQ610_stream_stream_ap_uint_const_int_bool_stream_bn_3_U/ram_reg" was recognized as a true dual port RAM template.
INFO: [Synth 8-3971] The signal "SubbandRealtimeTopQ610Ip_p_anonymous_namespace_RunRealtimeGSULayersSharedBandQ610__GCB1/RunSubbandRealtimeTopCoreQ610_stream_stream_ap_uint_const_int_bool_stream_bn_U/ram_reg" was recognized as a true dual port RAM template.
INFO: [Synth 8-3971] The signal "SubbandRealtimeTopQ610Ip_p_anonymous_namespace_RunRealtimeGSULayersSharedBandQ610__GCB1/RunSubbandRealtimeTopCoreQ610_stream_stream_ap_uint_const_int_bool_stream_bn_1_U/ram_reg" was recognized as a true dual port RAM template.
INFO: [Synth 8-3971] The signal "SubbandRealtimeTopQ610Ip_p_anonymous_namespace_RunRealtimeGSULayersSharedBandQ610__GCB1/RunSubbandRealtimeTopCoreQ610_stream_stream_ap_uint_const_int_bool_stream_bi_U/ram_reg" was recognized as a true dual port RAM template.
INFO: [Synth 8-3971] The signal "SubbandRealtimeTopQ610Ip_p_anonymous_namespace_RunRealtimeGSULayersSharedBandQ610__GCB1/RunSubbandRealtimeTopCoreQ610_stream_stream_ap_uint_const_int_bool_stream_bi_1_U/ram_reg" was recognized as a true dual port RAM template.
INFO: [Common 17-14] Message 'Synth 8-3333' appears 100 times and further instances of the messages will be disabled. Use the Tcl command set_msg_config to change the current settings.
DSP Report: Generating DSP empty_fu_776_reg, operation Mode is: (P+(A''*B2)')'.
DSP Report: register mac_muladd_16s_16s_34s_34_3_1_U5197/SubbandRealtimeTopQ610Ip_mac_muladd_16s_16s_34s_34_3_1_DSP48_0_U/a_reg_reg is absorbed into DSP empty_fu_776_reg.
DSP Report: register empty_fu_776_reg is absorbed into DSP empty_fu_776_reg.
DSP Report: register empty_fu_776_reg is absorbed into DSP empty_fu_776_reg.
DSP Report: register empty_fu_776_reg is absorbed into DSP empty_fu_776_reg.
DSP Report: register mac_muladd_16s_16s_34s_34_3_1_U5197/SubbandRealtimeTopQ610Ip_mac_muladd_16s_16s_34s_34_3_1_DSP48_0_U/m_reg_reg is absorbed into DSP empty_fu_776_reg.
DSP Report: operator mac_muladd_16s_16s_34s_34_3_1_U5197/SubbandRealtimeTopQ610Ip_mac_muladd_16s_16s_34s_34_3_1_DSP48_0_U/p is absorbed into DSP empty_fu_776_reg.
DSP Report: operator mac_muladd_16s_16s_34s_34_3_1_U5197/SubbandRealtimeTopQ610Ip_mac_muladd_16s_16s_34s_34_3_1_DSP48_0_U/m is absorbed into DSP empty_fu_776_reg.
DSP Report: Generating DSP empty_474_fu_780_reg, operation Mode is: (P+(A2*B'')')'.
DSP Report: register empty_474_fu_780_reg is absorbed into DSP empty_474_fu_780_reg.
DSP Report: register empty_474_fu_780_reg is absorbed into DSP empty_474_fu_780_reg.
DSP Report: register mac_muladd_16s_16s_34s_34_3_1_U5198/SubbandRealtimeTopQ610Ip_mac_muladd_16s_16s_34s_34_3_1_DSP48_0_U/a_reg_reg is absorbed into DSP empty_474_fu_780_reg.
DSP Report: register empty_474_fu_780_reg is absorbed into DSP empty_474_fu_780_reg.
DSP Report: register mac_muladd_16s_16s_34s_34_3_1_U5198/SubbandRealtimeTopQ610Ip_mac_muladd_16s_16s_34s_34_3_1_DSP48_0_U/m_reg_reg is absorbed into DSP empty_474_fu_780_reg.
DSP Report: operator mac_muladd_16s_16s_34s_34_3_1_U5198/SubbandRealtimeTopQ610Ip_mac_muladd_16s_16s_34s_34_3_1_DSP48_0_U/p is absorbed into DSP empty_474_fu_780_reg.
DSP Report: operator mac_muladd_16s_16s_34s_34_3_1_U5198/SubbandRealtimeTopQ610Ip_mac_muladd_16s_16s_34s_34_3_1_DSP48_0_U/m is absorbed into DSP empty_474_fu_780_reg.
DSP Report: Generating DSP empty_475_fu_784_reg, operation Mode is: (P+(A2*B'')')'.
DSP Report: register empty_475_fu_784_reg is absorbed into DSP empty_475_fu_784_reg.
DSP Report: register empty_475_fu_784_reg is absorbed into DSP empty_475_fu_784_reg.
DSP Report: register mac_muladd_16s_16s_34s_34_3_1_U5199/SubbandRealtimeTopQ610Ip_mac_muladd_16s_16s_34s_34_3_1_DSP48_0_U/a_reg_reg is absorbed into DSP empty_475_fu_784_reg.
DSP Report: register empty_475_fu_784_reg is absorbed into DSP empty_475_fu_784_reg.
DSP Report: register mac_muladd_16s_16s_34s_34_3_1_U5199/SubbandRealtimeTopQ610Ip_mac_muladd_16s_16s_34s_34_3_1_DSP48_0_U/m_reg_reg is absorbed into DSP empty_475_fu_784_reg.
DSP Report: operator mac_muladd_16s_16s_34s_34_3_1_U5199/SubbandRealtimeTopQ610Ip_mac_muladd_16s_16s_34s_34_3_1_DSP48_0_U/p is absorbed into DSP empty_475_fu_784_reg.
DSP Report: operator mac_muladd_16s_16s_34s_34_3_1_U5199/SubbandRealtimeTopQ610Ip_mac_muladd_16s_16s_34s_34_3_1_DSP48_0_U/m is absorbed into DSP empty_475_fu_784_reg.
DSP Report: Generating DSP empty_476_fu_788_reg, operation Mode is: (P+(A2*B'')')'.
DSP Report: register empty_476_fu_788_reg is absorbed into DSP empty_476_fu_788_reg.
DSP Report: register empty_476_fu_788_reg is absorbed into DSP empty_476_fu_788_reg.
DSP Report: register mac_muladd_16s_16s_34s_34_3_1_U5200/SubbandRealtimeTopQ610Ip_mac_muladd_16s_16s_34s_34_3_1_DSP48_0_U/a_reg_reg is absorbed into DSP empty_476_fu_788_reg.
DSP Report: register empty_476_fu_788_reg is absorbed into DSP empty_476_fu_788_reg.
DSP Report: register mac_muladd_16s_16s_34s_34_3_1_U5200/SubbandRealtimeTopQ610Ip_mac_muladd_16s_16s_34s_34_3_1_DSP48_0_U/m_reg_reg is absorbed into DSP empty_476_fu_788_reg.
DSP Report: operator mac_muladd_16s_16s_34s_34_3_1_U5200/SubbandRealtimeTopQ610Ip_mac_muladd_16s_16s_34s_34_3_1_DSP48_0_U/p is absorbed into DSP empty_476_fu_788_reg.
DSP Report: operator mac_muladd_16s_16s_34s_34_3_1_U5200/SubbandRealtimeTopQ610Ip_mac_muladd_16s_16s_34s_34_3_1_DSP48_0_U/m is absorbed into DSP empty_476_fu_788_reg.
DSP Report: Generating DSP empty_477_fu_792_reg, operation Mode is: (P+(A2*B'')')'.
DSP Report: register empty_477_fu_792_reg is absorbed into DSP empty_477_fu_792_reg.
DSP Report: register empty_477_fu_792_reg is absorbed into DSP empty_477_fu_792_reg.
DSP Report: register mac_muladd_16s_16s_34s_34_3_1_U5201/SubbandRealtimeTopQ610Ip_mac_muladd_16s_16s_34s_34_3_1_DSP48_0_U/a_reg_reg is absorbed into DSP empty_477_fu_792_reg.
DSP Report: register empty_477_fu_792_reg is absorbed into DSP empty_477_fu_792_reg.
DSP Report: register mac_muladd_16s_16s_34s_34_3_1_U5201/SubbandRealtimeTopQ610Ip_mac_muladd_16s_16s_34s_34_3_1_DSP48_0_U/m_reg_reg is absorbed into DSP empty_477_fu_792_reg.
DSP Report: operator mac_muladd_16s_16s_34s_34_3_1_U5201/SubbandRealtimeTopQ610Ip_mac_muladd_16s_16s_34s_34_3_1_DSP48_0_U/p is absorbed into DSP empty_477_fu_792_reg.
DSP Report: operator mac_muladd_16s_16s_34s_34_3_1_U5201/SubbandRealtimeTopQ610Ip_mac_muladd_16s_16s_34s_34_3_1_DSP48_0_U/m is absorbed into DSP empty_477_fu_792_reg.
DSP Report: Generating DSP empty_478_fu_796_reg, operation Mode is: (P+(A2*B'')')'.
DSP Report: register empty_478_fu_796_reg is absorbed into DSP empty_478_fu_796_reg.
DSP Report: register empty_478_fu_796_reg is absorbed into DSP empty_478_fu_796_reg.
DSP Report: register mac_muladd_16s_16s_34s_34_3_1_U5202/SubbandRealtimeTopQ610Ip_mac_muladd_16s_16s_34s_34_3_1_DSP48_0_U/a_reg_reg is absorbed into DSP empty_478_fu_796_reg.
DSP Report: register empty_478_fu_796_reg is absorbed into DSP empty_478_fu_796_reg.
DSP Report: register mac_muladd_16s_16s_34s_34_3_1_U5202/SubbandRealtimeTopQ610Ip_mac_muladd_16s_16s_34s_34_3_1_DSP48_0_U/m_reg_reg is absorbed into DSP empty_478_fu_796_reg.
DSP Report: operator mac_muladd_16s_16s_34s_34_3_1_U5202/SubbandRealtimeTopQ610Ip_mac_muladd_16s_16s_34s_34_3_1_DSP48_0_U/p is absorbed into DSP empty_478_fu_796_reg.
DSP Report: operator mac_muladd_16s_16s_34s_34_3_1_U5202/SubbandRealtimeTopQ610Ip_mac_muladd_16s_16s_34s_34_3_1_DSP48_0_U/m is absorbed into DSP empty_478_fu_796_reg.
DSP Report: Generating DSP empty_479_fu_800_reg, operation Mode is: (P+(A2*B'')')'.
DSP Report: register empty_479_fu_800_reg is absorbed into DSP empty_479_fu_800_reg.
DSP Report: register empty_479_fu_800_reg is absorbed into DSP empty_479_fu_800_reg.
DSP Report: register mac_muladd_16s_16s_34s_34_3_1_U5203/SubbandRealtimeTopQ610Ip_mac_muladd_16s_16s_34s_34_3_1_DSP48_0_U/a_reg_reg is absorbed into DSP empty_479_fu_800_reg.
DSP Report: register empty_479_fu_800_reg is absorbed into DSP empty_479_fu_800_reg.
DSP Report: register mac_muladd_16s_16s_34s_34_3_1_U5203/SubbandRealtimeTopQ610Ip_mac_muladd_16s_16s_34s_34_3_1_DSP48_0_U/m_reg_reg is absorbed into DSP empty_479_fu_800_reg.
DSP Report: operator mac_muladd_16s_16s_34s_34_3_1_U5203/SubbandRealtimeTopQ610Ip_mac_muladd_16s_16s_34s_34_3_1_DSP48_0_U/p is absorbed into DSP empty_479_fu_800_reg.
DSP Report: operator mac_muladd_16s_16s_34s_34_3_1_U5203/SubbandRealtimeTopQ610Ip_mac_muladd_16s_16s_34s_34_3_1_DSP48_0_U/m is absorbed into DSP empty_479_fu_800_reg.
DSP Report: Generating DSP empty_480_fu_804_reg, operation Mode is: (P+(A2*B'')')'.
DSP Report: register empty_480_fu_804_reg is absorbed into DSP empty_480_fu_804_reg.
DSP Report: register empty_480_fu_804_reg is absorbed into DSP empty_480_fu_804_reg.
DSP Report: register mac_muladd_16s_16s_34s_34_3_1_U5204/SubbandRealtimeTopQ610Ip_mac_muladd_16s_16s_34s_34_3_1_DSP48_0_U/a_reg_reg is absorbed into DSP empty_480_fu_804_reg.
DSP Report: register empty_480_fu_804_reg is absorbed into DSP empty_480_fu_804_reg.
DSP Report: register mac_muladd_16s_16s_34s_34_3_1_U5204/SubbandRealtimeTopQ610Ip_mac_muladd_16s_16s_34s_34_3_1_DSP48_0_U/m_reg_reg is absorbed into DSP empty_480_fu_804_reg.
DSP Report: operator mac_muladd_16s_16s_34s_34_3_1_U5204/SubbandRealtimeTopQ610Ip_mac_muladd_16s_16s_34s_34_3_1_DSP48_0_U/p is absorbed into DSP empty_480_fu_804_reg.
DSP Report: operator mac_muladd_16s_16s_34s_34_3_1_U5204/SubbandRealtimeTopQ610Ip_mac_muladd_16s_16s_34s_34_3_1_DSP48_0_U/m is absorbed into DSP empty_480_fu_804_reg.
DSP Report: Generating DSP empty_481_fu_808_reg, operation Mode is: (P+(A2*B'')')'.
DSP Report: register empty_481_fu_808_reg is absorbed into DSP empty_481_fu_808_reg.
DSP Report: register empty_481_fu_808_reg is absorbed into DSP empty_481_fu_808_reg.
DSP Report: register mac_muladd_16s_16s_34s_34_3_1_U5205/SubbandRealtimeTopQ610Ip_mac_muladd_16s_16s_34s_34_3_1_DSP48_0_U/a_reg_reg is absorbed into DSP empty_481_fu_808_reg.
DSP Report: register empty_481_fu_808_reg is absorbed into DSP empty_481_fu_808_reg.
DSP Report: register mac_muladd_16s_16s_34s_34_3_1_U5205/SubbandRealtimeTopQ610Ip_mac_muladd_16s_16s_34s_34_3_1_DSP48_0_U/m_reg_reg is absorbed into DSP empty_481_fu_808_reg.
DSP Report: operator mac_muladd_16s_16s_34s_34_3_1_U5205/SubbandRealtimeTopQ610Ip_mac_muladd_16s_16s_34s_34_3_1_DSP48_0_U/p is absorbed into DSP empty_481_fu_808_reg.
DSP Report: operator mac_muladd_16s_16s_34s_34_3_1_U5205/SubbandRealtimeTopQ610Ip_mac_muladd_16s_16s_34s_34_3_1_DSP48_0_U/m is absorbed into DSP empty_481_fu_808_reg.
DSP Report: Generating DSP empty_482_fu_812_reg, operation Mode is: (P+(A2*B'')')'.
DSP Report: register empty_482_fu_812_reg is absorbed into DSP empty_482_fu_812_reg.
DSP Report: register empty_482_fu_812_reg is absorbed into DSP empty_482_fu_812_reg.
DSP Report: register mac_muladd_16s_16s_34s_34_3_1_U5206/SubbandRealtimeTopQ610Ip_mac_muladd_16s_16s_34s_34_3_1_DSP48_0_U/a_reg_reg is absorbed into DSP empty_482_fu_812_reg.
DSP Report: register empty_482_fu_812_reg is absorbed into DSP empty_482_fu_812_reg.
DSP Report: register mac_muladd_16s_16s_34s_34_3_1_U5206/SubbandRealtimeTopQ610Ip_mac_muladd_16s_16s_34s_34_3_1_DSP48_0_U/m_reg_reg is absorbed into DSP empty_482_fu_812_reg.
DSP Report: operator mac_muladd_16s_16s_34s_34_3_1_U5206/SubbandRealtimeTopQ610Ip_mac_muladd_16s_16s_34s_34_3_1_DSP48_0_U/p is absorbed into DSP empty_482_fu_812_reg.
DSP Report: operator mac_muladd_16s_16s_34s_34_3_1_U5206/SubbandRealtimeTopQ610Ip_mac_muladd_16s_16s_34s_34_3_1_DSP48_0_U/m is absorbed into DSP empty_482_fu_812_reg.
DSP Report: Generating DSP empty_483_fu_816_reg, operation Mode is: (P+(A2*B'')')'.
DSP Report: register empty_483_fu_816_reg is absorbed into DSP empty_483_fu_816_reg.
DSP Report: register empty_483_fu_816_reg is absorbed into DSP empty_483_fu_816_reg.
DSP Report: register mac_muladd_16s_16s_34s_34_3_1_U5207/SubbandRealtimeTopQ610Ip_mac_muladd_16s_16s_34s_34_3_1_DSP48_0_U/a_reg_reg is absorbed into DSP empty_483_fu_816_reg.
DSP Report: register empty_483_fu_816_reg is absorbed into DSP empty_483_fu_816_reg.
DSP Report: register mac_muladd_16s_16s_34s_34_3_1_U5207/SubbandRealtimeTopQ610Ip_mac_muladd_16s_16s_34s_34_3_1_DSP48_0_U/m_reg_reg is absorbed into DSP empty_483_fu_816_reg.
DSP Report: operator mac_muladd_16s_16s_34s_34_3_1_U5207/SubbandRealtimeTopQ610Ip_mac_muladd_16s_16s_34s_34_3_1_DSP48_0_U/p is absorbed into DSP empty_483_fu_816_reg.
DSP Report: operator mac_muladd_16s_16s_34s_34_3_1_U5207/SubbandRealtimeTopQ610Ip_mac_muladd_16s_16s_34s_34_3_1_DSP48_0_U/m is absorbed into DSP empty_483_fu_816_reg.
DSP Report: Generating DSP empty_484_fu_820_reg, operation Mode is: (P+(A2*B'')')'.
DSP Report: register empty_484_fu_820_reg is absorbed into DSP empty_484_fu_820_reg.
DSP Report: register empty_484_fu_820_reg is absorbed into DSP empty_484_fu_820_reg.
DSP Report: register mac_muladd_16s_16s_34s_34_3_1_U5208/SubbandRealtimeTopQ610Ip_mac_muladd_16s_16s_34s_34_3_1_DSP48_0_U/a_reg_reg is absorbed into DSP empty_484_fu_820_reg.
DSP Report: register empty_484_fu_820_reg is absorbed into DSP empty_484_fu_820_reg.
DSP Report: register mac_muladd_16s_16s_34s_34_3_1_U5208/SubbandRealtimeTopQ610Ip_mac_muladd_16s_16s_34s_34_3_1_DSP48_0_U/m_reg_reg is absorbed into DSP empty_484_fu_820_reg.
DSP Report: operator mac_muladd_16s_16s_34s_34_3_1_U5208/SubbandRealtimeTopQ610Ip_mac_muladd_16s_16s_34s_34_3_1_DSP48_0_U/p is absorbed into DSP empty_484_fu_820_reg.
DSP Report: operator mac_muladd_16s_16s_34s_34_3_1_U5208/SubbandRealtimeTopQ610Ip_mac_muladd_16s_16s_34s_34_3_1_DSP48_0_U/m is absorbed into DSP empty_484_fu_820_reg.
DSP Report: Generating DSP empty_485_fu_824_reg, operation Mode is: (P+(A2*B'')')'.
DSP Report: register empty_485_fu_824_reg is absorbed into DSP empty_485_fu_824_reg.
DSP Report: register empty_485_fu_824_reg is absorbed into DSP empty_485_fu_824_reg.
DSP Report: register mac_muladd_16s_16s_34s_34_3_1_U5209/SubbandRealtimeTopQ610Ip_mac_muladd_16s_16s_34s_34_3_1_DSP48_0_U/a_reg_reg is absorbed into DSP empty_485_fu_824_reg.
DSP Report: register empty_485_fu_824_reg is absorbed into DSP empty_485_fu_824_reg.
DSP Report: register mac_muladd_16s_16s_34s_34_3_1_U5209/SubbandRealtimeTopQ610Ip_mac_muladd_16s_16s_34s_34_3_1_DSP48_0_U/m_reg_reg is absorbed into DSP empty_485_fu_824_reg.
DSP Report: operator mac_muladd_16s_16s_34s_34_3_1_U5209/SubbandRealtimeTopQ610Ip_mac_muladd_16s_16s_34s_34_3_1_DSP48_0_U/p is absorbed into DSP empty_485_fu_824_reg.
DSP Report: operator mac_muladd_16s_16s_34s_34_3_1_U5209/SubbandRealtimeTopQ610Ip_mac_muladd_16s_16s_34s_34_3_1_DSP48_0_U/m is absorbed into DSP empty_485_fu_824_reg.
DSP Report: Generating DSP empty_486_fu_828_reg, operation Mode is: (P+(A2*B'')')'.
DSP Report: register empty_486_fu_828_reg is absorbed into DSP empty_486_fu_828_reg.
DSP Report: register empty_486_fu_828_reg is absorbed into DSP empty_486_fu_828_reg.
DSP Report: register mac_muladd_16s_16s_34s_34_3_1_U5210/SubbandRealtimeTopQ610Ip_mac_muladd_16s_16s_34s_34_3_1_DSP48_0_U/a_reg_reg is absorbed into DSP empty_486_fu_828_reg.
DSP Report: register empty_486_fu_828_reg is absorbed into DSP empty_486_fu_828_reg.
DSP Report: register mac_muladd_16s_16s_34s_34_3_1_U5210/SubbandRealtimeTopQ610Ip_mac_muladd_16s_16s_34s_34_3_1_DSP48_0_U/m_reg_reg is absorbed into DSP empty_486_fu_828_reg.
DSP Report: operator mac_muladd_16s_16s_34s_34_3_1_U5210/SubbandRealtimeTopQ610Ip_mac_muladd_16s_16s_34s_34_3_1_DSP48_0_U/p is absorbed into DSP empty_486_fu_828_reg.
DSP Report: operator mac_muladd_16s_16s_34s_34_3_1_U5210/SubbandRealtimeTopQ610Ip_mac_muladd_16s_16s_34s_34_3_1_DSP48_0_U/m is absorbed into DSP empty_486_fu_828_reg.
DSP Report: Generating DSP empty_487_fu_832_reg, operation Mode is: (P+(A2*B'')')'.
DSP Report: register empty_487_fu_832_reg is absorbed into DSP empty_487_fu_832_reg.
DSP Report: register empty_487_fu_832_reg is absorbed into DSP empty_487_fu_832_reg.
DSP Report: register mac_muladd_16s_16s_34s_34_3_1_U5211/SubbandRealtimeTopQ610Ip_mac_muladd_16s_16s_34s_34_3_1_DSP48_0_U/a_reg_reg is absorbed into DSP empty_487_fu_832_reg.
DSP Report: register empty_487_fu_832_reg is absorbed into DSP empty_487_fu_832_reg.
DSP Report: register mac_muladd_16s_16s_34s_34_3_1_U5211/SubbandRealtimeTopQ610Ip_mac_muladd_16s_16s_34s_34_3_1_DSP48_0_U/m_reg_reg is absorbed into DSP empty_487_fu_832_reg.
DSP Report: operator mac_muladd_16s_16s_34s_34_3_1_U5211/SubbandRealtimeTopQ610Ip_mac_muladd_16s_16s_34s_34_3_1_DSP48_0_U/p is absorbed into DSP empty_487_fu_832_reg.
DSP Report: operator mac_muladd_16s_16s_34s_34_3_1_U5211/SubbandRealtimeTopQ610Ip_mac_muladd_16s_16s_34s_34_3_1_DSP48_0_U/m is absorbed into DSP empty_487_fu_832_reg.
DSP Report: Generating DSP empty_488_fu_836_reg, operation Mode is: (P+(A2*B'')')'.
DSP Report: register empty_488_fu_836_reg is absorbed into DSP empty_488_fu_836_reg.
DSP Report: register empty_488_fu_836_reg is absorbed into DSP empty_488_fu_836_reg.
DSP Report: register mac_muladd_16s_16s_34s_34_3_1_U5212/SubbandRealtimeTopQ610Ip_mac_muladd_16s_16s_34s_34_3_1_DSP48_0_U/a_reg_reg is absorbed into DSP empty_488_fu_836_reg.
DSP Report: register empty_488_fu_836_reg is absorbed into DSP empty_488_fu_836_reg.
DSP Report: register mac_muladd_16s_16s_34s_34_3_1_U5212/SubbandRealtimeTopQ610Ip_mac_muladd_16s_16s_34s_34_3_1_DSP48_0_U/m_reg_reg is absorbed into DSP empty_488_fu_836_reg.
DSP Report: operator mac_muladd_16s_16s_34s_34_3_1_U5212/SubbandRealtimeTopQ610Ip_mac_muladd_16s_16s_34s_34_3_1_DSP48_0_U/p is absorbed into DSP empty_488_fu_836_reg.
DSP Report: operator mac_muladd_16s_16s_34s_34_3_1_U5212/SubbandRealtimeTopQ610Ip_mac_muladd_16s_16s_34s_34_3_1_DSP48_0_U/m is absorbed into DSP empty_488_fu_836_reg.
DSP Report: Generating DSP empty_489_fu_840_reg, operation Mode is: (P+(A2*B'')')'.
DSP Report: register empty_489_fu_840_reg is absorbed into DSP empty_489_fu_840_reg.
DSP Report: register empty_489_fu_840_reg is absorbed into DSP empty_489_fu_840_reg.
DSP Report: register mac_muladd_16s_16s_34s_34_3_1_U5213/SubbandRealtimeTopQ610Ip_mac_muladd_16s_16s_34s_34_3_1_DSP48_0_U/a_reg_reg is absorbed into DSP empty_489_fu_840_reg.
DSP Report: register empty_489_fu_840_reg is absorbed into DSP empty_489_fu_840_reg.
DSP Report: register mac_muladd_16s_16s_34s_34_3_1_U5213/SubbandRealtimeTopQ610Ip_mac_muladd_16s_16s_34s_34_3_1_DSP48_0_U/m_reg_reg is absorbed into DSP empty_489_fu_840_reg.
DSP Report: operator mac_muladd_16s_16s_34s_34_3_1_U5213/SubbandRealtimeTopQ610Ip_mac_muladd_16s_16s_34s_34_3_1_DSP48_0_U/p is absorbed into DSP empty_489_fu_840_reg.
DSP Report: operator mac_muladd_16s_16s_34s_34_3_1_U5213/SubbandRealtimeTopQ610Ip_mac_muladd_16s_16s_34s_34_3_1_DSP48_0_U/m is absorbed into DSP empty_489_fu_840_reg.
DSP Report: Generating DSP empty_490_fu_844_reg, operation Mode is: (P+(A2*B'')')'.
DSP Report: register empty_490_fu_844_reg is absorbed into DSP empty_490_fu_844_reg.
DSP Report: register empty_490_fu_844_reg is absorbed into DSP empty_490_fu_844_reg.
DSP Report: register mac_muladd_16s_16s_34s_34_3_1_U5214/SubbandRealtimeTopQ610Ip_mac_muladd_16s_16s_34s_34_3_1_DSP48_0_U/a_reg_reg is absorbed into DSP empty_490_fu_844_reg.
DSP Report: register empty_490_fu_844_reg is absorbed into DSP empty_490_fu_844_reg.
DSP Report: register mac_muladd_16s_16s_34s_34_3_1_U5214/SubbandRealtimeTopQ610Ip_mac_muladd_16s_16s_34s_34_3_1_DSP48_0_U/m_reg_reg is absorbed into DSP empty_490_fu_844_reg.
DSP Report: operator mac_muladd_16s_16s_34s_34_3_1_U5214/SubbandRealtimeTopQ610Ip_mac_muladd_16s_16s_34s_34_3_1_DSP48_0_U/p is absorbed into DSP empty_490_fu_844_reg.
DSP Report: operator mac_muladd_16s_16s_34s_34_3_1_U5214/SubbandRealtimeTopQ610Ip_mac_muladd_16s_16s_34s_34_3_1_DSP48_0_U/m is absorbed into DSP empty_490_fu_844_reg.
DSP Report: Generating DSP empty_491_fu_848_reg, operation Mode is: (P+(A2*B'')')'.
DSP Report: register empty_491_fu_848_reg is absorbed into DSP empty_491_fu_848_reg.
DSP Report: register empty_491_fu_848_reg is absorbed into DSP empty_491_fu_848_reg.
DSP Report: register mac_muladd_16s_16s_34s_34_3_1_U5215/SubbandRealtimeTopQ610Ip_mac_muladd_16s_16s_34s_34_3_1_DSP48_0_U/a_reg_reg is absorbed into DSP empty_491_fu_848_reg.
DSP Report: register empty_491_fu_848_reg is absorbed into DSP empty_491_fu_848_reg.
DSP Report: register mac_muladd_16s_16s_34s_34_3_1_U5215/SubbandRealtimeTopQ610Ip_mac_muladd_16s_16s_34s_34_3_1_DSP48_0_U/m_reg_reg is absorbed into DSP empty_491_fu_848_reg.
DSP Report: operator mac_muladd_16s_16s_34s_34_3_1_U5215/SubbandRealtimeTopQ610Ip_mac_muladd_16s_16s_34s_34_3_1_DSP48_0_U/p is absorbed into DSP empty_491_fu_848_reg.
DSP Report: operator mac_muladd_16s_16s_34s_34_3_1_U5215/SubbandRealtimeTopQ610Ip_mac_muladd_16s_16s_34s_34_3_1_DSP48_0_U/m is absorbed into DSP empty_491_fu_848_reg.
DSP Report: Generating DSP empty_492_fu_852_reg, operation Mode is: (P+(A2*B'')')'.
DSP Report: register empty_492_fu_852_reg is absorbed into DSP empty_492_fu_852_reg.
DSP Report: register empty_492_fu_852_reg is absorbed into DSP empty_492_fu_852_reg.
DSP Report: register mac_muladd_16s_16s_34s_34_3_1_U5216/SubbandRealtimeTopQ610Ip_mac_muladd_16s_16s_34s_34_3_1_DSP48_0_U/a_reg_reg is absorbed into DSP empty_492_fu_852_reg.
DSP Report: register empty_492_fu_852_reg is absorbed into DSP empty_492_fu_852_reg.
DSP Report: register mac_muladd_16s_16s_34s_34_3_1_U5216/SubbandRealtimeTopQ610Ip_mac_muladd_16s_16s_34s_34_3_1_DSP48_0_U/m_reg_reg is absorbed into DSP empty_492_fu_852_reg.
DSP Report: operator mac_muladd_16s_16s_34s_34_3_1_U5216/SubbandRealtimeTopQ610Ip_mac_muladd_16s_16s_34s_34_3_1_DSP48_0_U/p is absorbed into DSP empty_492_fu_852_reg.
DSP Report: operator mac_muladd_16s_16s_34s_34_3_1_U5216/SubbandRealtimeTopQ610Ip_mac_muladd_16s_16s_34s_34_3_1_DSP48_0_U/m is absorbed into DSP empty_492_fu_852_reg.
DSP Report: Generating DSP empty_493_fu_856_reg, operation Mode is: (P+(A2*B'')')'.
DSP Report: register empty_493_fu_856_reg is absorbed into DSP empty_493_fu_856_reg.
DSP Report: register empty_493_fu_856_reg is absorbed into DSP empty_493_fu_856_reg.
DSP Report: register mac_muladd_16s_16s_34s_34_3_1_U5217/SubbandRealtimeTopQ610Ip_mac_muladd_16s_16s_34s_34_3_1_DSP48_0_U/a_reg_reg is absorbed into DSP empty_493_fu_856_reg.
DSP Report: register empty_493_fu_856_reg is absorbed into DSP empty_493_fu_856_reg.
DSP Report: register mac_muladd_16s_16s_34s_34_3_1_U5217/SubbandRealtimeTopQ610Ip_mac_muladd_16s_16s_34s_34_3_1_DSP48_0_U/m_reg_reg is absorbed into DSP empty_493_fu_856_reg.
DSP Report: operator mac_muladd_16s_16s_34s_34_3_1_U5217/SubbandRealtimeTopQ610Ip_mac_muladd_16s_16s_34s_34_3_1_DSP48_0_U/p is absorbed into DSP empty_493_fu_856_reg.
DSP Report: operator mac_muladd_16s_16s_34s_34_3_1_U5217/SubbandRealtimeTopQ610Ip_mac_muladd_16s_16s_34s_34_3_1_DSP48_0_U/m is absorbed into DSP empty_493_fu_856_reg.
DSP Report: Generating DSP empty_494_fu_860_reg, operation Mode is: (P+(A2*B'')')'.
DSP Report: register empty_494_fu_860_reg is absorbed into DSP empty_494_fu_860_reg.
DSP Report: register empty_494_fu_860_reg is absorbed into DSP empty_494_fu_860_reg.
DSP Report: register mac_muladd_16s_16s_34s_34_3_1_U5218/SubbandRealtimeTopQ610Ip_mac_muladd_16s_16s_34s_34_3_1_DSP48_0_U/a_reg_reg is absorbed into DSP empty_494_fu_860_reg.
DSP Report: register empty_494_fu_860_reg is absorbed into DSP empty_494_fu_860_reg.
DSP Report: register mac_muladd_16s_16s_34s_34_3_1_U5218/SubbandRealtimeTopQ610Ip_mac_muladd_16s_16s_34s_34_3_1_DSP48_0_U/m_reg_reg is absorbed into DSP empty_494_fu_860_reg.
DSP Report: operator mac_muladd_16s_16s_34s_34_3_1_U5218/SubbandRealtimeTopQ610Ip_mac_muladd_16s_16s_34s_34_3_1_DSP48_0_U/p is absorbed into DSP empty_494_fu_860_reg.
DSP Report: operator mac_muladd_16s_16s_34s_34_3_1_U5218/SubbandRealtimeTopQ610Ip_mac_muladd_16s_16s_34s_34_3_1_DSP48_0_U/m is absorbed into DSP empty_494_fu_860_reg.
DSP Report: Generating DSP empty_495_fu_864_reg, operation Mode is: (P+(A2*B'')')'.
DSP Report: register empty_495_fu_864_reg is absorbed into DSP empty_495_fu_864_reg.
DSP Report: register empty_495_fu_864_reg is absorbed into DSP empty_495_fu_864_reg.
DSP Report: register mac_muladd_16s_16s_34s_34_3_1_U5219/SubbandRealtimeTopQ610Ip_mac_muladd_16s_16s_34s_34_3_1_DSP48_0_U/a_reg_reg is absorbed into DSP empty_495_fu_864_reg.
DSP Report: register empty_495_fu_864_reg is absorbed into DSP empty_495_fu_864_reg.
DSP Report: register mac_muladd_16s_16s_34s_34_3_1_U5219/SubbandRealtimeTopQ610Ip_mac_muladd_16s_16s_34s_34_3_1_DSP48_0_U/m_reg_reg is absorbed into DSP empty_495_fu_864_reg.
DSP Report: operator mac_muladd_16s_16s_34s_34_3_1_U5219/SubbandRealtimeTopQ610Ip_mac_muladd_16s_16s_34s_34_3_1_DSP48_0_U/p is absorbed into DSP empty_495_fu_864_reg.
DSP Report: operator mac_muladd_16s_16s_34s_34_3_1_U5219/SubbandRealtimeTopQ610Ip_mac_muladd_16s_16s_34s_34_3_1_DSP48_0_U/m is absorbed into DSP empty_495_fu_864_reg.
DSP Report: Generating DSP empty_496_fu_868_reg, operation Mode is: (P+(A2*B'')')'.
DSP Report: register empty_496_fu_868_reg is absorbed into DSP empty_496_fu_868_reg.
DSP Report: register empty_496_fu_868_reg is absorbed into DSP empty_496_fu_868_reg.
DSP Report: register mac_muladd_16s_16s_34s_34_3_1_U5220/SubbandRealtimeTopQ610Ip_mac_muladd_16s_16s_34s_34_3_1_DSP48_0_U/a_reg_reg is absorbed into DSP empty_496_fu_868_reg.
DSP Report: register empty_496_fu_868_reg is absorbed into DSP empty_496_fu_868_reg.
DSP Report: register mac_muladd_16s_16s_34s_34_3_1_U5220/SubbandRealtimeTopQ610Ip_mac_muladd_16s_16s_34s_34_3_1_DSP48_0_U/m_reg_reg is absorbed into DSP empty_496_fu_868_reg.
DSP Report: operator mac_muladd_16s_16s_34s_34_3_1_U5220/SubbandRealtimeTopQ610Ip_mac_muladd_16s_16s_34s_34_3_1_DSP48_0_U/p is absorbed into DSP empty_496_fu_868_reg.
DSP Report: operator mac_muladd_16s_16s_34s_34_3_1_U5220/SubbandRealtimeTopQ610Ip_mac_muladd_16s_16s_34s_34_3_1_DSP48_0_U/m is absorbed into DSP empty_496_fu_868_reg.
DSP Report: Generating DSP empty_497_fu_872_reg, operation Mode is: (P+(A2*B'')')'.
DSP Report: register empty_497_fu_872_reg is absorbed into DSP empty_497_fu_872_reg.
DSP Report: register empty_497_fu_872_reg is absorbed into DSP empty_497_fu_872_reg.
DSP Report: register mac_muladd_16s_16s_34s_34_3_1_U5221/SubbandRealtimeTopQ610Ip_mac_muladd_16s_16s_34s_34_3_1_DSP48_0_U/a_reg_reg is absorbed into DSP empty_497_fu_872_reg.
DSP Report: register empty_497_fu_872_reg is absorbed into DSP empty_497_fu_872_reg.
DSP Report: register mac_muladd_16s_16s_34s_34_3_1_U5221/SubbandRealtimeTopQ610Ip_mac_muladd_16s_16s_34s_34_3_1_DSP48_0_U/m_reg_reg is absorbed into DSP empty_497_fu_872_reg.
DSP Report: operator mac_muladd_16s_16s_34s_34_3_1_U5221/SubbandRealtimeTopQ610Ip_mac_muladd_16s_16s_34s_34_3_1_DSP48_0_U/p is absorbed into DSP empty_497_fu_872_reg.
DSP Report: operator mac_muladd_16s_16s_34s_34_3_1_U5221/SubbandRealtimeTopQ610Ip_mac_muladd_16s_16s_34s_34_3_1_DSP48_0_U/m is absorbed into DSP empty_497_fu_872_reg.
DSP Report: Generating DSP empty_498_fu_876_reg, operation Mode is: (P+(A2*B'')')'.
DSP Report: register empty_498_fu_876_reg is absorbed into DSP empty_498_fu_876_reg.
DSP Report: register empty_498_fu_876_reg is absorbed into DSP empty_498_fu_876_reg.
DSP Report: register mac_muladd_16s_16s_34s_34_3_1_U5222/SubbandRealtimeTopQ610Ip_mac_muladd_16s_16s_34s_34_3_1_DSP48_0_U/a_reg_reg is absorbed into DSP empty_498_fu_876_reg.
DSP Report: register empty_498_fu_876_reg is absorbed into DSP empty_498_fu_876_reg.
DSP Report: register mac_muladd_16s_16s_34s_34_3_1_U5222/SubbandRealtimeTopQ610Ip_mac_muladd_16s_16s_34s_34_3_1_DSP48_0_U/m_reg_reg is absorbed into DSP empty_498_fu_876_reg.
DSP Report: operator mac_muladd_16s_16s_34s_34_3_1_U5222/SubbandRealtimeTopQ610Ip_mac_muladd_16s_16s_34s_34_3_1_DSP48_0_U/p is absorbed into DSP empty_498_fu_876_reg.
DSP Report: operator mac_muladd_16s_16s_34s_34_3_1_U5222/SubbandRealtimeTopQ610Ip_mac_muladd_16s_16s_34s_34_3_1_DSP48_0_U/m is absorbed into DSP empty_498_fu_876_reg.
DSP Report: Generating DSP empty_499_fu_880_reg, operation Mode is: (P+(A2*B'')')'.
DSP Report: register empty_499_fu_880_reg is absorbed into DSP empty_499_fu_880_reg.
DSP Report: register empty_499_fu_880_reg is absorbed into DSP empty_499_fu_880_reg.
DSP Report: register mac_muladd_16s_16s_34s_34_3_1_U5223/SubbandRealtimeTopQ610Ip_mac_muladd_16s_16s_34s_34_3_1_DSP48_0_U/a_reg_reg is absorbed into DSP empty_499_fu_880_reg.
DSP Report: register empty_499_fu_880_reg is absorbed into DSP empty_499_fu_880_reg.
DSP Report: register mac_muladd_16s_16s_34s_34_3_1_U5223/SubbandRealtimeTopQ610Ip_mac_muladd_16s_16s_34s_34_3_1_DSP48_0_U/m_reg_reg is absorbed into DSP empty_499_fu_880_reg.
DSP Report: operator mac_muladd_16s_16s_34s_34_3_1_U5223/SubbandRealtimeTopQ610Ip_mac_muladd_16s_16s_34s_34_3_1_DSP48_0_U/p is absorbed into DSP empty_499_fu_880_reg.
DSP Report: operator mac_muladd_16s_16s_34s_34_3_1_U5223/SubbandRealtimeTopQ610Ip_mac_muladd_16s_16s_34s_34_3_1_DSP48_0_U/m is absorbed into DSP empty_499_fu_880_reg.
DSP Report: Generating DSP empty_500_fu_884_reg, operation Mode is: (P+(A2*B'')')'.
DSP Report: register empty_500_fu_884_reg is absorbed into DSP empty_500_fu_884_reg.
DSP Report: register empty_500_fu_884_reg is absorbed into DSP empty_500_fu_884_reg.
DSP Report: register mac_muladd_16s_16s_34s_34_3_1_U5224/SubbandRealtimeTopQ610Ip_mac_muladd_16s_16s_34s_34_3_1_DSP48_0_U/a_reg_reg is absorbed into DSP empty_500_fu_884_reg.
DSP Report: register empty_500_fu_884_reg is absorbed into DSP empty_500_fu_884_reg.
DSP Report: register mac_muladd_16s_16s_34s_34_3_1_U5224/SubbandRealtimeTopQ610Ip_mac_muladd_16s_16s_34s_34_3_1_DSP48_0_U/m_reg_reg is absorbed into DSP empty_500_fu_884_reg.
DSP Report: operator mac_muladd_16s_16s_34s_34_3_1_U5224/SubbandRealtimeTopQ610Ip_mac_muladd_16s_16s_34s_34_3_1_DSP48_0_U/p is absorbed into DSP empty_500_fu_884_reg.
DSP Report: operator mac_muladd_16s_16s_34s_34_3_1_U5224/SubbandRealtimeTopQ610Ip_mac_muladd_16s_16s_34s_34_3_1_DSP48_0_U/m is absorbed into DSP empty_500_fu_884_reg.
DSP Report: Generating DSP empty_501_fu_888_reg, operation Mode is: (P+(A2*B'')')'.
DSP Report: register empty_501_fu_888_reg is absorbed into DSP empty_501_fu_888_reg.
DSP Report: register empty_501_fu_888_reg is absorbed into DSP empty_501_fu_888_reg.
DSP Report: register mac_muladd_16s_16s_34s_34_3_1_U5225/SubbandRealtimeTopQ610Ip_mac_muladd_16s_16s_34s_34_3_1_DSP48_0_U/a_reg_reg is absorbed into DSP empty_501_fu_888_reg.
DSP Report: register empty_501_fu_888_reg is absorbed into DSP empty_501_fu_888_reg.
DSP Report: register mac_muladd_16s_16s_34s_34_3_1_U5225/SubbandRealtimeTopQ610Ip_mac_muladd_16s_16s_34s_34_3_1_DSP48_0_U/m_reg_reg is absorbed into DSP empty_501_fu_888_reg.
DSP Report: operator mac_muladd_16s_16s_34s_34_3_1_U5225/SubbandRealtimeTopQ610Ip_mac_muladd_16s_16s_34s_34_3_1_DSP48_0_U/p is absorbed into DSP empty_501_fu_888_reg.
DSP Report: operator mac_muladd_16s_16s_34s_34_3_1_U5225/SubbandRealtimeTopQ610Ip_mac_muladd_16s_16s_34s_34_3_1_DSP48_0_U/m is absorbed into DSP empty_501_fu_888_reg.
DSP Report: Generating DSP empty_502_fu_892_reg, operation Mode is: (P+(A2*B'')')'.
DSP Report: register empty_502_fu_892_reg is absorbed into DSP empty_502_fu_892_reg.
DSP Report: register empty_502_fu_892_reg is absorbed into DSP empty_502_fu_892_reg.
DSP Report: register mac_muladd_16s_16s_34s_34_3_1_U5226/SubbandRealtimeTopQ610Ip_mac_muladd_16s_16s_34s_34_3_1_DSP48_0_U/a_reg_reg is absorbed into DSP empty_502_fu_892_reg.
DSP Report: register empty_502_fu_892_reg is absorbed into DSP empty_502_fu_892_reg.
DSP Report: register mac_muladd_16s_16s_34s_34_3_1_U5226/SubbandRealtimeTopQ610Ip_mac_muladd_16s_16s_34s_34_3_1_DSP48_0_U/m_reg_reg is absorbed into DSP empty_502_fu_892_reg.
DSP Report: operator mac_muladd_16s_16s_34s_34_3_1_U5226/SubbandRealtimeTopQ610Ip_mac_muladd_16s_16s_34s_34_3_1_DSP48_0_U/p is absorbed into DSP empty_502_fu_892_reg.
DSP Report: operator mac_muladd_16s_16s_34s_34_3_1_U5226/SubbandRealtimeTopQ610Ip_mac_muladd_16s_16s_34s_34_3_1_DSP48_0_U/m is absorbed into DSP empty_502_fu_892_reg.
DSP Report: Generating DSP empty_503_fu_896_reg, operation Mode is: (P+(A2*B'')')'.
DSP Report: register empty_503_fu_896_reg is absorbed into DSP empty_503_fu_896_reg.
DSP Report: register empty_503_fu_896_reg is absorbed into DSP empty_503_fu_896_reg.
DSP Report: register mac_muladd_16s_16s_34s_34_3_1_U5227/SubbandRealtimeTopQ610Ip_mac_muladd_16s_16s_34s_34_3_1_DSP48_0_U/a_reg_reg is absorbed into DSP empty_503_fu_896_reg.
DSP Report: register empty_503_fu_896_reg is absorbed into DSP empty_503_fu_896_reg.
DSP Report: register mac_muladd_16s_16s_34s_34_3_1_U5227/SubbandRealtimeTopQ610Ip_mac_muladd_16s_16s_34s_34_3_1_DSP48_0_U/m_reg_reg is absorbed into DSP empty_503_fu_896_reg.
DSP Report: operator mac_muladd_16s_16s_34s_34_3_1_U5227/SubbandRealtimeTopQ610Ip_mac_muladd_16s_16s_34s_34_3_1_DSP48_0_U/p is absorbed into DSP empty_503_fu_896_reg.
DSP Report: operator mac_muladd_16s_16s_34s_34_3_1_U5227/SubbandRealtimeTopQ610Ip_mac_muladd_16s_16s_34s_34_3_1_DSP48_0_U/m is absorbed into DSP empty_503_fu_896_reg.
DSP Report: Generating DSP empty_504_fu_900_reg, operation Mode is: (P+(A2*B'')')'.
DSP Report: register empty_504_fu_900_reg is absorbed into DSP empty_504_fu_900_reg.
DSP Report: register empty_504_fu_900_reg is absorbed into DSP empty_504_fu_900_reg.
DSP Report: register mac_muladd_16s_16s_34s_34_3_1_U5228/SubbandRealtimeTopQ610Ip_mac_muladd_16s_16s_34s_34_3_1_DSP48_0_U/a_reg_reg is absorbed into DSP empty_504_fu_900_reg.
DSP Report: register empty_504_fu_900_reg is absorbed into DSP empty_504_fu_900_reg.
DSP Report: register mac_muladd_16s_16s_34s_34_3_1_U5228/SubbandRealtimeTopQ610Ip_mac_muladd_16s_16s_34s_34_3_1_DSP48_0_U/m_reg_reg is absorbed into DSP empty_504_fu_900_reg.
DSP Report: operator mac_muladd_16s_16s_34s_34_3_1_U5228/SubbandRealtimeTopQ610Ip_mac_muladd_16s_16s_34s_34_3_1_DSP48_0_U/p is absorbed into DSP empty_504_fu_900_reg.
DSP Report: operator mac_muladd_16s_16s_34s_34_3_1_U5228/SubbandRealtimeTopQ610Ip_mac_muladd_16s_16s_34s_34_3_1_DSP48_0_U/m is absorbed into DSP empty_504_fu_900_reg.
WARNING: [Synth 8-3936] Found unconnected internal register 'ama_addmuladd_12ns_3ns_7ns_12ns_12_4_1_U5489/SubbandRealtimeTopQ610Ip_ama_addmuladd_12ns_3ns_7ns_12ns_12_4_1_DSP48_2_U/p_reg_reg' and it is trimmed from '44' to '12' bits. [h:/vivado_realtime_dma_zybo_z7_20/vivado_realtime_dma_zybo_z7_20.gen/sources_1/bd/realtime_dma_bd/ipshared/9460/hdl/verilog/SubbandRealtimeTopQ610Ip_ama_addmuladd_12ns_3ns_7ns_12ns_12_4_1.v:47]
WARNING: [Synth 8-3936] Found unconnected internal register 'ama_addmuladd_12ns_3ns_7ns_12ns_12_4_1_U5489/SubbandRealtimeTopQ610Ip_ama_addmuladd_12ns_3ns_7ns_12ns_12_4_1_DSP48_2_U/m_reg_reg' and it is trimmed from '43' to '12' bits. [h:/vivado_realtime_dma_zybo_z7_20/vivado_realtime_dma_zybo_z7_20.gen/sources_1/bd/realtime_dma_bd/ipshared/9460/hdl/verilog/SubbandRealtimeTopQ610Ip_ama_addmuladd_12ns_3ns_7ns_12ns_12_4_1.v:40]
WARNING: [Synth 8-3936] Found unconnected internal register 'ama_addmuladd_12ns_3ns_7ns_12ns_12_4_1_U5489/SubbandRealtimeTopQ610Ip_ama_addmuladd_12ns_3ns_7ns_12ns_12_4_1_DSP48_2_U/ad_reg_reg' and it is trimmed from '15' to '12' bits. [h:/vivado_realtime_dma_zybo_z7_20/vivado_realtime_dma_zybo_z7_20.gen/sources_1/bd/realtime_dma_bd/ipshared/9460/hdl/verilog/SubbandRealtimeTopQ610Ip_ama_addmuladd_12ns_3ns_7ns_12ns_12_4_1.v:39]
WARNING: [Synth 8-3936] Found unconnected internal register 'ama_addmuladd_12ns_3ns_7ns_12ns_12_4_1_U5489/SubbandRealtimeTopQ610Ip_ama_addmuladd_12ns_3ns_7ns_12ns_12_4_1_DSP48_2_U/b_reg_reg' and it is trimmed from '18' to '12' bits. [h:/vivado_realtime_dma_zybo_z7_20/vivado_realtime_dma_zybo_z7_20.gen/sources_1/bd/realtime_dma_bd/ipshared/9460/hdl/verilog/SubbandRealtimeTopQ610Ip_ama_addmuladd_12ns_3ns_7ns_12ns_12_4_1.v:39]
DSP Report: Generating DSP ama_addmuladd_12ns_3ns_7ns_12ns_12_4_1_U5489/SubbandRealtimeTopQ610Ip_ama_addmuladd_12ns_3ns_7ns_12ns_12_4_1_DSP48_2_U/ad_reg_reg, operation Mode is: (C'+(A2*B)')'.
DSP Report: register df_index_reg_2271_reg is absorbed into DSP ama_addmuladd_12ns_3ns_7ns_12ns_12_4_1_U5489/SubbandRealtimeTopQ610Ip_ama_addmuladd_12ns_3ns_7ns_12ns_12_4_1_DSP48_2_U/ad_reg_reg.
DSP Report: register ama_addmuladd_12ns_3ns_7ns_12ns_12_4_1_U5489/SubbandRealtimeTopQ610Ip_ama_addmuladd_12ns_3ns_7ns_12ns_12_4_1_DSP48_2_U/ad_reg_reg is absorbed into DSP ama_addmuladd_12ns_3ns_7ns_12ns_12_4_1_U5489/SubbandRealtimeTopQ610Ip_ama_addmuladd_12ns_3ns_7ns_12ns_12_4_1_DSP48_2_U/ad_reg_reg.
DSP Report: register ama_addmuladd_12ns_3ns_7ns_12ns_12_4_1_U5489/SubbandRealtimeTopQ610Ip_ama_addmuladd_12ns_3ns_7ns_12ns_12_4_1_DSP48_2_U/ad_reg_reg is absorbed into DSP ama_addmuladd_12ns_3ns_7ns_12ns_12_4_1_U5489/SubbandRealtimeTopQ610Ip_ama_addmuladd_12ns_3ns_7ns_12ns_12_4_1_DSP48_2_U/ad_reg_reg.
DSP Report: register mul_ln3057_reg_10864_reg is absorbed into DSP ama_addmuladd_12ns_3ns_7ns_12ns_12_4_1_U5489/SubbandRealtimeTopQ610Ip_ama_addmuladd_12ns_3ns_7ns_12ns_12_4_1_DSP48_2_U/ad_reg_reg.
DSP Report: operator ama_addmuladd_12ns_3ns_7ns_12ns_12_4_1_U5489/SubbandRealtimeTopQ610Ip_ama_addmuladd_12ns_3ns_7ns_12ns_12_4_1_DSP48_2_U/ad is absorbed into DSP ama_addmuladd_12ns_3ns_7ns_12ns_12_4_1_U5489/SubbandRealtimeTopQ610Ip_ama_addmuladd_12ns_3ns_7ns_12ns_12_4_1_DSP48_2_U/ad_reg_reg.
DSP Report: operator mul_12s_4ns_12_1_1_U5487/tmp_product is absorbed into DSP ama_addmuladd_12ns_3ns_7ns_12ns_12_4_1_U5489/SubbandRealtimeTopQ610Ip_ama_addmuladd_12ns_3ns_7ns_12ns_12_4_1_DSP48_2_U/ad_reg_reg.
DSP Report: Generating DSP ama_addmuladd_12ns_3ns_7ns_12ns_12_4_1_U5489/SubbandRealtimeTopQ610Ip_ama_addmuladd_12ns_3ns_7ns_12ns_12_4_1_DSP48_2_U/p_reg_reg, operation Mode is: (C'+(A*B2)')'.
DSP Report: register ama_addmuladd_12ns_3ns_7ns_12ns_12_4_1_U5489/SubbandRealtimeTopQ610Ip_ama_addmuladd_12ns_3ns_7ns_12ns_12_4_1_DSP48_2_U/p_reg_reg is absorbed into DSP ama_addmuladd_12ns_3ns_7ns_12ns_12_4_1_U5489/SubbandRealtimeTopQ610Ip_ama_addmuladd_12ns_3ns_7ns_12ns_12_4_1_DSP48_2_U/p_reg_reg.
DSP Report: register trunc_ln3050_1_reg_10840_reg is absorbed into DSP ama_addmuladd_12ns_3ns_7ns_12ns_12_4_1_U5489/SubbandRealtimeTopQ610Ip_ama_addmuladd_12ns_3ns_7ns_12ns_12_4_1_DSP48_2_U/p_reg_reg.
DSP Report: register ama_addmuladd_12ns_3ns_7ns_12ns_12_4_1_U5489/SubbandRealtimeTopQ610Ip_ama_addmuladd_12ns_3ns_7ns_12ns_12_4_1_DSP48_2_U/p_reg_reg is absorbed into DSP ama_addmuladd_12ns_3ns_7ns_12ns_12_4_1_U5489/SubbandRealtimeTopQ610Ip_ama_addmuladd_12ns_3ns_7ns_12ns_12_4_1_DSP48_2_U/p_reg_reg.
DSP Report: register ama_addmuladd_12ns_3ns_7ns_12ns_12_4_1_U5489/SubbandRealtimeTopQ610Ip_ama_addmuladd_12ns_3ns_7ns_12ns_12_4_1_DSP48_2_U/m_reg_reg is absorbed into DSP ama_addmuladd_12ns_3ns_7ns_12ns_12_4_1_U5489/SubbandRealtimeTopQ610Ip_ama_addmuladd_12ns_3ns_7ns_12ns_12_4_1_DSP48_2_U/p_reg_reg.
DSP Report: operator ama_addmuladd_12ns_3ns_7ns_12ns_12_4_1_U5489/SubbandRealtimeTopQ610Ip_ama_addmuladd_12ns_3ns_7ns_12ns_12_4_1_DSP48_2_U/p is absorbed into DSP ama_addmuladd_12ns_3ns_7ns_12ns_12_4_1_U5489/SubbandRealtimeTopQ610Ip_ama_addmuladd_12ns_3ns_7ns_12ns_12_4_1_DSP48_2_U/p_reg_reg.
DSP Report: operator ama_addmuladd_12ns_3ns_7ns_12ns_12_4_1_U5489/SubbandRealtimeTopQ610Ip_ama_addmuladd_12ns_3ns_7ns_12ns_12_4_1_DSP48_2_U/m is absorbed into DSP ama_addmuladd_12ns_3ns_7ns_12ns_12_4_1_U5489/SubbandRealtimeTopQ610Ip_ama_addmuladd_12ns_3ns_7ns_12ns_12_4_1_DSP48_2_U/p_reg_reg.
INFO: [Common 17-14] Message 'Synth 8-3333' appears 100 times and further instances of the messages will be disabled. Use the Tcl command set_msg_config to change the current settings.
INFO: [Synth 8-4471] merging register 'I_CMD_STATUS/GEN_INCLUDE_STATUS_FIFO.I_STS_FIFO/sig_init_reg_reg' into 'I_CMD_STATUS/I_CMD_FIFO/sig_init_reg_reg' [h:/vivado_realtime_dma_zybo_z7_20/vivado_realtime_dma_zybo_z7_20.gen/sources_1/bd/realtime_dma_bd/ipshared/d786/hdl/axi_datamover_v5_1_vh_rfs.vhd:1934]
INFO: [Synth 8-4471] merging register 'I_CMD_STATUS/GEN_INCLUDE_STATUS_FIFO.I_STS_FIFO/sig_init_reg2_reg' into 'I_CMD_STATUS/I_CMD_FIFO/sig_init_reg2_reg' [h:/vivado_realtime_dma_zybo_z7_20/vivado_realtime_dma_zybo_z7_20.gen/sources_1/bd/realtime_dma_bd/ipshared/d786/hdl/axi_datamover_v5_1_vh_rfs.vhd:1935]
INFO: [Synth 8-4471] merging register 'I_MSTR_PCC/sig_mmap_reset_reg_reg' into 'I_CMD_STATUS/I_CMD_FIFO/sig_init_reg_reg' [h:/vivado_realtime_dma_zybo_z7_20/vivado_realtime_dma_zybo_z7_20.gen/sources_1/bd/realtime_dma_bd/ipshared/d786/hdl/axi_datamover_v5_1_vh_rfs.vhd:7947]
INFO: [Synth 8-4471] merging register 'I_MSTR_PCC/sig_input_user_type_reg_reg[3:0]' into 'I_MSTR_PCC/sig_input_cache_type_reg_reg[3:0]' [h:/vivado_realtime_dma_zybo_z7_20/vivado_realtime_dma_zybo_z7_20.gen/sources_1/bd/realtime_dma_bd/ipshared/d786/hdl/axi_datamover_v5_1_vh_rfs.vhd:7989]
INFO: [Synth 8-4471] merging register 'I_ADDR_CNTL/GEN_ADDR_FIFO.I_ADDR_QUAL_FIFO/sig_init_reg_reg' into 'I_CMD_STATUS/I_CMD_FIFO/sig_init_reg_reg' [h:/vivado_realtime_dma_zybo_z7_20/vivado_realtime_dma_zybo_z7_20.gen/sources_1/bd/realtime_dma_bd/ipshared/d786/hdl/axi_datamover_v5_1_vh_rfs.vhd:1934]
INFO: [Synth 8-4471] merging register 'I_ADDR_CNTL/GEN_ADDR_FIFO.I_ADDR_QUAL_FIFO/sig_init_reg2_reg' into 'I_CMD_STATUS/I_CMD_FIFO/sig_init_reg2_reg' [h:/vivado_realtime_dma_zybo_z7_20/vivado_realtime_dma_zybo_z7_20.gen/sources_1/bd/realtime_dma_bd/ipshared/d786/hdl/axi_datamover_v5_1_vh_rfs.vhd:1935]
INFO: [Synth 8-4471] merging register 'I_RD_DATA_CNTL/GEN_DATA_CNTL_FIFO.I_DATA_CNTL_FIFO/sig_init_reg_reg' into 'I_CMD_STATUS/I_CMD_FIFO/sig_init_reg_reg' [h:/vivado_realtime_dma_zybo_z7_20/vivado_realtime_dma_zybo_z7_20.gen/sources_1/bd/realtime_dma_bd/ipshared/d786/hdl/axi_datamover_v5_1_vh_rfs.vhd:1934]
INFO: [Synth 8-4471] merging register 'I_RD_DATA_CNTL/GEN_DATA_CNTL_FIFO.I_DATA_CNTL_FIFO/sig_init_reg2_reg' into 'I_CMD_STATUS/I_CMD_FIFO/sig_init_reg2_reg' [h:/vivado_realtime_dma_zybo_z7_20/vivado_realtime_dma_zybo_z7_20.gen/sources_1/bd/realtime_dma_bd/ipshared/d786/hdl/axi_datamover_v5_1_vh_rfs.vhd:1935]
INFO: [Synth 8-4471] merging register 'I_RD_DATA_CNTL/sig_rd_xfer_cmplt_reg' into 'I_RD_DATA_CNTL/sig_last_mmap_dbeat_reg_reg' [h:/vivado_realtime_dma_zybo_z7_20/vivado_realtime_dma_zybo_z7_20.gen/sources_1/bd/realtime_dma_bd/ipshared/d786/hdl/axi_datamover_v5_1_vh_rfs.vhd:12438]
INFO: [Synth 8-4471] merging register 'GEN_INCLUDE_MM2S_SF.I_RD_SF/OMIT_DRE_CNTL.I_DRE_CNTL_FIFO/sig_init_reg_reg' into 'I_CMD_STATUS/I_CMD_FIFO/sig_init_reg_reg' [h:/vivado_realtime_dma_zybo_z7_20/vivado_realtime_dma_zybo_z7_20.gen/sources_1/bd/realtime_dma_bd/ipshared/d786/hdl/axi_datamover_v5_1_vh_rfs.vhd:1934]
INFO: [Synth 8-4471] merging register 'GEN_INCLUDE_MM2S_SF.I_RD_SF/OMIT_DRE_CNTL.I_DRE_CNTL_FIFO/sig_init_reg2_reg' into 'I_CMD_STATUS/I_CMD_FIFO/sig_init_reg2_reg' [h:/vivado_realtime_dma_zybo_z7_20/vivado_realtime_dma_zybo_z7_20.gen/sources_1/bd/realtime_dma_bd/ipshared/d786/hdl/axi_datamover_v5_1_vh_rfs.vhd:1935]
INFO: [Synth 8-4471] merging register 'ENABLE_AXIS_SKID.I_MM2S_SKID_BUF/sig_reset_reg_reg' into 'I_CMD_STATUS/I_CMD_FIFO/sig_init_reg_reg' [h:/vivado_realtime_dma_zybo_z7_20/vivado_realtime_dma_zybo_z7_20.gen/sources_1/bd/realtime_dma_bd/ipshared/d786/hdl/axi_datamover_v5_1_vh_rfs.vhd:19478]
INFO: [Synth 8-4471] merging register 'ENABLE_AXIS_SKID.I_MM2S_SKID_BUF/sig_stop_request_reg' into 'ENABLE_AXIS_SKID.I_MM2S_SKID_BUF/sig_sready_stop_reg_reg' [h:/vivado_realtime_dma_zybo_z7_20/vivado_realtime_dma_zybo_z7_20.gen/sources_1/bd/realtime_dma_bd/ipshared/d786/hdl/axi_datamover_v5_1_vh_rfs.vhd:19473]
INFO: [Synth 8-5544] ROM "I_MSTR_PCC/I_STRT_STRB_GEN/var_start_vector" won't be mapped to Block RAM because address size (2) smaller than threshold (5)
INFO: [Synth 8-4471] merging register 'I_CMD_STATUS/GEN_INCLUDE_STATUS_FIFO.I_STS_FIFO/sig_init_reg_reg' into 'I_CMD_STATUS/I_CMD_FIFO/sig_init_reg_reg' [h:/vivado_realtime_dma_zybo_z7_20/vivado_realtime_dma_zybo_z7_20.gen/sources_1/bd/realtime_dma_bd/ipshared/d786/hdl/axi_datamover_v5_1_vh_rfs.vhd:1934]
INFO: [Synth 8-4471] merging register 'I_CMD_STATUS/GEN_INCLUDE_STATUS_FIFO.I_STS_FIFO/sig_init_reg2_reg' into 'I_CMD_STATUS/I_CMD_FIFO/sig_init_reg2_reg' [h:/vivado_realtime_dma_zybo_z7_20/vivado_realtime_dma_zybo_z7_20.gen/sources_1/bd/realtime_dma_bd/ipshared/d786/hdl/axi_datamover_v5_1_vh_rfs.vhd:1935]
INFO: [Synth 8-4471] merging register 'I_WR_STATUS_CNTLR/I_WRESP_STATUS_FIFO/sig_init_reg_reg' into 'I_CMD_STATUS/I_CMD_FIFO/sig_init_reg_reg' [h:/vivado_realtime_dma_zybo_z7_20/vivado_realtime_dma_zybo_z7_20.gen/sources_1/bd/realtime_dma_bd/ipshared/d786/hdl/axi_datamover_v5_1_vh_rfs.vhd:1934]
INFO: [Synth 8-4471] merging register 'I_WR_STATUS_CNTLR/I_WRESP_STATUS_FIFO/sig_init_reg2_reg' into 'I_CMD_STATUS/I_CMD_FIFO/sig_init_reg2_reg' [h:/vivado_realtime_dma_zybo_z7_20/vivado_realtime_dma_zybo_z7_20.gen/sources_1/bd/realtime_dma_bd/ipshared/d786/hdl/axi_datamover_v5_1_vh_rfs.vhd:1935]
INFO: [Synth 8-4471] merging register 'I_WR_STATUS_CNTLR/GEN_ENABLE_INDET_BTT.I_SF_DATA_CNTL_STATUS_FIFO/sig_init_reg_reg' into 'I_CMD_STATUS/I_CMD_FIFO/sig_init_reg_reg' [h:/vivado_realtime_dma_zybo_z7_20/vivado_realtime_dma_zybo_z7_20.gen/sources_1/bd/realtime_dma_bd/ipshared/d786/hdl/axi_datamover_v5_1_vh_rfs.vhd:1934]
INFO: [Synth 8-4471] merging register 'I_WR_STATUS_CNTLR/GEN_ENABLE_INDET_BTT.I_SF_DATA_CNTL_STATUS_FIFO/sig_init_reg2_reg' into 'I_CMD_STATUS/I_CMD_FIFO/sig_init_reg2_reg' [h:/vivado_realtime_dma_zybo_z7_20/vivado_realtime_dma_zybo_z7_20.gen/sources_1/bd/realtime_dma_bd/ipshared/d786/hdl/axi_datamover_v5_1_vh_rfs.vhd:1935]
INFO: [Synth 8-4471] merging register 'GEN_INCLUDE_IBTTCC.I_S2MM_MSTR_IBTTCC/sig_mmap_reset_reg_reg' into 'I_CMD_STATUS/I_CMD_FIFO/sig_init_reg_reg' [h:/vivado_realtime_dma_zybo_z7_20/vivado_realtime_dma_zybo_z7_20.gen/sources_1/bd/realtime_dma_bd/ipshared/d786/hdl/axi_datamover_v5_1_vh_rfs.vhd:26164]
INFO: [Synth 8-4471] merging register 'GEN_INCLUDE_IBTTCC.I_S2MM_MSTR_IBTTCC/sig_input_user_type_reg_reg[3:0]' into 'GEN_INCLUDE_IBTTCC.I_S2MM_MSTR_IBTTCC/sig_input_cache_type_reg_reg[3:0]' [h:/vivado_realtime_dma_zybo_z7_20/vivado_realtime_dma_zybo_z7_20.gen/sources_1/bd/realtime_dma_bd/ipshared/d786/hdl/axi_datamover_v5_1_vh_rfs.vhd:26230]
INFO: [Synth 8-4471] merging register 'GEN_INCLUDE_IBTTCC.I_S2MM_MSTR_IBTTCC/sig_child_user_type_reg_reg[3:0]' into 'GEN_INCLUDE_IBTTCC.I_S2MM_MSTR_IBTTCC/sig_child_cache_type_reg_reg[3:0]' [h:/vivado_realtime_dma_zybo_z7_20/vivado_realtime_dma_zybo_z7_20.gen/sources_1/bd/realtime_dma_bd/ipshared/d786/hdl/axi_datamover_v5_1_vh_rfs.vhd:26895]
INFO: [Synth 8-4471] merging register 'GEN_INCLUDE_IBTTCC.I_S2MM_MSTR_IBTTCC/sig_child_qual_user_type_reg[3:0]' into 'GEN_INCLUDE_IBTTCC.I_S2MM_MSTR_IBTTCC/sig_child_qual_cache_type_reg[3:0]' [h:/vivado_realtime_dma_zybo_z7_20/vivado_realtime_dma_zybo_z7_20.gen/sources_1/bd/realtime_dma_bd/ipshared/d786/hdl/axi_datamover_v5_1_vh_rfs.vhd:26948]
INFO: [Synth 8-4471] merging register 'GEN_INCLUDE_IBTTCC.I_S2MM_MSTR_IBTTCC/sig_xfer_user_reg_reg[3:0]' into 'GEN_INCLUDE_IBTTCC.I_S2MM_MSTR_IBTTCC/sig_xfer_cache_reg_reg[3:0]' [h:/vivado_realtime_dma_zybo_z7_20/vivado_realtime_dma_zybo_z7_20.gen/sources_1/bd/realtime_dma_bd/ipshared/d786/hdl/axi_datamover_v5_1_vh_rfs.vhd:26079]
INFO: [Synth 8-4471] merging register 'ENABLE_AXIS_SKID.I_S2MM_STRM_SKID_BUF/sig_reset_reg_reg' into 'I_CMD_STATUS/I_CMD_FIFO/sig_init_reg_reg' [h:/vivado_realtime_dma_zybo_z7_20/vivado_realtime_dma_zybo_z7_20.gen/sources_1/bd/realtime_dma_bd/ipshared/d786/hdl/axi_datamover_v5_1_vh_rfs.vhd:19478]
INFO: [Synth 8-4471] merging register 'ENABLE_AXIS_SKID.I_S2MM_STRM_SKID_BUF/sig_stop_request_reg' into 'ENABLE_AXIS_SKID.I_S2MM_STRM_SKID_BUF/sig_sready_stop_reg_reg' [h:/vivado_realtime_dma_zybo_z7_20/vivado_realtime_dma_zybo_z7_20.gen/sources_1/bd/realtime_dma_bd/ipshared/d786/hdl/axi_datamover_v5_1_vh_rfs.vhd:19473]
INFO: [Synth 8-4471] merging register 'GEN_INCLUDE_REALIGNER.I_S2MM_REALIGNER/I_DRE_CNTL_FIFO/sig_init_reg_reg' into 'I_CMD_STATUS/I_CMD_FIFO/sig_init_reg_reg' [h:/vivado_realtime_dma_zybo_z7_20/vivado_realtime_dma_zybo_z7_20.gen/sources_1/bd/realtime_dma_bd/ipshared/d786/hdl/axi_datamover_v5_1_vh_rfs.vhd:1934]
INFO: [Synth 8-4471] merging register 'GEN_INCLUDE_REALIGNER.I_S2MM_REALIGNER/I_DRE_CNTL_FIFO/sig_init_reg2_reg' into 'I_CMD_STATUS/I_CMD_FIFO/sig_init_reg2_reg' [h:/vivado_realtime_dma_zybo_z7_20/vivado_realtime_dma_zybo_z7_20.gen/sources_1/bd/realtime_dma_bd/ipshared/d786/hdl/axi_datamover_v5_1_vh_rfs.vhd:1935]
INFO: [Synth 8-4471] merging register 'GEN_INCLUDE_REALIGNER.I_S2MM_REALIGNER/GEN_INCLUDE_SCATTER.I_S2MM_SCATTER/I_MSSAI_SKID_BUF/sig_reset_reg_reg' into 'I_CMD_STATUS/I_CMD_FIFO/sig_init_reg_reg' [h:/vivado_realtime_dma_zybo_z7_20/vivado_realtime_dma_zybo_z7_20.gen/sources_1/bd/realtime_dma_bd/ipshared/d786/hdl/axi_datamover_v5_1_vh_rfs.vhd:44093]
INFO: [Synth 8-4471] merging register 'GEN_INCLUDE_REALIGNER.I_S2MM_REALIGNER/GEN_INCLUDE_SCATTER.I_S2MM_SCATTER/I_MSSAI_SKID_BUF/sig_stop_request_reg' into 'GEN_INCLUDE_REALIGNER.I_S2MM_REALIGNER/GEN_INCLUDE_SCATTER.I_S2MM_SCATTER/I_MSSAI_SKID_BUF/sig_sready_stop_reg_reg' [h:/vivado_realtime_dma_zybo_z7_20/vivado_realtime_dma_zybo_z7_20.gen/sources_1/bd/realtime_dma_bd/ipshared/d786/hdl/axi_datamover_v5_1_vh_rfs.vhd:44088]
INFO: [Synth 8-4471] merging register 'GEN_ENABLE_INDET_BTT_SF.I_INDET_BTT/ENABLE_AXIS_SKID.I_INDET_BTT_SKID_BUF/sig_sready_stop_reg_reg' into 'GEN_INCLUDE_REALIGNER.I_S2MM_REALIGNER/GEN_INCLUDE_SCATTER.I_S2MM_SCATTER/I_MSSAI_SKID_BUF/sig_sready_stop_reg_reg' [h:/vivado_realtime_dma_zybo_z7_20/vivado_realtime_dma_zybo_z7_20.gen/sources_1/bd/realtime_dma_bd/ipshared/d786/hdl/axi_datamover_v5_1_vh_rfs.vhd:19699]
INFO: [Synth 8-4471] merging register 'GEN_ENABLE_INDET_BTT_SF.I_INDET_BTT/ENABLE_AXIS_SKID.I_INDET_BTT_SKID_BUF/sig_reset_reg_reg' into 'I_CMD_STATUS/I_CMD_FIFO/sig_init_reg_reg' [h:/vivado_realtime_dma_zybo_z7_20/vivado_realtime_dma_zybo_z7_20.gen/sources_1/bd/realtime_dma_bd/ipshared/d786/hdl/axi_datamover_v5_1_vh_rfs.vhd:19478]
INFO: [Synth 8-4471] merging register 'GEN_ENABLE_INDET_BTT_SF.I_INDET_BTT/ENABLE_AXIS_SKID.I_INDET_BTT_SKID_BUF/sig_stop_request_reg' into 'GEN_INCLUDE_REALIGNER.I_S2MM_REALIGNER/GEN_INCLUDE_SCATTER.I_S2MM_SCATTER/I_MSSAI_SKID_BUF/sig_sready_stop_reg_reg' [h:/vivado_realtime_dma_zybo_z7_20/vivado_realtime_dma_zybo_z7_20.gen/sources_1/bd/realtime_dma_bd/ipshared/d786/hdl/axi_datamover_v5_1_vh_rfs.vhd:19473]
INFO: [Synth 8-4471] merging register 'I_ADDR_CNTL/GEN_ADDR_FIFO.I_ADDR_QUAL_FIFO/sig_init_reg_reg' into 'I_CMD_STATUS/I_CMD_FIFO/sig_init_reg_reg' [h:/vivado_realtime_dma_zybo_z7_20/vivado_realtime_dma_zybo_z7_20.gen/sources_1/bd/realtime_dma_bd/ipshared/d786/hdl/axi_datamover_v5_1_vh_rfs.vhd:1934]
INFO: [Synth 8-4471] merging register 'I_ADDR_CNTL/GEN_ADDR_FIFO.I_ADDR_QUAL_FIFO/sig_init_reg2_reg' into 'I_CMD_STATUS/I_CMD_FIFO/sig_init_reg2_reg' [h:/vivado_realtime_dma_zybo_z7_20/vivado_realtime_dma_zybo_z7_20.gen/sources_1/bd/realtime_dma_bd/ipshared/d786/hdl/axi_datamover_v5_1_vh_rfs.vhd:1935]
INFO: [Synth 8-4471] merging register 'I_WR_DATA_CNTL/GEN_DATA_CNTL_FIFO.I_DATA_CNTL_FIFO/sig_init_reg_reg' into 'I_CMD_STATUS/I_CMD_FIFO/sig_init_reg_reg' [h:/vivado_realtime_dma_zybo_z7_20/vivado_realtime_dma_zybo_z7_20.gen/sources_1/bd/realtime_dma_bd/ipshared/d786/hdl/axi_datamover_v5_1_vh_rfs.vhd:1934]
INFO: [Synth 8-4471] merging register 'I_WR_DATA_CNTL/GEN_DATA_CNTL_FIFO.I_DATA_CNTL_FIFO/sig_init_reg2_reg' into 'I_CMD_STATUS/I_CMD_FIFO/sig_init_reg2_reg' [h:/vivado_realtime_dma_zybo_z7_20/vivado_realtime_dma_zybo_z7_20.gen/sources_1/bd/realtime_dma_bd/ipshared/d786/hdl/axi_datamover_v5_1_vh_rfs.vhd:1935]
INFO: [Synth 8-4471] merging register 'I_WR_DATA_CNTL/sig_halt_reg_reg' into 'I_WR_STATUS_CNTLR/sig_halt_reg_reg' [h:/vivado_realtime_dma_zybo_z7_20/vivado_realtime_dma_zybo_z7_20.gen/sources_1/bd/realtime_dma_bd/ipshared/d786/hdl/axi_datamover_v5_1_vh_rfs.vhd:16355]
INFO: [Synth 8-4471] merging register 'I_WR_DATA_CNTL/sig_halt_reg_dly1_reg' into 'I_WR_STATUS_CNTLR/sig_halt_reg_dly1_reg' [h:/vivado_realtime_dma_zybo_z7_20/vivado_realtime_dma_zybo_z7_20.gen/sources_1/bd/realtime_dma_bd/ipshared/d786/hdl/axi_datamover_v5_1_vh_rfs.vhd:17335]
INFO: [Synth 8-4471] merging register 'I_WR_DATA_CNTL/sig_halt_reg_dly2_reg' into 'I_WR_STATUS_CNTLR/sig_halt_reg_dly2_reg' [h:/vivado_realtime_dma_zybo_z7_20/vivado_realtime_dma_zybo_z7_20.gen/sources_1/bd/realtime_dma_bd/ipshared/d786/hdl/axi_datamover_v5_1_vh_rfs.vhd:17279]
INFO: [Synth 8-4471] merging register 'I_WR_DATA_CNTL/sig_halt_reg_dly3_reg' into 'I_WR_STATUS_CNTLR/sig_halt_reg_dly3_reg' [h:/vivado_realtime_dma_zybo_z7_20/vivado_realtime_dma_zybo_z7_20.gen/sources_1/bd/realtime_dma_bd/ipshared/d786/hdl/axi_datamover_v5_1_vh_rfs.vhd:17253]
INFO: [Synth 8-4471] merging register 'I_S2MM_MMAP_SKID_BUF/sig_reset_reg_reg' into 'I_CMD_STATUS/I_CMD_FIFO/sig_init_reg_reg' [h:/vivado_realtime_dma_zybo_z7_20/vivado_realtime_dma_zybo_z7_20.gen/sources_1/bd/realtime_dma_bd/ipshared/d786/hdl/axi_datamover_v5_1_vh_rfs.vhd:18965]
INFO: [Synth 8-5546] ROM "GEN_ENABLE_INDET_BTT_SF.I_INDET_BTT/DIFF_WIDTH_OR_DRE_WDC.I_WDC_STBS_SET/sig_stbs_asserted0" won't be mapped to RAM because it is too sparse
INFO: [Synth 8-5546] ROM "GEN_ENABLE_INDET_BTT_SF.I_INDET_BTT/DIFF_WIDTH_OR_DRE_WDC.I_WDC_STBS_SET/sig_stbs_asserted0" won't be mapped to RAM because it is too sparse
INFO: [Synth 8-5544] ROM "I_WR_DATA_CNTL/GEN_INDET_BTT.I_STRT_STRB_GEN/var_start_vector" won't be mapped to Block RAM because address size (2) smaller than threshold (5)
INFO: [Synth 8-4471] merging register 'I_RST_MODULE/GEN_RESET_FOR_S2MM.RESET_I/soft_reset_d1_reg' into 'I_RST_MODULE/GEN_RESET_FOR_MM2S.RESET_I/soft_reset_d1_reg' [h:/vivado_realtime_dma_zybo_z7_20/vivado_realtime_dma_zybo_z7_20.gen/sources_1/bd/realtime_dma_bd/ipshared/ddec/hdl/axi_dma_v7_1_vh_rfs.vhd:725]
INFO: [Synth 8-3936] Found unconnected internal register 'INCLUDE_MM2S_SOF_EOF_GENERATOR.I_MM2S_DMA_MNGR/GEN_MM2S_DMA_CONTROL.GEN_SIMPLE_DMA_MODE.I_MM2S_SMPL_SM/GEN_CMD_BTT_LESS_23.cmnd_data_reg' and it is trimmed from '153' to '75' bits. [h:/vivado_realtime_dma_zybo_z7_20/vivado_realtime_dma_zybo_z7_20.gen/sources_1/bd/realtime_dma_bd/ipshared/ddec/hdl/axi_dma_v7_1_vh_rfs.vhd:12121]
INFO: [Synth 8-3936] Found unconnected internal register 'INCLUDE_S2MM_SOF_EOF_GENERATOR.I_S2MM_DMA_MNGR/GEN_S2MM_DMA_CONTROL.GEN_SIMPLE_DMA_MODE.I_S2MM_SMPL_SM/GEN_CMD_BTT_LESS_23.cmnd_data_reg' and it is trimmed from '153' to '75' bits. [h:/vivado_realtime_dma_zybo_z7_20/vivado_realtime_dma_zybo_z7_20.gen/sources_1/bd/realtime_dma_bd/ipshared/ddec/hdl/axi_dma_v7_1_vh_rfs.vhd:12121]
INFO: [Synth 8-4471] merging register 'I_PRMRY_DATAMOVER/GEN_MM2S_FULL.I_MM2S_FULL_WRAPPER/I_CMD_STATUS/GEN_INCLUDE_STATUS_FIFO.I_STS_FIFO/sig_init_reg_reg' into 'I_PRMRY_DATAMOVER/GEN_MM2S_FULL.I_MM2S_FULL_WRAPPER/I_CMD_STATUS/I_CMD_FIFO/sig_init_reg_reg' [h:/vivado_realtime_dma_zybo_z7_20/vivado_realtime_dma_zybo_z7_20.gen/sources_1/bd/realtime_dma_bd/ipshared/d786/hdl/axi_datamover_v5_1_vh_rfs.vhd:1934]
INFO: [Synth 8-4471] merging register 'I_PRMRY_DATAMOVER/GEN_MM2S_FULL.I_MM2S_FULL_WRAPPER/I_CMD_STATUS/GEN_INCLUDE_STATUS_FIFO.I_STS_FIFO/sig_init_reg2_reg' into 'I_PRMRY_DATAMOVER/GEN_MM2S_FULL.I_MM2S_FULL_WRAPPER/I_CMD_STATUS/I_CMD_FIFO/sig_init_reg2_reg' [h:/vivado_realtime_dma_zybo_z7_20/vivado_realtime_dma_zybo_z7_20.gen/sources_1/bd/realtime_dma_bd/ipshared/d786/hdl/axi_datamover_v5_1_vh_rfs.vhd:1935]
INFO: [Synth 8-4471] merging register 'I_PRMRY_DATAMOVER/GEN_MM2S_FULL.I_MM2S_FULL_WRAPPER/I_MSTR_PCC/sig_mmap_reset_reg_reg' into 'I_PRMRY_DATAMOVER/GEN_MM2S_FULL.I_MM2S_FULL_WRAPPER/I_CMD_STATUS/I_CMD_FIFO/sig_init_reg_reg' [h:/vivado_realtime_dma_zybo_z7_20/vivado_realtime_dma_zybo_z7_20.gen/sources_1/bd/realtime_dma_bd/ipshared/d786/hdl/axi_datamover_v5_1_vh_rfs.vhd:7947]
INFO: [Synth 8-4471] merging register 'I_PRMRY_DATAMOVER/GEN_MM2S_FULL.I_MM2S_FULL_WRAPPER/I_MSTR_PCC/sig_input_user_type_reg_reg[3:0]' into 'I_PRMRY_DATAMOVER/GEN_MM2S_FULL.I_MM2S_FULL_WRAPPER/I_MSTR_PCC/sig_input_cache_type_reg_reg[3:0]' [h:/vivado_realtime_dma_zybo_z7_20/vivado_realtime_dma_zybo_z7_20.gen/sources_1/bd/realtime_dma_bd/ipshared/d786/hdl/axi_datamover_v5_1_vh_rfs.vhd:7989]
INFO: [Synth 8-4471] merging register 'I_PRMRY_DATAMOVER/GEN_MM2S_FULL.I_MM2S_FULL_WRAPPER/I_ADDR_CNTL/GEN_ADDR_FIFO.I_ADDR_QUAL_FIFO/sig_init_reg_reg' into 'I_PRMRY_DATAMOVER/GEN_MM2S_FULL.I_MM2S_FULL_WRAPPER/I_CMD_STATUS/I_CMD_FIFO/sig_init_reg_reg' [h:/vivado_realtime_dma_zybo_z7_20/vivado_realtime_dma_zybo_z7_20.gen/sources_1/bd/realtime_dma_bd/ipshared/d786/hdl/axi_datamover_v5_1_vh_rfs.vhd:1934]
INFO: [Synth 8-4471] merging register 'I_PRMRY_DATAMOVER/GEN_MM2S_FULL.I_MM2S_FULL_WRAPPER/I_ADDR_CNTL/GEN_ADDR_FIFO.I_ADDR_QUAL_FIFO/sig_init_reg2_reg' into 'I_PRMRY_DATAMOVER/GEN_MM2S_FULL.I_MM2S_FULL_WRAPPER/I_CMD_STATUS/I_CMD_FIFO/sig_init_reg2_reg' [h:/vivado_realtime_dma_zybo_z7_20/vivado_realtime_dma_zybo_z7_20.gen/sources_1/bd/realtime_dma_bd/ipshared/d786/hdl/axi_datamover_v5_1_vh_rfs.vhd:1935]
INFO: [Synth 8-4471] merging register 'I_PRMRY_DATAMOVER/GEN_MM2S_FULL.I_MM2S_FULL_WRAPPER/I_RD_DATA_CNTL/GEN_DATA_CNTL_FIFO.I_DATA_CNTL_FIFO/sig_init_reg_reg' into 'I_PRMRY_DATAMOVER/GEN_MM2S_FULL.I_MM2S_FULL_WRAPPER/I_CMD_STATUS/I_CMD_FIFO/sig_init_reg_reg' [h:/vivado_realtime_dma_zybo_z7_20/vivado_realtime_dma_zybo_z7_20.gen/sources_1/bd/realtime_dma_bd/ipshared/d786/hdl/axi_datamover_v5_1_vh_rfs.vhd:1934]
INFO: [Synth 8-4471] merging register 'I_PRMRY_DATAMOVER/GEN_MM2S_FULL.I_MM2S_FULL_WRAPPER/I_RD_DATA_CNTL/GEN_DATA_CNTL_FIFO.I_DATA_CNTL_FIFO/sig_init_reg2_reg' into 'I_PRMRY_DATAMOVER/GEN_MM2S_FULL.I_MM2S_FULL_WRAPPER/I_CMD_STATUS/I_CMD_FIFO/sig_init_reg2_reg' [h:/vivado_realtime_dma_zybo_z7_20/vivado_realtime_dma_zybo_z7_20.gen/sources_1/bd/realtime_dma_bd/ipshared/d786/hdl/axi_datamover_v5_1_vh_rfs.vhd:1935]
INFO: [Synth 8-4471] merging register 'I_PRMRY_DATAMOVER/GEN_MM2S_FULL.I_MM2S_FULL_WRAPPER/I_RD_DATA_CNTL/sig_rd_xfer_cmplt_reg' into 'I_PRMRY_DATAMOVER/GEN_MM2S_FULL.I_MM2S_FULL_WRAPPER/I_RD_DATA_CNTL/sig_last_mmap_dbeat_reg_reg' [h:/vivado_realtime_dma_zybo_z7_20/vivado_realtime_dma_zybo_z7_20.gen/sources_1/bd/realtime_dma_bd/ipshared/d786/hdl/axi_datamover_v5_1_vh_rfs.vhd:12438]
INFO: [Synth 8-4471] merging register 'I_PRMRY_DATAMOVER/GEN_MM2S_FULL.I_MM2S_FULL_WRAPPER/GEN_INCLUDE_MM2S_SF.I_RD_SF/OMIT_DRE_CNTL.I_DRE_CNTL_FIFO/sig_init_reg_reg' into 'I_PRMRY_DATAMOVER/GEN_MM2S_FULL.I_MM2S_FULL_WRAPPER/I_CMD_STATUS/I_CMD_FIFO/sig_init_reg_reg' [h:/vivado_realtime_dma_zybo_z7_20/vivado_realtime_dma_zybo_z7_20.gen/sources_1/bd/realtime_dma_bd/ipshared/d786/hdl/axi_datamover_v5_1_vh_rfs.vhd:1934]
INFO: [Synth 8-4471] merging register 'I_PRMRY_DATAMOVER/GEN_MM2S_FULL.I_MM2S_FULL_WRAPPER/GEN_INCLUDE_MM2S_SF.I_RD_SF/OMIT_DRE_CNTL.I_DRE_CNTL_FIFO/sig_init_reg2_reg' into 'I_PRMRY_DATAMOVER/GEN_MM2S_FULL.I_MM2S_FULL_WRAPPER/I_CMD_STATUS/I_CMD_FIFO/sig_init_reg2_reg' [h:/vivado_realtime_dma_zybo_z7_20/vivado_realtime_dma_zybo_z7_20.gen/sources_1/bd/realtime_dma_bd/ipshared/d786/hdl/axi_datamover_v5_1_vh_rfs.vhd:1935]
INFO: [Synth 8-4471] merging register 'I_PRMRY_DATAMOVER/GEN_MM2S_FULL.I_MM2S_FULL_WRAPPER/ENABLE_AXIS_SKID.I_MM2S_SKID_BUF/sig_reset_reg_reg' into 'I_PRMRY_DATAMOVER/GEN_MM2S_FULL.I_MM2S_FULL_WRAPPER/I_CMD_STATUS/I_CMD_FIFO/sig_init_reg_reg' [h:/vivado_realtime_dma_zybo_z7_20/vivado_realtime_dma_zybo_z7_20.gen/sources_1/bd/realtime_dma_bd/ipshared/d786/hdl/axi_datamover_v5_1_vh_rfs.vhd:19478]
INFO: [Synth 8-4471] merging register 'I_PRMRY_DATAMOVER/GEN_MM2S_FULL.I_MM2S_FULL_WRAPPER/ENABLE_AXIS_SKID.I_MM2S_SKID_BUF/sig_stop_request_reg' into 'I_PRMRY_DATAMOVER/GEN_MM2S_FULL.I_MM2S_FULL_WRAPPER/ENABLE_AXIS_SKID.I_MM2S_SKID_BUF/sig_sready_stop_reg_reg' [h:/vivado_realtime_dma_zybo_z7_20/vivado_realtime_dma_zybo_z7_20.gen/sources_1/bd/realtime_dma_bd/ipshared/d786/hdl/axi_datamover_v5_1_vh_rfs.vhd:19473]
INFO: [Synth 8-3936] Found unconnected internal register 'INCLUDE_MM2S_SOF_EOF_GENERATOR.I_MM2S_DMA_MNGR/GEN_MM2S_DMA_CONTROL.GEN_SIMPLE_DMA_MODE.I_MM2S_SMPL_SM/GEN_CMD_BTT_LESS_23.cmnd_data_reg' and it is trimmed from '153' to '71' bits. [h:/vivado_realtime_dma_zybo_z7_20/vivado_realtime_dma_zybo_z7_20.gen/sources_1/bd/realtime_dma_bd/ipshared/ddec/hdl/axi_dma_v7_1_vh_rfs.vhd:12121]
INFO: [Synth 8-5544] ROM "I_PRMRY_DATAMOVER/GEN_MM2S_FULL.I_MM2S_FULL_WRAPPER/I_MSTR_PCC/I_STRT_STRB_GEN/var_start_vector" won't be mapped to Block RAM because address size (2) smaller than threshold (5)
INFO: [Synth 8-5775] Found 'rw_addr_collision' attribute set to 'no' on SDP RAM gen_wr_a.gen_word_narrow.mem_reg. Setting write mode to NO_CHANGE 
INFO: [Synth 8-5775] Found 'rw_addr_collision' attribute set to 'no' on SDP RAM gen_wr_a.gen_word_narrow.mem_reg. Setting write mode to NO_CHANGE 
INFO: [Synth 8-5775] Found 'rw_addr_collision' attribute set to 'no' on SDP RAM gen_wr_a.gen_word_narrow.mem_reg. Setting write mode to NO_CHANGE 
INFO: [Synth 8-5775] Found 'rw_addr_collision' attribute set to 'no' on SDP RAM gen_wr_a.gen_word_narrow.mem_reg. Setting write mode to NO_CHANGE 
INFO: [Synth 8-5784] Optimized 1 bits of RAM "gen_wr_a.gen_word_narrow.mem_reg" due to constant propagation. Old ram width 39 bits, new ram width 38 bits.
INFO: [Synth 8-5775] Found 'rw_addr_collision' attribute set to 'no' on SDP RAM gen_wr_a.gen_word_narrow.mem_reg. Setting write mode to NO_CHANGE 
INFO: [Synth 8-5775] Found 'rw_addr_collision' attribute set to 'no' on SDP RAM gen_wr_a.gen_word_narrow.mem_reg. Setting write mode to NO_CHANGE 
INFO: [Synth 8-5775] Found 'rw_addr_collision' attribute set to 'no' on SDP RAM gen_wr_a.gen_word_narrow.mem_reg. Setting write mode to NO_CHANGE 
INFO: [Synth 8-5775] Found 'rw_addr_collision' attribute set to 'no' on SDP RAM gen_wr_a.gen_word_narrow.mem_reg. Setting write mode to NO_CHANGE 
INFO: [Synth 8-5775] Found 'rw_addr_collision' attribute set to 'no' on SDP RAM gen_wr_a.gen_word_narrow.mem_reg. Setting write mode to NO_CHANGE 
INFO: [Synth 8-5775] Found 'rw_addr_collision' attribute set to 'no' on SDP RAM gen_wr_a.gen_word_narrow.mem_reg. Setting write mode to NO_CHANGE 
INFO: [Synth 8-5775] Found 'rw_addr_collision' attribute set to 'no' on SDP RAM gen_wr_a.gen_word_narrow.mem_reg. Setting write mode to NO_CHANGE 
INFO: [Synth 8-5775] Found 'rw_addr_collision' attribute set to 'no' on SDP RAM gen_wr_a.gen_word_narrow.mem_reg. Setting write mode to NO_CHANGE 
INFO: [Synth 8-5775] Found 'rw_addr_collision' attribute set to 'no' on SDP RAM gen_wr_a.gen_word_narrow.mem_reg. Setting write mode to NO_CHANGE 
INFO: [Synth 8-5775] Found 'rw_addr_collision' attribute set to 'no' on SDP RAM gen_wr_a.gen_word_narrow.mem_reg. Setting write mode to NO_CHANGE 
INFO: [Synth 8-5784] Optimized 1 bits of RAM "gen_wr_a.gen_word_narrow.mem_reg" due to constant propagation. Old ram width 39 bits, new ram width 38 bits.
INFO: [Synth 8-5775] Found 'rw_addr_collision' attribute set to 'no' on SDP RAM gen_wr_a.gen_word_narrow.mem_reg. Setting write mode to NO_CHANGE 
INFO: [Synth 8-5775] Found 'rw_addr_collision' attribute set to 'no' on SDP RAM gen_wr_a.gen_word_narrow.mem_reg. Setting write mode to NO_CHANGE 
INFO: [Synth 8-5775] Found 'rw_addr_collision' attribute set to 'no' on SDP RAM gen_wr_a.gen_word_narrow.mem_reg. Setting write mode to NO_CHANGE 
INFO: [Synth 8-5775] Found 'rw_addr_collision' attribute set to 'no' on SDP RAM gen_wr_a.gen_word_narrow.mem_reg. Setting write mode to NO_CHANGE 
INFO: [Synth 8-3332] Sequential element (I_RST_MODULE/REG_HRD_RST/GENERATE_LEVEL_P_S_CDC.SINGLE_BIT.CROSS_PLEVEL_IN2SCNDRY_s_level_out_d5) is unused and will be removed from module axi_dma.
INFO: [Synth 8-3332] Sequential element (I_RST_MODULE/REG_HRD_RST/GENERATE_LEVEL_P_S_CDC.SINGLE_BIT.CROSS_PLEVEL_IN2SCNDRY_s_level_out_d6) is unused and will be removed from module axi_dma.
INFO: [Synth 8-3332] Sequential element (I_RST_MODULE/REG_HRD_RST_OUT/GENERATE_LEVEL_P_S_CDC.SINGLE_BIT.CROSS_PLEVEL_IN2SCNDRY_s_level_out_d5) is unused and will be removed from module axi_dma.
INFO: [Synth 8-3332] Sequential element (I_RST_MODULE/REG_HRD_RST_OUT/GENERATE_LEVEL_P_S_CDC.SINGLE_BIT.CROSS_PLEVEL_IN2SCNDRY_s_level_out_d6) is unused and will be removed from module axi_dma.
INFO: [Synth 8-3332] Sequential element (I_PRMRY_DATAMOVER/GEN_S2MM_FULL.I_S2MM_FULL_WRAPPER/GEN_INCLUDE_IBTTCC.I_S2MM_MSTR_IBTTCC/FSM_onehot_sig_csm_state_reg[3]) is unused and will be removed from module axi_dma.
INFO: [Synth 8-3332] Sequential element (I_RST_MODULE/REG_HRD_RST/GENERATE_LEVEL_P_S_CDC.SINGLE_BIT.CROSS_PLEVEL_IN2SCNDRY_s_level_out_d5) is unused and will be removed from module axi_dma__parameterized1.
INFO: [Synth 8-3332] Sequential element (I_RST_MODULE/REG_HRD_RST/GENERATE_LEVEL_P_S_CDC.SINGLE_BIT.CROSS_PLEVEL_IN2SCNDRY_s_level_out_d6) is unused and will be removed from module axi_dma__parameterized1.
INFO: [Synth 8-3332] Sequential element (I_RST_MODULE/REG_HRD_RST_OUT/GENERATE_LEVEL_P_S_CDC.SINGLE_BIT.CROSS_PLEVEL_IN2SCNDRY_s_level_out_d5) is unused and will be removed from module axi_dma__parameterized1.
INFO: [Synth 8-3332] Sequential element (I_RST_MODULE/REG_HRD_RST_OUT/GENERATE_LEVEL_P_S_CDC.SINGLE_BIT.CROSS_PLEVEL_IN2SCNDRY_s_level_out_d6) is unused and will be removed from module axi_dma__parameterized1.
WARNING: [Synth 8-3332] Sequential element (EXT_LPF/ACTIVE_LOW_EXT.ACT_LO_EXT/GENERATE_LEVEL_P_S_CDC.SINGLE_BIT.CROSS_PLEVEL_IN2SCNDRY_s_level_out_d5) is unused and will be removed from module proc_sys_reset__parameterized2.
WARNING: [Synth 8-3332] Sequential element (EXT_LPF/ACTIVE_LOW_EXT.ACT_LO_EXT/GENERATE_LEVEL_P_S_CDC.SINGLE_BIT.CROSS_PLEVEL_IN2SCNDRY_s_level_out_d6) is unused and will be removed from module proc_sys_reset__parameterized2.
WARNING: [Synth 8-3332] Sequential element (EXT_LPF/ACTIVE_LOW_AUX.ACT_LO_AUX/GENERATE_LEVEL_P_S_CDC.SINGLE_BIT.CROSS_PLEVEL_IN2SCNDRY_IN_cdc_to) is unused and will be removed from module proc_sys_reset__parameterized2.
WARNING: [Synth 8-3332] Sequential element (EXT_LPF/ACTIVE_LOW_AUX.ACT_LO_AUX/GENERATE_LEVEL_P_S_CDC.SINGLE_BIT.CROSS_PLEVEL_IN2SCNDRY_s_level_out_d2) is unused and will be removed from module proc_sys_reset__parameterized2.
WARNING: [Synth 8-3332] Sequential element (EXT_LPF/ACTIVE_LOW_AUX.ACT_LO_AUX/GENERATE_LEVEL_P_S_CDC.SINGLE_BIT.CROSS_PLEVEL_IN2SCNDRY_s_level_out_d3) is unused and will be removed from module proc_sys_reset__parameterized2.
WARNING: [Synth 8-3332] Sequential element (EXT_LPF/ACTIVE_LOW_AUX.ACT_LO_AUX/GENERATE_LEVEL_P_S_CDC.SINGLE_BIT.CROSS_PLEVEL_IN2SCNDRY_s_level_out_d4) is unused and will be removed from module proc_sys_reset__parameterized2.
WARNING: [Synth 8-3332] Sequential element (EXT_LPF/ACTIVE_LOW_AUX.ACT_LO_AUX/GENERATE_LEVEL_P_S_CDC.SINGLE_BIT.CROSS_PLEVEL_IN2SCNDRY_s_level_out_d5) is unused and will be removed from module proc_sys_reset__parameterized2.
WARNING: [Synth 8-3332] Sequential element (EXT_LPF/ACTIVE_LOW_AUX.ACT_LO_AUX/GENERATE_LEVEL_P_S_CDC.SINGLE_BIT.CROSS_PLEVEL_IN2SCNDRY_s_level_out_d6) is unused and will be removed from module proc_sys_reset__parameterized2.
WARNING: [Synth 8-3332] Sequential element (FDRE_inst) is unused and will be removed from module proc_sys_reset__parameterized2.
WARNING: [Synth 8-3332] Sequential element (BSR_OUT_DFF[0].FDRE_BSR) is unused and will be removed from module proc_sys_reset__parameterized2.
WARNING: [Synth 8-3332] Sequential element (ACTIVE_LOW_BSR_OUT_DFF[0].FDRE_BSR_N) is unused and will be removed from module proc_sys_reset__parameterized2.
WARNING: [Synth 8-3332] Sequential element (PR_OUT_DFF[0].FDRE_PER) is unused and will be removed from module proc_sys_reset__parameterized2.
---------------------------------------------------------------------------------
Finished Cross Boundary and Area Optimization : Time (s): cpu = 00:03:05 ; elapsed = 00:03:17 . Memory (MB): peak = 4317.875 ; gain = 3121.340
---------------------------------------------------------------------------------
 Sort Area is SubbandRealtimeTopQ610Ip_p_anonymous_namespace_RunRealtimeGSUCellFixedQ610_224_2_32_32_true_s__GCB0 mul_16s_16s_32_3_1_U3184/buff0_reg_4 : 0 0 : 2032 4140 : Used 1 time 100
 Sort Area is SubbandRealtimeTopQ610Ip_p_anonymous_namespace_RunRealtimeGSUCellFixedQ610_224_2_32_32_true_s__GCB0 mul_16s_16s_32_3_1_U3184/buff0_reg_4 : 0 1 : 2108 4140 : Used 1 time 100
 Sort Area is SubbandRealtimeTopQ610Ip_p_anonymous_namespace_RunRealtimeGSUCellFixedQ610_224_2_32_32_true_s__GCB0 mul_16s_16s_32_3_1_U3186/buff0_reg_b : 0 0 : 2032 4140 : Used 1 time 100
 Sort Area is SubbandRealtimeTopQ610Ip_p_anonymous_namespace_RunRealtimeGSUCellFixedQ610_224_2_32_32_true_s__GCB0 mul_16s_16s_32_3_1_U3186/buff0_reg_b : 0 1 : 2108 4140 : Used 1 time 100
 Sort Area is SubbandRealtimeTopQ610Ip_p_anonymous_namespace_RunRealtimeGSUCellFixedQ610_224_2_32_32_true_s__GCB0 add_ln171_3_fu_4840_p2_2 : 0 0 : 2092 2092 : Used 1 time 100
 Sort Area is SubbandRealtimeTopQ610Ip_p_anonymous_namespace_RunRealtimeGSUCellFixedQ610_224_2_32_32_true_s__GCB0 add_ln171_4_fu_5354_p2_8 : 0 0 : 2092 2092 : Used 1 time 100
 Sort Area is SubbandRealtimeTopQ610Ip_p_anonymous_namespace_RunRealtimeGSUCellFixedQ610_224_2_32_32_true_s__GCB0 add_ln171_8_fu_4928_p2_a : 0 0 : 2092 2092 : Used 1 time 100
 Sort Area is SubbandRealtimeTopQ610Ip_p_anonymous_namespace_RunRealtimeGSUCellFixedQ610_224_2_32_32_true_s__GCB0 add_ln171_9_fu_5398_p2_d : 0 0 : 2092 2092 : Used 1 time 100
 Sort Area is SubbandRealtimeTopQ610Ip_p_anonymous_namespace_RunRealtimeGSUCellFixedQ610_224_2_32_32_true_s__GCB0 mul_16s_16s_32_3_1_U3185/buff0_reg_0 : 0 0 : 2000 2000 : Used 1 time 100
 Sort Area is SubbandRealtimeTopQ610Ip_p_anonymous_namespace_RunRealtimeGSUCellFixedQ610_224_2_32_32_true_s__GCB0 mul_16s_16s_32_3_1_U3187/buff0_reg_9 : 0 0 : 2000 2000 : Used 1 time 100
 Sort Area is SubbandRealtimeTopQ610Ip_p_anonymous_namespace_RunRealtimeGSUCellFixedQ610_224_2_32_32_true_s__GCB0 mul_16s_16s_32_3_1_U3188/buff0_reg_7 : 0 0 : 2000 2000 : Used 1 time 100
 Sort Area is SubbandRealtimeTopQ610Ip_p_anonymous_namespace_RunRealtimeGSUCellFixedQ610_224_2_32_32_true_s__GCB0 mul_16s_16s_32_3_1_U3189/buff0_reg_c : 0 0 : 2000 2000 : Used 1 time 100
 Sort Area is SubbandRealtimeTopQ610Ip_p_anonymous_namespace_RunRealtimeGSULayersSharedBandQ610__GCB0 mac_muladd_7ns_3ns_8ns_10_4_1_U4423/SubbandRealtimeTopQ610Ip_mac_muladd_7ns_3ns_8ns_10_4_1_DSP48_1_U/p_reg_reg_0 : 0 0 : 782 782 : Used 1 time 100
 Sort Area is SubbandRealtimeTopQ610Ip_p_anonymous_namespace_RunRealtimeBandQ610__GCB0 empty_474_fu_780_reg_2 : 0 0 : 3295 3295 : Used 1 time 0
 Sort Area is SubbandRealtimeTopQ610Ip_p_anonymous_namespace_RunRealtimeBandQ610__GCB0 empty_475_fu_784_reg_4 : 0 0 : 3295 3295 : Used 1 time 0
 Sort Area is SubbandRealtimeTopQ610Ip_p_anonymous_namespace_RunRealtimeBandQ610__GCB0 empty_476_fu_788_reg_5 : 0 0 : 3295 3295 : Used 1 time 0
 Sort Area is SubbandRealtimeTopQ610Ip_p_anonymous_namespace_RunRealtimeBandQ610__GCB0 empty_477_fu_792_reg_6 : 0 0 : 3295 3295 : Used 1 time 0
 Sort Area is SubbandRealtimeTopQ610Ip_p_anonymous_namespace_RunRealtimeBandQ610__GCB0 empty_478_fu_796_reg_7 : 0 0 : 3295 3295 : Used 1 time 0
 Sort Area is SubbandRealtimeTopQ610Ip_p_anonymous_namespace_RunRealtimeBandQ610__GCB0 empty_479_fu_800_reg_8 : 0 0 : 3295 3295 : Used 1 time 0
 Sort Area is SubbandRealtimeTopQ610Ip_p_anonymous_namespace_RunRealtimeBandQ610__GCB0 empty_480_fu_804_reg_9 : 0 0 : 3295 3295 : Used 1 time 0
 Sort Area is SubbandRealtimeTopQ610Ip_p_anonymous_namespace_RunRealtimeBandQ610__GCB0 empty_481_fu_808_reg_a : 0 0 : 3295 3295 : Used 1 time 0
 Sort Area is SubbandRealtimeTopQ610Ip_p_anonymous_namespace_RunRealtimeBandQ610__GCB0 empty_482_fu_812_reg_b : 0 0 : 3295 3295 : Used 1 time 0
 Sort Area is SubbandRealtimeTopQ610Ip_p_anonymous_namespace_RunRealtimeBandQ610__GCB0 empty_483_fu_816_reg_c : 0 0 : 3295 3295 : Used 1 time 0
 Sort Area is SubbandRealtimeTopQ610Ip_p_anonymous_namespace_RunRealtimeBandQ610__GCB0 empty_484_fu_820_reg_d : 0 0 : 3295 3295 : Used 1 time 0
 Sort Area is SubbandRealtimeTopQ610Ip_p_anonymous_namespace_RunRealtimeBandQ610__GCB0 empty_485_fu_824_reg_e : 0 0 : 3295 3295 : Used 1 time 0
 Sort Area is SubbandRealtimeTopQ610Ip_p_anonymous_namespace_RunRealtimeBandQ610__GCB0 empty_486_fu_828_reg_f : 0 0 : 3295 3295 : Used 1 time 0
 Sort Area is SubbandRealtimeTopQ610Ip_p_anonymous_namespace_RunRealtimeBandQ610__GCB0 empty_487_fu_832_reg_10 : 0 0 : 3295 3295 : Used 1 time 0
 Sort Area is SubbandRealtimeTopQ610Ip_p_anonymous_namespace_RunRealtimeBandQ610__GCB0 empty_488_fu_836_reg_11 : 0 0 : 3295 3295 : Used 1 time 0
 Sort Area is SubbandRealtimeTopQ610Ip_p_anonymous_namespace_RunRealtimeBandQ610__GCB0 empty_489_fu_840_reg_12 : 0 0 : 3295 3295 : Used 1 time 0
 Sort Area is SubbandRealtimeTopQ610Ip_p_anonymous_namespace_RunRealtimeBandQ610__GCB0 empty_490_fu_844_reg_13 : 0 0 : 3295 3295 : Used 1 time 0
 Sort Area is SubbandRealtimeTopQ610Ip_p_anonymous_namespace_RunRealtimeBandQ610__GCB0 empty_491_fu_848_reg_14 : 0 0 : 3295 3295 : Used 1 time 0
 Sort Area is SubbandRealtimeTopQ610Ip_p_anonymous_namespace_RunRealtimeBandQ610__GCB0 empty_492_fu_852_reg_15 : 0 0 : 3295 3295 : Used 1 time 0
 Sort Area is SubbandRealtimeTopQ610Ip_p_anonymous_namespace_RunRealtimeBandQ610__GCB0 empty_493_fu_856_reg_16 : 0 0 : 3295 3295 : Used 1 time 0
 Sort Area is SubbandRealtimeTopQ610Ip_p_anonymous_namespace_RunRealtimeBandQ610__GCB0 empty_494_fu_860_reg_17 : 0 0 : 3295 3295 : Used 1 time 0
 Sort Area is SubbandRealtimeTopQ610Ip_p_anonymous_namespace_RunRealtimeBandQ610__GCB0 empty_495_fu_864_reg_18 : 0 0 : 3295 3295 : Used 1 time 0
 Sort Area is SubbandRealtimeTopQ610Ip_p_anonymous_namespace_RunRealtimeBandQ610__GCB0 empty_496_fu_868_reg_19 : 0 0 : 3295 3295 : Used 1 time 0
 Sort Area is SubbandRealtimeTopQ610Ip_p_anonymous_namespace_RunRealtimeBandQ610__GCB0 empty_497_fu_872_reg_1a : 0 0 : 3295 3295 : Used 1 time 0
 Sort Area is SubbandRealtimeTopQ610Ip_p_anonymous_namespace_RunRealtimeBandQ610__GCB0 empty_498_fu_876_reg_1b : 0 0 : 3295 3295 : Used 1 time 0
 Sort Area is SubbandRealtimeTopQ610Ip_p_anonymous_namespace_RunRealtimeBandQ610__GCB0 empty_499_fu_880_reg_1c : 0 0 : 3295 3295 : Used 1 time 0
 Sort Area is SubbandRealtimeTopQ610Ip_p_anonymous_namespace_RunRealtimeBandQ610__GCB0 empty_500_fu_884_reg_1d : 0 0 : 3295 3295 : Used 1 time 0
 Sort Area is SubbandRealtimeTopQ610Ip_p_anonymous_namespace_RunRealtimeBandQ610__GCB0 empty_501_fu_888_reg_1e : 0 0 : 3295 3295 : Used 1 time 0
 Sort Area is SubbandRealtimeTopQ610Ip_p_anonymous_namespace_RunRealtimeBandQ610__GCB0 empty_502_fu_892_reg_1f : 0 0 : 3295 3295 : Used 1 time 0
 Sort Area is SubbandRealtimeTopQ610Ip_p_anonymous_namespace_RunRealtimeBandQ610__GCB0 empty_503_fu_896_reg_20 : 0 0 : 3295 3295 : Used 1 time 0
 Sort Area is SubbandRealtimeTopQ610Ip_p_anonymous_namespace_RunRealtimeBandQ610__GCB0 empty_504_fu_900_reg_21 : 0 0 : 3295 3295 : Used 1 time 0
 Sort Area is SubbandRealtimeTopQ610Ip_p_anonymous_namespace_RunRealtimeGSUMacPhaseFixedQ610_224_2_32_32_s__GB1 empty_505_fu_780_reg_2 : 0 0 : 3295 3295 : Used 1 time 0
 Sort Area is SubbandRealtimeTopQ610Ip_p_anonymous_namespace_RunRealtimeGSUMacPhaseFixedQ610_224_2_32_32_s__GB1 empty_506_fu_784_reg_4 : 0 0 : 3295 3295 : Used 1 time 0
 Sort Area is SubbandRealtimeTopQ610Ip_p_anonymous_namespace_RunRealtimeGSUMacPhaseFixedQ610_224_2_32_32_s__GB1 empty_507_fu_788_reg_5 : 0 0 : 3295 3295 : Used 1 time 0
 Sort Area is SubbandRealtimeTopQ610Ip_p_anonymous_namespace_RunRealtimeGSUMacPhaseFixedQ610_224_2_32_32_s__GB1 empty_508_fu_792_reg_6 : 0 0 : 3295 3295 : Used 1 time 0
 Sort Area is SubbandRealtimeTopQ610Ip_p_anonymous_namespace_RunRealtimeGSUMacPhaseFixedQ610_224_2_32_32_s__GB1 empty_509_fu_796_reg_7 : 0 0 : 3295 3295 : Used 1 time 0
 Sort Area is SubbandRealtimeTopQ610Ip_p_anonymous_namespace_RunRealtimeGSUMacPhaseFixedQ610_224_2_32_32_s__GB1 empty_510_fu_800_reg_8 : 0 0 : 3295 3295 : Used 1 time 0
 Sort Area is SubbandRealtimeTopQ610Ip_p_anonymous_namespace_RunRealtimeGSUMacPhaseFixedQ610_224_2_32_32_s__GB1 empty_511_fu_804_reg_9 : 0 0 : 3295 3295 : Used 1 time 0
 Sort Area is SubbandRealtimeTopQ610Ip_p_anonymous_namespace_RunRealtimeGSUMacPhaseFixedQ610_224_2_32_32_s__GB1 empty_512_fu_808_reg_a : 0 0 : 3295 3295 : Used 1 time 0
 Sort Area is SubbandRealtimeTopQ610Ip_p_anonymous_namespace_RunRealtimeGSUMacPhaseFixedQ610_224_2_32_32_s__GB1 empty_513_fu_812_reg_b : 0 0 : 3295 3295 : Used 1 time 0
 Sort Area is SubbandRealtimeTopQ610Ip_p_anonymous_namespace_RunRealtimeGSUMacPhaseFixedQ610_224_2_32_32_s__GB1 empty_514_fu_816_reg_c : 0 0 : 3295 3295 : Used 1 time 0
 Sort Area is SubbandRealtimeTopQ610Ip_p_anonymous_namespace_RunRealtimeGSUMacPhaseFixedQ610_224_2_32_32_s__GB1 empty_515_fu_820_reg_d : 0 0 : 3295 3295 : Used 1 time 0
 Sort Area is SubbandRealtimeTopQ610Ip_p_anonymous_namespace_RunRealtimeGSUMacPhaseFixedQ610_224_2_32_32_s__GB1 empty_516_fu_824_reg_e : 0 0 : 3295 3295 : Used 1 time 0
 Sort Area is SubbandRealtimeTopQ610Ip_p_anonymous_namespace_RunRealtimeGSUMacPhaseFixedQ610_224_2_32_32_s__GB1 empty_517_fu_828_reg_f : 0 0 : 3295 3295 : Used 1 time 0
 Sort Area is SubbandRealtimeTopQ610Ip_p_anonymous_namespace_RunRealtimeGSUMacPhaseFixedQ610_224_2_32_32_s__GB1 empty_518_fu_832_reg_10 : 0 0 : 3295 3295 : Used 1 time 0
 Sort Area is SubbandRealtimeTopQ610Ip_p_anonymous_namespace_RunRealtimeGSUMacPhaseFixedQ610_224_2_32_32_s__GB1 empty_519_fu_836_reg_11 : 0 0 : 3295 3295 : Used 1 time 0
 Sort Area is SubbandRealtimeTopQ610Ip_p_anonymous_namespace_RunRealtimeGSUMacPhaseFixedQ610_224_2_32_32_s__GB1 empty_520_fu_840_reg_12 : 0 0 : 3295 3295 : Used 1 time 0
 Sort Area is SubbandRealtimeTopQ610Ip_p_anonymous_namespace_RunRealtimeGSUMacPhaseFixedQ610_224_2_32_32_s__GB1 empty_521_fu_844_reg_13 : 0 0 : 3295 3295 : Used 1 time 0
 Sort Area is SubbandRealtimeTopQ610Ip_p_anonymous_namespace_RunRealtimeGSUMacPhaseFixedQ610_224_2_32_32_s__GB1 empty_522_fu_848_reg_14 : 0 0 : 3295 3295 : Used 1 time 0
 Sort Area is SubbandRealtimeTopQ610Ip_p_anonymous_namespace_RunRealtimeGSUMacPhaseFixedQ610_224_2_32_32_s__GB1 empty_523_fu_852_reg_15 : 0 0 : 3295 3295 : Used 1 time 0
 Sort Area is SubbandRealtimeTopQ610Ip_p_anonymous_namespace_RunRealtimeGSUMacPhaseFixedQ610_224_2_32_32_s__GB1 empty_524_fu_856_reg_16 : 0 0 : 3295 3295 : Used 1 time 0
 Sort Area is SubbandRealtimeTopQ610Ip_p_anonymous_namespace_RunRealtimeGSUMacPhaseFixedQ610_224_2_32_32_s__GB1 empty_525_fu_860_reg_17 : 0 0 : 3295 3295 : Used 1 time 0
 Sort Area is SubbandRealtimeTopQ610Ip_p_anonymous_namespace_RunRealtimeGSUMacPhaseFixedQ610_224_2_32_32_s__GB1 empty_526_fu_864_reg_18 : 0 0 : 3295 3295 : Used 1 time 0
 Sort Area is SubbandRealtimeTopQ610Ip_p_anonymous_namespace_RunRealtimeGSUMacPhaseFixedQ610_224_2_32_32_s__GB1 empty_527_fu_868_reg_19 : 0 0 : 3295 3295 : Used 1 time 0
 Sort Area is SubbandRealtimeTopQ610Ip_p_anonymous_namespace_RunRealtimeGSUMacPhaseFixedQ610_224_2_32_32_s__GB1 empty_528_fu_872_reg_1a : 0 0 : 3295 3295 : Used 1 time 0
 Sort Area is SubbandRealtimeTopQ610Ip_p_anonymous_namespace_RunRealtimeGSUMacPhaseFixedQ610_224_2_32_32_s__GB1 empty_529_fu_876_reg_1b : 0 0 : 3295 3295 : Used 1 time 0
 Sort Area is SubbandRealtimeTopQ610Ip_p_anonymous_namespace_RunRealtimeGSUMacPhaseFixedQ610_224_2_32_32_s__GB1 empty_530_fu_880_reg_1c : 0 0 : 3295 3295 : Used 1 time 0
 Sort Area is SubbandRealtimeTopQ610Ip_p_anonymous_namespace_RunRealtimeGSUMacPhaseFixedQ610_224_2_32_32_s__GB1 empty_531_fu_884_reg_1d : 0 0 : 3295 3295 : Used 1 time 0
 Sort Area is SubbandRealtimeTopQ610Ip_p_anonymous_namespace_RunRealtimeGSUMacPhaseFixedQ610_224_2_32_32_s__GB1 empty_532_fu_888_reg_1e : 0 0 : 3295 3295 : Used 1 time 0
 Sort Area is SubbandRealtimeTopQ610Ip_p_anonymous_namespace_RunRealtimeGSUMacPhaseFixedQ610_224_2_32_32_s__GB1 empty_533_fu_892_reg_1f : 0 0 : 3295 3295 : Used 1 time 0
 Sort Area is SubbandRealtimeTopQ610Ip_p_anonymous_namespace_RunRealtimeGSUMacPhaseFixedQ610_224_2_32_32_s__GB1 empty_534_fu_896_reg_20 : 0 0 : 3295 3295 : Used 1 time 0
 Sort Area is SubbandRealtimeTopQ610Ip_p_anonymous_namespace_RunRealtimeGSUMacPhaseFixedQ610_224_2_32_32_s__GB1 empty_535_fu_900_reg_21 : 0 0 : 3295 3295 : Used 1 time 0
 Sort Area is SubbandRealtimeTopQ610Ip_p_anonymous_namespace_RunRealtimeGSUMacPhaseFixedQ610_224_2_32_32_s__GB0 empty_536_fu_780_reg_23 : 0 0 : 3295 3295 : Used 1 time 0
 Sort Area is SubbandRealtimeTopQ610Ip_p_anonymous_namespace_RunRealtimeGSUMacPhaseFixedQ610_224_2_32_32_s__GB0 empty_537_fu_784_reg_24 : 0 0 : 3295 3295 : Used 1 time 0
 Sort Area is SubbandRealtimeTopQ610Ip_p_anonymous_namespace_RunRealtimeGSUMacPhaseFixedQ610_224_2_32_32_s__GB0 empty_538_fu_788_reg_25 : 0 0 : 3295 3295 : Used 1 time 0
 Sort Area is SubbandRealtimeTopQ610Ip_p_anonymous_namespace_RunRealtimeGSUMacPhaseFixedQ610_224_2_32_32_s__GB0 empty_539_fu_792_reg_26 : 0 0 : 3295 3295 : Used 1 time 0
 Sort Area is SubbandRealtimeTopQ610Ip_p_anonymous_namespace_RunRealtimeGSUMacPhaseFixedQ610_224_2_32_32_s__GB0 empty_540_fu_796_reg_27 : 0 0 : 3295 3295 : Used 1 time 0
 Sort Area is SubbandRealtimeTopQ610Ip_p_anonymous_namespace_RunRealtimeGSUMacPhaseFixedQ610_224_2_32_32_s__GB0 empty_541_fu_800_reg_28 : 0 0 : 3295 3295 : Used 1 time 0
 Sort Area is SubbandRealtimeTopQ610Ip_p_anonymous_namespace_RunRealtimeGSUMacPhaseFixedQ610_224_2_32_32_s__GB0 empty_542_fu_804_reg_29 : 0 0 : 3295 3295 : Used 1 time 0
 Sort Area is SubbandRealtimeTopQ610Ip_p_anonymous_namespace_RunRealtimeGSUMacPhaseFixedQ610_224_2_32_32_s__GB0 empty_543_fu_808_reg_2a : 0 0 : 3295 3295 : Used 1 time 0
 Sort Area is SubbandRealtimeTopQ610Ip_p_anonymous_namespace_RunRealtimeGSUMacPhaseFixedQ610_224_2_32_32_s__GB0 empty_544_fu_812_reg_2b : 0 0 : 3295 3295 : Used 1 time 0
 Sort Area is SubbandRealtimeTopQ610Ip_p_anonymous_namespace_RunRealtimeGSUMacPhaseFixedQ610_224_2_32_32_s__GB0 empty_545_fu_816_reg_2c : 0 0 : 3295 3295 : Used 1 time 0
 Sort Area is SubbandRealtimeTopQ610Ip_p_anonymous_namespace_RunRealtimeGSUMacPhaseFixedQ610_224_2_32_32_s__GB0 empty_546_fu_820_reg_2d : 0 0 : 3295 3295 : Used 1 time 0
 Sort Area is SubbandRealtimeTopQ610Ip_p_anonymous_namespace_RunRealtimeGSUMacPhaseFixedQ610_224_2_32_32_s__GB0 empty_547_fu_824_reg_2e : 0 0 : 3295 3295 : Used 1 time 0
 Sort Area is SubbandRealtimeTopQ610Ip_p_anonymous_namespace_RunRealtimeGSUMacPhaseFixedQ610_224_2_32_32_s__GB0 empty_548_fu_828_reg_2f : 0 0 : 3295 3295 : Used 1 time 0
 Sort Area is SubbandRealtimeTopQ610Ip_p_anonymous_namespace_RunRealtimeGSUMacPhaseFixedQ610_224_2_32_32_s__GB0 empty_549_fu_832_reg_30 : 0 0 : 3295 3295 : Used 1 time 0
 Sort Area is SubbandRealtimeTopQ610Ip_p_anonymous_namespace_RunRealtimeGSUMacPhaseFixedQ610_224_2_32_32_s__GB0 empty_550_fu_836_reg_31 : 0 0 : 3295 3295 : Used 1 time 0
 Sort Area is SubbandRealtimeTopQ610Ip_p_anonymous_namespace_RunRealtimeGSUMacPhaseFixedQ610_224_2_32_32_s__GB0 empty_551_fu_840_reg_32 : 0 0 : 3295 3295 : Used 1 time 0
 Sort Area is SubbandRealtimeTopQ610Ip_p_anonymous_namespace_RunRealtimeGSUMacPhaseFixedQ610_224_2_32_32_s__GB0 empty_552_fu_844_reg_33 : 0 0 : 3295 3295 : Used 1 time 0
 Sort Area is SubbandRealtimeTopQ610Ip_p_anonymous_namespace_RunRealtimeGSUMacPhaseFixedQ610_224_2_32_32_s__GB0 empty_553_fu_848_reg_34 : 0 0 : 3295 3295 : Used 1 time 0
 Sort Area is SubbandRealtimeTopQ610Ip_p_anonymous_namespace_RunRealtimeGSUMacPhaseFixedQ610_224_2_32_32_s__GB0 empty_554_fu_852_reg_35 : 0 0 : 3295 3295 : Used 1 time 0
 Sort Area is SubbandRealtimeTopQ610Ip_p_anonymous_namespace_RunRealtimeGSUMacPhaseFixedQ610_224_2_32_32_s__GB0 empty_555_fu_856_reg_36 : 0 0 : 3295 3295 : Used 1 time 0
 Sort Area is SubbandRealtimeTopQ610Ip_p_anonymous_namespace_RunRealtimeGSUMacPhaseFixedQ610_224_2_32_32_s__GB0 empty_556_fu_860_reg_37 : 0 0 : 3295 3295 : Used 1 time 0
 Sort Area is SubbandRealtimeTopQ610Ip_p_anonymous_namespace_RunRealtimeGSUMacPhaseFixedQ610_224_2_32_32_s__GB0 empty_557_fu_864_reg_38 : 0 0 : 3295 3295 : Used 1 time 0
 Sort Area is SubbandRealtimeTopQ610Ip_p_anonymous_namespace_RunRealtimeGSUMacPhaseFixedQ610_224_2_32_32_s__GB0 empty_558_fu_868_reg_39 : 0 0 : 3295 3295 : Used 1 time 0
 Sort Area is SubbandRealtimeTopQ610Ip_p_anonymous_namespace_RunRealtimeGSUMacPhaseFixedQ610_224_2_32_32_s__GB0 empty_559_fu_872_reg_3a : 0 0 : 3295 3295 : Used 1 time 0
 Sort Area is SubbandRealtimeTopQ610Ip_p_anonymous_namespace_RunRealtimeGSUMacPhaseFixedQ610_224_2_32_32_s__GB0 empty_560_fu_876_reg_3b : 0 0 : 3295 3295 : Used 1 time 0
 Sort Area is SubbandRealtimeTopQ610Ip_p_anonymous_namespace_RunRealtimeGSUMacPhaseFixedQ610_224_2_32_32_s__GB0 empty_561_fu_880_reg_3c : 0 0 : 3295 3295 : Used 1 time 0
 Sort Area is SubbandRealtimeTopQ610Ip_p_anonymous_namespace_RunRealtimeGSUMacPhaseFixedQ610_224_2_32_32_s__GB0 empty_562_fu_884_reg_3d : 0 0 : 3295 3295 : Used 1 time 0
 Sort Area is SubbandRealtimeTopQ610Ip_p_anonymous_namespace_RunRealtimeGSUMacPhaseFixedQ610_224_2_32_32_s__GB0 empty_563_fu_888_reg_3e : 0 0 : 3295 3295 : Used 1 time 0
 Sort Area is SubbandRealtimeTopQ610Ip_p_anonymous_namespace_RunRealtimeGSUMacPhaseFixedQ610_224_2_32_32_s__GB0 empty_564_fu_892_reg_3f : 0 0 : 3295 3295 : Used 1 time 0
 Sort Area is SubbandRealtimeTopQ610Ip_p_anonymous_namespace_RunRealtimeGSUMacPhaseFixedQ610_224_2_32_32_s__GB0 empty_565_fu_896_reg_40 : 0 0 : 3295 3295 : Used 1 time 0
 Sort Area is SubbandRealtimeTopQ610Ip_p_anonymous_namespace_RunRealtimeGSUMacPhaseFixedQ610_224_2_32_32_s__GB0 empty_566_fu_900_reg_41 : 0 0 : 3295 3295 : Used 1 time 0
 Sort Area is SubbandRealtimeTopQ610Ip_p_anonymous_namespace_RunRealtimeGSUMacPhaseFixedQ610_224_2_32_32_s__GB1 empty_567_fu_780_reg_23 : 0 0 : 3295 3295 : Used 1 time 0
 Sort Area is SubbandRealtimeTopQ610Ip_p_anonymous_namespace_RunRealtimeGSUMacPhaseFixedQ610_224_2_32_32_s__GB1 empty_568_fu_784_reg_24 : 0 0 : 3295 3295 : Used 1 time 0
 Sort Area is SubbandRealtimeTopQ610Ip_p_anonymous_namespace_RunRealtimeGSUMacPhaseFixedQ610_224_2_32_32_s__GB1 empty_569_fu_788_reg_25 : 0 0 : 3295 3295 : Used 1 time 0
 Sort Area is SubbandRealtimeTopQ610Ip_p_anonymous_namespace_RunRealtimeGSUMacPhaseFixedQ610_224_2_32_32_s__GB1 empty_570_fu_792_reg_26 : 0 0 : 3295 3295 : Used 1 time 0
 Sort Area is SubbandRealtimeTopQ610Ip_p_anonymous_namespace_RunRealtimeGSUMacPhaseFixedQ610_224_2_32_32_s__GB1 empty_571_fu_796_reg_27 : 0 0 : 3295 3295 : Used 1 time 0
 Sort Area is SubbandRealtimeTopQ610Ip_p_anonymous_namespace_RunRealtimeGSUMacPhaseFixedQ610_224_2_32_32_s__GB1 empty_572_fu_800_reg_28 : 0 0 : 3295 3295 : Used 1 time 0
 Sort Area is SubbandRealtimeTopQ610Ip_p_anonymous_namespace_RunRealtimeGSUMacPhaseFixedQ610_224_2_32_32_s__GB1 empty_573_fu_804_reg_29 : 0 0 : 3295 3295 : Used 1 time 0
 Sort Area is SubbandRealtimeTopQ610Ip_p_anonymous_namespace_RunRealtimeGSUMacPhaseFixedQ610_224_2_32_32_s__GB1 empty_574_fu_808_reg_2a : 0 0 : 3295 3295 : Used 1 time 0
 Sort Area is SubbandRealtimeTopQ610Ip_p_anonymous_namespace_RunRealtimeGSUMacPhaseFixedQ610_224_2_32_32_s__GB1 empty_575_fu_812_reg_2b : 0 0 : 3295 3295 : Used 1 time 0
 Sort Area is SubbandRealtimeTopQ610Ip_p_anonymous_namespace_RunRealtimeGSUMacPhaseFixedQ610_224_2_32_32_s__GB1 empty_576_fu_816_reg_2c : 0 0 : 3295 3295 : Used 1 time 0
 Sort Area is SubbandRealtimeTopQ610Ip_p_anonymous_namespace_RunRealtimeGSUMacPhaseFixedQ610_224_2_32_32_s__GB1 empty_577_fu_820_reg_2d : 0 0 : 3295 3295 : Used 1 time 0
 Sort Area is SubbandRealtimeTopQ610Ip_p_anonymous_namespace_RunRealtimeGSUMacPhaseFixedQ610_224_2_32_32_s__GB1 empty_578_fu_824_reg_2e : 0 0 : 3295 3295 : Used 1 time 0
 Sort Area is SubbandRealtimeTopQ610Ip_p_anonymous_namespace_RunRealtimeGSUMacPhaseFixedQ610_224_2_32_32_s__GB1 empty_579_fu_828_reg_2f : 0 0 : 3295 3295 : Used 1 time 0
 Sort Area is SubbandRealtimeTopQ610Ip_p_anonymous_namespace_RunRealtimeGSUMacPhaseFixedQ610_224_2_32_32_s__GB1 empty_580_fu_832_reg_30 : 0 0 : 3295 3295 : Used 1 time 0
 Sort Area is SubbandRealtimeTopQ610Ip_p_anonymous_namespace_RunRealtimeGSUMacPhaseFixedQ610_224_2_32_32_s__GB1 empty_581_fu_836_reg_31 : 0 0 : 3295 3295 : Used 1 time 0
 Sort Area is SubbandRealtimeTopQ610Ip_p_anonymous_namespace_RunRealtimeGSUMacPhaseFixedQ610_224_2_32_32_s__GB1 empty_582_fu_840_reg_32 : 0 0 : 3295 3295 : Used 1 time 0
 Sort Area is SubbandRealtimeTopQ610Ip_p_anonymous_namespace_RunRealtimeGSUMacPhaseFixedQ610_224_2_32_32_s__GB1 empty_583_fu_844_reg_33 : 0 0 : 3295 3295 : Used 1 time 0
 Sort Area is SubbandRealtimeTopQ610Ip_p_anonymous_namespace_RunRealtimeGSUMacPhaseFixedQ610_224_2_32_32_s__GB1 empty_584_fu_848_reg_34 : 0 0 : 3295 3295 : Used 1 time 0
 Sort Area is SubbandRealtimeTopQ610Ip_p_anonymous_namespace_RunRealtimeGSUMacPhaseFixedQ610_224_2_32_32_s__GB1 empty_585_fu_852_reg_35 : 0 0 : 3295 3295 : Used 1 time 0
 Sort Area is SubbandRealtimeTopQ610Ip_p_anonymous_namespace_RunRealtimeGSUMacPhaseFixedQ610_224_2_32_32_s__GB1 empty_586_fu_856_reg_36 : 0 0 : 3295 3295 : Used 1 time 0
 Sort Area is SubbandRealtimeTopQ610Ip_p_anonymous_namespace_RunRealtimeGSUMacPhaseFixedQ610_224_2_32_32_s__GB1 empty_587_fu_860_reg_37 : 0 0 : 3295 3295 : Used 1 time 0
 Sort Area is SubbandRealtimeTopQ610Ip_p_anonymous_namespace_RunRealtimeGSUMacPhaseFixedQ610_224_2_32_32_s__GB1 empty_588_fu_864_reg_38 : 0 0 : 3295 3295 : Used 1 time 0
 Sort Area is SubbandRealtimeTopQ610Ip_p_anonymous_namespace_RunRealtimeGSUMacPhaseFixedQ610_224_2_32_32_s__GB1 empty_589_fu_868_reg_39 : 0 0 : 3295 3295 : Used 1 time 0
 Sort Area is SubbandRealtimeTopQ610Ip_p_anonymous_namespace_RunRealtimeGSUMacPhaseFixedQ610_224_2_32_32_s__GB1 empty_590_fu_872_reg_3a : 0 0 : 3295 3295 : Used 1 time 0
 Sort Area is SubbandRealtimeTopQ610Ip_p_anonymous_namespace_RunRealtimeGSUMacPhaseFixedQ610_224_2_32_32_s__GB1 empty_591_fu_876_reg_3b : 0 0 : 3295 3295 : Used 1 time 0
 Sort Area is SubbandRealtimeTopQ610Ip_p_anonymous_namespace_RunRealtimeGSUMacPhaseFixedQ610_224_2_32_32_s__GB1 empty_592_fu_880_reg_3c : 0 0 : 3295 3295 : Used 1 time 0
 Sort Area is SubbandRealtimeTopQ610Ip_p_anonymous_namespace_RunRealtimeGSUMacPhaseFixedQ610_224_2_32_32_s__GB1 empty_593_fu_884_reg_3d : 0 0 : 3295 3295 : Used 1 time 0
 Sort Area is SubbandRealtimeTopQ610Ip_p_anonymous_namespace_RunRealtimeGSUMacPhaseFixedQ610_224_2_32_32_s__GB1 empty_594_fu_888_reg_3e : 0 0 : 3295 3295 : Used 1 time 0
 Sort Area is SubbandRealtimeTopQ610Ip_p_anonymous_namespace_RunRealtimeGSUMacPhaseFixedQ610_224_2_32_32_s__GB1 empty_595_fu_892_reg_3f : 0 0 : 3295 3295 : Used 1 time 0
 Sort Area is SubbandRealtimeTopQ610Ip_p_anonymous_namespace_RunRealtimeGSUMacPhaseFixedQ610_224_2_32_32_s__GB1 empty_596_fu_896_reg_40 : 0 0 : 3295 3295 : Used 1 time 0
 Sort Area is SubbandRealtimeTopQ610Ip_p_anonymous_namespace_RunRealtimeGSUMacPhaseFixedQ610_224_2_32_32_s__GB1 empty_597_fu_900_reg_41 : 0 0 : 3295 3295 : Used 1 time 0
 Sort Area is SubbandRealtimeTopQ610Ip_p_anonymous_namespace_RunRealtimeGSUMacPhaseFixedQ610_224_2_32_32_s__GB0 empty_598_fu_780_reg_2 : 0 0 : 3295 3295 : Used 1 time 0
 Sort Area is SubbandRealtimeTopQ610Ip_p_anonymous_namespace_RunRealtimeGSUMacPhaseFixedQ610_224_2_32_32_s__GB0 empty_599_fu_784_reg_4 : 0 0 : 3295 3295 : Used 1 time 0
 Sort Area is SubbandRealtimeTopQ610Ip_p_anonymous_namespace_RunRealtimeGSUMacPhaseFixedQ610_224_2_32_32_s__GB0 empty_600_fu_788_reg_5 : 0 0 : 3295 3295 : Used 1 time 0
 Sort Area is SubbandRealtimeTopQ610Ip_p_anonymous_namespace_RunRealtimeGSUMacPhaseFixedQ610_224_2_32_32_s__GB0 empty_601_fu_792_reg_6 : 0 0 : 3295 3295 : Used 1 time 0
 Sort Area is SubbandRealtimeTopQ610Ip_p_anonymous_namespace_RunRealtimeGSUMacPhaseFixedQ610_224_2_32_32_s__GB0 empty_602_fu_796_reg_7 : 0 0 : 3295 3295 : Used 1 time 0
 Sort Area is SubbandRealtimeTopQ610Ip_p_anonymous_namespace_RunRealtimeGSUMacPhaseFixedQ610_224_2_32_32_s__GB0 empty_603_fu_800_reg_8 : 0 0 : 3295 3295 : Used 1 time 0
 Sort Area is SubbandRealtimeTopQ610Ip_p_anonymous_namespace_RunRealtimeGSUMacPhaseFixedQ610_224_2_32_32_s__GB0 empty_604_fu_804_reg_9 : 0 0 : 3295 3295 : Used 1 time 0
 Sort Area is SubbandRealtimeTopQ610Ip_p_anonymous_namespace_RunRealtimeGSUMacPhaseFixedQ610_224_2_32_32_s__GB0 empty_605_fu_808_reg_a : 0 0 : 3295 3295 : Used 1 time 0
 Sort Area is SubbandRealtimeTopQ610Ip_p_anonymous_namespace_RunRealtimeGSUMacPhaseFixedQ610_224_2_32_32_s__GB0 empty_606_fu_812_reg_b : 0 0 : 3295 3295 : Used 1 time 0
 Sort Area is SubbandRealtimeTopQ610Ip_p_anonymous_namespace_RunRealtimeGSUMacPhaseFixedQ610_224_2_32_32_s__GB0 empty_607_fu_816_reg_c : 0 0 : 3295 3295 : Used 1 time 0
 Sort Area is SubbandRealtimeTopQ610Ip_p_anonymous_namespace_RunRealtimeGSUMacPhaseFixedQ610_224_2_32_32_s__GB0 empty_608_fu_820_reg_d : 0 0 : 3295 3295 : Used 1 time 0
 Sort Area is SubbandRealtimeTopQ610Ip_p_anonymous_namespace_RunRealtimeGSUMacPhaseFixedQ610_224_2_32_32_s__GB0 empty_609_fu_824_reg_e : 0 0 : 3295 3295 : Used 1 time 0
 Sort Area is SubbandRealtimeTopQ610Ip_p_anonymous_namespace_RunRealtimeGSUMacPhaseFixedQ610_224_2_32_32_s__GB0 empty_610_fu_828_reg_f : 0 0 : 3295 3295 : Used 1 time 0
 Sort Area is SubbandRealtimeTopQ610Ip_p_anonymous_namespace_RunRealtimeGSUMacPhaseFixedQ610_224_2_32_32_s__GB0 empty_611_fu_832_reg_10 : 0 0 : 3295 3295 : Used 1 time 0
 Sort Area is SubbandRealtimeTopQ610Ip_p_anonymous_namespace_RunRealtimeGSUMacPhaseFixedQ610_224_2_32_32_s__GB0 empty_612_fu_836_reg_11 : 0 0 : 3295 3295 : Used 1 time 0
 Sort Area is SubbandRealtimeTopQ610Ip_p_anonymous_namespace_RunRealtimeGSUMacPhaseFixedQ610_224_2_32_32_s__GB0 empty_613_fu_840_reg_12 : 0 0 : 3295 3295 : Used 1 time 0
 Sort Area is SubbandRealtimeTopQ610Ip_p_anonymous_namespace_RunRealtimeGSUMacPhaseFixedQ610_224_2_32_32_s__GB0 empty_614_fu_844_reg_13 : 0 0 : 3295 3295 : Used 1 time 0
 Sort Area is SubbandRealtimeTopQ610Ip_p_anonymous_namespace_RunRealtimeGSUMacPhaseFixedQ610_224_2_32_32_s__GB0 empty_615_fu_848_reg_14 : 0 0 : 3295 3295 : Used 1 time 0
 Sort Area is SubbandRealtimeTopQ610Ip_p_anonymous_namespace_RunRealtimeGSUMacPhaseFixedQ610_224_2_32_32_s__GB0 empty_616_fu_852_reg_15 : 0 0 : 3295 3295 : Used 1 time 0
 Sort Area is SubbandRealtimeTopQ610Ip_p_anonymous_namespace_RunRealtimeGSUMacPhaseFixedQ610_224_2_32_32_s__GB0 empty_617_fu_856_reg_16 : 0 0 : 3295 3295 : Used 1 time 0
 Sort Area is SubbandRealtimeTopQ610Ip_p_anonymous_namespace_RunRealtimeGSUMacPhaseFixedQ610_224_2_32_32_s__GB0 empty_618_fu_860_reg_17 : 0 0 : 3295 3295 : Used 1 time 0
 Sort Area is SubbandRealtimeTopQ610Ip_p_anonymous_namespace_RunRealtimeGSUMacPhaseFixedQ610_224_2_32_32_s__GB0 empty_619_fu_864_reg_18 : 0 0 : 3295 3295 : Used 1 time 0
 Sort Area is SubbandRealtimeTopQ610Ip_p_anonymous_namespace_RunRealtimeGSUMacPhaseFixedQ610_224_2_32_32_s__GB0 empty_620_fu_868_reg_19 : 0 0 : 3295 3295 : Used 1 time 0
 Sort Area is SubbandRealtimeTopQ610Ip_p_anonymous_namespace_RunRealtimeGSUMacPhaseFixedQ610_224_2_32_32_s__GB0 empty_621_fu_872_reg_1a : 0 0 : 3295 3295 : Used 1 time 0
 Sort Area is SubbandRealtimeTopQ610Ip_p_anonymous_namespace_RunRealtimeGSUMacPhaseFixedQ610_224_2_32_32_s__GB0 empty_622_fu_876_reg_1b : 0 0 : 3295 3295 : Used 1 time 0
 Sort Area is SubbandRealtimeTopQ610Ip_p_anonymous_namespace_RunRealtimeGSUMacPhaseFixedQ610_224_2_32_32_s__GB0 empty_623_fu_880_reg_1c : 0 0 : 3295 3295 : Used 1 time 0
 Sort Area is SubbandRealtimeTopQ610Ip_p_anonymous_namespace_RunRealtimeGSUMacPhaseFixedQ610_224_2_32_32_s__GB0 empty_624_fu_884_reg_1d : 0 0 : 3295 3295 : Used 1 time 0
 Sort Area is SubbandRealtimeTopQ610Ip_p_anonymous_namespace_RunRealtimeGSUMacPhaseFixedQ610_224_2_32_32_s__GB0 empty_625_fu_888_reg_1e : 0 0 : 3295 3295 : Used 1 time 0
 Sort Area is SubbandRealtimeTopQ610Ip_p_anonymous_namespace_RunRealtimeGSUMacPhaseFixedQ610_224_2_32_32_s__GB0 empty_626_fu_892_reg_1f : 0 0 : 3295 3295 : Used 1 time 0
 Sort Area is SubbandRealtimeTopQ610Ip_p_anonymous_namespace_RunRealtimeGSUMacPhaseFixedQ610_224_2_32_32_s__GB0 empty_627_fu_896_reg_20 : 0 0 : 3295 3295 : Used 1 time 0
 Sort Area is SubbandRealtimeTopQ610Ip_p_anonymous_namespace_RunRealtimeGSUMacPhaseFixedQ610_224_2_32_32_s__GB0 empty_628_fu_900_reg_21 : 0 0 : 3295 3295 : Used 1 time 0
 Sort Area is SubbandRealtimeTopQ610Ip_p_anonymous_namespace_RunRealtimeBandQ610__GCB0 empty_fu_776_reg_0 : 0 0 : 2288 2288 : Used 1 time 0
 Sort Area is SubbandRealtimeTopQ610Ip_p_anonymous_namespace_RunRealtimeGSUMacPhaseFixedQ610_224_2_32_32_s__GB0 empty_fu_776_reg_0 : 0 0 : 2288 2288 : Used 1 time 0
 Sort Area is SubbandRealtimeTopQ610Ip_p_anonymous_namespace_RunRealtimeGSUMacPhaseFixedQ610_224_2_32_32_s__GB1 empty_fu_776_reg_0 : 0 0 : 2288 2288 : Used 1 time 0
 Sort Area is SubbandRealtimeTopQ610Ip_p_anonymous_namespace_RunRealtimeGSUMacPhaseFixedQ610_224_2_32_32_s__GB0 empty_fu_776_reg_22 : 0 0 : 2288 2288 : Used 1 time 0
 Sort Area is SubbandRealtimeTopQ610Ip_p_anonymous_namespace_RunRealtimeGSUMacPhaseFixedQ610_224_2_32_32_s__GB1 empty_fu_776_reg_22 : 0 0 : 2288 2288 : Used 1 time 0
 Sort Area is SubbandRealtimeTopQ610Ip_p_anonymous_namespace_RunRealtimeBandQ610__GCB0 ama_addmuladd_12ns_3ns_7ns_12ns_12_4_1_U5489/SubbandRealtimeTopQ610Ip_ama_addmuladd_12ns_3ns_7ns_12ns_12_4_1_DSP48_2_U/p_reg_reg_24 : 0 0 : 1135 1135 : Used 1 time 0
 Sort Area is SubbandRealtimeTopQ610Ip_p_anonymous_namespace_RunRealtimeBandQ610__GCB0 ama_addmuladd_12ns_3ns_7ns_12ns_12_4_1_U5489/SubbandRealtimeTopQ610Ip_ama_addmuladd_12ns_3ns_7ns_12ns_12_4_1_DSP48_2_U/ad_reg_reg_22 : 0 0 : 452 452 : Used 1 time 0
INFO: [Synth 8-5775] Found 'rw_addr_collision' attribute set to 'no' on SDP RAM gen_wr_a.gen_word_narrow.mem_reg. Setting write mode to NO_CHANGE 
INFO: [Synth 8-5775] Found 'rw_addr_collision' attribute set to 'no' on SDP RAM gen_wr_a.gen_word_narrow.mem_reg. Setting write mode to NO_CHANGE 
INFO: [Synth 8-5775] Found 'rw_addr_collision' attribute set to 'no' on SDP RAM gen_wr_a.gen_word_narrow.mem_reg. Setting write mode to NO_CHANGE 
---------------------------------------------------------------------------------
Start ROM, RAM, DSP, Shift Register and Retiming Reporting
---------------------------------------------------------------------------------

ROM: Preliminary Mapping Report
+----------------------------------------------------------------------------------------------------------+------------+---------------+----------------+
|Module Name                                                                                               | RTL Object | Depth x Width | Implemented As | 
+----------------------------------------------------------------------------------------------------------+------------+---------------+----------------+
|SubbandRealtimeTopQ610Ip_p_anonymous_namespace_RunGSUGatePhaseBand0Q610_Pipeline_VITIS_LOOP_1887_1_subcud | rom0       | 32x11         | LUT            | 
|SubbandRealtimeTopQ610Ip_p_anonymous_namespace_RunGSUGatePhaseBand0Q610_Pipeline_VITIS_LOOP_1887_1_subcud | rom0       | 32x11         | LUT            | 
|SubbandRealtimeTopQ610Ip_p_anonymous_namespace_RunGSUGatePhaseBand0Q610_Pipeline_VITIS_LOOP_1887_1_subcud | rom1       | 32x11         | LUT            | 
|SubbandRealtimeTopQ610Ip_p_anonymous_namespace_RunGSUGatePhaseBand0Q610_Pipeline_VITIS_LOOP_1887_1_subcud | rom1       | 32x11         | LUT            | 
+----------------------------------------------------------------------------------------------------------+------------+---------------+----------------+


Block RAM: Preliminary Mapping Report (see note below)
+----------------------------------------------------------------------------------------------------------------------------------------------------------------------------------------------------------------------------------------+-------------------------------------------------------------------------------------------+------------------------+---+---+------------------------+---+---+------------------+--------+--------+
|Module Name                                                                                                                                                                                                                             | RTL Object                                                                                | PORT A (Depth x Width) | W | R | PORT B (Depth x Width) | W | R | Ports driving FF | RAMB18 | RAMB36 | 
+----------------------------------------------------------------------------------------------------------------------------------------------------------------------------------------------------------------------------------------+-------------------------------------------------------------------------------------------+------------------------+---+---+------------------------+---+---+------------------+--------+--------+
|SubbandRealtimeTopQ610Ip_p_anonymous_namespace_RunRealtimeGSULayersSharedBandQ610__GCB0                                                                                                                                                 | RunSubbandRealtimeTopCoreQ610_stream_stream_ap_uint_const_int_bool_stream_la_7_U/ram_reg  | 3 K x 16(READ_FIRST)   | W |   | 3 K x 16(WRITE_FIRST)  |   | R | Port A and B     | 0      | 2      | 
|SubbandRealtimeTopQ610Ip_p_anonymous_namespace_RunRealtimeGSULayersSharedBandQ610__GCB0                                                                                                                                                 | RunSubbandRealtimeTopCoreQ610_stream_stream_ap_uint_const_int_bool_stream_la_6_U/ram_reg  | 3 K x 16(READ_FIRST)   | W |   | 3 K x 16(WRITE_FIRST)  |   | R | Port A and B     | 0      | 2      | 
|SubbandRealtimeTopQ610Ip_p_anonymous_namespace_RunRealtimeGSULayersSharedBandQ610__GCB1                                                                                                                                                 | RunSubbandRealtimeTopCoreQ610_stream_stream_ap_uint_const_int_bool_stream_bn_2_U/ram_reg  | 112 x 16(NO_CHANGE)    | W |   | 112 x 16(READ_FIRST)   | W | R | Port A and B     | 1      | 0      | 
|SubbandRealtimeTopQ610Ip_p_anonymous_namespace_RunRealtimeGSULayersSharedBandQ610__GCB1                                                                                                                                                 | RunSubbandRealtimeTopCoreQ610_stream_stream_ap_uint_const_int_bool_stream_bn_3_U/ram_reg  | 112 x 16(NO_CHANGE)    | W |   | 112 x 16(READ_FIRST)   | W | R | Port A and B     | 1      | 0      | 
|SubbandRealtimeTopQ610Ip_p_anonymous_namespace_RunRealtimeGSULayersSharedBandQ610__GCB1                                                                                                                                                 | RunSubbandRealtimeTopCoreQ610_stream_stream_ap_uint_const_int_bool_stream_bn_U/ram_reg    | 112 x 16(NO_CHANGE)    | W |   | 112 x 16(READ_FIRST)   | W | R | Port A and B     | 1      | 0      | 
|SubbandRealtimeTopQ610Ip_p_anonymous_namespace_RunRealtimeGSULayersSharedBandQ610__GCB1                                                                                                                                                 | RunSubbandRealtimeTopCoreQ610_stream_stream_ap_uint_const_int_bool_stream_bn_1_U/ram_reg  | 112 x 16(NO_CHANGE)    | W |   | 112 x 16(READ_FIRST)   | W | R | Port A and B     | 1      | 0      | 
|SubbandRealtimeTopQ610Ip_p_anonymous_namespace_RunRealtimeGSULayersSharedBandQ610__GCB1                                                                                                                                                 | RunSubbandRealtimeTopCoreQ610_stream_stream_ap_uint_const_int_bool_stream_bi_U/ram_reg    | 224 x 16(READ_FIRST)   | W | R | 224 x 16(READ_FIRST)   | W | R | Port A and B     | 1      | 0      | 
|SubbandRealtimeTopQ610Ip_p_anonymous_namespace_RunRealtimeGSULayersSharedBandQ610__GCB1                                                                                                                                                 | RunSubbandRealtimeTopCoreQ610_stream_stream_ap_uint_const_int_bool_stream_bi_1_U/ram_reg  | 224 x 16(READ_FIRST)   | W | R | 224 x 16(READ_FIRST)   | W | R | Port A and B     | 1      | 0      | 
|SubbandRealtimeTopQ610Ip_p_anonymous_namespace_RunRealtimeGSULayersSharedBandQ610__GCB1                                                                                                                                                 | RunSubbandRealtimeTopCoreQ610_stream_stream_ap_uint_const_int_bool_stream_we_2_U/ram_reg  | 784 x 512(READ_FIRST)  | W |   | 784 x 512(WRITE_FIRST) |   | R | Port A and B     | 1      | 14     | 
|SubbandRealtimeTopQ610Ip_p_anonymous_namespace_RunRealtimeGSULayersSharedBandQ610__GCB1                                                                                                                                                 | RunSubbandRealtimeTopCoreQ610_stream_stream_ap_uint_const_int_bool_stream_we_3_U/ram_reg  | 784 x 512(READ_FIRST)  | W |   | 784 x 512(WRITE_FIRST) |   | R | Port A and B     | 1      | 14     | 
|SubbandRealtimeTopQ610Ip_p_anonymous_namespace_RunRealtimeGSULayersSharedBandQ610__GCB1                                                                                                                                                 | RunSubbandRealtimeTopCoreQ610_stream_stream_ap_uint_const_int_bool_stream_we_U/ram_reg    | 784 x 512(READ_FIRST)  | W |   | 784 x 512(WRITE_FIRST) |   | R | Port A and B     | 1      | 14     | 
|SubbandRealtimeTopQ610Ip_p_anonymous_namespace_RunRealtimeGSULayersSharedBandQ610__GCB1                                                                                                                                                 | RunSubbandRealtimeTopCoreQ610_stream_stream_ap_uint_const_int_bool_stream_we_1_U/ram_reg  | 784 x 512(READ_FIRST)  | W |   | 784 x 512(WRITE_FIRST) |   | R | Port A and B     | 1      | 14     | 
|SubbandRealtimeTopQ610Ip_p_anonymous_namespace_RunRealtimeBandQ610__GCB0                                                                                                                                                                | RunSubbandRealtimeTopCoreQ610_stream_stream_ap_uint_const_int_bool_stream_la_1_U/ram_reg  | 3 K x 16(READ_FIRST)   | W |   | 3 K x 16(WRITE_FIRST)  |   | R | Port A and B     | 0      | 2      | 
|SubbandRealtimeTopQ610Ip_p_anonymous_namespace_RunRealtimeBandQ610__GCB0                                                                                                                                                                | RunSubbandRealtimeTopCoreQ610_stream_stream_ap_uint_const_int_bool_stream_la_U/ram_reg    | 3 K x 16(READ_FIRST)   | W |   | 3 K x 16(WRITE_FIRST)  |   | R | Port A and B     | 0      | 2      | 
|SubbandRealtimeTopQ610Ip_p_anonymous_namespace_RunRealtimeBandQ610__GCB0                                                                                                                                                                | RunSubbandRealtimeTopCoreQ610_stream_stream_ap_uint_const_int_bool_stream_pr_U/ram_reg    | 1 K x 512(READ_FIRST)  | W |   | 1 K x 512(WRITE_FIRST) |   | R | Port A and B     | 1      | 28     | 
|realtime_dma_bd_i/subband_realtime_0                                                                                                                                                                                                    | RunSubbandRealtimeTopCoreQ610_stream_stream_ap_uint_const_int_bool_stream_pr_1_U/ram_reg  | 24 x 16(NO_CHANGE)     | W |   | 24 x 16(READ_FIRST)    | W | R | Port A and B     | 1      | 0      | 
|realtime_dma_bd_i/subband_realtime_0                                                                                                                                                                                                    | RunSubbandRealtimeTopCoreQ610_stream_stream_ap_uint_const_int_bool_stream_pr_2_U/ram_reg  | 24 x 16(NO_CHANGE)     | W |   | 24 x 16(READ_FIRST)    | W | R | Port A and B     | 1      | 0      | 
|realtime_dma_bd_i/subband_realtime_0                                                                                                                                                                                                    | RunSubbandRealtimeTopCoreQ610_stream_stream_ap_uint_const_int_bool_stream_pr_3_U/ram_reg  | 24 x 16(NO_CHANGE)     | W |   | 24 x 16(READ_FIRST)    | W | R | Port A and B     | 1      | 0      | 
|realtime_dma_bd_i/subband_realtime_0                                                                                                                                                                                                    | RunSubbandRealtimeTopCoreQ610_stream_stream_ap_uint_const_int_bool_stream_pr_4_U/ram_reg  | 24 x 16(NO_CHANGE)     | W |   | 24 x 16(READ_FIRST)    | W | R | Port A and B     | 1      | 0      | 
|realtime_dma_bd_i/subband_realtime_0                                                                                                                                                                                                    | RunSubbandRealtimeTopCoreQ610_stream_stream_ap_uint_const_int_bool_stream_pr_5_U/ram_reg  | 24 x 16(NO_CHANGE)     | W |   | 24 x 16(READ_FIRST)    | W | R | Port A and B     | 1      | 0      | 
|realtime_dma_bd_i/subband_realtime_0                                                                                                                                                                                                    | RunSubbandRealtimeTopCoreQ610_stream_stream_ap_uint_const_int_bool_stream_pr_6_U/ram_reg  | 24 x 16(NO_CHANGE)     | W |   | 24 x 16(READ_FIRST)    | W | R | Port A and B     | 1      | 0      | 
|realtime_dma_bd_i/subband_realtime_0                                                                                                                                                                                                    | RunSubbandRealtimeTopCoreQ610_stream_stream_ap_uint_const_int_bool_stream_pr_7_U/ram_reg  | 24 x 16(NO_CHANGE)     | W |   | 24 x 16(READ_FIRST)    | W | R | Port A and B     | 1      | 0      | 
|realtime_dma_bd_i/subband_realtime_0                                                                                                                                                                                                    | RunSubbandRealtimeTopCoreQ610_stream_stream_ap_uint_const_int_bool_stream_pr_8_U/ram_reg  | 24 x 16(NO_CHANGE)     | W |   | 24 x 16(READ_FIRST)    | W | R | Port A and B     | 1      | 0      | 
|realtime_dma_bd_i/subband_realtime_0                                                                                                                                                                                                    | noisy_chunk_U/ram_reg                                                                     | 1 K x 16(READ_FIRST)   | W |   | 1 K x 16(WRITE_FIRST)  |   | R | Port A and B     | 1      | 0      | 
|realtime_dma_bd_i/subband_realtime_0                                                                                                                                                                                                    | fb_chunk_U/ram_reg                                                                        | 1 K x 16(READ_FIRST)   | W |   | 1 K x 16(WRITE_FIRST)  |   | R | Port A and B     | 1      | 0      | 
|realtime_dma_bd_i/subband_realtime_0                                                                                                                                                                                                    | RunSubbandRealtimeTopCoreQ610_stream_stream_ap_uint_const_int_bool_stream_la_9_U/ram_reg  | 2 K x 16(READ_FIRST)   | W |   | 2 K x 16(WRITE_FIRST)  |   | R | Port A and B     | 0      | 2      | 
|realtime_dma_bd_i/subband_realtime_0                                                                                                                                                                                                    | RunSubbandRealtimeTopCoreQ610_stream_stream_ap_uint_const_int_bool_stream_la_11_U/ram_reg | 2 K x 16(READ_FIRST)   | W |   | 2 K x 16(WRITE_FIRST)  |   | R | Port A and B     | 0      | 2      | 
|realtime_dma_bd_i/subband_realtime_0                                                                                                                                                                                                    | RunSubbandRealtimeTopCoreQ610_stream_stream_ap_uint_const_int_bool_stream_la_3_U/ram_reg  | 2 K x 16(READ_FIRST)   | W |   | 2 K x 16(WRITE_FIRST)  |   | R | Port A and B     | 0      | 2      | 
|realtime_dma_bd_i/subband_realtime_0                                                                                                                                                                                                    | RunSubbandRealtimeTopCoreQ610_stream_stream_ap_uint_const_int_bool_stream_la_5_U/ram_reg  | 2 K x 16(READ_FIRST)   | W |   | 2 K x 16(WRITE_FIRST)  |   | R | Port A and B     | 0      | 2      | 
|realtime_dma_bd_i/subband_realtime_0                                                                                                                                                                                                    | RunSubbandRealtimeTopCoreQ610_stream_stream_ap_uint_const_int_bool_stream_la_8_U/ram_reg  | 2 K x 16(READ_FIRST)   | W |   | 2 K x 16(WRITE_FIRST)  |   | R | Port A and B     | 0      | 2      | 
|realtime_dma_bd_i/subband_realtime_0                                                                                                                                                                                                    | RunSubbandRealtimeTopCoreQ610_stream_stream_ap_uint_const_int_bool_stream_la_10_U/ram_reg | 2 K x 16(READ_FIRST)   | W |   | 2 K x 16(WRITE_FIRST)  |   | R | Port A and B     | 0      | 2      | 
|realtime_dma_bd_i/subband_realtime_0                                                                                                                                                                                                    | RunSubbandRealtimeTopCoreQ610_stream_stream_ap_uint_const_int_bool_stream_la_2_U/ram_reg  | 2 K x 16(READ_FIRST)   | W |   | 2 K x 16(WRITE_FIRST)  |   | R | Port A and B     | 0      | 2      | 
|realtime_dma_bd_i/subband_realtime_0                                                                                                                                                                                                    | RunSubbandRealtimeTopCoreQ610_stream_stream_ap_uint_const_int_bool_stream_la_4_U/ram_reg  | 2 K x 16(READ_FIRST)   | W |   | 2 K x 16(WRITE_FIRST)  |   | R | Port A and B     | 0      | 2      | 
|realtime_dma_bd_i/subband_realtime_0                                                                                                                                                                                                    | output_chunk_U/ram_reg                                                                    | 4 K x 16(READ_FIRST)   | W |   | 4 K x 16(WRITE_FIRST)  |   | R | Port A and B     | 0      | 4      | 
|realtime_dma_bd_i/subband_realtime_0/insti_9/weights_m_axi_U                                                                                                                                                                            | load_unit/buff_rdata/U_fifo_mem/mem_reg                                                   | 15 x 258(READ_FIRST)   | W |   | 15 x 258(WRITE_FIRST)  |   | R | Port A and B     | 0      | 4      | 
|axi_dma0/U0/\I_PRMRY_DATAMOVER/GEN_MM2S_FULL.I_MM2S_FULL_WRAPPER/GEN_INCLUDE_MM2S_SF.I_RD_SF/I_DATA_FIFO/BLK_MEM.I_SYNC_FIFOGEN_FIFO/xpm_fifo_instance.xpm_fifo_sync_inst /xpm_fifo_base_inst/\gen_sdpram.xpm_memory_base_inst          | gen_wr_a.gen_word_narrow.mem_reg                                                          | 128 x 39(NO_CHANGE)    | W |   | 128 x 39(NO_CHANGE)    |   | R | Port A and B     | 0      | 1      | 
|axi_dma0/U0/\I_PRMRY_DATAMOVER/GEN_S2MM_FULL.I_S2MM_FULL_WRAPPER/GEN_ENABLE_INDET_BTT_SF.I_INDET_BTT/I_DATA_FIFO/BLK_MEM.I_SYNC_FIFOGEN_FIFO/xpm_fifo_instance.xpm_fifo_sync_inst /xpm_fifo_base_inst/\gen_sdpram.xpm_memory_base_inst  | gen_wr_a.gen_word_narrow.mem_reg                                                          | 128 x 38(NO_CHANGE)    | W |   | 128 x 38(NO_CHANGE)    |   | R | Port A and B     | 0      | 1      | 
|axi_dma1/U0/\I_PRMRY_DATAMOVER/GEN_MM2S_FULL.I_MM2S_FULL_WRAPPER/GEN_INCLUDE_MM2S_SF.I_RD_SF/I_DATA_FIFO/BLK_MEM.I_SYNC_FIFOGEN_FIFO/xpm_fifo_instance.xpm_fifo_sync_inst /xpm_fifo_base_inst/\gen_sdpram.xpm_memory_base_inst          | gen_wr_a.gen_word_narrow.mem_reg                                                          | 128 x 39(NO_CHANGE)    | W |   | 128 x 39(NO_CHANGE)    |   | R | Port A and B     | 0      | 1      | 
+----------------------------------------------------------------------------------------------------------------------------------------------------------------------------------------------------------------------------------------+-------------------------------------------------------------------------------------------+------------------------+---+---+------------------------+---+---+------------------+--------+--------+

Note: The table above is a preliminary report that shows the Block RAMs at the current stage of the synthesis flow. Some Block RAMs may be reimplemented as non Block RAM primitives later in the synthesis flow. Multiple instantiated Block RAMs are reported only once. 

Distributed RAM: Preliminary Mapping Report (see note below)
+------------------------------------------------------------------------------------------------------------------------------------------------------------------------------------------------------------------------------------------+----------------------------------+----------------+----------------------+---------------+
|Module Name                                                                                                                                                                                                                               | RTL Object                       | Inference      | Size (Depth x Width) | Primitives    | 
+------------------------------------------------------------------------------------------------------------------------------------------------------------------------------------------------------------------------------------------+----------------------------------+----------------+----------------------+---------------+
|\m00_nodes/m00_ar_node/inst /\inst_mi_handler/gen_normal_area.inst_fifo_node_payld/gen_xpm_memory_fifo.inst_fifo/gen_mem_rep[0].inst_xpm_memory /xpm_memory_base_inst                                                                     | gen_wr_a.gen_word_narrow.mem_reg | User Attribute | 32 x 161             | RAM32M x 27   | 
|\m00_nodes/m00_aw_node/inst /\inst_mi_handler/gen_normal_area.inst_fifo_node_payld/gen_xpm_memory_fifo.inst_fifo/gen_mem_rep[0].inst_xpm_memory /xpm_memory_base_inst                                                                     | gen_wr_a.gen_word_narrow.mem_reg | User Attribute | 32 x 161             | RAM32M x 27   | 
|\m00_nodes/m00_b_node/inst /\inst_mi_handler/gen_normal_area.gen_fifo_req.inst_fifo_req/gen_xpm_memory_fifo.inst_fifo/gen_mem_rep[0].inst_xpm_memory /xpm_memory_base_inst                                                                | gen_wr_a.gen_word_narrow.mem_reg | User Attribute | 32 x 21              | RAM32M x 4    | 
|\m00_nodes/m00_b_node/inst /\inst_mi_handler/gen_normal_area.inst_fifo_node_payld/gen_xpm_memory_fifo.inst_fifo/gen_mem_rep[0].inst_xpm_memory /xpm_memory_base_inst                                                                      | gen_wr_a.gen_word_narrow.mem_reg | User Attribute | 32 x 10              | RAM32M x 2    | 
|\m00_nodes/m00_r_node/inst /\inst_mi_handler/gen_normal_area.gen_fifo_req.inst_fifo_req/gen_xpm_memory_fifo.inst_fifo/gen_mem_rep[0].inst_xpm_memory /xpm_memory_base_inst                                                                | gen_wr_a.gen_word_narrow.mem_reg | User Attribute | 32 x 21              | RAM32M x 4    | 
|\m00_nodes/m00_r_node/inst /\inst_mi_handler/gen_normal_area.inst_fifo_node_payld/gen_xpm_memory_fifo.inst_fifo/gen_mem_rep[0].inst_xpm_memory /xpm_memory_base_inst                                                                      | gen_wr_a.gen_word_narrow.mem_reg | User Attribute | 32 x 140             | RAM32M x 24   | 
|\m00_nodes/m00_r_node/inst /\inst_mi_handler/gen_normal_area.inst_fifo_node_payld/gen_xpm_memory_fifo.inst_fifo/gen_mem_rep[1].inst_xpm_memory /xpm_memory_base_inst                                                                      | gen_wr_a.gen_word_narrow.mem_reg | User Attribute | 32 x 140             | RAM32M x 24   | 
|\m00_nodes/m00_w_node/inst /\inst_si_handler/gen_si_handler.gen_request_fifos.gen_req_fifo[1].inst_req_fifo/gen_xpm_memory_fifo.inst_fifo/gen_mem_rep[0].inst_xpm_memory /xpm_memory_base_inst                                            | gen_wr_a.gen_word_narrow.mem_reg | User Attribute | 4 x 1                | RAM16X1D x 1  | 
|\m00_nodes/m00_w_node/inst /\inst_mi_handler/gen_normal_area.inst_fifo_node_payld/gen_xpm_memory_fifo.inst_fifo/gen_mem_rep[0].inst_xpm_memory /xpm_memory_base_inst                                                                      | gen_wr_a.gen_word_narrow.mem_reg | User Attribute | 32 x 162             | RAM32M x 27   | 
|\m00_nodes/m00_w_node/inst /\inst_mi_handler/gen_normal_area.inst_fifo_node_payld/gen_xpm_memory_fifo.inst_fifo/gen_mem_rep[1].inst_xpm_memory /xpm_memory_base_inst                                                                      | gen_wr_a.gen_word_narrow.mem_reg | User Attribute | 32 x 162             | RAM32M x 27   | 
|\s03_nodes/s03_ar_node/inst /\inst_mi_handler/gen_normal_area.inst_fifo_node_payld/gen_xpm_memory_fifo.inst_fifo/gen_mem_rep[0].inst_xpm_memory /xpm_memory_base_inst                                                                     | gen_wr_a.gen_word_narrow.mem_reg | User Attribute | 32 x 142             | RAM32M x 24   | 
|\s03_nodes/s03_r_node/inst /\inst_mi_handler/gen_normal_area.inst_fifo_node_payld/gen_xpm_memory_fifo.inst_fifo/gen_mem_rep[0].inst_xpm_memory /xpm_memory_base_inst                                                                      | gen_wr_a.gen_word_narrow.mem_reg | User Attribute | 32 x 149             | RAM32M x 25   | 
|\s03_nodes/s03_r_node/inst /\inst_mi_handler/gen_normal_area.inst_fifo_node_payld/gen_xpm_memory_fifo.inst_fifo/gen_mem_rep[1].inst_xpm_memory /xpm_memory_base_inst                                                                      | gen_wr_a.gen_word_narrow.mem_reg | User Attribute | 32 x 149             | RAM32M x 25   | 
|\s01_nodes/s01_aw_node/inst /\inst_mi_handler/gen_normal_area.inst_fifo_node_payld/gen_xpm_memory_fifo.inst_fifo/gen_mem_rep[0].inst_xpm_memory /xpm_memory_base_inst                                                                     | gen_wr_a.gen_word_narrow.mem_reg | User Attribute | 32 x 142             | RAM32M x 24   | 
|\s01_nodes/s01_b_node/inst /\inst_mi_handler/gen_normal_area.inst_fifo_node_payld/gen_xpm_memory_fifo.inst_fifo/gen_mem_rep[0].inst_xpm_memory /xpm_memory_base_inst                                                                      | gen_wr_a.gen_word_narrow.mem_reg | User Attribute | 32 x 28              | RAM32M x 5    | 
|\s01_nodes/s01_w_node/inst /\inst_mi_handler/gen_normal_area.gen_fifo_req.inst_fifo_req/gen_xpm_memory_fifo.inst_fifo/gen_mem_rep[0].inst_xpm_memory /xpm_memory_base_inst                                                                | gen_wr_a.gen_word_narrow.mem_reg | User Attribute | 32 x 18              | RAM32M x 3    | 
|\s01_nodes/s01_w_node/inst /\inst_mi_handler/gen_normal_area.inst_fifo_node_payld/gen_xpm_memory_fifo.inst_fifo/gen_mem_rep[0].inst_xpm_memory /xpm_memory_base_inst                                                                      | gen_wr_a.gen_word_narrow.mem_reg | User Attribute | 32 x 152             | RAM32M x 26   | 
|\s01_nodes/s01_w_node/inst /\inst_mi_handler/gen_normal_area.inst_fifo_node_payld/gen_xpm_memory_fifo.inst_fifo/gen_mem_rep[1].inst_xpm_memory /xpm_memory_base_inst                                                                      | gen_wr_a.gen_word_narrow.mem_reg | User Attribute | 32 x 152             | RAM32M x 26   | 
|realtime_dma_bd_i/axi_smc_mem/inst/i_1/\s02_nodes/s02_ar_node/inst /\inst_mi_handler/gen_normal_area.inst_fifo_node_payld/gen_xpm_memory_fifo.inst_fifo/gen_mem_rep[0].inst_xpm_memory /xpm_memory_base_inst                              | gen_wr_a.gen_word_narrow.mem_reg | User Attribute | 32 x 142             | RAM32M x 24   | 
|realtime_dma_bd_i/axi_smc_mem/inst/i_1/\s02_nodes/s02_r_node/inst /\inst_mi_handler/gen_normal_area.inst_fifo_node_payld/gen_xpm_memory_fifo.inst_fifo/gen_mem_rep[0].inst_xpm_memory /xpm_memory_base_inst                               | gen_wr_a.gen_word_narrow.mem_reg | User Attribute | 32 x 150             | RAM32M x 25   | 
|realtime_dma_bd_i/axi_smc_mem/inst/i_1/\s02_nodes/s02_r_node/inst /\inst_mi_handler/gen_normal_area.inst_fifo_node_payld/gen_xpm_memory_fifo.inst_fifo/gen_mem_rep[1].inst_xpm_memory /xpm_memory_base_inst                               | gen_wr_a.gen_word_narrow.mem_reg | User Attribute | 32 x 150             | RAM32M x 25   | 
|realtime_dma_bd_i/axi_smc_mem/inst/i_1/\s00_nodes/s00_ar_node/inst /\inst_mi_handler/gen_normal_area.inst_fifo_node_payld/gen_xpm_memory_fifo.inst_fifo/gen_mem_rep[0].inst_xpm_memory /xpm_memory_base_inst                              | gen_wr_a.gen_word_narrow.mem_reg | User Attribute | 32 x 142             | RAM32M x 24   | 
|realtime_dma_bd_i/axi_smc_mem/inst/i_1/\s00_nodes/s00_r_node/inst /\inst_mi_handler/gen_normal_area.inst_fifo_node_payld/gen_xpm_memory_fifo.inst_fifo/gen_mem_rep[0].inst_xpm_memory /xpm_memory_base_inst                               | gen_wr_a.gen_word_narrow.mem_reg | User Attribute | 32 x 150             | RAM32M x 25   | 
|realtime_dma_bd_i/axi_smc_mem/inst/i_1/\s00_nodes/s00_r_node/inst /\inst_mi_handler/gen_normal_area.inst_fifo_node_payld/gen_xpm_memory_fifo.inst_fifo/gen_mem_rep[1].inst_xpm_memory /xpm_memory_base_inst                               | gen_wr_a.gen_word_narrow.mem_reg | User Attribute | 32 x 150             | RAM32M x 25   | 
|axi_dma0/U0/\I_PRMRY_DATAMOVER/GEN_S2MM_FULL.I_S2MM_FULL_WRAPPER/GEN_ENABLE_INDET_BTT_SF.I_INDET_BTT/I_XD_FIFO/NON_BLK_MEM.I_SYNC_FIFOGEN_FIFO/xpm_fifo_instance.xpm_fifo_sync_inst /xpm_fifo_base_inst/\gen_sdpram.xpm_memory_base_inst  | gen_wr_a.gen_word_narrow.mem_reg | Implied        | 16 x 9               | RAM32M x 2    | 
+------------------------------------------------------------------------------------------------------------------------------------------------------------------------------------------------------------------------------------------+----------------------------------+----------------+----------------------+---------------+

Note: The table above is a preliminary report that shows the Distributed RAMs at the current stage of the synthesis flow. Some Distributed RAMs may be reimplemented as non Distributed RAM primitives later in the synthesis flow. Multiple instantiated RAMs are reported only once.

DSP: Preliminary Mapping Report (see note below. The ' indicates corresponding REG is set)
+-----------------------------------------------------------------------------------------------------------+------------------------+--------+--------+--------+--------+--------+------+------+------+------+-------+------+------+
|Module Name                                                                                                | DSP Mapping            | A Size | B Size | C Size | D Size | P Size | AREG | BREG | CREG | DREG | ADREG | MREG | PREG | 
+-----------------------------------------------------------------------------------------------------------+------------------------+--------+--------+--------+--------+--------+------+------+------+------+-------+------+------+
|SubbandRealtimeTopQ610Ip_mac_muladd_16s_16s_34s_34_3_1_DSP48_0                                             | (P+(A''*B2)')'         | 17     | 16     | -      | -      | 34     | 2    | 1    | -    | -    | -     | 1    | 1    | 
|SubbandRealtimeTopQ610Ip_p_anonymous_namespace_RunRealtimeGSUMacPhaseFixedQ610_Pipeline_VITIS_LOOP_2713_2  | (P+(A2*B'')')'         | 25     | 17     | -      | -      | 34     | 1    | 2    | -    | -    | -     | 1    | 1    | 
|SubbandRealtimeTopQ610Ip_p_anonymous_namespace_RunRealtimeGSUMacPhaseFixedQ610_Pipeline_VITIS_LOOP_2713_2  | (P+(A2*B'')')'         | 25     | 17     | -      | -      | 34     | 1    | 2    | -    | -    | -     | 1    | 1    | 
|SubbandRealtimeTopQ610Ip_p_anonymous_namespace_RunRealtimeGSUMacPhaseFixedQ610_Pipeline_VITIS_LOOP_2713_2  | (P+(A2*B'')')'         | 25     | 17     | -      | -      | 34     | 1    | 2    | -    | -    | -     | 1    | 1    | 
|SubbandRealtimeTopQ610Ip_p_anonymous_namespace_RunRealtimeGSUMacPhaseFixedQ610_Pipeline_VITIS_LOOP_2713_2  | (P+(A2*B'')')'         | 25     | 17     | -      | -      | 34     | 1    | 2    | -    | -    | -     | 1    | 1    | 
|SubbandRealtimeTopQ610Ip_p_anonymous_namespace_RunRealtimeGSUMacPhaseFixedQ610_Pipeline_VITIS_LOOP_2713_2  | (P+(A2*B'')')'         | 25     | 17     | -      | -      | 34     | 1    | 2    | -    | -    | -     | 1    | 1    | 
|SubbandRealtimeTopQ610Ip_p_anonymous_namespace_RunRealtimeGSUMacPhaseFixedQ610_Pipeline_VITIS_LOOP_2713_2  | (P+(A2*B'')')'         | 25     | 17     | -      | -      | 34     | 1    | 2    | -    | -    | -     | 1    | 1    | 
|SubbandRealtimeTopQ610Ip_p_anonymous_namespace_RunRealtimeGSUMacPhaseFixedQ610_Pipeline_VITIS_LOOP_2713_2  | (P+(A2*B'')')'         | 25     | 17     | -      | -      | 34     | 1    | 2    | -    | -    | -     | 1    | 1    | 
|SubbandRealtimeTopQ610Ip_p_anonymous_namespace_RunRealtimeGSUMacPhaseFixedQ610_Pipeline_VITIS_LOOP_2713_2  | (P+(A2*B'')')'         | 25     | 17     | -      | -      | 34     | 1    | 2    | -    | -    | -     | 1    | 1    | 
|SubbandRealtimeTopQ610Ip_p_anonymous_namespace_RunRealtimeGSUMacPhaseFixedQ610_Pipeline_VITIS_LOOP_2713_2  | (P+(A2*B'')')'         | 25     | 17     | -      | -      | 34     | 1    | 2    | -    | -    | -     | 1    | 1    | 
|SubbandRealtimeTopQ610Ip_p_anonymous_namespace_RunRealtimeGSUMacPhaseFixedQ610_Pipeline_VITIS_LOOP_2713_2  | (P+(A2*B'')')'         | 25     | 17     | -      | -      | 34     | 1    | 2    | -    | -    | -     | 1    | 1    | 
|SubbandRealtimeTopQ610Ip_p_anonymous_namespace_RunRealtimeGSUMacPhaseFixedQ610_Pipeline_VITIS_LOOP_2713_2  | (P+(A2*B'')')'         | 25     | 17     | -      | -      | 34     | 1    | 2    | -    | -    | -     | 1    | 1    | 
|SubbandRealtimeTopQ610Ip_p_anonymous_namespace_RunRealtimeGSUMacPhaseFixedQ610_Pipeline_VITIS_LOOP_2713_2  | (P+(A2*B'')')'         | 25     | 17     | -      | -      | 34     | 1    | 2    | -    | -    | -     | 1    | 1    | 
|SubbandRealtimeTopQ610Ip_p_anonymous_namespace_RunRealtimeGSUMacPhaseFixedQ610_Pipeline_VITIS_LOOP_2713_2  | (P+(A2*B'')')'         | 25     | 17     | -      | -      | 34     | 1    | 2    | -    | -    | -     | 1    | 1    | 
|SubbandRealtimeTopQ610Ip_p_anonymous_namespace_RunRealtimeGSUMacPhaseFixedQ610_Pipeline_VITIS_LOOP_2713_2  | (P+(A2*B'')')'         | 25     | 17     | -      | -      | 34     | 1    | 2    | -    | -    | -     | 1    | 1    | 
|SubbandRealtimeTopQ610Ip_p_anonymous_namespace_RunRealtimeGSUMacPhaseFixedQ610_Pipeline_VITIS_LOOP_2713_2  | (P+(A2*B'')')'         | 25     | 17     | -      | -      | 34     | 1    | 2    | -    | -    | -     | 1    | 1    | 
|SubbandRealtimeTopQ610Ip_p_anonymous_namespace_RunRealtimeGSUMacPhaseFixedQ610_Pipeline_VITIS_LOOP_2713_2  | (P+(A2*B'')')'         | 25     | 17     | -      | -      | 34     | 1    | 2    | -    | -    | -     | 1    | 1    | 
|SubbandRealtimeTopQ610Ip_p_anonymous_namespace_RunRealtimeGSUMacPhaseFixedQ610_Pipeline_VITIS_LOOP_2713_2  | (P+(A2*B'')')'         | 25     | 17     | -      | -      | 34     | 1    | 2    | -    | -    | -     | 1    | 1    | 
|SubbandRealtimeTopQ610Ip_p_anonymous_namespace_RunRealtimeGSUMacPhaseFixedQ610_Pipeline_VITIS_LOOP_2713_2  | (P+(A2*B'')')'         | 25     | 17     | -      | -      | 34     | 1    | 2    | -    | -    | -     | 1    | 1    | 
|SubbandRealtimeTopQ610Ip_p_anonymous_namespace_RunRealtimeGSUMacPhaseFixedQ610_Pipeline_VITIS_LOOP_2713_2  | (P+(A2*B'')')'         | 25     | 17     | -      | -      | 34     | 1    | 2    | -    | -    | -     | 1    | 1    | 
|SubbandRealtimeTopQ610Ip_p_anonymous_namespace_RunRealtimeGSUMacPhaseFixedQ610_Pipeline_VITIS_LOOP_2713_2  | (P+(A2*B'')')'         | 25     | 17     | -      | -      | 34     | 1    | 2    | -    | -    | -     | 1    | 1    | 
|SubbandRealtimeTopQ610Ip_p_anonymous_namespace_RunRealtimeGSUMacPhaseFixedQ610_Pipeline_VITIS_LOOP_2713_2  | (P+(A2*B'')')'         | 25     | 17     | -      | -      | 34     | 1    | 2    | -    | -    | -     | 1    | 1    | 
|SubbandRealtimeTopQ610Ip_p_anonymous_namespace_RunRealtimeGSUMacPhaseFixedQ610_Pipeline_VITIS_LOOP_2713_2  | (P+(A2*B'')')'         | 25     | 17     | -      | -      | 34     | 1    | 2    | -    | -    | -     | 1    | 1    | 
|SubbandRealtimeTopQ610Ip_p_anonymous_namespace_RunRealtimeGSUMacPhaseFixedQ610_Pipeline_VITIS_LOOP_2713_2  | (P+(A2*B'')')'         | 25     | 17     | -      | -      | 34     | 1    | 2    | -    | -    | -     | 1    | 1    | 
|SubbandRealtimeTopQ610Ip_p_anonymous_namespace_RunRealtimeGSUMacPhaseFixedQ610_Pipeline_VITIS_LOOP_2713_2  | (P+(A2*B'')')'         | 25     | 17     | -      | -      | 34     | 1    | 2    | -    | -    | -     | 1    | 1    | 
|SubbandRealtimeTopQ610Ip_p_anonymous_namespace_RunRealtimeGSUMacPhaseFixedQ610_Pipeline_VITIS_LOOP_2713_2  | (P+(A2*B'')')'         | 25     | 17     | -      | -      | 34     | 1    | 2    | -    | -    | -     | 1    | 1    | 
|SubbandRealtimeTopQ610Ip_p_anonymous_namespace_RunRealtimeGSUMacPhaseFixedQ610_Pipeline_VITIS_LOOP_2713_2  | (P+(A2*B'')')'         | 25     | 17     | -      | -      | 34     | 1    | 2    | -    | -    | -     | 1    | 1    | 
|SubbandRealtimeTopQ610Ip_p_anonymous_namespace_RunRealtimeGSUMacPhaseFixedQ610_Pipeline_VITIS_LOOP_2713_2  | (P+(A2*B'')')'         | 25     | 17     | -      | -      | 34     | 1    | 2    | -    | -    | -     | 1    | 1    | 
|SubbandRealtimeTopQ610Ip_p_anonymous_namespace_RunRealtimeGSUMacPhaseFixedQ610_Pipeline_VITIS_LOOP_2713_2  | (P+(A2*B'')')'         | 25     | 17     | -      | -      | 34     | 1    | 2    | -    | -    | -     | 1    | 1    | 
|SubbandRealtimeTopQ610Ip_p_anonymous_namespace_RunRealtimeGSUMacPhaseFixedQ610_Pipeline_VITIS_LOOP_2713_2  | (P+(A2*B'')')'         | 25     | 17     | -      | -      | 34     | 1    | 2    | -    | -    | -     | 1    | 1    | 
|SubbandRealtimeTopQ610Ip_p_anonymous_namespace_RunRealtimeGSUMacPhaseFixedQ610_Pipeline_VITIS_LOOP_2713_2  | (P+(A2*B'')')'         | 25     | 17     | -      | -      | 34     | 1    | 2    | -    | -    | -     | 1    | 1    | 
|SubbandRealtimeTopQ610Ip_p_anonymous_namespace_RunRealtimeGSUMacPhaseFixedQ610_Pipeline_VITIS_LOOP_2713_2  | (P+(A2*B'')')'         | 25     | 17     | -      | -      | 34     | 1    | 2    | -    | -    | -     | 1    | 1    | 
|SubbandRealtimeTopQ610Ip_mac_muladd_16s_16s_34s_34_3_1_DSP48_0                                             | (P+(A''*B2)')'         | 17     | 16     | -      | -      | 34     | 2    | 1    | -    | -    | -     | 1    | 1    | 
|SubbandRealtimeTopQ610Ip_p_anonymous_namespace_RunRealtimeGSUMacPhaseFixedQ610_Pipeline_VITIS_LOOP_2713_28 | (P+(A2*B'')')'         | 25     | 17     | -      | -      | 34     | 1    | 2    | -    | -    | -     | 1    | 1    | 
|SubbandRealtimeTopQ610Ip_p_anonymous_namespace_RunRealtimeGSUMacPhaseFixedQ610_Pipeline_VITIS_LOOP_2713_28 | (P+(A2*B'')')'         | 25     | 17     | -      | -      | 34     | 1    | 2    | -    | -    | -     | 1    | 1    | 
|SubbandRealtimeTopQ610Ip_p_anonymous_namespace_RunRealtimeGSUMacPhaseFixedQ610_Pipeline_VITIS_LOOP_2713_28 | (P+(A2*B'')')'         | 25     | 17     | -      | -      | 34     | 1    | 2    | -    | -    | -     | 1    | 1    | 
|SubbandRealtimeTopQ610Ip_p_anonymous_namespace_RunRealtimeGSUMacPhaseFixedQ610_Pipeline_VITIS_LOOP_2713_28 | (P+(A2*B'')')'         | 25     | 17     | -      | -      | 34     | 1    | 2    | -    | -    | -     | 1    | 1    | 
|SubbandRealtimeTopQ610Ip_p_anonymous_namespace_RunRealtimeGSUMacPhaseFixedQ610_Pipeline_VITIS_LOOP_2713_28 | (P+(A2*B'')')'         | 25     | 17     | -      | -      | 34     | 1    | 2    | -    | -    | -     | 1    | 1    | 
|SubbandRealtimeTopQ610Ip_p_anonymous_namespace_RunRealtimeGSUMacPhaseFixedQ610_Pipeline_VITIS_LOOP_2713_28 | (P+(A2*B'')')'         | 25     | 17     | -      | -      | 34     | 1    | 2    | -    | -    | -     | 1    | 1    | 
|SubbandRealtimeTopQ610Ip_p_anonymous_namespace_RunRealtimeGSUMacPhaseFixedQ610_Pipeline_VITIS_LOOP_2713_28 | (P+(A2*B'')')'         | 25     | 17     | -      | -      | 34     | 1    | 2    | -    | -    | -     | 1    | 1    | 
|SubbandRealtimeTopQ610Ip_p_anonymous_namespace_RunRealtimeGSUMacPhaseFixedQ610_Pipeline_VITIS_LOOP_2713_28 | (P+(A2*B'')')'         | 25     | 17     | -      | -      | 34     | 1    | 2    | -    | -    | -     | 1    | 1    | 
|SubbandRealtimeTopQ610Ip_p_anonymous_namespace_RunRealtimeGSUMacPhaseFixedQ610_Pipeline_VITIS_LOOP_2713_28 | (P+(A2*B'')')'         | 25     | 17     | -      | -      | 34     | 1    | 2    | -    | -    | -     | 1    | 1    | 
|SubbandRealtimeTopQ610Ip_p_anonymous_namespace_RunRealtimeGSUMacPhaseFixedQ610_Pipeline_VITIS_LOOP_2713_28 | (P+(A2*B'')')'         | 25     | 17     | -      | -      | 34     | 1    | 2    | -    | -    | -     | 1    | 1    | 
|SubbandRealtimeTopQ610Ip_p_anonymous_namespace_RunRealtimeGSUMacPhaseFixedQ610_Pipeline_VITIS_LOOP_2713_28 | (P+(A2*B'')')'         | 25     | 17     | -      | -      | 34     | 1    | 2    | -    | -    | -     | 1    | 1    | 
|SubbandRealtimeTopQ610Ip_p_anonymous_namespace_RunRealtimeGSUMacPhaseFixedQ610_Pipeline_VITIS_LOOP_2713_28 | (P+(A2*B'')')'         | 25     | 17     | -      | -      | 34     | 1    | 2    | -    | -    | -     | 1    | 1    | 
|SubbandRealtimeTopQ610Ip_p_anonymous_namespace_RunRealtimeGSUMacPhaseFixedQ610_Pipeline_VITIS_LOOP_2713_28 | (P+(A2*B'')')'         | 25     | 17     | -      | -      | 34     | 1    | 2    | -    | -    | -     | 1    | 1    | 
|SubbandRealtimeTopQ610Ip_p_anonymous_namespace_RunRealtimeGSUMacPhaseFixedQ610_Pipeline_VITIS_LOOP_2713_28 | (P+(A2*B'')')'         | 25     | 17     | -      | -      | 34     | 1    | 2    | -    | -    | -     | 1    | 1    | 
|SubbandRealtimeTopQ610Ip_p_anonymous_namespace_RunRealtimeGSUMacPhaseFixedQ610_Pipeline_VITIS_LOOP_2713_28 | (P+(A2*B'')')'         | 25     | 17     | -      | -      | 34     | 1    | 2    | -    | -    | -     | 1    | 1    | 
|SubbandRealtimeTopQ610Ip_p_anonymous_namespace_RunRealtimeGSUMacPhaseFixedQ610_Pipeline_VITIS_LOOP_2713_28 | (P+(A2*B'')')'         | 25     | 17     | -      | -      | 34     | 1    | 2    | -    | -    | -     | 1    | 1    | 
|SubbandRealtimeTopQ610Ip_p_anonymous_namespace_RunRealtimeGSUMacPhaseFixedQ610_Pipeline_VITIS_LOOP_2713_28 | (P+(A2*B'')')'         | 25     | 17     | -      | -      | 34     | 1    | 2    | -    | -    | -     | 1    | 1    | 
|SubbandRealtimeTopQ610Ip_p_anonymous_namespace_RunRealtimeGSUMacPhaseFixedQ610_Pipeline_VITIS_LOOP_2713_28 | (P+(A2*B'')')'         | 25     | 17     | -      | -      | 34     | 1    | 2    | -    | -    | -     | 1    | 1    | 
|SubbandRealtimeTopQ610Ip_p_anonymous_namespace_RunRealtimeGSUMacPhaseFixedQ610_Pipeline_VITIS_LOOP_2713_28 | (P+(A2*B'')')'         | 25     | 17     | -      | -      | 34     | 1    | 2    | -    | -    | -     | 1    | 1    | 
|SubbandRealtimeTopQ610Ip_p_anonymous_namespace_RunRealtimeGSUMacPhaseFixedQ610_Pipeline_VITIS_LOOP_2713_28 | (P+(A2*B'')')'         | 25     | 17     | -      | -      | 34     | 1    | 2    | -    | -    | -     | 1    | 1    | 
|SubbandRealtimeTopQ610Ip_p_anonymous_namespace_RunRealtimeGSUMacPhaseFixedQ610_Pipeline_VITIS_LOOP_2713_28 | (P+(A2*B'')')'         | 25     | 17     | -      | -      | 34     | 1    | 2    | -    | -    | -     | 1    | 1    | 
|SubbandRealtimeTopQ610Ip_p_anonymous_namespace_RunRealtimeGSUMacPhaseFixedQ610_Pipeline_VITIS_LOOP_2713_28 | (P+(A2*B'')')'         | 25     | 17     | -      | -      | 34     | 1    | 2    | -    | -    | -     | 1    | 1    | 
|SubbandRealtimeTopQ610Ip_p_anonymous_namespace_RunRealtimeGSUMacPhaseFixedQ610_Pipeline_VITIS_LOOP_2713_28 | (P+(A2*B'')')'         | 25     | 17     | -      | -      | 34     | 1    | 2    | -    | -    | -     | 1    | 1    | 
|SubbandRealtimeTopQ610Ip_p_anonymous_namespace_RunRealtimeGSUMacPhaseFixedQ610_Pipeline_VITIS_LOOP_2713_28 | (P+(A2*B'')')'         | 25     | 17     | -      | -      | 34     | 1    | 2    | -    | -    | -     | 1    | 1    | 
|SubbandRealtimeTopQ610Ip_p_anonymous_namespace_RunRealtimeGSUMacPhaseFixedQ610_Pipeline_VITIS_LOOP_2713_28 | (P+(A2*B'')')'         | 25     | 17     | -      | -      | 34     | 1    | 2    | -    | -    | -     | 1    | 1    | 
|SubbandRealtimeTopQ610Ip_p_anonymous_namespace_RunRealtimeGSUMacPhaseFixedQ610_Pipeline_VITIS_LOOP_2713_28 | (P+(A2*B'')')'         | 25     | 17     | -      | -      | 34     | 1    | 2    | -    | -    | -     | 1    | 1    | 
|SubbandRealtimeTopQ610Ip_p_anonymous_namespace_RunRealtimeGSUMacPhaseFixedQ610_Pipeline_VITIS_LOOP_2713_28 | (P+(A2*B'')')'         | 25     | 17     | -      | -      | 34     | 1    | 2    | -    | -    | -     | 1    | 1    | 
|SubbandRealtimeTopQ610Ip_p_anonymous_namespace_RunRealtimeGSUMacPhaseFixedQ610_Pipeline_VITIS_LOOP_2713_28 | (P+(A2*B'')')'         | 25     | 17     | -      | -      | 34     | 1    | 2    | -    | -    | -     | 1    | 1    | 
|SubbandRealtimeTopQ610Ip_p_anonymous_namespace_RunRealtimeGSUMacPhaseFixedQ610_Pipeline_VITIS_LOOP_2713_28 | (P+(A2*B'')')'         | 25     | 17     | -      | -      | 34     | 1    | 2    | -    | -    | -     | 1    | 1    | 
|SubbandRealtimeTopQ610Ip_p_anonymous_namespace_RunRealtimeGSUMacPhaseFixedQ610_Pipeline_VITIS_LOOP_2713_28 | (P+(A2*B'')')'         | 25     | 17     | -      | -      | 34     | 1    | 2    | -    | -    | -     | 1    | 1    | 
|SubbandRealtimeTopQ610Ip_p_anonymous_namespace_RunRealtimeGSUMacPhaseFixedQ610_Pipeline_VITIS_LOOP_2713_28 | (P+(A2*B'')')'         | 25     | 17     | -      | -      | 34     | 1    | 2    | -    | -    | -     | 1    | 1    | 
|SubbandRealtimeTopQ610Ip_mac_muladd_16s_16s_34s_34_3_1_DSP48_0                                             | (P+(A''*B2)')'         | 17     | 16     | -      | -      | 34     | 2    | 1    | -    | -    | -     | 1    | 1    | 
|SubbandRealtimeTopQ610Ip_p_anonymous_namespace_RunRealtimeGSUMacPhaseFixedQ610_Pipeline_VITIS_LOOP_2713_29 | (P+(A2*B'')')'         | 25     | 17     | -      | -      | 34     | 1    | 2    | -    | -    | -     | 1    | 1    | 
|SubbandRealtimeTopQ610Ip_p_anonymous_namespace_RunRealtimeGSUMacPhaseFixedQ610_Pipeline_VITIS_LOOP_2713_29 | (P+(A2*B'')')'         | 25     | 17     | -      | -      | 34     | 1    | 2    | -    | -    | -     | 1    | 1    | 
|SubbandRealtimeTopQ610Ip_p_anonymous_namespace_RunRealtimeGSUMacPhaseFixedQ610_Pipeline_VITIS_LOOP_2713_29 | (P+(A2*B'')')'         | 25     | 17     | -      | -      | 34     | 1    | 2    | -    | -    | -     | 1    | 1    | 
|SubbandRealtimeTopQ610Ip_p_anonymous_namespace_RunRealtimeGSUMacPhaseFixedQ610_Pipeline_VITIS_LOOP_2713_29 | (P+(A2*B'')')'         | 25     | 17     | -      | -      | 34     | 1    | 2    | -    | -    | -     | 1    | 1    | 
|SubbandRealtimeTopQ610Ip_p_anonymous_namespace_RunRealtimeGSUMacPhaseFixedQ610_Pipeline_VITIS_LOOP_2713_29 | (P+(A2*B'')')'         | 25     | 17     | -      | -      | 34     | 1    | 2    | -    | -    | -     | 1    | 1    | 
|SubbandRealtimeTopQ610Ip_p_anonymous_namespace_RunRealtimeGSUMacPhaseFixedQ610_Pipeline_VITIS_LOOP_2713_29 | (P+(A2*B'')')'         | 25     | 17     | -      | -      | 34     | 1    | 2    | -    | -    | -     | 1    | 1    | 
|SubbandRealtimeTopQ610Ip_p_anonymous_namespace_RunRealtimeGSUMacPhaseFixedQ610_Pipeline_VITIS_LOOP_2713_29 | (P+(A2*B'')')'         | 25     | 17     | -      | -      | 34     | 1    | 2    | -    | -    | -     | 1    | 1    | 
|SubbandRealtimeTopQ610Ip_p_anonymous_namespace_RunRealtimeGSUMacPhaseFixedQ610_Pipeline_VITIS_LOOP_2713_29 | (P+(A2*B'')')'         | 25     | 17     | -      | -      | 34     | 1    | 2    | -    | -    | -     | 1    | 1    | 
|SubbandRealtimeTopQ610Ip_p_anonymous_namespace_RunRealtimeGSUMacPhaseFixedQ610_Pipeline_VITIS_LOOP_2713_29 | (P+(A2*B'')')'         | 25     | 17     | -      | -      | 34     | 1    | 2    | -    | -    | -     | 1    | 1    | 
|SubbandRealtimeTopQ610Ip_p_anonymous_namespace_RunRealtimeGSUMacPhaseFixedQ610_Pipeline_VITIS_LOOP_2713_29 | (P+(A2*B'')')'         | 25     | 17     | -      | -      | 34     | 1    | 2    | -    | -    | -     | 1    | 1    | 
|SubbandRealtimeTopQ610Ip_p_anonymous_namespace_RunRealtimeGSUMacPhaseFixedQ610_Pipeline_VITIS_LOOP_2713_29 | (P+(A2*B'')')'         | 25     | 17     | -      | -      | 34     | 1    | 2    | -    | -    | -     | 1    | 1    | 
|SubbandRealtimeTopQ610Ip_p_anonymous_namespace_RunRealtimeGSUMacPhaseFixedQ610_Pipeline_VITIS_LOOP_2713_29 | (P+(A2*B'')')'         | 25     | 17     | -      | -      | 34     | 1    | 2    | -    | -    | -     | 1    | 1    | 
|SubbandRealtimeTopQ610Ip_p_anonymous_namespace_RunRealtimeGSUMacPhaseFixedQ610_Pipeline_VITIS_LOOP_2713_29 | (P+(A2*B'')')'         | 25     | 17     | -      | -      | 34     | 1    | 2    | -    | -    | -     | 1    | 1    | 
|SubbandRealtimeTopQ610Ip_p_anonymous_namespace_RunRealtimeGSUMacPhaseFixedQ610_Pipeline_VITIS_LOOP_2713_29 | (P+(A2*B'')')'         | 25     | 17     | -      | -      | 34     | 1    | 2    | -    | -    | -     | 1    | 1    | 
|SubbandRealtimeTopQ610Ip_p_anonymous_namespace_RunRealtimeGSUMacPhaseFixedQ610_Pipeline_VITIS_LOOP_2713_29 | (P+(A2*B'')')'         | 25     | 17     | -      | -      | 34     | 1    | 2    | -    | -    | -     | 1    | 1    | 
|SubbandRealtimeTopQ610Ip_p_anonymous_namespace_RunRealtimeGSUMacPhaseFixedQ610_Pipeline_VITIS_LOOP_2713_29 | (P+(A2*B'')')'         | 25     | 17     | -      | -      | 34     | 1    | 2    | -    | -    | -     | 1    | 1    | 
|SubbandRealtimeTopQ610Ip_p_anonymous_namespace_RunRealtimeGSUMacPhaseFixedQ610_Pipeline_VITIS_LOOP_2713_29 | (P+(A2*B'')')'         | 25     | 17     | -      | -      | 34     | 1    | 2    | -    | -    | -     | 1    | 1    | 
|SubbandRealtimeTopQ610Ip_p_anonymous_namespace_RunRealtimeGSUMacPhaseFixedQ610_Pipeline_VITIS_LOOP_2713_29 | (P+(A2*B'')')'         | 25     | 17     | -      | -      | 34     | 1    | 2    | -    | -    | -     | 1    | 1    | 
|SubbandRealtimeTopQ610Ip_p_anonymous_namespace_RunRealtimeGSUMacPhaseFixedQ610_Pipeline_VITIS_LOOP_2713_29 | (P+(A2*B'')')'         | 25     | 17     | -      | -      | 34     | 1    | 2    | -    | -    | -     | 1    | 1    | 
|SubbandRealtimeTopQ610Ip_p_anonymous_namespace_RunRealtimeGSUMacPhaseFixedQ610_Pipeline_VITIS_LOOP_2713_29 | (P+(A2*B'')')'         | 25     | 17     | -      | -      | 34     | 1    | 2    | -    | -    | -     | 1    | 1    | 
|SubbandRealtimeTopQ610Ip_p_anonymous_namespace_RunRealtimeGSUMacPhaseFixedQ610_Pipeline_VITIS_LOOP_2713_29 | (P+(A2*B'')')'         | 25     | 17     | -      | -      | 34     | 1    | 2    | -    | -    | -     | 1    | 1    | 
|SubbandRealtimeTopQ610Ip_p_anonymous_namespace_RunRealtimeGSUMacPhaseFixedQ610_Pipeline_VITIS_LOOP_2713_29 | (P+(A2*B'')')'         | 25     | 17     | -      | -      | 34     | 1    | 2    | -    | -    | -     | 1    | 1    | 
|SubbandRealtimeTopQ610Ip_p_anonymous_namespace_RunRealtimeGSUMacPhaseFixedQ610_Pipeline_VITIS_LOOP_2713_29 | (P+(A2*B'')')'         | 25     | 17     | -      | -      | 34     | 1    | 2    | -    | -    | -     | 1    | 1    | 
|SubbandRealtimeTopQ610Ip_p_anonymous_namespace_RunRealtimeGSUMacPhaseFixedQ610_Pipeline_VITIS_LOOP_2713_29 | (P+(A2*B'')')'         | 25     | 17     | -      | -      | 34     | 1    | 2    | -    | -    | -     | 1    | 1    | 
|SubbandRealtimeTopQ610Ip_p_anonymous_namespace_RunRealtimeGSUMacPhaseFixedQ610_Pipeline_VITIS_LOOP_2713_29 | (P+(A2*B'')')'         | 25     | 17     | -      | -      | 34     | 1    | 2    | -    | -    | -     | 1    | 1    | 
|SubbandRealtimeTopQ610Ip_p_anonymous_namespace_RunRealtimeGSUMacPhaseFixedQ610_Pipeline_VITIS_LOOP_2713_29 | (P+(A2*B'')')'         | 25     | 17     | -      | -      | 34     | 1    | 2    | -    | -    | -     | 1    | 1    | 
|SubbandRealtimeTopQ610Ip_p_anonymous_namespace_RunRealtimeGSUMacPhaseFixedQ610_Pipeline_VITIS_LOOP_2713_29 | (P+(A2*B'')')'         | 25     | 17     | -      | -      | 34     | 1    | 2    | -    | -    | -     | 1    | 1    | 
|SubbandRealtimeTopQ610Ip_p_anonymous_namespace_RunRealtimeGSUMacPhaseFixedQ610_Pipeline_VITIS_LOOP_2713_29 | (P+(A2*B'')')'         | 25     | 17     | -      | -      | 34     | 1    | 2    | -    | -    | -     | 1    | 1    | 
|SubbandRealtimeTopQ610Ip_p_anonymous_namespace_RunRealtimeGSUMacPhaseFixedQ610_Pipeline_VITIS_LOOP_2713_29 | (P+(A2*B'')')'         | 25     | 17     | -      | -      | 34     | 1    | 2    | -    | -    | -     | 1    | 1    | 
|SubbandRealtimeTopQ610Ip_p_anonymous_namespace_RunRealtimeGSUMacPhaseFixedQ610_Pipeline_VITIS_LOOP_2713_29 | (P+(A2*B'')')'         | 25     | 17     | -      | -      | 34     | 1    | 2    | -    | -    | -     | 1    | 1    | 
|SubbandRealtimeTopQ610Ip_p_anonymous_namespace_RunRealtimeGSUMacPhaseFixedQ610_Pipeline_VITIS_LOOP_2713_29 | (P+(A2*B'')')'         | 25     | 17     | -      | -      | 34     | 1    | 2    | -    | -    | -     | 1    | 1    | 
|SubbandRealtimeTopQ610Ip_mac_muladd_16s_16s_34s_34_3_1_DSP48_0                                             | (P+(A''*B2)')'         | 17     | 16     | -      | -      | 34     | 2    | 1    | -    | -    | -     | 1    | 1    | 
|SubbandRealtimeTopQ610Ip_p_anonymous_namespace_RunRealtimeGSUMacPhaseFixedQ610_Pipeline_VITIS_LOOP_2713_27 | (P+(A2*B'')')'         | 25     | 17     | -      | -      | 34     | 1    | 2    | -    | -    | -     | 1    | 1    | 
|SubbandRealtimeTopQ610Ip_p_anonymous_namespace_RunRealtimeGSUMacPhaseFixedQ610_Pipeline_VITIS_LOOP_2713_27 | (P+(A2*B'')')'         | 25     | 17     | -      | -      | 34     | 1    | 2    | -    | -    | -     | 1    | 1    | 
|SubbandRealtimeTopQ610Ip_p_anonymous_namespace_RunRealtimeGSUMacPhaseFixedQ610_Pipeline_VITIS_LOOP_2713_27 | (P+(A2*B'')')'         | 25     | 17     | -      | -      | 34     | 1    | 2    | -    | -    | -     | 1    | 1    | 
|SubbandRealtimeTopQ610Ip_p_anonymous_namespace_RunRealtimeGSUMacPhaseFixedQ610_Pipeline_VITIS_LOOP_2713_27 | (P+(A2*B'')')'         | 25     | 17     | -      | -      | 34     | 1    | 2    | -    | -    | -     | 1    | 1    | 
|SubbandRealtimeTopQ610Ip_p_anonymous_namespace_RunRealtimeGSUMacPhaseFixedQ610_Pipeline_VITIS_LOOP_2713_27 | (P+(A2*B'')')'         | 25     | 17     | -      | -      | 34     | 1    | 2    | -    | -    | -     | 1    | 1    | 
|SubbandRealtimeTopQ610Ip_p_anonymous_namespace_RunRealtimeGSUMacPhaseFixedQ610_Pipeline_VITIS_LOOP_2713_27 | (P+(A2*B'')')'         | 25     | 17     | -      | -      | 34     | 1    | 2    | -    | -    | -     | 1    | 1    | 
|SubbandRealtimeTopQ610Ip_p_anonymous_namespace_RunRealtimeGSUMacPhaseFixedQ610_Pipeline_VITIS_LOOP_2713_27 | (P+(A2*B'')')'         | 25     | 17     | -      | -      | 34     | 1    | 2    | -    | -    | -     | 1    | 1    | 
|SubbandRealtimeTopQ610Ip_p_anonymous_namespace_RunRealtimeGSUMacPhaseFixedQ610_Pipeline_VITIS_LOOP_2713_27 | (P+(A2*B'')')'         | 25     | 17     | -      | -      | 34     | 1    | 2    | -    | -    | -     | 1    | 1    | 
|SubbandRealtimeTopQ610Ip_p_anonymous_namespace_RunRealtimeGSUMacPhaseFixedQ610_Pipeline_VITIS_LOOP_2713_27 | (P+(A2*B'')')'         | 25     | 17     | -      | -      | 34     | 1    | 2    | -    | -    | -     | 1    | 1    | 
|SubbandRealtimeTopQ610Ip_p_anonymous_namespace_RunRealtimeGSUMacPhaseFixedQ610_Pipeline_VITIS_LOOP_2713_27 | (P+(A2*B'')')'         | 25     | 17     | -      | -      | 34     | 1    | 2    | -    | -    | -     | 1    | 1    | 
|SubbandRealtimeTopQ610Ip_p_anonymous_namespace_RunRealtimeGSUMacPhaseFixedQ610_Pipeline_VITIS_LOOP_2713_27 | (P+(A2*B'')')'         | 25     | 17     | -      | -      | 34     | 1    | 2    | -    | -    | -     | 1    | 1    | 
|SubbandRealtimeTopQ610Ip_p_anonymous_namespace_RunRealtimeGSUMacPhaseFixedQ610_Pipeline_VITIS_LOOP_2713_27 | (P+(A2*B'')')'         | 25     | 17     | -      | -      | 34     | 1    | 2    | -    | -    | -     | 1    | 1    | 
|SubbandRealtimeTopQ610Ip_p_anonymous_namespace_RunRealtimeGSUMacPhaseFixedQ610_Pipeline_VITIS_LOOP_2713_27 | (P+(A2*B'')')'         | 25     | 17     | -      | -      | 34     | 1    | 2    | -    | -    | -     | 1    | 1    | 
|SubbandRealtimeTopQ610Ip_p_anonymous_namespace_RunRealtimeGSUMacPhaseFixedQ610_Pipeline_VITIS_LOOP_2713_27 | (P+(A2*B'')')'         | 25     | 17     | -      | -      | 34     | 1    | 2    | -    | -    | -     | 1    | 1    | 
|SubbandRealtimeTopQ610Ip_p_anonymous_namespace_RunRealtimeGSUMacPhaseFixedQ610_Pipeline_VITIS_LOOP_2713_27 | (P+(A2*B'')')'         | 25     | 17     | -      | -      | 34     | 1    | 2    | -    | -    | -     | 1    | 1    | 
|SubbandRealtimeTopQ610Ip_p_anonymous_namespace_RunRealtimeGSUMacPhaseFixedQ610_Pipeline_VITIS_LOOP_2713_27 | (P+(A2*B'')')'         | 25     | 17     | -      | -      | 34     | 1    | 2    | -    | -    | -     | 1    | 1    | 
|SubbandRealtimeTopQ610Ip_p_anonymous_namespace_RunRealtimeGSUMacPhaseFixedQ610_Pipeline_VITIS_LOOP_2713_27 | (P+(A2*B'')')'         | 25     | 17     | -      | -      | 34     | 1    | 2    | -    | -    | -     | 1    | 1    | 
|SubbandRealtimeTopQ610Ip_p_anonymous_namespace_RunRealtimeGSUMacPhaseFixedQ610_Pipeline_VITIS_LOOP_2713_27 | (P+(A2*B'')')'         | 25     | 17     | -      | -      | 34     | 1    | 2    | -    | -    | -     | 1    | 1    | 
|SubbandRealtimeTopQ610Ip_p_anonymous_namespace_RunRealtimeGSUMacPhaseFixedQ610_Pipeline_VITIS_LOOP_2713_27 | (P+(A2*B'')')'         | 25     | 17     | -      | -      | 34     | 1    | 2    | -    | -    | -     | 1    | 1    | 
|SubbandRealtimeTopQ610Ip_p_anonymous_namespace_RunRealtimeGSUMacPhaseFixedQ610_Pipeline_VITIS_LOOP_2713_27 | (P+(A2*B'')')'         | 25     | 17     | -      | -      | 34     | 1    | 2    | -    | -    | -     | 1    | 1    | 
|SubbandRealtimeTopQ610Ip_p_anonymous_namespace_RunRealtimeGSUMacPhaseFixedQ610_Pipeline_VITIS_LOOP_2713_27 | (P+(A2*B'')')'         | 25     | 17     | -      | -      | 34     | 1    | 2    | -    | -    | -     | 1    | 1    | 
|SubbandRealtimeTopQ610Ip_p_anonymous_namespace_RunRealtimeGSUMacPhaseFixedQ610_Pipeline_VITIS_LOOP_2713_27 | (P+(A2*B'')')'         | 25     | 17     | -      | -      | 34     | 1    | 2    | -    | -    | -     | 1    | 1    | 
|SubbandRealtimeTopQ610Ip_p_anonymous_namespace_RunRealtimeGSUMacPhaseFixedQ610_Pipeline_VITIS_LOOP_2713_27 | (P+(A2*B'')')'         | 25     | 17     | -      | -      | 34     | 1    | 2    | -    | -    | -     | 1    | 1    | 
|SubbandRealtimeTopQ610Ip_p_anonymous_namespace_RunRealtimeGSUMacPhaseFixedQ610_Pipeline_VITIS_LOOP_2713_27 | (P+(A2*B'')')'         | 25     | 17     | -      | -      | 34     | 1    | 2    | -    | -    | -     | 1    | 1    | 
|SubbandRealtimeTopQ610Ip_p_anonymous_namespace_RunRealtimeGSUMacPhaseFixedQ610_Pipeline_VITIS_LOOP_2713_27 | (P+(A2*B'')')'         | 25     | 17     | -      | -      | 34     | 1    | 2    | -    | -    | -     | 1    | 1    | 
|SubbandRealtimeTopQ610Ip_p_anonymous_namespace_RunRealtimeGSUMacPhaseFixedQ610_Pipeline_VITIS_LOOP_2713_27 | (P+(A2*B'')')'         | 25     | 17     | -      | -      | 34     | 1    | 2    | -    | -    | -     | 1    | 1    | 
|SubbandRealtimeTopQ610Ip_p_anonymous_namespace_RunRealtimeGSUMacPhaseFixedQ610_Pipeline_VITIS_LOOP_2713_27 | (P+(A2*B'')')'         | 25     | 17     | -      | -      | 34     | 1    | 2    | -    | -    | -     | 1    | 1    | 
|SubbandRealtimeTopQ610Ip_p_anonymous_namespace_RunRealtimeGSUMacPhaseFixedQ610_Pipeline_VITIS_LOOP_2713_27 | (P+(A2*B'')')'         | 25     | 17     | -      | -      | 34     | 1    | 2    | -    | -    | -     | 1    | 1    | 
|SubbandRealtimeTopQ610Ip_p_anonymous_namespace_RunRealtimeGSUMacPhaseFixedQ610_Pipeline_VITIS_LOOP_2713_27 | (P+(A2*B'')')'         | 25     | 17     | -      | -      | 34     | 1    | 2    | -    | -    | -     | 1    | 1    | 
|SubbandRealtimeTopQ610Ip_p_anonymous_namespace_RunRealtimeGSUMacPhaseFixedQ610_Pipeline_VITIS_LOOP_2713_27 | (P+(A2*B'')')'         | 25     | 17     | -      | -      | 34     | 1    | 2    | -    | -    | -     | 1    | 1    | 
|SubbandRealtimeTopQ610Ip_p_anonymous_namespace_RunRealtimeGSUMacPhaseFixedQ610_Pipeline_VITIS_LOOP_2713_27 | (P+(A2*B'')')'         | 25     | 17     | -      | -      | 34     | 1    | 2    | -    | -    | -     | 1    | 1    | 
|SubbandRealtimeTopQ610Ip_p_anonymous_namespace_RunGSUGatePhaseBand0Q610_Pipeline_VITIS_LOOP_1887_1         | (A''*B'')'             | 16     | 16     | -      | -      | 32     | 2    | 2    | -    | -    | -     | 1    | 0    | 
|SubbandRealtimeTopQ610Ip_p_anonymous_namespace_RunGSUGatePhaseBand0Q610_Pipeline_VITIS_LOOP_1887_1         | (C:0x200)+(ACIN2*B'')' | 16     | 16     | 10     | -      | 31     | 1    | 2    | 0    | -    | -     | 1    | 0    | 
|SubbandRealtimeTopQ610Ip_mul_16s_16s_32_3_1                                                                | (A2*B2)'               | 16     | 16     | -      | -      | 32     | 1    | 1    | -    | -    | -     | 1    | 0    | 
|SubbandRealtimeTopQ610Ip_mul_16s_16s_32_3_1                                                                | (C:0x200)+(A2*B2)'     | 16     | 16     | 10     | -      | 31     | 1    | 1    | 0    | -    | -     | 1    | 0    | 
|SubbandRealtimeTopQ610Ip_mul_16s_16s_32_3_1                                                                | (A2*B2)'               | 16     | 16     | -      | -      | 32     | 1    | 1    | -    | -    | -     | 1    | 0    | 
|SubbandRealtimeTopQ610Ip_mul_16s_16s_32_3_1                                                                | (C:0x200)+(A2*B2)'     | 16     | 16     | 10     | -      | 32     | 1    | 1    | 0    | -    | -     | 1    | 0    | 
|SubbandRealtimeTopQ610Ip_p_anonymous_namespace_RunGSUGatePhaseBand0Q610_Pipeline_VITIS_LOOP_1887_1         | (A''*B'')'             | 16     | 16     | -      | -      | 32     | 2    | 2    | -    | -    | -     | 1    | 0    | 
|SubbandRealtimeTopQ610Ip_p_anonymous_namespace_RunGSUGatePhaseBand0Q610_Pipeline_VITIS_LOOP_1887_1         | (C:0x200)+(ACIN2*B'')' | 16     | 16     | 10     | -      | 31     | 1    | 2    | 0    | -    | -     | 1    | 0    | 
|SubbandRealtimeTopQ610Ip_mul_16s_16s_32_3_1                                                                | (A2*B2)'               | 16     | 16     | -      | -      | 32     | 1    | 1    | -    | -    | -     | 1    | 0    | 
|SubbandRealtimeTopQ610Ip_mul_16s_16s_32_3_1                                                                | (C:0x200)+(A2*B2)'     | 16     | 16     | 10     | -      | 31     | 1    | 1    | 0    | -    | -     | 1    | 0    | 
|SubbandRealtimeTopQ610Ip_mul_16s_16s_32_3_1                                                                | (A2*B2)'               | 16     | 16     | -      | -      | 32     | 1    | 1    | -    | -    | -     | 1    | 0    | 
|SubbandRealtimeTopQ610Ip_mul_16s_16s_32_3_1                                                                | (C:0x200)+(A2*B2)'     | 16     | 16     | 10     | -      | 32     | 1    | 1    | 0    | -    | -     | 1    | 0    | 
|SubbandRealtimeTopQ610Ip_mac_muladd_7ns_3ns_8ns_10_4_1_DSP48_1                                             | (C+(A2*B2)')'          | 10     | 10     | 9      | -      | 10     | 1    | 1    | 0    | -    | -     | 1    | 1    | 
|SubbandRealtimeTopQ610Ip_mac_muladd_16s_16s_34s_34_3_1_DSP48_0                                             | (P+(A''*B2)')'         | 17     | 16     | -      | -      | 34     | 2    | 1    | -    | -    | -     | 1    | 1    | 
|SubbandRealtimeTopQ610Ip_p_anonymous_namespace_RunRealtimeProjectionBandQ610_Pipeline_VITIS_LOOP_3012_2    | (P+(A2*B'')')'         | 25     | 17     | -      | -      | 34     | 1    | 2    | -    | -    | -     | 1    | 1    | 
|SubbandRealtimeTopQ610Ip_p_anonymous_namespace_RunRealtimeProjectionBandQ610_Pipeline_VITIS_LOOP_3012_2    | (P+(A2*B'')')'         | 25     | 17     | -      | -      | 34     | 1    | 2    | -    | -    | -     | 1    | 1    | 
|SubbandRealtimeTopQ610Ip_p_anonymous_namespace_RunRealtimeProjectionBandQ610_Pipeline_VITIS_LOOP_3012_2    | (P+(A2*B'')')'         | 25     | 17     | -      | -      | 34     | 1    | 2    | -    | -    | -     | 1    | 1    | 
|SubbandRealtimeTopQ610Ip_p_anonymous_namespace_RunRealtimeProjectionBandQ610_Pipeline_VITIS_LOOP_3012_2    | (P+(A2*B'')')'         | 25     | 17     | -      | -      | 34     | 1    | 2    | -    | -    | -     | 1    | 1    | 
|SubbandRealtimeTopQ610Ip_p_anonymous_namespace_RunRealtimeProjectionBandQ610_Pipeline_VITIS_LOOP_3012_2    | (P+(A2*B'')')'         | 25     | 17     | -      | -      | 34     | 1    | 2    | -    | -    | -     | 1    | 1    | 
|SubbandRealtimeTopQ610Ip_p_anonymous_namespace_RunRealtimeProjectionBandQ610_Pipeline_VITIS_LOOP_3012_2    | (P+(A2*B'')')'         | 25     | 17     | -      | -      | 34     | 1    | 2    | -    | -    | -     | 1    | 1    | 
|SubbandRealtimeTopQ610Ip_p_anonymous_namespace_RunRealtimeProjectionBandQ610_Pipeline_VITIS_LOOP_3012_2    | (P+(A2*B'')')'         | 25     | 17     | -      | -      | 34     | 1    | 2    | -    | -    | -     | 1    | 1    | 
|SubbandRealtimeTopQ610Ip_p_anonymous_namespace_RunRealtimeProjectionBandQ610_Pipeline_VITIS_LOOP_3012_2    | (P+(A2*B'')')'         | 25     | 17     | -      | -      | 34     | 1    | 2    | -    | -    | -     | 1    | 1    | 
|SubbandRealtimeTopQ610Ip_p_anonymous_namespace_RunRealtimeProjectionBandQ610_Pipeline_VITIS_LOOP_3012_2    | (P+(A2*B'')')'         | 25     | 17     | -      | -      | 34     | 1    | 2    | -    | -    | -     | 1    | 1    | 
|SubbandRealtimeTopQ610Ip_p_anonymous_namespace_RunRealtimeProjectionBandQ610_Pipeline_VITIS_LOOP_3012_2    | (P+(A2*B'')')'         | 25     | 17     | -      | -      | 34     | 1    | 2    | -    | -    | -     | 1    | 1    | 
|SubbandRealtimeTopQ610Ip_p_anonymous_namespace_RunRealtimeProjectionBandQ610_Pipeline_VITIS_LOOP_3012_2    | (P+(A2*B'')')'         | 25     | 17     | -      | -      | 34     | 1    | 2    | -    | -    | -     | 1    | 1    | 
|SubbandRealtimeTopQ610Ip_p_anonymous_namespace_RunRealtimeProjectionBandQ610_Pipeline_VITIS_LOOP_3012_2    | (P+(A2*B'')')'         | 25     | 17     | -      | -      | 34     | 1    | 2    | -    | -    | -     | 1    | 1    | 
|SubbandRealtimeTopQ610Ip_p_anonymous_namespace_RunRealtimeProjectionBandQ610_Pipeline_VITIS_LOOP_3012_2    | (P+(A2*B'')')'         | 25     | 17     | -      | -      | 34     | 1    | 2    | -    | -    | -     | 1    | 1    | 
|SubbandRealtimeTopQ610Ip_p_anonymous_namespace_RunRealtimeProjectionBandQ610_Pipeline_VITIS_LOOP_3012_2    | (P+(A2*B'')')'         | 25     | 17     | -      | -      | 34     | 1    | 2    | -    | -    | -     | 1    | 1    | 
|SubbandRealtimeTopQ610Ip_p_anonymous_namespace_RunRealtimeProjectionBandQ610_Pipeline_VITIS_LOOP_3012_2    | (P+(A2*B'')')'         | 25     | 17     | -      | -      | 34     | 1    | 2    | -    | -    | -     | 1    | 1    | 
|SubbandRealtimeTopQ610Ip_p_anonymous_namespace_RunRealtimeProjectionBandQ610_Pipeline_VITIS_LOOP_3012_2    | (P+(A2*B'')')'         | 25     | 17     | -      | -      | 34     | 1    | 2    | -    | -    | -     | 1    | 1    | 
|SubbandRealtimeTopQ610Ip_p_anonymous_namespace_RunRealtimeProjectionBandQ610_Pipeline_VITIS_LOOP_3012_2    | (P+(A2*B'')')'         | 25     | 17     | -      | -      | 34     | 1    | 2    | -    | -    | -     | 1    | 1    | 
|SubbandRealtimeTopQ610Ip_p_anonymous_namespace_RunRealtimeProjectionBandQ610_Pipeline_VITIS_LOOP_3012_2    | (P+(A2*B'')')'         | 25     | 17     | -      | -      | 34     | 1    | 2    | -    | -    | -     | 1    | 1    | 
|SubbandRealtimeTopQ610Ip_p_anonymous_namespace_RunRealtimeProjectionBandQ610_Pipeline_VITIS_LOOP_3012_2    | (P+(A2*B'')')'         | 25     | 17     | -      | -      | 34     | 1    | 2    | -    | -    | -     | 1    | 1    | 
|SubbandRealtimeTopQ610Ip_p_anonymous_namespace_RunRealtimeProjectionBandQ610_Pipeline_VITIS_LOOP_3012_2    | (P+(A2*B'')')'         | 25     | 17     | -      | -      | 34     | 1    | 2    | -    | -    | -     | 1    | 1    | 
|SubbandRealtimeTopQ610Ip_p_anonymous_namespace_RunRealtimeProjectionBandQ610_Pipeline_VITIS_LOOP_3012_2    | (P+(A2*B'')')'         | 25     | 17     | -      | -      | 34     | 1    | 2    | -    | -    | -     | 1    | 1    | 
|SubbandRealtimeTopQ610Ip_p_anonymous_namespace_RunRealtimeProjectionBandQ610_Pipeline_VITIS_LOOP_3012_2    | (P+(A2*B'')')'         | 25     | 17     | -      | -      | 34     | 1    | 2    | -    | -    | -     | 1    | 1    | 
|SubbandRealtimeTopQ610Ip_p_anonymous_namespace_RunRealtimeProjectionBandQ610_Pipeline_VITIS_LOOP_3012_2    | (P+(A2*B'')')'         | 25     | 17     | -      | -      | 34     | 1    | 2    | -    | -    | -     | 1    | 1    | 
|SubbandRealtimeTopQ610Ip_p_anonymous_namespace_RunRealtimeProjectionBandQ610_Pipeline_VITIS_LOOP_3012_2    | (P+(A2*B'')')'         | 25     | 17     | -      | -      | 34     | 1    | 2    | -    | -    | -     | 1    | 1    | 
|SubbandRealtimeTopQ610Ip_p_anonymous_namespace_RunRealtimeProjectionBandQ610_Pipeline_VITIS_LOOP_3012_2    | (P+(A2*B'')')'         | 25     | 17     | -      | -      | 34     | 1    | 2    | -    | -    | -     | 1    | 1    | 
|SubbandRealtimeTopQ610Ip_p_anonymous_namespace_RunRealtimeProjectionBandQ610_Pipeline_VITIS_LOOP_3012_2    | (P+(A2*B'')')'         | 25     | 17     | -      | -      | 34     | 1    | 2    | -    | -    | -     | 1    | 1    | 
|SubbandRealtimeTopQ610Ip_p_anonymous_namespace_RunRealtimeProjectionBandQ610_Pipeline_VITIS_LOOP_3012_2    | (P+(A2*B'')')'         | 25     | 17     | -      | -      | 34     | 1    | 2    | -    | -    | -     | 1    | 1    | 
|SubbandRealtimeTopQ610Ip_p_anonymous_namespace_RunRealtimeProjectionBandQ610_Pipeline_VITIS_LOOP_3012_2    | (P+(A2*B'')')'         | 25     | 17     | -      | -      | 34     | 1    | 2    | -    | -    | -     | 1    | 1    | 
|SubbandRealtimeTopQ610Ip_p_anonymous_namespace_RunRealtimeProjectionBandQ610_Pipeline_VITIS_LOOP_3012_2    | (P+(A2*B'')')'         | 25     | 17     | -      | -      | 34     | 1    | 2    | -    | -    | -     | 1    | 1    | 
|SubbandRealtimeTopQ610Ip_p_anonymous_namespace_RunRealtimeProjectionBandQ610_Pipeline_VITIS_LOOP_3012_2    | (P+(A2*B'')')'         | 25     | 17     | -      | -      | 34     | 1    | 2    | -    | -    | -     | 1    | 1    | 
|SubbandRealtimeTopQ610Ip_p_anonymous_namespace_RunRealtimeProjectionBandQ610_Pipeline_VITIS_LOOP_3012_2    | (P+(A2*B'')')'         | 25     | 17     | -      | -      | 34     | 1    | 2    | -    | -    | -     | 1    | 1    | 
|SubbandRealtimeTopQ610Ip_p_anonymous_namespace_RunRealtimeProjectionBandQ610                               | (C'+(A2*B)')'          | 12     | 5      | 4      | -      | 12     | 1    | 0    | 1    | -    | -     | 1    | 1    | 
|SubbandRealtimeTopQ610Ip_p_anonymous_namespace_RunRealtimeProjectionBandQ610                               | (C'+(A*B2)')'          | 12     | 12     | 12     | -      | 12     | 0    | 1    | 1    | -    | -     | 1    | 1    | 
+-----------------------------------------------------------------------------------------------------------+------------------------+--------+--------+--------+--------+--------+------+------+------+------+-------+------+------+

Note: The table above is a preliminary report that shows the DSPs inferred at the current stage of the synthesis flow. Some DSP may be reimplemented as non DSP primitives later in the synthesis flow. Multiple instantiated DSPs are reported only once.
---------------------------------------------------------------------------------
Finished ROM, RAM, DSP, Shift Register and Retiming Reporting
---------------------------------------------------------------------------------
---------------------------------------------------------------------------------
Start Applying XDC Timing Constraints
---------------------------------------------------------------------------------
---------------------------------------------------------------------------------
Finished Applying XDC Timing Constraints : Time (s): cpu = 00:03:18 ; elapsed = 00:03:32 . Memory (MB): peak = 4317.875 ; gain = 3121.340
---------------------------------------------------------------------------------
---------------------------------------------------------------------------------
Start Timing Optimization
---------------------------------------------------------------------------------
INFO: [Synth 8-5775] Found 'rw_addr_collision' attribute set to 'no' on SDP RAM gen_wr_a.gen_word_narrow.mem_reg. Setting write mode to NO_CHANGE 
INFO: [Synth 8-5775] Found 'rw_addr_collision' attribute set to 'no' on SDP RAM gen_wr_a.gen_word_narrow.mem_reg. Setting write mode to NO_CHANGE 
INFO: [Synth 8-5775] Found 'rw_addr_collision' attribute set to 'no' on SDP RAM gen_wr_a.gen_word_narrow.mem_reg. Setting write mode to NO_CHANGE 
---------------------------------------------------------------------------------
Finished Timing Optimization : Time (s): cpu = 00:04:39 ; elapsed = 00:04:56 . Memory (MB): peak = 4317.875 ; gain = 3121.340
---------------------------------------------------------------------------------
---------------------------------------------------------------------------------
Start ROM, RAM, DSP, Shift Register and Retiming Reporting
---------------------------------------------------------------------------------

Block RAM: Final Mapping Report
+----------------------------------------------------------------------------------------------------------------------------------------------------------------------------------------------------------------------------------------+-------------------------------------------------------------------------------------------+------------------------+---+---+------------------------+---+---+------------------+--------+--------+
|Module Name                                                                                                                                                                                                                             | RTL Object                                                                                | PORT A (Depth x Width) | W | R | PORT B (Depth x Width) | W | R | Ports driving FF | RAMB18 | RAMB36 | 
+----------------------------------------------------------------------------------------------------------------------------------------------------------------------------------------------------------------------------------------+-------------------------------------------------------------------------------------------+------------------------+---+---+------------------------+---+---+------------------+--------+--------+
|realtime_dma_bd_i/subband_realtime_0                                                                                                                                                                                                    | RunSubbandRealtimeTopCoreQ610_stream_stream_ap_uint_const_int_bool_stream_pr_1_U/ram_reg  | 24 x 16(NO_CHANGE)     | W |   | 24 x 16(READ_FIRST)    | W | R | Port A and B     | 1      | 0      | 
|realtime_dma_bd_i/subband_realtime_0                                                                                                                                                                                                    | RunSubbandRealtimeTopCoreQ610_stream_stream_ap_uint_const_int_bool_stream_pr_2_U/ram_reg  | 24 x 16(NO_CHANGE)     | W |   | 24 x 16(READ_FIRST)    | W | R | Port A and B     | 1      | 0      | 
|realtime_dma_bd_i/subband_realtime_0                                                                                                                                                                                                    | RunSubbandRealtimeTopCoreQ610_stream_stream_ap_uint_const_int_bool_stream_pr_3_U/ram_reg  | 24 x 16(NO_CHANGE)     | W |   | 24 x 16(READ_FIRST)    | W | R | Port A and B     | 1      | 0      | 
|realtime_dma_bd_i/subband_realtime_0                                                                                                                                                                                                    | RunSubbandRealtimeTopCoreQ610_stream_stream_ap_uint_const_int_bool_stream_pr_4_U/ram_reg  | 24 x 16(NO_CHANGE)     | W |   | 24 x 16(READ_FIRST)    | W | R | Port A and B     | 1      | 0      | 
|realtime_dma_bd_i/subband_realtime_0                                                                                                                                                                                                    | RunSubbandRealtimeTopCoreQ610_stream_stream_ap_uint_const_int_bool_stream_pr_5_U/ram_reg  | 24 x 16(NO_CHANGE)     | W |   | 24 x 16(READ_FIRST)    | W | R | Port A and B     | 1      | 0      | 
|realtime_dma_bd_i/subband_realtime_0                                                                                                                                                                                                    | RunSubbandRealtimeTopCoreQ610_stream_stream_ap_uint_const_int_bool_stream_pr_6_U/ram_reg  | 24 x 16(NO_CHANGE)     | W |   | 24 x 16(READ_FIRST)    | W | R | Port A and B     | 1      | 0      | 
|realtime_dma_bd_i/subband_realtime_0                                                                                                                                                                                                    | RunSubbandRealtimeTopCoreQ610_stream_stream_ap_uint_const_int_bool_stream_pr_7_U/ram_reg  | 24 x 16(NO_CHANGE)     | W |   | 24 x 16(READ_FIRST)    | W | R | Port A and B     | 1      | 0      | 
|realtime_dma_bd_i/subband_realtime_0                                                                                                                                                                                                    | RunSubbandRealtimeTopCoreQ610_stream_stream_ap_uint_const_int_bool_stream_pr_8_U/ram_reg  | 24 x 16(NO_CHANGE)     | W |   | 24 x 16(READ_FIRST)    | W | R | Port A and B     | 1      | 0      | 
|SubbandRealtimeTopQ610Ip_p_anonymous_namespace_RunRealtimeBandQ610__GCB0                                                                                                                                                                | RunSubbandRealtimeTopCoreQ610_stream_stream_ap_uint_const_int_bool_stream_la_1_U/ram_reg  | 3 K x 16(READ_FIRST)   | W |   | 3 K x 16(WRITE_FIRST)  |   | R | Port A and B     | 0      | 2      | 
|SubbandRealtimeTopQ610Ip_p_anonymous_namespace_RunRealtimeBandQ610__GCB0                                                                                                                                                                | RunSubbandRealtimeTopCoreQ610_stream_stream_ap_uint_const_int_bool_stream_la_U/ram_reg    | 3 K x 16(READ_FIRST)   | W |   | 3 K x 16(WRITE_FIRST)  |   | R | Port A and B     | 0      | 2      | 
|SubbandRealtimeTopQ610Ip_p_anonymous_namespace_RunRealtimeGSULayersSharedBandQ610__GCB1                                                                                                                                                 | RunSubbandRealtimeTopCoreQ610_stream_stream_ap_uint_const_int_bool_stream_we_2_U/ram_reg  | 784 x 512(READ_FIRST)  | W |   | 784 x 512(WRITE_FIRST) |   | R | Port A and B     | 1      | 14     | 
|SubbandRealtimeTopQ610Ip_p_anonymous_namespace_RunRealtimeGSULayersSharedBandQ610__GCB1                                                                                                                                                 | RunSubbandRealtimeTopCoreQ610_stream_stream_ap_uint_const_int_bool_stream_we_3_U/ram_reg  | 784 x 512(READ_FIRST)  | W |   | 784 x 512(WRITE_FIRST) |   | R | Port A and B     | 1      | 14     | 
|SubbandRealtimeTopQ610Ip_p_anonymous_namespace_RunRealtimeGSULayersSharedBandQ610__GCB1                                                                                                                                                 | RunSubbandRealtimeTopCoreQ610_stream_stream_ap_uint_const_int_bool_stream_we_U/ram_reg    | 784 x 512(READ_FIRST)  | W |   | 784 x 512(WRITE_FIRST) |   | R | Port A and B     | 1      | 14     | 
|SubbandRealtimeTopQ610Ip_p_anonymous_namespace_RunRealtimeGSULayersSharedBandQ610__GCB1                                                                                                                                                 | RunSubbandRealtimeTopCoreQ610_stream_stream_ap_uint_const_int_bool_stream_we_1_U/ram_reg  | 784 x 512(READ_FIRST)  | W |   | 784 x 512(WRITE_FIRST) |   | R | Port A and B     | 1      | 14     | 
|realtime_dma_bd_i/subband_realtime_0                                                                                                                                                                                                    | output_chunk_U/ram_reg                                                                    | 4 K x 16(READ_FIRST)   | W |   | 4 K x 16(WRITE_FIRST)  |   | R | Port A and B     | 0      | 4      | 
|realtime_dma_bd_i/subband_realtime_0/insti_9/weights_m_axi_U                                                                                                                                                                            | load_unit/buff_rdata/U_fifo_mem/mem_reg                                                   | 15 x 258(READ_FIRST)   | W |   | 15 x 258(WRITE_FIRST)  |   | R | Port A and B     | 0      | 4      | 
|SubbandRealtimeTopQ610Ip_p_anonymous_namespace_RunRealtimeBandQ610__GCB0                                                                                                                                                                | RunSubbandRealtimeTopCoreQ610_stream_stream_ap_uint_const_int_bool_stream_pr_U/ram_reg    | 1 K x 512(READ_FIRST)  | W |   | 1 K x 512(WRITE_FIRST) |   | R | Port A and B     | 1      | 28     | 
|SubbandRealtimeTopQ610Ip_p_anonymous_namespace_RunRealtimeGSULayersSharedBandQ610__GCB0                                                                                                                                                 | RunSubbandRealtimeTopCoreQ610_stream_stream_ap_uint_const_int_bool_stream_la_7_U/ram_reg  | 3 K x 16(READ_FIRST)   | W |   | 3 K x 16(WRITE_FIRST)  |   | R | Port A and B     | 0      | 2      | 
|SubbandRealtimeTopQ610Ip_p_anonymous_namespace_RunRealtimeGSULayersSharedBandQ610__GCB0                                                                                                                                                 | RunSubbandRealtimeTopCoreQ610_stream_stream_ap_uint_const_int_bool_stream_la_6_U/ram_reg  | 3 K x 16(READ_FIRST)   | W |   | 3 K x 16(WRITE_FIRST)  |   | R | Port A and B     | 0      | 2      | 
|SubbandRealtimeTopQ610Ip_p_anonymous_namespace_RunRealtimeGSULayersSharedBandQ610__GCB1                                                                                                                                                 | RunSubbandRealtimeTopCoreQ610_stream_stream_ap_uint_const_int_bool_stream_bn_2_U/ram_reg  | 112 x 16(NO_CHANGE)    | W |   | 112 x 16(READ_FIRST)   | W | R | Port A and B     | 1      | 0      | 
|SubbandRealtimeTopQ610Ip_p_anonymous_namespace_RunRealtimeGSULayersSharedBandQ610__GCB1                                                                                                                                                 | RunSubbandRealtimeTopCoreQ610_stream_stream_ap_uint_const_int_bool_stream_bn_3_U/ram_reg  | 112 x 16(NO_CHANGE)    | W |   | 112 x 16(READ_FIRST)   | W | R | Port A and B     | 1      | 0      | 
|SubbandRealtimeTopQ610Ip_p_anonymous_namespace_RunRealtimeGSULayersSharedBandQ610__GCB1                                                                                                                                                 | RunSubbandRealtimeTopCoreQ610_stream_stream_ap_uint_const_int_bool_stream_bn_U/ram_reg    | 112 x 16(NO_CHANGE)    | W |   | 112 x 16(READ_FIRST)   | W | R | Port A and B     | 1      | 0      | 
|SubbandRealtimeTopQ610Ip_p_anonymous_namespace_RunRealtimeGSULayersSharedBandQ610__GCB1                                                                                                                                                 | RunSubbandRealtimeTopCoreQ610_stream_stream_ap_uint_const_int_bool_stream_bn_1_U/ram_reg  | 112 x 16(NO_CHANGE)    | W |   | 112 x 16(READ_FIRST)   | W | R | Port A and B     | 1      | 0      | 
|SubbandRealtimeTopQ610Ip_p_anonymous_namespace_RunRealtimeGSULayersSharedBandQ610__GCB1                                                                                                                                                 | RunSubbandRealtimeTopCoreQ610_stream_stream_ap_uint_const_int_bool_stream_bi_U/ram_reg    | 224 x 16(READ_FIRST)   | W | R | 224 x 16(READ_FIRST)   | W | R | Port A and B     | 1      | 0      | 
|SubbandRealtimeTopQ610Ip_p_anonymous_namespace_RunRealtimeGSULayersSharedBandQ610__GCB1                                                                                                                                                 | RunSubbandRealtimeTopCoreQ610_stream_stream_ap_uint_const_int_bool_stream_bi_1_U/ram_reg  | 224 x 16(READ_FIRST)   | W | R | 224 x 16(READ_FIRST)   | W | R | Port A and B     | 1      | 0      | 
|realtime_dma_bd_i/subband_realtime_0                                                                                                                                                                                                    | noisy_chunk_U/ram_reg                                                                     | 1 K x 16(READ_FIRST)   | W |   | 1 K x 16(WRITE_FIRST)  |   | R | Port A and B     | 1      | 0      | 
|realtime_dma_bd_i/subband_realtime_0                                                                                                                                                                                                    | fb_chunk_U/ram_reg                                                                        | 1 K x 16(READ_FIRST)   | W |   | 1 K x 16(WRITE_FIRST)  |   | R | Port A and B     | 1      | 0      | 
|realtime_dma_bd_i/subband_realtime_0                                                                                                                                                                                                    | RunSubbandRealtimeTopCoreQ610_stream_stream_ap_uint_const_int_bool_stream_la_9_U/ram_reg  | 2 K x 16(READ_FIRST)   | W |   | 2 K x 16(WRITE_FIRST)  |   | R | Port A and B     | 0      | 2      | 
|realtime_dma_bd_i/subband_realtime_0                                                                                                                                                                                                    | RunSubbandRealtimeTopCoreQ610_stream_stream_ap_uint_const_int_bool_stream_la_11_U/ram_reg | 2 K x 16(READ_FIRST)   | W |   | 2 K x 16(WRITE_FIRST)  |   | R | Port A and B     | 0      | 2      | 
|realtime_dma_bd_i/subband_realtime_0                                                                                                                                                                                                    | RunSubbandRealtimeTopCoreQ610_stream_stream_ap_uint_const_int_bool_stream_la_3_U/ram_reg  | 2 K x 16(READ_FIRST)   | W |   | 2 K x 16(WRITE_FIRST)  |   | R | Port A and B     | 0      | 2      | 
|realtime_dma_bd_i/subband_realtime_0                                                                                                                                                                                                    | RunSubbandRealtimeTopCoreQ610_stream_stream_ap_uint_const_int_bool_stream_la_5_U/ram_reg  | 2 K x 16(READ_FIRST)   | W |   | 2 K x 16(WRITE_FIRST)  |   | R | Port A and B     | 0      | 2      | 
|realtime_dma_bd_i/subband_realtime_0                                                                                                                                                                                                    | RunSubbandRealtimeTopCoreQ610_stream_stream_ap_uint_const_int_bool_stream_la_8_U/ram_reg  | 2 K x 16(READ_FIRST)   | W |   | 2 K x 16(WRITE_FIRST)  |   | R | Port A and B     | 0      | 2      | 
|realtime_dma_bd_i/subband_realtime_0                                                                                                                                                                                                    | RunSubbandRealtimeTopCoreQ610_stream_stream_ap_uint_const_int_bool_stream_la_10_U/ram_reg | 2 K x 16(READ_FIRST)   | W |   | 2 K x 16(WRITE_FIRST)  |   | R | Port A and B     | 0      | 2      | 
|realtime_dma_bd_i/subband_realtime_0                                                                                                                                                                                                    | RunSubbandRealtimeTopCoreQ610_stream_stream_ap_uint_const_int_bool_stream_la_2_U/ram_reg  | 2 K x 16(READ_FIRST)   | W |   | 2 K x 16(WRITE_FIRST)  |   | R | Port A and B     | 0      | 2      | 
|realtime_dma_bd_i/subband_realtime_0                                                                                                                                                                                                    | RunSubbandRealtimeTopCoreQ610_stream_stream_ap_uint_const_int_bool_stream_la_4_U/ram_reg  | 2 K x 16(READ_FIRST)   | W |   | 2 K x 16(WRITE_FIRST)  |   | R | Port A and B     | 0      | 2      | 
|axi_dma0/U0/\I_PRMRY_DATAMOVER/GEN_MM2S_FULL.I_MM2S_FULL_WRAPPER/GEN_INCLUDE_MM2S_SF.I_RD_SF/I_DATA_FIFO/BLK_MEM.I_SYNC_FIFOGEN_FIFO/xpm_fifo_instance.xpm_fifo_sync_inst /xpm_fifo_base_inst/\gen_sdpram.xpm_memory_base_inst          | gen_wr_a.gen_word_narrow.mem_reg                                                          | 128 x 39(NO_CHANGE)    | W |   | 128 x 39(NO_CHANGE)    |   | R | Port A and B     | 0      | 1      | 
|axi_dma0/U0/\I_PRMRY_DATAMOVER/GEN_S2MM_FULL.I_S2MM_FULL_WRAPPER/GEN_ENABLE_INDET_BTT_SF.I_INDET_BTT/I_DATA_FIFO/BLK_MEM.I_SYNC_FIFOGEN_FIFO/xpm_fifo_instance.xpm_fifo_sync_inst /xpm_fifo_base_inst/\gen_sdpram.xpm_memory_base_inst  | gen_wr_a.gen_word_narrow.mem_reg                                                          | 128 x 38(NO_CHANGE)    | W |   | 128 x 38(NO_CHANGE)    |   | R | Port A and B     | 0      | 1      | 
|axi_dma1/U0/\I_PRMRY_DATAMOVER/GEN_MM2S_FULL.I_MM2S_FULL_WRAPPER/GEN_INCLUDE_MM2S_SF.I_RD_SF/I_DATA_FIFO/BLK_MEM.I_SYNC_FIFOGEN_FIFO/xpm_fifo_instance.xpm_fifo_sync_inst /xpm_fifo_base_inst/\gen_sdpram.xpm_memory_base_inst          | gen_wr_a.gen_word_narrow.mem_reg                                                          | 128 x 39(NO_CHANGE)    | W |   | 128 x 39(NO_CHANGE)    |   | R | Port A and B     | 0      | 1      | 
+----------------------------------------------------------------------------------------------------------------------------------------------------------------------------------------------------------------------------------------+-------------------------------------------------------------------------------------------+------------------------+---+---+------------------------+---+---+------------------+--------+--------+


Distributed RAM: Final Mapping Report
+------------------------------------------------------------------------------------------------------------------------------------------------------------------------------------------------------------------------------------------+----------------------------------+----------------+----------------------+---------------+
|Module Name                                                                                                                                                                                                                               | RTL Object                       | Inference      | Size (Depth x Width) | Primitives    | 
+------------------------------------------------------------------------------------------------------------------------------------------------------------------------------------------------------------------------------------------+----------------------------------+----------------+----------------------+---------------+
|\m00_nodes/m00_ar_node/inst /\inst_mi_handler/gen_normal_area.inst_fifo_node_payld/gen_xpm_memory_fifo.inst_fifo/gen_mem_rep[0].inst_xpm_memory /xpm_memory_base_inst                                                                     | gen_wr_a.gen_word_narrow.mem_reg | User Attribute | 32 x 161             | RAM32M x 27   | 
|\m00_nodes/m00_aw_node/inst /\inst_mi_handler/gen_normal_area.inst_fifo_node_payld/gen_xpm_memory_fifo.inst_fifo/gen_mem_rep[0].inst_xpm_memory /xpm_memory_base_inst                                                                     | gen_wr_a.gen_word_narrow.mem_reg | User Attribute | 32 x 161             | RAM32M x 27   | 
|\m00_nodes/m00_b_node/inst /\inst_mi_handler/gen_normal_area.gen_fifo_req.inst_fifo_req/gen_xpm_memory_fifo.inst_fifo/gen_mem_rep[0].inst_xpm_memory /xpm_memory_base_inst                                                                | gen_wr_a.gen_word_narrow.mem_reg | User Attribute | 32 x 21              | RAM32M x 4    | 
|\m00_nodes/m00_b_node/inst /\inst_mi_handler/gen_normal_area.inst_fifo_node_payld/gen_xpm_memory_fifo.inst_fifo/gen_mem_rep[0].inst_xpm_memory /xpm_memory_base_inst                                                                      | gen_wr_a.gen_word_narrow.mem_reg | User Attribute | 32 x 10              | RAM32M x 2    | 
|\m00_nodes/m00_r_node/inst /\inst_mi_handler/gen_normal_area.gen_fifo_req.inst_fifo_req/gen_xpm_memory_fifo.inst_fifo/gen_mem_rep[0].inst_xpm_memory /xpm_memory_base_inst                                                                | gen_wr_a.gen_word_narrow.mem_reg | User Attribute | 32 x 21              | RAM32M x 4    | 
|\m00_nodes/m00_r_node/inst /\inst_mi_handler/gen_normal_area.inst_fifo_node_payld/gen_xpm_memory_fifo.inst_fifo/gen_mem_rep[0].inst_xpm_memory /xpm_memory_base_inst                                                                      | gen_wr_a.gen_word_narrow.mem_reg | User Attribute | 32 x 140             | RAM32M x 24   | 
|\m00_nodes/m00_r_node/inst /\inst_mi_handler/gen_normal_area.inst_fifo_node_payld/gen_xpm_memory_fifo.inst_fifo/gen_mem_rep[1].inst_xpm_memory /xpm_memory_base_inst                                                                      | gen_wr_a.gen_word_narrow.mem_reg | User Attribute | 32 x 140             | RAM32M x 24   | 
|\m00_nodes/m00_w_node/inst /\inst_si_handler/gen_si_handler.gen_request_fifos.gen_req_fifo[1].inst_req_fifo/gen_xpm_memory_fifo.inst_fifo/gen_mem_rep[0].inst_xpm_memory /xpm_memory_base_inst                                            | gen_wr_a.gen_word_narrow.mem_reg | User Attribute | 4 x 1                | RAM16X1D x 1  | 
|\m00_nodes/m00_w_node/inst /\inst_mi_handler/gen_normal_area.inst_fifo_node_payld/gen_xpm_memory_fifo.inst_fifo/gen_mem_rep[0].inst_xpm_memory /xpm_memory_base_inst                                                                      | gen_wr_a.gen_word_narrow.mem_reg | User Attribute | 32 x 162             | RAM32M x 27   | 
|\m00_nodes/m00_w_node/inst /\inst_mi_handler/gen_normal_area.inst_fifo_node_payld/gen_xpm_memory_fifo.inst_fifo/gen_mem_rep[1].inst_xpm_memory /xpm_memory_base_inst                                                                      | gen_wr_a.gen_word_narrow.mem_reg | User Attribute | 32 x 162             | RAM32M x 27   | 
|\s03_nodes/s03_ar_node/inst /\inst_mi_handler/gen_normal_area.inst_fifo_node_payld/gen_xpm_memory_fifo.inst_fifo/gen_mem_rep[0].inst_xpm_memory /xpm_memory_base_inst                                                                     | gen_wr_a.gen_word_narrow.mem_reg | User Attribute | 32 x 142             | RAM32M x 24   | 
|\s03_nodes/s03_r_node/inst /\inst_mi_handler/gen_normal_area.inst_fifo_node_payld/gen_xpm_memory_fifo.inst_fifo/gen_mem_rep[0].inst_xpm_memory /xpm_memory_base_inst                                                                      | gen_wr_a.gen_word_narrow.mem_reg | User Attribute | 32 x 149             | RAM32M x 25   | 
|\s03_nodes/s03_r_node/inst /\inst_mi_handler/gen_normal_area.inst_fifo_node_payld/gen_xpm_memory_fifo.inst_fifo/gen_mem_rep[1].inst_xpm_memory /xpm_memory_base_inst                                                                      | gen_wr_a.gen_word_narrow.mem_reg | User Attribute | 32 x 149             | RAM32M x 25   | 
|\s01_nodes/s01_aw_node/inst /\inst_mi_handler/gen_normal_area.inst_fifo_node_payld/gen_xpm_memory_fifo.inst_fifo/gen_mem_rep[0].inst_xpm_memory /xpm_memory_base_inst                                                                     | gen_wr_a.gen_word_narrow.mem_reg | User Attribute | 32 x 142             | RAM32M x 24   | 
|\s01_nodes/s01_b_node/inst /\inst_mi_handler/gen_normal_area.inst_fifo_node_payld/gen_xpm_memory_fifo.inst_fifo/gen_mem_rep[0].inst_xpm_memory /xpm_memory_base_inst                                                                      | gen_wr_a.gen_word_narrow.mem_reg | User Attribute | 32 x 28              | RAM32M x 5    | 
|\s01_nodes/s01_w_node/inst /\inst_mi_handler/gen_normal_area.gen_fifo_req.inst_fifo_req/gen_xpm_memory_fifo.inst_fifo/gen_mem_rep[0].inst_xpm_memory /xpm_memory_base_inst                                                                | gen_wr_a.gen_word_narrow.mem_reg | User Attribute | 32 x 18              | RAM32M x 3    | 
|\s01_nodes/s01_w_node/inst /\inst_mi_handler/gen_normal_area.inst_fifo_node_payld/gen_xpm_memory_fifo.inst_fifo/gen_mem_rep[0].inst_xpm_memory /xpm_memory_base_inst                                                                      | gen_wr_a.gen_word_narrow.mem_reg | User Attribute | 32 x 152             | RAM32M x 26   | 
|\s01_nodes/s01_w_node/inst /\inst_mi_handler/gen_normal_area.inst_fifo_node_payld/gen_xpm_memory_fifo.inst_fifo/gen_mem_rep[1].inst_xpm_memory /xpm_memory_base_inst                                                                      | gen_wr_a.gen_word_narrow.mem_reg | User Attribute | 32 x 152             | RAM32M x 26   | 
|realtime_dma_bd_i/axi_smc_mem/inst/i_1/\s02_nodes/s02_ar_node/inst /\inst_mi_handler/gen_normal_area.inst_fifo_node_payld/gen_xpm_memory_fifo.inst_fifo/gen_mem_rep[0].inst_xpm_memory /xpm_memory_base_inst                              | gen_wr_a.gen_word_narrow.mem_reg | User Attribute | 32 x 142             | RAM32M x 24   | 
|realtime_dma_bd_i/axi_smc_mem/inst/i_1/\s02_nodes/s02_r_node/inst /\inst_mi_handler/gen_normal_area.inst_fifo_node_payld/gen_xpm_memory_fifo.inst_fifo/gen_mem_rep[0].inst_xpm_memory /xpm_memory_base_inst                               | gen_wr_a.gen_word_narrow.mem_reg | User Attribute | 32 x 150             | RAM32M x 25   | 
|realtime_dma_bd_i/axi_smc_mem/inst/i_1/\s02_nodes/s02_r_node/inst /\inst_mi_handler/gen_normal_area.inst_fifo_node_payld/gen_xpm_memory_fifo.inst_fifo/gen_mem_rep[1].inst_xpm_memory /xpm_memory_base_inst                               | gen_wr_a.gen_word_narrow.mem_reg | User Attribute | 32 x 150             | RAM32M x 25   | 
|realtime_dma_bd_i/axi_smc_mem/inst/i_1/\s00_nodes/s00_ar_node/inst /\inst_mi_handler/gen_normal_area.inst_fifo_node_payld/gen_xpm_memory_fifo.inst_fifo/gen_mem_rep[0].inst_xpm_memory /xpm_memory_base_inst                              | gen_wr_a.gen_word_narrow.mem_reg | User Attribute | 32 x 142             | RAM32M x 24   | 
|realtime_dma_bd_i/axi_smc_mem/inst/i_1/\s00_nodes/s00_r_node/inst /\inst_mi_handler/gen_normal_area.inst_fifo_node_payld/gen_xpm_memory_fifo.inst_fifo/gen_mem_rep[0].inst_xpm_memory /xpm_memory_base_inst                               | gen_wr_a.gen_word_narrow.mem_reg | User Attribute | 32 x 150             | RAM32M x 25   | 
|realtime_dma_bd_i/axi_smc_mem/inst/i_1/\s00_nodes/s00_r_node/inst /\inst_mi_handler/gen_normal_area.inst_fifo_node_payld/gen_xpm_memory_fifo.inst_fifo/gen_mem_rep[1].inst_xpm_memory /xpm_memory_base_inst                               | gen_wr_a.gen_word_narrow.mem_reg | User Attribute | 32 x 150             | RAM32M x 25   | 
|axi_dma0/U0/\I_PRMRY_DATAMOVER/GEN_S2MM_FULL.I_S2MM_FULL_WRAPPER/GEN_ENABLE_INDET_BTT_SF.I_INDET_BTT/I_XD_FIFO/NON_BLK_MEM.I_SYNC_FIFOGEN_FIFO/xpm_fifo_instance.xpm_fifo_sync_inst /xpm_fifo_base_inst/\gen_sdpram.xpm_memory_base_inst  | gen_wr_a.gen_word_narrow.mem_reg | Implied        | 16 x 9               | RAM32M x 2    | 
+------------------------------------------------------------------------------------------------------------------------------------------------------------------------------------------------------------------------------------------+----------------------------------+----------------+----------------------+---------------+

---------------------------------------------------------------------------------
Finished ROM, RAM, DSP, Shift Register and Retiming Reporting
---------------------------------------------------------------------------------
---------------------------------------------------------------------------------
Start Technology Mapping
---------------------------------------------------------------------------------
INFO: [Synth 8-7052] The timing for the instance realtime_dma_bd_i/subband_realtime_0/insti_8/RunSubbandRealtimeTopCoreQ610_stream_stream_ap_uint_const_int_bool_stream_pr_1_U/ram_reg (implemented as a Block RAM) might be sub-optimal as no optional output register could be merged into the ram block. Providing additional output register may help in improving timing.
INFO: [Synth 8-7052] The timing for the instance realtime_dma_bd_i/subband_realtime_0/insti_8/RunSubbandRealtimeTopCoreQ610_stream_stream_ap_uint_const_int_bool_stream_pr_2_U/ram_reg (implemented as a Block RAM) might be sub-optimal as no optional output register could be merged into the ram block. Providing additional output register may help in improving timing.
INFO: [Synth 8-7052] The timing for the instance realtime_dma_bd_i/subband_realtime_0/insti_8/RunSubbandRealtimeTopCoreQ610_stream_stream_ap_uint_const_int_bool_stream_pr_3_U/ram_reg (implemented as a Block RAM) might be sub-optimal as no optional output register could be merged into the ram block. Providing additional output register may help in improving timing.
INFO: [Synth 8-7052] The timing for the instance realtime_dma_bd_i/subband_realtime_0/insti_8/RunSubbandRealtimeTopCoreQ610_stream_stream_ap_uint_const_int_bool_stream_pr_4_U/ram_reg (implemented as a Block RAM) might be sub-optimal as no optional output register could be merged into the ram block. Providing additional output register may help in improving timing.
INFO: [Synth 8-7052] The timing for the instance realtime_dma_bd_i/subband_realtime_0/insti_8/RunSubbandRealtimeTopCoreQ610_stream_stream_ap_uint_const_int_bool_stream_pr_5_U/ram_reg (implemented as a Block RAM) might be sub-optimal as no optional output register could be merged into the ram block. Providing additional output register may help in improving timing.
INFO: [Synth 8-7052] The timing for the instance realtime_dma_bd_i/subband_realtime_0/insti_8/RunSubbandRealtimeTopCoreQ610_stream_stream_ap_uint_const_int_bool_stream_pr_6_U/ram_reg (implemented as a Block RAM) might be sub-optimal as no optional output register could be merged into the ram block. Providing additional output register may help in improving timing.
INFO: [Synth 8-7052] The timing for the instance realtime_dma_bd_i/subband_realtime_0/insti_8/RunSubbandRealtimeTopCoreQ610_stream_stream_ap_uint_const_int_bool_stream_pr_7_U/ram_reg (implemented as a Block RAM) might be sub-optimal as no optional output register could be merged into the ram block. Providing additional output register may help in improving timing.
INFO: [Synth 8-7052] The timing for the instance realtime_dma_bd_i/subband_realtime_0/insti_8/RunSubbandRealtimeTopCoreQ610_stream_stream_ap_uint_const_int_bool_stream_pr_8_U/ram_reg (implemented as a Block RAM) might be sub-optimal as no optional output register could be merged into the ram block. Providing additional output register may help in improving timing.
INFO: [Synth 8-7052] The timing for the instance realtime_dma_bd_i/subband_realtime_0/insti_6/inst/grp_p_anonymous_namespace_RunRealtimeBandQ610_fu_297/grp_p_anonymous_namespace_RunRealtimeGSULayersSharedBandQ610_fu_202/RunSubbandRealtimeTopCoreQ610_stream_stream_ap_uint_const_int_bool_stream_we_2_U/ram_reg_0 (implemented as a Block RAM) might be sub-optimal as no optional output register could be merged into the ram block. Providing additional output register may help in improving timing.
INFO: [Synth 8-7052] The timing for the instance realtime_dma_bd_i/subband_realtime_0/insti_6/inst/grp_p_anonymous_namespace_RunRealtimeBandQ610_fu_297/grp_p_anonymous_namespace_RunRealtimeGSULayersSharedBandQ610_fu_202/RunSubbandRealtimeTopCoreQ610_stream_stream_ap_uint_const_int_bool_stream_we_2_U/ram_reg_1 (implemented as a Block RAM) might be sub-optimal as no optional output register could be merged into the ram block. Providing additional output register may help in improving timing.
INFO: [Synth 8-7052] The timing for the instance realtime_dma_bd_i/subband_realtime_0/insti_6/inst/grp_p_anonymous_namespace_RunRealtimeBandQ610_fu_297/grp_p_anonymous_namespace_RunRealtimeGSULayersSharedBandQ610_fu_202/RunSubbandRealtimeTopCoreQ610_stream_stream_ap_uint_const_int_bool_stream_we_2_U/ram_reg_2 (implemented as a Block RAM) might be sub-optimal as no optional output register could be merged into the ram block. Providing additional output register may help in improving timing.
INFO: [Synth 8-7052] The timing for the instance realtime_dma_bd_i/subband_realtime_0/insti_6/inst/grp_p_anonymous_namespace_RunRealtimeBandQ610_fu_297/grp_p_anonymous_namespace_RunRealtimeGSULayersSharedBandQ610_fu_202/RunSubbandRealtimeTopCoreQ610_stream_stream_ap_uint_const_int_bool_stream_we_2_U/ram_reg_3 (implemented as a Block RAM) might be sub-optimal as no optional output register could be merged into the ram block. Providing additional output register may help in improving timing.
INFO: [Synth 8-7052] The timing for the instance realtime_dma_bd_i/subband_realtime_0/insti_6/inst/grp_p_anonymous_namespace_RunRealtimeBandQ610_fu_297/grp_p_anonymous_namespace_RunRealtimeGSULayersSharedBandQ610_fu_202/RunSubbandRealtimeTopCoreQ610_stream_stream_ap_uint_const_int_bool_stream_we_2_U/ram_reg_4 (implemented as a Block RAM) might be sub-optimal as no optional output register could be merged into the ram block. Providing additional output register may help in improving timing.
INFO: [Synth 8-7052] The timing for the instance realtime_dma_bd_i/subband_realtime_0/insti_6/inst/grp_p_anonymous_namespace_RunRealtimeBandQ610_fu_297/grp_p_anonymous_namespace_RunRealtimeGSULayersSharedBandQ610_fu_202/RunSubbandRealtimeTopCoreQ610_stream_stream_ap_uint_const_int_bool_stream_we_2_U/ram_reg_5 (implemented as a Block RAM) might be sub-optimal as no optional output register could be merged into the ram block. Providing additional output register may help in improving timing.
INFO: [Synth 8-7052] The timing for the instance realtime_dma_bd_i/subband_realtime_0/insti_6/inst/grp_p_anonymous_namespace_RunRealtimeBandQ610_fu_297/grp_p_anonymous_namespace_RunRealtimeGSULayersSharedBandQ610_fu_202/RunSubbandRealtimeTopCoreQ610_stream_stream_ap_uint_const_int_bool_stream_we_2_U/ram_reg_6 (implemented as a Block RAM) might be sub-optimal as no optional output register could be merged into the ram block. Providing additional output register may help in improving timing.
INFO: [Synth 8-7052] The timing for the instance realtime_dma_bd_i/subband_realtime_0/insti_6/inst/grp_p_anonymous_namespace_RunRealtimeBandQ610_fu_297/grp_p_anonymous_namespace_RunRealtimeGSULayersSharedBandQ610_fu_202/RunSubbandRealtimeTopCoreQ610_stream_stream_ap_uint_const_int_bool_stream_we_2_U/ram_reg_7 (implemented as a Block RAM) might be sub-optimal as no optional output register could be merged into the ram block. Providing additional output register may help in improving timing.
INFO: [Synth 8-7052] The timing for the instance realtime_dma_bd_i/subband_realtime_0/insti_6/inst/grp_p_anonymous_namespace_RunRealtimeBandQ610_fu_297/grp_p_anonymous_namespace_RunRealtimeGSULayersSharedBandQ610_fu_202/RunSubbandRealtimeTopCoreQ610_stream_stream_ap_uint_const_int_bool_stream_we_2_U/ram_reg_8 (implemented as a Block RAM) might be sub-optimal as no optional output register could be merged into the ram block. Providing additional output register may help in improving timing.
INFO: [Synth 8-7052] The timing for the instance realtime_dma_bd_i/subband_realtime_0/insti_6/inst/grp_p_anonymous_namespace_RunRealtimeBandQ610_fu_297/grp_p_anonymous_namespace_RunRealtimeGSULayersSharedBandQ610_fu_202/RunSubbandRealtimeTopCoreQ610_stream_stream_ap_uint_const_int_bool_stream_we_2_U/ram_reg_9 (implemented as a Block RAM) might be sub-optimal as no optional output register could be merged into the ram block. Providing additional output register may help in improving timing.
INFO: [Synth 8-7052] The timing for the instance realtime_dma_bd_i/subband_realtime_0/insti_6/inst/grp_p_anonymous_namespace_RunRealtimeBandQ610_fu_297/grp_p_anonymous_namespace_RunRealtimeGSULayersSharedBandQ610_fu_202/RunSubbandRealtimeTopCoreQ610_stream_stream_ap_uint_const_int_bool_stream_we_2_U/ram_reg_10 (implemented as a Block RAM) might be sub-optimal as no optional output register could be merged into the ram block. Providing additional output register may help in improving timing.
INFO: [Synth 8-7052] The timing for the instance realtime_dma_bd_i/subband_realtime_0/insti_6/inst/grp_p_anonymous_namespace_RunRealtimeBandQ610_fu_297/grp_p_anonymous_namespace_RunRealtimeGSULayersSharedBandQ610_fu_202/RunSubbandRealtimeTopCoreQ610_stream_stream_ap_uint_const_int_bool_stream_we_2_U/ram_reg_11 (implemented as a Block RAM) might be sub-optimal as no optional output register could be merged into the ram block. Providing additional output register may help in improving timing.
INFO: [Synth 8-7052] The timing for the instance realtime_dma_bd_i/subband_realtime_0/insti_6/inst/grp_p_anonymous_namespace_RunRealtimeBandQ610_fu_297/grp_p_anonymous_namespace_RunRealtimeGSULayersSharedBandQ610_fu_202/RunSubbandRealtimeTopCoreQ610_stream_stream_ap_uint_const_int_bool_stream_we_2_U/ram_reg_12 (implemented as a Block RAM) might be sub-optimal as no optional output register could be merged into the ram block. Providing additional output register may help in improving timing.
INFO: [Synth 8-7052] The timing for the instance realtime_dma_bd_i/subband_realtime_0/insti_6/inst/grp_p_anonymous_namespace_RunRealtimeBandQ610_fu_297/grp_p_anonymous_namespace_RunRealtimeGSULayersSharedBandQ610_fu_202/RunSubbandRealtimeTopCoreQ610_stream_stream_ap_uint_const_int_bool_stream_we_2_U/ram_reg_13 (implemented as a Block RAM) might be sub-optimal as no optional output register could be merged into the ram block. Providing additional output register may help in improving timing.
INFO: [Synth 8-7052] The timing for the instance realtime_dma_bd_i/subband_realtime_0/insti_6/inst/grp_p_anonymous_namespace_RunRealtimeBandQ610_fu_297/grp_p_anonymous_namespace_RunRealtimeGSULayersSharedBandQ610_fu_202/RunSubbandRealtimeTopCoreQ610_stream_stream_ap_uint_const_int_bool_stream_we_2_U/ram_reg_14 (implemented as a Block RAM) might be sub-optimal as no optional output register could be merged into the ram block. Providing additional output register may help in improving timing.
INFO: [Synth 8-7052] The timing for the instance realtime_dma_bd_i/subband_realtime_0/insti_6/inst/grp_p_anonymous_namespace_RunRealtimeBandQ610_fu_297/grp_p_anonymous_namespace_RunRealtimeGSULayersSharedBandQ610_fu_202/RunSubbandRealtimeTopCoreQ610_stream_stream_ap_uint_const_int_bool_stream_we_3_U/ram_reg_0 (implemented as a Block RAM) might be sub-optimal as no optional output register could be merged into the ram block. Providing additional output register may help in improving timing.
INFO: [Synth 8-7052] The timing for the instance realtime_dma_bd_i/subband_realtime_0/insti_6/inst/grp_p_anonymous_namespace_RunRealtimeBandQ610_fu_297/grp_p_anonymous_namespace_RunRealtimeGSULayersSharedBandQ610_fu_202/RunSubbandRealtimeTopCoreQ610_stream_stream_ap_uint_const_int_bool_stream_we_3_U/ram_reg_1 (implemented as a Block RAM) might be sub-optimal as no optional output register could be merged into the ram block. Providing additional output register may help in improving timing.
INFO: [Synth 8-7052] The timing for the instance realtime_dma_bd_i/subband_realtime_0/insti_6/inst/grp_p_anonymous_namespace_RunRealtimeBandQ610_fu_297/grp_p_anonymous_namespace_RunRealtimeGSULayersSharedBandQ610_fu_202/RunSubbandRealtimeTopCoreQ610_stream_stream_ap_uint_const_int_bool_stream_we_3_U/ram_reg_2 (implemented as a Block RAM) might be sub-optimal as no optional output register could be merged into the ram block. Providing additional output register may help in improving timing.
INFO: [Synth 8-7052] The timing for the instance realtime_dma_bd_i/subband_realtime_0/insti_6/inst/grp_p_anonymous_namespace_RunRealtimeBandQ610_fu_297/grp_p_anonymous_namespace_RunRealtimeGSULayersSharedBandQ610_fu_202/RunSubbandRealtimeTopCoreQ610_stream_stream_ap_uint_const_int_bool_stream_we_3_U/ram_reg_3 (implemented as a Block RAM) might be sub-optimal as no optional output register could be merged into the ram block. Providing additional output register may help in improving timing.
INFO: [Synth 8-7052] The timing for the instance realtime_dma_bd_i/subband_realtime_0/insti_6/inst/grp_p_anonymous_namespace_RunRealtimeBandQ610_fu_297/grp_p_anonymous_namespace_RunRealtimeGSULayersSharedBandQ610_fu_202/RunSubbandRealtimeTopCoreQ610_stream_stream_ap_uint_const_int_bool_stream_we_3_U/ram_reg_4 (implemented as a Block RAM) might be sub-optimal as no optional output register could be merged into the ram block. Providing additional output register may help in improving timing.
INFO: [Synth 8-7052] The timing for the instance realtime_dma_bd_i/subband_realtime_0/insti_6/inst/grp_p_anonymous_namespace_RunRealtimeBandQ610_fu_297/grp_p_anonymous_namespace_RunRealtimeGSULayersSharedBandQ610_fu_202/RunSubbandRealtimeTopCoreQ610_stream_stream_ap_uint_const_int_bool_stream_we_3_U/ram_reg_5 (implemented as a Block RAM) might be sub-optimal as no optional output register could be merged into the ram block. Providing additional output register may help in improving timing.
INFO: [Synth 8-7052] The timing for the instance realtime_dma_bd_i/subband_realtime_0/insti_6/inst/grp_p_anonymous_namespace_RunRealtimeBandQ610_fu_297/grp_p_anonymous_namespace_RunRealtimeGSULayersSharedBandQ610_fu_202/RunSubbandRealtimeTopCoreQ610_stream_stream_ap_uint_const_int_bool_stream_we_3_U/ram_reg_6 (implemented as a Block RAM) might be sub-optimal as no optional output register could be merged into the ram block. Providing additional output register may help in improving timing.
INFO: [Synth 8-7052] The timing for the instance realtime_dma_bd_i/subband_realtime_0/insti_6/inst/grp_p_anonymous_namespace_RunRealtimeBandQ610_fu_297/grp_p_anonymous_namespace_RunRealtimeGSULayersSharedBandQ610_fu_202/RunSubbandRealtimeTopCoreQ610_stream_stream_ap_uint_const_int_bool_stream_we_3_U/ram_reg_7 (implemented as a Block RAM) might be sub-optimal as no optional output register could be merged into the ram block. Providing additional output register may help in improving timing.
INFO: [Synth 8-7052] The timing for the instance realtime_dma_bd_i/subband_realtime_0/insti_6/inst/grp_p_anonymous_namespace_RunRealtimeBandQ610_fu_297/grp_p_anonymous_namespace_RunRealtimeGSULayersSharedBandQ610_fu_202/RunSubbandRealtimeTopCoreQ610_stream_stream_ap_uint_const_int_bool_stream_we_3_U/ram_reg_8 (implemented as a Block RAM) might be sub-optimal as no optional output register could be merged into the ram block. Providing additional output register may help in improving timing.
INFO: [Synth 8-7052] The timing for the instance realtime_dma_bd_i/subband_realtime_0/insti_6/inst/grp_p_anonymous_namespace_RunRealtimeBandQ610_fu_297/grp_p_anonymous_namespace_RunRealtimeGSULayersSharedBandQ610_fu_202/RunSubbandRealtimeTopCoreQ610_stream_stream_ap_uint_const_int_bool_stream_we_3_U/ram_reg_9 (implemented as a Block RAM) might be sub-optimal as no optional output register could be merged into the ram block. Providing additional output register may help in improving timing.
INFO: [Synth 8-7052] The timing for the instance realtime_dma_bd_i/subband_realtime_0/insti_6/inst/grp_p_anonymous_namespace_RunRealtimeBandQ610_fu_297/grp_p_anonymous_namespace_RunRealtimeGSULayersSharedBandQ610_fu_202/RunSubbandRealtimeTopCoreQ610_stream_stream_ap_uint_const_int_bool_stream_we_3_U/ram_reg_10 (implemented as a Block RAM) might be sub-optimal as no optional output register could be merged into the ram block. Providing additional output register may help in improving timing.
INFO: [Synth 8-7052] The timing for the instance realtime_dma_bd_i/subband_realtime_0/insti_6/inst/grp_p_anonymous_namespace_RunRealtimeBandQ610_fu_297/grp_p_anonymous_namespace_RunRealtimeGSULayersSharedBandQ610_fu_202/RunSubbandRealtimeTopCoreQ610_stream_stream_ap_uint_const_int_bool_stream_we_3_U/ram_reg_11 (implemented as a Block RAM) might be sub-optimal as no optional output register could be merged into the ram block. Providing additional output register may help in improving timing.
INFO: [Synth 8-7052] The timing for the instance realtime_dma_bd_i/subband_realtime_0/insti_6/inst/grp_p_anonymous_namespace_RunRealtimeBandQ610_fu_297/grp_p_anonymous_namespace_RunRealtimeGSULayersSharedBandQ610_fu_202/RunSubbandRealtimeTopCoreQ610_stream_stream_ap_uint_const_int_bool_stream_we_3_U/ram_reg_12 (implemented as a Block RAM) might be sub-optimal as no optional output register could be merged into the ram block. Providing additional output register may help in improving timing.
INFO: [Synth 8-7052] The timing for the instance realtime_dma_bd_i/subband_realtime_0/insti_6/inst/grp_p_anonymous_namespace_RunRealtimeBandQ610_fu_297/grp_p_anonymous_namespace_RunRealtimeGSULayersSharedBandQ610_fu_202/RunSubbandRealtimeTopCoreQ610_stream_stream_ap_uint_const_int_bool_stream_we_3_U/ram_reg_13 (implemented as a Block RAM) might be sub-optimal as no optional output register could be merged into the ram block. Providing additional output register may help in improving timing.
INFO: [Synth 8-7052] The timing for the instance realtime_dma_bd_i/subband_realtime_0/insti_6/inst/grp_p_anonymous_namespace_RunRealtimeBandQ610_fu_297/grp_p_anonymous_namespace_RunRealtimeGSULayersSharedBandQ610_fu_202/RunSubbandRealtimeTopCoreQ610_stream_stream_ap_uint_const_int_bool_stream_we_3_U/ram_reg_14 (implemented as a Block RAM) might be sub-optimal as no optional output register could be merged into the ram block. Providing additional output register may help in improving timing.
INFO: [Synth 8-7052] The timing for the instance realtime_dma_bd_i/subband_realtime_0/insti_6/inst/grp_p_anonymous_namespace_RunRealtimeBandQ610_fu_297/grp_p_anonymous_namespace_RunRealtimeGSULayersSharedBandQ610_fu_202/RunSubbandRealtimeTopCoreQ610_stream_stream_ap_uint_const_int_bool_stream_we_U/ram_reg_0 (implemented as a Block RAM) might be sub-optimal as no optional output register could be merged into the ram block. Providing additional output register may help in improving timing.
INFO: [Synth 8-7052] The timing for the instance realtime_dma_bd_i/subband_realtime_0/insti_6/inst/grp_p_anonymous_namespace_RunRealtimeBandQ610_fu_297/grp_p_anonymous_namespace_RunRealtimeGSULayersSharedBandQ610_fu_202/RunSubbandRealtimeTopCoreQ610_stream_stream_ap_uint_const_int_bool_stream_we_U/ram_reg_1 (implemented as a Block RAM) might be sub-optimal as no optional output register could be merged into the ram block. Providing additional output register may help in improving timing.
INFO: [Synth 8-7052] The timing for the instance realtime_dma_bd_i/subband_realtime_0/insti_6/inst/grp_p_anonymous_namespace_RunRealtimeBandQ610_fu_297/grp_p_anonymous_namespace_RunRealtimeGSULayersSharedBandQ610_fu_202/RunSubbandRealtimeTopCoreQ610_stream_stream_ap_uint_const_int_bool_stream_we_U/ram_reg_2 (implemented as a Block RAM) might be sub-optimal as no optional output register could be merged into the ram block. Providing additional output register may help in improving timing.
INFO: [Synth 8-7052] The timing for the instance realtime_dma_bd_i/subband_realtime_0/insti_6/inst/grp_p_anonymous_namespace_RunRealtimeBandQ610_fu_297/grp_p_anonymous_namespace_RunRealtimeGSULayersSharedBandQ610_fu_202/RunSubbandRealtimeTopCoreQ610_stream_stream_ap_uint_const_int_bool_stream_we_U/ram_reg_3 (implemented as a Block RAM) might be sub-optimal as no optional output register could be merged into the ram block. Providing additional output register may help in improving timing.
INFO: [Synth 8-7052] The timing for the instance realtime_dma_bd_i/subband_realtime_0/insti_6/inst/grp_p_anonymous_namespace_RunRealtimeBandQ610_fu_297/grp_p_anonymous_namespace_RunRealtimeGSULayersSharedBandQ610_fu_202/RunSubbandRealtimeTopCoreQ610_stream_stream_ap_uint_const_int_bool_stream_we_U/ram_reg_4 (implemented as a Block RAM) might be sub-optimal as no optional output register could be merged into the ram block. Providing additional output register may help in improving timing.
INFO: [Synth 8-7052] The timing for the instance realtime_dma_bd_i/subband_realtime_0/insti_6/inst/grp_p_anonymous_namespace_RunRealtimeBandQ610_fu_297/grp_p_anonymous_namespace_RunRealtimeGSULayersSharedBandQ610_fu_202/RunSubbandRealtimeTopCoreQ610_stream_stream_ap_uint_const_int_bool_stream_we_U/ram_reg_5 (implemented as a Block RAM) might be sub-optimal as no optional output register could be merged into the ram block. Providing additional output register may help in improving timing.
INFO: [Synth 8-7052] The timing for the instance realtime_dma_bd_i/subband_realtime_0/insti_6/inst/grp_p_anonymous_namespace_RunRealtimeBandQ610_fu_297/grp_p_anonymous_namespace_RunRealtimeGSULayersSharedBandQ610_fu_202/RunSubbandRealtimeTopCoreQ610_stream_stream_ap_uint_const_int_bool_stream_we_U/ram_reg_6 (implemented as a Block RAM) might be sub-optimal as no optional output register could be merged into the ram block. Providing additional output register may help in improving timing.
INFO: [Synth 8-7052] The timing for the instance realtime_dma_bd_i/subband_realtime_0/insti_6/inst/grp_p_anonymous_namespace_RunRealtimeBandQ610_fu_297/grp_p_anonymous_namespace_RunRealtimeGSULayersSharedBandQ610_fu_202/RunSubbandRealtimeTopCoreQ610_stream_stream_ap_uint_const_int_bool_stream_we_U/ram_reg_7 (implemented as a Block RAM) might be sub-optimal as no optional output register could be merged into the ram block. Providing additional output register may help in improving timing.
INFO: [Synth 8-7052] The timing for the instance realtime_dma_bd_i/subband_realtime_0/insti_6/inst/grp_p_anonymous_namespace_RunRealtimeBandQ610_fu_297/grp_p_anonymous_namespace_RunRealtimeGSULayersSharedBandQ610_fu_202/RunSubbandRealtimeTopCoreQ610_stream_stream_ap_uint_const_int_bool_stream_we_U/ram_reg_8 (implemented as a Block RAM) might be sub-optimal as no optional output register could be merged into the ram block. Providing additional output register may help in improving timing.
INFO: [Synth 8-7052] The timing for the instance realtime_dma_bd_i/subband_realtime_0/insti_6/inst/grp_p_anonymous_namespace_RunRealtimeBandQ610_fu_297/grp_p_anonymous_namespace_RunRealtimeGSULayersSharedBandQ610_fu_202/RunSubbandRealtimeTopCoreQ610_stream_stream_ap_uint_const_int_bool_stream_we_U/ram_reg_9 (implemented as a Block RAM) might be sub-optimal as no optional output register could be merged into the ram block. Providing additional output register may help in improving timing.
INFO: [Synth 8-7052] The timing for the instance realtime_dma_bd_i/subband_realtime_0/insti_6/inst/grp_p_anonymous_namespace_RunRealtimeBandQ610_fu_297/grp_p_anonymous_namespace_RunRealtimeGSULayersSharedBandQ610_fu_202/RunSubbandRealtimeTopCoreQ610_stream_stream_ap_uint_const_int_bool_stream_we_U/ram_reg_10 (implemented as a Block RAM) might be sub-optimal as no optional output register could be merged into the ram block. Providing additional output register may help in improving timing.
INFO: [Synth 8-7052] The timing for the instance realtime_dma_bd_i/subband_realtime_0/insti_6/inst/grp_p_anonymous_namespace_RunRealtimeBandQ610_fu_297/grp_p_anonymous_namespace_RunRealtimeGSULayersSharedBandQ610_fu_202/RunSubbandRealtimeTopCoreQ610_stream_stream_ap_uint_const_int_bool_stream_we_U/ram_reg_11 (implemented as a Block RAM) might be sub-optimal as no optional output register could be merged into the ram block. Providing additional output register may help in improving timing.
INFO: [Synth 8-7052] The timing for the instance realtime_dma_bd_i/subband_realtime_0/insti_6/inst/grp_p_anonymous_namespace_RunRealtimeBandQ610_fu_297/grp_p_anonymous_namespace_RunRealtimeGSULayersSharedBandQ610_fu_202/RunSubbandRealtimeTopCoreQ610_stream_stream_ap_uint_const_int_bool_stream_we_U/ram_reg_12 (implemented as a Block RAM) might be sub-optimal as no optional output register could be merged into the ram block. Providing additional output register may help in improving timing.
INFO: [Synth 8-7052] The timing for the instance realtime_dma_bd_i/subband_realtime_0/insti_6/inst/grp_p_anonymous_namespace_RunRealtimeBandQ610_fu_297/grp_p_anonymous_namespace_RunRealtimeGSULayersSharedBandQ610_fu_202/RunSubbandRealtimeTopCoreQ610_stream_stream_ap_uint_const_int_bool_stream_we_U/ram_reg_13 (implemented as a Block RAM) might be sub-optimal as no optional output register could be merged into the ram block. Providing additional output register may help in improving timing.
INFO: [Synth 8-7052] The timing for the instance realtime_dma_bd_i/subband_realtime_0/insti_6/inst/grp_p_anonymous_namespace_RunRealtimeBandQ610_fu_297/grp_p_anonymous_namespace_RunRealtimeGSULayersSharedBandQ610_fu_202/RunSubbandRealtimeTopCoreQ610_stream_stream_ap_uint_const_int_bool_stream_we_U/ram_reg_14 (implemented as a Block RAM) might be sub-optimal as no optional output register could be merged into the ram block. Providing additional output register may help in improving timing.
INFO: [Synth 8-7052] The timing for the instance realtime_dma_bd_i/subband_realtime_0/insti_6/inst/grp_p_anonymous_namespace_RunRealtimeBandQ610_fu_297/grp_p_anonymous_namespace_RunRealtimeGSULayersSharedBandQ610_fu_202/RunSubbandRealtimeTopCoreQ610_stream_stream_ap_uint_const_int_bool_stream_we_1_U/ram_reg_0 (implemented as a Block RAM) might be sub-optimal as no optional output register could be merged into the ram block. Providing additional output register may help in improving timing.
INFO: [Synth 8-7052] The timing for the instance realtime_dma_bd_i/subband_realtime_0/insti_6/inst/grp_p_anonymous_namespace_RunRealtimeBandQ610_fu_297/grp_p_anonymous_namespace_RunRealtimeGSULayersSharedBandQ610_fu_202/RunSubbandRealtimeTopCoreQ610_stream_stream_ap_uint_const_int_bool_stream_we_1_U/ram_reg_1 (implemented as a Block RAM) might be sub-optimal as no optional output register could be merged into the ram block. Providing additional output register may help in improving timing.
INFO: [Synth 8-7052] The timing for the instance realtime_dma_bd_i/subband_realtime_0/insti_6/inst/grp_p_anonymous_namespace_RunRealtimeBandQ610_fu_297/grp_p_anonymous_namespace_RunRealtimeGSULayersSharedBandQ610_fu_202/RunSubbandRealtimeTopCoreQ610_stream_stream_ap_uint_const_int_bool_stream_we_1_U/ram_reg_2 (implemented as a Block RAM) might be sub-optimal as no optional output register could be merged into the ram block. Providing additional output register may help in improving timing.
INFO: [Synth 8-7052] The timing for the instance realtime_dma_bd_i/subband_realtime_0/insti_6/inst/grp_p_anonymous_namespace_RunRealtimeBandQ610_fu_297/grp_p_anonymous_namespace_RunRealtimeGSULayersSharedBandQ610_fu_202/RunSubbandRealtimeTopCoreQ610_stream_stream_ap_uint_const_int_bool_stream_we_1_U/ram_reg_3 (implemented as a Block RAM) might be sub-optimal as no optional output register could be merged into the ram block. Providing additional output register may help in improving timing.
INFO: [Synth 8-7052] The timing for the instance realtime_dma_bd_i/subband_realtime_0/insti_6/inst/grp_p_anonymous_namespace_RunRealtimeBandQ610_fu_297/grp_p_anonymous_namespace_RunRealtimeGSULayersSharedBandQ610_fu_202/RunSubbandRealtimeTopCoreQ610_stream_stream_ap_uint_const_int_bool_stream_we_1_U/ram_reg_4 (implemented as a Block RAM) might be sub-optimal as no optional output register could be merged into the ram block. Providing additional output register may help in improving timing.
INFO: [Synth 8-7052] The timing for the instance realtime_dma_bd_i/subband_realtime_0/insti_6/inst/grp_p_anonymous_namespace_RunRealtimeBandQ610_fu_297/grp_p_anonymous_namespace_RunRealtimeGSULayersSharedBandQ610_fu_202/RunSubbandRealtimeTopCoreQ610_stream_stream_ap_uint_const_int_bool_stream_we_1_U/ram_reg_5 (implemented as a Block RAM) might be sub-optimal as no optional output register could be merged into the ram block. Providing additional output register may help in improving timing.
INFO: [Synth 8-7052] The timing for the instance realtime_dma_bd_i/subband_realtime_0/insti_6/inst/grp_p_anonymous_namespace_RunRealtimeBandQ610_fu_297/grp_p_anonymous_namespace_RunRealtimeGSULayersSharedBandQ610_fu_202/RunSubbandRealtimeTopCoreQ610_stream_stream_ap_uint_const_int_bool_stream_we_1_U/ram_reg_6 (implemented as a Block RAM) might be sub-optimal as no optional output register could be merged into the ram block. Providing additional output register may help in improving timing.
INFO: [Synth 8-7052] The timing for the instance realtime_dma_bd_i/subband_realtime_0/insti_6/inst/grp_p_anonymous_namespace_RunRealtimeBandQ610_fu_297/grp_p_anonymous_namespace_RunRealtimeGSULayersSharedBandQ610_fu_202/RunSubbandRealtimeTopCoreQ610_stream_stream_ap_uint_const_int_bool_stream_we_1_U/ram_reg_7 (implemented as a Block RAM) might be sub-optimal as no optional output register could be merged into the ram block. Providing additional output register may help in improving timing.
INFO: [Synth 8-7052] The timing for the instance realtime_dma_bd_i/subband_realtime_0/insti_6/inst/grp_p_anonymous_namespace_RunRealtimeBandQ610_fu_297/grp_p_anonymous_namespace_RunRealtimeGSULayersSharedBandQ610_fu_202/RunSubbandRealtimeTopCoreQ610_stream_stream_ap_uint_const_int_bool_stream_we_1_U/ram_reg_8 (implemented as a Block RAM) might be sub-optimal as no optional output register could be merged into the ram block. Providing additional output register may help in improving timing.
INFO: [Synth 8-7052] The timing for the instance realtime_dma_bd_i/subband_realtime_0/insti_6/inst/grp_p_anonymous_namespace_RunRealtimeBandQ610_fu_297/grp_p_anonymous_namespace_RunRealtimeGSULayersSharedBandQ610_fu_202/RunSubbandRealtimeTopCoreQ610_stream_stream_ap_uint_const_int_bool_stream_we_1_U/ram_reg_9 (implemented as a Block RAM) might be sub-optimal as no optional output register could be merged into the ram block. Providing additional output register may help in improving timing.
INFO: [Synth 8-7052] The timing for the instance realtime_dma_bd_i/subband_realtime_0/insti_6/inst/grp_p_anonymous_namespace_RunRealtimeBandQ610_fu_297/grp_p_anonymous_namespace_RunRealtimeGSULayersSharedBandQ610_fu_202/RunSubbandRealtimeTopCoreQ610_stream_stream_ap_uint_const_int_bool_stream_we_1_U/ram_reg_10 (implemented as a Block RAM) might be sub-optimal as no optional output register could be merged into the ram block. Providing additional output register may help in improving timing.
INFO: [Synth 8-7052] The timing for the instance realtime_dma_bd_i/subband_realtime_0/insti_6/inst/grp_p_anonymous_namespace_RunRealtimeBandQ610_fu_297/grp_p_anonymous_namespace_RunRealtimeGSULayersSharedBandQ610_fu_202/RunSubbandRealtimeTopCoreQ610_stream_stream_ap_uint_const_int_bool_stream_we_1_U/ram_reg_11 (implemented as a Block RAM) might be sub-optimal as no optional output register could be merged into the ram block. Providing additional output register may help in improving timing.
INFO: [Synth 8-7052] The timing for the instance realtime_dma_bd_i/subband_realtime_0/insti_6/inst/grp_p_anonymous_namespace_RunRealtimeBandQ610_fu_297/grp_p_anonymous_namespace_RunRealtimeGSULayersSharedBandQ610_fu_202/RunSubbandRealtimeTopCoreQ610_stream_stream_ap_uint_const_int_bool_stream_we_1_U/ram_reg_12 (implemented as a Block RAM) might be sub-optimal as no optional output register could be merged into the ram block. Providing additional output register may help in improving timing.
INFO: [Synth 8-7052] The timing for the instance realtime_dma_bd_i/subband_realtime_0/insti_6/inst/grp_p_anonymous_namespace_RunRealtimeBandQ610_fu_297/grp_p_anonymous_namespace_RunRealtimeGSULayersSharedBandQ610_fu_202/RunSubbandRealtimeTopCoreQ610_stream_stream_ap_uint_const_int_bool_stream_we_1_U/ram_reg_13 (implemented as a Block RAM) might be sub-optimal as no optional output register could be merged into the ram block. Providing additional output register may help in improving timing.
INFO: [Synth 8-7052] The timing for the instance realtime_dma_bd_i/subband_realtime_0/insti_6/inst/grp_p_anonymous_namespace_RunRealtimeBandQ610_fu_297/grp_p_anonymous_namespace_RunRealtimeGSULayersSharedBandQ610_fu_202/RunSubbandRealtimeTopCoreQ610_stream_stream_ap_uint_const_int_bool_stream_we_1_U/ram_reg_14 (implemented as a Block RAM) might be sub-optimal as no optional output register could be merged into the ram block. Providing additional output register may help in improving timing.
INFO: [Synth 8-7052] The timing for the instance realtime_dma_bd_i/subband_realtime_0/insti_6/inst/output_chunk_U/ram_reg_0 (implemented as a Block RAM) might be sub-optimal as no optional output register could be merged into the ram block. Providing additional output register may help in improving timing.
INFO: [Synth 8-7052] The timing for the instance realtime_dma_bd_i/subband_realtime_0/insti_6/inst/output_chunk_U/ram_reg_1 (implemented as a Block RAM) might be sub-optimal as no optional output register could be merged into the ram block. Providing additional output register may help in improving timing.
INFO: [Synth 8-7052] The timing for the instance realtime_dma_bd_i/subband_realtime_0/insti_6/inst/output_chunk_U/ram_reg_2 (implemented as a Block RAM) might be sub-optimal as no optional output register could be merged into the ram block. Providing additional output register may help in improving timing.
INFO: [Synth 8-7052] The timing for the instance realtime_dma_bd_i/subband_realtime_0/insti_6/inst/output_chunk_U/ram_reg_3 (implemented as a Block RAM) might be sub-optimal as no optional output register could be merged into the ram block. Providing additional output register may help in improving timing.
INFO: [Synth 8-7052] The timing for the instance realtime_dma_bd_i/subband_realtime_0/insti_5/inst/grp_p_anonymous_namespace_RunRealtimeBandQ610_fu_297/RunSubbandRealtimeTopCoreQ610_stream_stream_ap_uint_const_int_bool_stream_la_1_U/ram_reg_0 (implemented as a Block RAM) might be sub-optimal as no optional output register could be merged into the ram block. Providing additional output register may help in improving timing.
INFO: [Synth 8-7052] The timing for the instance realtime_dma_bd_i/subband_realtime_0/insti_5/inst/grp_p_anonymous_namespace_RunRealtimeBandQ610_fu_297/RunSubbandRealtimeTopCoreQ610_stream_stream_ap_uint_const_int_bool_stream_la_1_U/ram_reg_1 (implemented as a Block RAM) might be sub-optimal as no optional output register could be merged into the ram block. Providing additional output register may help in improving timing.
INFO: [Synth 8-7052] The timing for the instance realtime_dma_bd_i/subband_realtime_0/insti_5/inst/grp_p_anonymous_namespace_RunRealtimeBandQ610_fu_297/RunSubbandRealtimeTopCoreQ610_stream_stream_ap_uint_const_int_bool_stream_la_U/ram_reg_0 (implemented as a Block RAM) might be sub-optimal as no optional output register could be merged into the ram block. Providing additional output register may help in improving timing.
INFO: [Synth 8-7052] The timing for the instance realtime_dma_bd_i/subband_realtime_0/insti_5/inst/grp_p_anonymous_namespace_RunRealtimeBandQ610_fu_297/RunSubbandRealtimeTopCoreQ610_stream_stream_ap_uint_const_int_bool_stream_la_U/ram_reg_1 (implemented as a Block RAM) might be sub-optimal as no optional output register could be merged into the ram block. Providing additional output register may help in improving timing.
INFO: [Synth 8-7052] The timing for the instance realtime_dma_bd_i/subband_realtime_0/insti_2/inst/weights_m_axi_U/load_unit/buff_rdata/U_fifo_mem/mem_reg_0 (implemented as a Block RAM) might be sub-optimal as no optional output register could be merged into the ram block. Providing additional output register may help in improving timing.
INFO: [Synth 8-7052] The timing for the instance realtime_dma_bd_i/subband_realtime_0/insti_2/inst/weights_m_axi_U/load_unit/buff_rdata/U_fifo_mem/mem_reg_1 (implemented as a Block RAM) might be sub-optimal as no optional output register could be merged into the ram block. Providing additional output register may help in improving timing.
INFO: [Synth 8-7052] The timing for the instance realtime_dma_bd_i/subband_realtime_0/insti_2/inst/weights_m_axi_U/load_unit/buff_rdata/U_fifo_mem/mem_reg_2 (implemented as a Block RAM) might be sub-optimal as no optional output register could be merged into the ram block. Providing additional output register may help in improving timing.
INFO: [Synth 8-7052] The timing for the instance realtime_dma_bd_i/subband_realtime_0/insti_2/inst/weights_m_axi_U/load_unit/buff_rdata/U_fifo_mem/mem_reg_3 (implemented as a Block RAM) might be sub-optimal as no optional output register could be merged into the ram block. Providing additional output register may help in improving timing.
INFO: [Synth 8-7052] The timing for the instance realtime_dma_bd_i/subband_realtime_0/insti_2/inst/grp_p_anonymous_namespace_RunRealtimeBandQ610_fu_297/RunSubbandRealtimeTopCoreQ610_stream_stream_ap_uint_const_int_bool_stream_pr_U/ram_reg_0 (implemented as a Block RAM) might be sub-optimal as no optional output register could be merged into the ram block. Providing additional output register may help in improving timing.
INFO: [Synth 8-7052] The timing for the instance realtime_dma_bd_i/subband_realtime_0/insti_2/inst/grp_p_anonymous_namespace_RunRealtimeBandQ610_fu_297/RunSubbandRealtimeTopCoreQ610_stream_stream_ap_uint_const_int_bool_stream_pr_U/ram_reg_1 (implemented as a Block RAM) might be sub-optimal as no optional output register could be merged into the ram block. Providing additional output register may help in improving timing.
INFO: [Synth 8-7052] The timing for the instance realtime_dma_bd_i/subband_realtime_0/insti_2/inst/grp_p_anonymous_namespace_RunRealtimeBandQ610_fu_297/RunSubbandRealtimeTopCoreQ610_stream_stream_ap_uint_const_int_bool_stream_pr_U/ram_reg_2 (implemented as a Block RAM) might be sub-optimal as no optional output register could be merged into the ram block. Providing additional output register may help in improving timing.
INFO: [Synth 8-7052] The timing for the instance realtime_dma_bd_i/subband_realtime_0/insti_2/inst/grp_p_anonymous_namespace_RunRealtimeBandQ610_fu_297/RunSubbandRealtimeTopCoreQ610_stream_stream_ap_uint_const_int_bool_stream_pr_U/ram_reg_3 (implemented as a Block RAM) might be sub-optimal as no optional output register could be merged into the ram block. Providing additional output register may help in improving timing.
INFO: [Synth 8-7052] The timing for the instance realtime_dma_bd_i/subband_realtime_0/insti_2/inst/grp_p_anonymous_namespace_RunRealtimeBandQ610_fu_297/RunSubbandRealtimeTopCoreQ610_stream_stream_ap_uint_const_int_bool_stream_pr_U/ram_reg_4 (implemented as a Block RAM) might be sub-optimal as no optional output register could be merged into the ram block. Providing additional output register may help in improving timing.
INFO: [Synth 8-7052] The timing for the instance realtime_dma_bd_i/subband_realtime_0/insti_2/inst/grp_p_anonymous_namespace_RunRealtimeBandQ610_fu_297/RunSubbandRealtimeTopCoreQ610_stream_stream_ap_uint_const_int_bool_stream_pr_U/ram_reg_5 (implemented as a Block RAM) might be sub-optimal as no optional output register could be merged into the ram block. Providing additional output register may help in improving timing.
INFO: [Synth 8-7052] The timing for the instance realtime_dma_bd_i/subband_realtime_0/insti_2/inst/grp_p_anonymous_namespace_RunRealtimeBandQ610_fu_297/RunSubbandRealtimeTopCoreQ610_stream_stream_ap_uint_const_int_bool_stream_pr_U/ram_reg_6 (implemented as a Block RAM) might be sub-optimal as no optional output register could be merged into the ram block. Providing additional output register may help in improving timing.
INFO: [Synth 8-7052] The timing for the instance realtime_dma_bd_i/subband_realtime_0/insti_2/inst/grp_p_anonymous_namespace_RunRealtimeBandQ610_fu_297/RunSubbandRealtimeTopCoreQ610_stream_stream_ap_uint_const_int_bool_stream_pr_U/ram_reg_7 (implemented as a Block RAM) might be sub-optimal as no optional output register could be merged into the ram block. Providing additional output register may help in improving timing.
INFO: [Synth 8-7052] The timing for the instance realtime_dma_bd_i/subband_realtime_0/insti_2/inst/grp_p_anonymous_namespace_RunRealtimeBandQ610_fu_297/RunSubbandRealtimeTopCoreQ610_stream_stream_ap_uint_const_int_bool_stream_pr_U/ram_reg_8 (implemented as a Block RAM) might be sub-optimal as no optional output register could be merged into the ram block. Providing additional output register may help in improving timing.
INFO: [Synth 8-7052] The timing for the instance realtime_dma_bd_i/subband_realtime_0/insti_2/inst/grp_p_anonymous_namespace_RunRealtimeBandQ610_fu_297/RunSubbandRealtimeTopCoreQ610_stream_stream_ap_uint_const_int_bool_stream_pr_U/ram_reg_9 (implemented as a Block RAM) might be sub-optimal as no optional output register could be merged into the ram block. Providing additional output register may help in improving timing.
INFO: [Synth 8-7052] The timing for the instance realtime_dma_bd_i/subband_realtime_0/insti_2/inst/grp_p_anonymous_namespace_RunRealtimeBandQ610_fu_297/RunSubbandRealtimeTopCoreQ610_stream_stream_ap_uint_const_int_bool_stream_pr_U/ram_reg_10 (implemented as a Block RAM) might be sub-optimal as no optional output register could be merged into the ram block. Providing additional output register may help in improving timing.
INFO: [Synth 8-7052] The timing for the instance realtime_dma_bd_i/subband_realtime_0/insti_2/inst/grp_p_anonymous_namespace_RunRealtimeBandQ610_fu_297/RunSubbandRealtimeTopCoreQ610_stream_stream_ap_uint_const_int_bool_stream_pr_U/ram_reg_11 (implemented as a Block RAM) might be sub-optimal as no optional output register could be merged into the ram block. Providing additional output register may help in improving timing.
INFO: [Synth 8-7052] The timing for the instance realtime_dma_bd_i/subband_realtime_0/insti_2/inst/grp_p_anonymous_namespace_RunRealtimeBandQ610_fu_297/RunSubbandRealtimeTopCoreQ610_stream_stream_ap_uint_const_int_bool_stream_pr_U/ram_reg_12 (implemented as a Block RAM) might be sub-optimal as no optional output register could be merged into the ram block. Providing additional output register may help in improving timing.
INFO: [Synth 8-7052] The timing for the instance realtime_dma_bd_i/subband_realtime_0/insti_2/inst/grp_p_anonymous_namespace_RunRealtimeBandQ610_fu_297/RunSubbandRealtimeTopCoreQ610_stream_stream_ap_uint_const_int_bool_stream_pr_U/ram_reg_13 (implemented as a Block RAM) might be sub-optimal as no optional output register could be merged into the ram block. Providing additional output register may help in improving timing.
INFO: [Synth 8-7052] The timing for the instance realtime_dma_bd_i/subband_realtime_0/insti_2/inst/grp_p_anonymous_namespace_RunRealtimeBandQ610_fu_297/RunSubbandRealtimeTopCoreQ610_stream_stream_ap_uint_const_int_bool_stream_pr_U/ram_reg_14 (implemented as a Block RAM) might be sub-optimal as no optional output register could be merged into the ram block. Providing additional output register may help in improving timing.
INFO: [Synth 8-7052] The timing for the instance realtime_dma_bd_i/subband_realtime_0/insti_2/inst/grp_p_anonymous_namespace_RunRealtimeBandQ610_fu_297/RunSubbandRealtimeTopCoreQ610_stream_stream_ap_uint_const_int_bool_stream_pr_U/ram_reg_15 (implemented as a Block RAM) might be sub-optimal as no optional output register could be merged into the ram block. Providing additional output register may help in improving timing.
INFO: [Synth 8-7052] The timing for the instance realtime_dma_bd_i/subband_realtime_0/insti_2/inst/grp_p_anonymous_namespace_RunRealtimeBandQ610_fu_297/RunSubbandRealtimeTopCoreQ610_stream_stream_ap_uint_const_int_bool_stream_pr_U/ram_reg_16 (implemented as a Block RAM) might be sub-optimal as no optional output register could be merged into the ram block. Providing additional output register may help in improving timing.
INFO: [Synth 8-7052] The timing for the instance realtime_dma_bd_i/subband_realtime_0/insti_2/inst/grp_p_anonymous_namespace_RunRealtimeBandQ610_fu_297/RunSubbandRealtimeTopCoreQ610_stream_stream_ap_uint_const_int_bool_stream_pr_U/ram_reg_17 (implemented as a Block RAM) might be sub-optimal as no optional output register could be merged into the ram block. Providing additional output register may help in improving timing.
INFO: [Synth 8-7052] The timing for the instance realtime_dma_bd_i/subband_realtime_0/insti_2/inst/grp_p_anonymous_namespace_RunRealtimeBandQ610_fu_297/RunSubbandRealtimeTopCoreQ610_stream_stream_ap_uint_const_int_bool_stream_pr_U/ram_reg_18 (implemented as a Block RAM) might be sub-optimal as no optional output register could be merged into the ram block. Providing additional output register may help in improving timing.
INFO: [Synth 8-7052] The timing for the instance realtime_dma_bd_i/subband_realtime_0/insti_2/inst/grp_p_anonymous_namespace_RunRealtimeBandQ610_fu_297/RunSubbandRealtimeTopCoreQ610_stream_stream_ap_uint_const_int_bool_stream_pr_U/ram_reg_19 (implemented as a Block RAM) might be sub-optimal as no optional output register could be merged into the ram block. Providing additional output register may help in improving timing.
INFO: [Common 17-14] Message 'Synth 8-7052' appears 100 times and further instances of the messages will be disabled. Use the Tcl command set_msg_config to change the current settings.
---------------------------------------------------------------------------------
Finished Technology Mapping : Time (s): cpu = 00:05:08 ; elapsed = 00:05:28 . Memory (MB): peak = 4317.875 ; gain = 3121.340
---------------------------------------------------------------------------------
---------------------------------------------------------------------------------
Start IO Insertion
---------------------------------------------------------------------------------
---------------------------------------------------------------------------------
Start Flattening Before IO Insertion
---------------------------------------------------------------------------------
---------------------------------------------------------------------------------
Finished Flattening Before IO Insertion
---------------------------------------------------------------------------------
---------------------------------------------------------------------------------
Start Final Netlist Cleanup
---------------------------------------------------------------------------------
INFO: [Synth 8-3332] Sequential element (gen_endpoint.decerr_slave_inst/FSM_onehot_gen_axi.gen_write.write_cs_reg[2]) is unused and will be removed from module sc_mmu_v1_0_12_top__parameterized0__xdcDup__1.
INFO: [Synth 8-3332] Sequential element (gen_endpoint.decerr_slave_inst/FSM_onehot_gen_axi.gen_write.write_cs_reg[1]) is unused and will be removed from module sc_mmu_v1_0_12_top__parameterized0__xdcDup__1.
INFO: [Synth 8-3332] Sequential element (gen_endpoint.decerr_slave_inst/FSM_onehot_gen_axi.gen_write.write_cs_reg[0]) is unused and will be removed from module sc_mmu_v1_0_12_top__parameterized0__xdcDup__1.
INFO: [Synth 8-3332] Sequential element (gen_endpoint.decerr_slave_inst/FSM_onehot_gen_axi.gen_write.write_cs_reg[2]) is unused and will be removed from module sc_mmu_v1_0_12_top__parameterized0.
INFO: [Synth 8-3332] Sequential element (gen_endpoint.decerr_slave_inst/FSM_onehot_gen_axi.gen_write.write_cs_reg[1]) is unused and will be removed from module sc_mmu_v1_0_12_top__parameterized0.
INFO: [Synth 8-3332] Sequential element (gen_endpoint.decerr_slave_inst/FSM_onehot_gen_axi.gen_write.write_cs_reg[0]) is unused and will be removed from module sc_mmu_v1_0_12_top__parameterized0.
INFO: [Synth 8-3332] Sequential element (gen_endpoint.decerr_slave_inst/FSM_onehot_gen_axi.gen_write.write_cs_reg[2]) is unused and will be removed from module sc_mmu_v1_0_12_top__parameterized2.
INFO: [Synth 8-3332] Sequential element (gen_endpoint.decerr_slave_inst/FSM_onehot_gen_axi.gen_write.write_cs_reg[1]) is unused and will be removed from module sc_mmu_v1_0_12_top__parameterized2.
INFO: [Synth 8-3332] Sequential element (gen_endpoint.decerr_slave_inst/FSM_onehot_gen_axi.gen_write.write_cs_reg[0]) is unused and will be removed from module sc_mmu_v1_0_12_top__parameterized2.
---------------------------------------------------------------------------------
Finished Final Netlist Cleanup
---------------------------------------------------------------------------------
WARNING: [Synth 8-3295] tying undriven pin I_AXI_DMA_REG_MODULE/strm_valid_int2_inferred:in0 to constant 0
WARNING: [Synth 8-3295] tying undriven pin I_AXI_DMA_REG_MODULE/strm_valid_int_cdc_to_inferred:in0 to constant 0
WARNING: [Synth 8-3295] tying undriven pin I_AXI_DMA_REG_MODULE/strm_valid_int2_inferred:in0 to constant 0
WARNING: [Synth 8-3295] tying undriven pin I_AXI_DMA_REG_MODULE/strm_valid_int_cdc_to_inferred:in0 to constant 0
---------------------------------------------------------------------------------
Finished IO Insertion : Time (s): cpu = 00:05:22 ; elapsed = 00:05:46 . Memory (MB): peak = 4317.875 ; gain = 3121.340
---------------------------------------------------------------------------------
---------------------------------------------------------------------------------
Start Renaming Generated Instances
---------------------------------------------------------------------------------
---------------------------------------------------------------------------------
Finished Renaming Generated Instances : Time (s): cpu = 00:05:22 ; elapsed = 00:05:46 . Memory (MB): peak = 4317.875 ; gain = 3121.340
---------------------------------------------------------------------------------
---------------------------------------------------------------------------------
Start Rebuilding User Hierarchy
---------------------------------------------------------------------------------
---------------------------------------------------------------------------------
Finished Rebuilding User Hierarchy : Time (s): cpu = 00:05:37 ; elapsed = 00:06:01 . Memory (MB): peak = 4317.875 ; gain = 3121.340
---------------------------------------------------------------------------------
---------------------------------------------------------------------------------
Start Renaming Generated Ports
---------------------------------------------------------------------------------
---------------------------------------------------------------------------------
Finished Renaming Generated Ports : Time (s): cpu = 00:05:37 ; elapsed = 00:06:02 . Memory (MB): peak = 4317.875 ; gain = 3121.340
---------------------------------------------------------------------------------
---------------------------------------------------------------------------------
Start Handling Custom Attributes
---------------------------------------------------------------------------------
---------------------------------------------------------------------------------
Finished Handling Custom Attributes : Time (s): cpu = 00:05:41 ; elapsed = 00:06:05 . Memory (MB): peak = 4317.875 ; gain = 3121.340
---------------------------------------------------------------------------------
---------------------------------------------------------------------------------
Start Renaming Generated Nets
---------------------------------------------------------------------------------
---------------------------------------------------------------------------------
Finished Renaming Generated Nets : Time (s): cpu = 00:05:41 ; elapsed = 00:06:06 . Memory (MB): peak = 4317.875 ; gain = 3121.340
---------------------------------------------------------------------------------
---------------------------------------------------------------------------------
Start ROM, RAM, DSP, Shift Register and Retiming Reporting
---------------------------------------------------------------------------------

Static Shift Register Report:
+-------------------------------------+-------------------------------------------------------------------------------------------------------------------------------------------------------------------------------------------------------------------------------------------------------------------------------------------------------------------------------------------------------------------------------------------------------------------------------------------------------------------------------------+--------+-------+--------------+--------------------+-------------------+--------+---------+
|Module Name                          | RTL Name                                                                                                                                                                                                                                                                                                                                                                                                                                                                            | Length | Width | Reset Signal | Pull out first Reg | Pull out last Reg | SRL16E | SRLC32E | 
+-------------------------------------+-------------------------------------------------------------------------------------------------------------------------------------------------------------------------------------------------------------------------------------------------------------------------------------------------------------------------------------------------------------------------------------------------------------------------------------------------------------------------------------+--------+-------+--------------+--------------------+-------------------+--------+---------+
|realtime_dma_bd_subband_realtime_0_0 | inst/grp_p_anonymous_namespace_RunRealtimeBandQ610_fu_297/grp_p_anonymous_namespace_LoadRealtimeProjectionWeightsQ610_fu_277/grp_p_anonymous_namespace_LoadRealtimeProjectionWeightsQ610_Pipeline_VITIS_LOOP_2599_s_fu_88/icmp_ln2599_reg_588_pp0_iter5_reg_reg[0]                                                                                                                                                                                                                  | 4      | 1     | NO           | NO                 | YES               | 1      | 0       | 
|realtime_dma_bd_subband_realtime_0_0 | inst/grp_p_anonymous_namespace_RunRealtimeBandQ610_fu_297/grp_p_anonymous_namespace_LoadRealtimeProjectionWeightsQ610_fu_277/grp_p_anonymous_namespace_LoadRealtimeProjectionWeightsQ610_Pipeline_VITIS_LOOP_2599_s_fu_88/cmp5_reg_604_pp0_iter5_reg_reg[0]                                                                                                                                                                                                                         | 4      | 1     | NO           | NO                 | YES               | 1      | 0       | 
|realtime_dma_bd_subband_realtime_0_0 | inst/grp_p_anonymous_namespace_RunRealtimeBandQ610_fu_297/grp_p_anonymous_namespace_LoadRealtimeProjectionWeightsQ610_fu_277/grp_p_anonymous_namespace_LoadRealtimeProjectionWeightsQ610_Pipeline_VITIS_LOOP_2599_s_fu_88/add_ln2616_reg_630_pp0_iter5_reg_reg[10]                                                                                                                                                                                                                  | 6      | 11    | NO           | YES                | YES               | 11     | 0       | 
|realtime_dma_bd_subband_realtime_0_0 | inst/grp_p_anonymous_namespace_RunRealtimeBandQ610_fu_297/grp_p_anonymous_namespace_LoadRealtimeProjectionWeightsQ610_fu_277/grp_p_anonymous_namespace_LoadRealtimeProjectionWeightsQ610_Pipeline_VITIS_LOOP_2599_s_fu_88/ap_loop_exit_ready_pp0_iter5_reg_reg                                                                                                                                                                                                                      | 5      | 1     | NO           | NO                 | YES               | 1      | 0       | 
|realtime_dma_bd_subband_realtime_0_0 | inst/grp_p_anonymous_namespace_RunRealtimeBandQ610_fu_297/grp_p_anonymous_namespace_LoadRealtimeProjectionWeightsQ610_fu_277/grp_p_anonymous_namespace_LoadRealtimeProjectionWeightsQ610_Pipeline_VITIS_LOOP_2624_s_fu_102/icmp_ln2627_reg_1123_pp0_iter9_reg_reg[0]                                                                                                                                                                                                                | 8      | 1     | NO           | NO                 | YES               | 1      | 0       | 
|realtime_dma_bd_subband_realtime_0_0 | inst/grp_p_anonymous_namespace_RunRealtimeBandQ610_fu_297/grp_p_anonymous_namespace_LoadRealtimeProjectionWeightsQ610_fu_277/grp_p_anonymous_namespace_LoadRealtimeProjectionWeightsQ610_Pipeline_VITIS_LOOP_2624_s_fu_102/icmp_ln2624_reg_1119_pp0_iter9_reg_reg[0]                                                                                                                                                                                                                | 8      | 1     | NO           | NO                 | YES               | 1      | 0       | 
|realtime_dma_bd_subband_realtime_0_0 | inst/grp_p_anonymous_namespace_RunRealtimeBandQ610_fu_297/grp_p_anonymous_namespace_LoadRealtimeProjectionWeightsQ610_fu_277/grp_p_anonymous_namespace_LoadRealtimeProjectionWeightsQ610_Pipeline_VITIS_LOOP_2624_s_fu_102/proj_base_reg_1099_pp0_iter10_reg_reg[7]                                                                                                                                                                                                                 | 11     | 4     | NO           | NO                 | YES               | 4      | 0       | 
|realtime_dma_bd_subband_realtime_0_0 | inst/grp_p_anonymous_namespace_RunRealtimeBandQ610_fu_297/grp_p_anonymous_namespace_LoadRealtimeProjectionWeightsQ610_fu_277/grp_p_anonymous_namespace_LoadRealtimeProjectionWeightsQ610_Pipeline_VITIS_LOOP_2624_s_fu_102/ap_loop_exit_ready_pp0_iter10_reg_reg                                                                                                                                                                                                                    | 10     | 1     | NO           | NO                 | YES               | 1      | 0       | 
|realtime_dma_bd_subband_realtime_0_0 | inst/grp_p_anonymous_namespace_RunRealtimeBandQ610_fu_297/grp_p_anonymous_namespace_RunRealtimeGSULayersSharedBandQ610_fu_202/grp_p_anonymous_namespace_LoadRealtimeGSULayerWeightsQ610_fu_2614/grp_p_anonymous_namespace_LoadRealtimeGSULayerWeightsQ610_Pipeline_VITIS_LOOP_2513_1_s_fu_80/trunc_ln2513_reg_592_pp0_iter6_reg_reg[0]                                                                                                                                              | 7      | 1     | NO           | NO                 | YES               | 1      | 0       | 
|realtime_dma_bd_subband_realtime_0_0 | inst/grp_p_anonymous_namespace_RunRealtimeBandQ610_fu_297/grp_p_anonymous_namespace_RunRealtimeGSULayersSharedBandQ610_fu_202/grp_p_anonymous_namespace_LoadRealtimeGSULayerWeightsQ610_fu_2614/grp_p_anonymous_namespace_LoadRealtimeGSULayerWeightsQ610_Pipeline_VITIS_LOOP_2534_5_s_fu_94/trunc_ln2534_reg_608_pp0_iter6_reg_reg[0]                                                                                                                                              | 7      | 1     | NO           | NO                 | YES               | 1      | 0       | 
|realtime_dma_bd_subband_realtime_0_0 | inst/grp_p_anonymous_namespace_RunRealtimeBandQ610_fu_297/grp_p_anonymous_namespace_RunRealtimeGSULayersSharedBandQ610_fu_202/grp_p_anonymous_namespace_LoadRealtimeGSULayerWeightsQ610_fu_2614/grp_p_anonymous_namespace_LoadRealtimeGSULayerWeightsQ610_Pipeline_VITIS_LOOP_2513_1_s_fu_80/lshr_ln_reg_596_pp0_iter6_reg_reg[6]                                                                                                                                                   | 7      | 7     | NO           | NO                 | YES               | 7      | 0       | 
|realtime_dma_bd_subband_realtime_0_0 | inst/grp_p_anonymous_namespace_RunRealtimeBandQ610_fu_297/grp_p_anonymous_namespace_RunRealtimeGSULayersSharedBandQ610_fu_202/grp_p_anonymous_namespace_LoadRealtimeGSULayerWeightsQ610_fu_2614/grp_p_anonymous_namespace_LoadRealtimeGSULayerWeightsQ610_Pipeline_VITIS_LOOP_2513_1_s_fu_80/lshr_ln4_reg_607_pp0_iter6_reg_reg[2]                                                                                                                                                  | 6      | 3     | NO           | NO                 | YES               | 3      | 0       | 
|realtime_dma_bd_subband_realtime_0_0 | inst/grp_p_anonymous_namespace_RunRealtimeBandQ610_fu_297/grp_p_anonymous_namespace_RunRealtimeGSULayersSharedBandQ610_fu_202/grp_p_anonymous_namespace_LoadRealtimeGSULayerWeightsQ610_fu_2614/grp_p_anonymous_namespace_LoadRealtimeGSULayerWeightsQ610_Pipeline_VITIS_LOOP_2534_5_s_fu_94/lshr_ln5_reg_612_pp0_iter6_reg_reg[6]                                                                                                                                                  | 7      | 7     | NO           | NO                 | YES               | 7      | 0       | 
|realtime_dma_bd_subband_realtime_0_0 | inst/grp_p_anonymous_namespace_RunRealtimeBandQ610_fu_297/grp_p_anonymous_namespace_RunRealtimeGSULayersSharedBandQ610_fu_202/grp_p_anonymous_namespace_LoadRealtimeGSULayerWeightsQ610_fu_2614/grp_p_anonymous_namespace_LoadRealtimeGSULayerWeightsQ610_Pipeline_VITIS_LOOP_2534_5_s_fu_94/lshr_ln6_reg_623_pp0_iter6_reg_reg[2]                                                                                                                                                  | 6      | 3     | NO           | NO                 | YES               | 3      | 0       | 
|realtime_dma_bd_subband_realtime_0_0 | inst/grp_p_anonymous_namespace_RunRealtimeBandQ610_fu_297/grp_p_anonymous_namespace_RunRealtimeGSULayersSharedBandQ610_fu_202/grp_p_anonymous_namespace_RunRealtimeGSUCellSharedQ610_fu_2044/grp_p_anonymous_namespace_RunRealtimeGSUCellFixedQ610_224_2_32_32_true_s_fu_1938/grp_p_anonymous_namespace_RunGSUGatePhaseBand0Q610_2_true_s_fu_4921/grp_p_anonymous_namespace_RunGSUGatePhaseBand0Q610_Pipeline_VITIS_LOOP_1887_1_fu_1954/icmp_ln1887_reg_5810_pp0_iter3_reg_reg[0]   | 3      | 1     | NO           | NO                 | YES               | 1      | 0       | 
|realtime_dma_bd_subband_realtime_0_0 | inst/grp_p_anonymous_namespace_RunRealtimeBandQ610_fu_297/grp_p_anonymous_namespace_RunRealtimeGSULayersSharedBandQ610_fu_202/grp_p_anonymous_namespace_RunRealtimeGSUCellSharedQ610_fu_2044/grp_p_anonymous_namespace_RunRealtimeGSUCellFixedQ610_224_2_32_32_true_s_fu_1938/grp_p_anonymous_namespace_RunGSUGatePhaseBand0Q610_2_true_s_fu_4921/grp_p_anonymous_namespace_RunGSUGatePhaseBand0Q610_Pipeline_VITIS_LOOP_1887_1_fu_1954/icmp_ln1887_reg_5810_pp0_iter8_reg_reg[0]   | 5      | 1     | NO           | NO                 | YES               | 1      | 0       | 
|realtime_dma_bd_subband_realtime_0_0 | inst/grp_p_anonymous_namespace_RunRealtimeBandQ610_fu_297/grp_p_anonymous_namespace_RunRealtimeGSULayersSharedBandQ610_fu_202/grp_p_anonymous_namespace_RunRealtimeGSUCellSharedQ610_fu_2044/grp_p_anonymous_namespace_RunRealtimeGSUCellFixedQ610_224_2_32_32_true_s_fu_1938/grp_p_anonymous_namespace_RunGSUGatePhaseBand0Q610_2_true_s_fu_4921/grp_p_anonymous_namespace_RunGSUGatePhaseBand0Q610_Pipeline_VITIS_LOOP_1887_1_fu_1954/icmp_ln1887_reg_5810_pp0_iter19_reg_reg[0]  | 11     | 1     | NO           | NO                 | YES               | 1      | 0       | 
|realtime_dma_bd_subband_realtime_0_0 | inst/grp_p_anonymous_namespace_RunRealtimeBandQ610_fu_297/grp_p_anonymous_namespace_RunRealtimeGSULayersSharedBandQ610_fu_202/grp_p_anonymous_namespace_RunRealtimeGSUCellSharedQ610_fu_2044/grp_p_anonymous_namespace_RunRealtimeGSUCellFixedQ610_224_2_32_32_true_s_fu_1938/grp_p_anonymous_namespace_RunGSUGatePhaseBand0Q610_2_true_s_fu_4921/grp_p_anonymous_namespace_RunGSUGatePhaseBand0Q610_Pipeline_VITIS_LOOP_1887_1_fu_1954/rhs_157_reg_5838_pp0_iter8_reg_reg[15]      | 9      | 16    | NO           | YES                | YES               | 16     | 0       | 
|realtime_dma_bd_subband_realtime_0_0 | inst/grp_p_anonymous_namespace_RunRealtimeBandQ610_fu_297/grp_p_anonymous_namespace_RunRealtimeGSULayersSharedBandQ610_fu_202/grp_p_anonymous_namespace_RunRealtimeGSUCellSharedQ610_fu_2044/grp_p_anonymous_namespace_RunRealtimeGSUCellFixedQ610_224_2_32_32_true_s_fu_1938/grp_p_anonymous_namespace_RunGSUGatePhaseBand0Q610_2_true_s_fu_4921/grp_p_anonymous_namespace_RunGSUGatePhaseBand0Q610_Pipeline_VITIS_LOOP_1887_1_fu_1954/common_q20_reg_5848_pp0_iter6_reg_reg[45]   | 6      | 31    | NO           | NO                 | YES               | 31     | 0       | 
|realtime_dma_bd_subband_realtime_0_0 | inst/grp_p_anonymous_namespace_RunRealtimeBandQ610_fu_297/grp_p_anonymous_namespace_RunRealtimeGSULayersSharedBandQ610_fu_202/grp_p_anonymous_namespace_RunRealtimeGSUCellSharedQ610_fu_2044/grp_p_anonymous_namespace_RunRealtimeGSUCellFixedQ610_224_2_32_32_true_s_fu_1938/grp_p_anonymous_namespace_RunGSUGatePhaseBand0Q610_2_true_s_fu_4921/grp_p_anonymous_namespace_RunGSUGatePhaseBand0Q610_Pipeline_VITIS_LOOP_1887_1_fu_1954/cell_q20_reg_6078_reg[8]                    | 6      | 9     | NO           | NO                 | YES               | 9      | 0       | 
|realtime_dma_bd_subband_realtime_0_0 | inst/grp_p_anonymous_namespace_RunRealtimeBandQ610_fu_297/grp_p_anonymous_namespace_RunRealtimeGSULayersSharedBandQ610_fu_202/grp_p_anonymous_namespace_RunRealtimeGSUCellSharedQ610_fu_2044/grp_p_anonymous_namespace_RunRealtimeGSUCellFixedQ610_224_2_32_32_true_s_fu_1938/grp_p_anonymous_namespace_RunGSUGatePhaseBand0Q610_2_true_s_fu_4921/grp_p_anonymous_namespace_RunGSUGatePhaseBand0Q610_Pipeline_VITIS_LOOP_1887_1_fu_1954/rhs_164_reg_5843_pp0_iter8_reg_reg[15]      | 9      | 16    | NO           | YES                | YES               | 16     | 0       | 
|realtime_dma_bd_subband_realtime_0_0 | inst/grp_p_anonymous_namespace_RunRealtimeBandQ610_fu_297/grp_p_anonymous_namespace_RunRealtimeGSULayersSharedBandQ610_fu_202/grp_p_anonymous_namespace_RunRealtimeGSUCellSharedQ610_fu_2044/grp_p_anonymous_namespace_RunRealtimeGSUCellFixedQ610_224_2_32_32_true_s_fu_1938/grp_p_anonymous_namespace_RunGSUGatePhaseBand0Q610_2_true_s_fu_4921/grp_p_anonymous_namespace_RunGSUGatePhaseBand0Q610_Pipeline_VITIS_LOOP_1887_1_fu_1954/common_q20_2_reg_5863_pp0_iter6_reg_reg[45] | 6      | 31    | NO           | NO                 | YES               | 31     | 0       | 
|realtime_dma_bd_subband_realtime_0_0 | inst/grp_p_anonymous_namespace_RunRealtimeBandQ610_fu_297/grp_p_anonymous_namespace_RunRealtimeGSULayersSharedBandQ610_fu_202/grp_p_anonymous_namespace_RunRealtimeGSUCellSharedQ610_fu_2044/grp_p_anonymous_namespace_RunRealtimeGSUCellFixedQ610_224_2_32_32_true_s_fu_1938/grp_p_anonymous_namespace_RunGSUGatePhaseBand0Q610_2_true_s_fu_4921/grp_p_anonymous_namespace_RunGSUGatePhaseBand0Q610_Pipeline_VITIS_LOOP_1887_1_fu_1954/cell_q20_1_reg_6103_reg[8]                  | 6      | 9     | NO           | NO                 | YES               | 9      | 0       | 
|realtime_dma_bd_subband_realtime_0_0 | inst/grp_p_anonymous_namespace_RunRealtimeBandQ610_fu_297/grp_p_anonymous_namespace_RunRealtimeGSULayersSharedBandQ610_fu_202/grp_p_anonymous_namespace_RunRealtimeGSUCellSharedQ610_fu_2044/grp_p_anonymous_namespace_RunRealtimeGSUCellFixedQ610_224_2_32_32_true_s_fu_1938/grp_p_anonymous_namespace_RunGSUGatePhaseBand0Q610_2_true_s_fu_4921/grp_p_anonymous_namespace_RunGSUGatePhaseBand0Q610_Pipeline_VITIS_LOOP_1887_1_fu_1954/ap_loop_exit_ready_pp0_iter19_reg_reg       | 19     | 1     | NO           | NO                 | YES               | 0      | 1       | 
|realtime_dma_bd_subband_realtime_0_0 | inst/grp_p_anonymous_namespace_RunRealtimeBandQ610_fu_297/grp_p_anonymous_namespace_RunRealtimeGSULayersSharedBandQ610_fu_202/grp_p_anonymous_namespace_RunRealtimeGSUCellSharedQ610_fu_2044/grp_p_anonymous_namespace_RunRealtimeGSUCellFixedQ610_224_2_32_32_true_s_fu_1938/grp_p_anonymous_namespace_RunGSUGatePhaseBand0Q610_2_true_s_fu_4921/grp_p_anonymous_namespace_RunGSUGatePhaseBand0Q610_Pipeline_VITIS_LOOP_1887_1_fu_1954/is_negative_reg_5934_pp0_iter8_reg_reg[0]   | 5      | 1     | NO           | NO                 | YES               | 1      | 0       | 
|realtime_dma_bd_subband_realtime_0_0 | inst/grp_p_anonymous_namespace_RunRealtimeBandQ610_fu_297/grp_p_anonymous_namespace_RunRealtimeGSULayersSharedBandQ610_fu_202/grp_p_anonymous_namespace_RunRealtimeGSUCellSharedQ610_fu_2044/grp_p_anonymous_namespace_RunRealtimeGSUCellFixedQ610_224_2_32_32_true_s_fu_1938/grp_p_anonymous_namespace_RunGSUGatePhaseBand0Q610_2_true_s_fu_4921/grp_p_anonymous_namespace_RunGSUGatePhaseBand0Q610_Pipeline_VITIS_LOOP_1887_1_fu_1954/icmp_ln1662_reg_5910_pp0_iter8_reg_reg[0]   | 5      | 1     | NO           | NO                 | YES               | 1      | 0       | 
|realtime_dma_bd_subband_realtime_0_0 | inst/grp_p_anonymous_namespace_RunRealtimeBandQ610_fu_297/grp_p_anonymous_namespace_RunRealtimeGSULayersSharedBandQ610_fu_202/grp_p_anonymous_namespace_RunRealtimeGSUCellSharedQ610_fu_2044/grp_p_anonymous_namespace_RunRealtimeGSUCellFixedQ610_224_2_32_32_true_s_fu_1938/grp_p_anonymous_namespace_RunGSUGatePhaseBand0Q610_2_true_s_fu_4921/grp_p_anonymous_namespace_RunGSUGatePhaseBand0Q610_Pipeline_VITIS_LOOP_1887_1_fu_1954/icmp_ln1665_reg_5930_pp0_iter8_reg_reg[0]   | 5      | 1     | NO           | YES                | YES               | 1      | 0       | 
|realtime_dma_bd_subband_realtime_0_0 | inst/grp_p_anonymous_namespace_RunRealtimeBandQ610_fu_297/grp_p_anonymous_namespace_RunRealtimeGSULayersSharedBandQ610_fu_202/grp_p_anonymous_namespace_RunRealtimeGSUCellSharedQ610_fu_2044/grp_p_anonymous_namespace_RunRealtimeGSUCellFixedQ610_224_2_32_32_true_s_fu_1938/grp_p_anonymous_namespace_RunGSUGatePhaseBand0Q610_2_true_s_fu_4921/grp_p_anonymous_namespace_RunGSUGatePhaseBand0Q610_Pipeline_VITIS_LOOP_1887_1_fu_1954/is_negative_1_reg_5963_pp0_iter8_reg_reg[0] | 5      | 1     | NO           | NO                 | YES               | 1      | 0       | 
|realtime_dma_bd_subband_realtime_0_0 | inst/grp_p_anonymous_namespace_RunRealtimeBandQ610_fu_297/grp_p_anonymous_namespace_RunRealtimeGSULayersSharedBandQ610_fu_202/grp_p_anonymous_namespace_RunRealtimeGSUCellSharedQ610_fu_2044/grp_p_anonymous_namespace_RunRealtimeGSUCellFixedQ610_224_2_32_32_true_s_fu_1938/grp_p_anonymous_namespace_RunGSUGatePhaseBand0Q610_2_true_s_fu_4921/grp_p_anonymous_namespace_RunGSUGatePhaseBand0Q610_Pipeline_VITIS_LOOP_1887_1_fu_1954/icmp_ln1662_1_reg_5926_pp0_iter8_reg_reg[0] | 5      | 1     | NO           | NO                 | YES               | 1      | 0       | 
|realtime_dma_bd_subband_realtime_0_0 | inst/grp_p_anonymous_namespace_RunRealtimeBandQ610_fu_297/grp_p_anonymous_namespace_RunRealtimeGSULayersSharedBandQ610_fu_202/grp_p_anonymous_namespace_RunRealtimeGSUCellSharedQ610_fu_2044/grp_p_anonymous_namespace_RunRealtimeGSUCellFixedQ610_224_2_32_32_true_s_fu_1938/grp_p_anonymous_namespace_RunGSUGatePhaseBand0Q610_2_true_s_fu_4921/grp_p_anonymous_namespace_RunGSUGatePhaseBand0Q610_Pipeline_VITIS_LOOP_1887_1_fu_1954/icmp_ln1665_1_reg_5959_pp0_iter8_reg_reg[0] | 5      | 1     | NO           | YES                | YES               | 1      | 0       | 
|realtime_dma_bd_subband_realtime_0_0 | inst/grp_p_anonymous_namespace_RunRealtimeBandQ610_fu_297/grp_p_anonymous_namespace_RunRealtimeGSULayersSharedBandQ610_fu_202/grp_p_anonymous_namespace_RunRealtimeGSUCellSharedQ610_fu_2044/grp_p_anonymous_namespace_RunRealtimeGSUCellFixedQ610_224_2_32_32_true_s_fu_1938/grp_p_anonymous_namespace_RunGSUGatePhaseBand0Q610_2_true_s_fu_4921/grp_p_anonymous_namespace_RunGSUGatePhaseBand0Q610_Pipeline_VITIS_LOOP_1887_1_fu_1954/lshr_ln_reg_5814_pp0_iter5_reg_reg[0]       | 6      | 7     | NO           | NO                 | YES               | 7      | 0       | 
|realtime_dma_bd_subband_realtime_0_0 | inst/grp_p_anonymous_namespace_RunRealtimeBandQ610_fu_297/grp_p_anonymous_namespace_RunRealtimeGSULayersSharedBandQ610_fu_202/grp_p_anonymous_namespace_RunRealtimeGSUCellSharedQ610_fu_2044/grp_p_anonymous_namespace_RunRealtimeGSUCellFixedQ610_224_2_32_32_true_s_fu_1938/grp_p_anonymous_namespace_RunGSUGatePhaseBand0Q610_2_true_s_fu_4921/grp_p_anonymous_namespace_RunGSUGatePhaseBand0Q610_Pipeline_VITIS_LOOP_1887_1_fu_1954/lshr_ln_reg_5814_pp0_iter13_reg_reg[0]      | 8      | 7     | NO           | NO                 | YES               | 7      | 0       | 
|realtime_dma_bd_subband_realtime_0_0 | inst/grp_p_anonymous_namespace_RunRealtimeBandQ610_fu_297/grp_p_anonymous_namespace_RunRealtimeGSULayersSharedBandQ610_fu_202/grp_p_anonymous_namespace_RunRealtimeGSUCellSharedQ610_fu_2044/grp_p_anonymous_namespace_RunRealtimeGSUCellFixedQ610_224_2_32_32_true_s_fu_1938/grp_p_anonymous_namespace_RunGSUGatePhaseBand0Q610_2_true_s_fu_4921/grp_p_anonymous_namespace_RunGSUGatePhaseBand0Q610_Pipeline_VITIS_LOOP_1887_1_fu_1954/zext_ln1895_reg_5820_pp0_iter17_reg_reg[0]  | 4      | 7     | NO           | NO                 | YES               | 7      | 0       | 
|realtime_dma_bd_subband_realtime_0_0 | inst/grp_p_anonymous_namespace_RunRealtimeBandQ610_fu_297/grp_p_anonymous_namespace_RunRealtimeGSULayersSharedBandQ610_fu_202/grp_p_anonymous_namespace_LoadRealtimeGSULayerWeightsQ610_fu_2614/grp_p_anonymous_namespace_LoadRealtimeGSULayerWeightsQ610_Pipeline_VITIS_LOOP_2513_1_s_fu_80/ap_loop_exit_ready_pp0_iter5_reg_reg                                                                                                                                                   | 5      | 1     | NO           | NO                 | YES               | 1      | 0       | 
|realtime_dma_bd_subband_realtime_0_0 | inst/grp_p_anonymous_namespace_RunRealtimeBandQ610_fu_297/grp_p_anonymous_namespace_RunRealtimeGSULayersSharedBandQ610_fu_202/grp_p_anonymous_namespace_LoadRealtimeGSULayerWeightsQ610_fu_2614/grp_p_anonymous_namespace_LoadRealtimeGSULayerWeightsQ610_Pipeline_VITIS_LOOP_2534_5_s_fu_94/ap_loop_exit_ready_pp0_iter5_reg_reg                                                                                                                                                   | 5      | 1     | NO           | NO                 | YES               | 1      | 0       | 
|realtime_dma_bd_subband_realtime_0_0 | inst/grp_p_anonymous_namespace_RunRealtimeBandQ610_fu_297/grp_p_anonymous_namespace_RunRealtimeGSULayersSharedBandQ610_fu_202/grp_p_anonymous_namespace_LoadRealtimeGSULayerWeightsQ610_fu_2614/grp_p_anonymous_namespace_LoadRealtimeGSULayerWeightsQ610_Pipeline_VITIS_LOOP_2569_12_fu_118/lshr_ln8_reg_719_pp0_iter2_reg_reg[6]                                                                                                                                                  | 3      | 4     | NO           | NO                 | YES               | 4      | 0       | 
|realtime_dma_bd_subband_realtime_0_0 | inst/grp_p_anonymous_namespace_RunRealtimeBandQ610_fu_297/grp_p_anonymous_namespace_RunRealtimeGSULayersSharedBandQ610_fu_202/grp_p_anonymous_namespace_LoadRealtimeGSULayerWeightsQ610_fu_2614/grp_p_anonymous_namespace_LoadRealtimeGSULayerWeightsQ610_Pipeline_VITIS_LOOP_2580_14_fu_130/lshr_ln9_reg_719_pp0_iter2_reg_reg[6]                                                                                                                                                  | 3      | 4     | NO           | NO                 | YES               | 4      | 0       | 
|realtime_dma_bd_subband_realtime_0_0 | inst/grp_p_anonymous_namespace_RunRealtimeBandQ610_fu_297/grp_p_anonymous_namespace_RunRealtimeGSULayersSharedBandQ610_fu_202/grp_p_anonymous_namespace_RunRealtimeGSUCellSharedQ610_fu_2044/grp_p_anonymous_namespace_RunRealtimeGSUCellFixedQ610_224_2_32_32_true_s_fu_1938/grp_p_anonymous_namespace_RunGSUGatePhaseBand0Q610_2_true_s_fu_4921/grp_p_anonymous_namespace_RunGSUGatePhaseBand0Q610_Pipeline_VITIS_LOOP_1887_1_fu_1954/ap_enable_reg_pp0_iter14_reg                | 5      | 1     | YES          | NO                 | YES               | 1      | 0       | 
|realtime_dma_bd_subband_realtime_0_0 | inst/grp_p_anonymous_namespace_RunRealtimeBandQ610_fu_297/grp_p_anonymous_namespace_RunRealtimeGSULayersSharedBandQ610_fu_202/grp_p_anonymous_namespace_RunRealtimeGSUCellSharedQ610_fu_2044/grp_p_anonymous_namespace_RunRealtimeGSUCellFixedQ610_224_2_32_32_true_s_fu_1938/grp_p_anonymous_namespace_RunGSUGatePhaseBand0Q610_2_true_s_fu_4921/grp_p_anonymous_namespace_RunGSUGatePhaseBand0Q610_Pipeline_VITIS_LOOP_1887_1_fu_1954/ap_enable_reg_pp0_iter18_reg                | 4      | 1     | YES          | NO                 | YES               | 1      | 0       | 
+-------------------------------------+-------------------------------------------------------------------------------------------------------------------------------------------------------------------------------------------------------------------------------------------------------------------------------------------------------------------------------------------------------------------------------------------------------------------------------------------------------------------------------------+--------+-------+--------------+--------------------+-------------------+--------+---------+


Dynamic Shift Register Report:
+------------+---------------------------+--------+------------+--------+---------+--------+--------+--------+
|Module Name | RTL Name                  | Length | Data Width | SRL16E | SRLC32E | Mux F7 | Mux F8 | Mux F9 | 
+------------+---------------------------+--------+------------+--------+---------+--------+--------+--------+
|dsrl        | INFERRED_GEN.data_reg[3]  | 59     | 59         | 59     | 0       | 0      | 0      | 0      | 
|dsrl__1     | INFERRED_GEN.data_reg[3]  | 29     | 29         | 29     | 0       | 0      | 0      | 0      | 
|dsrl__2     | INFERRED_GEN.data_reg[3]  | 8      | 8          | 8      | 0       | 0      | 0      | 0      | 
|dsrl__3     | INFERRED_GEN.data_reg[5]  | 2      | 2          | 2      | 0       | 0      | 0      | 0      | 
|dsrl__4     | INFERRED_GEN.data_reg[5]  | 21     | 21         | 21     | 0       | 0      | 0      | 0      | 
|dsrl__5     | INFERRED_GEN.data_reg[3]  | 25     | 25         | 25     | 0       | 0      | 0      | 0      | 
|dsrl__6     | INFERRED_GEN.data_reg[15] | 6      | 6          | 6      | 0       | 0      | 0      | 0      | 
|dsrl__7     | INFERRED_GEN.data_reg[3]  | 27     | 27         | 27     | 0       | 0      | 0      | 0      | 
|dsrl__8     | shift_reg_reg             | 16     | 1          | 1      | 0       | 0      | 0      | 0      | 
|dsrl__9     | mem_reg[5]                | 64     | 64         | 64     | 0       | 0      | 0      | 0      | 
|dsrl__10    | mem_reg[5]                | 1      | 1          | 1      | 0       | 0      | 0      | 0      | 
|dsrl__11    | mem_reg[14]               | 289    | 289        | 289    | 0       | 0      | 0      | 0      | 
+------------+---------------------------+--------+------------+--------+---------+--------+--------+--------+

---------------------------------------------------------------------------------
Finished ROM, RAM, DSP, Shift Register and Retiming Reporting
---------------------------------------------------------------------------------
---------------------------------------------------------------------------------
Start Writing Synthesis Report
---------------------------------------------------------------------------------

DSP Final Report (the ' indicates corresponding REG is set)
+-----------------------------------------------------------------------------------------------------------+----------------+--------+--------+--------+--------+--------+------+------+------+------+-------+------+------+
|Module Name                                                                                                | DSP Mapping    | A Size | B Size | C Size | D Size | P Size | AREG | BREG | CREG | DREG | ADREG | MREG | PREG | 
+-----------------------------------------------------------------------------------------------------------+----------------+--------+--------+--------+--------+--------+------+------+------+------+-------+------+------+
|SubbandRealtimeTopQ610Ip_mac_muladd_7ns_3ns_8ns_10_4_1_DSP48_1                                             | (C+(A'*B'')')' | 7      | 3      | 8      | -      | 10     | 1    | 2    | 2    | -    | -     | 1    | 1    | 
|SubbandRealtimeTopQ610Ip_p_anonymous_namespace_RunGSUGatePhaseBand0Q610_Pipeline_VITIS_LOOP_1887_1         | (C+(A'*B'')')' | 0      | 18     | 10     | -      | 31     | 1    | 2    | 2    | -    | -     | 1    | 1    | 
|SubbandRealtimeTopQ610Ip_mul_16s_16s_32_3_1                                                                | (C+(A'*B')')'  | 30     | 18     | 10     | -      | 31     | 1    | 1    | 1    | -    | -     | 1    | 1    | 
|SubbandRealtimeTopQ610Ip_mul_16s_16s_32_3_1                                                                | (C+(A'*B')')'  | 30     | 18     | 10     | -      | 32     | 1    | 1    | 1    | -    | -     | 1    | 1    | 
|SubbandRealtimeTopQ610Ip_p_anonymous_namespace_RunGSUGatePhaseBand0Q610_Pipeline_VITIS_LOOP_1887_1         | (C+(A'*B'')')' | 0      | 18     | 10     | -      | 31     | 1    | 2    | 2    | -    | -     | 1    | 1    | 
|SubbandRealtimeTopQ610Ip_mul_16s_16s_32_3_1                                                                | (C+(A'*B')')'  | 30     | 18     | 10     | -      | 31     | 1    | 1    | 1    | -    | -     | 1    | 1    | 
|SubbandRealtimeTopQ610Ip_mul_16s_16s_32_3_1                                                                | (C+(A'*B')')'  | 30     | 18     | 10     | -      | 32     | 1    | 1    | 1    | -    | -     | 1    | 1    | 
|SubbandRealtimeTopQ610Ip_p_anonymous_namespace_RunGSUGatePhaseBand0Q610_Pipeline_VITIS_LOOP_1887_1         | (A''*B'')'     | 30     | 18     | -      | -      | 31     | 2    | 2    | -    | -    | -     | 0    | 1    | 
|SubbandRealtimeTopQ610Ip_mul_16s_16s_32_3_1                                                                | (A'*B')'       | 30     | 18     | -      | -      | 31     | 1    | 1    | -    | -    | -     | 0    | 1    | 
|SubbandRealtimeTopQ610Ip_p_anonymous_namespace_RunGSUGatePhaseBand0Q610_Pipeline_VITIS_LOOP_1887_1         | (A''*B'')'     | 30     | 18     | -      | -      | 31     | 2    | 2    | -    | -    | -     | 0    | 1    | 
|SubbandRealtimeTopQ610Ip_mul_16s_16s_32_3_1                                                                | (A'*B')'       | 30     | 18     | -      | -      | 31     | 1    | 1    | -    | -    | -     | 0    | 1    | 
|SubbandRealtimeTopQ610Ip_mul_16s_16s_32_3_1                                                                | (A'*B')'       | 30     | 18     | -      | -      | 32     | 1    | 1    | -    | -    | -     | 0    | 1    | 
|SubbandRealtimeTopQ610Ip_mul_16s_16s_32_3_1                                                                | (A'*B')'       | 30     | 18     | -      | -      | 32     | 1    | 1    | -    | -    | -     | 0    | 1    | 
|SubbandRealtimeTopQ610Ip_mac_muladd_16s_16s_34s_34_3_1_DSP48_0                                             | (P+(A''*B')')' | 30     | 18     | -      | -      | 34     | 2    | 1    | -    | -    | -     | 1    | 1    | 
|SubbandRealtimeTopQ610Ip_p_anonymous_namespace_RunRealtimeGSUMacPhaseFixedQ610_Pipeline_VITIS_LOOP_2713_27 | (P+(A'*B'')')' | 30     | 18     | -      | -      | 34     | 1    | 2    | -    | -    | -     | 1    | 1    | 
|SubbandRealtimeTopQ610Ip_p_anonymous_namespace_RunRealtimeGSUMacPhaseFixedQ610_Pipeline_VITIS_LOOP_2713_27 | (P+(A'*B'')')' | 30     | 18     | -      | -      | 34     | 1    | 2    | -    | -    | -     | 1    | 1    | 
|SubbandRealtimeTopQ610Ip_p_anonymous_namespace_RunRealtimeGSUMacPhaseFixedQ610_Pipeline_VITIS_LOOP_2713_27 | (P+(A'*B'')')' | 30     | 18     | -      | -      | 34     | 1    | 2    | -    | -    | -     | 1    | 1    | 
|SubbandRealtimeTopQ610Ip_p_anonymous_namespace_RunRealtimeGSUMacPhaseFixedQ610_Pipeline_VITIS_LOOP_2713_27 | (P+(A'*B'')')' | 30     | 18     | -      | -      | 34     | 1    | 2    | -    | -    | -     | 1    | 1    | 
|SubbandRealtimeTopQ610Ip_p_anonymous_namespace_RunRealtimeGSUMacPhaseFixedQ610_Pipeline_VITIS_LOOP_2713_27 | (P+(A'*B'')')' | 30     | 18     | -      | -      | 34     | 1    | 2    | -    | -    | -     | 1    | 1    | 
|SubbandRealtimeTopQ610Ip_p_anonymous_namespace_RunRealtimeGSUMacPhaseFixedQ610_Pipeline_VITIS_LOOP_2713_27 | (P+(A'*B'')')' | 30     | 18     | -      | -      | 34     | 1    | 2    | -    | -    | -     | 1    | 1    | 
|SubbandRealtimeTopQ610Ip_p_anonymous_namespace_RunRealtimeGSUMacPhaseFixedQ610_Pipeline_VITIS_LOOP_2713_27 | (P+(A'*B'')')' | 30     | 18     | -      | -      | 34     | 1    | 2    | -    | -    | -     | 1    | 1    | 
|SubbandRealtimeTopQ610Ip_p_anonymous_namespace_RunRealtimeGSUMacPhaseFixedQ610_Pipeline_VITIS_LOOP_2713_27 | (P+(A'*B'')')' | 30     | 18     | -      | -      | 34     | 1    | 2    | -    | -    | -     | 1    | 1    | 
|SubbandRealtimeTopQ610Ip_p_anonymous_namespace_RunRealtimeGSUMacPhaseFixedQ610_Pipeline_VITIS_LOOP_2713_27 | (P+(A'*B'')')' | 30     | 18     | -      | -      | 34     | 1    | 2    | -    | -    | -     | 1    | 1    | 
|SubbandRealtimeTopQ610Ip_p_anonymous_namespace_RunRealtimeGSUMacPhaseFixedQ610_Pipeline_VITIS_LOOP_2713_27 | (P+(A'*B'')')' | 30     | 18     | -      | -      | 34     | 1    | 2    | -    | -    | -     | 1    | 1    | 
|SubbandRealtimeTopQ610Ip_p_anonymous_namespace_RunRealtimeGSUMacPhaseFixedQ610_Pipeline_VITIS_LOOP_2713_27 | (P+(A'*B'')')' | 30     | 18     | -      | -      | 34     | 1    | 2    | -    | -    | -     | 1    | 1    | 
|SubbandRealtimeTopQ610Ip_p_anonymous_namespace_RunRealtimeGSUMacPhaseFixedQ610_Pipeline_VITIS_LOOP_2713_27 | (P+(A'*B'')')' | 30     | 18     | -      | -      | 34     | 1    | 2    | -    | -    | -     | 1    | 1    | 
|SubbandRealtimeTopQ610Ip_p_anonymous_namespace_RunRealtimeGSUMacPhaseFixedQ610_Pipeline_VITIS_LOOP_2713_27 | (P+(A'*B'')')' | 30     | 18     | -      | -      | 34     | 1    | 2    | -    | -    | -     | 1    | 1    | 
|SubbandRealtimeTopQ610Ip_p_anonymous_namespace_RunRealtimeGSUMacPhaseFixedQ610_Pipeline_VITIS_LOOP_2713_27 | (P+(A'*B'')')' | 30     | 18     | -      | -      | 34     | 1    | 2    | -    | -    | -     | 1    | 1    | 
|SubbandRealtimeTopQ610Ip_p_anonymous_namespace_RunRealtimeGSUMacPhaseFixedQ610_Pipeline_VITIS_LOOP_2713_27 | (P+(A'*B'')')' | 30     | 18     | -      | -      | 34     | 1    | 2    | -    | -    | -     | 1    | 1    | 
|SubbandRealtimeTopQ610Ip_p_anonymous_namespace_RunRealtimeGSUMacPhaseFixedQ610_Pipeline_VITIS_LOOP_2713_27 | (P+(A'*B'')')' | 30     | 18     | -      | -      | 34     | 1    | 2    | -    | -    | -     | 1    | 1    | 
|SubbandRealtimeTopQ610Ip_p_anonymous_namespace_RunRealtimeGSUMacPhaseFixedQ610_Pipeline_VITIS_LOOP_2713_27 | (P+(A'*B'')')' | 30     | 18     | -      | -      | 34     | 1    | 2    | -    | -    | -     | 1    | 1    | 
|SubbandRealtimeTopQ610Ip_p_anonymous_namespace_RunRealtimeGSUMacPhaseFixedQ610_Pipeline_VITIS_LOOP_2713_27 | (P+(A'*B'')')' | 30     | 18     | -      | -      | 34     | 1    | 2    | -    | -    | -     | 1    | 1    | 
|SubbandRealtimeTopQ610Ip_p_anonymous_namespace_RunRealtimeGSUMacPhaseFixedQ610_Pipeline_VITIS_LOOP_2713_27 | (P+(A'*B'')')' | 30     | 18     | -      | -      | 34     | 1    | 2    | -    | -    | -     | 1    | 1    | 
|SubbandRealtimeTopQ610Ip_p_anonymous_namespace_RunRealtimeGSUMacPhaseFixedQ610_Pipeline_VITIS_LOOP_2713_27 | (P+(A'*B'')')' | 30     | 18     | -      | -      | 34     | 1    | 2    | -    | -    | -     | 1    | 1    | 
|SubbandRealtimeTopQ610Ip_p_anonymous_namespace_RunRealtimeGSUMacPhaseFixedQ610_Pipeline_VITIS_LOOP_2713_27 | (P+(A'*B'')')' | 30     | 18     | -      | -      | 34     | 1    | 2    | -    | -    | -     | 1    | 1    | 
|SubbandRealtimeTopQ610Ip_p_anonymous_namespace_RunRealtimeGSUMacPhaseFixedQ610_Pipeline_VITIS_LOOP_2713_27 | (P+(A'*B'')')' | 30     | 18     | -      | -      | 34     | 1    | 2    | -    | -    | -     | 1    | 1    | 
|SubbandRealtimeTopQ610Ip_p_anonymous_namespace_RunRealtimeGSUMacPhaseFixedQ610_Pipeline_VITIS_LOOP_2713_27 | (P+(A'*B'')')' | 30     | 18     | -      | -      | 34     | 1    | 2    | -    | -    | -     | 1    | 1    | 
|SubbandRealtimeTopQ610Ip_p_anonymous_namespace_RunRealtimeGSUMacPhaseFixedQ610_Pipeline_VITIS_LOOP_2713_27 | (P+(A'*B'')')' | 30     | 18     | -      | -      | 34     | 1    | 2    | -    | -    | -     | 1    | 1    | 
|SubbandRealtimeTopQ610Ip_p_anonymous_namespace_RunRealtimeGSUMacPhaseFixedQ610_Pipeline_VITIS_LOOP_2713_27 | (P+(A'*B'')')' | 30     | 18     | -      | -      | 34     | 1    | 2    | -    | -    | -     | 1    | 1    | 
|SubbandRealtimeTopQ610Ip_p_anonymous_namespace_RunRealtimeGSUMacPhaseFixedQ610_Pipeline_VITIS_LOOP_2713_27 | (P+(A'*B'')')' | 30     | 18     | -      | -      | 34     | 1    | 2    | -    | -    | -     | 1    | 1    | 
|SubbandRealtimeTopQ610Ip_p_anonymous_namespace_RunRealtimeGSUMacPhaseFixedQ610_Pipeline_VITIS_LOOP_2713_27 | (P+(A'*B'')')' | 30     | 18     | -      | -      | 34     | 1    | 2    | -    | -    | -     | 1    | 1    | 
|SubbandRealtimeTopQ610Ip_p_anonymous_namespace_RunRealtimeGSUMacPhaseFixedQ610_Pipeline_VITIS_LOOP_2713_27 | (P+(A'*B'')')' | 30     | 18     | -      | -      | 34     | 1    | 2    | -    | -    | -     | 1    | 1    | 
|SubbandRealtimeTopQ610Ip_p_anonymous_namespace_RunRealtimeGSUMacPhaseFixedQ610_Pipeline_VITIS_LOOP_2713_27 | (P+(A'*B'')')' | 30     | 18     | -      | -      | 34     | 1    | 2    | -    | -    | -     | 1    | 1    | 
|SubbandRealtimeTopQ610Ip_p_anonymous_namespace_RunRealtimeGSUMacPhaseFixedQ610_Pipeline_VITIS_LOOP_2713_27 | (P+(A'*B'')')' | 30     | 18     | -      | -      | 34     | 1    | 2    | -    | -    | -     | 1    | 1    | 
|SubbandRealtimeTopQ610Ip_p_anonymous_namespace_RunRealtimeGSUMacPhaseFixedQ610_Pipeline_VITIS_LOOP_2713_27 | (P+(A'*B'')')' | 30     | 18     | -      | -      | 34     | 1    | 2    | -    | -    | -     | 1    | 1    | 
|SubbandRealtimeTopQ610Ip_mac_muladd_16s_16s_34s_34_3_1_DSP48_0                                             | (P+(A''*B')')' | 30     | 18     | -      | -      | 34     | 2    | 1    | -    | -    | -     | 1    | 1    | 
|SubbandRealtimeTopQ610Ip_p_anonymous_namespace_RunRealtimeGSUMacPhaseFixedQ610_Pipeline_VITIS_LOOP_2713_28 | (P+(A'*B'')')' | 30     | 18     | -      | -      | 34     | 1    | 2    | -    | -    | -     | 1    | 1    | 
|SubbandRealtimeTopQ610Ip_p_anonymous_namespace_RunRealtimeGSUMacPhaseFixedQ610_Pipeline_VITIS_LOOP_2713_28 | (P+(A'*B'')')' | 30     | 18     | -      | -      | 34     | 1    | 2    | -    | -    | -     | 1    | 1    | 
|SubbandRealtimeTopQ610Ip_p_anonymous_namespace_RunRealtimeGSUMacPhaseFixedQ610_Pipeline_VITIS_LOOP_2713_28 | (P+(A'*B'')')' | 30     | 18     | -      | -      | 34     | 1    | 2    | -    | -    | -     | 1    | 1    | 
|SubbandRealtimeTopQ610Ip_p_anonymous_namespace_RunRealtimeGSUMacPhaseFixedQ610_Pipeline_VITIS_LOOP_2713_28 | (P+(A'*B'')')' | 30     | 18     | -      | -      | 34     | 1    | 2    | -    | -    | -     | 1    | 1    | 
|SubbandRealtimeTopQ610Ip_p_anonymous_namespace_RunRealtimeGSUMacPhaseFixedQ610_Pipeline_VITIS_LOOP_2713_28 | (P+(A'*B'')')' | 30     | 18     | -      | -      | 34     | 1    | 2    | -    | -    | -     | 1    | 1    | 
|SubbandRealtimeTopQ610Ip_p_anonymous_namespace_RunRealtimeGSUMacPhaseFixedQ610_Pipeline_VITIS_LOOP_2713_28 | (P+(A'*B'')')' | 30     | 18     | -      | -      | 34     | 1    | 2    | -    | -    | -     | 1    | 1    | 
|SubbandRealtimeTopQ610Ip_p_anonymous_namespace_RunRealtimeGSUMacPhaseFixedQ610_Pipeline_VITIS_LOOP_2713_28 | (P+(A'*B'')')' | 30     | 18     | -      | -      | 34     | 1    | 2    | -    | -    | -     | 1    | 1    | 
|SubbandRealtimeTopQ610Ip_p_anonymous_namespace_RunRealtimeGSUMacPhaseFixedQ610_Pipeline_VITIS_LOOP_2713_28 | (P+(A'*B'')')' | 30     | 18     | -      | -      | 34     | 1    | 2    | -    | -    | -     | 1    | 1    | 
|SubbandRealtimeTopQ610Ip_p_anonymous_namespace_RunRealtimeGSUMacPhaseFixedQ610_Pipeline_VITIS_LOOP_2713_28 | (P+(A'*B'')')' | 30     | 18     | -      | -      | 34     | 1    | 2    | -    | -    | -     | 1    | 1    | 
|SubbandRealtimeTopQ610Ip_p_anonymous_namespace_RunRealtimeGSUMacPhaseFixedQ610_Pipeline_VITIS_LOOP_2713_28 | (P+(A'*B'')')' | 30     | 18     | -      | -      | 34     | 1    | 2    | -    | -    | -     | 1    | 1    | 
|SubbandRealtimeTopQ610Ip_p_anonymous_namespace_RunRealtimeGSUMacPhaseFixedQ610_Pipeline_VITIS_LOOP_2713_28 | (P+(A'*B'')')' | 30     | 18     | -      | -      | 34     | 1    | 2    | -    | -    | -     | 1    | 1    | 
|SubbandRealtimeTopQ610Ip_p_anonymous_namespace_RunRealtimeGSUMacPhaseFixedQ610_Pipeline_VITIS_LOOP_2713_28 | (P+(A'*B'')')' | 30     | 18     | -      | -      | 34     | 1    | 2    | -    | -    | -     | 1    | 1    | 
|SubbandRealtimeTopQ610Ip_p_anonymous_namespace_RunRealtimeGSUMacPhaseFixedQ610_Pipeline_VITIS_LOOP_2713_28 | (P+(A'*B'')')' | 30     | 18     | -      | -      | 34     | 1    | 2    | -    | -    | -     | 1    | 1    | 
|SubbandRealtimeTopQ610Ip_p_anonymous_namespace_RunRealtimeGSUMacPhaseFixedQ610_Pipeline_VITIS_LOOP_2713_28 | (P+(A'*B'')')' | 30     | 18     | -      | -      | 34     | 1    | 2    | -    | -    | -     | 1    | 1    | 
|SubbandRealtimeTopQ610Ip_p_anonymous_namespace_RunRealtimeGSUMacPhaseFixedQ610_Pipeline_VITIS_LOOP_2713_28 | (P+(A'*B'')')' | 30     | 18     | -      | -      | 34     | 1    | 2    | -    | -    | -     | 1    | 1    | 
|SubbandRealtimeTopQ610Ip_p_anonymous_namespace_RunRealtimeGSUMacPhaseFixedQ610_Pipeline_VITIS_LOOP_2713_28 | (P+(A'*B'')')' | 30     | 18     | -      | -      | 34     | 1    | 2    | -    | -    | -     | 1    | 1    | 
|SubbandRealtimeTopQ610Ip_p_anonymous_namespace_RunRealtimeGSUMacPhaseFixedQ610_Pipeline_VITIS_LOOP_2713_28 | (P+(A'*B'')')' | 30     | 18     | -      | -      | 34     | 1    | 2    | -    | -    | -     | 1    | 1    | 
|SubbandRealtimeTopQ610Ip_p_anonymous_namespace_RunRealtimeGSUMacPhaseFixedQ610_Pipeline_VITIS_LOOP_2713_28 | (P+(A'*B'')')' | 30     | 18     | -      | -      | 34     | 1    | 2    | -    | -    | -     | 1    | 1    | 
|SubbandRealtimeTopQ610Ip_p_anonymous_namespace_RunRealtimeGSUMacPhaseFixedQ610_Pipeline_VITIS_LOOP_2713_28 | (P+(A'*B'')')' | 30     | 18     | -      | -      | 34     | 1    | 2    | -    | -    | -     | 1    | 1    | 
|SubbandRealtimeTopQ610Ip_p_anonymous_namespace_RunRealtimeGSUMacPhaseFixedQ610_Pipeline_VITIS_LOOP_2713_28 | (P+(A'*B'')')' | 30     | 18     | -      | -      | 34     | 1    | 2    | -    | -    | -     | 1    | 1    | 
|SubbandRealtimeTopQ610Ip_p_anonymous_namespace_RunRealtimeGSUMacPhaseFixedQ610_Pipeline_VITIS_LOOP_2713_28 | (P+(A'*B'')')' | 30     | 18     | -      | -      | 34     | 1    | 2    | -    | -    | -     | 1    | 1    | 
|SubbandRealtimeTopQ610Ip_p_anonymous_namespace_RunRealtimeGSUMacPhaseFixedQ610_Pipeline_VITIS_LOOP_2713_28 | (P+(A'*B'')')' | 30     | 18     | -      | -      | 34     | 1    | 2    | -    | -    | -     | 1    | 1    | 
|SubbandRealtimeTopQ610Ip_p_anonymous_namespace_RunRealtimeGSUMacPhaseFixedQ610_Pipeline_VITIS_LOOP_2713_28 | (P+(A'*B'')')' | 30     | 18     | -      | -      | 34     | 1    | 2    | -    | -    | -     | 1    | 1    | 
|SubbandRealtimeTopQ610Ip_p_anonymous_namespace_RunRealtimeGSUMacPhaseFixedQ610_Pipeline_VITIS_LOOP_2713_28 | (P+(A'*B'')')' | 30     | 18     | -      | -      | 34     | 1    | 2    | -    | -    | -     | 1    | 1    | 
|SubbandRealtimeTopQ610Ip_p_anonymous_namespace_RunRealtimeGSUMacPhaseFixedQ610_Pipeline_VITIS_LOOP_2713_28 | (P+(A'*B'')')' | 30     | 18     | -      | -      | 34     | 1    | 2    | -    | -    | -     | 1    | 1    | 
|SubbandRealtimeTopQ610Ip_p_anonymous_namespace_RunRealtimeGSUMacPhaseFixedQ610_Pipeline_VITIS_LOOP_2713_28 | (P+(A'*B'')')' | 30     | 18     | -      | -      | 34     | 1    | 2    | -    | -    | -     | 1    | 1    | 
|SubbandRealtimeTopQ610Ip_p_anonymous_namespace_RunRealtimeGSUMacPhaseFixedQ610_Pipeline_VITIS_LOOP_2713_28 | (P+(A'*B'')')' | 30     | 18     | -      | -      | 34     | 1    | 2    | -    | -    | -     | 1    | 1    | 
|SubbandRealtimeTopQ610Ip_p_anonymous_namespace_RunRealtimeGSUMacPhaseFixedQ610_Pipeline_VITIS_LOOP_2713_28 | (P+(A'*B'')')' | 30     | 18     | -      | -      | 34     | 1    | 2    | -    | -    | -     | 1    | 1    | 
|SubbandRealtimeTopQ610Ip_p_anonymous_namespace_RunRealtimeGSUMacPhaseFixedQ610_Pipeline_VITIS_LOOP_2713_28 | (P+(A'*B'')')' | 30     | 18     | -      | -      | 34     | 1    | 2    | -    | -    | -     | 1    | 1    | 
|SubbandRealtimeTopQ610Ip_p_anonymous_namespace_RunRealtimeGSUMacPhaseFixedQ610_Pipeline_VITIS_LOOP_2713_28 | (P+(A'*B'')')' | 30     | 18     | -      | -      | 34     | 1    | 2    | -    | -    | -     | 1    | 1    | 
|SubbandRealtimeTopQ610Ip_p_anonymous_namespace_RunRealtimeGSUMacPhaseFixedQ610_Pipeline_VITIS_LOOP_2713_28 | (P+(A'*B'')')' | 30     | 18     | -      | -      | 34     | 1    | 2    | -    | -    | -     | 1    | 1    | 
|SubbandRealtimeTopQ610Ip_mac_muladd_16s_16s_34s_34_3_1_DSP48_0                                             | (P+(A''*B')')' | 30     | 18     | -      | -      | 34     | 2    | 1    | -    | -    | -     | 1    | 1    | 
|SubbandRealtimeTopQ610Ip_p_anonymous_namespace_RunRealtimeGSUMacPhaseFixedQ610_Pipeline_VITIS_LOOP_2713_29 | (P+(A'*B'')')' | 30     | 18     | -      | -      | 34     | 1    | 2    | -    | -    | -     | 1    | 1    | 
|SubbandRealtimeTopQ610Ip_p_anonymous_namespace_RunRealtimeGSUMacPhaseFixedQ610_Pipeline_VITIS_LOOP_2713_29 | (P+(A'*B'')')' | 30     | 18     | -      | -      | 34     | 1    | 2    | -    | -    | -     | 1    | 1    | 
|SubbandRealtimeTopQ610Ip_p_anonymous_namespace_RunRealtimeGSUMacPhaseFixedQ610_Pipeline_VITIS_LOOP_2713_29 | (P+(A'*B'')')' | 30     | 18     | -      | -      | 34     | 1    | 2    | -    | -    | -     | 1    | 1    | 
|SubbandRealtimeTopQ610Ip_p_anonymous_namespace_RunRealtimeGSUMacPhaseFixedQ610_Pipeline_VITIS_LOOP_2713_29 | (P+(A'*B'')')' | 30     | 18     | -      | -      | 34     | 1    | 2    | -    | -    | -     | 1    | 1    | 
|SubbandRealtimeTopQ610Ip_p_anonymous_namespace_RunRealtimeGSUMacPhaseFixedQ610_Pipeline_VITIS_LOOP_2713_29 | (P+(A'*B'')')' | 30     | 18     | -      | -      | 34     | 1    | 2    | -    | -    | -     | 1    | 1    | 
|SubbandRealtimeTopQ610Ip_p_anonymous_namespace_RunRealtimeGSUMacPhaseFixedQ610_Pipeline_VITIS_LOOP_2713_29 | (P+(A'*B'')')' | 30     | 18     | -      | -      | 34     | 1    | 2    | -    | -    | -     | 1    | 1    | 
|SubbandRealtimeTopQ610Ip_p_anonymous_namespace_RunRealtimeGSUMacPhaseFixedQ610_Pipeline_VITIS_LOOP_2713_29 | (P+(A'*B'')')' | 30     | 18     | -      | -      | 34     | 1    | 2    | -    | -    | -     | 1    | 1    | 
|SubbandRealtimeTopQ610Ip_p_anonymous_namespace_RunRealtimeGSUMacPhaseFixedQ610_Pipeline_VITIS_LOOP_2713_29 | (P+(A'*B'')')' | 30     | 18     | -      | -      | 34     | 1    | 2    | -    | -    | -     | 1    | 1    | 
|SubbandRealtimeTopQ610Ip_p_anonymous_namespace_RunRealtimeGSUMacPhaseFixedQ610_Pipeline_VITIS_LOOP_2713_29 | (P+(A'*B'')')' | 30     | 18     | -      | -      | 34     | 1    | 2    | -    | -    | -     | 1    | 1    | 
|SubbandRealtimeTopQ610Ip_p_anonymous_namespace_RunRealtimeGSUMacPhaseFixedQ610_Pipeline_VITIS_LOOP_2713_29 | (P+(A'*B'')')' | 30     | 18     | -      | -      | 34     | 1    | 2    | -    | -    | -     | 1    | 1    | 
|SubbandRealtimeTopQ610Ip_p_anonymous_namespace_RunRealtimeGSUMacPhaseFixedQ610_Pipeline_VITIS_LOOP_2713_29 | (P+(A'*B'')')' | 30     | 18     | -      | -      | 34     | 1    | 2    | -    | -    | -     | 1    | 1    | 
|SubbandRealtimeTopQ610Ip_p_anonymous_namespace_RunRealtimeGSUMacPhaseFixedQ610_Pipeline_VITIS_LOOP_2713_29 | (P+(A'*B'')')' | 30     | 18     | -      | -      | 34     | 1    | 2    | -    | -    | -     | 1    | 1    | 
|SubbandRealtimeTopQ610Ip_p_anonymous_namespace_RunRealtimeGSUMacPhaseFixedQ610_Pipeline_VITIS_LOOP_2713_29 | (P+(A'*B'')')' | 30     | 18     | -      | -      | 34     | 1    | 2    | -    | -    | -     | 1    | 1    | 
|SubbandRealtimeTopQ610Ip_p_anonymous_namespace_RunRealtimeGSUMacPhaseFixedQ610_Pipeline_VITIS_LOOP_2713_29 | (P+(A'*B'')')' | 30     | 18     | -      | -      | 34     | 1    | 2    | -    | -    | -     | 1    | 1    | 
|SubbandRealtimeTopQ610Ip_p_anonymous_namespace_RunRealtimeGSUMacPhaseFixedQ610_Pipeline_VITIS_LOOP_2713_29 | (P+(A'*B'')')' | 30     | 18     | -      | -      | 34     | 1    | 2    | -    | -    | -     | 1    | 1    | 
|SubbandRealtimeTopQ610Ip_p_anonymous_namespace_RunRealtimeGSUMacPhaseFixedQ610_Pipeline_VITIS_LOOP_2713_29 | (P+(A'*B'')')' | 30     | 18     | -      | -      | 34     | 1    | 2    | -    | -    | -     | 1    | 1    | 
|SubbandRealtimeTopQ610Ip_p_anonymous_namespace_RunRealtimeGSUMacPhaseFixedQ610_Pipeline_VITIS_LOOP_2713_29 | (P+(A'*B'')')' | 30     | 18     | -      | -      | 34     | 1    | 2    | -    | -    | -     | 1    | 1    | 
|SubbandRealtimeTopQ610Ip_p_anonymous_namespace_RunRealtimeGSUMacPhaseFixedQ610_Pipeline_VITIS_LOOP_2713_29 | (P+(A'*B'')')' | 30     | 18     | -      | -      | 34     | 1    | 2    | -    | -    | -     | 1    | 1    | 
|SubbandRealtimeTopQ610Ip_p_anonymous_namespace_RunRealtimeGSUMacPhaseFixedQ610_Pipeline_VITIS_LOOP_2713_29 | (P+(A'*B'')')' | 30     | 18     | -      | -      | 34     | 1    | 2    | -    | -    | -     | 1    | 1    | 
|SubbandRealtimeTopQ610Ip_p_anonymous_namespace_RunRealtimeGSUMacPhaseFixedQ610_Pipeline_VITIS_LOOP_2713_29 | (P+(A'*B'')')' | 30     | 18     | -      | -      | 34     | 1    | 2    | -    | -    | -     | 1    | 1    | 
|SubbandRealtimeTopQ610Ip_p_anonymous_namespace_RunRealtimeGSUMacPhaseFixedQ610_Pipeline_VITIS_LOOP_2713_29 | (P+(A'*B'')')' | 30     | 18     | -      | -      | 34     | 1    | 2    | -    | -    | -     | 1    | 1    | 
|SubbandRealtimeTopQ610Ip_p_anonymous_namespace_RunRealtimeGSUMacPhaseFixedQ610_Pipeline_VITIS_LOOP_2713_29 | (P+(A'*B'')')' | 30     | 18     | -      | -      | 34     | 1    | 2    | -    | -    | -     | 1    | 1    | 
|SubbandRealtimeTopQ610Ip_p_anonymous_namespace_RunRealtimeGSUMacPhaseFixedQ610_Pipeline_VITIS_LOOP_2713_29 | (P+(A'*B'')')' | 30     | 18     | -      | -      | 34     | 1    | 2    | -    | -    | -     | 1    | 1    | 
|SubbandRealtimeTopQ610Ip_p_anonymous_namespace_RunRealtimeGSUMacPhaseFixedQ610_Pipeline_VITIS_LOOP_2713_29 | (P+(A'*B'')')' | 30     | 18     | -      | -      | 34     | 1    | 2    | -    | -    | -     | 1    | 1    | 
|SubbandRealtimeTopQ610Ip_p_anonymous_namespace_RunRealtimeGSUMacPhaseFixedQ610_Pipeline_VITIS_LOOP_2713_29 | (P+(A'*B'')')' | 30     | 18     | -      | -      | 34     | 1    | 2    | -    | -    | -     | 1    | 1    | 
|SubbandRealtimeTopQ610Ip_p_anonymous_namespace_RunRealtimeGSUMacPhaseFixedQ610_Pipeline_VITIS_LOOP_2713_29 | (P+(A'*B'')')' | 30     | 18     | -      | -      | 34     | 1    | 2    | -    | -    | -     | 1    | 1    | 
|SubbandRealtimeTopQ610Ip_p_anonymous_namespace_RunRealtimeGSUMacPhaseFixedQ610_Pipeline_VITIS_LOOP_2713_29 | (P+(A'*B'')')' | 30     | 18     | -      | -      | 34     | 1    | 2    | -    | -    | -     | 1    | 1    | 
|SubbandRealtimeTopQ610Ip_p_anonymous_namespace_RunRealtimeGSUMacPhaseFixedQ610_Pipeline_VITIS_LOOP_2713_29 | (P+(A'*B'')')' | 30     | 18     | -      | -      | 34     | 1    | 2    | -    | -    | -     | 1    | 1    | 
|SubbandRealtimeTopQ610Ip_p_anonymous_namespace_RunRealtimeGSUMacPhaseFixedQ610_Pipeline_VITIS_LOOP_2713_29 | (P+(A'*B'')')' | 30     | 18     | -      | -      | 34     | 1    | 2    | -    | -    | -     | 1    | 1    | 
|SubbandRealtimeTopQ610Ip_p_anonymous_namespace_RunRealtimeGSUMacPhaseFixedQ610_Pipeline_VITIS_LOOP_2713_29 | (P+(A'*B'')')' | 30     | 18     | -      | -      | 34     | 1    | 2    | -    | -    | -     | 1    | 1    | 
|SubbandRealtimeTopQ610Ip_p_anonymous_namespace_RunRealtimeGSUMacPhaseFixedQ610_Pipeline_VITIS_LOOP_2713_29 | (P+(A'*B'')')' | 30     | 18     | -      | -      | 34     | 1    | 2    | -    | -    | -     | 1    | 1    | 
|SubbandRealtimeTopQ610Ip_mac_muladd_16s_16s_34s_34_3_1_DSP48_0                                             | (P+(A''*B')')' | 30     | 18     | -      | -      | 34     | 2    | 1    | -    | -    | -     | 1    | 1    | 
|SubbandRealtimeTopQ610Ip_p_anonymous_namespace_RunRealtimeGSUMacPhaseFixedQ610_Pipeline_VITIS_LOOP_2713_2  | (P+(A'*B'')')' | 30     | 18     | -      | -      | 34     | 1    | 2    | -    | -    | -     | 1    | 1    | 
|SubbandRealtimeTopQ610Ip_p_anonymous_namespace_RunRealtimeGSUMacPhaseFixedQ610_Pipeline_VITIS_LOOP_2713_2  | (P+(A'*B'')')' | 30     | 18     | -      | -      | 34     | 1    | 2    | -    | -    | -     | 1    | 1    | 
|SubbandRealtimeTopQ610Ip_p_anonymous_namespace_RunRealtimeGSUMacPhaseFixedQ610_Pipeline_VITIS_LOOP_2713_2  | (P+(A'*B'')')' | 30     | 18     | -      | -      | 34     | 1    | 2    | -    | -    | -     | 1    | 1    | 
|SubbandRealtimeTopQ610Ip_p_anonymous_namespace_RunRealtimeGSUMacPhaseFixedQ610_Pipeline_VITIS_LOOP_2713_2  | (P+(A'*B'')')' | 30     | 18     | -      | -      | 34     | 1    | 2    | -    | -    | -     | 1    | 1    | 
|SubbandRealtimeTopQ610Ip_p_anonymous_namespace_RunRealtimeGSUMacPhaseFixedQ610_Pipeline_VITIS_LOOP_2713_2  | (P+(A'*B'')')' | 30     | 18     | -      | -      | 34     | 1    | 2    | -    | -    | -     | 1    | 1    | 
|SubbandRealtimeTopQ610Ip_p_anonymous_namespace_RunRealtimeGSUMacPhaseFixedQ610_Pipeline_VITIS_LOOP_2713_2  | (P+(A'*B'')')' | 30     | 18     | -      | -      | 34     | 1    | 2    | -    | -    | -     | 1    | 1    | 
|SubbandRealtimeTopQ610Ip_p_anonymous_namespace_RunRealtimeGSUMacPhaseFixedQ610_Pipeline_VITIS_LOOP_2713_2  | (P+(A'*B'')')' | 30     | 18     | -      | -      | 34     | 1    | 2    | -    | -    | -     | 1    | 1    | 
|SubbandRealtimeTopQ610Ip_p_anonymous_namespace_RunRealtimeGSUMacPhaseFixedQ610_Pipeline_VITIS_LOOP_2713_2  | (P+(A'*B'')')' | 30     | 18     | -      | -      | 34     | 1    | 2    | -    | -    | -     | 1    | 1    | 
|SubbandRealtimeTopQ610Ip_p_anonymous_namespace_RunRealtimeGSUMacPhaseFixedQ610_Pipeline_VITIS_LOOP_2713_2  | (P+(A'*B'')')' | 30     | 18     | -      | -      | 34     | 1    | 2    | -    | -    | -     | 1    | 1    | 
|SubbandRealtimeTopQ610Ip_p_anonymous_namespace_RunRealtimeGSUMacPhaseFixedQ610_Pipeline_VITIS_LOOP_2713_2  | (P+(A'*B'')')' | 30     | 18     | -      | -      | 34     | 1    | 2    | -    | -    | -     | 1    | 1    | 
|SubbandRealtimeTopQ610Ip_p_anonymous_namespace_RunRealtimeGSUMacPhaseFixedQ610_Pipeline_VITIS_LOOP_2713_2  | (P+(A'*B'')')' | 30     | 18     | -      | -      | 34     | 1    | 2    | -    | -    | -     | 1    | 1    | 
|SubbandRealtimeTopQ610Ip_p_anonymous_namespace_RunRealtimeGSUMacPhaseFixedQ610_Pipeline_VITIS_LOOP_2713_2  | (P+(A'*B'')')' | 30     | 18     | -      | -      | 34     | 1    | 2    | -    | -    | -     | 1    | 1    | 
|SubbandRealtimeTopQ610Ip_p_anonymous_namespace_RunRealtimeGSUMacPhaseFixedQ610_Pipeline_VITIS_LOOP_2713_2  | (P+(A'*B'')')' | 30     | 18     | -      | -      | 34     | 1    | 2    | -    | -    | -     | 1    | 1    | 
|SubbandRealtimeTopQ610Ip_p_anonymous_namespace_RunRealtimeGSUMacPhaseFixedQ610_Pipeline_VITIS_LOOP_2713_2  | (P+(A'*B'')')' | 30     | 18     | -      | -      | 34     | 1    | 2    | -    | -    | -     | 1    | 1    | 
|SubbandRealtimeTopQ610Ip_p_anonymous_namespace_RunRealtimeGSUMacPhaseFixedQ610_Pipeline_VITIS_LOOP_2713_2  | (P+(A'*B'')')' | 30     | 18     | -      | -      | 34     | 1    | 2    | -    | -    | -     | 1    | 1    | 
|SubbandRealtimeTopQ610Ip_p_anonymous_namespace_RunRealtimeGSUMacPhaseFixedQ610_Pipeline_VITIS_LOOP_2713_2  | (P+(A'*B'')')' | 30     | 18     | -      | -      | 34     | 1    | 2    | -    | -    | -     | 1    | 1    | 
|SubbandRealtimeTopQ610Ip_p_anonymous_namespace_RunRealtimeGSUMacPhaseFixedQ610_Pipeline_VITIS_LOOP_2713_2  | (P+(A'*B'')')' | 30     | 18     | -      | -      | 34     | 1    | 2    | -    | -    | -     | 1    | 1    | 
|SubbandRealtimeTopQ610Ip_p_anonymous_namespace_RunRealtimeGSUMacPhaseFixedQ610_Pipeline_VITIS_LOOP_2713_2  | (P+(A'*B'')')' | 30     | 18     | -      | -      | 34     | 1    | 2    | -    | -    | -     | 1    | 1    | 
|SubbandRealtimeTopQ610Ip_p_anonymous_namespace_RunRealtimeGSUMacPhaseFixedQ610_Pipeline_VITIS_LOOP_2713_2  | (P+(A'*B'')')' | 30     | 18     | -      | -      | 34     | 1    | 2    | -    | -    | -     | 1    | 1    | 
|SubbandRealtimeTopQ610Ip_p_anonymous_namespace_RunRealtimeGSUMacPhaseFixedQ610_Pipeline_VITIS_LOOP_2713_2  | (P+(A'*B'')')' | 30     | 18     | -      | -      | 34     | 1    | 2    | -    | -    | -     | 1    | 1    | 
|SubbandRealtimeTopQ610Ip_p_anonymous_namespace_RunRealtimeGSUMacPhaseFixedQ610_Pipeline_VITIS_LOOP_2713_2  | (P+(A'*B'')')' | 30     | 18     | -      | -      | 34     | 1    | 2    | -    | -    | -     | 1    | 1    | 
|SubbandRealtimeTopQ610Ip_p_anonymous_namespace_RunRealtimeGSUMacPhaseFixedQ610_Pipeline_VITIS_LOOP_2713_2  | (P+(A'*B'')')' | 30     | 18     | -      | -      | 34     | 1    | 2    | -    | -    | -     | 1    | 1    | 
|SubbandRealtimeTopQ610Ip_p_anonymous_namespace_RunRealtimeGSUMacPhaseFixedQ610_Pipeline_VITIS_LOOP_2713_2  | (P+(A'*B'')')' | 30     | 18     | -      | -      | 34     | 1    | 2    | -    | -    | -     | 1    | 1    | 
|SubbandRealtimeTopQ610Ip_p_anonymous_namespace_RunRealtimeGSUMacPhaseFixedQ610_Pipeline_VITIS_LOOP_2713_2  | (P+(A'*B'')')' | 30     | 18     | -      | -      | 34     | 1    | 2    | -    | -    | -     | 1    | 1    | 
|SubbandRealtimeTopQ610Ip_p_anonymous_namespace_RunRealtimeGSUMacPhaseFixedQ610_Pipeline_VITIS_LOOP_2713_2  | (P+(A'*B'')')' | 30     | 18     | -      | -      | 34     | 1    | 2    | -    | -    | -     | 1    | 1    | 
|SubbandRealtimeTopQ610Ip_p_anonymous_namespace_RunRealtimeGSUMacPhaseFixedQ610_Pipeline_VITIS_LOOP_2713_2  | (P+(A'*B'')')' | 30     | 18     | -      | -      | 34     | 1    | 2    | -    | -    | -     | 1    | 1    | 
|SubbandRealtimeTopQ610Ip_p_anonymous_namespace_RunRealtimeGSUMacPhaseFixedQ610_Pipeline_VITIS_LOOP_2713_2  | (P+(A'*B'')')' | 30     | 18     | -      | -      | 34     | 1    | 2    | -    | -    | -     | 1    | 1    | 
|SubbandRealtimeTopQ610Ip_p_anonymous_namespace_RunRealtimeGSUMacPhaseFixedQ610_Pipeline_VITIS_LOOP_2713_2  | (P+(A'*B'')')' | 30     | 18     | -      | -      | 34     | 1    | 2    | -    | -    | -     | 1    | 1    | 
|SubbandRealtimeTopQ610Ip_p_anonymous_namespace_RunRealtimeGSUMacPhaseFixedQ610_Pipeline_VITIS_LOOP_2713_2  | (P+(A'*B'')')' | 30     | 18     | -      | -      | 34     | 1    | 2    | -    | -    | -     | 1    | 1    | 
|SubbandRealtimeTopQ610Ip_p_anonymous_namespace_RunRealtimeGSUMacPhaseFixedQ610_Pipeline_VITIS_LOOP_2713_2  | (P+(A'*B'')')' | 30     | 18     | -      | -      | 34     | 1    | 2    | -    | -    | -     | 1    | 1    | 
|SubbandRealtimeTopQ610Ip_p_anonymous_namespace_RunRealtimeGSUMacPhaseFixedQ610_Pipeline_VITIS_LOOP_2713_2  | (P+(A'*B'')')' | 30     | 18     | -      | -      | 34     | 1    | 2    | -    | -    | -     | 1    | 1    | 
|SubbandRealtimeTopQ610Ip_p_anonymous_namespace_RunRealtimeProjectionBandQ610                               | (C'+(A'*B')')' | 30     | 4      | 3      | -      | 12     | 1    | 1    | 1    | -    | -     | 1    | 1    | 
|SubbandRealtimeTopQ610Ip_p_anonymous_namespace_RunRealtimeProjectionBandQ610                               | (C'+(A*B'')')' | 30     | 7      | 12     | -      | 12     | 0    | 2    | 2    | -    | -     | 1    | 1    | 
|SubbandRealtimeTopQ610Ip_p_anonymous_namespace_RunRealtimeProjectionBandQ610_Pipeline_VITIS_LOOP_3012_2    | (P+(A'*B'')')' | 30     | 18     | -      | -      | 34     | 1    | 2    | -    | -    | -     | 1    | 1    | 
|SubbandRealtimeTopQ610Ip_p_anonymous_namespace_RunRealtimeProjectionBandQ610_Pipeline_VITIS_LOOP_3012_2    | (P+(A'*B'')')' | 30     | 18     | -      | -      | 34     | 1    | 2    | -    | -    | -     | 1    | 1    | 
|SubbandRealtimeTopQ610Ip_p_anonymous_namespace_RunRealtimeProjectionBandQ610_Pipeline_VITIS_LOOP_3012_2    | (P+(A'*B'')')' | 30     | 18     | -      | -      | 34     | 1    | 2    | -    | -    | -     | 1    | 1    | 
|SubbandRealtimeTopQ610Ip_mac_muladd_16s_16s_34s_34_3_1_DSP48_0                                             | (P+(A''*B')')' | 30     | 18     | -      | -      | 34     | 2    | 1    | -    | -    | -     | 1    | 1    | 
|SubbandRealtimeTopQ610Ip_p_anonymous_namespace_RunRealtimeProjectionBandQ610_Pipeline_VITIS_LOOP_3012_2    | (P+(A'*B'')')' | 30     | 18     | -      | -      | 34     | 1    | 2    | -    | -    | -     | 1    | 1    | 
|SubbandRealtimeTopQ610Ip_p_anonymous_namespace_RunRealtimeProjectionBandQ610_Pipeline_VITIS_LOOP_3012_2    | (P+(A'*B'')')' | 30     | 18     | -      | -      | 34     | 1    | 2    | -    | -    | -     | 1    | 1    | 
|SubbandRealtimeTopQ610Ip_p_anonymous_namespace_RunRealtimeProjectionBandQ610_Pipeline_VITIS_LOOP_3012_2    | (P+(A'*B'')')' | 30     | 18     | -      | -      | 34     | 1    | 2    | -    | -    | -     | 1    | 1    | 
|SubbandRealtimeTopQ610Ip_p_anonymous_namespace_RunRealtimeProjectionBandQ610_Pipeline_VITIS_LOOP_3012_2    | (P+(A'*B'')')' | 30     | 18     | -      | -      | 34     | 1    | 2    | -    | -    | -     | 1    | 1    | 
|SubbandRealtimeTopQ610Ip_p_anonymous_namespace_RunRealtimeProjectionBandQ610_Pipeline_VITIS_LOOP_3012_2    | (P+(A'*B'')')' | 30     | 18     | -      | -      | 34     | 1    | 2    | -    | -    | -     | 1    | 1    | 
|SubbandRealtimeTopQ610Ip_p_anonymous_namespace_RunRealtimeProjectionBandQ610_Pipeline_VITIS_LOOP_3012_2    | (P+(A'*B'')')' | 30     | 18     | -      | -      | 34     | 1    | 2    | -    | -    | -     | 1    | 1    | 
|SubbandRealtimeTopQ610Ip_p_anonymous_namespace_RunRealtimeProjectionBandQ610_Pipeline_VITIS_LOOP_3012_2    | (P+(A'*B'')')' | 30     | 18     | -      | -      | 34     | 1    | 2    | -    | -    | -     | 1    | 1    | 
|SubbandRealtimeTopQ610Ip_p_anonymous_namespace_RunRealtimeProjectionBandQ610_Pipeline_VITIS_LOOP_3012_2    | (P+(A'*B'')')' | 30     | 18     | -      | -      | 34     | 1    | 2    | -    | -    | -     | 1    | 1    | 
|SubbandRealtimeTopQ610Ip_p_anonymous_namespace_RunRealtimeProjectionBandQ610_Pipeline_VITIS_LOOP_3012_2    | (P+(A'*B'')')' | 30     | 18     | -      | -      | 34     | 1    | 2    | -    | -    | -     | 1    | 1    | 
|SubbandRealtimeTopQ610Ip_p_anonymous_namespace_RunRealtimeProjectionBandQ610_Pipeline_VITIS_LOOP_3012_2    | (P+(A'*B'')')' | 30     | 18     | -      | -      | 34     | 1    | 2    | -    | -    | -     | 1    | 1    | 
|SubbandRealtimeTopQ610Ip_p_anonymous_namespace_RunRealtimeProjectionBandQ610_Pipeline_VITIS_LOOP_3012_2    | (P+(A'*B'')')' | 30     | 18     | -      | -      | 34     | 1    | 2    | -    | -    | -     | 1    | 1    | 
|SubbandRealtimeTopQ610Ip_p_anonymous_namespace_RunRealtimeProjectionBandQ610_Pipeline_VITIS_LOOP_3012_2    | (P+(A'*B'')')' | 30     | 18     | -      | -      | 34     | 1    | 2    | -    | -    | -     | 1    | 1    | 
|SubbandRealtimeTopQ610Ip_p_anonymous_namespace_RunRealtimeProjectionBandQ610_Pipeline_VITIS_LOOP_3012_2    | (P+(A'*B'')')' | 30     | 18     | -      | -      | 34     | 1    | 2    | -    | -    | -     | 1    | 1    | 
|SubbandRealtimeTopQ610Ip_p_anonymous_namespace_RunRealtimeProjectionBandQ610_Pipeline_VITIS_LOOP_3012_2    | (P+(A'*B'')')' | 30     | 18     | -      | -      | 34     | 1    | 2    | -    | -    | -     | 1    | 1    | 
|SubbandRealtimeTopQ610Ip_p_anonymous_namespace_RunRealtimeProjectionBandQ610_Pipeline_VITIS_LOOP_3012_2    | (P+(A'*B'')')' | 30     | 18     | -      | -      | 34     | 1    | 2    | -    | -    | -     | 1    | 1    | 
|SubbandRealtimeTopQ610Ip_p_anonymous_namespace_RunRealtimeProjectionBandQ610_Pipeline_VITIS_LOOP_3012_2    | (P+(A'*B'')')' | 30     | 18     | -      | -      | 34     | 1    | 2    | -    | -    | -     | 1    | 1    | 
|SubbandRealtimeTopQ610Ip_p_anonymous_namespace_RunRealtimeProjectionBandQ610_Pipeline_VITIS_LOOP_3012_2    | (P+(A'*B'')')' | 30     | 18     | -      | -      | 34     | 1    | 2    | -    | -    | -     | 1    | 1    | 
|SubbandRealtimeTopQ610Ip_p_anonymous_namespace_RunRealtimeProjectionBandQ610_Pipeline_VITIS_LOOP_3012_2    | (P+(A'*B'')')' | 30     | 18     | -      | -      | 34     | 1    | 2    | -    | -    | -     | 1    | 1    | 
|SubbandRealtimeTopQ610Ip_p_anonymous_namespace_RunRealtimeProjectionBandQ610_Pipeline_VITIS_LOOP_3012_2    | (P+(A'*B'')')' | 30     | 18     | -      | -      | 34     | 1    | 2    | -    | -    | -     | 1    | 1    | 
|SubbandRealtimeTopQ610Ip_p_anonymous_namespace_RunRealtimeProjectionBandQ610_Pipeline_VITIS_LOOP_3012_2    | (P+(A'*B'')')' | 30     | 18     | -      | -      | 34     | 1    | 2    | -    | -    | -     | 1    | 1    | 
|SubbandRealtimeTopQ610Ip_p_anonymous_namespace_RunRealtimeProjectionBandQ610_Pipeline_VITIS_LOOP_3012_2    | (P+(A'*B'')')' | 30     | 18     | -      | -      | 34     | 1    | 2    | -    | -    | -     | 1    | 1    | 
|SubbandRealtimeTopQ610Ip_p_anonymous_namespace_RunRealtimeProjectionBandQ610_Pipeline_VITIS_LOOP_3012_2    | (P+(A'*B'')')' | 30     | 18     | -      | -      | 34     | 1    | 2    | -    | -    | -     | 1    | 1    | 
|SubbandRealtimeTopQ610Ip_p_anonymous_namespace_RunRealtimeProjectionBandQ610_Pipeline_VITIS_LOOP_3012_2    | (P+(A'*B'')')' | 30     | 18     | -      | -      | 34     | 1    | 2    | -    | -    | -     | 1    | 1    | 
|SubbandRealtimeTopQ610Ip_p_anonymous_namespace_RunRealtimeProjectionBandQ610_Pipeline_VITIS_LOOP_3012_2    | (P+(A'*B'')')' | 30     | 18     | -      | -      | 34     | 1    | 2    | -    | -    | -     | 1    | 1    | 
|SubbandRealtimeTopQ610Ip_p_anonymous_namespace_RunRealtimeProjectionBandQ610_Pipeline_VITIS_LOOP_3012_2    | (P+(A'*B'')')' | 30     | 18     | -      | -      | 34     | 1    | 2    | -    | -    | -     | 1    | 1    | 
|SubbandRealtimeTopQ610Ip_p_anonymous_namespace_RunRealtimeProjectionBandQ610_Pipeline_VITIS_LOOP_3012_2    | (P+(A'*B'')')' | 30     | 18     | -      | -      | 34     | 1    | 2    | -    | -    | -     | 1    | 1    | 
|SubbandRealtimeTopQ610Ip_p_anonymous_namespace_RunRealtimeProjectionBandQ610_Pipeline_VITIS_LOOP_3012_2    | (P+(A'*B'')')' | 30     | 18     | -      | -      | 34     | 1    | 2    | -    | -    | -     | 1    | 1    | 
|SubbandRealtimeTopQ610Ip_p_anonymous_namespace_RunRealtimeProjectionBandQ610_Pipeline_VITIS_LOOP_3012_2    | (P+(A'*B'')')' | 30     | 18     | -      | -      | 34     | 1    | 2    | -    | -    | -     | 1    | 1    | 
+-----------------------------------------------------------------------------------------------------------+----------------+--------+--------+--------+--------+--------+------+------+------+------+-------+------+------+


Report BlackBoxes: 
+-+--------------+----------+
| |BlackBox name |Instances |
+-+--------------+----------+
+-+--------------+----------+

Report Cell Usage: 
+------+---------+------+
|      |Cell     |Count |
+------+---------+------+
|1     |BIBUF    |   130|
|2     |BUFG     |     1|
|3     |CARRY4   |  2562|
|4     |DSP48E1  |   175|
|13    |LUT1     |  2138|
|14    |LUT2     |  7158|
|15    |LUT3     |  6846|
|16    |LUT4     |  3142|
|17    |LUT5     | 11249|
|18    |LUT6     | 11222|
|19    |MUXF7    |  3105|
|20    |MUXF8    |   224|
|21    |PS7      |     1|
|22    |RAM16X1D |     1|
|23    |RAM32M   |   370|
|24    |RAM32X1D |     8|
|25    |RAMB18E1 |    21|
|29    |RAMB36E1 |   119|
|35    |SRL16    |     3|
|36    |SRL16E   |   502|
|37    |SRLC32E  |     1|
|38    |FDCE     |   291|
|39    |FDR      |    28|
|40    |FDRE     | 48176|
|41    |FDSE     |   530|
+------+---------+------+
---------------------------------------------------------------------------------
Finished Writing Synthesis Report : Time (s): cpu = 00:05:42 ; elapsed = 00:06:06 . Memory (MB): peak = 4317.875 ; gain = 3121.340
---------------------------------------------------------------------------------
Synthesis finished with 0 errors, 0 critical warnings and 13694 warnings.
Synthesis Optimization Runtime : Time (s): cpu = 00:04:12 ; elapsed = 00:05:12 . Memory (MB): peak = 4317.875 ; gain = 1470.941
Synthesis Optimization Complete : Time (s): cpu = 00:05:42 ; elapsed = 00:06:07 . Memory (MB): peak = 4317.875 ; gain = 3121.340
INFO: [Project 1-571] Translating synthesized netlist
Netlist sorting complete. Time (s): cpu = 00:00:02 ; elapsed = 00:00:02 . Memory (MB): peak = 4317.875 ; gain = 0.000
INFO: [Netlist 29-17] Analyzing 6616 Unisim elements for replacement
INFO: [Netlist 29-28] Unisim Transformation completed in 1 CPU seconds
INFO: [Project 1-570] Preparing netlist for logic optimization
Parsing XDC File [h:/vivado_realtime_dma_zybo_z7_20/vivado_realtime_dma_zybo_z7_20.gen/sources_1/bd/realtime_dma_bd/ip/realtime_dma_bd_ps7_0_0/realtime_dma_bd_ps7_0_0.xdc] for cell 'realtime_dma_bd_i/ps7_0/inst'
Finished Parsing XDC File [h:/vivado_realtime_dma_zybo_z7_20/vivado_realtime_dma_zybo_z7_20.gen/sources_1/bd/realtime_dma_bd/ip/realtime_dma_bd_ps7_0_0/realtime_dma_bd_ps7_0_0.xdc] for cell 'realtime_dma_bd_i/ps7_0/inst'
Parsing XDC File [h:/vivado_realtime_dma_zybo_z7_20/vivado_realtime_dma_zybo_z7_20.gen/sources_1/bd/realtime_dma_bd/ip/realtime_dma_bd_axi_dma0_0/realtime_dma_bd_axi_dma0_0.xdc] for cell 'realtime_dma_bd_i/axi_dma0/U0'
WARNING: [Vivado_Tcl 4-921] Waiver ID 'CDC-1' -to list should not be empty. [h:/vivado_realtime_dma_zybo_z7_20/vivado_realtime_dma_zybo_z7_20.gen/sources_1/bd/realtime_dma_bd/ip/realtime_dma_bd_axi_dma0_0/realtime_dma_bd_axi_dma0_0.xdc:52]
WARNING: [Vivado_Tcl 4-921] Waiver ID 'CDC-1' -to list should not be empty. [h:/vivado_realtime_dma_zybo_z7_20/vivado_realtime_dma_zybo_z7_20.gen/sources_1/bd/realtime_dma_bd/ip/realtime_dma_bd_axi_dma0_0/realtime_dma_bd_axi_dma0_0.xdc:56]
WARNING: [Vivado_Tcl 4-919] Waiver ID 'CDC-1' -from list should not be empty. [h:/vivado_realtime_dma_zybo_z7_20/vivado_realtime_dma_zybo_z7_20.gen/sources_1/bd/realtime_dma_bd/ip/realtime_dma_bd_axi_dma0_0/realtime_dma_bd_axi_dma0_0.xdc:61]
Finished Parsing XDC File [h:/vivado_realtime_dma_zybo_z7_20/vivado_realtime_dma_zybo_z7_20.gen/sources_1/bd/realtime_dma_bd/ip/realtime_dma_bd_axi_dma0_0/realtime_dma_bd_axi_dma0_0.xdc] for cell 'realtime_dma_bd_i/axi_dma0/U0'
Parsing XDC File [h:/vivado_realtime_dma_zybo_z7_20/vivado_realtime_dma_zybo_z7_20.gen/sources_1/bd/realtime_dma_bd/ip/realtime_dma_bd_axi_dma1_0/realtime_dma_bd_axi_dma1_0.xdc] for cell 'realtime_dma_bd_i/axi_dma1/U0'
WARNING: [Vivado_Tcl 4-921] Waiver ID 'CDC-1' -to list should not be empty. [h:/vivado_realtime_dma_zybo_z7_20/vivado_realtime_dma_zybo_z7_20.gen/sources_1/bd/realtime_dma_bd/ip/realtime_dma_bd_axi_dma1_0/realtime_dma_bd_axi_dma1_0.xdc:52]
WARNING: [Vivado_Tcl 4-921] Waiver ID 'CDC-1' -to list should not be empty. [h:/vivado_realtime_dma_zybo_z7_20/vivado_realtime_dma_zybo_z7_20.gen/sources_1/bd/realtime_dma_bd/ip/realtime_dma_bd_axi_dma1_0/realtime_dma_bd_axi_dma1_0.xdc:56]
WARNING: [Vivado_Tcl 4-919] Waiver ID 'CDC-1' -from list should not be empty. [h:/vivado_realtime_dma_zybo_z7_20/vivado_realtime_dma_zybo_z7_20.gen/sources_1/bd/realtime_dma_bd/ip/realtime_dma_bd_axi_dma1_0/realtime_dma_bd_axi_dma1_0.xdc:61]
Finished Parsing XDC File [h:/vivado_realtime_dma_zybo_z7_20/vivado_realtime_dma_zybo_z7_20.gen/sources_1/bd/realtime_dma_bd/ip/realtime_dma_bd_axi_dma1_0/realtime_dma_bd_axi_dma1_0.xdc] for cell 'realtime_dma_bd_i/axi_dma1/U0'
Parsing XDC File [h:/vivado_realtime_dma_zybo_z7_20/vivado_realtime_dma_zybo_z7_20.gen/sources_1/bd/realtime_dma_bd/ip/realtime_dma_bd_axi_smc_ctrl_0/bd_0/ip/ip_1/bd_3bc8_psr_aclk_0_board.xdc] for cell 'realtime_dma_bd_i/axi_smc_ctrl/inst/clk_map/psr_aclk/U0'
Finished Parsing XDC File [h:/vivado_realtime_dma_zybo_z7_20/vivado_realtime_dma_zybo_z7_20.gen/sources_1/bd/realtime_dma_bd/ip/realtime_dma_bd_axi_smc_ctrl_0/bd_0/ip/ip_1/bd_3bc8_psr_aclk_0_board.xdc] for cell 'realtime_dma_bd_i/axi_smc_ctrl/inst/clk_map/psr_aclk/U0'
Parsing XDC File [h:/vivado_realtime_dma_zybo_z7_20/vivado_realtime_dma_zybo_z7_20.gen/sources_1/bd/realtime_dma_bd/ip/realtime_dma_bd_axi_smc_ctrl_0/bd_0/ip/ip_1/bd_3bc8_psr_aclk_0.xdc] for cell 'realtime_dma_bd_i/axi_smc_ctrl/inst/clk_map/psr_aclk/U0'
Finished Parsing XDC File [h:/vivado_realtime_dma_zybo_z7_20/vivado_realtime_dma_zybo_z7_20.gen/sources_1/bd/realtime_dma_bd/ip/realtime_dma_bd_axi_smc_ctrl_0/bd_0/ip/ip_1/bd_3bc8_psr_aclk_0.xdc] for cell 'realtime_dma_bd_i/axi_smc_ctrl/inst/clk_map/psr_aclk/U0'
Parsing XDC File [h:/vivado_realtime_dma_zybo_z7_20/vivado_realtime_dma_zybo_z7_20.gen/sources_1/bd/realtime_dma_bd/ip/realtime_dma_bd_axi_smc_ctrl_0/bd_0/ip/ip_12/bd_3bc8_arni_0_clocks.xdc] for cell 'realtime_dma_bd_i/axi_smc_ctrl/inst/switchboards/i_nodes/i_ar_node/inst'
WARNING: [Vivado_Tcl 4-921] Waiver ID 'CDC-1' -to list should not be empty. [h:/vivado_realtime_dma_zybo_z7_20/vivado_realtime_dma_zybo_z7_20.gen/sources_1/bd/realtime_dma_bd/ip/realtime_dma_bd_axi_smc_ctrl_0/bd_0/ip/ip_12/bd_3bc8_arni_0_clocks.xdc:49]
WARNING: [Vivado_Tcl 4-921] Waiver ID 'CDC-1' -to list should not be empty. [h:/vivado_realtime_dma_zybo_z7_20/vivado_realtime_dma_zybo_z7_20.gen/sources_1/bd/realtime_dma_bd/ip/realtime_dma_bd_axi_smc_ctrl_0/bd_0/ip/ip_12/bd_3bc8_arni_0_clocks.xdc:52]
WARNING: [Vivado_Tcl 4-921] Waiver ID 'CDC-1' -to list should not be empty. [h:/vivado_realtime_dma_zybo_z7_20/vivado_realtime_dma_zybo_z7_20.gen/sources_1/bd/realtime_dma_bd/ip/realtime_dma_bd_axi_smc_ctrl_0/bd_0/ip/ip_12/bd_3bc8_arni_0_clocks.xdc:55]
WARNING: [Vivado_Tcl 4-921] Waiver ID 'CDC-1' -to list should not be empty. [h:/vivado_realtime_dma_zybo_z7_20/vivado_realtime_dma_zybo_z7_20.gen/sources_1/bd/realtime_dma_bd/ip/realtime_dma_bd_axi_smc_ctrl_0/bd_0/ip/ip_12/bd_3bc8_arni_0_clocks.xdc:59]
WARNING: [Vivado_Tcl 4-921] Waiver ID 'CDC-1' -to list should not be empty. [h:/vivado_realtime_dma_zybo_z7_20/vivado_realtime_dma_zybo_z7_20.gen/sources_1/bd/realtime_dma_bd/ip/realtime_dma_bd_axi_smc_ctrl_0/bd_0/ip/ip_12/bd_3bc8_arni_0_clocks.xdc:66]
WARNING: [Vivado_Tcl 4-921] Waiver ID 'CDC-1' -to list should not be empty. [h:/vivado_realtime_dma_zybo_z7_20/vivado_realtime_dma_zybo_z7_20.gen/sources_1/bd/realtime_dma_bd/ip/realtime_dma_bd_axi_smc_ctrl_0/bd_0/ip/ip_12/bd_3bc8_arni_0_clocks.xdc:70]
WARNING: [Vivado_Tcl 4-921] Waiver ID 'CDC-1' -to list should not be empty. [h:/vivado_realtime_dma_zybo_z7_20/vivado_realtime_dma_zybo_z7_20.gen/sources_1/bd/realtime_dma_bd/ip/realtime_dma_bd_axi_smc_ctrl_0/bd_0/ip/ip_12/bd_3bc8_arni_0_clocks.xdc:82]
WARNING: [Vivado_Tcl 4-921] Waiver ID 'CDC-4' -to list should not be empty. [h:/vivado_realtime_dma_zybo_z7_20/vivado_realtime_dma_zybo_z7_20.gen/sources_1/bd/realtime_dma_bd/ip/realtime_dma_bd_axi_smc_ctrl_0/bd_0/ip/ip_12/bd_3bc8_arni_0_clocks.xdc:85]
WARNING: [Vivado_Tcl 4-921] Waiver ID 'CDC-4' -to list should not be empty. [h:/vivado_realtime_dma_zybo_z7_20/vivado_realtime_dma_zybo_z7_20.gen/sources_1/bd/realtime_dma_bd/ip/realtime_dma_bd_axi_smc_ctrl_0/bd_0/ip/ip_12/bd_3bc8_arni_0_clocks.xdc:88]
WARNING: [Vivado_Tcl 4-921] Waiver ID 'CDC-2' -to list should not be empty. [h:/vivado_realtime_dma_zybo_z7_20/vivado_realtime_dma_zybo_z7_20.gen/sources_1/bd/realtime_dma_bd/ip/realtime_dma_bd_axi_smc_ctrl_0/bd_0/ip/ip_12/bd_3bc8_arni_0_clocks.xdc:91]
WARNING: [Vivado_Tcl 4-921] Waiver ID 'CDC-2' -to list should not be empty. [h:/vivado_realtime_dma_zybo_z7_20/vivado_realtime_dma_zybo_z7_20.gen/sources_1/bd/realtime_dma_bd/ip/realtime_dma_bd_axi_smc_ctrl_0/bd_0/ip/ip_12/bd_3bc8_arni_0_clocks.xdc:94]
WARNING: [Vivado_Tcl 4-921] Waiver ID 'CDC-2' -to list should not be empty. [h:/vivado_realtime_dma_zybo_z7_20/vivado_realtime_dma_zybo_z7_20.gen/sources_1/bd/realtime_dma_bd/ip/realtime_dma_bd_axi_smc_ctrl_0/bd_0/ip/ip_12/bd_3bc8_arni_0_clocks.xdc:97]
WARNING: [Vivado_Tcl 4-921] Waiver ID 'CDC-2' -to list should not be empty. [h:/vivado_realtime_dma_zybo_z7_20/vivado_realtime_dma_zybo_z7_20.gen/sources_1/bd/realtime_dma_bd/ip/realtime_dma_bd_axi_smc_ctrl_0/bd_0/ip/ip_12/bd_3bc8_arni_0_clocks.xdc:100]
WARNING: [Vivado_Tcl 4-921] Waiver ID 'CDC-1' -to list should not be empty. [h:/vivado_realtime_dma_zybo_z7_20/vivado_realtime_dma_zybo_z7_20.gen/sources_1/bd/realtime_dma_bd/ip/realtime_dma_bd_axi_smc_ctrl_0/bd_0/ip/ip_12/bd_3bc8_arni_0_clocks.xdc:104]
WARNING: [Vivado_Tcl 4-921] Waiver ID 'CDC-10' -to list should not be empty. [h:/vivado_realtime_dma_zybo_z7_20/vivado_realtime_dma_zybo_z7_20.gen/sources_1/bd/realtime_dma_bd/ip/realtime_dma_bd_axi_smc_ctrl_0/bd_0/ip/ip_12/bd_3bc8_arni_0_clocks.xdc:107]
WARNING: [Vivado_Tcl 4-921] Waiver ID 'CDC-10' -to list should not be empty. [h:/vivado_realtime_dma_zybo_z7_20/vivado_realtime_dma_zybo_z7_20.gen/sources_1/bd/realtime_dma_bd/ip/realtime_dma_bd_axi_smc_ctrl_0/bd_0/ip/ip_12/bd_3bc8_arni_0_clocks.xdc:110]
WARNING: [Vivado_Tcl 4-921] Waiver ID 'CDC-1' -to list should not be empty. [h:/vivado_realtime_dma_zybo_z7_20/vivado_realtime_dma_zybo_z7_20.gen/sources_1/bd/realtime_dma_bd/ip/realtime_dma_bd_axi_smc_ctrl_0/bd_0/ip/ip_12/bd_3bc8_arni_0_clocks.xdc:113]
WARNING: [Vivado_Tcl 4-921] Waiver ID 'CDC-1' -to list should not be empty. [h:/vivado_realtime_dma_zybo_z7_20/vivado_realtime_dma_zybo_z7_20.gen/sources_1/bd/realtime_dma_bd/ip/realtime_dma_bd_axi_smc_ctrl_0/bd_0/ip/ip_12/bd_3bc8_arni_0_clocks.xdc:116]
WARNING: [Vivado_Tcl 4-921] Waiver ID 'CDC-13' -to list should not be empty. [h:/vivado_realtime_dma_zybo_z7_20/vivado_realtime_dma_zybo_z7_20.gen/sources_1/bd/realtime_dma_bd/ip/realtime_dma_bd_axi_smc_ctrl_0/bd_0/ip/ip_12/bd_3bc8_arni_0_clocks.xdc:122]
WARNING: [Vivado_Tcl 4-921] Waiver ID 'CDC-1' -to list should not be empty. [h:/vivado_realtime_dma_zybo_z7_20/vivado_realtime_dma_zybo_z7_20.gen/sources_1/bd/realtime_dma_bd/ip/realtime_dma_bd_axi_smc_ctrl_0/bd_0/ip/ip_12/bd_3bc8_arni_0_clocks.xdc:125]
WARNING: [Vivado_Tcl 4-921] Waiver ID 'CDC-1' -to list should not be empty. [h:/vivado_realtime_dma_zybo_z7_20/vivado_realtime_dma_zybo_z7_20.gen/sources_1/bd/realtime_dma_bd/ip/realtime_dma_bd_axi_smc_ctrl_0/bd_0/ip/ip_12/bd_3bc8_arni_0_clocks.xdc:128]
WARNING: [Vivado_Tcl 4-921] Waiver ID 'CDC-13' -to list should not be empty. [h:/vivado_realtime_dma_zybo_z7_20/vivado_realtime_dma_zybo_z7_20.gen/sources_1/bd/realtime_dma_bd/ip/realtime_dma_bd_axi_smc_ctrl_0/bd_0/ip/ip_12/bd_3bc8_arni_0_clocks.xdc:131]
WARNING: [Vivado_Tcl 4-921] Waiver ID 'CDC-1' -to list should not be empty. [h:/vivado_realtime_dma_zybo_z7_20/vivado_realtime_dma_zybo_z7_20.gen/sources_1/bd/realtime_dma_bd/ip/realtime_dma_bd_axi_smc_ctrl_0/bd_0/ip/ip_12/bd_3bc8_arni_0_clocks.xdc:134]
WARNING: [Vivado_Tcl 4-921] Waiver ID 'CDC-10' -to list should not be empty. [h:/vivado_realtime_dma_zybo_z7_20/vivado_realtime_dma_zybo_z7_20.gen/sources_1/bd/realtime_dma_bd/ip/realtime_dma_bd_axi_smc_ctrl_0/bd_0/ip/ip_12/bd_3bc8_arni_0_clocks.xdc:137]
WARNING: [Vivado_Tcl 4-921] Waiver ID 'CDC-1' -to list should not be empty. [h:/vivado_realtime_dma_zybo_z7_20/vivado_realtime_dma_zybo_z7_20.gen/sources_1/bd/realtime_dma_bd/ip/realtime_dma_bd_axi_smc_ctrl_0/bd_0/ip/ip_12/bd_3bc8_arni_0_clocks.xdc:140]
WARNING: [Vivado_Tcl 4-921] Waiver ID 'CDC-1' -to list should not be empty. [h:/vivado_realtime_dma_zybo_z7_20/vivado_realtime_dma_zybo_z7_20.gen/sources_1/bd/realtime_dma_bd/ip/realtime_dma_bd_axi_smc_ctrl_0/bd_0/ip/ip_12/bd_3bc8_arni_0_clocks.xdc:143]
WARNING: [Vivado_Tcl 4-921] Waiver ID 'CDC-1' -to list should not be empty. [h:/vivado_realtime_dma_zybo_z7_20/vivado_realtime_dma_zybo_z7_20.gen/sources_1/bd/realtime_dma_bd/ip/realtime_dma_bd_axi_smc_ctrl_0/bd_0/ip/ip_12/bd_3bc8_arni_0_clocks.xdc:146]
WARNING: [Vivado_Tcl 4-921] Waiver ID 'CDC-2' -to list should not be empty. [h:/vivado_realtime_dma_zybo_z7_20/vivado_realtime_dma_zybo_z7_20.gen/sources_1/bd/realtime_dma_bd/ip/realtime_dma_bd_axi_smc_ctrl_0/bd_0/ip/ip_12/bd_3bc8_arni_0_clocks.xdc:149]
WARNING: [Vivado_Tcl 4-921] Waiver ID 'CDC-1' -to list should not be empty. [h:/vivado_realtime_dma_zybo_z7_20/vivado_realtime_dma_zybo_z7_20.gen/sources_1/bd/realtime_dma_bd/ip/realtime_dma_bd_axi_smc_ctrl_0/bd_0/ip/ip_12/bd_3bc8_arni_0_clocks.xdc:152]
WARNING: [Vivado_Tcl 4-921] Waiver ID 'CDC-1' -to list should not be empty. [h:/vivado_realtime_dma_zybo_z7_20/vivado_realtime_dma_zybo_z7_20.gen/sources_1/bd/realtime_dma_bd/ip/realtime_dma_bd_axi_smc_ctrl_0/bd_0/ip/ip_12/bd_3bc8_arni_0_clocks.xdc:155]
WARNING: [Vivado_Tcl 4-921] Waiver ID 'CDC-1' -to list should not be empty. [h:/vivado_realtime_dma_zybo_z7_20/vivado_realtime_dma_zybo_z7_20.gen/sources_1/bd/realtime_dma_bd/ip/realtime_dma_bd_axi_smc_ctrl_0/bd_0/ip/ip_12/bd_3bc8_arni_0_clocks.xdc:158]
WARNING: [Vivado_Tcl 4-921] Waiver ID 'CDC-10' -to list should not be empty. [h:/vivado_realtime_dma_zybo_z7_20/vivado_realtime_dma_zybo_z7_20.gen/sources_1/bd/realtime_dma_bd/ip/realtime_dma_bd_axi_smc_ctrl_0/bd_0/ip/ip_12/bd_3bc8_arni_0_clocks.xdc:161]
WARNING: [Vivado_Tcl 4-921] Waiver ID 'CDC-4' -to list should not be empty. [h:/vivado_realtime_dma_zybo_z7_20/vivado_realtime_dma_zybo_z7_20.gen/sources_1/bd/realtime_dma_bd/ip/realtime_dma_bd_axi_smc_ctrl_0/bd_0/ip/ip_12/bd_3bc8_arni_0_clocks.xdc:164]
WARNING: [Vivado_Tcl 4-921] Waiver ID 'CDC-4' -to list should not be empty. [h:/vivado_realtime_dma_zybo_z7_20/vivado_realtime_dma_zybo_z7_20.gen/sources_1/bd/realtime_dma_bd/ip/realtime_dma_bd_axi_smc_ctrl_0/bd_0/ip/ip_12/bd_3bc8_arni_0_clocks.xdc:167]
WARNING: [Vivado_Tcl 4-921] Waiver ID 'CDC-4' -to list should not be empty. [h:/vivado_realtime_dma_zybo_z7_20/vivado_realtime_dma_zybo_z7_20.gen/sources_1/bd/realtime_dma_bd/ip/realtime_dma_bd_axi_smc_ctrl_0/bd_0/ip/ip_12/bd_3bc8_arni_0_clocks.xdc:171]
WARNING: [Vivado_Tcl 4-921] Waiver ID 'CDC-4' -to list should not be empty. [h:/vivado_realtime_dma_zybo_z7_20/vivado_realtime_dma_zybo_z7_20.gen/sources_1/bd/realtime_dma_bd/ip/realtime_dma_bd_axi_smc_ctrl_0/bd_0/ip/ip_12/bd_3bc8_arni_0_clocks.xdc:174]
WARNING: [Vivado_Tcl 4-921] Waiver ID 'CDC-1' -to list should not be empty. [h:/vivado_realtime_dma_zybo_z7_20/vivado_realtime_dma_zybo_z7_20.gen/sources_1/bd/realtime_dma_bd/ip/realtime_dma_bd_axi_smc_ctrl_0/bd_0/ip/ip_12/bd_3bc8_arni_0_clocks.xdc:178]
Finished Parsing XDC File [h:/vivado_realtime_dma_zybo_z7_20/vivado_realtime_dma_zybo_z7_20.gen/sources_1/bd/realtime_dma_bd/ip/realtime_dma_bd_axi_smc_ctrl_0/bd_0/ip/ip_12/bd_3bc8_arni_0_clocks.xdc] for cell 'realtime_dma_bd_i/axi_smc_ctrl/inst/switchboards/i_nodes/i_ar_node/inst'
Parsing XDC File [h:/vivado_realtime_dma_zybo_z7_20/vivado_realtime_dma_zybo_z7_20.gen/sources_1/bd/realtime_dma_bd/ip/realtime_dma_bd_axi_smc_ctrl_0/bd_0/ip/ip_13/bd_3bc8_rni_0_clocks.xdc] for cell 'realtime_dma_bd_i/axi_smc_ctrl/inst/switchboards/i_nodes/i_r_node/inst'
WARNING: [Vivado_Tcl 4-921] Waiver ID 'CDC-1' -to list should not be empty. [h:/vivado_realtime_dma_zybo_z7_20/vivado_realtime_dma_zybo_z7_20.gen/sources_1/bd/realtime_dma_bd/ip/realtime_dma_bd_axi_smc_ctrl_0/bd_0/ip/ip_13/bd_3bc8_rni_0_clocks.xdc:49]
WARNING: [Vivado_Tcl 4-921] Waiver ID 'CDC-1' -to list should not be empty. [h:/vivado_realtime_dma_zybo_z7_20/vivado_realtime_dma_zybo_z7_20.gen/sources_1/bd/realtime_dma_bd/ip/realtime_dma_bd_axi_smc_ctrl_0/bd_0/ip/ip_13/bd_3bc8_rni_0_clocks.xdc:52]
WARNING: [Vivado_Tcl 4-921] Waiver ID 'CDC-1' -to list should not be empty. [h:/vivado_realtime_dma_zybo_z7_20/vivado_realtime_dma_zybo_z7_20.gen/sources_1/bd/realtime_dma_bd/ip/realtime_dma_bd_axi_smc_ctrl_0/bd_0/ip/ip_13/bd_3bc8_rni_0_clocks.xdc:55]
WARNING: [Vivado_Tcl 4-921] Waiver ID 'CDC-1' -to list should not be empty. [h:/vivado_realtime_dma_zybo_z7_20/vivado_realtime_dma_zybo_z7_20.gen/sources_1/bd/realtime_dma_bd/ip/realtime_dma_bd_axi_smc_ctrl_0/bd_0/ip/ip_13/bd_3bc8_rni_0_clocks.xdc:59]
WARNING: [Vivado_Tcl 4-921] Waiver ID 'CDC-1' -to list should not be empty. [h:/vivado_realtime_dma_zybo_z7_20/vivado_realtime_dma_zybo_z7_20.gen/sources_1/bd/realtime_dma_bd/ip/realtime_dma_bd_axi_smc_ctrl_0/bd_0/ip/ip_13/bd_3bc8_rni_0_clocks.xdc:66]
WARNING: [Vivado_Tcl 4-921] Waiver ID 'CDC-1' -to list should not be empty. [h:/vivado_realtime_dma_zybo_z7_20/vivado_realtime_dma_zybo_z7_20.gen/sources_1/bd/realtime_dma_bd/ip/realtime_dma_bd_axi_smc_ctrl_0/bd_0/ip/ip_13/bd_3bc8_rni_0_clocks.xdc:70]
WARNING: [Vivado_Tcl 4-921] Waiver ID 'CDC-1' -to list should not be empty. [h:/vivado_realtime_dma_zybo_z7_20/vivado_realtime_dma_zybo_z7_20.gen/sources_1/bd/realtime_dma_bd/ip/realtime_dma_bd_axi_smc_ctrl_0/bd_0/ip/ip_13/bd_3bc8_rni_0_clocks.xdc:82]
WARNING: [Vivado_Tcl 4-921] Waiver ID 'CDC-4' -to list should not be empty. [h:/vivado_realtime_dma_zybo_z7_20/vivado_realtime_dma_zybo_z7_20.gen/sources_1/bd/realtime_dma_bd/ip/realtime_dma_bd_axi_smc_ctrl_0/bd_0/ip/ip_13/bd_3bc8_rni_0_clocks.xdc:85]
WARNING: [Vivado_Tcl 4-921] Waiver ID 'CDC-4' -to list should not be empty. [h:/vivado_realtime_dma_zybo_z7_20/vivado_realtime_dma_zybo_z7_20.gen/sources_1/bd/realtime_dma_bd/ip/realtime_dma_bd_axi_smc_ctrl_0/bd_0/ip/ip_13/bd_3bc8_rni_0_clocks.xdc:88]
WARNING: [Vivado_Tcl 4-921] Waiver ID 'CDC-2' -to list should not be empty. [h:/vivado_realtime_dma_zybo_z7_20/vivado_realtime_dma_zybo_z7_20.gen/sources_1/bd/realtime_dma_bd/ip/realtime_dma_bd_axi_smc_ctrl_0/bd_0/ip/ip_13/bd_3bc8_rni_0_clocks.xdc:91]
WARNING: [Vivado_Tcl 4-921] Waiver ID 'CDC-2' -to list should not be empty. [h:/vivado_realtime_dma_zybo_z7_20/vivado_realtime_dma_zybo_z7_20.gen/sources_1/bd/realtime_dma_bd/ip/realtime_dma_bd_axi_smc_ctrl_0/bd_0/ip/ip_13/bd_3bc8_rni_0_clocks.xdc:94]
WARNING: [Vivado_Tcl 4-921] Waiver ID 'CDC-2' -to list should not be empty. [h:/vivado_realtime_dma_zybo_z7_20/vivado_realtime_dma_zybo_z7_20.gen/sources_1/bd/realtime_dma_bd/ip/realtime_dma_bd_axi_smc_ctrl_0/bd_0/ip/ip_13/bd_3bc8_rni_0_clocks.xdc:97]
WARNING: [Vivado_Tcl 4-921] Waiver ID 'CDC-2' -to list should not be empty. [h:/vivado_realtime_dma_zybo_z7_20/vivado_realtime_dma_zybo_z7_20.gen/sources_1/bd/realtime_dma_bd/ip/realtime_dma_bd_axi_smc_ctrl_0/bd_0/ip/ip_13/bd_3bc8_rni_0_clocks.xdc:100]
WARNING: [Vivado_Tcl 4-921] Waiver ID 'CDC-1' -to list should not be empty. [h:/vivado_realtime_dma_zybo_z7_20/vivado_realtime_dma_zybo_z7_20.gen/sources_1/bd/realtime_dma_bd/ip/realtime_dma_bd_axi_smc_ctrl_0/bd_0/ip/ip_13/bd_3bc8_rni_0_clocks.xdc:104]
WARNING: [Vivado_Tcl 4-921] Waiver ID 'CDC-10' -to list should not be empty. [h:/vivado_realtime_dma_zybo_z7_20/vivado_realtime_dma_zybo_z7_20.gen/sources_1/bd/realtime_dma_bd/ip/realtime_dma_bd_axi_smc_ctrl_0/bd_0/ip/ip_13/bd_3bc8_rni_0_clocks.xdc:107]
WARNING: [Vivado_Tcl 4-921] Waiver ID 'CDC-10' -to list should not be empty. [h:/vivado_realtime_dma_zybo_z7_20/vivado_realtime_dma_zybo_z7_20.gen/sources_1/bd/realtime_dma_bd/ip/realtime_dma_bd_axi_smc_ctrl_0/bd_0/ip/ip_13/bd_3bc8_rni_0_clocks.xdc:110]
WARNING: [Vivado_Tcl 4-921] Waiver ID 'CDC-1' -to list should not be empty. [h:/vivado_realtime_dma_zybo_z7_20/vivado_realtime_dma_zybo_z7_20.gen/sources_1/bd/realtime_dma_bd/ip/realtime_dma_bd_axi_smc_ctrl_0/bd_0/ip/ip_13/bd_3bc8_rni_0_clocks.xdc:113]
WARNING: [Vivado_Tcl 4-921] Waiver ID 'CDC-1' -to list should not be empty. [h:/vivado_realtime_dma_zybo_z7_20/vivado_realtime_dma_zybo_z7_20.gen/sources_1/bd/realtime_dma_bd/ip/realtime_dma_bd_axi_smc_ctrl_0/bd_0/ip/ip_13/bd_3bc8_rni_0_clocks.xdc:116]
WARNING: [Vivado_Tcl 4-921] Waiver ID 'CDC-13' -to list should not be empty. [h:/vivado_realtime_dma_zybo_z7_20/vivado_realtime_dma_zybo_z7_20.gen/sources_1/bd/realtime_dma_bd/ip/realtime_dma_bd_axi_smc_ctrl_0/bd_0/ip/ip_13/bd_3bc8_rni_0_clocks.xdc:122]
WARNING: [Vivado_Tcl 4-921] Waiver ID 'CDC-1' -to list should not be empty. [h:/vivado_realtime_dma_zybo_z7_20/vivado_realtime_dma_zybo_z7_20.gen/sources_1/bd/realtime_dma_bd/ip/realtime_dma_bd_axi_smc_ctrl_0/bd_0/ip/ip_13/bd_3bc8_rni_0_clocks.xdc:125]
WARNING: [Vivado_Tcl 4-921] Waiver ID 'CDC-1' -to list should not be empty. [h:/vivado_realtime_dma_zybo_z7_20/vivado_realtime_dma_zybo_z7_20.gen/sources_1/bd/realtime_dma_bd/ip/realtime_dma_bd_axi_smc_ctrl_0/bd_0/ip/ip_13/bd_3bc8_rni_0_clocks.xdc:128]
WARNING: [Vivado_Tcl 4-921] Waiver ID 'CDC-13' -to list should not be empty. [h:/vivado_realtime_dma_zybo_z7_20/vivado_realtime_dma_zybo_z7_20.gen/sources_1/bd/realtime_dma_bd/ip/realtime_dma_bd_axi_smc_ctrl_0/bd_0/ip/ip_13/bd_3bc8_rni_0_clocks.xdc:131]
WARNING: [Vivado_Tcl 4-921] Waiver ID 'CDC-1' -to list should not be empty. [h:/vivado_realtime_dma_zybo_z7_20/vivado_realtime_dma_zybo_z7_20.gen/sources_1/bd/realtime_dma_bd/ip/realtime_dma_bd_axi_smc_ctrl_0/bd_0/ip/ip_13/bd_3bc8_rni_0_clocks.xdc:134]
WARNING: [Vivado_Tcl 4-921] Waiver ID 'CDC-10' -to list should not be empty. [h:/vivado_realtime_dma_zybo_z7_20/vivado_realtime_dma_zybo_z7_20.gen/sources_1/bd/realtime_dma_bd/ip/realtime_dma_bd_axi_smc_ctrl_0/bd_0/ip/ip_13/bd_3bc8_rni_0_clocks.xdc:137]
WARNING: [Vivado_Tcl 4-921] Waiver ID 'CDC-1' -to list should not be empty. [h:/vivado_realtime_dma_zybo_z7_20/vivado_realtime_dma_zybo_z7_20.gen/sources_1/bd/realtime_dma_bd/ip/realtime_dma_bd_axi_smc_ctrl_0/bd_0/ip/ip_13/bd_3bc8_rni_0_clocks.xdc:140]
WARNING: [Vivado_Tcl 4-921] Waiver ID 'CDC-1' -to list should not be empty. [h:/vivado_realtime_dma_zybo_z7_20/vivado_realtime_dma_zybo_z7_20.gen/sources_1/bd/realtime_dma_bd/ip/realtime_dma_bd_axi_smc_ctrl_0/bd_0/ip/ip_13/bd_3bc8_rni_0_clocks.xdc:143]
WARNING: [Vivado_Tcl 4-921] Waiver ID 'CDC-1' -to list should not be empty. [h:/vivado_realtime_dma_zybo_z7_20/vivado_realtime_dma_zybo_z7_20.gen/sources_1/bd/realtime_dma_bd/ip/realtime_dma_bd_axi_smc_ctrl_0/bd_0/ip/ip_13/bd_3bc8_rni_0_clocks.xdc:146]
WARNING: [Vivado_Tcl 4-921] Waiver ID 'CDC-2' -to list should not be empty. [h:/vivado_realtime_dma_zybo_z7_20/vivado_realtime_dma_zybo_z7_20.gen/sources_1/bd/realtime_dma_bd/ip/realtime_dma_bd_axi_smc_ctrl_0/bd_0/ip/ip_13/bd_3bc8_rni_0_clocks.xdc:149]
WARNING: [Vivado_Tcl 4-921] Waiver ID 'CDC-1' -to list should not be empty. [h:/vivado_realtime_dma_zybo_z7_20/vivado_realtime_dma_zybo_z7_20.gen/sources_1/bd/realtime_dma_bd/ip/realtime_dma_bd_axi_smc_ctrl_0/bd_0/ip/ip_13/bd_3bc8_rni_0_clocks.xdc:152]
WARNING: [Vivado_Tcl 4-921] Waiver ID 'CDC-1' -to list should not be empty. [h:/vivado_realtime_dma_zybo_z7_20/vivado_realtime_dma_zybo_z7_20.gen/sources_1/bd/realtime_dma_bd/ip/realtime_dma_bd_axi_smc_ctrl_0/bd_0/ip/ip_13/bd_3bc8_rni_0_clocks.xdc:155]
WARNING: [Vivado_Tcl 4-921] Waiver ID 'CDC-1' -to list should not be empty. [h:/vivado_realtime_dma_zybo_z7_20/vivado_realtime_dma_zybo_z7_20.gen/sources_1/bd/realtime_dma_bd/ip/realtime_dma_bd_axi_smc_ctrl_0/bd_0/ip/ip_13/bd_3bc8_rni_0_clocks.xdc:158]
WARNING: [Vivado_Tcl 4-921] Waiver ID 'CDC-10' -to list should not be empty. [h:/vivado_realtime_dma_zybo_z7_20/vivado_realtime_dma_zybo_z7_20.gen/sources_1/bd/realtime_dma_bd/ip/realtime_dma_bd_axi_smc_ctrl_0/bd_0/ip/ip_13/bd_3bc8_rni_0_clocks.xdc:161]
WARNING: [Vivado_Tcl 4-921] Waiver ID 'CDC-4' -to list should not be empty. [h:/vivado_realtime_dma_zybo_z7_20/vivado_realtime_dma_zybo_z7_20.gen/sources_1/bd/realtime_dma_bd/ip/realtime_dma_bd_axi_smc_ctrl_0/bd_0/ip/ip_13/bd_3bc8_rni_0_clocks.xdc:164]
WARNING: [Vivado_Tcl 4-921] Waiver ID 'CDC-4' -to list should not be empty. [h:/vivado_realtime_dma_zybo_z7_20/vivado_realtime_dma_zybo_z7_20.gen/sources_1/bd/realtime_dma_bd/ip/realtime_dma_bd_axi_smc_ctrl_0/bd_0/ip/ip_13/bd_3bc8_rni_0_clocks.xdc:167]
WARNING: [Vivado_Tcl 4-921] Waiver ID 'CDC-4' -to list should not be empty. [h:/vivado_realtime_dma_zybo_z7_20/vivado_realtime_dma_zybo_z7_20.gen/sources_1/bd/realtime_dma_bd/ip/realtime_dma_bd_axi_smc_ctrl_0/bd_0/ip/ip_13/bd_3bc8_rni_0_clocks.xdc:171]
WARNING: [Vivado_Tcl 4-921] Waiver ID 'CDC-4' -to list should not be empty. [h:/vivado_realtime_dma_zybo_z7_20/vivado_realtime_dma_zybo_z7_20.gen/sources_1/bd/realtime_dma_bd/ip/realtime_dma_bd_axi_smc_ctrl_0/bd_0/ip/ip_13/bd_3bc8_rni_0_clocks.xdc:174]
WARNING: [Vivado_Tcl 4-921] Waiver ID 'CDC-1' -to list should not be empty. [h:/vivado_realtime_dma_zybo_z7_20/vivado_realtime_dma_zybo_z7_20.gen/sources_1/bd/realtime_dma_bd/ip/realtime_dma_bd_axi_smc_ctrl_0/bd_0/ip/ip_13/bd_3bc8_rni_0_clocks.xdc:178]
Finished Parsing XDC File [h:/vivado_realtime_dma_zybo_z7_20/vivado_realtime_dma_zybo_z7_20.gen/sources_1/bd/realtime_dma_bd/ip/realtime_dma_bd_axi_smc_ctrl_0/bd_0/ip/ip_13/bd_3bc8_rni_0_clocks.xdc] for cell 'realtime_dma_bd_i/axi_smc_ctrl/inst/switchboards/i_nodes/i_r_node/inst'
Parsing XDC File [h:/vivado_realtime_dma_zybo_z7_20/vivado_realtime_dma_zybo_z7_20.gen/sources_1/bd/realtime_dma_bd/ip/realtime_dma_bd_axi_smc_ctrl_0/bd_0/ip/ip_14/bd_3bc8_awni_0_clocks.xdc] for cell 'realtime_dma_bd_i/axi_smc_ctrl/inst/switchboards/i_nodes/i_aw_node/inst'
WARNING: [Vivado_Tcl 4-921] Waiver ID 'CDC-1' -to list should not be empty. [h:/vivado_realtime_dma_zybo_z7_20/vivado_realtime_dma_zybo_z7_20.gen/sources_1/bd/realtime_dma_bd/ip/realtime_dma_bd_axi_smc_ctrl_0/bd_0/ip/ip_14/bd_3bc8_awni_0_clocks.xdc:49]
WARNING: [Vivado_Tcl 4-921] Waiver ID 'CDC-1' -to list should not be empty. [h:/vivado_realtime_dma_zybo_z7_20/vivado_realtime_dma_zybo_z7_20.gen/sources_1/bd/realtime_dma_bd/ip/realtime_dma_bd_axi_smc_ctrl_0/bd_0/ip/ip_14/bd_3bc8_awni_0_clocks.xdc:52]
WARNING: [Vivado_Tcl 4-921] Waiver ID 'CDC-1' -to list should not be empty. [h:/vivado_realtime_dma_zybo_z7_20/vivado_realtime_dma_zybo_z7_20.gen/sources_1/bd/realtime_dma_bd/ip/realtime_dma_bd_axi_smc_ctrl_0/bd_0/ip/ip_14/bd_3bc8_awni_0_clocks.xdc:55]
WARNING: [Vivado_Tcl 4-921] Waiver ID 'CDC-1' -to list should not be empty. [h:/vivado_realtime_dma_zybo_z7_20/vivado_realtime_dma_zybo_z7_20.gen/sources_1/bd/realtime_dma_bd/ip/realtime_dma_bd_axi_smc_ctrl_0/bd_0/ip/ip_14/bd_3bc8_awni_0_clocks.xdc:59]
WARNING: [Vivado_Tcl 4-921] Waiver ID 'CDC-1' -to list should not be empty. [h:/vivado_realtime_dma_zybo_z7_20/vivado_realtime_dma_zybo_z7_20.gen/sources_1/bd/realtime_dma_bd/ip/realtime_dma_bd_axi_smc_ctrl_0/bd_0/ip/ip_14/bd_3bc8_awni_0_clocks.xdc:66]
WARNING: [Vivado_Tcl 4-921] Waiver ID 'CDC-1' -to list should not be empty. [h:/vivado_realtime_dma_zybo_z7_20/vivado_realtime_dma_zybo_z7_20.gen/sources_1/bd/realtime_dma_bd/ip/realtime_dma_bd_axi_smc_ctrl_0/bd_0/ip/ip_14/bd_3bc8_awni_0_clocks.xdc:70]
WARNING: [Vivado_Tcl 4-921] Waiver ID 'CDC-1' -to list should not be empty. [h:/vivado_realtime_dma_zybo_z7_20/vivado_realtime_dma_zybo_z7_20.gen/sources_1/bd/realtime_dma_bd/ip/realtime_dma_bd_axi_smc_ctrl_0/bd_0/ip/ip_14/bd_3bc8_awni_0_clocks.xdc:82]
WARNING: [Vivado_Tcl 4-921] Waiver ID 'CDC-4' -to list should not be empty. [h:/vivado_realtime_dma_zybo_z7_20/vivado_realtime_dma_zybo_z7_20.gen/sources_1/bd/realtime_dma_bd/ip/realtime_dma_bd_axi_smc_ctrl_0/bd_0/ip/ip_14/bd_3bc8_awni_0_clocks.xdc:85]
WARNING: [Vivado_Tcl 4-921] Waiver ID 'CDC-4' -to list should not be empty. [h:/vivado_realtime_dma_zybo_z7_20/vivado_realtime_dma_zybo_z7_20.gen/sources_1/bd/realtime_dma_bd/ip/realtime_dma_bd_axi_smc_ctrl_0/bd_0/ip/ip_14/bd_3bc8_awni_0_clocks.xdc:88]
WARNING: [Vivado_Tcl 4-921] Waiver ID 'CDC-2' -to list should not be empty. [h:/vivado_realtime_dma_zybo_z7_20/vivado_realtime_dma_zybo_z7_20.gen/sources_1/bd/realtime_dma_bd/ip/realtime_dma_bd_axi_smc_ctrl_0/bd_0/ip/ip_14/bd_3bc8_awni_0_clocks.xdc:91]
WARNING: [Vivado_Tcl 4-921] Waiver ID 'CDC-2' -to list should not be empty. [h:/vivado_realtime_dma_zybo_z7_20/vivado_realtime_dma_zybo_z7_20.gen/sources_1/bd/realtime_dma_bd/ip/realtime_dma_bd_axi_smc_ctrl_0/bd_0/ip/ip_14/bd_3bc8_awni_0_clocks.xdc:94]
WARNING: [Vivado_Tcl 4-921] Waiver ID 'CDC-2' -to list should not be empty. [h:/vivado_realtime_dma_zybo_z7_20/vivado_realtime_dma_zybo_z7_20.gen/sources_1/bd/realtime_dma_bd/ip/realtime_dma_bd_axi_smc_ctrl_0/bd_0/ip/ip_14/bd_3bc8_awni_0_clocks.xdc:97]
WARNING: [Vivado_Tcl 4-921] Waiver ID 'CDC-2' -to list should not be empty. [h:/vivado_realtime_dma_zybo_z7_20/vivado_realtime_dma_zybo_z7_20.gen/sources_1/bd/realtime_dma_bd/ip/realtime_dma_bd_axi_smc_ctrl_0/bd_0/ip/ip_14/bd_3bc8_awni_0_clocks.xdc:100]
WARNING: [Vivado_Tcl 4-921] Waiver ID 'CDC-1' -to list should not be empty. [h:/vivado_realtime_dma_zybo_z7_20/vivado_realtime_dma_zybo_z7_20.gen/sources_1/bd/realtime_dma_bd/ip/realtime_dma_bd_axi_smc_ctrl_0/bd_0/ip/ip_14/bd_3bc8_awni_0_clocks.xdc:104]
WARNING: [Vivado_Tcl 4-921] Waiver ID 'CDC-10' -to list should not be empty. [h:/vivado_realtime_dma_zybo_z7_20/vivado_realtime_dma_zybo_z7_20.gen/sources_1/bd/realtime_dma_bd/ip/realtime_dma_bd_axi_smc_ctrl_0/bd_0/ip/ip_14/bd_3bc8_awni_0_clocks.xdc:107]
WARNING: [Vivado_Tcl 4-921] Waiver ID 'CDC-10' -to list should not be empty. [h:/vivado_realtime_dma_zybo_z7_20/vivado_realtime_dma_zybo_z7_20.gen/sources_1/bd/realtime_dma_bd/ip/realtime_dma_bd_axi_smc_ctrl_0/bd_0/ip/ip_14/bd_3bc8_awni_0_clocks.xdc:110]
WARNING: [Vivado_Tcl 4-921] Waiver ID 'CDC-1' -to list should not be empty. [h:/vivado_realtime_dma_zybo_z7_20/vivado_realtime_dma_zybo_z7_20.gen/sources_1/bd/realtime_dma_bd/ip/realtime_dma_bd_axi_smc_ctrl_0/bd_0/ip/ip_14/bd_3bc8_awni_0_clocks.xdc:113]
WARNING: [Vivado_Tcl 4-921] Waiver ID 'CDC-1' -to list should not be empty. [h:/vivado_realtime_dma_zybo_z7_20/vivado_realtime_dma_zybo_z7_20.gen/sources_1/bd/realtime_dma_bd/ip/realtime_dma_bd_axi_smc_ctrl_0/bd_0/ip/ip_14/bd_3bc8_awni_0_clocks.xdc:116]
WARNING: [Vivado_Tcl 4-921] Waiver ID 'CDC-13' -to list should not be empty. [h:/vivado_realtime_dma_zybo_z7_20/vivado_realtime_dma_zybo_z7_20.gen/sources_1/bd/realtime_dma_bd/ip/realtime_dma_bd_axi_smc_ctrl_0/bd_0/ip/ip_14/bd_3bc8_awni_0_clocks.xdc:122]
INFO: [Common 17-14] Message 'Vivado 12-180' appears 100 times and further instances of the messages will be disabled. Use the Tcl command set_msg_config to change the current settings. [h:/vivado_realtime_dma_zybo_z7_20/vivado_realtime_dma_zybo_z7_20.gen/sources_1/bd/realtime_dma_bd/ip/realtime_dma_bd_axi_smc_ctrl_0/bd_0/ip/ip_14/bd_3bc8_awni_0_clocks.xdc:125]
WARNING: [Vivado_Tcl 4-921] Waiver ID 'CDC-1' -to list should not be empty. [h:/vivado_realtime_dma_zybo_z7_20/vivado_realtime_dma_zybo_z7_20.gen/sources_1/bd/realtime_dma_bd/ip/realtime_dma_bd_axi_smc_ctrl_0/bd_0/ip/ip_14/bd_3bc8_awni_0_clocks.xdc:125]
WARNING: [Vivado_Tcl 4-921] Waiver ID 'CDC-1' -to list should not be empty. [h:/vivado_realtime_dma_zybo_z7_20/vivado_realtime_dma_zybo_z7_20.gen/sources_1/bd/realtime_dma_bd/ip/realtime_dma_bd_axi_smc_ctrl_0/bd_0/ip/ip_14/bd_3bc8_awni_0_clocks.xdc:128]
WARNING: [Vivado_Tcl 4-921] Waiver ID 'CDC-13' -to list should not be empty. [h:/vivado_realtime_dma_zybo_z7_20/vivado_realtime_dma_zybo_z7_20.gen/sources_1/bd/realtime_dma_bd/ip/realtime_dma_bd_axi_smc_ctrl_0/bd_0/ip/ip_14/bd_3bc8_awni_0_clocks.xdc:131]
INFO: [Common 17-14] Message 'Vivado_Tcl 4-921' appears 100 times and further instances of the messages will be disabled. Use the Tcl command set_msg_config to change the current settings. [h:/vivado_realtime_dma_zybo_z7_20/vivado_realtime_dma_zybo_z7_20.gen/sources_1/bd/realtime_dma_bd/ip/realtime_dma_bd_axi_smc_ctrl_0/bd_0/ip/ip_14/bd_3bc8_awni_0_clocks.xdc:131]
Finished Parsing XDC File [h:/vivado_realtime_dma_zybo_z7_20/vivado_realtime_dma_zybo_z7_20.gen/sources_1/bd/realtime_dma_bd/ip/realtime_dma_bd_axi_smc_ctrl_0/bd_0/ip/ip_14/bd_3bc8_awni_0_clocks.xdc] for cell 'realtime_dma_bd_i/axi_smc_ctrl/inst/switchboards/i_nodes/i_aw_node/inst'
Parsing XDC File [h:/vivado_realtime_dma_zybo_z7_20/vivado_realtime_dma_zybo_z7_20.gen/sources_1/bd/realtime_dma_bd/ip/realtime_dma_bd_axi_smc_ctrl_0/bd_0/ip/ip_15/bd_3bc8_wni_0_clocks.xdc] for cell 'realtime_dma_bd_i/axi_smc_ctrl/inst/switchboards/i_nodes/i_w_node/inst'
Finished Parsing XDC File [h:/vivado_realtime_dma_zybo_z7_20/vivado_realtime_dma_zybo_z7_20.gen/sources_1/bd/realtime_dma_bd/ip/realtime_dma_bd_axi_smc_ctrl_0/bd_0/ip/ip_15/bd_3bc8_wni_0_clocks.xdc] for cell 'realtime_dma_bd_i/axi_smc_ctrl/inst/switchboards/i_nodes/i_w_node/inst'
Parsing XDC File [h:/vivado_realtime_dma_zybo_z7_20/vivado_realtime_dma_zybo_z7_20.gen/sources_1/bd/realtime_dma_bd/ip/realtime_dma_bd_axi_smc_ctrl_0/bd_0/ip/ip_16/bd_3bc8_bni_0_clocks.xdc] for cell 'realtime_dma_bd_i/axi_smc_ctrl/inst/switchboards/i_nodes/i_b_node/inst'
Finished Parsing XDC File [h:/vivado_realtime_dma_zybo_z7_20/vivado_realtime_dma_zybo_z7_20.gen/sources_1/bd/realtime_dma_bd/ip/realtime_dma_bd_axi_smc_ctrl_0/bd_0/ip/ip_16/bd_3bc8_bni_0_clocks.xdc] for cell 'realtime_dma_bd_i/axi_smc_ctrl/inst/switchboards/i_nodes/i_b_node/inst'
Parsing XDC File [h:/vivado_realtime_dma_zybo_z7_20/vivado_realtime_dma_zybo_z7_20.gen/sources_1/bd/realtime_dma_bd/ip/realtime_dma_bd_axi_smc_ctrl_0/bd_0/ip/ip_21/bd_3bc8_sarn_0_clocks.xdc] for cell 'realtime_dma_bd_i/axi_smc_ctrl/inst/s00_nodes/s00_ar_node/inst'
Finished Parsing XDC File [h:/vivado_realtime_dma_zybo_z7_20/vivado_realtime_dma_zybo_z7_20.gen/sources_1/bd/realtime_dma_bd/ip/realtime_dma_bd_axi_smc_ctrl_0/bd_0/ip/ip_21/bd_3bc8_sarn_0_clocks.xdc] for cell 'realtime_dma_bd_i/axi_smc_ctrl/inst/s00_nodes/s00_ar_node/inst'
Parsing XDC File [h:/vivado_realtime_dma_zybo_z7_20/vivado_realtime_dma_zybo_z7_20.gen/sources_1/bd/realtime_dma_bd/ip/realtime_dma_bd_axi_smc_ctrl_0/bd_0/ip/ip_22/bd_3bc8_srn_0_clocks.xdc] for cell 'realtime_dma_bd_i/axi_smc_ctrl/inst/s00_nodes/s00_r_node/inst'
Finished Parsing XDC File [h:/vivado_realtime_dma_zybo_z7_20/vivado_realtime_dma_zybo_z7_20.gen/sources_1/bd/realtime_dma_bd/ip/realtime_dma_bd_axi_smc_ctrl_0/bd_0/ip/ip_22/bd_3bc8_srn_0_clocks.xdc] for cell 'realtime_dma_bd_i/axi_smc_ctrl/inst/s00_nodes/s00_r_node/inst'
Parsing XDC File [h:/vivado_realtime_dma_zybo_z7_20/vivado_realtime_dma_zybo_z7_20.gen/sources_1/bd/realtime_dma_bd/ip/realtime_dma_bd_axi_smc_ctrl_0/bd_0/ip/ip_23/bd_3bc8_sawn_0_clocks.xdc] for cell 'realtime_dma_bd_i/axi_smc_ctrl/inst/s00_nodes/s00_aw_node/inst'
Finished Parsing XDC File [h:/vivado_realtime_dma_zybo_z7_20/vivado_realtime_dma_zybo_z7_20.gen/sources_1/bd/realtime_dma_bd/ip/realtime_dma_bd_axi_smc_ctrl_0/bd_0/ip/ip_23/bd_3bc8_sawn_0_clocks.xdc] for cell 'realtime_dma_bd_i/axi_smc_ctrl/inst/s00_nodes/s00_aw_node/inst'
Parsing XDC File [h:/vivado_realtime_dma_zybo_z7_20/vivado_realtime_dma_zybo_z7_20.gen/sources_1/bd/realtime_dma_bd/ip/realtime_dma_bd_axi_smc_ctrl_0/bd_0/ip/ip_24/bd_3bc8_swn_0_clocks.xdc] for cell 'realtime_dma_bd_i/axi_smc_ctrl/inst/s00_nodes/s00_w_node/inst'
Finished Parsing XDC File [h:/vivado_realtime_dma_zybo_z7_20/vivado_realtime_dma_zybo_z7_20.gen/sources_1/bd/realtime_dma_bd/ip/realtime_dma_bd_axi_smc_ctrl_0/bd_0/ip/ip_24/bd_3bc8_swn_0_clocks.xdc] for cell 'realtime_dma_bd_i/axi_smc_ctrl/inst/s00_nodes/s00_w_node/inst'
Parsing XDC File [h:/vivado_realtime_dma_zybo_z7_20/vivado_realtime_dma_zybo_z7_20.gen/sources_1/bd/realtime_dma_bd/ip/realtime_dma_bd_axi_smc_ctrl_0/bd_0/ip/ip_25/bd_3bc8_sbn_0_clocks.xdc] for cell 'realtime_dma_bd_i/axi_smc_ctrl/inst/s00_nodes/s00_b_node/inst'
Finished Parsing XDC File [h:/vivado_realtime_dma_zybo_z7_20/vivado_realtime_dma_zybo_z7_20.gen/sources_1/bd/realtime_dma_bd/ip/realtime_dma_bd_axi_smc_ctrl_0/bd_0/ip/ip_25/bd_3bc8_sbn_0_clocks.xdc] for cell 'realtime_dma_bd_i/axi_smc_ctrl/inst/s00_nodes/s00_b_node/inst'
Parsing XDC File [h:/vivado_realtime_dma_zybo_z7_20/vivado_realtime_dma_zybo_z7_20.gen/sources_1/bd/realtime_dma_bd/ip/realtime_dma_bd_axi_smc_ctrl_0/bd_0/ip/ip_27/bd_3bc8_m00arn_0_clocks.xdc] for cell 'realtime_dma_bd_i/axi_smc_ctrl/inst/m00_nodes/m00_ar_node/inst'
Finished Parsing XDC File [h:/vivado_realtime_dma_zybo_z7_20/vivado_realtime_dma_zybo_z7_20.gen/sources_1/bd/realtime_dma_bd/ip/realtime_dma_bd_axi_smc_ctrl_0/bd_0/ip/ip_27/bd_3bc8_m00arn_0_clocks.xdc] for cell 'realtime_dma_bd_i/axi_smc_ctrl/inst/m00_nodes/m00_ar_node/inst'
Parsing XDC File [h:/vivado_realtime_dma_zybo_z7_20/vivado_realtime_dma_zybo_z7_20.gen/sources_1/bd/realtime_dma_bd/ip/realtime_dma_bd_axi_smc_ctrl_0/bd_0/ip/ip_28/bd_3bc8_m00rn_0_clocks.xdc] for cell 'realtime_dma_bd_i/axi_smc_ctrl/inst/m00_nodes/m00_r_node/inst'
Finished Parsing XDC File [h:/vivado_realtime_dma_zybo_z7_20/vivado_realtime_dma_zybo_z7_20.gen/sources_1/bd/realtime_dma_bd/ip/realtime_dma_bd_axi_smc_ctrl_0/bd_0/ip/ip_28/bd_3bc8_m00rn_0_clocks.xdc] for cell 'realtime_dma_bd_i/axi_smc_ctrl/inst/m00_nodes/m00_r_node/inst'
Parsing XDC File [h:/vivado_realtime_dma_zybo_z7_20/vivado_realtime_dma_zybo_z7_20.gen/sources_1/bd/realtime_dma_bd/ip/realtime_dma_bd_axi_smc_ctrl_0/bd_0/ip/ip_29/bd_3bc8_m00awn_0_clocks.xdc] for cell 'realtime_dma_bd_i/axi_smc_ctrl/inst/m00_nodes/m00_aw_node/inst'
Finished Parsing XDC File [h:/vivado_realtime_dma_zybo_z7_20/vivado_realtime_dma_zybo_z7_20.gen/sources_1/bd/realtime_dma_bd/ip/realtime_dma_bd_axi_smc_ctrl_0/bd_0/ip/ip_29/bd_3bc8_m00awn_0_clocks.xdc] for cell 'realtime_dma_bd_i/axi_smc_ctrl/inst/m00_nodes/m00_aw_node/inst'
Parsing XDC File [h:/vivado_realtime_dma_zybo_z7_20/vivado_realtime_dma_zybo_z7_20.gen/sources_1/bd/realtime_dma_bd/ip/realtime_dma_bd_axi_smc_ctrl_0/bd_0/ip/ip_30/bd_3bc8_m00wn_0_clocks.xdc] for cell 'realtime_dma_bd_i/axi_smc_ctrl/inst/m00_nodes/m00_w_node/inst'
Finished Parsing XDC File [h:/vivado_realtime_dma_zybo_z7_20/vivado_realtime_dma_zybo_z7_20.gen/sources_1/bd/realtime_dma_bd/ip/realtime_dma_bd_axi_smc_ctrl_0/bd_0/ip/ip_30/bd_3bc8_m00wn_0_clocks.xdc] for cell 'realtime_dma_bd_i/axi_smc_ctrl/inst/m00_nodes/m00_w_node/inst'
Parsing XDC File [h:/vivado_realtime_dma_zybo_z7_20/vivado_realtime_dma_zybo_z7_20.gen/sources_1/bd/realtime_dma_bd/ip/realtime_dma_bd_axi_smc_ctrl_0/bd_0/ip/ip_31/bd_3bc8_m00bn_0_clocks.xdc] for cell 'realtime_dma_bd_i/axi_smc_ctrl/inst/m00_nodes/m00_b_node/inst'
Finished Parsing XDC File [h:/vivado_realtime_dma_zybo_z7_20/vivado_realtime_dma_zybo_z7_20.gen/sources_1/bd/realtime_dma_bd/ip/realtime_dma_bd_axi_smc_ctrl_0/bd_0/ip/ip_31/bd_3bc8_m00bn_0_clocks.xdc] for cell 'realtime_dma_bd_i/axi_smc_ctrl/inst/m00_nodes/m00_b_node/inst'
Parsing XDC File [h:/vivado_realtime_dma_zybo_z7_20/vivado_realtime_dma_zybo_z7_20.gen/sources_1/bd/realtime_dma_bd/ip/realtime_dma_bd_axi_smc_ctrl_0/bd_0/ip/ip_34/bd_3bc8_m01arn_0_clocks.xdc] for cell 'realtime_dma_bd_i/axi_smc_ctrl/inst/m01_nodes/m01_ar_node/inst'
Finished Parsing XDC File [h:/vivado_realtime_dma_zybo_z7_20/vivado_realtime_dma_zybo_z7_20.gen/sources_1/bd/realtime_dma_bd/ip/realtime_dma_bd_axi_smc_ctrl_0/bd_0/ip/ip_34/bd_3bc8_m01arn_0_clocks.xdc] for cell 'realtime_dma_bd_i/axi_smc_ctrl/inst/m01_nodes/m01_ar_node/inst'
Parsing XDC File [h:/vivado_realtime_dma_zybo_z7_20/vivado_realtime_dma_zybo_z7_20.gen/sources_1/bd/realtime_dma_bd/ip/realtime_dma_bd_axi_smc_ctrl_0/bd_0/ip/ip_35/bd_3bc8_m01rn_0_clocks.xdc] for cell 'realtime_dma_bd_i/axi_smc_ctrl/inst/m01_nodes/m01_r_node/inst'
Finished Parsing XDC File [h:/vivado_realtime_dma_zybo_z7_20/vivado_realtime_dma_zybo_z7_20.gen/sources_1/bd/realtime_dma_bd/ip/realtime_dma_bd_axi_smc_ctrl_0/bd_0/ip/ip_35/bd_3bc8_m01rn_0_clocks.xdc] for cell 'realtime_dma_bd_i/axi_smc_ctrl/inst/m01_nodes/m01_r_node/inst'
Parsing XDC File [h:/vivado_realtime_dma_zybo_z7_20/vivado_realtime_dma_zybo_z7_20.gen/sources_1/bd/realtime_dma_bd/ip/realtime_dma_bd_axi_smc_ctrl_0/bd_0/ip/ip_36/bd_3bc8_m01awn_0_clocks.xdc] for cell 'realtime_dma_bd_i/axi_smc_ctrl/inst/m01_nodes/m01_aw_node/inst'
Finished Parsing XDC File [h:/vivado_realtime_dma_zybo_z7_20/vivado_realtime_dma_zybo_z7_20.gen/sources_1/bd/realtime_dma_bd/ip/realtime_dma_bd_axi_smc_ctrl_0/bd_0/ip/ip_36/bd_3bc8_m01awn_0_clocks.xdc] for cell 'realtime_dma_bd_i/axi_smc_ctrl/inst/m01_nodes/m01_aw_node/inst'
Parsing XDC File [h:/vivado_realtime_dma_zybo_z7_20/vivado_realtime_dma_zybo_z7_20.gen/sources_1/bd/realtime_dma_bd/ip/realtime_dma_bd_axi_smc_ctrl_0/bd_0/ip/ip_37/bd_3bc8_m01wn_0_clocks.xdc] for cell 'realtime_dma_bd_i/axi_smc_ctrl/inst/m01_nodes/m01_w_node/inst'
Finished Parsing XDC File [h:/vivado_realtime_dma_zybo_z7_20/vivado_realtime_dma_zybo_z7_20.gen/sources_1/bd/realtime_dma_bd/ip/realtime_dma_bd_axi_smc_ctrl_0/bd_0/ip/ip_37/bd_3bc8_m01wn_0_clocks.xdc] for cell 'realtime_dma_bd_i/axi_smc_ctrl/inst/m01_nodes/m01_w_node/inst'
Parsing XDC File [h:/vivado_realtime_dma_zybo_z7_20/vivado_realtime_dma_zybo_z7_20.gen/sources_1/bd/realtime_dma_bd/ip/realtime_dma_bd_axi_smc_ctrl_0/bd_0/ip/ip_38/bd_3bc8_m01bn_0_clocks.xdc] for cell 'realtime_dma_bd_i/axi_smc_ctrl/inst/m01_nodes/m01_b_node/inst'
Finished Parsing XDC File [h:/vivado_realtime_dma_zybo_z7_20/vivado_realtime_dma_zybo_z7_20.gen/sources_1/bd/realtime_dma_bd/ip/realtime_dma_bd_axi_smc_ctrl_0/bd_0/ip/ip_38/bd_3bc8_m01bn_0_clocks.xdc] for cell 'realtime_dma_bd_i/axi_smc_ctrl/inst/m01_nodes/m01_b_node/inst'
Parsing XDC File [h:/vivado_realtime_dma_zybo_z7_20/vivado_realtime_dma_zybo_z7_20.gen/sources_1/bd/realtime_dma_bd/ip/realtime_dma_bd_axi_smc_ctrl_0/bd_0/ip/ip_41/bd_3bc8_m02arn_0_clocks.xdc] for cell 'realtime_dma_bd_i/axi_smc_ctrl/inst/m02_nodes/m02_ar_node/inst'
Finished Parsing XDC File [h:/vivado_realtime_dma_zybo_z7_20/vivado_realtime_dma_zybo_z7_20.gen/sources_1/bd/realtime_dma_bd/ip/realtime_dma_bd_axi_smc_ctrl_0/bd_0/ip/ip_41/bd_3bc8_m02arn_0_clocks.xdc] for cell 'realtime_dma_bd_i/axi_smc_ctrl/inst/m02_nodes/m02_ar_node/inst'
Parsing XDC File [h:/vivado_realtime_dma_zybo_z7_20/vivado_realtime_dma_zybo_z7_20.gen/sources_1/bd/realtime_dma_bd/ip/realtime_dma_bd_axi_smc_ctrl_0/bd_0/ip/ip_42/bd_3bc8_m02rn_0_clocks.xdc] for cell 'realtime_dma_bd_i/axi_smc_ctrl/inst/m02_nodes/m02_r_node/inst'
Finished Parsing XDC File [h:/vivado_realtime_dma_zybo_z7_20/vivado_realtime_dma_zybo_z7_20.gen/sources_1/bd/realtime_dma_bd/ip/realtime_dma_bd_axi_smc_ctrl_0/bd_0/ip/ip_42/bd_3bc8_m02rn_0_clocks.xdc] for cell 'realtime_dma_bd_i/axi_smc_ctrl/inst/m02_nodes/m02_r_node/inst'
Parsing XDC File [h:/vivado_realtime_dma_zybo_z7_20/vivado_realtime_dma_zybo_z7_20.gen/sources_1/bd/realtime_dma_bd/ip/realtime_dma_bd_axi_smc_ctrl_0/bd_0/ip/ip_43/bd_3bc8_m02awn_0_clocks.xdc] for cell 'realtime_dma_bd_i/axi_smc_ctrl/inst/m02_nodes/m02_aw_node/inst'
Finished Parsing XDC File [h:/vivado_realtime_dma_zybo_z7_20/vivado_realtime_dma_zybo_z7_20.gen/sources_1/bd/realtime_dma_bd/ip/realtime_dma_bd_axi_smc_ctrl_0/bd_0/ip/ip_43/bd_3bc8_m02awn_0_clocks.xdc] for cell 'realtime_dma_bd_i/axi_smc_ctrl/inst/m02_nodes/m02_aw_node/inst'
Parsing XDC File [h:/vivado_realtime_dma_zybo_z7_20/vivado_realtime_dma_zybo_z7_20.gen/sources_1/bd/realtime_dma_bd/ip/realtime_dma_bd_axi_smc_ctrl_0/bd_0/ip/ip_44/bd_3bc8_m02wn_0_clocks.xdc] for cell 'realtime_dma_bd_i/axi_smc_ctrl/inst/m02_nodes/m02_w_node/inst'
Finished Parsing XDC File [h:/vivado_realtime_dma_zybo_z7_20/vivado_realtime_dma_zybo_z7_20.gen/sources_1/bd/realtime_dma_bd/ip/realtime_dma_bd_axi_smc_ctrl_0/bd_0/ip/ip_44/bd_3bc8_m02wn_0_clocks.xdc] for cell 'realtime_dma_bd_i/axi_smc_ctrl/inst/m02_nodes/m02_w_node/inst'
Parsing XDC File [h:/vivado_realtime_dma_zybo_z7_20/vivado_realtime_dma_zybo_z7_20.gen/sources_1/bd/realtime_dma_bd/ip/realtime_dma_bd_axi_smc_ctrl_0/bd_0/ip/ip_45/bd_3bc8_m02bn_0_clocks.xdc] for cell 'realtime_dma_bd_i/axi_smc_ctrl/inst/m02_nodes/m02_b_node/inst'
Finished Parsing XDC File [h:/vivado_realtime_dma_zybo_z7_20/vivado_realtime_dma_zybo_z7_20.gen/sources_1/bd/realtime_dma_bd/ip/realtime_dma_bd_axi_smc_ctrl_0/bd_0/ip/ip_45/bd_3bc8_m02bn_0_clocks.xdc] for cell 'realtime_dma_bd_i/axi_smc_ctrl/inst/m02_nodes/m02_b_node/inst'
Parsing XDC File [h:/vivado_realtime_dma_zybo_z7_20/vivado_realtime_dma_zybo_z7_20.gen/sources_1/bd/realtime_dma_bd/ip/realtime_dma_bd_axi_smc_ctrl_0/smartconnect.xdc] for cell 'realtime_dma_bd_i/axi_smc_ctrl/inst'
WARNING: [Vivado_Tcl 4-919] Waiver ID 'CDC-1' -from list should not be empty. [h:/vivado_realtime_dma_zybo_z7_20/vivado_realtime_dma_zybo_z7_20.gen/sources_1/bd/realtime_dma_bd/ip/realtime_dma_bd_axi_smc_ctrl_0/smartconnect.xdc:10]
Finished Parsing XDC File [h:/vivado_realtime_dma_zybo_z7_20/vivado_realtime_dma_zybo_z7_20.gen/sources_1/bd/realtime_dma_bd/ip/realtime_dma_bd_axi_smc_ctrl_0/smartconnect.xdc] for cell 'realtime_dma_bd_i/axi_smc_ctrl/inst'
Parsing XDC File [h:/vivado_realtime_dma_zybo_z7_20/vivado_realtime_dma_zybo_z7_20.gen/sources_1/bd/realtime_dma_bd/ip/realtime_dma_bd_axi_smc_mem_0/bd_0/ip/ip_1/bd_af63_psr_aclk_0_board.xdc] for cell 'realtime_dma_bd_i/axi_smc_mem/inst/clk_map/psr_aclk/U0'
Finished Parsing XDC File [h:/vivado_realtime_dma_zybo_z7_20/vivado_realtime_dma_zybo_z7_20.gen/sources_1/bd/realtime_dma_bd/ip/realtime_dma_bd_axi_smc_mem_0/bd_0/ip/ip_1/bd_af63_psr_aclk_0_board.xdc] for cell 'realtime_dma_bd_i/axi_smc_mem/inst/clk_map/psr_aclk/U0'
Parsing XDC File [h:/vivado_realtime_dma_zybo_z7_20/vivado_realtime_dma_zybo_z7_20.gen/sources_1/bd/realtime_dma_bd/ip/realtime_dma_bd_axi_smc_mem_0/bd_0/ip/ip_1/bd_af63_psr_aclk_0.xdc] for cell 'realtime_dma_bd_i/axi_smc_mem/inst/clk_map/psr_aclk/U0'
Finished Parsing XDC File [h:/vivado_realtime_dma_zybo_z7_20/vivado_realtime_dma_zybo_z7_20.gen/sources_1/bd/realtime_dma_bd/ip/realtime_dma_bd_axi_smc_mem_0/bd_0/ip/ip_1/bd_af63_psr_aclk_0.xdc] for cell 'realtime_dma_bd_i/axi_smc_mem/inst/clk_map/psr_aclk/U0'
Parsing XDC File [h:/vivado_realtime_dma_zybo_z7_20/vivado_realtime_dma_zybo_z7_20.gen/sources_1/bd/realtime_dma_bd/ip/realtime_dma_bd_axi_smc_mem_0/bd_0/ip/ip_11/bd_af63_sarn_0_clocks.xdc] for cell 'realtime_dma_bd_i/axi_smc_mem/inst/s00_nodes/s00_ar_node/inst'
Finished Parsing XDC File [h:/vivado_realtime_dma_zybo_z7_20/vivado_realtime_dma_zybo_z7_20.gen/sources_1/bd/realtime_dma_bd/ip/realtime_dma_bd_axi_smc_mem_0/bd_0/ip/ip_11/bd_af63_sarn_0_clocks.xdc] for cell 'realtime_dma_bd_i/axi_smc_mem/inst/s00_nodes/s00_ar_node/inst'
Parsing XDC File [h:/vivado_realtime_dma_zybo_z7_20/vivado_realtime_dma_zybo_z7_20.gen/sources_1/bd/realtime_dma_bd/ip/realtime_dma_bd_axi_smc_mem_0/bd_0/ip/ip_12/bd_af63_srn_0_clocks.xdc] for cell 'realtime_dma_bd_i/axi_smc_mem/inst/s00_nodes/s00_r_node/inst'
Finished Parsing XDC File [h:/vivado_realtime_dma_zybo_z7_20/vivado_realtime_dma_zybo_z7_20.gen/sources_1/bd/realtime_dma_bd/ip/realtime_dma_bd_axi_smc_mem_0/bd_0/ip/ip_12/bd_af63_srn_0_clocks.xdc] for cell 'realtime_dma_bd_i/axi_smc_mem/inst/s00_nodes/s00_r_node/inst'
Parsing XDC File [h:/vivado_realtime_dma_zybo_z7_20/vivado_realtime_dma_zybo_z7_20.gen/sources_1/bd/realtime_dma_bd/ip/realtime_dma_bd_axi_smc_mem_0/bd_0/ip/ip_17/bd_af63_sawn_0_clocks.xdc] for cell 'realtime_dma_bd_i/axi_smc_mem/inst/s01_nodes/s01_aw_node/inst'
Finished Parsing XDC File [h:/vivado_realtime_dma_zybo_z7_20/vivado_realtime_dma_zybo_z7_20.gen/sources_1/bd/realtime_dma_bd/ip/realtime_dma_bd_axi_smc_mem_0/bd_0/ip/ip_17/bd_af63_sawn_0_clocks.xdc] for cell 'realtime_dma_bd_i/axi_smc_mem/inst/s01_nodes/s01_aw_node/inst'
Parsing XDC File [h:/vivado_realtime_dma_zybo_z7_20/vivado_realtime_dma_zybo_z7_20.gen/sources_1/bd/realtime_dma_bd/ip/realtime_dma_bd_axi_smc_mem_0/bd_0/ip/ip_18/bd_af63_swn_0_clocks.xdc] for cell 'realtime_dma_bd_i/axi_smc_mem/inst/s01_nodes/s01_w_node/inst'
Finished Parsing XDC File [h:/vivado_realtime_dma_zybo_z7_20/vivado_realtime_dma_zybo_z7_20.gen/sources_1/bd/realtime_dma_bd/ip/realtime_dma_bd_axi_smc_mem_0/bd_0/ip/ip_18/bd_af63_swn_0_clocks.xdc] for cell 'realtime_dma_bd_i/axi_smc_mem/inst/s01_nodes/s01_w_node/inst'
Parsing XDC File [h:/vivado_realtime_dma_zybo_z7_20/vivado_realtime_dma_zybo_z7_20.gen/sources_1/bd/realtime_dma_bd/ip/realtime_dma_bd_axi_smc_mem_0/bd_0/ip/ip_19/bd_af63_sbn_0_clocks.xdc] for cell 'realtime_dma_bd_i/axi_smc_mem/inst/s01_nodes/s01_b_node/inst'
Finished Parsing XDC File [h:/vivado_realtime_dma_zybo_z7_20/vivado_realtime_dma_zybo_z7_20.gen/sources_1/bd/realtime_dma_bd/ip/realtime_dma_bd_axi_smc_mem_0/bd_0/ip/ip_19/bd_af63_sbn_0_clocks.xdc] for cell 'realtime_dma_bd_i/axi_smc_mem/inst/s01_nodes/s01_b_node/inst'
Parsing XDC File [h:/vivado_realtime_dma_zybo_z7_20/vivado_realtime_dma_zybo_z7_20.gen/sources_1/bd/realtime_dma_bd/ip/realtime_dma_bd_axi_smc_mem_0/bd_0/ip/ip_24/bd_af63_sarn_1_clocks.xdc] for cell 'realtime_dma_bd_i/axi_smc_mem/inst/s02_nodes/s02_ar_node/inst'
Finished Parsing XDC File [h:/vivado_realtime_dma_zybo_z7_20/vivado_realtime_dma_zybo_z7_20.gen/sources_1/bd/realtime_dma_bd/ip/realtime_dma_bd_axi_smc_mem_0/bd_0/ip/ip_24/bd_af63_sarn_1_clocks.xdc] for cell 'realtime_dma_bd_i/axi_smc_mem/inst/s02_nodes/s02_ar_node/inst'
Parsing XDC File [h:/vivado_realtime_dma_zybo_z7_20/vivado_realtime_dma_zybo_z7_20.gen/sources_1/bd/realtime_dma_bd/ip/realtime_dma_bd_axi_smc_mem_0/bd_0/ip/ip_25/bd_af63_srn_1_clocks.xdc] for cell 'realtime_dma_bd_i/axi_smc_mem/inst/s02_nodes/s02_r_node/inst'
Finished Parsing XDC File [h:/vivado_realtime_dma_zybo_z7_20/vivado_realtime_dma_zybo_z7_20.gen/sources_1/bd/realtime_dma_bd/ip/realtime_dma_bd_axi_smc_mem_0/bd_0/ip/ip_25/bd_af63_srn_1_clocks.xdc] for cell 'realtime_dma_bd_i/axi_smc_mem/inst/s02_nodes/s02_r_node/inst'
Parsing XDC File [h:/vivado_realtime_dma_zybo_z7_20/vivado_realtime_dma_zybo_z7_20.gen/sources_1/bd/realtime_dma_bd/ip/realtime_dma_bd_axi_smc_mem_0/bd_0/ip/ip_30/bd_af63_sarn_2_clocks.xdc] for cell 'realtime_dma_bd_i/axi_smc_mem/inst/s03_nodes/s03_ar_node/inst'
Finished Parsing XDC File [h:/vivado_realtime_dma_zybo_z7_20/vivado_realtime_dma_zybo_z7_20.gen/sources_1/bd/realtime_dma_bd/ip/realtime_dma_bd_axi_smc_mem_0/bd_0/ip/ip_30/bd_af63_sarn_2_clocks.xdc] for cell 'realtime_dma_bd_i/axi_smc_mem/inst/s03_nodes/s03_ar_node/inst'
Parsing XDC File [h:/vivado_realtime_dma_zybo_z7_20/vivado_realtime_dma_zybo_z7_20.gen/sources_1/bd/realtime_dma_bd/ip/realtime_dma_bd_axi_smc_mem_0/bd_0/ip/ip_31/bd_af63_srn_2_clocks.xdc] for cell 'realtime_dma_bd_i/axi_smc_mem/inst/s03_nodes/s03_r_node/inst'
Finished Parsing XDC File [h:/vivado_realtime_dma_zybo_z7_20/vivado_realtime_dma_zybo_z7_20.gen/sources_1/bd/realtime_dma_bd/ip/realtime_dma_bd_axi_smc_mem_0/bd_0/ip/ip_31/bd_af63_srn_2_clocks.xdc] for cell 'realtime_dma_bd_i/axi_smc_mem/inst/s03_nodes/s03_r_node/inst'
Parsing XDC File [h:/vivado_realtime_dma_zybo_z7_20/vivado_realtime_dma_zybo_z7_20.gen/sources_1/bd/realtime_dma_bd/ip/realtime_dma_bd_axi_smc_mem_0/bd_0/ip/ip_33/bd_af63_m00arn_0_clocks.xdc] for cell 'realtime_dma_bd_i/axi_smc_mem/inst/m00_nodes/m00_ar_node/inst'
Finished Parsing XDC File [h:/vivado_realtime_dma_zybo_z7_20/vivado_realtime_dma_zybo_z7_20.gen/sources_1/bd/realtime_dma_bd/ip/realtime_dma_bd_axi_smc_mem_0/bd_0/ip/ip_33/bd_af63_m00arn_0_clocks.xdc] for cell 'realtime_dma_bd_i/axi_smc_mem/inst/m00_nodes/m00_ar_node/inst'
Parsing XDC File [h:/vivado_realtime_dma_zybo_z7_20/vivado_realtime_dma_zybo_z7_20.gen/sources_1/bd/realtime_dma_bd/ip/realtime_dma_bd_axi_smc_mem_0/bd_0/ip/ip_34/bd_af63_m00rn_0_clocks.xdc] for cell 'realtime_dma_bd_i/axi_smc_mem/inst/m00_nodes/m00_r_node/inst'
Finished Parsing XDC File [h:/vivado_realtime_dma_zybo_z7_20/vivado_realtime_dma_zybo_z7_20.gen/sources_1/bd/realtime_dma_bd/ip/realtime_dma_bd_axi_smc_mem_0/bd_0/ip/ip_34/bd_af63_m00rn_0_clocks.xdc] for cell 'realtime_dma_bd_i/axi_smc_mem/inst/m00_nodes/m00_r_node/inst'
Parsing XDC File [h:/vivado_realtime_dma_zybo_z7_20/vivado_realtime_dma_zybo_z7_20.gen/sources_1/bd/realtime_dma_bd/ip/realtime_dma_bd_axi_smc_mem_0/bd_0/ip/ip_35/bd_af63_m00awn_0_clocks.xdc] for cell 'realtime_dma_bd_i/axi_smc_mem/inst/m00_nodes/m00_aw_node/inst'
Finished Parsing XDC File [h:/vivado_realtime_dma_zybo_z7_20/vivado_realtime_dma_zybo_z7_20.gen/sources_1/bd/realtime_dma_bd/ip/realtime_dma_bd_axi_smc_mem_0/bd_0/ip/ip_35/bd_af63_m00awn_0_clocks.xdc] for cell 'realtime_dma_bd_i/axi_smc_mem/inst/m00_nodes/m00_aw_node/inst'
Parsing XDC File [h:/vivado_realtime_dma_zybo_z7_20/vivado_realtime_dma_zybo_z7_20.gen/sources_1/bd/realtime_dma_bd/ip/realtime_dma_bd_axi_smc_mem_0/bd_0/ip/ip_36/bd_af63_m00wn_0_clocks.xdc] for cell 'realtime_dma_bd_i/axi_smc_mem/inst/m00_nodes/m00_w_node/inst'
Finished Parsing XDC File [h:/vivado_realtime_dma_zybo_z7_20/vivado_realtime_dma_zybo_z7_20.gen/sources_1/bd/realtime_dma_bd/ip/realtime_dma_bd_axi_smc_mem_0/bd_0/ip/ip_36/bd_af63_m00wn_0_clocks.xdc] for cell 'realtime_dma_bd_i/axi_smc_mem/inst/m00_nodes/m00_w_node/inst'
Parsing XDC File [h:/vivado_realtime_dma_zybo_z7_20/vivado_realtime_dma_zybo_z7_20.gen/sources_1/bd/realtime_dma_bd/ip/realtime_dma_bd_axi_smc_mem_0/bd_0/ip/ip_37/bd_af63_m00bn_0_clocks.xdc] for cell 'realtime_dma_bd_i/axi_smc_mem/inst/m00_nodes/m00_b_node/inst'
Finished Parsing XDC File [h:/vivado_realtime_dma_zybo_z7_20/vivado_realtime_dma_zybo_z7_20.gen/sources_1/bd/realtime_dma_bd/ip/realtime_dma_bd_axi_smc_mem_0/bd_0/ip/ip_37/bd_af63_m00bn_0_clocks.xdc] for cell 'realtime_dma_bd_i/axi_smc_mem/inst/m00_nodes/m00_b_node/inst'
Parsing XDC File [h:/vivado_realtime_dma_zybo_z7_20/vivado_realtime_dma_zybo_z7_20.gen/sources_1/bd/realtime_dma_bd/ip/realtime_dma_bd_axi_smc_mem_0/smartconnect.xdc] for cell 'realtime_dma_bd_i/axi_smc_mem/inst'
WARNING: [Vivado_Tcl 4-919] Waiver ID 'CDC-1' -from list should not be empty. [h:/vivado_realtime_dma_zybo_z7_20/vivado_realtime_dma_zybo_z7_20.gen/sources_1/bd/realtime_dma_bd/ip/realtime_dma_bd_axi_smc_mem_0/smartconnect.xdc:1]
Finished Parsing XDC File [h:/vivado_realtime_dma_zybo_z7_20/vivado_realtime_dma_zybo_z7_20.gen/sources_1/bd/realtime_dma_bd/ip/realtime_dma_bd_axi_smc_mem_0/smartconnect.xdc] for cell 'realtime_dma_bd_i/axi_smc_mem/inst'
Parsing XDC File [h:/vivado_realtime_dma_zybo_z7_20/vivado_realtime_dma_zybo_z7_20.gen/sources_1/bd/realtime_dma_bd/ip/realtime_dma_bd_rst_ps7_100m_0/realtime_dma_bd_rst_ps7_100m_0_board.xdc] for cell 'realtime_dma_bd_i/rst_ps7_100m/U0'
Finished Parsing XDC File [h:/vivado_realtime_dma_zybo_z7_20/vivado_realtime_dma_zybo_z7_20.gen/sources_1/bd/realtime_dma_bd/ip/realtime_dma_bd_rst_ps7_100m_0/realtime_dma_bd_rst_ps7_100m_0_board.xdc] for cell 'realtime_dma_bd_i/rst_ps7_100m/U0'
Parsing XDC File [h:/vivado_realtime_dma_zybo_z7_20/vivado_realtime_dma_zybo_z7_20.gen/sources_1/bd/realtime_dma_bd/ip/realtime_dma_bd_rst_ps7_100m_0/realtime_dma_bd_rst_ps7_100m_0.xdc] for cell 'realtime_dma_bd_i/rst_ps7_100m/U0'
Finished Parsing XDC File [h:/vivado_realtime_dma_zybo_z7_20/vivado_realtime_dma_zybo_z7_20.gen/sources_1/bd/realtime_dma_bd/ip/realtime_dma_bd_rst_ps7_100m_0/realtime_dma_bd_rst_ps7_100m_0.xdc] for cell 'realtime_dma_bd_i/rst_ps7_100m/U0'
Parsing XDC File [h:/vivado_realtime_dma_zybo_z7_20/vivado_realtime_dma_zybo_z7_20.gen/sources_1/bd/realtime_dma_bd/ip/realtime_dma_bd_axi_dma0_0/realtime_dma_bd_axi_dma0_0_clocks.xdc] for cell 'realtime_dma_bd_i/axi_dma0/U0'
Finished Parsing XDC File [h:/vivado_realtime_dma_zybo_z7_20/vivado_realtime_dma_zybo_z7_20.gen/sources_1/bd/realtime_dma_bd/ip/realtime_dma_bd_axi_dma0_0/realtime_dma_bd_axi_dma0_0_clocks.xdc] for cell 'realtime_dma_bd_i/axi_dma0/U0'
Parsing XDC File [h:/vivado_realtime_dma_zybo_z7_20/vivado_realtime_dma_zybo_z7_20.gen/sources_1/bd/realtime_dma_bd/ip/realtime_dma_bd_axi_dma1_0/realtime_dma_bd_axi_dma1_0_clocks.xdc] for cell 'realtime_dma_bd_i/axi_dma1/U0'
Finished Parsing XDC File [h:/vivado_realtime_dma_zybo_z7_20/vivado_realtime_dma_zybo_z7_20.gen/sources_1/bd/realtime_dma_bd/ip/realtime_dma_bd_axi_dma1_0/realtime_dma_bd_axi_dma1_0_clocks.xdc] for cell 'realtime_dma_bd_i/axi_dma1/U0'
INFO: [Project 1-1714] 125 XPM XDC files have been applied to the design.
INFO: [Opt 31-138] Pushed 0 inverter(s) to 0 load pin(s).
INFO: [Project 1-1687] 1682 scoped IP constraints or related sub-commands were skipped due to synthesis logic optimizations usually triggered by constant connectivity or unconnected output pins. To review the skipped constraints and messages, run the command 'set_param netlist.IPMsgFiltering false' before opening the design.
Netlist sorting complete. Time (s): cpu = 00:00:00 ; elapsed = 00:00:00.024 . Memory (MB): peak = 4317.875 ; gain = 0.000
INFO: [Project 1-111] Unisim Transformation Summary:
  A total of 410 instances were transformed.
  FDR => FDRE: 28 instances
  RAM16X1D => RAM32X1D (RAMD32(x2)): 1 instance 
  RAM32M => RAM32M (RAMD32(x6), RAMS32(x2)): 370 instances
  RAM32X1D => RAM32X1D (RAMD32(x2)): 8 instances
  SRL16 => SRL16E: 3 instances

Synth Design complete | Checksum: c14557ec
INFO: [Common 17-83] Releasing license: Synthesis
1052 Infos, 423 Warnings, 0 Critical Warnings and 0 Errors encountered.
synth_design completed successfully
synth_design: Time (s): cpu = 00:06:08 ; elapsed = 00:06:36 . Memory (MB): peak = 4317.875 ; gain = 3245.250
# report_utilization -file [file join $reports_dir post_synth_util.rpt]
# opt_design
Command: opt_design
Attempting to get a license for feature 'Implementation' and/or device 'xc7z020'
INFO: [Common 17-349] Got license for feature 'Implementation' and/or device 'xc7z020'
Running DRC as a precondition to command opt_design

Starting DRC Task
INFO: [DRC 23-27] Running DRC with 2 threads
INFO: [Project 1-461] DRC finished with 0 Errors
INFO: [Project 1-462] Please refer to the DRC report (report_drc) for more information.

Time (s): cpu = 00:00:02 ; elapsed = 00:00:01 . Memory (MB): peak = 4317.875 ; gain = 0.000

Starting Cache Timing Information Task
INFO: [Timing 38-35] Done setting XDC timing constraints.
Ending Cache Timing Information Task | Checksum: 187766f4d

Time (s): cpu = 00:00:04 ; elapsed = 00:00:03 . Memory (MB): peak = 4317.875 ; gain = 0.000

Starting Logic Optimization Task

Phase 1 Initialization

Phase 1.1 Core Generation And Design Setup
Phase 1.1 Core Generation And Design Setup | Checksum: 187766f4d

Time (s): cpu = 00:00:00 ; elapsed = 00:00:00.014 . Memory (MB): peak = 4317.875 ; gain = 0.000

Phase 1.2 Setup Constraints And Sort Netlist
Phase 1.2 Setup Constraints And Sort Netlist | Checksum: 187766f4d

Time (s): cpu = 00:00:00 ; elapsed = 00:00:00.061 . Memory (MB): peak = 4317.875 ; gain = 0.000
Phase 1 Initialization | Checksum: 187766f4d

Time (s): cpu = 00:00:00 ; elapsed = 00:00:00.069 . Memory (MB): peak = 4317.875 ; gain = 0.000

Phase 2 Timer Update And Timing Data Collection

Phase 2.1 Timer Update
Phase 2.1 Timer Update | Checksum: 187766f4d

Time (s): cpu = 00:00:03 ; elapsed = 00:00:02 . Memory (MB): peak = 4317.875 ; gain = 0.000

Phase 2.2 Timing Data Collection
Phase 2.2 Timing Data Collection | Checksum: 187766f4d

Time (s): cpu = 00:00:03 ; elapsed = 00:00:02 . Memory (MB): peak = 4317.875 ; gain = 0.000
Phase 2 Timer Update And Timing Data Collection | Checksum: 187766f4d

Time (s): cpu = 00:00:03 ; elapsed = 00:00:02 . Memory (MB): peak = 4317.875 ; gain = 0.000

Phase 3 Retarget
INFO: [Opt 31-1566] Pulled 9 inverters resulting in an inversion of 94 pins
INFO: [Opt 31-138] Pushed 27 inverter(s) to 117 load pin(s).
INFO: [Opt 31-49] Retargeted 0 cell(s).
Phase 3 Retarget | Checksum: 1d4e2f12d

Time (s): cpu = 00:00:04 ; elapsed = 00:00:03 . Memory (MB): peak = 4317.875 ; gain = 0.000
Retarget | Checksum: 1d4e2f12d
INFO: [Opt 31-389] Phase Retarget created 2 cells and removed 118 cells
INFO: [Opt 31-1021] In phase Retarget, 156 netlist objects are constrained preventing optimization. Please run opt_design with -debug_log to get more detail. 

Phase 4 Constant propagation
INFO: [Opt 31-138] Pushed 0 inverter(s) to 0 load pin(s).
Phase 4 Constant propagation | Checksum: 1b949f8d5

Time (s): cpu = 00:00:04 ; elapsed = 00:00:03 . Memory (MB): peak = 4317.875 ; gain = 0.000
Constant propagation | Checksum: 1b949f8d5
INFO: [Opt 31-389] Phase Constant propagation created 1 cells and removed 112 cells
INFO: [Opt 31-1021] In phase Constant propagation, 156 netlist objects are constrained preventing optimization. Please run opt_design with -debug_log to get more detail. 

Phase 5 Sweep
Phase 5 Sweep | Checksum: 166e75289

Time (s): cpu = 00:00:06 ; elapsed = 00:00:06 . Memory (MB): peak = 4317.875 ; gain = 0.000
Sweep | Checksum: 166e75289
INFO: [Opt 31-389] Phase Sweep created 0 cells and removed 262 cells
INFO: [Opt 31-1021] In phase Sweep, 197 netlist objects are constrained preventing optimization. Please run opt_design with -debug_log to get more detail. 

Phase 6 BUFG optimization
Phase 6 BUFG optimization | Checksum: 166e75289

Time (s): cpu = 00:00:08 ; elapsed = 00:00:06 . Memory (MB): peak = 4317.875 ; gain = 0.000
BUFG optimization | Checksum: 166e75289
INFO: [Opt 31-662] Phase BUFG optimization created 0 cells of which 0 are BUFGs and removed 0 cells.

Phase 7 Shift Register Optimization
WARNING: [Opt 31-1131] Can not pull register out from realtime_dma_bd_i/subband_realtime_0/inst/weights_m_axi_U/load_unit/fifo_rreq/U_fifo_srl/mem_reg[5][11]_srl6 due to none static srl address bits
WARNING: [Opt 31-1131] Can not pull register out from realtime_dma_bd_i/subband_realtime_0/inst/weights_m_axi_U/load_unit/fifo_rreq/U_fifo_srl/mem_reg[5][15]_srl6 due to none static srl address bits
WARNING: [Opt 31-1131] Can not pull register out from realtime_dma_bd_i/subband_realtime_0/inst/weights_m_axi_U/load_unit/fifo_rreq/U_fifo_srl/mem_reg[5][16]_srl6 due to none static srl address bits
WARNING: [Opt 31-1131] Can not pull register out from realtime_dma_bd_i/subband_realtime_0/inst/weights_m_axi_U/load_unit/fifo_rreq/U_fifo_srl/mem_reg[5][21]_srl6 due to none static srl address bits
WARNING: [Opt 31-1131] Can not pull register out from realtime_dma_bd_i/subband_realtime_0/inst/weights_m_axi_U/load_unit/fifo_rreq/U_fifo_srl/mem_reg[5][22]_srl6 due to none static srl address bits
WARNING: [Opt 31-1131] Can not pull register out from realtime_dma_bd_i/subband_realtime_0/inst/weights_m_axi_U/load_unit/fifo_rreq/U_fifo_srl/mem_reg[5][2]_srl6 due to none static srl address bits
WARNING: [Opt 31-1131] Can not pull register out from realtime_dma_bd_i/subband_realtime_0/inst/weights_m_axi_U/load_unit/fifo_rreq/U_fifo_srl/mem_reg[5][32]_srl6 due to none static srl address bits
WARNING: [Opt 31-1131] Can not pull register out from realtime_dma_bd_i/subband_realtime_0/inst/weights_m_axi_U/load_unit/fifo_rreq/U_fifo_srl/mem_reg[5][17]_srl6 due to none static srl address bits
WARNING: [Opt 31-1131] Can not pull register out from realtime_dma_bd_i/subband_realtime_0/inst/weights_m_axi_U/load_unit/fifo_rreq/U_fifo_srl/mem_reg[5][3]_srl6 due to none static srl address bits
WARNING: [Opt 31-1131] Can not pull register out from realtime_dma_bd_i/subband_realtime_0/inst/weights_m_axi_U/load_unit/fifo_rreq/U_fifo_srl/mem_reg[5][19]_srl6 due to none static srl address bits
WARNING: [Opt 31-1131] Can not pull register out from realtime_dma_bd_i/subband_realtime_0/inst/weights_m_axi_U/load_unit/fifo_rreq/U_fifo_srl/mem_reg[5][6]_srl6 due to none static srl address bits
WARNING: [Opt 31-1131] Can not pull register out from realtime_dma_bd_i/subband_realtime_0/inst/weights_m_axi_U/load_unit/fifo_rreq/U_fifo_srl/mem_reg[5][4]_srl6 due to none static srl address bits
WARNING: [Opt 31-1131] Can not pull register out from realtime_dma_bd_i/subband_realtime_0/inst/weights_m_axi_U/load_unit/fifo_rreq/U_fifo_srl/mem_reg[5][20]_srl6 due to none static srl address bits
WARNING: [Opt 31-1131] Can not pull register out from realtime_dma_bd_i/subband_realtime_0/inst/weights_m_axi_U/load_unit/fifo_rreq/U_fifo_srl/mem_reg[5][5]_srl6 due to none static srl address bits
WARNING: [Opt 31-1131] Can not pull register out from realtime_dma_bd_i/subband_realtime_0/inst/weights_m_axi_U/load_unit/fifo_rreq/U_fifo_srl/mem_reg[5][14]_srl6 due to none static srl address bits
WARNING: [Opt 31-1131] Can not pull register out from realtime_dma_bd_i/subband_realtime_0/inst/weights_m_axi_U/load_unit/fifo_rreq/U_fifo_srl/mem_reg[5][13]_srl6 due to none static srl address bits
WARNING: [Opt 31-1131] Can not pull register out from realtime_dma_bd_i/subband_realtime_0/inst/weights_m_axi_U/load_unit/fifo_rreq/U_fifo_srl/mem_reg[5][9]_srl6 due to none static srl address bits
WARNING: [Opt 31-1131] Can not pull register out from realtime_dma_bd_i/subband_realtime_0/inst/weights_m_axi_U/load_unit/fifo_rreq/U_fifo_srl/mem_reg[5][25]_srl6 due to none static srl address bits
WARNING: [Opt 31-1131] Can not pull register out from realtime_dma_bd_i/subband_realtime_0/inst/weights_m_axi_U/load_unit/fifo_rreq/U_fifo_srl/mem_reg[5][24]_srl6 due to none static srl address bits
WARNING: [Opt 31-1131] Can not pull register out from realtime_dma_bd_i/subband_realtime_0/inst/weights_m_axi_U/load_unit/fifo_rreq/U_fifo_srl/mem_reg[5][26]_srl6 due to none static srl address bits
WARNING: [Opt 31-1131] Can not pull register out from realtime_dma_bd_i/subband_realtime_0/inst/weights_m_axi_U/load_unit/fifo_rreq/U_fifo_srl/mem_reg[5][7]_srl6 due to none static srl address bits
WARNING: [Opt 31-1131] Can not pull register out from realtime_dma_bd_i/subband_realtime_0/inst/weights_m_axi_U/load_unit/fifo_rreq/U_fifo_srl/mem_reg[5][18]_srl6 due to none static srl address bits
WARNING: [Opt 31-1131] Can not pull register out from realtime_dma_bd_i/subband_realtime_0/inst/weights_m_axi_U/load_unit/fifo_rreq/U_fifo_srl/mem_reg[5][8]_srl6 due to none static srl address bits
WARNING: [Opt 31-1131] Can not pull register out from realtime_dma_bd_i/subband_realtime_0/inst/weights_m_axi_U/load_unit/fifo_rreq/U_fifo_srl/mem_reg[5][12]_srl6 due to none static srl address bits
WARNING: [Opt 31-1131] Can not pull register out from realtime_dma_bd_i/subband_realtime_0/inst/weights_m_axi_U/load_unit/fifo_rreq/U_fifo_srl/mem_reg[5][1]_srl6 due to none static srl address bits
WARNING: [Opt 31-1131] Can not pull register out from realtime_dma_bd_i/subband_realtime_0/inst/weights_m_axi_U/load_unit/fifo_rreq/U_fifo_srl/mem_reg[5][10]_srl6 due to none static srl address bits
WARNING: [Opt 31-1131] Can not pull register out from realtime_dma_bd_i/subband_realtime_0/inst/weights_m_axi_U/load_unit/fifo_rreq/U_fifo_srl/mem_reg[5][23]_srl6 due to none static srl address bits
WARNING: [Opt 31-1131] Can not pull register out from realtime_dma_bd_i/subband_realtime_0/inst/weights_m_axi_U/load_unit/fifo_rreq/U_fifo_srl/mem_reg[5][0]_srl6 due to none static srl address bits
WARNING: [Opt 31-1131] Can not pull register out from realtime_dma_bd_i/axi_smc_mem/inst/m00_exit_pipeline/m00_exit/inst/exit_inst/gen_r_cmd_fifo.r_cmd_fifo/gen_srls[10].srl_nx1/shift_reg_reg[0]_srl16 due to none static srl address bits
WARNING: [Opt 31-1131] Can not pull register out from realtime_dma_bd_i/axi_smc_mem/inst/m00_exit_pipeline/m00_exit/inst/exit_inst/gen_r_cmd_fifo.r_cmd_fifo/gen_srls[11].srl_nx1/shift_reg_reg[0]_srl16 due to none static srl address bits
WARNING: [Opt 31-1131] Can not pull register out from realtime_dma_bd_i/axi_smc_mem/inst/m00_exit_pipeline/m00_exit/inst/exit_inst/gen_r_cmd_fifo.r_cmd_fifo/gen_srls[12].srl_nx1/shift_reg_reg[0]_srl16 due to none static srl address bits
WARNING: [Opt 31-1131] Can not pull register out from realtime_dma_bd_i/axi_smc_mem/inst/m00_exit_pipeline/m00_exit/inst/exit_inst/gen_r_cmd_fifo.r_cmd_fifo/gen_srls[13].srl_nx1/shift_reg_reg[0]_srl16 due to none static srl address bits
WARNING: [Opt 31-1131] Can not pull register out from realtime_dma_bd_i/axi_smc_mem/inst/m00_exit_pipeline/m00_exit/inst/exit_inst/gen_r_cmd_fifo.r_cmd_fifo/gen_srls[14].srl_nx1/shift_reg_reg[0]_srl16 due to none static srl address bits
WARNING: [Opt 31-1131] Can not pull register out from realtime_dma_bd_i/axi_smc_mem/inst/m00_exit_pipeline/m00_exit/inst/exit_inst/gen_r_cmd_fifo.r_cmd_fifo/gen_srls[15].srl_nx1/shift_reg_reg[0]_srl16 due to none static srl address bits
WARNING: [Opt 31-1131] Can not pull register out from realtime_dma_bd_i/axi_smc_mem/inst/m00_exit_pipeline/m00_exit/inst/exit_inst/gen_r_cmd_fifo.r_cmd_fifo/gen_srls[16].srl_nx1/shift_reg_reg[0]_srl16 due to none static srl address bits
WARNING: [Opt 31-1131] Can not pull register out from realtime_dma_bd_i/axi_smc_mem/inst/m00_exit_pipeline/m00_exit/inst/exit_inst/gen_r_cmd_fifo.r_cmd_fifo/gen_srls[17].srl_nx1/shift_reg_reg[0]_srl16 due to none static srl address bits
WARNING: [Opt 31-1131] Can not pull register out from realtime_dma_bd_i/axi_smc_mem/inst/m00_exit_pipeline/m00_exit/inst/exit_inst/gen_r_cmd_fifo.r_cmd_fifo/gen_srls[3].srl_nx1/shift_reg_reg[0]_srl16 due to none static srl address bits
WARNING: [Opt 31-1131] Can not pull register out from realtime_dma_bd_i/axi_smc_mem/inst/m00_exit_pipeline/m00_exit/inst/exit_inst/gen_r_cmd_fifo.r_cmd_fifo/gen_srls[4].srl_nx1/shift_reg_reg[0]_srl16 due to none static srl address bits
WARNING: [Opt 31-1131] Can not pull register out from realtime_dma_bd_i/axi_smc_mem/inst/m00_exit_pipeline/m00_exit/inst/exit_inst/gen_r_cmd_fifo.r_cmd_fifo/gen_srls[5].srl_nx1/shift_reg_reg[0]_srl16 due to none static srl address bits
WARNING: [Opt 31-1131] Can not pull register out from realtime_dma_bd_i/axi_smc_mem/inst/m00_exit_pipeline/m00_exit/inst/exit_inst/gen_r_cmd_fifo.r_cmd_fifo/gen_srls[6].srl_nx1/shift_reg_reg[0]_srl16 due to none static srl address bits
WARNING: [Opt 31-1131] Can not pull register out from realtime_dma_bd_i/axi_smc_mem/inst/m00_exit_pipeline/m00_exit/inst/exit_inst/gen_r_cmd_fifo.r_cmd_fifo/gen_srls[7].srl_nx1/shift_reg_reg[0]_srl16 due to none static srl address bits
WARNING: [Opt 31-1131] Can not pull register out from realtime_dma_bd_i/axi_smc_mem/inst/m00_exit_pipeline/m00_exit/inst/exit_inst/gen_r_cmd_fifo.r_cmd_fifo/gen_srls[8].srl_nx1/shift_reg_reg[0]_srl16 due to none static srl address bits
WARNING: [Opt 31-1131] Can not pull register out from realtime_dma_bd_i/axi_smc_mem/inst/m00_exit_pipeline/m00_exit/inst/exit_inst/gen_r_cmd_fifo.r_cmd_fifo/gen_srls[9].srl_nx1/shift_reg_reg[0]_srl16 due to none static srl address bits
WARNING: [Opt 31-1131] Can not pull register out from realtime_dma_bd_i/axi_smc_mem/inst/m00_exit_pipeline/m00_exit/inst/exit_inst/gen_w_cmd_fifo.w_cmd_fifo/gen_srls[1].srl_nx1/shift_reg_reg[0]_srl16 due to none static srl address bits
WARNING: [Opt 31-1131] Can not pull register out from realtime_dma_bd_i/axi_smc_mem/inst/m00_exit_pipeline/m00_exit/inst/exit_inst/gen_w_cmd_fifo.w_cmd_fifo/gen_srls[2].srl_nx1/shift_reg_reg[0]_srl16 due to none static srl address bits
WARNING: [Opt 31-1131] Can not pull register out from realtime_dma_bd_i/axi_smc_mem/inst/m00_exit_pipeline/m00_exit/inst/exit_inst/gen_w_cmd_fifo.w_cmd_fifo/gen_srls[3].srl_nx1/shift_reg_reg[0]_srl16 due to none static srl address bits
WARNING: [Opt 31-1131] Can not pull register out from realtime_dma_bd_i/axi_smc_mem/inst/m00_nodes/m00_aw_node/inst/inst_si_handler/gen_m_axis_arb_fifo.inst_axis_arb_fifo/gen_srls[1].srl_nx1/shift_reg_reg[0]_srl16 due to none static srl address bits
WARNING: [Opt 31-1131] Can not pull register out from realtime_dma_bd_i/axi_smc_mem/inst/s01_entry_pipeline/s01_si_converter/inst/gen_normal.splitter_inst/gen_no_wsplitter.gen_endpoint_woffset.gen_wbypass_offset_fifo.wbypass_offset_fifo/gen_srls[0].srl_nx1/shift_reg_reg[0]_srl16 due to none static srl address bits
WARNING: [Opt 31-1131] Can not pull register out from realtime_dma_bd_i/axi_smc_mem/inst/s01_entry_pipeline/s01_si_converter/inst/gen_normal.splitter_inst/gen_no_wsplitter.gen_endpoint_woffset.gen_wbypass_offset_fifo.wbypass_offset_fifo/gen_srls[10].srl_nx1/shift_reg_reg[0]_srl16 due to none static srl address bits
WARNING: [Opt 31-1131] Can not pull register out from realtime_dma_bd_i/axi_smc_mem/inst/s01_entry_pipeline/s01_si_converter/inst/gen_normal.splitter_inst/gen_no_wsplitter.gen_endpoint_woffset.gen_wbypass_offset_fifo.wbypass_offset_fifo/gen_srls[11].srl_nx1/shift_reg_reg[0]_srl16 due to none static srl address bits
WARNING: [Opt 31-1131] Can not pull register out from realtime_dma_bd_i/axi_smc_mem/inst/s01_entry_pipeline/s01_si_converter/inst/gen_normal.splitter_inst/gen_no_wsplitter.gen_endpoint_woffset.gen_wbypass_offset_fifo.wbypass_offset_fifo/gen_srls[12].srl_nx1/shift_reg_reg[0]_srl16 due to none static srl address bits
WARNING: [Opt 31-1131] Can not pull register out from realtime_dma_bd_i/axi_smc_mem/inst/s01_entry_pipeline/s01_si_converter/inst/gen_normal.splitter_inst/gen_no_wsplitter.gen_endpoint_woffset.gen_wbypass_offset_fifo.wbypass_offset_fifo/gen_srls[13].srl_nx1/shift_reg_reg[0]_srl16 due to none static srl address bits
WARNING: [Opt 31-1131] Can not pull register out from realtime_dma_bd_i/axi_smc_mem/inst/s01_entry_pipeline/s01_si_converter/inst/gen_normal.splitter_inst/gen_no_wsplitter.gen_endpoint_woffset.gen_wbypass_offset_fifo.wbypass_offset_fifo/gen_srls[1].srl_nx1/shift_reg_reg[0]_srl16 due to none static srl address bits
WARNING: [Opt 31-1131] Can not pull register out from realtime_dma_bd_i/axi_smc_mem/inst/s01_entry_pipeline/s01_si_converter/inst/gen_normal.splitter_inst/gen_no_wsplitter.gen_endpoint_woffset.gen_wbypass_offset_fifo.wbypass_offset_fifo/gen_srls[2].srl_nx1/shift_reg_reg[0]_srl16 due to none static srl address bits
WARNING: [Opt 31-1131] Can not pull register out from realtime_dma_bd_i/axi_smc_mem/inst/s01_entry_pipeline/s01_si_converter/inst/gen_normal.splitter_inst/gen_no_wsplitter.gen_endpoint_woffset.gen_wbypass_offset_fifo.wbypass_offset_fifo/gen_srls[3].srl_nx1/shift_reg_reg[0]_srl16 due to none static srl address bits
WARNING: [Opt 31-1131] Can not pull register out from realtime_dma_bd_i/axi_smc_mem/inst/s01_entry_pipeline/s01_si_converter/inst/gen_normal.splitter_inst/gen_no_wsplitter.gen_endpoint_woffset.gen_wbypass_offset_fifo.wbypass_offset_fifo/gen_srls[4].srl_nx1/shift_reg_reg[0]_srl16 due to none static srl address bits
WARNING: [Opt 31-1131] Can not pull register out from realtime_dma_bd_i/axi_smc_mem/inst/s01_entry_pipeline/s01_si_converter/inst/gen_normal.splitter_inst/gen_no_wsplitter.gen_endpoint_woffset.gen_wbypass_offset_fifo.wbypass_offset_fifo/gen_srls[5].srl_nx1/shift_reg_reg[0]_srl16 due to none static srl address bits
WARNING: [Opt 31-1131] Can not pull register out from realtime_dma_bd_i/axi_smc_mem/inst/s01_entry_pipeline/s01_si_converter/inst/gen_normal.splitter_inst/gen_no_wsplitter.gen_endpoint_woffset.gen_wbypass_offset_fifo.wbypass_offset_fifo/gen_srls[6].srl_nx1/shift_reg_reg[0]_srl16 due to none static srl address bits
WARNING: [Opt 31-1131] Can not pull register out from realtime_dma_bd_i/axi_smc_mem/inst/s01_entry_pipeline/s01_si_converter/inst/gen_normal.splitter_inst/gen_no_wsplitter.gen_endpoint_woffset.gen_wbypass_offset_fifo.wbypass_offset_fifo/gen_srls[7].srl_nx1/shift_reg_reg[0]_srl16 due to none static srl address bits
WARNING: [Opt 31-1131] Can not pull register out from realtime_dma_bd_i/axi_smc_mem/inst/s01_entry_pipeline/s01_si_converter/inst/gen_normal.splitter_inst/gen_no_wsplitter.gen_endpoint_woffset.gen_wbypass_offset_fifo.wbypass_offset_fifo/gen_srls[8].srl_nx1/shift_reg_reg[0]_srl16 due to none static srl address bits
WARNING: [Opt 31-1131] Can not pull register out from realtime_dma_bd_i/axi_smc_mem/inst/s01_entry_pipeline/s01_si_converter/inst/gen_normal.splitter_inst/gen_no_wsplitter.gen_endpoint_woffset.gen_wbypass_offset_fifo.wbypass_offset_fifo/gen_srls[9].srl_nx1/shift_reg_reg[0]_srl16 due to none static srl address bits
WARNING: [Opt 31-1131] Can not pull register out from realtime_dma_bd_i/axi_smc_mem/inst/s03_entry_pipeline/s03_si_converter/inst/gen_normal.splitter_inst/gen_rsplitter.gen_rthread_loop[0].r_split_fifo/gen_srls[0].srl_nx1/shift_reg_reg[0]_srl16 due to none static srl address bits
WARNING: [Opt 31-1131] Can not pull register out from realtime_dma_bd_i/axi_dma0/U0/I_PRMRY_DATAMOVER/GEN_MM2S_FULL.I_MM2S_FULL_WRAPPER/GEN_INCLUDE_MM2S_SF.I_RD_SF/OMIT_DRE_CNTL.I_DRE_CNTL_FIFO/USE_SRL_FIFO.I_SYNC_FIFO/I_SRL_FIFO_RBU_F/DYNSHREG_F_I/INFERRED_GEN.data_reg[3][0]_srl4 due to none static srl address bits
WARNING: [Opt 31-1131] Can not pull register out from realtime_dma_bd_i/axi_dma0/U0/I_PRMRY_DATAMOVER/GEN_MM2S_FULL.I_MM2S_FULL_WRAPPER/I_ADDR_CNTL/GEN_ADDR_FIFO.I_ADDR_QUAL_FIFO/USE_SRL_FIFO.I_SYNC_FIFO/I_SRL_FIFO_RBU_F/DYNSHREG_F_I/INFERRED_GEN.data_reg[3][11]_srl4 due to none static srl address bits
WARNING: [Opt 31-1131] Can not pull register out from realtime_dma_bd_i/axi_dma0/U0/I_PRMRY_DATAMOVER/GEN_MM2S_FULL.I_MM2S_FULL_WRAPPER/I_ADDR_CNTL/GEN_ADDR_FIFO.I_ADDR_QUAL_FIFO/USE_SRL_FIFO.I_SYNC_FIFO/I_SRL_FIFO_RBU_F/DYNSHREG_F_I/INFERRED_GEN.data_reg[3][13]_srl4 due to none static srl address bits
WARNING: [Opt 31-1131] Can not pull register out from realtime_dma_bd_i/axi_dma0/U0/I_PRMRY_DATAMOVER/GEN_MM2S_FULL.I_MM2S_FULL_WRAPPER/I_ADDR_CNTL/GEN_ADDR_FIFO.I_ADDR_QUAL_FIFO/USE_SRL_FIFO.I_SYNC_FIFO/I_SRL_FIFO_RBU_F/DYNSHREG_F_I/INFERRED_GEN.data_reg[3][19]_srl4 due to none static srl address bits
WARNING: [Opt 31-1131] Can not pull register out from realtime_dma_bd_i/axi_dma0/U0/I_PRMRY_DATAMOVER/GEN_MM2S_FULL.I_MM2S_FULL_WRAPPER/I_ADDR_CNTL/GEN_ADDR_FIFO.I_ADDR_QUAL_FIFO/USE_SRL_FIFO.I_SYNC_FIFO/I_SRL_FIFO_RBU_F/DYNSHREG_F_I/INFERRED_GEN.data_reg[3][20]_srl4 due to none static srl address bits
WARNING: [Opt 31-1131] Can not pull register out from realtime_dma_bd_i/axi_dma0/U0/I_PRMRY_DATAMOVER/GEN_MM2S_FULL.I_MM2S_FULL_WRAPPER/I_ADDR_CNTL/GEN_ADDR_FIFO.I_ADDR_QUAL_FIFO/USE_SRL_FIFO.I_SYNC_FIFO/I_SRL_FIFO_RBU_F/DYNSHREG_F_I/INFERRED_GEN.data_reg[3][21]_srl4 due to none static srl address bits
WARNING: [Opt 31-1131] Can not pull register out from realtime_dma_bd_i/axi_dma0/U0/I_PRMRY_DATAMOVER/GEN_MM2S_FULL.I_MM2S_FULL_WRAPPER/I_ADDR_CNTL/GEN_ADDR_FIFO.I_ADDR_QUAL_FIFO/USE_SRL_FIFO.I_SYNC_FIFO/I_SRL_FIFO_RBU_F/DYNSHREG_F_I/INFERRED_GEN.data_reg[3][22]_srl4 due to none static srl address bits
WARNING: [Opt 31-1131] Can not pull register out from realtime_dma_bd_i/axi_dma0/U0/I_PRMRY_DATAMOVER/GEN_MM2S_FULL.I_MM2S_FULL_WRAPPER/I_ADDR_CNTL/GEN_ADDR_FIFO.I_ADDR_QUAL_FIFO/USE_SRL_FIFO.I_SYNC_FIFO/I_SRL_FIFO_RBU_F/DYNSHREG_F_I/INFERRED_GEN.data_reg[3][23]_srl4 due to none static srl address bits
WARNING: [Opt 31-1131] Can not pull register out from realtime_dma_bd_i/axi_dma0/U0/I_PRMRY_DATAMOVER/GEN_MM2S_FULL.I_MM2S_FULL_WRAPPER/I_ADDR_CNTL/GEN_ADDR_FIFO.I_ADDR_QUAL_FIFO/USE_SRL_FIFO.I_SYNC_FIFO/I_SRL_FIFO_RBU_F/DYNSHREG_F_I/INFERRED_GEN.data_reg[3][24]_srl4 due to none static srl address bits
WARNING: [Opt 31-1131] Can not pull register out from realtime_dma_bd_i/axi_dma0/U0/I_PRMRY_DATAMOVER/GEN_MM2S_FULL.I_MM2S_FULL_WRAPPER/I_ADDR_CNTL/GEN_ADDR_FIFO.I_ADDR_QUAL_FIFO/USE_SRL_FIFO.I_SYNC_FIFO/I_SRL_FIFO_RBU_F/DYNSHREG_F_I/INFERRED_GEN.data_reg[3][25]_srl4 due to none static srl address bits
WARNING: [Opt 31-1131] Can not pull register out from realtime_dma_bd_i/axi_dma0/U0/I_PRMRY_DATAMOVER/GEN_MM2S_FULL.I_MM2S_FULL_WRAPPER/I_ADDR_CNTL/GEN_ADDR_FIFO.I_ADDR_QUAL_FIFO/USE_SRL_FIFO.I_SYNC_FIFO/I_SRL_FIFO_RBU_F/DYNSHREG_F_I/INFERRED_GEN.data_reg[3][26]_srl4 due to none static srl address bits
WARNING: [Opt 31-1131] Can not pull register out from realtime_dma_bd_i/axi_dma0/U0/I_PRMRY_DATAMOVER/GEN_MM2S_FULL.I_MM2S_FULL_WRAPPER/I_ADDR_CNTL/GEN_ADDR_FIFO.I_ADDR_QUAL_FIFO/USE_SRL_FIFO.I_SYNC_FIFO/I_SRL_FIFO_RBU_F/DYNSHREG_F_I/INFERRED_GEN.data_reg[3][27]_srl4 due to none static srl address bits
WARNING: [Opt 31-1131] Can not pull register out from realtime_dma_bd_i/axi_dma0/U0/I_PRMRY_DATAMOVER/GEN_MM2S_FULL.I_MM2S_FULL_WRAPPER/I_ADDR_CNTL/GEN_ADDR_FIFO.I_ADDR_QUAL_FIFO/USE_SRL_FIFO.I_SYNC_FIFO/I_SRL_FIFO_RBU_F/DYNSHREG_F_I/INFERRED_GEN.data_reg[3][28]_srl4 due to none static srl address bits
WARNING: [Opt 31-1131] Can not pull register out from realtime_dma_bd_i/axi_dma0/U0/I_PRMRY_DATAMOVER/GEN_MM2S_FULL.I_MM2S_FULL_WRAPPER/I_ADDR_CNTL/GEN_ADDR_FIFO.I_ADDR_QUAL_FIFO/USE_SRL_FIFO.I_SYNC_FIFO/I_SRL_FIFO_RBU_F/DYNSHREG_F_I/INFERRED_GEN.data_reg[3][29]_srl4 due to none static srl address bits
WARNING: [Opt 31-1131] Can not pull register out from realtime_dma_bd_i/axi_dma0/U0/I_PRMRY_DATAMOVER/GEN_MM2S_FULL.I_MM2S_FULL_WRAPPER/I_ADDR_CNTL/GEN_ADDR_FIFO.I_ADDR_QUAL_FIFO/USE_SRL_FIFO.I_SYNC_FIFO/I_SRL_FIFO_RBU_F/DYNSHREG_F_I/INFERRED_GEN.data_reg[3][30]_srl4 due to none static srl address bits
WARNING: [Opt 31-1131] Can not pull register out from realtime_dma_bd_i/axi_dma0/U0/I_PRMRY_DATAMOVER/GEN_MM2S_FULL.I_MM2S_FULL_WRAPPER/I_ADDR_CNTL/GEN_ADDR_FIFO.I_ADDR_QUAL_FIFO/USE_SRL_FIFO.I_SYNC_FIFO/I_SRL_FIFO_RBU_F/DYNSHREG_F_I/INFERRED_GEN.data_reg[3][31]_srl4 due to none static srl address bits
WARNING: [Opt 31-1131] Can not pull register out from realtime_dma_bd_i/axi_dma0/U0/I_PRMRY_DATAMOVER/GEN_MM2S_FULL.I_MM2S_FULL_WRAPPER/I_ADDR_CNTL/GEN_ADDR_FIFO.I_ADDR_QUAL_FIFO/USE_SRL_FIFO.I_SYNC_FIFO/I_SRL_FIFO_RBU_F/DYNSHREG_F_I/INFERRED_GEN.data_reg[3][32]_srl4 due to none static srl address bits
WARNING: [Opt 31-1131] Can not pull register out from realtime_dma_bd_i/axi_dma0/U0/I_PRMRY_DATAMOVER/GEN_MM2S_FULL.I_MM2S_FULL_WRAPPER/I_ADDR_CNTL/GEN_ADDR_FIFO.I_ADDR_QUAL_FIFO/USE_SRL_FIFO.I_SYNC_FIFO/I_SRL_FIFO_RBU_F/DYNSHREG_F_I/INFERRED_GEN.data_reg[3][33]_srl4 due to none static srl address bits
WARNING: [Opt 31-1131] Can not pull register out from realtime_dma_bd_i/axi_dma0/U0/I_PRMRY_DATAMOVER/GEN_MM2S_FULL.I_MM2S_FULL_WRAPPER/I_ADDR_CNTL/GEN_ADDR_FIFO.I_ADDR_QUAL_FIFO/USE_SRL_FIFO.I_SYNC_FIFO/I_SRL_FIFO_RBU_F/DYNSHREG_F_I/INFERRED_GEN.data_reg[3][34]_srl4 due to none static srl address bits
WARNING: [Opt 31-1131] Can not pull register out from realtime_dma_bd_i/axi_dma0/U0/I_PRMRY_DATAMOVER/GEN_MM2S_FULL.I_MM2S_FULL_WRAPPER/I_ADDR_CNTL/GEN_ADDR_FIFO.I_ADDR_QUAL_FIFO/USE_SRL_FIFO.I_SYNC_FIFO/I_SRL_FIFO_RBU_F/DYNSHREG_F_I/INFERRED_GEN.data_reg[3][35]_srl4 due to none static srl address bits
WARNING: [Opt 31-1131] Can not pull register out from realtime_dma_bd_i/axi_dma0/U0/I_PRMRY_DATAMOVER/GEN_MM2S_FULL.I_MM2S_FULL_WRAPPER/I_ADDR_CNTL/GEN_ADDR_FIFO.I_ADDR_QUAL_FIFO/USE_SRL_FIFO.I_SYNC_FIFO/I_SRL_FIFO_RBU_F/DYNSHREG_F_I/INFERRED_GEN.data_reg[3][36]_srl4 due to none static srl address bits
WARNING: [Opt 31-1131] Can not pull register out from realtime_dma_bd_i/axi_dma0/U0/I_PRMRY_DATAMOVER/GEN_MM2S_FULL.I_MM2S_FULL_WRAPPER/I_ADDR_CNTL/GEN_ADDR_FIFO.I_ADDR_QUAL_FIFO/USE_SRL_FIFO.I_SYNC_FIFO/I_SRL_FIFO_RBU_F/DYNSHREG_F_I/INFERRED_GEN.data_reg[3][37]_srl4 due to none static srl address bits
WARNING: [Opt 31-1131] Can not pull register out from realtime_dma_bd_i/axi_dma0/U0/I_PRMRY_DATAMOVER/GEN_MM2S_FULL.I_MM2S_FULL_WRAPPER/I_ADDR_CNTL/GEN_ADDR_FIFO.I_ADDR_QUAL_FIFO/USE_SRL_FIFO.I_SYNC_FIFO/I_SRL_FIFO_RBU_F/DYNSHREG_F_I/INFERRED_GEN.data_reg[3][38]_srl4 due to none static srl address bits
WARNING: [Opt 31-1131] Can not pull register out from realtime_dma_bd_i/axi_dma0/U0/I_PRMRY_DATAMOVER/GEN_MM2S_FULL.I_MM2S_FULL_WRAPPER/I_ADDR_CNTL/GEN_ADDR_FIFO.I_ADDR_QUAL_FIFO/USE_SRL_FIFO.I_SYNC_FIFO/I_SRL_FIFO_RBU_F/DYNSHREG_F_I/INFERRED_GEN.data_reg[3][39]_srl4 due to none static srl address bits
WARNING: [Opt 31-1131] Can not pull register out from realtime_dma_bd_i/axi_dma0/U0/I_PRMRY_DATAMOVER/GEN_MM2S_FULL.I_MM2S_FULL_WRAPPER/I_ADDR_CNTL/GEN_ADDR_FIFO.I_ADDR_QUAL_FIFO/USE_SRL_FIFO.I_SYNC_FIFO/I_SRL_FIFO_RBU_F/DYNSHREG_F_I/INFERRED_GEN.data_reg[3][40]_srl4 due to none static srl address bits
WARNING: [Opt 31-1131] Can not pull register out from realtime_dma_bd_i/axi_dma0/U0/I_PRMRY_DATAMOVER/GEN_MM2S_FULL.I_MM2S_FULL_WRAPPER/I_ADDR_CNTL/GEN_ADDR_FIFO.I_ADDR_QUAL_FIFO/USE_SRL_FIFO.I_SYNC_FIFO/I_SRL_FIFO_RBU_F/DYNSHREG_F_I/INFERRED_GEN.data_reg[3][41]_srl4 due to none static srl address bits
WARNING: [Opt 31-1131] Can not pull register out from realtime_dma_bd_i/axi_dma0/U0/I_PRMRY_DATAMOVER/GEN_MM2S_FULL.I_MM2S_FULL_WRAPPER/I_ADDR_CNTL/GEN_ADDR_FIFO.I_ADDR_QUAL_FIFO/USE_SRL_FIFO.I_SYNC_FIFO/I_SRL_FIFO_RBU_F/DYNSHREG_F_I/INFERRED_GEN.data_reg[3][42]_srl4 due to none static srl address bits
WARNING: [Opt 31-1131] Can not pull register out from realtime_dma_bd_i/axi_dma0/U0/I_PRMRY_DATAMOVER/GEN_MM2S_FULL.I_MM2S_FULL_WRAPPER/I_ADDR_CNTL/GEN_ADDR_FIFO.I_ADDR_QUAL_FIFO/USE_SRL_FIFO.I_SYNC_FIFO/I_SRL_FIFO_RBU_F/DYNSHREG_F_I/INFERRED_GEN.data_reg[3][43]_srl4 due to none static srl address bits
WARNING: [Opt 31-1131] Can not pull register out from realtime_dma_bd_i/axi_dma0/U0/I_PRMRY_DATAMOVER/GEN_MM2S_FULL.I_MM2S_FULL_WRAPPER/I_ADDR_CNTL/GEN_ADDR_FIFO.I_ADDR_QUAL_FIFO/USE_SRL_FIFO.I_SYNC_FIFO/I_SRL_FIFO_RBU_F/DYNSHREG_F_I/INFERRED_GEN.data_reg[3][44]_srl4 due to none static srl address bits
WARNING: [Opt 31-1131] Can not pull register out from realtime_dma_bd_i/axi_dma0/U0/I_PRMRY_DATAMOVER/GEN_MM2S_FULL.I_MM2S_FULL_WRAPPER/I_ADDR_CNTL/GEN_ADDR_FIFO.I_ADDR_QUAL_FIFO/USE_SRL_FIFO.I_SYNC_FIFO/I_SRL_FIFO_RBU_F/DYNSHREG_F_I/INFERRED_GEN.data_reg[3][45]_srl4 due to none static srl address bits
WARNING: [Opt 31-1131] Can not pull register out from realtime_dma_bd_i/axi_dma0/U0/I_PRMRY_DATAMOVER/GEN_MM2S_FULL.I_MM2S_FULL_WRAPPER/I_ADDR_CNTL/GEN_ADDR_FIFO.I_ADDR_QUAL_FIFO/USE_SRL_FIFO.I_SYNC_FIFO/I_SRL_FIFO_RBU_F/DYNSHREG_F_I/INFERRED_GEN.data_reg[3][46]_srl4 due to none static srl address bits
WARNING: [Opt 31-1131] Can not pull register out from realtime_dma_bd_i/axi_dma0/U0/I_PRMRY_DATAMOVER/GEN_MM2S_FULL.I_MM2S_FULL_WRAPPER/I_ADDR_CNTL/GEN_ADDR_FIFO.I_ADDR_QUAL_FIFO/USE_SRL_FIFO.I_SYNC_FIFO/I_SRL_FIFO_RBU_F/DYNSHREG_F_I/INFERRED_GEN.data_reg[3][47]_srl4 due to none static srl address bits
WARNING: [Opt 31-1131] Can not pull register out from realtime_dma_bd_i/axi_dma0/U0/I_PRMRY_DATAMOVER/GEN_MM2S_FULL.I_MM2S_FULL_WRAPPER/I_ADDR_CNTL/GEN_ADDR_FIFO.I_ADDR_QUAL_FIFO/USE_SRL_FIFO.I_SYNC_FIFO/I_SRL_FIFO_RBU_F/DYNSHREG_F_I/INFERRED_GEN.data_reg[3][48]_srl4 due to none static srl address bits
WARNING: [Opt 31-1131] Can not pull register out from realtime_dma_bd_i/axi_dma0/U0/I_PRMRY_DATAMOVER/GEN_MM2S_FULL.I_MM2S_FULL_WRAPPER/I_ADDR_CNTL/GEN_ADDR_FIFO.I_ADDR_QUAL_FIFO/USE_SRL_FIFO.I_SYNC_FIFO/I_SRL_FIFO_RBU_F/DYNSHREG_F_I/INFERRED_GEN.data_reg[3][49]_srl4 due to none static srl address bits
WARNING: [Opt 31-1131] Can not pull register out from realtime_dma_bd_i/axi_dma0/U0/I_PRMRY_DATAMOVER/GEN_MM2S_FULL.I_MM2S_FULL_WRAPPER/I_ADDR_CNTL/GEN_ADDR_FIFO.I_ADDR_QUAL_FIFO/USE_SRL_FIFO.I_SYNC_FIFO/I_SRL_FIFO_RBU_F/DYNSHREG_F_I/INFERRED_GEN.data_reg[3][50]_srl4 due to none static srl address bits
WARNING: [Opt 31-1131] Can not pull register out from realtime_dma_bd_i/axi_dma0/U0/I_PRMRY_DATAMOVER/GEN_MM2S_FULL.I_MM2S_FULL_WRAPPER/I_ADDR_CNTL/GEN_ADDR_FIFO.I_ADDR_QUAL_FIFO/USE_SRL_FIFO.I_SYNC_FIFO/I_SRL_FIFO_RBU_F/DYNSHREG_F_I/INFERRED_GEN.data_reg[3][51]_srl4 due to none static srl address bits
WARNING: [Opt 31-1131] Can not pull register out from realtime_dma_bd_i/axi_dma0/U0/I_PRMRY_DATAMOVER/GEN_MM2S_FULL.I_MM2S_FULL_WRAPPER/I_ADDR_CNTL/GEN_ADDR_FIFO.I_ADDR_QUAL_FIFO/USE_SRL_FIFO.I_SYNC_FIFO/I_SRL_FIFO_RBU_F/DYNSHREG_F_I/INFERRED_GEN.data_reg[3][52]_srl4 due to none static srl address bits
WARNING: [Opt 31-1131] Can not pull register out from realtime_dma_bd_i/axi_dma0/U0/I_PRMRY_DATAMOVER/GEN_MM2S_FULL.I_MM2S_FULL_WRAPPER/I_ADDR_CNTL/GEN_ADDR_FIFO.I_ADDR_QUAL_FIFO/USE_SRL_FIFO.I_SYNC_FIFO/I_SRL_FIFO_RBU_F/DYNSHREG_F_I/INFERRED_GEN.data_reg[3][53]_srl4 due to none static srl address bits
INFO: [Common 17-14] Message 'Opt 31-1131' appears 100 times and further instances of the messages will be disabled. Use the Tcl command set_msg_config to change the current settings.
INFO: [Opt 31-1064] SRL Remap converted 0 SRLs to 0 registers and converted 0 registers of register chains to 0 SRLs
Phase 7 Shift Register Optimization | Checksum: 166e75289

Time (s): cpu = 00:00:08 ; elapsed = 00:00:06 . Memory (MB): peak = 4317.875 ; gain = 0.000
Shift Register Optimization | Checksum: 166e75289
INFO: [Opt 31-389] Phase Shift Register Optimization created 0 cells and removed 0 cells

Phase 8 Post Processing Netlist
Phase 8 Post Processing Netlist | Checksum: 166e75289

Time (s): cpu = 00:00:08 ; elapsed = 00:00:07 . Memory (MB): peak = 4317.875 ; gain = 0.000
Post Processing Netlist | Checksum: 166e75289
INFO: [Opt 31-389] Phase Post Processing Netlist created 0 cells and removed 0 cells
INFO: [Opt 31-1021] In phase Post Processing Netlist, 176 netlist objects are constrained preventing optimization. Please run opt_design with -debug_log to get more detail. 

Phase 9 Finalization

Phase 9.1 Finalizing Design Cores and Updating Shapes
Phase 9.1 Finalizing Design Cores and Updating Shapes | Checksum: 19fca80ac

Time (s): cpu = 00:00:09 ; elapsed = 00:00:08 . Memory (MB): peak = 4317.875 ; gain = 0.000

Phase 9.2 Verifying Netlist Connectivity

Starting Connectivity Check Task

Time (s): cpu = 00:00:00 ; elapsed = 00:00:00.125 . Memory (MB): peak = 4317.875 ; gain = 0.000
Phase 9.2 Verifying Netlist Connectivity | Checksum: 19fca80ac

Time (s): cpu = 00:00:09 ; elapsed = 00:00:08 . Memory (MB): peak = 4317.875 ; gain = 0.000
Phase 9 Finalization | Checksum: 19fca80ac

Time (s): cpu = 00:00:09 ; elapsed = 00:00:08 . Memory (MB): peak = 4317.875 ; gain = 0.000
Opt_design Change Summary
=========================


-------------------------------------------------------------------------------------------------------------------------
|  Phase                        |  #Cells created  |  #Cells Removed  |  #Constrained objects preventing optimizations  |
-------------------------------------------------------------------------------------------------------------------------
|  Retarget                     |               2  |             118  |                                            156  |
|  Constant propagation         |               1  |             112  |                                            156  |
|  Sweep                        |               0  |             262  |                                            197  |
|  BUFG optimization            |               0  |               0  |                                              0  |
|  Shift Register Optimization  |               0  |               0  |                                              0  |
|  Post Processing Netlist      |               0  |               0  |                                            176  |
-------------------------------------------------------------------------------------------------------------------------


Ending Logic Optimization Task | Checksum: 19fca80ac

Time (s): cpu = 00:00:09 ; elapsed = 00:00:08 . Memory (MB): peak = 4317.875 ; gain = 0.000
INFO: [Constraints 18-11670] Building netlist checker database with flags, 0x8
Done building netlist checker database: Time (s): cpu = 00:00:00 ; elapsed = 00:00:00.072 . Memory (MB): peak = 4317.875 ; gain = 0.000

Starting Power Optimization Task
INFO: [Pwropt 34-132] Skipping clock gating for clocks with a period < 2.00 ns.
INFO: [Timing 38-35] Done setting XDC timing constraints.
INFO: [Pwropt 34-9] Applying IDT optimizations ...
INFO: [Pwropt 34-10] Applying ODC optimizations ...
Running Vector-less Activity Propagation...

Finished Running Vector-less Activity Propagation


Starting PowerOpt Patch Enables Task
INFO: [Pwropt 34-162] WRITE_MODE attribute of 0 BRAM(s) out of a total of 140 has been updated to save power. Run report_power_opt to get a complete listing of the BRAMs updated.
INFO: [Pwropt 34-201] Structural ODC has moved 0 WE to EN ports
Number of BRAM Ports augmented: 34 newly gated: 4 Total Ports: 280
Ending PowerOpt Patch Enables Task | Checksum: c708bbf4

Time (s): cpu = 00:00:00 ; elapsed = 00:00:00.644 . Memory (MB): peak = 4317.875 ; gain = 0.000
Ending Power Optimization Task | Checksum: c708bbf4

Time (s): cpu = 00:00:31 ; elapsed = 00:00:17 . Memory (MB): peak = 4317.875 ; gain = 0.000

Starting Final Cleanup Task

Starting Logic Optimization Task
INFO: [Timing 38-35] Done setting XDC timing constraints.
Ending Logic Optimization Task | Checksum: 12ae2ac38

Time (s): cpu = 00:00:08 ; elapsed = 00:00:06 . Memory (MB): peak = 4317.875 ; gain = 0.000
INFO: [Constraints 18-11670] Building netlist checker database with flags, 0x8
Done building netlist checker database: Time (s): cpu = 00:00:00 ; elapsed = 00:00:00.061 . Memory (MB): peak = 4317.875 ; gain = 0.000
Ending Final Cleanup Task | Checksum: 12ae2ac38

Time (s): cpu = 00:00:10 ; elapsed = 00:00:08 . Memory (MB): peak = 4317.875 ; gain = 0.000

Starting Netlist Obfuscation Task
Netlist sorting complete. Time (s): cpu = 00:00:00 ; elapsed = 00:00:00.023 . Memory (MB): peak = 4317.875 ; gain = 0.000
Ending Netlist Obfuscation Task | Checksum: 12ae2ac38

Time (s): cpu = 00:00:00 ; elapsed = 00:00:00.033 . Memory (MB): peak = 4317.875 ; gain = 0.000
INFO: [Common 17-83] Releasing license: Implementation
31 Infos, 100 Warnings, 0 Critical Warnings and 0 Errors encountered.
opt_design completed successfully
opt_design: Time (s): cpu = 00:00:59 ; elapsed = 00:00:41 . Memory (MB): peak = 4317.875 ; gain = 0.000
# place_design
Command: place_design
Attempting to get a license for feature 'Implementation' and/or device 'xc7z020'
INFO: [Common 17-349] Got license for feature 'Implementation' and/or device 'xc7z020'
INFO: [Common 17-83] Releasing license: Implementation
INFO: [DRC 23-27] Running DRC with 2 threads
INFO: [Vivado_Tcl 4-198] DRC finished with 0 Errors
INFO: [Vivado_Tcl 4-199] Please refer to the DRC report (report_drc) for more information.
Running DRC as a precondition to command place_design
INFO: [DRC 23-27] Running DRC with 2 threads
INFO: [Vivado_Tcl 4-198] DRC finished with 0 Errors
INFO: [Vivado_Tcl 4-199] Please refer to the DRC report (report_drc) for more information.
INFO: [Place 30-611] Multithreading enabled for place_design using a maximum of 2 CPUs

Starting Placer Task

Phase 1 Placer Initialization

Phase 1.1 Placer Initialization Netlist Sorting
Netlist sorting complete. Time (s): cpu = 00:00:00 ; elapsed = 00:00:00.030 . Memory (MB): peak = 4317.875 ; gain = 0.000
Phase 1.1 Placer Initialization Netlist Sorting | Checksum: 125279da9

Time (s): cpu = 00:00:00 ; elapsed = 00:00:00.043 . Memory (MB): peak = 4317.875 ; gain = 0.000
Netlist sorting complete. Time (s): cpu = 00:00:00 ; elapsed = 00:00:00.022 . Memory (MB): peak = 4317.875 ; gain = 0.000

Phase 1.2 IO Placement/ Clock Placement/ Build Placer Device
INFO: [Timing 38-35] Done setting XDC timing constraints.
Phase 1.2 IO Placement/ Clock Placement/ Build Placer Device | Checksum: b78a885b

Time (s): cpu = 00:00:07 ; elapsed = 00:00:06 . Memory (MB): peak = 4317.875 ; gain = 0.000

Phase 1.3 Build Placer Netlist Model
Phase 1.3 Build Placer Netlist Model | Checksum: 16fe4c6c8

Time (s): cpu = 00:00:24 ; elapsed = 00:00:18 . Memory (MB): peak = 4317.875 ; gain = 0.000

Phase 1.4 Constrain Clocks/Macros
Phase 1.4 Constrain Clocks/Macros | Checksum: 16fe4c6c8

Time (s): cpu = 00:00:24 ; elapsed = 00:00:18 . Memory (MB): peak = 4317.875 ; gain = 0.000
Phase 1 Placer Initialization | Checksum: 16fe4c6c8

Time (s): cpu = 00:00:24 ; elapsed = 00:00:18 . Memory (MB): peak = 4317.875 ; gain = 0.000

Phase 2 Global Placement

Phase 2.1 Floorplanning
Phase 2.1 Floorplanning | Checksum: 15e571702

Time (s): cpu = 00:00:29 ; elapsed = 00:00:22 . Memory (MB): peak = 4317.875 ; gain = 0.000

Phase 2.2 Update Timing before SLR Path Opt
Phase 2.2 Update Timing before SLR Path Opt | Checksum: 1618db7f9

Time (s): cpu = 00:00:34 ; elapsed = 00:00:25 . Memory (MB): peak = 4317.875 ; gain = 0.000

Phase 2.3 Post-Processing in Floorplanning
Phase 2.3 Post-Processing in Floorplanning | Checksum: 1618db7f9

Time (s): cpu = 00:00:34 ; elapsed = 00:00:25 . Memory (MB): peak = 4317.875 ; gain = 0.000

Phase 2.4 Global Placement Core

Phase 2.4.1 UpdateTiming Before Physical Synthesis
Phase 2.4.1 UpdateTiming Before Physical Synthesis | Checksum: b0687ea3

Time (s): cpu = 00:01:31 ; elapsed = 00:01:02 . Memory (MB): peak = 4317.875 ; gain = 0.000

Phase 2.4.2 Physical Synthesis In Placer
INFO: [Physopt 32-1035] Found 0 LUTNM shape to break, 1866 LUT instances to create LUTNM shape
INFO: [Physopt 32-1044] Break lutnm for timing: one critical 0, two critical 0, total 0, new lutff created 0
INFO: [Physopt 32-1138] End 1 Pass. Optimized 833 nets or LUTs. Breaked 0 LUT, combined 833 existing LUTs and moved 0 existing LUT
INFO: [Physopt 32-65] No nets found for high-fanout optimization.
INFO: [Physopt 32-232] Optimized 0 net. Created 0 new instance.
INFO: [Physopt 32-775] End 1 Pass. Optimized 0 net or cell. Created 0 new cell, deleted 0 existing cell and moved 0 existing cell
INFO: [Physopt 32-670] No setup violation found.  DSP Register Optimization was not performed.
INFO: [Physopt 32-670] No setup violation found.  Shift Register to Pipeline Optimization was not performed.
INFO: [Physopt 32-670] No setup violation found.  Shift Register Optimization was not performed.
INFO: [Physopt 32-670] No setup violation found.  BRAM Register Optimization was not performed.
INFO: [Physopt 32-670] No setup violation found.  URAM Register Optimization was not performed.
INFO: [Physopt 32-949] No candidate nets found for dynamic/static region interface net replication
INFO: [Physopt 32-775] End 1 Pass. Optimized 0 net or cell. Created 0 new cell, deleted 0 existing cell and moved 0 existing cell
Netlist sorting complete. Time (s): cpu = 00:00:00 ; elapsed = 00:00:00.023 . Memory (MB): peak = 4317.875 ; gain = 0.000

Summary of Physical Synthesis Optimizations
============================================


-----------------------------------------------------------------------------------------------------------------------------------------------------------
|  Optimization                                     |  Added Cells  |  Removed Cells  |  Optimized Cells/Nets  |  Dont Touch  |  Iterations  |  Elapsed   |
-----------------------------------------------------------------------------------------------------------------------------------------------------------
|  LUT Combining                                    |            0  |            833  |                   833  |           0  |           1  |  00:00:01  |
|  Retime                                           |            0  |              0  |                     0  |           0  |           1  |  00:00:00  |
|  Very High Fanout                                 |            0  |              0  |                     0  |           0  |           1  |  00:00:00  |
|  DSP Register                                     |            0  |              0  |                     0  |           0  |           0  |  00:00:00  |
|  Shift Register to Pipeline                       |            0  |              0  |                     0  |           0  |           0  |  00:00:00  |
|  Shift Register                                   |            0  |              0  |                     0  |           0  |           0  |  00:00:00  |
|  BRAM Register                                    |            0  |              0  |                     0  |           0  |           0  |  00:00:00  |
|  URAM Register                                    |            0  |              0  |                     0  |           0  |           0  |  00:00:00  |
|  Dynamic/Static Region Interface Net Replication  |            0  |              0  |                     0  |           0  |           1  |  00:00:00  |
|  Total                                            |            0  |            833  |                   833  |           0  |           4  |  00:00:01  |
-----------------------------------------------------------------------------------------------------------------------------------------------------------


Phase 2.4.2 Physical Synthesis In Placer | Checksum: bdee624a

Time (s): cpu = 00:01:38 ; elapsed = 00:01:07 . Memory (MB): peak = 4317.875 ; gain = 0.000
Phase 2.4 Global Placement Core | Checksum: 16d68944e

Time (s): cpu = 00:01:41 ; elapsed = 00:01:09 . Memory (MB): peak = 4317.875 ; gain = 0.000
Phase 2 Global Placement | Checksum: 16d68944e

Time (s): cpu = 00:01:41 ; elapsed = 00:01:09 . Memory (MB): peak = 4317.875 ; gain = 0.000

Phase 3 Detail Placement

Phase 3.1 Commit Multi Column Macros
Phase 3.1 Commit Multi Column Macros | Checksum: 16faaa507

Time (s): cpu = 00:01:46 ; elapsed = 00:01:13 . Memory (MB): peak = 4317.875 ; gain = 0.000

Phase 3.2 Commit Most Macros & LUTRAMs
Phase 3.2 Commit Most Macros & LUTRAMs | Checksum: fbad3977

Time (s): cpu = 00:01:57 ; elapsed = 00:01:20 . Memory (MB): peak = 4317.875 ; gain = 0.000

Phase 3.3 Area Swap Optimization
Phase 3.3 Area Swap Optimization | Checksum: f462bd2d

Time (s): cpu = 00:01:58 ; elapsed = 00:01:21 . Memory (MB): peak = 4317.875 ; gain = 0.000

Phase 3.4 Pipeline Register Optimization
Phase 3.4 Pipeline Register Optimization | Checksum: 1419f45cb

Time (s): cpu = 00:01:58 ; elapsed = 00:01:21 . Memory (MB): peak = 4317.875 ; gain = 0.000

Phase 3.5 Small Shape Detail Placement
Phase 3.5 Small Shape Detail Placement | Checksum: 16f686b83

Time (s): cpu = 00:02:23 ; elapsed = 00:01:50 . Memory (MB): peak = 4317.875 ; gain = 0.000

Phase 3.6 Re-assign LUT pins
Phase 3.6 Re-assign LUT pins | Checksum: 1833ccea5

Time (s): cpu = 00:02:25 ; elapsed = 00:01:52 . Memory (MB): peak = 4317.875 ; gain = 0.000

Phase 3.7 Pipeline Register Optimization
Phase 3.7 Pipeline Register Optimization | Checksum: 207692a46

Time (s): cpu = 00:02:25 ; elapsed = 00:01:53 . Memory (MB): peak = 4317.875 ; gain = 0.000
Phase 3 Detail Placement | Checksum: 207692a46

Time (s): cpu = 00:02:26 ; elapsed = 00:01:53 . Memory (MB): peak = 4317.875 ; gain = 0.000

Phase 4 Post Placement Optimization and Clean-Up

Phase 4.1 Post Commit Optimization
INFO: [Timing 38-35] Done setting XDC timing constraints.

Phase 4.1.1 Post Placement Optimization
Post Placement Optimization Initialization | Checksum: 21e11d506

Phase 4.1.1.1 BUFG Insertion

Starting Physical Synthesis Task

Phase 1 Physical Synthesis Initialization
INFO: [Physopt 32-721] Multithreading enabled for phys_opt_design using a maximum of 2 CPUs
INFO: [Physopt 32-619] Estimated Timing Summary | WNS=0.313 | TNS=0.000 |
Phase 1 Physical Synthesis Initialization | Checksum: 1762540c1

Time (s): cpu = 00:00:05 ; elapsed = 00:00:03 . Memory (MB): peak = 4317.875 ; gain = 0.000
INFO: [Place 46-33] Processed net realtime_dma_bd_i/subband_realtime_0/inst/grp_p_anonymous_namespace_RunRealtimeBandQ610_fu_297/grp_p_anonymous_namespace_RunRealtimeGSULayersSharedBandQ610_fu_202/ap_CS_fsm_state5, BUFG insertion was skipped due to placement/routing conflicts.
INFO: [Place 46-33] Processed net realtime_dma_bd_i/subband_realtime_0/inst/grp_p_anonymous_namespace_RunRealtimeBandQ610_fu_297/grp_p_anonymous_namespace_RunRealtimeGSULayersSharedBandQ610_fu_202/ap_CS_fsm_state11, BUFG insertion was skipped due to placement/routing conflicts.
INFO: [Place 46-33] Processed net realtime_dma_bd_i/subband_realtime_0/inst/grp_p_anonymous_namespace_RunRealtimeBandQ610_fu_297/grp_p_anonymous_namespace_RunRealtimeProjectionBandQ610_fu_305/projection_input_100_fu_5720, BUFG insertion was skipped due to placement/routing conflicts.
INFO: [Place 46-33] Processed net realtime_dma_bd_i/subband_realtime_0/inst/grp_p_anonymous_namespace_RunRealtimeBandQ610_fu_297/grp_p_anonymous_namespace_RunRealtimeGSULayersSharedBandQ610_fu_202/grp_p_anonymous_namespace_RunRealtimeGSUCellSharedQ610_fu_2044/grp_p_anonymous_namespace_RunRealtimeGSUCellFixedQ610_224_2_32_32_true_s_fu_1938/grp_p_anonymous_namespace_RunGSUGatePhaseBand0Q610_2_true_s_fu_4921/grp_p_anonymous_namespace_RunGSUGatePhaseBand0Q610_Pipeline_VITIS_LOOP_1887_1_fu_1954/mul_16s_16s_32_3_1_U3186/ap_block_pp0_stage0_subdone, BUFG insertion was skipped due to placement/routing conflicts.
INFO: [Place 46-33] Processed net realtime_dma_bd_i/subband_realtime_0/inst/grp_p_anonymous_namespace_RunRealtimeBandQ610_fu_297/grp_p_anonymous_namespace_RunRealtimeGSULayersSharedBandQ610_fu_202/grp_p_anonymous_namespace_RunRealtimeGSUCellSharedQ610_fu_2044/grp_p_anonymous_namespace_RunRealtimeGSUCellFixedQ610_224_2_32_32_true_s_fu_1938/grp_p_anonymous_namespace_RunRealtimeGSUMacPhaseFixedQ610_224_2_32_32_s_fu_4236/ap_CS_fsm_state4, BUFG insertion was skipped due to placement/routing conflicts.
INFO: [Place 46-56] BUFG insertion identified 5 candidate nets. Inserted BUFG: 0, Replicated BUFG Driver: 0, Skipped due to Placement/Routing Conflicts: 5, Skipped due to Timing Degradation: 0, Skipped due to netlist editing failed: 0.
Ending Physical Synthesis Task | Checksum: 1762540c1

Time (s): cpu = 00:00:07 ; elapsed = 00:00:05 . Memory (MB): peak = 4317.875 ; gain = 0.000
Phase 4.1.1.1 BUFG Insertion | Checksum: 21e11d506

Time (s): cpu = 00:02:53 ; elapsed = 00:02:12 . Memory (MB): peak = 4317.875 ; gain = 0.000

Phase 4.1.1.2 Post Placement Timing Optimization
INFO: [Place 30-746] Post Placement Timing Summary WNS=0.630. For the most accurate timing information please run report_timing.
Phase 4.1.1.2 Post Placement Timing Optimization | Checksum: 1826fa61f

Time (s): cpu = 00:02:54 ; elapsed = 00:02:14 . Memory (MB): peak = 4317.875 ; gain = 0.000

Time (s): cpu = 00:02:54 ; elapsed = 00:02:14 . Memory (MB): peak = 4317.875 ; gain = 0.000
Phase 4.1 Post Commit Optimization | Checksum: 1826fa61f

Time (s): cpu = 00:02:55 ; elapsed = 00:02:14 . Memory (MB): peak = 4317.875 ; gain = 0.000

Phase 4.2 Post Placement Cleanup
Phase 4.2 Post Placement Cleanup | Checksum: 1826fa61f

Time (s): cpu = 00:02:56 ; elapsed = 00:02:15 . Memory (MB): peak = 4317.875 ; gain = 0.000

Phase 4.3 Placer Reporting

Phase 4.3.1 Print Estimated Congestion
INFO: [Place 30-612] Post-Placement Estimated Congestion 
 ____________________________________________________
|           | Global Congestion | Short Congestion  |
| Direction | Region Size       | Region Size       |
|___________|___________________|___________________|
|      North|                4x4|                8x8|
|___________|___________________|___________________|
|      South|                4x4|                8x8|
|___________|___________________|___________________|
|       East|                2x2|                4x4|
|___________|___________________|___________________|
|       West|                4x4|                4x4|
|___________|___________________|___________________|

Phase 4.3.1 Print Estimated Congestion | Checksum: 1826fa61f

Time (s): cpu = 00:02:56 ; elapsed = 00:02:15 . Memory (MB): peak = 4317.875 ; gain = 0.000
Phase 4.3 Placer Reporting | Checksum: 1826fa61f

Time (s): cpu = 00:02:56 ; elapsed = 00:02:16 . Memory (MB): peak = 4317.875 ; gain = 0.000

Phase 4.4 Final Placement Cleanup
Netlist sorting complete. Time (s): cpu = 00:00:01 ; elapsed = 00:00:00.108 . Memory (MB): peak = 4317.875 ; gain = 0.000

Time (s): cpu = 00:02:57 ; elapsed = 00:02:16 . Memory (MB): peak = 4317.875 ; gain = 0.000
Phase 4 Post Placement Optimization and Clean-Up | Checksum: 17f14bea6

Time (s): cpu = 00:02:57 ; elapsed = 00:02:16 . Memory (MB): peak = 4317.875 ; gain = 0.000
Ending Placer Task | Checksum: 16a79c76b

Time (s): cpu = 00:02:58 ; elapsed = 00:02:17 . Memory (MB): peak = 4317.875 ; gain = 0.000
34 Infos, 0 Warnings, 0 Critical Warnings and 0 Errors encountered.
place_design completed successfully
place_design: Time (s): cpu = 00:03:02 ; elapsed = 00:02:19 . Memory (MB): peak = 4317.875 ; gain = 0.000
# route_design
Command: route_design
Attempting to get a license for feature 'Implementation' and/or device 'xc7z020'
INFO: [Common 17-349] Got license for feature 'Implementation' and/or device 'xc7z020'
Running DRC as a precondition to command route_design
INFO: [DRC 23-27] Running DRC with 2 threads
INFO: [Vivado_Tcl 4-198] DRC finished with 0 Errors
INFO: [Vivado_Tcl 4-199] Please refer to the DRC report (report_drc) for more information.


Starting Routing Task
INFO: [Route 35-254] Multithreading enabled for route_design using a maximum of 8 CPUs

Phase 1 Build RT Design
Checksum: PlaceDB: d53dcf9f ConstDB: 0 ShapeSum: 953bf7cc RouteDB: 0
Post Restoration Checksum: NetGraph: 9b392391 | NumContArr: dbc472fe | Constraints: c2a8fa9d | Timing: c2a8fa9d
Phase 1 Build RT Design | Checksum: 2fc4f8bc9

Time (s): cpu = 00:00:36 ; elapsed = 00:00:23 . Memory (MB): peak = 4317.875 ; gain = 0.000

Phase 2 Router Initialization

Phase 2.1 Fix Topology Constraints
Phase 2.1 Fix Topology Constraints | Checksum: 2fc4f8bc9

Time (s): cpu = 00:00:37 ; elapsed = 00:00:23 . Memory (MB): peak = 4317.875 ; gain = 0.000

Phase 2.2 Pre Route Cleanup
Phase 2.2 Pre Route Cleanup | Checksum: 2fc4f8bc9

Time (s): cpu = 00:00:38 ; elapsed = 00:00:23 . Memory (MB): peak = 4317.875 ; gain = 0.000
 Number of Nodes with overlaps = 0

Phase 2.3 Update Timing
Phase 2.3 Update Timing | Checksum: 131577cab

Time (s): cpu = 00:01:05 ; elapsed = 00:00:40 . Memory (MB): peak = 4317.875 ; gain = 0.000
INFO: [Route 35-416] Intermediate Timing Summary | WNS=0.754  | TNS=0.000  | WHS=-0.345 | THS=-1033.875|


Router Utilization Summary
  Global Vertical Routing Utilization    = 0 %
  Global Horizontal Routing Utilization  = 0 %
  Routable Net Status*
  *Does not include unroutable nets such as driverless and loadless.
  Run report_route_status for detailed report.
  Number of Failed Nets               = 79180
    (Failed Nets is the sum of unrouted and partially routed nets)
  Number of Unrouted Nets             = 79180
  Number of Partially Routed Nets     = 0
  Number of Node Overlaps             = 0

Phase 2 Router Initialization | Checksum: 1d5ad1570

Time (s): cpu = 00:01:19 ; elapsed = 00:00:49 . Memory (MB): peak = 4317.875 ; gain = 0.000

Phase 3 Initial Routing

Phase 3.1 Global Routing
Phase 3.1 Global Routing | Checksum: 1d5ad1570

Time (s): cpu = 00:01:19 ; elapsed = 00:00:49 . Memory (MB): peak = 4317.875 ; gain = 0.000

Phase 3.2 Initial Net Routing
Phase 3.2 Initial Net Routing | Checksum: 26435ee56

Time (s): cpu = 00:02:18 ; elapsed = 00:01:06 . Memory (MB): peak = 4317.875 ; gain = 0.000
Phase 3 Initial Routing | Checksum: 26435ee56

Time (s): cpu = 00:02:18 ; elapsed = 00:01:06 . Memory (MB): peak = 4317.875 ; gain = 0.000

Phase 4 Rip-up And Reroute

Phase 4.1 Global Iteration 0
 Number of Nodes with overlaps = 14185
 Number of Nodes with overlaps = 2660
 Number of Nodes with overlaps = 998
 Number of Nodes with overlaps = 311
 Number of Nodes with overlaps = 116
 Number of Nodes with overlaps = 33
 Number of Nodes with overlaps = 10
 Number of Nodes with overlaps = 1
 Number of Nodes with overlaps = 0
INFO: [Route 35-416] Intermediate Timing Summary | WNS=0.156  | TNS=0.000  | WHS=N/A    | THS=N/A    |

Phase 4.1 Global Iteration 0 | Checksum: 23cc9474d

Time (s): cpu = 00:04:45 ; elapsed = 00:02:27 . Memory (MB): peak = 4317.875 ; gain = 0.000

Phase 4.2 Global Iteration 1
 Number of Nodes with overlaps = 5
 Number of Nodes with overlaps = 57
 Number of Nodes with overlaps = 20
 Number of Nodes with overlaps = 16
 Number of Nodes with overlaps = 6
 Number of Nodes with overlaps = 1
 Number of Nodes with overlaps = 0
INFO: [Route 35-416] Intermediate Timing Summary | WNS=0.181  | TNS=0.000  | WHS=N/A    | THS=N/A    |

Phase 4.2 Global Iteration 1 | Checksum: 1997797cc

Time (s): cpu = 00:05:01 ; elapsed = 00:02:37 . Memory (MB): peak = 4317.875 ; gain = 0.000

Phase 4.3 Global Iteration 2
 Number of Nodes with overlaps = 0
INFO: [Route 35-416] Intermediate Timing Summary | WNS=0.181  | TNS=0.000  | WHS=N/A    | THS=N/A    |

Phase 4.3 Global Iteration 2 | Checksum: 2c609eafa

Time (s): cpu = 00:05:03 ; elapsed = 00:02:38 . Memory (MB): peak = 4317.875 ; gain = 0.000
Phase 4 Rip-up And Reroute | Checksum: 2c609eafa

Time (s): cpu = 00:05:03 ; elapsed = 00:02:38 . Memory (MB): peak = 4317.875 ; gain = 0.000

Phase 5 Delay and Skew Optimization

Phase 5.1 Delay CleanUp
Phase 5.1 Delay CleanUp | Checksum: 2c609eafa

Time (s): cpu = 00:05:03 ; elapsed = 00:02:38 . Memory (MB): peak = 4317.875 ; gain = 0.000

Phase 5.2 Clock Skew Optimization
Phase 5.2 Clock Skew Optimization | Checksum: 2c609eafa

Time (s): cpu = 00:05:03 ; elapsed = 00:02:38 . Memory (MB): peak = 4317.875 ; gain = 0.000
Phase 5 Delay and Skew Optimization | Checksum: 2c609eafa

Time (s): cpu = 00:05:04 ; elapsed = 00:02:38 . Memory (MB): peak = 4317.875 ; gain = 0.000

Phase 6 Post Hold Fix

Phase 6.1 Hold Fix Iter

Phase 6.1.1 Update Timing
Phase 6.1.1 Update Timing | Checksum: 2411109b6

Time (s): cpu = 00:05:10 ; elapsed = 00:02:43 . Memory (MB): peak = 4317.875 ; gain = 0.000
INFO: [Route 35-416] Intermediate Timing Summary | WNS=0.195  | TNS=0.000  | WHS=0.010  | THS=0.000  |

Phase 6.1 Hold Fix Iter | Checksum: 24cecb552

Time (s): cpu = 00:05:11 ; elapsed = 00:02:43 . Memory (MB): peak = 4317.875 ; gain = 0.000
Phase 6 Post Hold Fix | Checksum: 24cecb552

Time (s): cpu = 00:05:11 ; elapsed = 00:02:43 . Memory (MB): peak = 4317.875 ; gain = 0.000

Phase 7 Route finalize

Router Utilization Summary
  Global Vertical Routing Utilization    = 39.3089 %
  Global Horizontal Routing Utilization  = 43.9691 %
  Routable Net Status*
  *Does not include unroutable nets such as driverless and loadless.
  Run report_route_status for detailed report.
  Number of Failed Nets               = 0
    (Failed Nets is the sum of unrouted and partially routed nets)
  Number of Unrouted Nets             = 0
  Number of Partially Routed Nets     = 0
  Number of Node Overlaps             = 0

Phase 7 Route finalize | Checksum: 24cecb552

Time (s): cpu = 00:05:12 ; elapsed = 00:02:43 . Memory (MB): peak = 4317.875 ; gain = 0.000

Phase 8 Verifying routed nets

 Verification completed successfully
Phase 8 Verifying routed nets | Checksum: 24cecb552

Time (s): cpu = 00:05:12 ; elapsed = 00:02:43 . Memory (MB): peak = 4317.875 ; gain = 0.000

Phase 9 Depositing Routes
Phase 9 Depositing Routes | Checksum: 2b603438a

Time (s): cpu = 00:05:18 ; elapsed = 00:02:46 . Memory (MB): peak = 4317.875 ; gain = 0.000

Phase 10 Post Router Timing
INFO: [Route 35-57] Estimated Timing Summary | WNS=0.195  | TNS=0.000  | WHS=0.010  | THS=0.000  |

INFO: [Route 35-327] The final timing numbers are based on the router estimated timing analysis. For a complete and accurate timing signoff, please run report_timing_summary.
Phase 10 Post Router Timing | Checksum: 2b603438a

Time (s): cpu = 00:05:24 ; elapsed = 00:02:50 . Memory (MB): peak = 4317.875 ; gain = 0.000
INFO: [Route 35-16] Router Completed Successfully

Phase 11 Post-Route Event Processing
Phase 11 Post-Route Event Processing | Checksum: 10f37c30d

Time (s): cpu = 00:05:27 ; elapsed = 00:02:52 . Memory (MB): peak = 4317.875 ; gain = 0.000
Ending Routing Task | Checksum: 10f37c30d

Time (s): cpu = 00:05:28 ; elapsed = 00:02:54 . Memory (MB): peak = 4317.875 ; gain = 0.000

Routing Is Done.
INFO: [Common 17-83] Releasing license: Implementation
14 Infos, 0 Warnings, 0 Critical Warnings and 0 Errors encountered.
route_design completed successfully
route_design: Time (s): cpu = 00:05:34 ; elapsed = 00:02:58 . Memory (MB): peak = 4317.875 ; gain = 0.000
# write_checkpoint -force [file join $proj_dir realtime_dma_zybo_z7_20_routed.dcp]
INFO: [Timing 38-480] Writing timing data to binary archive.
Write ShapeDB Complete: Time (s): cpu = 00:00:02 ; elapsed = 00:00:00.575 . Memory (MB): peak = 4317.875 ; gain = 0.000
Wrote PlaceDB: Time (s): cpu = 00:00:14 ; elapsed = 00:00:05 . Memory (MB): peak = 4317.875 ; gain = 0.000
Wrote PulsedLatchDB: Time (s): cpu = 00:00:00 ; elapsed = 00:00:00 . Memory (MB): peak = 4317.875 ; gain = 0.000
Writing XDEF routing.
Writing XDEF routing logical nets.
Writing XDEF routing special nets.
Wrote RouteStorage: Time (s): cpu = 00:00:02 ; elapsed = 00:00:01 . Memory (MB): peak = 4317.875 ; gain = 0.000
Wrote Netlist Cache: Time (s): cpu = 00:00:00 ; elapsed = 00:00:00.177 . Memory (MB): peak = 4317.875 ; gain = 0.000
Wrote Device Cache: Time (s): cpu = 00:00:00 ; elapsed = 00:00:00.010 . Memory (MB): peak = 4317.875 ; gain = 0.000
Write Physdb Complete: Time (s): cpu = 00:00:16 ; elapsed = 00:00:06 . Memory (MB): peak = 4317.875 ; gain = 0.000
report_design_analysis: Time (s): cpu = 00:00:08 ; elapsed = 00:00:08 . Memory (MB): peak = 4317.875 ; gain = 0.000
INFO: [Common 17-1381] The checkpoint 'H:/vivado_realtime_dma_zybo_z7_20/realtime_dma_zybo_z7_20_routed.dcp' has been generated.
write_checkpoint: Time (s): cpu = 00:00:43 ; elapsed = 00:00:36 . Memory (MB): peak = 4317.875 ; gain = 0.000
# report_timing_summary -file [file join $reports_dir post_route_timing_summary.rpt]
INFO: [Timing 38-91] UpdateTimingParams: Speed grade: -1, Delay Type: min_max.
INFO: [Timing 38-191] Multithreading enabled for timing update using a maximum of 2 CPUs
report_timing_summary: Time (s): cpu = 00:00:23 ; elapsed = 00:00:13 . Memory (MB): peak = 4317.875 ; gain = 0.000
# report_utilization -file [file join $reports_dir post_route_util.rpt]
# report_power -file [file join $reports_dir post_route_power.rpt]
Command: report_power -file H:/vivado_realtime_dma_zybo_z7_20/reports/post_route_power.rpt
Running Vector-less Activity Propagation...

Finished Running Vector-less Activity Propagation
WARNING: [Power 33-332] Found switching activity that implies high-fanout reset nets being asserted for excessive periods of time which may result in inaccurate power analysis.
Resolution: To review and fix problems, please run Power Constraints Advisor in the GUI from Tools > Power Constraints Advisor or run report_power with the -advisory option to generate a text report.
0 Infos, 1 Warnings, 0 Critical Warnings and 0 Errors encountered.
report_power completed successfully
report_power: Time (s): cpu = 00:00:16 ; elapsed = 00:00:11 . Memory (MB): peak = 4317.875 ; gain = 0.000
# report_drc -file [file join $reports_dir drc.rpt]
Command: report_drc -file H:/vivado_realtime_dma_zybo_z7_20/reports/drc.rpt
INFO: [IP_Flow 19-1839] IP Catalog is up to date.
INFO: [DRC 23-27] Running DRC with 2 threads
INFO: [Vivado_Tcl 2-168] The results of DRC are in file H:/vivado_realtime_dma_zybo_z7_20/reports/drc.rpt.
report_drc completed successfully
report_drc: Time (s): cpu = 00:00:10 ; elapsed = 00:00:05 . Memory (MB): peak = 4332.848 ; gain = 14.973
# set bit_path [file join $proj_dir realtime_dma_zybo_z7_20.bit]
# set xsa_path [file join $proj_dir realtime_dma_zybo_z7_20.xsa]
# write_bitstream -force $bit_path
Command: write_bitstream -force H:/vivado_realtime_dma_zybo_z7_20/realtime_dma_zybo_z7_20.bit
Attempting to get a license for feature 'Implementation' and/or device 'xc7z020'
INFO: [Common 17-349] Got license for feature 'Implementation' and/or device 'xc7z020'
Running DRC as a precondition to command write_bitstream
INFO: [IP_Flow 19-1839] IP Catalog is up to date.
INFO: [DRC 23-27] Running DRC with 2 threads
WARNING: [DRC DPIP-1] Input pipelining: DSP realtime_dma_bd_i/subband_realtime_0/inst/grp_p_anonymous_namespace_RunRealtimeBandQ610_fu_297/grp_p_anonymous_namespace_RunRealtimeGSULayersSharedBandQ610_fu_202/grp_p_anonymous_namespace_BuildRealtimeBandInputQ610_fu_3099/mac_muladd_7ns_3ns_8ns_10_4_1_U4423/SubbandRealtimeTopQ610Ip_mac_muladd_7ns_3ns_8ns_10_4_1_DSP48_1_U/p_reg_reg input realtime_dma_bd_i/subband_realtime_0/inst/grp_p_anonymous_namespace_RunRealtimeBandQ610_fu_297/grp_p_anonymous_namespace_RunRealtimeGSULayersSharedBandQ610_fu_202/grp_p_anonymous_namespace_BuildRealtimeBandInputQ610_fu_3099/mac_muladd_7ns_3ns_8ns_10_4_1_U4423/SubbandRealtimeTopQ610Ip_mac_muladd_7ns_3ns_8ns_10_4_1_DSP48_1_U/p_reg_reg/C[47:0] is not pipelined. Pipelining DSP48 input will improve performance.
WARNING: [DRC DPIP-1] Input pipelining: DSP realtime_dma_bd_i/subband_realtime_0/inst/grp_p_anonymous_namespace_RunRealtimeBandQ610_fu_297/grp_p_anonymous_namespace_RunRealtimeProjectionBandQ610_fu_305/ama_addmuladd_12ns_3ns_7ns_12ns_12_4_1_U5489/SubbandRealtimeTopQ610Ip_ama_addmuladd_12ns_3ns_7ns_12ns_12_4_1_DSP48_2_U/p_reg_reg input realtime_dma_bd_i/subband_realtime_0/inst/grp_p_anonymous_namespace_RunRealtimeBandQ610_fu_297/grp_p_anonymous_namespace_RunRealtimeProjectionBandQ610_fu_305/ama_addmuladd_12ns_3ns_7ns_12ns_12_4_1_U5489/SubbandRealtimeTopQ610Ip_ama_addmuladd_12ns_3ns_7ns_12ns_12_4_1_DSP48_2_U/p_reg_reg/A[29:0] is not pipelined. Pipelining DSP48 input will improve performance.
WARNING: [DRC DPOP-2] MREG Output pipelining: DSP realtime_dma_bd_i/subband_realtime_0/inst/grp_p_anonymous_namespace_RunRealtimeBandQ610_fu_297/grp_p_anonymous_namespace_RunRealtimeGSULayersSharedBandQ610_fu_202/grp_p_anonymous_namespace_RunRealtimeGSUCellSharedQ610_fu_2044/grp_p_anonymous_namespace_RunRealtimeGSUCellFixedQ610_224_2_32_32_true_s_fu_1938/grp_p_anonymous_namespace_RunGSUGatePhaseBand0Q610_2_true_s_fu_4921/grp_p_anonymous_namespace_RunGSUGatePhaseBand0Q610_Pipeline_VITIS_LOOP_1887_1_fu_1954/mul_16s_16s_32_3_1_U3184/buff0_reg multiplier stage realtime_dma_bd_i/subband_realtime_0/inst/grp_p_anonymous_namespace_RunRealtimeBandQ610_fu_297/grp_p_anonymous_namespace_RunRealtimeGSULayersSharedBandQ610_fu_202/grp_p_anonymous_namespace_RunRealtimeGSUCellSharedQ610_fu_2044/grp_p_anonymous_namespace_RunRealtimeGSUCellFixedQ610_224_2_32_32_true_s_fu_1938/grp_p_anonymous_namespace_RunGSUGatePhaseBand0Q610_2_true_s_fu_4921/grp_p_anonymous_namespace_RunGSUGatePhaseBand0Q610_Pipeline_VITIS_LOOP_1887_1_fu_1954/mul_16s_16s_32_3_1_U3184/buff0_reg/P[47:0] is not pipelined (MREG=0). Pipelining the multiplier function will improve performance and will save significant power so it is suggested whenever possible to fully pipeline this function.  If this multiplier was inferred, it is suggested to describe an additional register stage after this function.  If there is no registered adder/accumulator following the multiply function, two pipeline stages are suggested to allow both the MREG and PREG registers to be used.  If the DSP48 was instantiated in the design, it is suggested to set both the MREG and PREG attributes to 1 when performing multiply functions.
WARNING: [DRC DPOP-2] MREG Output pipelining: DSP realtime_dma_bd_i/subband_realtime_0/inst/grp_p_anonymous_namespace_RunRealtimeBandQ610_fu_297/grp_p_anonymous_namespace_RunRealtimeGSULayersSharedBandQ610_fu_202/grp_p_anonymous_namespace_RunRealtimeGSUCellSharedQ610_fu_2044/grp_p_anonymous_namespace_RunRealtimeGSUCellFixedQ610_224_2_32_32_true_s_fu_1938/grp_p_anonymous_namespace_RunGSUGatePhaseBand0Q610_2_true_s_fu_4921/grp_p_anonymous_namespace_RunGSUGatePhaseBand0Q610_Pipeline_VITIS_LOOP_1887_1_fu_1954/mul_16s_16s_32_3_1_U3185/buff0_reg multiplier stage realtime_dma_bd_i/subband_realtime_0/inst/grp_p_anonymous_namespace_RunRealtimeBandQ610_fu_297/grp_p_anonymous_namespace_RunRealtimeGSULayersSharedBandQ610_fu_202/grp_p_anonymous_namespace_RunRealtimeGSUCellSharedQ610_fu_2044/grp_p_anonymous_namespace_RunRealtimeGSUCellFixedQ610_224_2_32_32_true_s_fu_1938/grp_p_anonymous_namespace_RunGSUGatePhaseBand0Q610_2_true_s_fu_4921/grp_p_anonymous_namespace_RunGSUGatePhaseBand0Q610_Pipeline_VITIS_LOOP_1887_1_fu_1954/mul_16s_16s_32_3_1_U3185/buff0_reg/P[47:0] is not pipelined (MREG=0). Pipelining the multiplier function will improve performance and will save significant power so it is suggested whenever possible to fully pipeline this function.  If this multiplier was inferred, it is suggested to describe an additional register stage after this function.  If there is no registered adder/accumulator following the multiply function, two pipeline stages are suggested to allow both the MREG and PREG registers to be used.  If the DSP48 was instantiated in the design, it is suggested to set both the MREG and PREG attributes to 1 when performing multiply functions.
WARNING: [DRC DPOP-2] MREG Output pipelining: DSP realtime_dma_bd_i/subband_realtime_0/inst/grp_p_anonymous_namespace_RunRealtimeBandQ610_fu_297/grp_p_anonymous_namespace_RunRealtimeGSULayersSharedBandQ610_fu_202/grp_p_anonymous_namespace_RunRealtimeGSUCellSharedQ610_fu_2044/grp_p_anonymous_namespace_RunRealtimeGSUCellFixedQ610_224_2_32_32_true_s_fu_1938/grp_p_anonymous_namespace_RunGSUGatePhaseBand0Q610_2_true_s_fu_4921/grp_p_anonymous_namespace_RunGSUGatePhaseBand0Q610_Pipeline_VITIS_LOOP_1887_1_fu_1954/mul_16s_16s_32_3_1_U3186/buff0_reg multiplier stage realtime_dma_bd_i/subband_realtime_0/inst/grp_p_anonymous_namespace_RunRealtimeBandQ610_fu_297/grp_p_anonymous_namespace_RunRealtimeGSULayersSharedBandQ610_fu_202/grp_p_anonymous_namespace_RunRealtimeGSUCellSharedQ610_fu_2044/grp_p_anonymous_namespace_RunRealtimeGSUCellFixedQ610_224_2_32_32_true_s_fu_1938/grp_p_anonymous_namespace_RunGSUGatePhaseBand0Q610_2_true_s_fu_4921/grp_p_anonymous_namespace_RunGSUGatePhaseBand0Q610_Pipeline_VITIS_LOOP_1887_1_fu_1954/mul_16s_16s_32_3_1_U3186/buff0_reg/P[47:0] is not pipelined (MREG=0). Pipelining the multiplier function will improve performance and will save significant power so it is suggested whenever possible to fully pipeline this function.  If this multiplier was inferred, it is suggested to describe an additional register stage after this function.  If there is no registered adder/accumulator following the multiply function, two pipeline stages are suggested to allow both the MREG and PREG registers to be used.  If the DSP48 was instantiated in the design, it is suggested to set both the MREG and PREG attributes to 1 when performing multiply functions.
WARNING: [DRC DPOP-2] MREG Output pipelining: DSP realtime_dma_bd_i/subband_realtime_0/inst/grp_p_anonymous_namespace_RunRealtimeBandQ610_fu_297/grp_p_anonymous_namespace_RunRealtimeGSULayersSharedBandQ610_fu_202/grp_p_anonymous_namespace_RunRealtimeGSUCellSharedQ610_fu_2044/grp_p_anonymous_namespace_RunRealtimeGSUCellFixedQ610_224_2_32_32_true_s_fu_1938/grp_p_anonymous_namespace_RunGSUGatePhaseBand0Q610_2_true_s_fu_4921/grp_p_anonymous_namespace_RunGSUGatePhaseBand0Q610_Pipeline_VITIS_LOOP_1887_1_fu_1954/mul_16s_16s_32_3_1_U3187/buff0_reg multiplier stage realtime_dma_bd_i/subband_realtime_0/inst/grp_p_anonymous_namespace_RunRealtimeBandQ610_fu_297/grp_p_anonymous_namespace_RunRealtimeGSULayersSharedBandQ610_fu_202/grp_p_anonymous_namespace_RunRealtimeGSUCellSharedQ610_fu_2044/grp_p_anonymous_namespace_RunRealtimeGSUCellFixedQ610_224_2_32_32_true_s_fu_1938/grp_p_anonymous_namespace_RunGSUGatePhaseBand0Q610_2_true_s_fu_4921/grp_p_anonymous_namespace_RunGSUGatePhaseBand0Q610_Pipeline_VITIS_LOOP_1887_1_fu_1954/mul_16s_16s_32_3_1_U3187/buff0_reg/P[47:0] is not pipelined (MREG=0). Pipelining the multiplier function will improve performance and will save significant power so it is suggested whenever possible to fully pipeline this function.  If this multiplier was inferred, it is suggested to describe an additional register stage after this function.  If there is no registered adder/accumulator following the multiply function, two pipeline stages are suggested to allow both the MREG and PREG registers to be used.  If the DSP48 was instantiated in the design, it is suggested to set both the MREG and PREG attributes to 1 when performing multiply functions.
WARNING: [DRC DPOP-2] MREG Output pipelining: DSP realtime_dma_bd_i/subband_realtime_0/inst/grp_p_anonymous_namespace_RunRealtimeBandQ610_fu_297/grp_p_anonymous_namespace_RunRealtimeGSULayersSharedBandQ610_fu_202/grp_p_anonymous_namespace_RunRealtimeGSUCellSharedQ610_fu_2044/grp_p_anonymous_namespace_RunRealtimeGSUCellFixedQ610_224_2_32_32_true_s_fu_1938/grp_p_anonymous_namespace_RunGSUGatePhaseBand0Q610_2_true_s_fu_4921/grp_p_anonymous_namespace_RunGSUGatePhaseBand0Q610_Pipeline_VITIS_LOOP_1887_1_fu_1954/mul_16s_16s_32_3_1_U3188/buff0_reg multiplier stage realtime_dma_bd_i/subband_realtime_0/inst/grp_p_anonymous_namespace_RunRealtimeBandQ610_fu_297/grp_p_anonymous_namespace_RunRealtimeGSULayersSharedBandQ610_fu_202/grp_p_anonymous_namespace_RunRealtimeGSUCellSharedQ610_fu_2044/grp_p_anonymous_namespace_RunRealtimeGSUCellFixedQ610_224_2_32_32_true_s_fu_1938/grp_p_anonymous_namespace_RunGSUGatePhaseBand0Q610_2_true_s_fu_4921/grp_p_anonymous_namespace_RunGSUGatePhaseBand0Q610_Pipeline_VITIS_LOOP_1887_1_fu_1954/mul_16s_16s_32_3_1_U3188/buff0_reg/P[47:0] is not pipelined (MREG=0). Pipelining the multiplier function will improve performance and will save significant power so it is suggested whenever possible to fully pipeline this function.  If this multiplier was inferred, it is suggested to describe an additional register stage after this function.  If there is no registered adder/accumulator following the multiply function, two pipeline stages are suggested to allow both the MREG and PREG registers to be used.  If the DSP48 was instantiated in the design, it is suggested to set both the MREG and PREG attributes to 1 when performing multiply functions.
WARNING: [DRC DPOP-2] MREG Output pipelining: DSP realtime_dma_bd_i/subband_realtime_0/inst/grp_p_anonymous_namespace_RunRealtimeBandQ610_fu_297/grp_p_anonymous_namespace_RunRealtimeGSULayersSharedBandQ610_fu_202/grp_p_anonymous_namespace_RunRealtimeGSUCellSharedQ610_fu_2044/grp_p_anonymous_namespace_RunRealtimeGSUCellFixedQ610_224_2_32_32_true_s_fu_1938/grp_p_anonymous_namespace_RunGSUGatePhaseBand0Q610_2_true_s_fu_4921/grp_p_anonymous_namespace_RunGSUGatePhaseBand0Q610_Pipeline_VITIS_LOOP_1887_1_fu_1954/mul_16s_16s_32_3_1_U3189/buff0_reg multiplier stage realtime_dma_bd_i/subband_realtime_0/inst/grp_p_anonymous_namespace_RunRealtimeBandQ610_fu_297/grp_p_anonymous_namespace_RunRealtimeGSULayersSharedBandQ610_fu_202/grp_p_anonymous_namespace_RunRealtimeGSUCellSharedQ610_fu_2044/grp_p_anonymous_namespace_RunRealtimeGSUCellFixedQ610_224_2_32_32_true_s_fu_1938/grp_p_anonymous_namespace_RunGSUGatePhaseBand0Q610_2_true_s_fu_4921/grp_p_anonymous_namespace_RunGSUGatePhaseBand0Q610_Pipeline_VITIS_LOOP_1887_1_fu_1954/mul_16s_16s_32_3_1_U3189/buff0_reg/P[47:0] is not pipelined (MREG=0). Pipelining the multiplier function will improve performance and will save significant power so it is suggested whenever possible to fully pipeline this function.  If this multiplier was inferred, it is suggested to describe an additional register stage after this function.  If there is no registered adder/accumulator following the multiply function, two pipeline stages are suggested to allow both the MREG and PREG registers to be used.  If the DSP48 was instantiated in the design, it is suggested to set both the MREG and PREG attributes to 1 when performing multiply functions.
WARNING: [DRC RTSTAT-10] No routable loads: 20 net(s) have no routable loads. The problem bus(es) and/or net(s) are realtime_dma_bd_i/axi_smc_ctrl/inst/m01_nodes/m01_w_node/inst/mi_handler_m_sc_areset_pipe, realtime_dma_bd_i/axi_smc_ctrl/inst/m01_nodes/m01_aw_node/inst/mi_handler_m_sc_areset_pipe, realtime_dma_bd_i/axi_smc_ctrl/inst/m01_nodes/m01_ar_node/inst/mi_handler_m_sc_areset_pipe, realtime_dma_bd_i/axi_smc_ctrl/inst/m01_nodes/m01_r_node/inst/mi_handler_m_sc_areset_pipe, realtime_dma_bd_i/axi_smc_ctrl/inst/m02_nodes/m02_ar_node/inst/mi_handler_m_sc_areset_pipe, realtime_dma_bd_i/axi_smc_ctrl/inst/s00_nodes/s00_r_node/inst/mi_handler_m_sc_areset_pipe, realtime_dma_bd_i/axi_smc_ctrl/inst/m00_nodes/m00_b_node/inst/mi_handler_m_sc_areset_pipe, realtime_dma_bd_i/axi_smc_ctrl/inst/m02_nodes/m02_b_node/inst/mi_handler_m_sc_areset_pipe, realtime_dma_bd_i/axi_smc_ctrl/inst/m00_nodes/m00_r_node/inst/mi_handler_m_sc_areset_pipe, realtime_dma_bd_i/axi_smc_ctrl/inst/m01_nodes/m01_b_node/inst/mi_handler_m_sc_areset_pipe, realtime_dma_bd_i/axi_smc_ctrl/inst/m02_nodes/m02_aw_node/inst/mi_handler_m_sc_areset_pipe, realtime_dma_bd_i/axi_smc_ctrl/inst/s00_nodes/s00_w_node/inst/mi_handler_m_sc_areset_pipe, realtime_dma_bd_i/axi_smc_ctrl/inst/s00_nodes/s00_aw_node/inst/mi_handler_m_sc_areset_pipe, realtime_dma_bd_i/axi_smc_ctrl/inst/s00_nodes/s00_b_node/inst/mi_handler_m_sc_areset_pipe, realtime_dma_bd_i/axi_smc_ctrl/inst/m02_nodes/m02_r_node/inst/mi_handler_m_sc_areset_pipe... and (the first 15 of 20 listed).
INFO: [DRC REQP-181] writefirst: Synchronous clocking is detected for BRAM (realtime_dma_bd_i/axi_dma0/U0/I_PRMRY_DATAMOVER/GEN_MM2S_FULL.I_MM2S_FULL_WRAPPER/GEN_INCLUDE_MM2S_SF.I_RD_SF/I_DATA_FIFO/BLK_MEM.I_SYNC_FIFOGEN_FIFO/xpm_fifo_instance.xpm_fifo_sync_inst/xpm_fifo_base_inst/gen_sdpram.xpm_memory_base_inst/gen_wr_a.gen_word_narrow.mem_reg) in SDP mode with WRITE_FIRST write-mode. This is the preferred mode for best power characteristics, however it may exhibit address collisions if the same address appears on both read and write ports resulting in unknown or corrupted read data. It is suggested to confirm via simulation that an address collision never occurs and if so it is suggested to try and avoid this situation. If address collisions cannot be avoided, the write-mode may be set to READ_FIRST which guarantees that the read data is the prior contents of the memory at the cost of additional power in the design. See the FPGA Memory Resources User Guide for additional information.
INFO: [DRC REQP-181] writefirst: Synchronous clocking is detected for BRAM (realtime_dma_bd_i/axi_dma0/U0/I_PRMRY_DATAMOVER/GEN_S2MM_FULL.I_S2MM_FULL_WRAPPER/GEN_ENABLE_INDET_BTT_SF.I_INDET_BTT/I_DATA_FIFO/BLK_MEM.I_SYNC_FIFOGEN_FIFO/xpm_fifo_instance.xpm_fifo_sync_inst/xpm_fifo_base_inst/gen_sdpram.xpm_memory_base_inst/gen_wr_a.gen_word_narrow.mem_reg) in SDP mode with WRITE_FIRST write-mode. This is the preferred mode for best power characteristics, however it may exhibit address collisions if the same address appears on both read and write ports resulting in unknown or corrupted read data. It is suggested to confirm via simulation that an address collision never occurs and if so it is suggested to try and avoid this situation. If address collisions cannot be avoided, the write-mode may be set to READ_FIRST which guarantees that the read data is the prior contents of the memory at the cost of additional power in the design. See the FPGA Memory Resources User Guide for additional information.
INFO: [DRC REQP-181] writefirst: Synchronous clocking is detected for BRAM (realtime_dma_bd_i/axi_dma1/U0/I_PRMRY_DATAMOVER/GEN_MM2S_FULL.I_MM2S_FULL_WRAPPER/GEN_INCLUDE_MM2S_SF.I_RD_SF/I_DATA_FIFO/BLK_MEM.I_SYNC_FIFOGEN_FIFO/xpm_fifo_instance.xpm_fifo_sync_inst/xpm_fifo_base_inst/gen_sdpram.xpm_memory_base_inst/gen_wr_a.gen_word_narrow.mem_reg) in SDP mode with WRITE_FIRST write-mode. This is the preferred mode for best power characteristics, however it may exhibit address collisions if the same address appears on both read and write ports resulting in unknown or corrupted read data. It is suggested to confirm via simulation that an address collision never occurs and if so it is suggested to try and avoid this situation. If address collisions cannot be avoided, the write-mode may be set to READ_FIRST which guarantees that the read data is the prior contents of the memory at the cost of additional power in the design. See the FPGA Memory Resources User Guide for additional information.
INFO: [Vivado 12-3199] DRC finished with 0 Errors, 9 Warnings, 3 Advisories
INFO: [Vivado 12-3200] Please refer to the DRC report (report_drc) for more information.
INFO: [Designutils 20-2272] Running write_bitstream with 2 threads.
Loading data files...
Loading site data...
Loading route data...
Processing options...
Creating bitmap...
Creating bitstream...
Writing bitstream H:/vivado_realtime_dma_zybo_z7_20/realtime_dma_zybo_z7_20.bit...
INFO: [Vivado 12-1842] Bitgen Completed Successfully.
INFO: [Project 1-1876] WebTalk data collection is mandatory when using a ULT device. To see the specific WebTalk data collected for your design, open the usage_statistics_webtalk.html or usage_statistics_webtalk.xml file in the implementation directory.
CRITICAL WARNING: [Common 17-570] Unable to write the webtalk settings file.  Please check that the appropriate environment variable (APPDATA or HOME) is properly set.
CRITICAL WARNING: [Common 17-570] Unable to write the webtalk settings file.  Please check that the appropriate environment variable (APPDATA or HOME) is properly set.
INFO: [Common 17-83] Releasing license: Implementation
12 Infos, 9 Warnings, 2 Critical Warnings and 0 Errors encountered.
write_bitstream completed successfully
write_bitstream: Time (s): cpu = 00:00:39 ; elapsed = 00:00:27 . Memory (MB): peak = 4662.074 ; gain = 329.227
# if {[catch {write_hw_platform -fixed -include_bit -force $xsa_path} msg]} {
#   warn_msg "write_hw_platform -include_bit failed: $msg"
#   warn_msg "Writing XSA without embedded bitstream. The standalone bitstream is: $bit_path"
#   write_hw_platform -fixed -force $xsa_path
# }
INFO: [Project 1-1918] Creating Hardware Platform: H:/vivado_realtime_dma_zybo_z7_20/realtime_dma_zybo_z7_20.xsa ...
INFO: [Hsi 55-2053] elapsed time for repository (C:/Xilinx/Vivado/2023.2/data/embeddedsw) loading 1 seconds
WARNING: write_hw_platform -include_bit failed: ERROR: [Common 17-69] Command failed: Unable to get BIT file from implementation run. Please ensure implementation has been run all the way through Bitstream generation. Aborting write_hw_platform..

WARNING: Writing XSA without embedded bitstream. The standalone bitstream is: H:/vivado_realtime_dma_zybo_z7_20/realtime_dma_zybo_z7_20.bit
INFO: [Project 1-1918] Creating Hardware Platform: H:/vivado_realtime_dma_zybo_z7_20/realtime_dma_zybo_z7_20.xsa ...
INFO: [Project 1-1943] The Hardware Platform can be used for Hardware
INFO: [Project 1-1941] Successfully created Hardware Platform: H:/vivado_realtime_dma_zybo_z7_20/realtime_dma_zybo_z7_20.xsa
# close_project
INFO: [Common 17-206] Exiting Vivado at Thu May 14 15:05:47 2026...
