

================================================================
== Vitis HLS Report for 'p_anonymous_namespace_RunGSUMacPhaseBand0Q610_224_2_32_32_s'
================================================================
* Date:           Wed May 13 19:58:53 2026

* Version:        2023.2 (Build 4023990 on Oct 11 2023)
* Project:        subband_q610_zybo_z7_20_hls
* Solution:       solution1 (Vivado IP Flow Target)
* Product family: zynq
* Target device:  xc7z020-clg400-1


================================================================
== Performance Estimates
================================================================
+ Timing: 
    * Summary: 
    +--------+----------+----------+------------+
    |  Clock |  Target  | Estimated| Uncertainty|
    +--------+----------+----------+------------+
    |ap_clk  |  10.00 ns|  7.291 ns|     2.70 ns|
    +--------+----------+----------+------------+

+ Latency: 
    * Summary: 
    +---------+---------+-----------+-----------+------+------+---------+
    |  Latency (cycles) |   Latency (absolute)  |   Interval  | Pipeline|
    |   min   |   max   |    min    |    max    |  min |  max |   Type  |
    +---------+---------+-----------+-----------+------+------+---------+
    |     2241|     2241|  22.410 us|  22.410 us|  2241|  2241|       no|
    +---------+---------+-----------+-----------+------+------+---------+

    + Detail: 
        * Instance: 
        +----------------------------------------------------------------------------------------+----------------------------------------------------------------------------+---------+---------+----------+----------+-----+-----+---------+
        |                                                                                        |                                                                            |  Latency (cycles) |  Latency (absolute) |  Interval | Pipeline|
        |                                        Instance                                        |                                   Module                                   |   min   |   max   |    min   |    max   | min | max |   Type  |
        +----------------------------------------------------------------------------------------+----------------------------------------------------------------------------+---------+---------+----------+----------+-----+-----+---------+
        |grp_p_anonymous_namespace_RunGSUMacPhaseBand0Q610_Pipeline_VITIS_LOOP_1833_2_1_fu_4177  |p_anonymous_namespace_RunGSUMacPhaseBand0Q610_Pipeline_VITIS_LOOP_1833_2_1  |       11|       11|  0.110 us|  0.110 us|   11|   11|       no|
        |grp_p_anonymous_namespace_RunGSUMacPhaseBand0Q610_Pipeline_VITIS_LOOP_1833_28_fu_4440   |p_anonymous_namespace_RunGSUMacPhaseBand0Q610_Pipeline_VITIS_LOOP_1833_28   |       11|       11|  0.110 us|  0.110 us|   11|   11|       no|
        |grp_p_anonymous_namespace_RunGSUMacPhaseBand0Q610_Pipeline_VITIS_LOOP_1833_29_fu_4703   |p_anonymous_namespace_RunGSUMacPhaseBand0Q610_Pipeline_VITIS_LOOP_1833_29   |       11|       11|  0.110 us|  0.110 us|   11|   11|       no|
        |grp_p_anonymous_namespace_RunGSUMacPhaseBand0Q610_Pipeline_VITIS_LOOP_1833_210_fu_4966  |p_anonymous_namespace_RunGSUMacPhaseBand0Q610_Pipeline_VITIS_LOOP_1833_210  |       11|       11|  0.110 us|  0.110 us|   11|   11|       no|
        +----------------------------------------------------------------------------------------+----------------------------------------------------------------------------+---------+---------+----------+----------+-----+-----+---------+

        * Loop: 
        +---------------------+---------+---------+----------+-----------+-----------+------+----------+
        |                     |  Latency (cycles) | Iteration|  Initiation Interval  | Trip |          |
        |      Loop Name      |   min   |   max   |  Latency |  achieved |   target  | Count| Pipelined|
        +---------------------+---------+---------+----------+-----------+-----------+------+----------+
        |- VITIS_LOOP_1860_1  |     2240|     2240|        20|          -|          -|   112|        no|
        +---------------------+---------+---------+----------+-----------+-----------+------+----------+



================================================================
== Utilization Estimates
================================================================
* Summary: 
+-----------------+---------+-----+--------+-------+-----+
|       Name      | BRAM_18K| DSP |   FF   |  LUT  | URAM|
+-----------------+---------+-----+--------+-------+-----+
|DSP              |        -|    -|       -|      -|    -|
|Expression       |        -|    -|       0|   5117|    -|
|FIFO             |        -|    -|       -|      -|    -|
|Instance         |        -|  128|    5892|   6212|    -|
|Memory           |        -|    -|       -|      -|    -|
|Multiplexer      |        -|    -|       -|     77|    -|
|Register         |        -|    -|    2038|      -|    -|
+-----------------+---------+-----+--------+-------+-----+
|Total            |        0|  128|    7930|  11406|    0|
+-----------------+---------+-----+--------+-------+-----+
|Available        |      280|  220|  106400|  53200|    0|
+-----------------+---------+-----+--------+-------+-----+
|Utilization (%)  |        0|   58|       7|     21|    0|
+-----------------+---------+-----+--------+-------+-----+

+ Detail: 
    * Instance: 
    +----------------------------------------------------------------------------------------+----------------------------------------------------------------------------+---------+----+------+------+-----+
    |                                        Instance                                        |                                   Module                                   | BRAM_18K| DSP|  FF  |  LUT | URAM|
    +----------------------------------------------------------------------------------------+----------------------------------------------------------------------------+---------+----+------+------+-----+
    |grp_p_anonymous_namespace_RunGSUMacPhaseBand0Q610_Pipeline_VITIS_LOOP_1833_210_fu_4966  |p_anonymous_namespace_RunGSUMacPhaseBand0Q610_Pipeline_VITIS_LOOP_1833_210  |        0|  32|  1329|  1553|    0|
    |grp_p_anonymous_namespace_RunGSUMacPhaseBand0Q610_Pipeline_VITIS_LOOP_1833_28_fu_4440   |p_anonymous_namespace_RunGSUMacPhaseBand0Q610_Pipeline_VITIS_LOOP_1833_28   |        0|  32|  1329|  1553|    0|
    |grp_p_anonymous_namespace_RunGSUMacPhaseBand0Q610_Pipeline_VITIS_LOOP_1833_29_fu_4703   |p_anonymous_namespace_RunGSUMacPhaseBand0Q610_Pipeline_VITIS_LOOP_1833_29   |        0|  32|  1617|  1553|    0|
    |grp_p_anonymous_namespace_RunGSUMacPhaseBand0Q610_Pipeline_VITIS_LOOP_1833_2_1_fu_4177  |p_anonymous_namespace_RunGSUMacPhaseBand0Q610_Pipeline_VITIS_LOOP_1833_2_1  |        0|  32|  1617|  1553|    0|
    +----------------------------------------------------------------------------------------+----------------------------------------------------------------------------+---------+----+------+------+-----+
    |Total                                                                                   |                                                                            |        0| 128|  5892|  6212|    0|
    +----------------------------------------------------------------------------------------+----------------------------------------------------------------------------+---------+----+------+------+-----+

    * DSP: 
    N/A

    * Memory: 
    N/A

    * FIFO: 
    N/A

    * Expression: 
    +---------------------------------+----------+----+---+----+------------+------------+
    |          Variable Name          | Operation| DSP| FF| LUT| Bitwidth P0| Bitwidth P1|
    +---------------------------------+----------+----+---+----+------------+------------+
    |add_ln1847_10_fu_5651_p2         |         +|   0|  0|  42|          35|          35|
    |add_ln1847_11_fu_5755_p2         |         +|   0|  0|  43|          36|          36|
    |add_ln1847_12_fu_5765_p2         |         +|   0|  0|  38|          38|          38|
    |add_ln1847_13_fu_5657_p2         |         +|   0|  0|  42|          35|          35|
    |add_ln1847_14_fu_5663_p2         |         +|   0|  0|  42|          35|          35|
    |add_ln1847_15_fu_5673_p2         |         +|   0|  0|  43|          36|          36|
    |add_ln1847_16_fu_5776_p2         |         +|   0|  0|  44|          37|          37|
    |add_ln1847_19_fu_5470_p2         |         +|   0|  0|  42|          35|          35|
    |add_ln1847_21_fu_5486_p2         |         +|   0|  0|  42|          35|          35|
    |add_ln1847_22_fu_5685_p2         |         +|   0|  0|  37|          37|          37|
    |add_ln1847_23_fu_5492_p2         |         +|   0|  0|  42|          35|          35|
    |add_ln1847_24_fu_5502_p2         |         +|   0|  0|  43|          36|          36|
    |add_ln1847_26_fu_5704_p2         |         +|   0|  0|  45|          38|          38|
    |add_ln1847_27_fu_5710_p2         |         +|   0|  0|  42|          35|          35|
    |add_ln1847_28_fu_5795_p2         |         +|   0|  0|  43|          36|          36|
    |add_ln1847_29_fu_5805_p2         |         +|   0|  0|  38|          38|          38|
    |add_ln1847_2_fu_5422_p2          |         +|   0|  0|  42|          35|          35|
    |add_ln1847_30_fu_5716_p2         |         +|   0|  0|  42|          35|          35|
    |add_ln1847_31_fu_5722_p2         |         +|   0|  0|  42|          35|          35|
    |add_ln1847_32_fu_5732_p2         |         +|   0|  0|  43|          36|          36|
    |add_ln1847_33_fu_5816_p2         |         +|   0|  0|  44|          37|          37|
    |add_ln1847_4_fu_5438_p2          |         +|   0|  0|  42|          35|          35|
    |add_ln1847_5_fu_5626_p2          |         +|   0|  0|  37|          37|          37|
    |add_ln1847_6_fu_5444_p2          |         +|   0|  0|  42|          35|          35|
    |add_ln1847_7_fu_5454_p2          |         +|   0|  0|  43|          36|          36|
    |add_ln1847_9_fu_5645_p2          |         +|   0|  0|  45|          38|          38|
    |add_ln1860_fu_5275_p2            |         +|   0|  0|  15|           8|           2|
    |add_ln1869_100_fu_6589_p2        |         +|   0|  0|  38|          31|          31|
    |add_ln1869_101_fu_6599_p2        |         +|   0|  0|  39|          32|          32|
    |add_ln1869_102_fu_6605_p2        |         +|   0|  0|  38|          31|          31|
    |add_ln1869_103_fu_6615_p2        |         +|   0|  0|  39|          32|          32|
    |add_ln1869_104_fu_7040_p2        |         +|   0|  0|  40|          33|          33|
    |add_ln1869_105_fu_6621_p2        |         +|   0|  0|  38|          31|          31|
    |add_ln1869_106_fu_6631_p2        |         +|   0|  0|  39|          32|          32|
    |add_ln1869_107_fu_6637_p2        |         +|   0|  0|  38|          31|          31|
    |add_ln1869_108_fu_6647_p2        |         +|   0|  0|  39|          32|          32|
    |add_ln1869_109_fu_7056_p2        |         +|   0|  0|  40|          33|          33|
    |add_ln1869_110_fu_7066_p2        |         +|   0|  0|  41|          34|          34|
    |add_ln1869_111_fu_7252_p2        |         +|   0|  0|  42|          35|          35|
    |add_ln1869_113_fu_6656_p2        |         +|   0|  0|  46|          39|          39|
    |add_ln1869_114_fu_6662_p2        |         +|   0|  0|  42|          35|          35|
    |add_ln1869_115_fu_7075_p2        |         +|   0|  0|  43|          36|          36|
    |add_ln1869_116_fu_7085_p2        |         +|   0|  0|  39|          39|          39|
    |add_ln1869_117_fu_6668_p2        |         +|   0|  0|  42|          35|          35|
    |add_ln1869_118_fu_6678_p2        |         +|   0|  0|  43|          36|          36|
    |add_ln1869_119_fu_6684_p2        |         +|   0|  0|  42|          35|          35|
    |add_ln1869_120_fu_6694_p2        |         +|   0|  0|  43|          36|          36|
    |add_ln1869_121_fu_7096_p2        |         +|   0|  0|  44|          37|          37|
    |add_ln1869_122_fu_7106_p2        |         +|   0|  0|  39|          39|          39|
    |add_ln1869_123_fu_6700_p2        |         +|   0|  0|  42|          35|          35|
    |add_ln1869_124_fu_7115_p2        |         +|   0|  0|  43|          36|          36|
    |add_ln1869_125_fu_6706_p2        |         +|   0|  0|  38|          31|          31|
    |add_ln1869_126_fu_7124_p2        |         +|   0|  0|  41|          34|          34|
    |add_ln1869_127_fu_7134_p2        |         +|   0|  0|  36|          36|          36|
    |add_ln1869_128_fu_6712_p2        |         +|   0|  0|  38|          31|          31|
    |add_ln1869_129_fu_6722_p2        |         +|   0|  0|  39|          32|          32|
    |add_ln1869_130_fu_6728_p2        |         +|   0|  0|  38|          31|          31|
    |add_ln1869_131_fu_6738_p2        |         +|   0|  0|  39|          32|          32|
    |add_ln1869_132_fu_7146_p2        |         +|   0|  0|  40|          33|          33|
    |add_ln1869_133_fu_7156_p2        |         +|   0|  0|  36|          36|          36|
    |add_ln1869_134_fu_7271_p2        |         +|   0|  0|  39|          39|          39|
    |add_ln1869_135_fu_6744_p2        |         +|   0|  0|  38|          31|          31|
    |add_ln1869_136_fu_6754_p2        |         +|   0|  0|  39|          32|          32|
    |add_ln1869_137_fu_6760_p2        |         +|   0|  0|  38|          31|          31|
    |add_ln1869_138_fu_6770_p2        |         +|   0|  0|  39|          32|          32|
    |add_ln1869_139_fu_7168_p2        |         +|   0|  0|  40|          33|          33|
    |add_ln1869_140_fu_6776_p2        |         +|   0|  0|  38|          31|          31|
    |add_ln1869_141_fu_6786_p2        |         +|   0|  0|  39|          32|          32|
    |add_ln1869_142_fu_6792_p2        |         +|   0|  0|  38|          31|          31|
    |add_ln1869_143_fu_6802_p2        |         +|   0|  0|  39|          32|          32|
    |add_ln1869_144_fu_7184_p2        |         +|   0|  0|  40|          33|          33|
    |add_ln1869_145_fu_7194_p2        |         +|   0|  0|  41|          34|          34|
    |add_ln1869_146_fu_6808_p2        |         +|   0|  0|  38|          31|          31|
    |add_ln1869_147_fu_6818_p2        |         +|   0|  0|  39|          32|          32|
    |add_ln1869_148_fu_6824_p2        |         +|   0|  0|  38|          31|          31|
    |add_ln1869_149_fu_6834_p2        |         +|   0|  0|  39|          32|          32|
    |add_ln1869_150_fu_7206_p2        |         +|   0|  0|  40|          33|          33|
    |add_ln1869_151_fu_6840_p2        |         +|   0|  0|  38|          31|          31|
    |add_ln1869_152_fu_6850_p2        |         +|   0|  0|  39|          32|          32|
    |add_ln1869_153_fu_6856_p2        |         +|   0|  0|  38|          31|          31|
    |add_ln1869_154_fu_6866_p2        |         +|   0|  0|  39|          32|          32|
    |add_ln1869_155_fu_7222_p2        |         +|   0|  0|  40|          33|          33|
    |add_ln1869_156_fu_7232_p2        |         +|   0|  0|  41|          34|          34|
    |add_ln1869_157_fu_7282_p2        |         +|   0|  0|  42|          35|          35|
    |add_ln1869_68_fu_6443_p2         |         +|   0|  0|  42|          35|          35|
    |add_ln1869_69_fu_6909_p2         |         +|   0|  0|  43|          36|          36|
    |add_ln1869_70_fu_6919_p2         |         +|   0|  0|  39|          39|          39|
    |add_ln1869_71_fu_6449_p2         |         +|   0|  0|  42|          35|          35|
    |add_ln1869_72_fu_6459_p2         |         +|   0|  0|  43|          36|          36|
    |add_ln1869_73_fu_6465_p2         |         +|   0|  0|  42|          35|          35|
    |add_ln1869_74_fu_6475_p2         |         +|   0|  0|  43|          36|          36|
    |add_ln1869_75_fu_6930_p2         |         +|   0|  0|  44|          37|          37|
    |add_ln1869_76_fu_6940_p2         |         +|   0|  0|  39|          39|          39|
    |add_ln1869_77_fu_6481_p2         |         +|   0|  0|  42|          35|          35|
    |add_ln1869_78_fu_6949_p2         |         +|   0|  0|  43|          36|          36|
    |add_ln1869_79_fu_6487_p2         |         +|   0|  0|  38|          31|          31|
    |add_ln1869_80_fu_6958_p2         |         +|   0|  0|  41|          34|          34|
    |add_ln1869_81_fu_6968_p2         |         +|   0|  0|  36|          36|          36|
    |add_ln1869_82_fu_6493_p2         |         +|   0|  0|  38|          31|          31|
    |add_ln1869_83_fu_6503_p2         |         +|   0|  0|  39|          32|          32|
    |add_ln1869_84_fu_6509_p2         |         +|   0|  0|  38|          31|          31|
    |add_ln1869_85_fu_6519_p2         |         +|   0|  0|  39|          32|          32|
    |add_ln1869_86_fu_6980_p2         |         +|   0|  0|  40|          33|          33|
    |add_ln1869_87_fu_6990_p2         |         +|   0|  0|  36|          36|          36|
    |add_ln1869_88_fu_7241_p2         |         +|   0|  0|  39|          39|          39|
    |add_ln1869_89_fu_6525_p2         |         +|   0|  0|  38|          31|          31|
    |add_ln1869_90_fu_6535_p2         |         +|   0|  0|  39|          32|          32|
    |add_ln1869_91_fu_6541_p2         |         +|   0|  0|  38|          31|          31|
    |add_ln1869_92_fu_6551_p2         |         +|   0|  0|  39|          32|          32|
    |add_ln1869_93_fu_7002_p2         |         +|   0|  0|  40|          33|          33|
    |add_ln1869_94_fu_6557_p2         |         +|   0|  0|  38|          31|          31|
    |add_ln1869_95_fu_6567_p2         |         +|   0|  0|  39|          32|          32|
    |add_ln1869_96_fu_6573_p2         |         +|   0|  0|  38|          31|          31|
    |add_ln1869_97_fu_6583_p2         |         +|   0|  0|  39|          32|          32|
    |add_ln1869_98_fu_7018_p2         |         +|   0|  0|  40|          33|          33|
    |add_ln1869_99_fu_7028_p2         |         +|   0|  0|  41|          34|          34|
    |add_ln1869_fu_6437_p2            |         +|   0|  0|  46|          39|          39|
    |common_q20_2_fu_7292_p2          |         +|   0|  0|  39|          39|          39|
    |common_q20_fu_7262_p2            |         +|   0|  0|  39|          39|          39|
    |total_q20_10_fu_5480_p2          |         +|   0|  0|  43|          36|          36|
    |total_q20_11_fu_5694_p2          |         +|   0|  0|  37|          37|          37|
    |total_q20_12_fu_5826_p2          |         +|   0|  0|  38|          38|          38|
    |total_q20_6_fu_5432_p2           |         +|   0|  0|  43|          36|          36|
    |total_q20_7_fu_5635_p2           |         +|   0|  0|  37|          37|          37|
    |total_q20_8_fu_5786_p2           |         +|   0|  0|  38|          38|          38|
    |total_q20_9_fu_5460_p2           |         +|   0|  0|  42|          35|          35|
    |total_q20_fu_5412_p2             |         +|   0|  0|  42|          35|          35|
    |sub_ln1839_fu_5265_p2            |         -|   0|  0|  13|          10|          10|
    |icmp_ln1860_fu_5237_p2           |      icmp|   0|  0|  15|           8|           7|
    |ap_block_state3_on_subcall_done  |        or|   0|  0|   2|           1|           1|
    +---------------------------------+----------+----+---+----+------------+------------+
    |Total                            |          |   0|  0|5117|        4357|        4350|
    +---------------------------------+----------+----+---+----+------------+------------+

    * Multiplexer: 
    +-------------------------+----+-----------+-----+-----------+
    |           Name          | LUT| Input Size| Bits| Total Bits|
    +-------------------------+----+-----------+-----+-----------+
    |ap_NS_fsm                |  59|         11|    1|         11|
    |common_sum_stream_blk_n  |   9|          2|    1|          2|
    |hidden_index_fu_966      |   9|          2|    8|         16|
    +-------------------------+----+-----------+-----+-----------+
    |Total                    |  77|         15|   10|         29|
    +-------------------------+----+-----------+-----+-----------+

    * Register: 
    +-----------------------------------------------------------------------------------------------------+----+----+-----+-----------+
    |                                                 Name                                                | FF | LUT| Bits| Const Bits|
    +-----------------------------------------------------------------------------------------------------+----+----+-----+-----------+
    |add_ln1847_10_reg_10822                                                                              |  35|   0|   35|          0|
    |add_ln1847_13_reg_10827                                                                              |  35|   0|   35|          0|
    |add_ln1847_15_reg_10832                                                                              |  36|   0|   36|          0|
    |add_ln1847_21_reg_10807                                                                              |  35|   0|   35|          0|
    |add_ln1847_24_reg_10812                                                                              |  36|   0|   36|          0|
    |add_ln1847_26_reg_10837                                                                              |  38|   0|   38|          0|
    |add_ln1847_27_reg_10842                                                                              |  35|   0|   35|          0|
    |add_ln1847_30_reg_10847                                                                              |  35|   0|   35|          0|
    |add_ln1847_32_reg_10852                                                                              |  36|   0|   36|          0|
    |add_ln1847_4_reg_10792                                                                               |  35|   0|   35|          0|
    |add_ln1847_7_reg_10797                                                                               |  36|   0|   36|          0|
    |add_ln1847_9_reg_10817                                                                               |  38|   0|   38|          0|
    |add_ln1869_101_reg_10927                                                                             |  32|   0|   32|          0|
    |add_ln1869_103_reg_10932                                                                             |  32|   0|   32|          0|
    |add_ln1869_106_reg_10937                                                                             |  32|   0|   32|          0|
    |add_ln1869_108_reg_10942                                                                             |  32|   0|   32|          0|
    |add_ln1869_110_reg_11042                                                                             |  34|   0|   34|          0|
    |add_ln1869_113_reg_10947                                                                             |  39|   0|   39|          0|
    |add_ln1869_114_reg_10952                                                                             |  35|   0|   35|          0|
    |add_ln1869_118_reg_10957                                                                             |  36|   0|   36|          0|
    |add_ln1869_120_reg_10962                                                                             |  36|   0|   36|          0|
    |add_ln1869_122_reg_11047                                                                             |  39|   0|   39|          0|
    |add_ln1869_123_reg_10967                                                                             |  35|   0|   35|          0|
    |add_ln1869_125_reg_10972                                                                             |  31|   0|   31|          0|
    |add_ln1869_129_reg_10977                                                                             |  32|   0|   32|          0|
    |add_ln1869_131_reg_10982                                                                             |  32|   0|   32|          0|
    |add_ln1869_133_reg_11052                                                                             |  36|   0|   36|          0|
    |add_ln1869_136_reg_10987                                                                             |  32|   0|   32|          0|
    |add_ln1869_138_reg_10992                                                                             |  32|   0|   32|          0|
    |add_ln1869_141_reg_10997                                                                             |  32|   0|   32|          0|
    |add_ln1869_143_reg_11002                                                                             |  32|   0|   32|          0|
    |add_ln1869_145_reg_11057                                                                             |  34|   0|   34|          0|
    |add_ln1869_147_reg_11007                                                                             |  32|   0|   32|          0|
    |add_ln1869_149_reg_11012                                                                             |  32|   0|   32|          0|
    |add_ln1869_152_reg_11017                                                                             |  32|   0|   32|          0|
    |add_ln1869_154_reg_11022                                                                             |  32|   0|   32|          0|
    |add_ln1869_156_reg_11062                                                                             |  34|   0|   34|          0|
    |add_ln1869_68_reg_10872                                                                              |  35|   0|   35|          0|
    |add_ln1869_72_reg_10877                                                                              |  36|   0|   36|          0|
    |add_ln1869_74_reg_10882                                                                              |  36|   0|   36|          0|
    |add_ln1869_76_reg_11027                                                                              |  39|   0|   39|          0|
    |add_ln1869_77_reg_10887                                                                              |  35|   0|   35|          0|
    |add_ln1869_79_reg_10892                                                                              |  31|   0|   31|          0|
    |add_ln1869_83_reg_10897                                                                              |  32|   0|   32|          0|
    |add_ln1869_85_reg_10902                                                                              |  32|   0|   32|          0|
    |add_ln1869_87_reg_11032                                                                              |  36|   0|   36|          0|
    |add_ln1869_90_reg_10907                                                                              |  32|   0|   32|          0|
    |add_ln1869_92_reg_10912                                                                              |  32|   0|   32|          0|
    |add_ln1869_95_reg_10917                                                                              |  32|   0|   32|          0|
    |add_ln1869_97_reg_10922                                                                              |  32|   0|   32|          0|
    |add_ln1869_99_reg_11037                                                                              |  34|   0|   34|          0|
    |add_ln1869_reg_10867                                                                                 |  39|   0|   39|          0|
    |ap_CS_fsm                                                                                            |  10|   0|   10|          0|
    |common_q20_2_reg_11072                                                                               |  39|   0|   39|          0|
    |common_q20_reg_11067                                                                                 |  39|   0|   39|          0|
    |grp_p_anonymous_namespace_RunGSUMacPhaseBand0Q610_Pipeline_VITIS_LOOP_1833_210_fu_4966_ap_start_reg  |   1|   0|    1|          0|
    |grp_p_anonymous_namespace_RunGSUMacPhaseBand0Q610_Pipeline_VITIS_LOOP_1833_28_fu_4440_ap_start_reg   |   1|   0|    1|          0|
    |grp_p_anonymous_namespace_RunGSUMacPhaseBand0Q610_Pipeline_VITIS_LOOP_1833_29_fu_4703_ap_start_reg   |   1|   0|    1|          0|
    |grp_p_anonymous_namespace_RunGSUMacPhaseBand0Q610_Pipeline_VITIS_LOOP_1833_2_1_fu_4177_ap_start_reg  |   1|   0|    1|          0|
    |hidden_index_fu_966                                                                                  |   8|   0|    8|          0|
    |sub_ln1839_reg_10779                                                                                 |  10|   0|   10|          0|
    |total_q20_10_reg_10802                                                                               |  36|   0|   36|          0|
    |total_q20_12_reg_10862                                                                               |  38|   0|   38|          0|
    |total_q20_6_reg_10787                                                                                |  36|   0|   36|          0|
    |total_q20_8_reg_10857                                                                                |  38|   0|   38|          0|
    +-----------------------------------------------------------------------------------------------------+----+----+-----+-----------+
    |Total                                                                                                |2038|   0| 2038|          0|
    +-----------------------------------------------------------------------------------------------------+----+----+-----+-----------+



================================================================
== Interface
================================================================
* Summary: 
+-----------------------------------------------------------------------------------------+-----+-----+------------+--------------------------------------------------------------------------------+--------------+
|                                        RTL Ports                                        | Dir | Bits|  Protocol  |                                  Source Object                                 |    C Type    |
+-----------------------------------------------------------------------------------------+-----+-----+------------+--------------------------------------------------------------------------------+--------------+
|ap_clk                                                                                   |   in|    1|  ap_ctrl_hs|                    (anonymous namespace)RunGSUMacPhaseBand0Q610<224, 2, 32, 32>|  return value|
|ap_rst                                                                                   |   in|    1|  ap_ctrl_hs|                    (anonymous namespace)RunGSUMacPhaseBand0Q610<224, 2, 32, 32>|  return value|
|ap_start                                                                                 |   in|    1|  ap_ctrl_hs|                    (anonymous namespace)RunGSUMacPhaseBand0Q610<224, 2, 32, 32>|  return value|
|ap_done                                                                                  |  out|    1|  ap_ctrl_hs|                    (anonymous namespace)RunGSUMacPhaseBand0Q610<224, 2, 32, 32>|  return value|
|ap_idle                                                                                  |  out|    1|  ap_ctrl_hs|                    (anonymous namespace)RunGSUMacPhaseBand0Q610<224, 2, 32, 32>|  return value|
|ap_ready                                                                                 |  out|    1|  ap_ctrl_hs|                    (anonymous namespace)RunGSUMacPhaseBand0Q610<224, 2, 32, 32>|  return value|
|input_ptr_0_val                                                                          |   in|   16|     ap_none|                                                                 input_ptr_0_val|        scalar|
|input_ptr_1_val                                                                          |   in|   16|     ap_none|                                                                 input_ptr_1_val|        scalar|
|input_ptr_2_val                                                                          |   in|   16|     ap_none|                                                                 input_ptr_2_val|        scalar|
|input_ptr_3_val                                                                          |   in|   16|     ap_none|                                                                 input_ptr_3_val|        scalar|
|input_ptr_4_val                                                                          |   in|   16|     ap_none|                                                                 input_ptr_4_val|        scalar|
|input_ptr_5_val                                                                          |   in|   16|     ap_none|                                                                 input_ptr_5_val|        scalar|
|input_ptr_6_val                                                                          |   in|   16|     ap_none|                                                                 input_ptr_6_val|        scalar|
|input_ptr_7_val                                                                          |   in|   16|     ap_none|                                                                 input_ptr_7_val|        scalar|
|input_ptr_8_val                                                                          |   in|   16|     ap_none|                                                                 input_ptr_8_val|        scalar|
|input_ptr_9_val                                                                          |   in|   16|     ap_none|                                                                 input_ptr_9_val|        scalar|
|input_ptr_10_val                                                                         |   in|   16|     ap_none|                                                                input_ptr_10_val|        scalar|
|input_ptr_11_val                                                                         |   in|   16|     ap_none|                                                                input_ptr_11_val|        scalar|
|input_ptr_12_val                                                                         |   in|   16|     ap_none|                                                                input_ptr_12_val|        scalar|
|input_ptr_13_val                                                                         |   in|   16|     ap_none|                                                                input_ptr_13_val|        scalar|
|input_ptr_14_val                                                                         |   in|   16|     ap_none|                                                                input_ptr_14_val|        scalar|
|input_ptr_15_val                                                                         |   in|   16|     ap_none|                                                                input_ptr_15_val|        scalar|
|input_ptr_16_val                                                                         |   in|   16|     ap_none|                                                                input_ptr_16_val|        scalar|
|input_ptr_17_val                                                                         |   in|   16|     ap_none|                                                                input_ptr_17_val|        scalar|
|input_ptr_18_val                                                                         |   in|   16|     ap_none|                                                                input_ptr_18_val|        scalar|
|input_ptr_19_val                                                                         |   in|   16|     ap_none|                                                                input_ptr_19_val|        scalar|
|input_ptr_20_val                                                                         |   in|   16|     ap_none|                                                                input_ptr_20_val|        scalar|
|input_ptr_21_val                                                                         |   in|   16|     ap_none|                                                                input_ptr_21_val|        scalar|
|input_ptr_22_val                                                                         |   in|   16|     ap_none|                                                                input_ptr_22_val|        scalar|
|input_ptr_23_val                                                                         |   in|   16|     ap_none|                                                                input_ptr_23_val|        scalar|
|input_ptr_24_val                                                                         |   in|   16|     ap_none|                                                                input_ptr_24_val|        scalar|
|input_ptr_25_val                                                                         |   in|   16|     ap_none|                                                                input_ptr_25_val|        scalar|
|input_ptr_26_val                                                                         |   in|   16|     ap_none|                                                                input_ptr_26_val|        scalar|
|input_ptr_27_val                                                                         |   in|   16|     ap_none|                                                                input_ptr_27_val|        scalar|
|input_ptr_28_val                                                                         |   in|   16|     ap_none|                                                                input_ptr_28_val|        scalar|
|input_ptr_29_val                                                                         |   in|   16|     ap_none|                                                                input_ptr_29_val|        scalar|
|input_ptr_30_val                                                                         |   in|   16|     ap_none|                                                                input_ptr_30_val|        scalar|
|input_ptr_31_val                                                                         |   in|   16|     ap_none|                                                                input_ptr_31_val|        scalar|
|input_ptr_32_val                                                                         |   in|   16|     ap_none|                                                                input_ptr_32_val|        scalar|
|input_ptr_33_val                                                                         |   in|   16|     ap_none|                                                                input_ptr_33_val|        scalar|
|input_ptr_34_val                                                                         |   in|   16|     ap_none|                                                                input_ptr_34_val|        scalar|
|input_ptr_35_val                                                                         |   in|   16|     ap_none|                                                                input_ptr_35_val|        scalar|
|input_ptr_36_val                                                                         |   in|   16|     ap_none|                                                                input_ptr_36_val|        scalar|
|input_ptr_37_val                                                                         |   in|   16|     ap_none|                                                                input_ptr_37_val|        scalar|
|input_ptr_38_val                                                                         |   in|   16|     ap_none|                                                                input_ptr_38_val|        scalar|
|input_ptr_39_val                                                                         |   in|   16|     ap_none|                                                                input_ptr_39_val|        scalar|
|input_ptr_40_val                                                                         |   in|   16|     ap_none|                                                                input_ptr_40_val|        scalar|
|input_ptr_41_val                                                                         |   in|   16|     ap_none|                                                                input_ptr_41_val|        scalar|
|input_ptr_42_val                                                                         |   in|   16|     ap_none|                                                                input_ptr_42_val|        scalar|
|input_ptr_43_val                                                                         |   in|   16|     ap_none|                                                                input_ptr_43_val|        scalar|
|input_ptr_44_val                                                                         |   in|   16|     ap_none|                                                                input_ptr_44_val|        scalar|
|input_ptr_45_val                                                                         |   in|   16|     ap_none|                                                                input_ptr_45_val|        scalar|
|input_ptr_46_val                                                                         |   in|   16|     ap_none|                                                                input_ptr_46_val|        scalar|
|input_ptr_47_val                                                                         |   in|   16|     ap_none|                                                                input_ptr_47_val|        scalar|
|input_ptr_48_val                                                                         |   in|   16|     ap_none|                                                                input_ptr_48_val|        scalar|
|input_ptr_49_val                                                                         |   in|   16|     ap_none|                                                                input_ptr_49_val|        scalar|
|input_ptr_50_val                                                                         |   in|   16|     ap_none|                                                                input_ptr_50_val|        scalar|
|input_ptr_51_val                                                                         |   in|   16|     ap_none|                                                                input_ptr_51_val|        scalar|
|input_ptr_52_val                                                                         |   in|   16|     ap_none|                                                                input_ptr_52_val|        scalar|
|input_ptr_53_val                                                                         |   in|   16|     ap_none|                                                                input_ptr_53_val|        scalar|
|input_ptr_54_val                                                                         |   in|   16|     ap_none|                                                                input_ptr_54_val|        scalar|
|input_ptr_55_val                                                                         |   in|   16|     ap_none|                                                                input_ptr_55_val|        scalar|
|input_ptr_56_val                                                                         |   in|   16|     ap_none|                                                                input_ptr_56_val|        scalar|
|input_ptr_57_val                                                                         |   in|   16|     ap_none|                                                                input_ptr_57_val|        scalar|
|input_ptr_58_val                                                                         |   in|   16|     ap_none|                                                                input_ptr_58_val|        scalar|
|input_ptr_59_val                                                                         |   in|   16|     ap_none|                                                                input_ptr_59_val|        scalar|
|input_ptr_60_val                                                                         |   in|   16|     ap_none|                                                                input_ptr_60_val|        scalar|
|input_ptr_61_val                                                                         |   in|   16|     ap_none|                                                                input_ptr_61_val|        scalar|
|input_ptr_62_val                                                                         |   in|   16|     ap_none|                                                                input_ptr_62_val|        scalar|
|input_ptr_63_val                                                                         |   in|   16|     ap_none|                                                                input_ptr_63_val|        scalar|
|input_ptr_64_val                                                                         |   in|   16|     ap_none|                                                                input_ptr_64_val|        scalar|
|input_ptr_65_val                                                                         |   in|   16|     ap_none|                                                                input_ptr_65_val|        scalar|
|input_ptr_66_val                                                                         |   in|   16|     ap_none|                                                                input_ptr_66_val|        scalar|
|input_ptr_67_val                                                                         |   in|   16|     ap_none|                                                                input_ptr_67_val|        scalar|
|input_ptr_68_val                                                                         |   in|   16|     ap_none|                                                                input_ptr_68_val|        scalar|
|input_ptr_69_val                                                                         |   in|   16|     ap_none|                                                                input_ptr_69_val|        scalar|
|input_ptr_70_val                                                                         |   in|   16|     ap_none|                                                                input_ptr_70_val|        scalar|
|input_ptr_71_val                                                                         |   in|   16|     ap_none|                                                                input_ptr_71_val|        scalar|
|input_ptr_72_val                                                                         |   in|   16|     ap_none|                                                                input_ptr_72_val|        scalar|
|input_ptr_73_val                                                                         |   in|   16|     ap_none|                                                                input_ptr_73_val|        scalar|
|input_ptr_74_val                                                                         |   in|   16|     ap_none|                                                                input_ptr_74_val|        scalar|
|input_ptr_75_val                                                                         |   in|   16|     ap_none|                                                                input_ptr_75_val|        scalar|
|input_ptr_76_val                                                                         |   in|   16|     ap_none|                                                                input_ptr_76_val|        scalar|
|input_ptr_77_val                                                                         |   in|   16|     ap_none|                                                                input_ptr_77_val|        scalar|
|input_ptr_78_val                                                                         |   in|   16|     ap_none|                                                                input_ptr_78_val|        scalar|
|input_ptr_79_val                                                                         |   in|   16|     ap_none|                                                                input_ptr_79_val|        scalar|
|input_ptr_80_val                                                                         |   in|   16|     ap_none|                                                                input_ptr_80_val|        scalar|
|input_ptr_81_val                                                                         |   in|   16|     ap_none|                                                                input_ptr_81_val|        scalar|
|input_ptr_82_val                                                                         |   in|   16|     ap_none|                                                                input_ptr_82_val|        scalar|
|input_ptr_83_val                                                                         |   in|   16|     ap_none|                                                                input_ptr_83_val|        scalar|
|input_ptr_84_val                                                                         |   in|   16|     ap_none|                                                                input_ptr_84_val|        scalar|
|input_ptr_85_val                                                                         |   in|   16|     ap_none|                                                                input_ptr_85_val|        scalar|
|input_ptr_86_val                                                                         |   in|   16|     ap_none|                                                                input_ptr_86_val|        scalar|
|input_ptr_87_val                                                                         |   in|   16|     ap_none|                                                                input_ptr_87_val|        scalar|
|input_ptr_88_val                                                                         |   in|   16|     ap_none|                                                                input_ptr_88_val|        scalar|
|input_ptr_89_val                                                                         |   in|   16|     ap_none|                                                                input_ptr_89_val|        scalar|
|input_ptr_90_val                                                                         |   in|   16|     ap_none|                                                                input_ptr_90_val|        scalar|
|input_ptr_91_val                                                                         |   in|   16|     ap_none|                                                                input_ptr_91_val|        scalar|
|input_ptr_92_val                                                                         |   in|   16|     ap_none|                                                                input_ptr_92_val|        scalar|
|input_ptr_93_val                                                                         |   in|   16|     ap_none|                                                                input_ptr_93_val|        scalar|
|input_ptr_94_val                                                                         |   in|   16|     ap_none|                                                                input_ptr_94_val|        scalar|
|input_ptr_95_val                                                                         |   in|   16|     ap_none|                                                                input_ptr_95_val|        scalar|
|input_ptr_96_val                                                                         |   in|   16|     ap_none|                                                                input_ptr_96_val|        scalar|
|input_ptr_97_val                                                                         |   in|   16|     ap_none|                                                                input_ptr_97_val|        scalar|
|input_ptr_98_val                                                                         |   in|   16|     ap_none|                                                                input_ptr_98_val|        scalar|
|input_ptr_99_val                                                                         |   in|   16|     ap_none|                                                                input_ptr_99_val|        scalar|
|input_ptr_100_val                                                                        |   in|   16|     ap_none|                                                               input_ptr_100_val|        scalar|
|input_ptr_101_val                                                                        |   in|   16|     ap_none|                                                               input_ptr_101_val|        scalar|
|input_ptr_102_val                                                                        |   in|   16|     ap_none|                                                               input_ptr_102_val|        scalar|
|input_ptr_103_val                                                                        |   in|   16|     ap_none|                                                               input_ptr_103_val|        scalar|
|input_ptr_104_val                                                                        |   in|   16|     ap_none|                                                               input_ptr_104_val|        scalar|
|input_ptr_105_val                                                                        |   in|   16|     ap_none|                                                               input_ptr_105_val|        scalar|
|input_ptr_106_val                                                                        |   in|   16|     ap_none|                                                               input_ptr_106_val|        scalar|
|input_ptr_107_val                                                                        |   in|   16|     ap_none|                                                               input_ptr_107_val|        scalar|
|input_ptr_108_val                                                                        |   in|   16|     ap_none|                                                               input_ptr_108_val|        scalar|
|input_ptr_109_val                                                                        |   in|   16|     ap_none|                                                               input_ptr_109_val|        scalar|
|input_ptr_110_val                                                                        |   in|   16|     ap_none|                                                               input_ptr_110_val|        scalar|
|input_ptr_111_val                                                                        |   in|   16|     ap_none|                                                               input_ptr_111_val|        scalar|
|input_ptr_112_val                                                                        |   in|   16|     ap_none|                                                               input_ptr_112_val|        scalar|
|input_ptr_113_val                                                                        |   in|   16|     ap_none|                                                               input_ptr_113_val|        scalar|
|input_ptr_114_val                                                                        |   in|   16|     ap_none|                                                               input_ptr_114_val|        scalar|
|input_ptr_115_val                                                                        |   in|   16|     ap_none|                                                               input_ptr_115_val|        scalar|
|input_ptr_116_val                                                                        |   in|   16|     ap_none|                                                               input_ptr_116_val|        scalar|
|input_ptr_117_val                                                                        |   in|   16|     ap_none|                                                               input_ptr_117_val|        scalar|
|input_ptr_118_val                                                                        |   in|   16|     ap_none|                                                               input_ptr_118_val|        scalar|
|input_ptr_119_val                                                                        |   in|   16|     ap_none|                                                               input_ptr_119_val|        scalar|
|input_ptr_120_val                                                                        |   in|   16|     ap_none|                                                               input_ptr_120_val|        scalar|
|input_ptr_121_val                                                                        |   in|   16|     ap_none|                                                               input_ptr_121_val|        scalar|
|input_ptr_122_val                                                                        |   in|   16|     ap_none|                                                               input_ptr_122_val|        scalar|
|input_ptr_123_val                                                                        |   in|   16|     ap_none|                                                               input_ptr_123_val|        scalar|
|input_ptr_124_val                                                                        |   in|   16|     ap_none|                                                               input_ptr_124_val|        scalar|
|input_ptr_125_val                                                                        |   in|   16|     ap_none|                                                               input_ptr_125_val|        scalar|
|input_ptr_126_val                                                                        |   in|   16|     ap_none|                                                               input_ptr_126_val|        scalar|
|input_ptr_127_val                                                                        |   in|   16|     ap_none|                                                               input_ptr_127_val|        scalar|
|input_ptr_128_val                                                                        |   in|   16|     ap_none|                                                               input_ptr_128_val|        scalar|
|input_ptr_129_val                                                                        |   in|   16|     ap_none|                                                               input_ptr_129_val|        scalar|
|input_ptr_130_val                                                                        |   in|   16|     ap_none|                                                               input_ptr_130_val|        scalar|
|input_ptr_131_val                                                                        |   in|   16|     ap_none|                                                               input_ptr_131_val|        scalar|
|input_ptr_132_val                                                                        |   in|   16|     ap_none|                                                               input_ptr_132_val|        scalar|
|input_ptr_133_val                                                                        |   in|   16|     ap_none|                                                               input_ptr_133_val|        scalar|
|input_ptr_134_val                                                                        |   in|   16|     ap_none|                                                               input_ptr_134_val|        scalar|
|input_ptr_135_val                                                                        |   in|   16|     ap_none|                                                               input_ptr_135_val|        scalar|
|input_ptr_136_val                                                                        |   in|   16|     ap_none|                                                               input_ptr_136_val|        scalar|
|input_ptr_137_val                                                                        |   in|   16|     ap_none|                                                               input_ptr_137_val|        scalar|
|input_ptr_138_val                                                                        |   in|   16|     ap_none|                                                               input_ptr_138_val|        scalar|
|input_ptr_139_val                                                                        |   in|   16|     ap_none|                                                               input_ptr_139_val|        scalar|
|input_ptr_140_val                                                                        |   in|   16|     ap_none|                                                               input_ptr_140_val|        scalar|
|input_ptr_141_val                                                                        |   in|   16|     ap_none|                                                               input_ptr_141_val|        scalar|
|input_ptr_142_val                                                                        |   in|   16|     ap_none|                                                               input_ptr_142_val|        scalar|
|input_ptr_143_val                                                                        |   in|   16|     ap_none|                                                               input_ptr_143_val|        scalar|
|input_ptr_144_val                                                                        |   in|   16|     ap_none|                                                               input_ptr_144_val|        scalar|
|input_ptr_145_val                                                                        |   in|   16|     ap_none|                                                               input_ptr_145_val|        scalar|
|input_ptr_146_val                                                                        |   in|   16|     ap_none|                                                               input_ptr_146_val|        scalar|
|input_ptr_147_val                                                                        |   in|   16|     ap_none|                                                               input_ptr_147_val|        scalar|
|input_ptr_148_val                                                                        |   in|   16|     ap_none|                                                               input_ptr_148_val|        scalar|
|input_ptr_149_val                                                                        |   in|   16|     ap_none|                                                               input_ptr_149_val|        scalar|
|input_ptr_150_val                                                                        |   in|   16|     ap_none|                                                               input_ptr_150_val|        scalar|
|input_ptr_151_val                                                                        |   in|   16|     ap_none|                                                               input_ptr_151_val|        scalar|
|input_ptr_152_val                                                                        |   in|   16|     ap_none|                                                               input_ptr_152_val|        scalar|
|input_ptr_153_val                                                                        |   in|   16|     ap_none|                                                               input_ptr_153_val|        scalar|
|input_ptr_154_val                                                                        |   in|   16|     ap_none|                                                               input_ptr_154_val|        scalar|
|input_ptr_155_val                                                                        |   in|   16|     ap_none|                                                               input_ptr_155_val|        scalar|
|input_ptr_156_val                                                                        |   in|   16|     ap_none|                                                               input_ptr_156_val|        scalar|
|input_ptr_157_val                                                                        |   in|   16|     ap_none|                                                               input_ptr_157_val|        scalar|
|input_ptr_158_val                                                                        |   in|   16|     ap_none|                                                               input_ptr_158_val|        scalar|
|input_ptr_159_val                                                                        |   in|   16|     ap_none|                                                               input_ptr_159_val|        scalar|
|input_ptr_160_val                                                                        |   in|   16|     ap_none|                                                               input_ptr_160_val|        scalar|
|input_ptr_161_val                                                                        |   in|   16|     ap_none|                                                               input_ptr_161_val|        scalar|
|input_ptr_162_val                                                                        |   in|   16|     ap_none|                                                               input_ptr_162_val|        scalar|
|input_ptr_163_val                                                                        |   in|   16|     ap_none|                                                               input_ptr_163_val|        scalar|
|input_ptr_164_val                                                                        |   in|   16|     ap_none|                                                               input_ptr_164_val|        scalar|
|input_ptr_165_val                                                                        |   in|   16|     ap_none|                                                               input_ptr_165_val|        scalar|
|input_ptr_166_val                                                                        |   in|   16|     ap_none|                                                               input_ptr_166_val|        scalar|
|input_ptr_167_val                                                                        |   in|   16|     ap_none|                                                               input_ptr_167_val|        scalar|
|input_ptr_168_val                                                                        |   in|   16|     ap_none|                                                               input_ptr_168_val|        scalar|
|input_ptr_169_val                                                                        |   in|   16|     ap_none|                                                               input_ptr_169_val|        scalar|
|input_ptr_170_val                                                                        |   in|   16|     ap_none|                                                               input_ptr_170_val|        scalar|
|input_ptr_171_val                                                                        |   in|   16|     ap_none|                                                               input_ptr_171_val|        scalar|
|input_ptr_172_val                                                                        |   in|   16|     ap_none|                                                               input_ptr_172_val|        scalar|
|input_ptr_173_val                                                                        |   in|   16|     ap_none|                                                               input_ptr_173_val|        scalar|
|input_ptr_174_val                                                                        |   in|   16|     ap_none|                                                               input_ptr_174_val|        scalar|
|input_ptr_175_val                                                                        |   in|   16|     ap_none|                                                               input_ptr_175_val|        scalar|
|input_ptr_176_val                                                                        |   in|   16|     ap_none|                                                               input_ptr_176_val|        scalar|
|input_ptr_177_val                                                                        |   in|   16|     ap_none|                                                               input_ptr_177_val|        scalar|
|input_ptr_178_val                                                                        |   in|   16|     ap_none|                                                               input_ptr_178_val|        scalar|
|input_ptr_179_val                                                                        |   in|   16|     ap_none|                                                               input_ptr_179_val|        scalar|
|input_ptr_180_val                                                                        |   in|   16|     ap_none|                                                               input_ptr_180_val|        scalar|
|input_ptr_181_val                                                                        |   in|   16|     ap_none|                                                               input_ptr_181_val|        scalar|
|input_ptr_182_val                                                                        |   in|   16|     ap_none|                                                               input_ptr_182_val|        scalar|
|input_ptr_183_val                                                                        |   in|   16|     ap_none|                                                               input_ptr_183_val|        scalar|
|input_ptr_184_val                                                                        |   in|   16|     ap_none|                                                               input_ptr_184_val|        scalar|
|input_ptr_185_val                                                                        |   in|   16|     ap_none|                                                               input_ptr_185_val|        scalar|
|input_ptr_186_val                                                                        |   in|   16|     ap_none|                                                               input_ptr_186_val|        scalar|
|input_ptr_187_val                                                                        |   in|   16|     ap_none|                                                               input_ptr_187_val|        scalar|
|input_ptr_188_val                                                                        |   in|   16|     ap_none|                                                               input_ptr_188_val|        scalar|
|input_ptr_189_val                                                                        |   in|   16|     ap_none|                                                               input_ptr_189_val|        scalar|
|input_ptr_190_val                                                                        |   in|   16|     ap_none|                                                               input_ptr_190_val|        scalar|
|input_ptr_191_val                                                                        |   in|   16|     ap_none|                                                               input_ptr_191_val|        scalar|
|input_ptr_192_val                                                                        |   in|   16|     ap_none|                                                               input_ptr_192_val|        scalar|
|input_ptr_193_val                                                                        |   in|   16|     ap_none|                                                               input_ptr_193_val|        scalar|
|input_ptr_194_val                                                                        |   in|   16|     ap_none|                                                               input_ptr_194_val|        scalar|
|input_ptr_195_val                                                                        |   in|   16|     ap_none|                                                               input_ptr_195_val|        scalar|
|input_ptr_196_val                                                                        |   in|   16|     ap_none|                                                               input_ptr_196_val|        scalar|
|input_ptr_197_val                                                                        |   in|   16|     ap_none|                                                               input_ptr_197_val|        scalar|
|input_ptr_198_val                                                                        |   in|   16|     ap_none|                                                               input_ptr_198_val|        scalar|
|input_ptr_199_val                                                                        |   in|   16|     ap_none|                                                               input_ptr_199_val|        scalar|
|input_ptr_200_val                                                                        |   in|   16|     ap_none|                                                               input_ptr_200_val|        scalar|
|input_ptr_201_val                                                                        |   in|   16|     ap_none|                                                               input_ptr_201_val|        scalar|
|input_ptr_202_val                                                                        |   in|   16|     ap_none|                                                               input_ptr_202_val|        scalar|
|input_ptr_203_val                                                                        |   in|   16|     ap_none|                                                               input_ptr_203_val|        scalar|
|input_ptr_204_val                                                                        |   in|   16|     ap_none|                                                               input_ptr_204_val|        scalar|
|input_ptr_205_val                                                                        |   in|   16|     ap_none|                                                               input_ptr_205_val|        scalar|
|input_ptr_206_val                                                                        |   in|   16|     ap_none|                                                               input_ptr_206_val|        scalar|
|input_ptr_207_val                                                                        |   in|   16|     ap_none|                                                               input_ptr_207_val|        scalar|
|input_ptr_208_val                                                                        |   in|   16|     ap_none|                                                               input_ptr_208_val|        scalar|
|input_ptr_209_val                                                                        |   in|   16|     ap_none|                                                               input_ptr_209_val|        scalar|
|input_ptr_210_val                                                                        |   in|   16|     ap_none|                                                               input_ptr_210_val|        scalar|
|input_ptr_211_val                                                                        |   in|   16|     ap_none|                                                               input_ptr_211_val|        scalar|
|input_ptr_212_val                                                                        |   in|   16|     ap_none|                                                               input_ptr_212_val|        scalar|
|input_ptr_213_val                                                                        |   in|   16|     ap_none|                                                               input_ptr_213_val|        scalar|
|input_ptr_214_val                                                                        |   in|   16|     ap_none|                                                               input_ptr_214_val|        scalar|
|input_ptr_215_val                                                                        |   in|   16|     ap_none|                                                               input_ptr_215_val|        scalar|
|input_ptr_216_val                                                                        |   in|   16|     ap_none|                                                               input_ptr_216_val|        scalar|
|input_ptr_217_val                                                                        |   in|   16|     ap_none|                                                               input_ptr_217_val|        scalar|
|input_ptr_218_val                                                                        |   in|   16|     ap_none|                                                               input_ptr_218_val|        scalar|
|input_ptr_219_val                                                                        |   in|   16|     ap_none|                                                               input_ptr_219_val|        scalar|
|input_ptr_220_val                                                                        |   in|   16|     ap_none|                                                               input_ptr_220_val|        scalar|
|input_ptr_221_val                                                                        |   in|   16|     ap_none|                                                               input_ptr_221_val|        scalar|
|input_ptr_222_val                                                                        |   in|   16|     ap_none|                                                               input_ptr_222_val|        scalar|
|input_ptr_223_val                                                                        |   in|   16|     ap_none|                                                               input_ptr_223_val|        scalar|
|prev_hx_q610_0_val                                                                       |   in|   11|     ap_none|                                                              prev_hx_q610_0_val|        scalar|
|prev_hx_q610_1_val                                                                       |   in|   11|     ap_none|                                                              prev_hx_q610_1_val|        scalar|
|prev_hx_q610_2_val                                                                       |   in|   11|     ap_none|                                                              prev_hx_q610_2_val|        scalar|
|prev_hx_q610_3_val                                                                       |   in|   11|     ap_none|                                                              prev_hx_q610_3_val|        scalar|
|prev_hx_q610_4_val                                                                       |   in|   11|     ap_none|                                                              prev_hx_q610_4_val|        scalar|
|prev_hx_q610_5_val                                                                       |   in|   11|     ap_none|                                                              prev_hx_q610_5_val|        scalar|
|prev_hx_q610_6_val                                                                       |   in|   11|     ap_none|                                                              prev_hx_q610_6_val|        scalar|
|prev_hx_q610_7_val                                                                       |   in|   11|     ap_none|                                                              prev_hx_q610_7_val|        scalar|
|prev_hx_q610_8_val                                                                       |   in|   11|     ap_none|                                                              prev_hx_q610_8_val|        scalar|
|prev_hx_q610_9_val                                                                       |   in|   11|     ap_none|                                                              prev_hx_q610_9_val|        scalar|
|prev_hx_q610_10_val                                                                      |   in|   11|     ap_none|                                                             prev_hx_q610_10_val|        scalar|
|prev_hx_q610_11_val                                                                      |   in|   11|     ap_none|                                                             prev_hx_q610_11_val|        scalar|
|prev_hx_q610_12_val                                                                      |   in|   11|     ap_none|                                                             prev_hx_q610_12_val|        scalar|
|prev_hx_q610_13_val                                                                      |   in|   11|     ap_none|                                                             prev_hx_q610_13_val|        scalar|
|prev_hx_q610_14_val                                                                      |   in|   11|     ap_none|                                                             prev_hx_q610_14_val|        scalar|
|prev_hx_q610_15_val                                                                      |   in|   11|     ap_none|                                                             prev_hx_q610_15_val|        scalar|
|prev_hx_q610_16_val                                                                      |   in|   11|     ap_none|                                                             prev_hx_q610_16_val|        scalar|
|prev_hx_q610_17_val                                                                      |   in|   11|     ap_none|                                                             prev_hx_q610_17_val|        scalar|
|prev_hx_q610_18_val                                                                      |   in|   11|     ap_none|                                                             prev_hx_q610_18_val|        scalar|
|prev_hx_q610_19_val                                                                      |   in|   11|     ap_none|                                                             prev_hx_q610_19_val|        scalar|
|prev_hx_q610_20_val                                                                      |   in|   11|     ap_none|                                                             prev_hx_q610_20_val|        scalar|
|prev_hx_q610_21_val                                                                      |   in|   11|     ap_none|                                                             prev_hx_q610_21_val|        scalar|
|prev_hx_q610_22_val                                                                      |   in|   11|     ap_none|                                                             prev_hx_q610_22_val|        scalar|
|prev_hx_q610_23_val                                                                      |   in|   11|     ap_none|                                                             prev_hx_q610_23_val|        scalar|
|prev_hx_q610_24_val                                                                      |   in|   11|     ap_none|                                                             prev_hx_q610_24_val|        scalar|
|prev_hx_q610_25_val                                                                      |   in|   11|     ap_none|                                                             prev_hx_q610_25_val|        scalar|
|prev_hx_q610_26_val                                                                      |   in|   11|     ap_none|                                                             prev_hx_q610_26_val|        scalar|
|prev_hx_q610_27_val                                                                      |   in|   11|     ap_none|                                                             prev_hx_q610_27_val|        scalar|
|prev_hx_q610_28_val                                                                      |   in|   11|     ap_none|                                                             prev_hx_q610_28_val|        scalar|
|prev_hx_q610_29_val                                                                      |   in|   11|     ap_none|                                                             prev_hx_q610_29_val|        scalar|
|prev_hx_q610_30_val                                                                      |   in|   11|     ap_none|                                                             prev_hx_q610_30_val|        scalar|
|prev_hx_q610_31_val                                                                      |   in|   11|     ap_none|                                                             prev_hx_q610_31_val|        scalar|
|prev_hx_q610_32_val                                                                      |   in|   11|     ap_none|                                                             prev_hx_q610_32_val|        scalar|
|prev_hx_q610_33_val                                                                      |   in|   11|     ap_none|                                                             prev_hx_q610_33_val|        scalar|
|prev_hx_q610_34_val                                                                      |   in|   11|     ap_none|                                                             prev_hx_q610_34_val|        scalar|
|prev_hx_q610_35_val                                                                      |   in|   11|     ap_none|                                                             prev_hx_q610_35_val|        scalar|
|prev_hx_q610_36_val                                                                      |   in|   11|     ap_none|                                                             prev_hx_q610_36_val|        scalar|
|prev_hx_q610_37_val                                                                      |   in|   11|     ap_none|                                                             prev_hx_q610_37_val|        scalar|
|prev_hx_q610_38_val                                                                      |   in|   11|     ap_none|                                                             prev_hx_q610_38_val|        scalar|
|prev_hx_q610_39_val                                                                      |   in|   11|     ap_none|                                                             prev_hx_q610_39_val|        scalar|
|prev_hx_q610_40_val                                                                      |   in|   11|     ap_none|                                                             prev_hx_q610_40_val|        scalar|
|prev_hx_q610_41_val                                                                      |   in|   11|     ap_none|                                                             prev_hx_q610_41_val|        scalar|
|prev_hx_q610_42_val                                                                      |   in|   11|     ap_none|                                                             prev_hx_q610_42_val|        scalar|
|prev_hx_q610_43_val                                                                      |   in|   11|     ap_none|                                                             prev_hx_q610_43_val|        scalar|
|prev_hx_q610_44_val                                                                      |   in|   11|     ap_none|                                                             prev_hx_q610_44_val|        scalar|
|prev_hx_q610_45_val                                                                      |   in|   11|     ap_none|                                                             prev_hx_q610_45_val|        scalar|
|prev_hx_q610_46_val                                                                      |   in|   11|     ap_none|                                                             prev_hx_q610_46_val|        scalar|
|prev_hx_q610_47_val                                                                      |   in|   11|     ap_none|                                                             prev_hx_q610_47_val|        scalar|
|prev_hx_q610_48_val                                                                      |   in|   11|     ap_none|                                                             prev_hx_q610_48_val|        scalar|
|prev_hx_q610_49_val                                                                      |   in|   11|     ap_none|                                                             prev_hx_q610_49_val|        scalar|
|prev_hx_q610_50_val                                                                      |   in|   11|     ap_none|                                                             prev_hx_q610_50_val|        scalar|
|prev_hx_q610_51_val                                                                      |   in|   11|     ap_none|                                                             prev_hx_q610_51_val|        scalar|
|prev_hx_q610_52_val                                                                      |   in|   11|     ap_none|                                                             prev_hx_q610_52_val|        scalar|
|prev_hx_q610_53_val                                                                      |   in|   11|     ap_none|                                                             prev_hx_q610_53_val|        scalar|
|prev_hx_q610_54_val                                                                      |   in|   11|     ap_none|                                                             prev_hx_q610_54_val|        scalar|
|prev_hx_q610_55_val                                                                      |   in|   11|     ap_none|                                                             prev_hx_q610_55_val|        scalar|
|prev_hx_q610_56_val                                                                      |   in|   11|     ap_none|                                                             prev_hx_q610_56_val|        scalar|
|prev_hx_q610_57_val                                                                      |   in|   11|     ap_none|                                                             prev_hx_q610_57_val|        scalar|
|prev_hx_q610_58_val                                                                      |   in|   11|     ap_none|                                                             prev_hx_q610_58_val|        scalar|
|prev_hx_q610_59_val                                                                      |   in|   11|     ap_none|                                                             prev_hx_q610_59_val|        scalar|
|prev_hx_q610_60_val                                                                      |   in|   11|     ap_none|                                                             prev_hx_q610_60_val|        scalar|
|prev_hx_q610_61_val                                                                      |   in|   11|     ap_none|                                                             prev_hx_q610_61_val|        scalar|
|prev_hx_q610_62_val                                                                      |   in|   11|     ap_none|                                                             prev_hx_q610_62_val|        scalar|
|prev_hx_q610_63_val                                                                      |   in|   11|     ap_none|                                                             prev_hx_q610_63_val|        scalar|
|prev_hx_q610_64_val                                                                      |   in|   11|     ap_none|                                                             prev_hx_q610_64_val|        scalar|
|prev_hx_q610_65_val                                                                      |   in|   11|     ap_none|                                                             prev_hx_q610_65_val|        scalar|
|prev_hx_q610_66_val                                                                      |   in|   11|     ap_none|                                                             prev_hx_q610_66_val|        scalar|
|prev_hx_q610_67_val                                                                      |   in|   11|     ap_none|                                                             prev_hx_q610_67_val|        scalar|
|prev_hx_q610_68_val                                                                      |   in|   11|     ap_none|                                                             prev_hx_q610_68_val|        scalar|
|prev_hx_q610_69_val                                                                      |   in|   11|     ap_none|                                                             prev_hx_q610_69_val|        scalar|
|prev_hx_q610_70_val                                                                      |   in|   11|     ap_none|                                                             prev_hx_q610_70_val|        scalar|
|prev_hx_q610_71_val                                                                      |   in|   11|     ap_none|                                                             prev_hx_q610_71_val|        scalar|
|prev_hx_q610_72_val                                                                      |   in|   11|     ap_none|                                                             prev_hx_q610_72_val|        scalar|
|prev_hx_q610_73_val                                                                      |   in|   11|     ap_none|                                                             prev_hx_q610_73_val|        scalar|
|prev_hx_q610_74_val                                                                      |   in|   11|     ap_none|                                                             prev_hx_q610_74_val|        scalar|
|prev_hx_q610_75_val                                                                      |   in|   11|     ap_none|                                                             prev_hx_q610_75_val|        scalar|
|prev_hx_q610_76_val                                                                      |   in|   11|     ap_none|                                                             prev_hx_q610_76_val|        scalar|
|prev_hx_q610_77_val                                                                      |   in|   11|     ap_none|                                                             prev_hx_q610_77_val|        scalar|
|prev_hx_q610_78_val                                                                      |   in|   11|     ap_none|                                                             prev_hx_q610_78_val|        scalar|
|prev_hx_q610_79_val                                                                      |   in|   11|     ap_none|                                                             prev_hx_q610_79_val|        scalar|
|prev_hx_q610_80_val                                                                      |   in|   11|     ap_none|                                                             prev_hx_q610_80_val|        scalar|
|prev_hx_q610_81_val                                                                      |   in|   11|     ap_none|                                                             prev_hx_q610_81_val|        scalar|
|prev_hx_q610_82_val                                                                      |   in|   11|     ap_none|                                                             prev_hx_q610_82_val|        scalar|
|prev_hx_q610_83_val                                                                      |   in|   11|     ap_none|                                                             prev_hx_q610_83_val|        scalar|
|prev_hx_q610_84_val                                                                      |   in|   11|     ap_none|                                                             prev_hx_q610_84_val|        scalar|
|prev_hx_q610_85_val                                                                      |   in|   11|     ap_none|                                                             prev_hx_q610_85_val|        scalar|
|prev_hx_q610_86_val                                                                      |   in|   11|     ap_none|                                                             prev_hx_q610_86_val|        scalar|
|prev_hx_q610_87_val                                                                      |   in|   11|     ap_none|                                                             prev_hx_q610_87_val|        scalar|
|prev_hx_q610_88_val                                                                      |   in|   11|     ap_none|                                                             prev_hx_q610_88_val|        scalar|
|prev_hx_q610_89_val                                                                      |   in|   11|     ap_none|                                                             prev_hx_q610_89_val|        scalar|
|prev_hx_q610_90_val                                                                      |   in|   11|     ap_none|                                                             prev_hx_q610_90_val|        scalar|
|prev_hx_q610_91_val                                                                      |   in|   11|     ap_none|                                                             prev_hx_q610_91_val|        scalar|
|prev_hx_q610_92_val                                                                      |   in|   11|     ap_none|                                                             prev_hx_q610_92_val|        scalar|
|prev_hx_q610_93_val                                                                      |   in|   11|     ap_none|                                                             prev_hx_q610_93_val|        scalar|
|prev_hx_q610_94_val                                                                      |   in|   11|     ap_none|                                                             prev_hx_q610_94_val|        scalar|
|prev_hx_q610_95_val                                                                      |   in|   11|     ap_none|                                                             prev_hx_q610_95_val|        scalar|
|prev_hx_q610_96_val                                                                      |   in|   11|     ap_none|                                                             prev_hx_q610_96_val|        scalar|
|prev_hx_q610_97_val                                                                      |   in|   11|     ap_none|                                                             prev_hx_q610_97_val|        scalar|
|prev_hx_q610_98_val                                                                      |   in|   11|     ap_none|                                                             prev_hx_q610_98_val|        scalar|
|prev_hx_q610_99_val                                                                      |   in|   11|     ap_none|                                                             prev_hx_q610_99_val|        scalar|
|prev_hx_q610_100_val                                                                     |   in|   11|     ap_none|                                                            prev_hx_q610_100_val|        scalar|
|prev_hx_q610_101_val                                                                     |   in|   11|     ap_none|                                                            prev_hx_q610_101_val|        scalar|
|prev_hx_q610_102_val                                                                     |   in|   11|     ap_none|                                                            prev_hx_q610_102_val|        scalar|
|prev_hx_q610_103_val                                                                     |   in|   11|     ap_none|                                                            prev_hx_q610_103_val|        scalar|
|prev_hx_q610_104_val                                                                     |   in|   11|     ap_none|                                                            prev_hx_q610_104_val|        scalar|
|prev_hx_q610_105_val                                                                     |   in|   11|     ap_none|                                                            prev_hx_q610_105_val|        scalar|
|prev_hx_q610_106_val                                                                     |   in|   11|     ap_none|                                                            prev_hx_q610_106_val|        scalar|
|prev_hx_q610_107_val                                                                     |   in|   11|     ap_none|                                                            prev_hx_q610_107_val|        scalar|
|prev_hx_q610_108_val                                                                     |   in|   11|     ap_none|                                                            prev_hx_q610_108_val|        scalar|
|prev_hx_q610_109_val                                                                     |   in|   11|     ap_none|                                                            prev_hx_q610_109_val|        scalar|
|prev_hx_q610_110_val                                                                     |   in|   11|     ap_none|                                                            prev_hx_q610_110_val|        scalar|
|prev_hx_q610_111_val                                                                     |   in|   11|     ap_none|                                                            prev_hx_q610_111_val|        scalar|
|prev_hx_q610_112_val                                                                     |   in|   11|     ap_none|                                                            prev_hx_q610_112_val|        scalar|
|prev_hx_q610_113_val                                                                     |   in|   11|     ap_none|                                                            prev_hx_q610_113_val|        scalar|
|prev_hx_q610_114_val                                                                     |   in|   11|     ap_none|                                                            prev_hx_q610_114_val|        scalar|
|prev_hx_q610_115_val                                                                     |   in|   11|     ap_none|                                                            prev_hx_q610_115_val|        scalar|
|prev_hx_q610_116_val                                                                     |   in|   11|     ap_none|                                                            prev_hx_q610_116_val|        scalar|
|prev_hx_q610_117_val                                                                     |   in|   11|     ap_none|                                                            prev_hx_q610_117_val|        scalar|
|prev_hx_q610_118_val                                                                     |   in|   11|     ap_none|                                                            prev_hx_q610_118_val|        scalar|
|prev_hx_q610_119_val                                                                     |   in|   11|     ap_none|                                                            prev_hx_q610_119_val|        scalar|
|prev_hx_q610_120_val                                                                     |   in|   11|     ap_none|                                                            prev_hx_q610_120_val|        scalar|
|prev_hx_q610_121_val                                                                     |   in|   11|     ap_none|                                                            prev_hx_q610_121_val|        scalar|
|prev_hx_q610_122_val                                                                     |   in|   11|     ap_none|                                                            prev_hx_q610_122_val|        scalar|
|prev_hx_q610_123_val                                                                     |   in|   11|     ap_none|                                                            prev_hx_q610_123_val|        scalar|
|prev_hx_q610_124_val                                                                     |   in|   11|     ap_none|                                                            prev_hx_q610_124_val|        scalar|
|prev_hx_q610_125_val                                                                     |   in|   11|     ap_none|                                                            prev_hx_q610_125_val|        scalar|
|prev_hx_q610_126_val                                                                     |   in|   11|     ap_none|                                                            prev_hx_q610_126_val|        scalar|
|prev_hx_q610_127_val                                                                     |   in|   11|     ap_none|                                                            prev_hx_q610_127_val|        scalar|
|prev_hx_q610_128_val                                                                     |   in|   11|     ap_none|                                                            prev_hx_q610_128_val|        scalar|
|prev_hx_q610_129_val                                                                     |   in|   11|     ap_none|                                                            prev_hx_q610_129_val|        scalar|
|prev_hx_q610_130_val                                                                     |   in|   11|     ap_none|                                                            prev_hx_q610_130_val|        scalar|
|prev_hx_q610_131_val                                                                     |   in|   11|     ap_none|                                                            prev_hx_q610_131_val|        scalar|
|prev_hx_q610_132_val                                                                     |   in|   11|     ap_none|                                                            prev_hx_q610_132_val|        scalar|
|prev_hx_q610_133_val                                                                     |   in|   11|     ap_none|                                                            prev_hx_q610_133_val|        scalar|
|prev_hx_q610_134_val                                                                     |   in|   11|     ap_none|                                                            prev_hx_q610_134_val|        scalar|
|prev_hx_q610_135_val                                                                     |   in|   11|     ap_none|                                                            prev_hx_q610_135_val|        scalar|
|prev_hx_q610_136_val                                                                     |   in|   11|     ap_none|                                                            prev_hx_q610_136_val|        scalar|
|prev_hx_q610_137_val                                                                     |   in|   11|     ap_none|                                                            prev_hx_q610_137_val|        scalar|
|prev_hx_q610_138_val                                                                     |   in|   11|     ap_none|                                                            prev_hx_q610_138_val|        scalar|
|prev_hx_q610_139_val                                                                     |   in|   11|     ap_none|                                                            prev_hx_q610_139_val|        scalar|
|prev_hx_q610_140_val                                                                     |   in|   11|     ap_none|                                                            prev_hx_q610_140_val|        scalar|
|prev_hx_q610_141_val                                                                     |   in|   11|     ap_none|                                                            prev_hx_q610_141_val|        scalar|
|prev_hx_q610_142_val                                                                     |   in|   11|     ap_none|                                                            prev_hx_q610_142_val|        scalar|
|prev_hx_q610_143_val                                                                     |   in|   11|     ap_none|                                                            prev_hx_q610_143_val|        scalar|
|prev_hx_q610_144_val                                                                     |   in|   11|     ap_none|                                                            prev_hx_q610_144_val|        scalar|
|prev_hx_q610_145_val                                                                     |   in|   11|     ap_none|                                                            prev_hx_q610_145_val|        scalar|
|prev_hx_q610_146_val                                                                     |   in|   11|     ap_none|                                                            prev_hx_q610_146_val|        scalar|
|prev_hx_q610_147_val                                                                     |   in|   11|     ap_none|                                                            prev_hx_q610_147_val|        scalar|
|prev_hx_q610_148_val                                                                     |   in|   11|     ap_none|                                                            prev_hx_q610_148_val|        scalar|
|prev_hx_q610_149_val                                                                     |   in|   11|     ap_none|                                                            prev_hx_q610_149_val|        scalar|
|prev_hx_q610_150_val                                                                     |   in|   11|     ap_none|                                                            prev_hx_q610_150_val|        scalar|
|prev_hx_q610_151_val                                                                     |   in|   11|     ap_none|                                                            prev_hx_q610_151_val|        scalar|
|prev_hx_q610_152_val                                                                     |   in|   11|     ap_none|                                                            prev_hx_q610_152_val|        scalar|
|prev_hx_q610_153_val                                                                     |   in|   11|     ap_none|                                                            prev_hx_q610_153_val|        scalar|
|prev_hx_q610_154_val                                                                     |   in|   11|     ap_none|                                                            prev_hx_q610_154_val|        scalar|
|prev_hx_q610_155_val                                                                     |   in|   11|     ap_none|                                                            prev_hx_q610_155_val|        scalar|
|prev_hx_q610_156_val                                                                     |   in|   11|     ap_none|                                                            prev_hx_q610_156_val|        scalar|
|prev_hx_q610_157_val                                                                     |   in|   11|     ap_none|                                                            prev_hx_q610_157_val|        scalar|
|prev_hx_q610_158_val                                                                     |   in|   11|     ap_none|                                                            prev_hx_q610_158_val|        scalar|
|prev_hx_q610_159_val                                                                     |   in|   11|     ap_none|                                                            prev_hx_q610_159_val|        scalar|
|prev_hx_q610_160_val                                                                     |   in|   11|     ap_none|                                                            prev_hx_q610_160_val|        scalar|
|prev_hx_q610_161_val                                                                     |   in|   11|     ap_none|                                                            prev_hx_q610_161_val|        scalar|
|prev_hx_q610_162_val                                                                     |   in|   11|     ap_none|                                                            prev_hx_q610_162_val|        scalar|
|prev_hx_q610_163_val                                                                     |   in|   11|     ap_none|                                                            prev_hx_q610_163_val|        scalar|
|prev_hx_q610_164_val                                                                     |   in|   11|     ap_none|                                                            prev_hx_q610_164_val|        scalar|
|prev_hx_q610_165_val                                                                     |   in|   11|     ap_none|                                                            prev_hx_q610_165_val|        scalar|
|prev_hx_q610_166_val                                                                     |   in|   11|     ap_none|                                                            prev_hx_q610_166_val|        scalar|
|prev_hx_q610_167_val                                                                     |   in|   11|     ap_none|                                                            prev_hx_q610_167_val|        scalar|
|prev_hx_q610_168_val                                                                     |   in|   11|     ap_none|                                                            prev_hx_q610_168_val|        scalar|
|prev_hx_q610_169_val                                                                     |   in|   11|     ap_none|                                                            prev_hx_q610_169_val|        scalar|
|prev_hx_q610_170_val                                                                     |   in|   11|     ap_none|                                                            prev_hx_q610_170_val|        scalar|
|prev_hx_q610_171_val                                                                     |   in|   11|     ap_none|                                                            prev_hx_q610_171_val|        scalar|
|prev_hx_q610_172_val                                                                     |   in|   11|     ap_none|                                                            prev_hx_q610_172_val|        scalar|
|prev_hx_q610_173_val                                                                     |   in|   11|     ap_none|                                                            prev_hx_q610_173_val|        scalar|
|prev_hx_q610_174_val                                                                     |   in|   11|     ap_none|                                                            prev_hx_q610_174_val|        scalar|
|prev_hx_q610_175_val                                                                     |   in|   11|     ap_none|                                                            prev_hx_q610_175_val|        scalar|
|prev_hx_q610_176_val                                                                     |   in|   11|     ap_none|                                                            prev_hx_q610_176_val|        scalar|
|prev_hx_q610_177_val                                                                     |   in|   11|     ap_none|                                                            prev_hx_q610_177_val|        scalar|
|prev_hx_q610_178_val                                                                     |   in|   11|     ap_none|                                                            prev_hx_q610_178_val|        scalar|
|prev_hx_q610_179_val                                                                     |   in|   11|     ap_none|                                                            prev_hx_q610_179_val|        scalar|
|prev_hx_q610_180_val                                                                     |   in|   11|     ap_none|                                                            prev_hx_q610_180_val|        scalar|
|prev_hx_q610_181_val                                                                     |   in|   11|     ap_none|                                                            prev_hx_q610_181_val|        scalar|
|prev_hx_q610_182_val                                                                     |   in|   11|     ap_none|                                                            prev_hx_q610_182_val|        scalar|
|prev_hx_q610_183_val                                                                     |   in|   11|     ap_none|                                                            prev_hx_q610_183_val|        scalar|
|prev_hx_q610_184_val                                                                     |   in|   11|     ap_none|                                                            prev_hx_q610_184_val|        scalar|
|prev_hx_q610_185_val                                                                     |   in|   11|     ap_none|                                                            prev_hx_q610_185_val|        scalar|
|prev_hx_q610_186_val                                                                     |   in|   11|     ap_none|                                                            prev_hx_q610_186_val|        scalar|
|prev_hx_q610_187_val                                                                     |   in|   11|     ap_none|                                                            prev_hx_q610_187_val|        scalar|
|prev_hx_q610_188_val                                                                     |   in|   11|     ap_none|                                                            prev_hx_q610_188_val|        scalar|
|prev_hx_q610_189_val                                                                     |   in|   11|     ap_none|                                                            prev_hx_q610_189_val|        scalar|
|prev_hx_q610_190_val                                                                     |   in|   11|     ap_none|                                                            prev_hx_q610_190_val|        scalar|
|prev_hx_q610_191_val                                                                     |   in|   11|     ap_none|                                                            prev_hx_q610_191_val|        scalar|
|prev_hx_q610_192_val                                                                     |   in|   11|     ap_none|                                                            prev_hx_q610_192_val|        scalar|
|prev_hx_q610_193_val                                                                     |   in|   11|     ap_none|                                                            prev_hx_q610_193_val|        scalar|
|prev_hx_q610_194_val                                                                     |   in|   11|     ap_none|                                                            prev_hx_q610_194_val|        scalar|
|prev_hx_q610_195_val                                                                     |   in|   11|     ap_none|                                                            prev_hx_q610_195_val|        scalar|
|prev_hx_q610_196_val                                                                     |   in|   11|     ap_none|                                                            prev_hx_q610_196_val|        scalar|
|prev_hx_q610_197_val                                                                     |   in|   11|     ap_none|                                                            prev_hx_q610_197_val|        scalar|
|prev_hx_q610_198_val                                                                     |   in|   11|     ap_none|                                                            prev_hx_q610_198_val|        scalar|
|prev_hx_q610_199_val                                                                     |   in|   11|     ap_none|                                                            prev_hx_q610_199_val|        scalar|
|prev_hx_q610_200_val                                                                     |   in|   11|     ap_none|                                                            prev_hx_q610_200_val|        scalar|
|prev_hx_q610_201_val                                                                     |   in|   11|     ap_none|                                                            prev_hx_q610_201_val|        scalar|
|prev_hx_q610_202_val                                                                     |   in|   11|     ap_none|                                                            prev_hx_q610_202_val|        scalar|
|prev_hx_q610_203_val                                                                     |   in|   11|     ap_none|                                                            prev_hx_q610_203_val|        scalar|
|prev_hx_q610_204_val                                                                     |   in|   11|     ap_none|                                                            prev_hx_q610_204_val|        scalar|
|prev_hx_q610_205_val                                                                     |   in|   11|     ap_none|                                                            prev_hx_q610_205_val|        scalar|
|prev_hx_q610_206_val                                                                     |   in|   11|     ap_none|                                                            prev_hx_q610_206_val|        scalar|
|prev_hx_q610_207_val                                                                     |   in|   11|     ap_none|                                                            prev_hx_q610_207_val|        scalar|
|prev_hx_q610_208_val                                                                     |   in|   11|     ap_none|                                                            prev_hx_q610_208_val|        scalar|
|prev_hx_q610_209_val                                                                     |   in|   11|     ap_none|                                                            prev_hx_q610_209_val|        scalar|
|prev_hx_q610_210_val                                                                     |   in|   11|     ap_none|                                                            prev_hx_q610_210_val|        scalar|
|prev_hx_q610_211_val                                                                     |   in|   11|     ap_none|                                                            prev_hx_q610_211_val|        scalar|
|prev_hx_q610_212_val                                                                     |   in|   11|     ap_none|                                                            prev_hx_q610_212_val|        scalar|
|prev_hx_q610_213_val                                                                     |   in|   11|     ap_none|                                                            prev_hx_q610_213_val|        scalar|
|prev_hx_q610_214_val                                                                     |   in|   11|     ap_none|                                                            prev_hx_q610_214_val|        scalar|
|prev_hx_q610_215_val                                                                     |   in|   11|     ap_none|                                                            prev_hx_q610_215_val|        scalar|
|prev_hx_q610_216_val                                                                     |   in|   11|     ap_none|                                                            prev_hx_q610_216_val|        scalar|
|prev_hx_q610_217_val                                                                     |   in|   11|     ap_none|                                                            prev_hx_q610_217_val|        scalar|
|prev_hx_q610_218_val                                                                     |   in|   11|     ap_none|                                                            prev_hx_q610_218_val|        scalar|
|prev_hx_q610_219_val                                                                     |   in|   11|     ap_none|                                                            prev_hx_q610_219_val|        scalar|
|prev_hx_q610_220_val                                                                     |   in|   11|     ap_none|                                                            prev_hx_q610_220_val|        scalar|
|prev_hx_q610_221_val                                                                     |   in|   11|     ap_none|                                                            prev_hx_q610_221_val|        scalar|
|prev_hx_q610_222_val                                                                     |   in|   11|     ap_none|                                                            prev_hx_q610_222_val|        scalar|
|prev_hx_q610_223_val                                                                     |   in|   11|     ap_none|                                                            prev_hx_q610_223_val|        scalar|
|common_sum_stream_din                                                                    |  out|   96|     ap_fifo|                                                               common_sum_stream|       pointer|
|common_sum_stream_full_n                                                                 |   in|    1|     ap_fifo|                                                               common_sum_stream|       pointer|
|common_sum_stream_write                                                                  |  out|    1|     ap_fifo|                                                               common_sum_stream|       pointer|
|SubbandBand0TopQ610_ap_int_const_ap_int_const_ap_int_const_ap_int_const_ap_i_2_address0  |  out|   10|   ap_stable|  SubbandBand0TopQ610_ap_int_const_ap_int_const_ap_int_const_ap_int_const_ap_i_2|         array|
|SubbandBand0TopQ610_ap_int_const_ap_int_const_ap_int_const_ap_int_const_ap_i_2_ce0       |  out|    1|   ap_stable|  SubbandBand0TopQ610_ap_int_const_ap_int_const_ap_int_const_ap_int_const_ap_i_2|         array|
|SubbandBand0TopQ610_ap_int_const_ap_int_const_ap_int_const_ap_int_const_ap_i_2_q0        |   in|  512|   ap_stable|  SubbandBand0TopQ610_ap_int_const_ap_int_const_ap_int_const_ap_int_const_ap_i_2|         array|
|SubbandBand0TopQ610_ap_int_const_ap_int_const_ap_int_const_ap_int_const_ap_i_4_address0  |  out|   10|   ap_stable|  SubbandBand0TopQ610_ap_int_const_ap_int_const_ap_int_const_ap_int_const_ap_i_4|         array|
|SubbandBand0TopQ610_ap_int_const_ap_int_const_ap_int_const_ap_int_const_ap_i_4_ce0       |  out|    1|   ap_stable|  SubbandBand0TopQ610_ap_int_const_ap_int_const_ap_int_const_ap_int_const_ap_i_4|         array|
|SubbandBand0TopQ610_ap_int_const_ap_int_const_ap_int_const_ap_int_const_ap_i_4_q0        |   in|  512|   ap_stable|  SubbandBand0TopQ610_ap_int_const_ap_int_const_ap_int_const_ap_int_const_ap_i_4|         array|
|SubbandBand0TopQ610_ap_int_const_ap_int_const_ap_int_const_ap_int_const_ap_i_1_address0  |  out|   10|   ap_stable|  SubbandBand0TopQ610_ap_int_const_ap_int_const_ap_int_const_ap_int_const_ap_i_1|         array|
|SubbandBand0TopQ610_ap_int_const_ap_int_const_ap_int_const_ap_int_const_ap_i_1_ce0       |  out|    1|   ap_stable|  SubbandBand0TopQ610_ap_int_const_ap_int_const_ap_int_const_ap_int_const_ap_i_1|         array|
|SubbandBand0TopQ610_ap_int_const_ap_int_const_ap_int_const_ap_int_const_ap_i_1_q0        |   in|  512|   ap_stable|  SubbandBand0TopQ610_ap_int_const_ap_int_const_ap_int_const_ap_int_const_ap_i_1|         array|
|SubbandBand0TopQ610_ap_int_const_ap_int_const_ap_int_const_ap_int_const_ap_i_3_address0  |  out|   10|   ap_stable|  SubbandBand0TopQ610_ap_int_const_ap_int_const_ap_int_const_ap_int_const_ap_i_3|         array|
|SubbandBand0TopQ610_ap_int_const_ap_int_const_ap_int_const_ap_int_const_ap_i_3_ce0       |  out|    1|   ap_stable|  SubbandBand0TopQ610_ap_int_const_ap_int_const_ap_int_const_ap_int_const_ap_i_3|         array|
|SubbandBand0TopQ610_ap_int_const_ap_int_const_ap_int_const_ap_int_const_ap_i_3_q0        |   in|  512|   ap_stable|  SubbandBand0TopQ610_ap_int_const_ap_int_const_ap_int_const_ap_int_const_ap_i_3|         array|
+-----------------------------------------------------------------------------------------+-----+-----+------------+--------------------------------------------------------------------------------+--------------+

