

================================================================
== Vitis HLS Report for 'p_anonymous_namespace_RunGSULayer1StreamParallelQ610_Pipeline_VITIS_LOOP_1765_1'
================================================================
* Date:           Wed May 13 19:58:30 2026

* Version:        2023.2 (Build 4023990 on Oct 11 2023)
* Project:        subband_q610_zybo_z7_20_hls
* Solution:       solution1 (Vivado IP Flow Target)
* Product family: zynq
* Target device:  xc7z020-clg400-1


================================================================
== Performance Estimates
================================================================
+ Timing: 
    * Summary: 
    +--------+----------+----------+------------+
    |  Clock |  Target  | Estimated| Uncertainty|
    +--------+----------+----------+------------+
    |ap_clk  |  10.00 ns|  5.206 ns|     2.70 ns|
    +--------+----------+----------+------------+

+ Latency: 
    * Summary: 
    +---------+---------+----------+----------+-----+-----+---------+
    |  Latency (cycles) |  Latency (absolute) |  Interval | Pipeline|
    |   min   |   max   |    min   |    max   | min | max |   Type  |
    +---------+---------+----------+----------+-----+-----+---------+
    |      226|      226|  2.260 us|  2.260 us|  226|  226|       no|
    +---------+---------+----------+----------+-----+-----+---------+

    + Detail: 
        * Instance: 
        N/A

        * Loop: 
        +---------------------+---------+---------+----------+-----------+-----------+------+----------+
        |                     |  Latency (cycles) | Iteration|  Initiation Interval  | Trip |          |
        |      Loop Name      |   min   |   max   |  Latency |  achieved |   target  | Count| Pipelined|
        +---------------------+---------+---------+----------+-----------+-----------+------+----------+
        |- VITIS_LOOP_1765_1  |      224|      224|         2|          1|          1|   224|       yes|
        +---------------------+---------+---------+----------+-----------+-----------+------+----------+

============================================================
+ Verbose Summary: Synthesis Manager
============================================================
InlineROM: 1
ExposeGlobal: 0
============================================================
+ Verbose Summary: CDFG Model
============================================================
IsTopModel: 0
ResetActiveHigh: 1
IsCombinational: 0
IsDatapathOnly: 0
HasWiredReturn: 1
HasMFsm: 2
HasVarLatency: 1
IsPipeline: 0
IsRtlPipelined: 0
IsInstanceOverlapped: 0
IsDontTouch: 0
HasImplIP: 0
IsGatedGlobalClock: 0

+ Individual pipeline summary: 
  * Pipeline-0: initiation interval (II) = 1, depth = 2


============================================================
+ Verbose Summary: Schedule
============================================================
* Number of FSM states : 2
* Pipeline : 1
  Pipeline-0 : II = 1, D = 2, States = { 1 2 }
* Dataflow Pipeline: 0

* FSM state transitions: 
1 --> 2 
2 --> 

* FSM state operations: 

State 1 <SV = 0> <Delay = 5.09>
ST_1 : Operation 5 [1/1] (0.00ns)   --->   "%index = alloca i32 1" [H:/subband_ref_q610_opt_stage4_latency_stepL2.cpp:1765->H:/subband_ref_q610_opt_stage4_latency_stepL2.cpp:2018]   --->   Operation 5 'alloca' 'index' <Predicate = true> <Delay = 0.00>
ST_1 : Operation 6 [1/1] (0.00ns)   --->   "%empty = alloca i32 1"   --->   Operation 6 'alloca' 'empty' <Predicate = true> <Delay = 0.00>
ST_1 : Operation 7 [1/1] (0.00ns)   --->   "%empty_782 = alloca i32 1"   --->   Operation 7 'alloca' 'empty_782' <Predicate = true> <Delay = 0.00>
ST_1 : Operation 8 [1/1] (0.00ns)   --->   "%empty_783 = alloca i32 1"   --->   Operation 8 'alloca' 'empty_783' <Predicate = true> <Delay = 0.00>
ST_1 : Operation 9 [1/1] (0.00ns)   --->   "%empty_784 = alloca i32 1"   --->   Operation 9 'alloca' 'empty_784' <Predicate = true> <Delay = 0.00>
ST_1 : Operation 10 [1/1] (0.00ns)   --->   "%empty_785 = alloca i32 1"   --->   Operation 10 'alloca' 'empty_785' <Predicate = true> <Delay = 0.00>
ST_1 : Operation 11 [1/1] (0.00ns)   --->   "%empty_786 = alloca i32 1"   --->   Operation 11 'alloca' 'empty_786' <Predicate = true> <Delay = 0.00>
ST_1 : Operation 12 [1/1] (0.00ns)   --->   "%empty_787 = alloca i32 1"   --->   Operation 12 'alloca' 'empty_787' <Predicate = true> <Delay = 0.00>
ST_1 : Operation 13 [1/1] (0.00ns)   --->   "%empty_788 = alloca i32 1"   --->   Operation 13 'alloca' 'empty_788' <Predicate = true> <Delay = 0.00>
ST_1 : Operation 14 [1/1] (0.00ns)   --->   "%empty_789 = alloca i32 1"   --->   Operation 14 'alloca' 'empty_789' <Predicate = true> <Delay = 0.00>
ST_1 : Operation 15 [1/1] (0.00ns)   --->   "%empty_790 = alloca i32 1"   --->   Operation 15 'alloca' 'empty_790' <Predicate = true> <Delay = 0.00>
ST_1 : Operation 16 [1/1] (0.00ns)   --->   "%empty_791 = alloca i32 1"   --->   Operation 16 'alloca' 'empty_791' <Predicate = true> <Delay = 0.00>
ST_1 : Operation 17 [1/1] (0.00ns)   --->   "%empty_792 = alloca i32 1"   --->   Operation 17 'alloca' 'empty_792' <Predicate = true> <Delay = 0.00>
ST_1 : Operation 18 [1/1] (0.00ns)   --->   "%empty_793 = alloca i32 1"   --->   Operation 18 'alloca' 'empty_793' <Predicate = true> <Delay = 0.00>
ST_1 : Operation 19 [1/1] (0.00ns)   --->   "%empty_794 = alloca i32 1"   --->   Operation 19 'alloca' 'empty_794' <Predicate = true> <Delay = 0.00>
ST_1 : Operation 20 [1/1] (0.00ns)   --->   "%empty_795 = alloca i32 1"   --->   Operation 20 'alloca' 'empty_795' <Predicate = true> <Delay = 0.00>
ST_1 : Operation 21 [1/1] (0.00ns)   --->   "%empty_796 = alloca i32 1"   --->   Operation 21 'alloca' 'empty_796' <Predicate = true> <Delay = 0.00>
ST_1 : Operation 22 [1/1] (0.00ns)   --->   "%empty_797 = alloca i32 1"   --->   Operation 22 'alloca' 'empty_797' <Predicate = true> <Delay = 0.00>
ST_1 : Operation 23 [1/1] (0.00ns)   --->   "%empty_798 = alloca i32 1"   --->   Operation 23 'alloca' 'empty_798' <Predicate = true> <Delay = 0.00>
ST_1 : Operation 24 [1/1] (0.00ns)   --->   "%empty_799 = alloca i32 1"   --->   Operation 24 'alloca' 'empty_799' <Predicate = true> <Delay = 0.00>
ST_1 : Operation 25 [1/1] (0.00ns)   --->   "%empty_800 = alloca i32 1"   --->   Operation 25 'alloca' 'empty_800' <Predicate = true> <Delay = 0.00>
ST_1 : Operation 26 [1/1] (0.00ns)   --->   "%empty_801 = alloca i32 1"   --->   Operation 26 'alloca' 'empty_801' <Predicate = true> <Delay = 0.00>
ST_1 : Operation 27 [1/1] (0.00ns)   --->   "%empty_802 = alloca i32 1"   --->   Operation 27 'alloca' 'empty_802' <Predicate = true> <Delay = 0.00>
ST_1 : Operation 28 [1/1] (0.00ns)   --->   "%empty_803 = alloca i32 1"   --->   Operation 28 'alloca' 'empty_803' <Predicate = true> <Delay = 0.00>
ST_1 : Operation 29 [1/1] (0.00ns)   --->   "%empty_804 = alloca i32 1"   --->   Operation 29 'alloca' 'empty_804' <Predicate = true> <Delay = 0.00>
ST_1 : Operation 30 [1/1] (0.00ns)   --->   "%empty_805 = alloca i32 1"   --->   Operation 30 'alloca' 'empty_805' <Predicate = true> <Delay = 0.00>
ST_1 : Operation 31 [1/1] (0.00ns)   --->   "%empty_806 = alloca i32 1"   --->   Operation 31 'alloca' 'empty_806' <Predicate = true> <Delay = 0.00>
ST_1 : Operation 32 [1/1] (0.00ns)   --->   "%empty_807 = alloca i32 1"   --->   Operation 32 'alloca' 'empty_807' <Predicate = true> <Delay = 0.00>
ST_1 : Operation 33 [1/1] (0.00ns)   --->   "%empty_808 = alloca i32 1"   --->   Operation 33 'alloca' 'empty_808' <Predicate = true> <Delay = 0.00>
ST_1 : Operation 34 [1/1] (0.00ns)   --->   "%empty_809 = alloca i32 1"   --->   Operation 34 'alloca' 'empty_809' <Predicate = true> <Delay = 0.00>
ST_1 : Operation 35 [1/1] (0.00ns)   --->   "%empty_810 = alloca i32 1"   --->   Operation 35 'alloca' 'empty_810' <Predicate = true> <Delay = 0.00>
ST_1 : Operation 36 [1/1] (0.00ns)   --->   "%empty_811 = alloca i32 1"   --->   Operation 36 'alloca' 'empty_811' <Predicate = true> <Delay = 0.00>
ST_1 : Operation 37 [1/1] (0.00ns)   --->   "%empty_812 = alloca i32 1"   --->   Operation 37 'alloca' 'empty_812' <Predicate = true> <Delay = 0.00>
ST_1 : Operation 38 [1/1] (0.00ns)   --->   "%empty_813 = alloca i32 1"   --->   Operation 38 'alloca' 'empty_813' <Predicate = true> <Delay = 0.00>
ST_1 : Operation 39 [1/1] (0.00ns)   --->   "%empty_814 = alloca i32 1"   --->   Operation 39 'alloca' 'empty_814' <Predicate = true> <Delay = 0.00>
ST_1 : Operation 40 [1/1] (0.00ns)   --->   "%empty_815 = alloca i32 1"   --->   Operation 40 'alloca' 'empty_815' <Predicate = true> <Delay = 0.00>
ST_1 : Operation 41 [1/1] (0.00ns)   --->   "%empty_816 = alloca i32 1"   --->   Operation 41 'alloca' 'empty_816' <Predicate = true> <Delay = 0.00>
ST_1 : Operation 42 [1/1] (0.00ns)   --->   "%empty_817 = alloca i32 1"   --->   Operation 42 'alloca' 'empty_817' <Predicate = true> <Delay = 0.00>
ST_1 : Operation 43 [1/1] (0.00ns)   --->   "%empty_818 = alloca i32 1"   --->   Operation 43 'alloca' 'empty_818' <Predicate = true> <Delay = 0.00>
ST_1 : Operation 44 [1/1] (0.00ns)   --->   "%empty_819 = alloca i32 1"   --->   Operation 44 'alloca' 'empty_819' <Predicate = true> <Delay = 0.00>
ST_1 : Operation 45 [1/1] (0.00ns)   --->   "%empty_820 = alloca i32 1"   --->   Operation 45 'alloca' 'empty_820' <Predicate = true> <Delay = 0.00>
ST_1 : Operation 46 [1/1] (0.00ns)   --->   "%empty_821 = alloca i32 1"   --->   Operation 46 'alloca' 'empty_821' <Predicate = true> <Delay = 0.00>
ST_1 : Operation 47 [1/1] (0.00ns)   --->   "%empty_822 = alloca i32 1"   --->   Operation 47 'alloca' 'empty_822' <Predicate = true> <Delay = 0.00>
ST_1 : Operation 48 [1/1] (0.00ns)   --->   "%empty_823 = alloca i32 1"   --->   Operation 48 'alloca' 'empty_823' <Predicate = true> <Delay = 0.00>
ST_1 : Operation 49 [1/1] (0.00ns)   --->   "%empty_824 = alloca i32 1"   --->   Operation 49 'alloca' 'empty_824' <Predicate = true> <Delay = 0.00>
ST_1 : Operation 50 [1/1] (0.00ns)   --->   "%empty_825 = alloca i32 1"   --->   Operation 50 'alloca' 'empty_825' <Predicate = true> <Delay = 0.00>
ST_1 : Operation 51 [1/1] (0.00ns)   --->   "%empty_826 = alloca i32 1"   --->   Operation 51 'alloca' 'empty_826' <Predicate = true> <Delay = 0.00>
ST_1 : Operation 52 [1/1] (0.00ns)   --->   "%empty_827 = alloca i32 1"   --->   Operation 52 'alloca' 'empty_827' <Predicate = true> <Delay = 0.00>
ST_1 : Operation 53 [1/1] (0.00ns)   --->   "%empty_828 = alloca i32 1"   --->   Operation 53 'alloca' 'empty_828' <Predicate = true> <Delay = 0.00>
ST_1 : Operation 54 [1/1] (0.00ns)   --->   "%empty_829 = alloca i32 1"   --->   Operation 54 'alloca' 'empty_829' <Predicate = true> <Delay = 0.00>
ST_1 : Operation 55 [1/1] (0.00ns)   --->   "%empty_830 = alloca i32 1"   --->   Operation 55 'alloca' 'empty_830' <Predicate = true> <Delay = 0.00>
ST_1 : Operation 56 [1/1] (0.00ns)   --->   "%empty_831 = alloca i32 1"   --->   Operation 56 'alloca' 'empty_831' <Predicate = true> <Delay = 0.00>
ST_1 : Operation 57 [1/1] (0.00ns)   --->   "%empty_832 = alloca i32 1"   --->   Operation 57 'alloca' 'empty_832' <Predicate = true> <Delay = 0.00>
ST_1 : Operation 58 [1/1] (0.00ns)   --->   "%empty_833 = alloca i32 1"   --->   Operation 58 'alloca' 'empty_833' <Predicate = true> <Delay = 0.00>
ST_1 : Operation 59 [1/1] (0.00ns)   --->   "%empty_834 = alloca i32 1"   --->   Operation 59 'alloca' 'empty_834' <Predicate = true> <Delay = 0.00>
ST_1 : Operation 60 [1/1] (0.00ns)   --->   "%empty_835 = alloca i32 1"   --->   Operation 60 'alloca' 'empty_835' <Predicate = true> <Delay = 0.00>
ST_1 : Operation 61 [1/1] (0.00ns)   --->   "%empty_836 = alloca i32 1"   --->   Operation 61 'alloca' 'empty_836' <Predicate = true> <Delay = 0.00>
ST_1 : Operation 62 [1/1] (0.00ns)   --->   "%empty_837 = alloca i32 1"   --->   Operation 62 'alloca' 'empty_837' <Predicate = true> <Delay = 0.00>
ST_1 : Operation 63 [1/1] (0.00ns)   --->   "%empty_838 = alloca i32 1"   --->   Operation 63 'alloca' 'empty_838' <Predicate = true> <Delay = 0.00>
ST_1 : Operation 64 [1/1] (0.00ns)   --->   "%empty_839 = alloca i32 1"   --->   Operation 64 'alloca' 'empty_839' <Predicate = true> <Delay = 0.00>
ST_1 : Operation 65 [1/1] (0.00ns)   --->   "%empty_840 = alloca i32 1"   --->   Operation 65 'alloca' 'empty_840' <Predicate = true> <Delay = 0.00>
ST_1 : Operation 66 [1/1] (0.00ns)   --->   "%empty_841 = alloca i32 1"   --->   Operation 66 'alloca' 'empty_841' <Predicate = true> <Delay = 0.00>
ST_1 : Operation 67 [1/1] (0.00ns)   --->   "%empty_842 = alloca i32 1"   --->   Operation 67 'alloca' 'empty_842' <Predicate = true> <Delay = 0.00>
ST_1 : Operation 68 [1/1] (0.00ns)   --->   "%empty_843 = alloca i32 1"   --->   Operation 68 'alloca' 'empty_843' <Predicate = true> <Delay = 0.00>
ST_1 : Operation 69 [1/1] (0.00ns)   --->   "%empty_844 = alloca i32 1"   --->   Operation 69 'alloca' 'empty_844' <Predicate = true> <Delay = 0.00>
ST_1 : Operation 70 [1/1] (0.00ns)   --->   "%empty_845 = alloca i32 1"   --->   Operation 70 'alloca' 'empty_845' <Predicate = true> <Delay = 0.00>
ST_1 : Operation 71 [1/1] (0.00ns)   --->   "%empty_846 = alloca i32 1"   --->   Operation 71 'alloca' 'empty_846' <Predicate = true> <Delay = 0.00>
ST_1 : Operation 72 [1/1] (0.00ns)   --->   "%empty_847 = alloca i32 1"   --->   Operation 72 'alloca' 'empty_847' <Predicate = true> <Delay = 0.00>
ST_1 : Operation 73 [1/1] (0.00ns)   --->   "%empty_848 = alloca i32 1"   --->   Operation 73 'alloca' 'empty_848' <Predicate = true> <Delay = 0.00>
ST_1 : Operation 74 [1/1] (0.00ns)   --->   "%empty_849 = alloca i32 1"   --->   Operation 74 'alloca' 'empty_849' <Predicate = true> <Delay = 0.00>
ST_1 : Operation 75 [1/1] (0.00ns)   --->   "%empty_850 = alloca i32 1"   --->   Operation 75 'alloca' 'empty_850' <Predicate = true> <Delay = 0.00>
ST_1 : Operation 76 [1/1] (0.00ns)   --->   "%empty_851 = alloca i32 1"   --->   Operation 76 'alloca' 'empty_851' <Predicate = true> <Delay = 0.00>
ST_1 : Operation 77 [1/1] (0.00ns)   --->   "%empty_852 = alloca i32 1"   --->   Operation 77 'alloca' 'empty_852' <Predicate = true> <Delay = 0.00>
ST_1 : Operation 78 [1/1] (0.00ns)   --->   "%empty_853 = alloca i32 1"   --->   Operation 78 'alloca' 'empty_853' <Predicate = true> <Delay = 0.00>
ST_1 : Operation 79 [1/1] (0.00ns)   --->   "%empty_854 = alloca i32 1"   --->   Operation 79 'alloca' 'empty_854' <Predicate = true> <Delay = 0.00>
ST_1 : Operation 80 [1/1] (0.00ns)   --->   "%empty_855 = alloca i32 1"   --->   Operation 80 'alloca' 'empty_855' <Predicate = true> <Delay = 0.00>
ST_1 : Operation 81 [1/1] (0.00ns)   --->   "%empty_856 = alloca i32 1"   --->   Operation 81 'alloca' 'empty_856' <Predicate = true> <Delay = 0.00>
ST_1 : Operation 82 [1/1] (0.00ns)   --->   "%empty_857 = alloca i32 1"   --->   Operation 82 'alloca' 'empty_857' <Predicate = true> <Delay = 0.00>
ST_1 : Operation 83 [1/1] (0.00ns)   --->   "%empty_858 = alloca i32 1"   --->   Operation 83 'alloca' 'empty_858' <Predicate = true> <Delay = 0.00>
ST_1 : Operation 84 [1/1] (0.00ns)   --->   "%empty_859 = alloca i32 1"   --->   Operation 84 'alloca' 'empty_859' <Predicate = true> <Delay = 0.00>
ST_1 : Operation 85 [1/1] (0.00ns)   --->   "%empty_860 = alloca i32 1"   --->   Operation 85 'alloca' 'empty_860' <Predicate = true> <Delay = 0.00>
ST_1 : Operation 86 [1/1] (0.00ns)   --->   "%empty_861 = alloca i32 1"   --->   Operation 86 'alloca' 'empty_861' <Predicate = true> <Delay = 0.00>
ST_1 : Operation 87 [1/1] (0.00ns)   --->   "%empty_862 = alloca i32 1"   --->   Operation 87 'alloca' 'empty_862' <Predicate = true> <Delay = 0.00>
ST_1 : Operation 88 [1/1] (0.00ns)   --->   "%empty_863 = alloca i32 1"   --->   Operation 88 'alloca' 'empty_863' <Predicate = true> <Delay = 0.00>
ST_1 : Operation 89 [1/1] (0.00ns)   --->   "%empty_864 = alloca i32 1"   --->   Operation 89 'alloca' 'empty_864' <Predicate = true> <Delay = 0.00>
ST_1 : Operation 90 [1/1] (0.00ns)   --->   "%empty_865 = alloca i32 1"   --->   Operation 90 'alloca' 'empty_865' <Predicate = true> <Delay = 0.00>
ST_1 : Operation 91 [1/1] (0.00ns)   --->   "%empty_866 = alloca i32 1"   --->   Operation 91 'alloca' 'empty_866' <Predicate = true> <Delay = 0.00>
ST_1 : Operation 92 [1/1] (0.00ns)   --->   "%empty_867 = alloca i32 1"   --->   Operation 92 'alloca' 'empty_867' <Predicate = true> <Delay = 0.00>
ST_1 : Operation 93 [1/1] (0.00ns)   --->   "%empty_868 = alloca i32 1"   --->   Operation 93 'alloca' 'empty_868' <Predicate = true> <Delay = 0.00>
ST_1 : Operation 94 [1/1] (0.00ns)   --->   "%empty_869 = alloca i32 1"   --->   Operation 94 'alloca' 'empty_869' <Predicate = true> <Delay = 0.00>
ST_1 : Operation 95 [1/1] (0.00ns)   --->   "%empty_870 = alloca i32 1"   --->   Operation 95 'alloca' 'empty_870' <Predicate = true> <Delay = 0.00>
ST_1 : Operation 96 [1/1] (0.00ns)   --->   "%empty_871 = alloca i32 1"   --->   Operation 96 'alloca' 'empty_871' <Predicate = true> <Delay = 0.00>
ST_1 : Operation 97 [1/1] (0.00ns)   --->   "%empty_872 = alloca i32 1"   --->   Operation 97 'alloca' 'empty_872' <Predicate = true> <Delay = 0.00>
ST_1 : Operation 98 [1/1] (0.00ns)   --->   "%empty_873 = alloca i32 1"   --->   Operation 98 'alloca' 'empty_873' <Predicate = true> <Delay = 0.00>
ST_1 : Operation 99 [1/1] (0.00ns)   --->   "%empty_874 = alloca i32 1"   --->   Operation 99 'alloca' 'empty_874' <Predicate = true> <Delay = 0.00>
ST_1 : Operation 100 [1/1] (0.00ns)   --->   "%empty_875 = alloca i32 1"   --->   Operation 100 'alloca' 'empty_875' <Predicate = true> <Delay = 0.00>
ST_1 : Operation 101 [1/1] (0.00ns)   --->   "%empty_876 = alloca i32 1"   --->   Operation 101 'alloca' 'empty_876' <Predicate = true> <Delay = 0.00>
ST_1 : Operation 102 [1/1] (0.00ns)   --->   "%empty_877 = alloca i32 1"   --->   Operation 102 'alloca' 'empty_877' <Predicate = true> <Delay = 0.00>
ST_1 : Operation 103 [1/1] (0.00ns)   --->   "%empty_878 = alloca i32 1"   --->   Operation 103 'alloca' 'empty_878' <Predicate = true> <Delay = 0.00>
ST_1 : Operation 104 [1/1] (0.00ns)   --->   "%empty_879 = alloca i32 1"   --->   Operation 104 'alloca' 'empty_879' <Predicate = true> <Delay = 0.00>
ST_1 : Operation 105 [1/1] (0.00ns)   --->   "%empty_880 = alloca i32 1"   --->   Operation 105 'alloca' 'empty_880' <Predicate = true> <Delay = 0.00>
ST_1 : Operation 106 [1/1] (0.00ns)   --->   "%empty_881 = alloca i32 1"   --->   Operation 106 'alloca' 'empty_881' <Predicate = true> <Delay = 0.00>
ST_1 : Operation 107 [1/1] (0.00ns)   --->   "%empty_882 = alloca i32 1"   --->   Operation 107 'alloca' 'empty_882' <Predicate = true> <Delay = 0.00>
ST_1 : Operation 108 [1/1] (0.00ns)   --->   "%empty_883 = alloca i32 1"   --->   Operation 108 'alloca' 'empty_883' <Predicate = true> <Delay = 0.00>
ST_1 : Operation 109 [1/1] (0.00ns)   --->   "%empty_884 = alloca i32 1"   --->   Operation 109 'alloca' 'empty_884' <Predicate = true> <Delay = 0.00>
ST_1 : Operation 110 [1/1] (0.00ns)   --->   "%empty_885 = alloca i32 1"   --->   Operation 110 'alloca' 'empty_885' <Predicate = true> <Delay = 0.00>
ST_1 : Operation 111 [1/1] (0.00ns)   --->   "%empty_886 = alloca i32 1"   --->   Operation 111 'alloca' 'empty_886' <Predicate = true> <Delay = 0.00>
ST_1 : Operation 112 [1/1] (0.00ns)   --->   "%empty_887 = alloca i32 1"   --->   Operation 112 'alloca' 'empty_887' <Predicate = true> <Delay = 0.00>
ST_1 : Operation 113 [1/1] (0.00ns)   --->   "%empty_888 = alloca i32 1"   --->   Operation 113 'alloca' 'empty_888' <Predicate = true> <Delay = 0.00>
ST_1 : Operation 114 [1/1] (0.00ns)   --->   "%empty_889 = alloca i32 1"   --->   Operation 114 'alloca' 'empty_889' <Predicate = true> <Delay = 0.00>
ST_1 : Operation 115 [1/1] (0.00ns)   --->   "%empty_890 = alloca i32 1"   --->   Operation 115 'alloca' 'empty_890' <Predicate = true> <Delay = 0.00>
ST_1 : Operation 116 [1/1] (0.00ns)   --->   "%empty_891 = alloca i32 1"   --->   Operation 116 'alloca' 'empty_891' <Predicate = true> <Delay = 0.00>
ST_1 : Operation 117 [1/1] (0.00ns)   --->   "%empty_892 = alloca i32 1"   --->   Operation 117 'alloca' 'empty_892' <Predicate = true> <Delay = 0.00>
ST_1 : Operation 118 [1/1] (0.00ns)   --->   "%empty_893 = alloca i32 1"   --->   Operation 118 'alloca' 'empty_893' <Predicate = true> <Delay = 0.00>
ST_1 : Operation 119 [1/1] (0.00ns)   --->   "%empty_894 = alloca i32 1"   --->   Operation 119 'alloca' 'empty_894' <Predicate = true> <Delay = 0.00>
ST_1 : Operation 120 [1/1] (0.00ns)   --->   "%empty_895 = alloca i32 1"   --->   Operation 120 'alloca' 'empty_895' <Predicate = true> <Delay = 0.00>
ST_1 : Operation 121 [1/1] (0.00ns)   --->   "%empty_896 = alloca i32 1"   --->   Operation 121 'alloca' 'empty_896' <Predicate = true> <Delay = 0.00>
ST_1 : Operation 122 [1/1] (0.00ns)   --->   "%empty_897 = alloca i32 1"   --->   Operation 122 'alloca' 'empty_897' <Predicate = true> <Delay = 0.00>
ST_1 : Operation 123 [1/1] (0.00ns)   --->   "%empty_898 = alloca i32 1"   --->   Operation 123 'alloca' 'empty_898' <Predicate = true> <Delay = 0.00>
ST_1 : Operation 124 [1/1] (0.00ns)   --->   "%empty_899 = alloca i32 1"   --->   Operation 124 'alloca' 'empty_899' <Predicate = true> <Delay = 0.00>
ST_1 : Operation 125 [1/1] (0.00ns)   --->   "%empty_900 = alloca i32 1"   --->   Operation 125 'alloca' 'empty_900' <Predicate = true> <Delay = 0.00>
ST_1 : Operation 126 [1/1] (0.00ns)   --->   "%empty_901 = alloca i32 1"   --->   Operation 126 'alloca' 'empty_901' <Predicate = true> <Delay = 0.00>
ST_1 : Operation 127 [1/1] (0.00ns)   --->   "%empty_902 = alloca i32 1"   --->   Operation 127 'alloca' 'empty_902' <Predicate = true> <Delay = 0.00>
ST_1 : Operation 128 [1/1] (0.00ns)   --->   "%empty_903 = alloca i32 1"   --->   Operation 128 'alloca' 'empty_903' <Predicate = true> <Delay = 0.00>
ST_1 : Operation 129 [1/1] (0.00ns)   --->   "%empty_904 = alloca i32 1"   --->   Operation 129 'alloca' 'empty_904' <Predicate = true> <Delay = 0.00>
ST_1 : Operation 130 [1/1] (0.00ns)   --->   "%empty_905 = alloca i32 1"   --->   Operation 130 'alloca' 'empty_905' <Predicate = true> <Delay = 0.00>
ST_1 : Operation 131 [1/1] (0.00ns)   --->   "%empty_906 = alloca i32 1"   --->   Operation 131 'alloca' 'empty_906' <Predicate = true> <Delay = 0.00>
ST_1 : Operation 132 [1/1] (0.00ns)   --->   "%empty_907 = alloca i32 1"   --->   Operation 132 'alloca' 'empty_907' <Predicate = true> <Delay = 0.00>
ST_1 : Operation 133 [1/1] (0.00ns)   --->   "%empty_908 = alloca i32 1"   --->   Operation 133 'alloca' 'empty_908' <Predicate = true> <Delay = 0.00>
ST_1 : Operation 134 [1/1] (0.00ns)   --->   "%empty_909 = alloca i32 1"   --->   Operation 134 'alloca' 'empty_909' <Predicate = true> <Delay = 0.00>
ST_1 : Operation 135 [1/1] (0.00ns)   --->   "%empty_910 = alloca i32 1"   --->   Operation 135 'alloca' 'empty_910' <Predicate = true> <Delay = 0.00>
ST_1 : Operation 136 [1/1] (0.00ns)   --->   "%empty_911 = alloca i32 1"   --->   Operation 136 'alloca' 'empty_911' <Predicate = true> <Delay = 0.00>
ST_1 : Operation 137 [1/1] (0.00ns)   --->   "%empty_912 = alloca i32 1"   --->   Operation 137 'alloca' 'empty_912' <Predicate = true> <Delay = 0.00>
ST_1 : Operation 138 [1/1] (0.00ns)   --->   "%empty_913 = alloca i32 1"   --->   Operation 138 'alloca' 'empty_913' <Predicate = true> <Delay = 0.00>
ST_1 : Operation 139 [1/1] (0.00ns)   --->   "%empty_914 = alloca i32 1"   --->   Operation 139 'alloca' 'empty_914' <Predicate = true> <Delay = 0.00>
ST_1 : Operation 140 [1/1] (0.00ns)   --->   "%empty_915 = alloca i32 1"   --->   Operation 140 'alloca' 'empty_915' <Predicate = true> <Delay = 0.00>
ST_1 : Operation 141 [1/1] (0.00ns)   --->   "%empty_916 = alloca i32 1"   --->   Operation 141 'alloca' 'empty_916' <Predicate = true> <Delay = 0.00>
ST_1 : Operation 142 [1/1] (0.00ns)   --->   "%empty_917 = alloca i32 1"   --->   Operation 142 'alloca' 'empty_917' <Predicate = true> <Delay = 0.00>
ST_1 : Operation 143 [1/1] (0.00ns)   --->   "%empty_918 = alloca i32 1"   --->   Operation 143 'alloca' 'empty_918' <Predicate = true> <Delay = 0.00>
ST_1 : Operation 144 [1/1] (0.00ns)   --->   "%empty_919 = alloca i32 1"   --->   Operation 144 'alloca' 'empty_919' <Predicate = true> <Delay = 0.00>
ST_1 : Operation 145 [1/1] (0.00ns)   --->   "%empty_920 = alloca i32 1"   --->   Operation 145 'alloca' 'empty_920' <Predicate = true> <Delay = 0.00>
ST_1 : Operation 146 [1/1] (0.00ns)   --->   "%empty_921 = alloca i32 1"   --->   Operation 146 'alloca' 'empty_921' <Predicate = true> <Delay = 0.00>
ST_1 : Operation 147 [1/1] (0.00ns)   --->   "%empty_922 = alloca i32 1"   --->   Operation 147 'alloca' 'empty_922' <Predicate = true> <Delay = 0.00>
ST_1 : Operation 148 [1/1] (0.00ns)   --->   "%empty_923 = alloca i32 1"   --->   Operation 148 'alloca' 'empty_923' <Predicate = true> <Delay = 0.00>
ST_1 : Operation 149 [1/1] (0.00ns)   --->   "%empty_924 = alloca i32 1"   --->   Operation 149 'alloca' 'empty_924' <Predicate = true> <Delay = 0.00>
ST_1 : Operation 150 [1/1] (0.00ns)   --->   "%empty_925 = alloca i32 1"   --->   Operation 150 'alloca' 'empty_925' <Predicate = true> <Delay = 0.00>
ST_1 : Operation 151 [1/1] (0.00ns)   --->   "%empty_926 = alloca i32 1"   --->   Operation 151 'alloca' 'empty_926' <Predicate = true> <Delay = 0.00>
ST_1 : Operation 152 [1/1] (0.00ns)   --->   "%empty_927 = alloca i32 1"   --->   Operation 152 'alloca' 'empty_927' <Predicate = true> <Delay = 0.00>
ST_1 : Operation 153 [1/1] (0.00ns)   --->   "%empty_928 = alloca i32 1"   --->   Operation 153 'alloca' 'empty_928' <Predicate = true> <Delay = 0.00>
ST_1 : Operation 154 [1/1] (0.00ns)   --->   "%empty_929 = alloca i32 1"   --->   Operation 154 'alloca' 'empty_929' <Predicate = true> <Delay = 0.00>
ST_1 : Operation 155 [1/1] (0.00ns)   --->   "%empty_930 = alloca i32 1"   --->   Operation 155 'alloca' 'empty_930' <Predicate = true> <Delay = 0.00>
ST_1 : Operation 156 [1/1] (0.00ns)   --->   "%empty_931 = alloca i32 1"   --->   Operation 156 'alloca' 'empty_931' <Predicate = true> <Delay = 0.00>
ST_1 : Operation 157 [1/1] (0.00ns)   --->   "%empty_932 = alloca i32 1"   --->   Operation 157 'alloca' 'empty_932' <Predicate = true> <Delay = 0.00>
ST_1 : Operation 158 [1/1] (0.00ns)   --->   "%empty_933 = alloca i32 1"   --->   Operation 158 'alloca' 'empty_933' <Predicate = true> <Delay = 0.00>
ST_1 : Operation 159 [1/1] (0.00ns)   --->   "%empty_934 = alloca i32 1"   --->   Operation 159 'alloca' 'empty_934' <Predicate = true> <Delay = 0.00>
ST_1 : Operation 160 [1/1] (0.00ns)   --->   "%empty_935 = alloca i32 1"   --->   Operation 160 'alloca' 'empty_935' <Predicate = true> <Delay = 0.00>
ST_1 : Operation 161 [1/1] (0.00ns)   --->   "%empty_936 = alloca i32 1"   --->   Operation 161 'alloca' 'empty_936' <Predicate = true> <Delay = 0.00>
ST_1 : Operation 162 [1/1] (0.00ns)   --->   "%empty_937 = alloca i32 1"   --->   Operation 162 'alloca' 'empty_937' <Predicate = true> <Delay = 0.00>
ST_1 : Operation 163 [1/1] (0.00ns)   --->   "%empty_938 = alloca i32 1"   --->   Operation 163 'alloca' 'empty_938' <Predicate = true> <Delay = 0.00>
ST_1 : Operation 164 [1/1] (0.00ns)   --->   "%empty_939 = alloca i32 1"   --->   Operation 164 'alloca' 'empty_939' <Predicate = true> <Delay = 0.00>
ST_1 : Operation 165 [1/1] (0.00ns)   --->   "%empty_940 = alloca i32 1"   --->   Operation 165 'alloca' 'empty_940' <Predicate = true> <Delay = 0.00>
ST_1 : Operation 166 [1/1] (0.00ns)   --->   "%empty_941 = alloca i32 1"   --->   Operation 166 'alloca' 'empty_941' <Predicate = true> <Delay = 0.00>
ST_1 : Operation 167 [1/1] (0.00ns)   --->   "%empty_942 = alloca i32 1"   --->   Operation 167 'alloca' 'empty_942' <Predicate = true> <Delay = 0.00>
ST_1 : Operation 168 [1/1] (0.00ns)   --->   "%empty_943 = alloca i32 1"   --->   Operation 168 'alloca' 'empty_943' <Predicate = true> <Delay = 0.00>
ST_1 : Operation 169 [1/1] (0.00ns)   --->   "%empty_944 = alloca i32 1"   --->   Operation 169 'alloca' 'empty_944' <Predicate = true> <Delay = 0.00>
ST_1 : Operation 170 [1/1] (0.00ns)   --->   "%empty_945 = alloca i32 1"   --->   Operation 170 'alloca' 'empty_945' <Predicate = true> <Delay = 0.00>
ST_1 : Operation 171 [1/1] (0.00ns)   --->   "%empty_946 = alloca i32 1"   --->   Operation 171 'alloca' 'empty_946' <Predicate = true> <Delay = 0.00>
ST_1 : Operation 172 [1/1] (0.00ns)   --->   "%empty_947 = alloca i32 1"   --->   Operation 172 'alloca' 'empty_947' <Predicate = true> <Delay = 0.00>
ST_1 : Operation 173 [1/1] (0.00ns)   --->   "%empty_948 = alloca i32 1"   --->   Operation 173 'alloca' 'empty_948' <Predicate = true> <Delay = 0.00>
ST_1 : Operation 174 [1/1] (0.00ns)   --->   "%empty_949 = alloca i32 1"   --->   Operation 174 'alloca' 'empty_949' <Predicate = true> <Delay = 0.00>
ST_1 : Operation 175 [1/1] (0.00ns)   --->   "%empty_950 = alloca i32 1"   --->   Operation 175 'alloca' 'empty_950' <Predicate = true> <Delay = 0.00>
ST_1 : Operation 176 [1/1] (0.00ns)   --->   "%empty_951 = alloca i32 1"   --->   Operation 176 'alloca' 'empty_951' <Predicate = true> <Delay = 0.00>
ST_1 : Operation 177 [1/1] (0.00ns)   --->   "%empty_952 = alloca i32 1"   --->   Operation 177 'alloca' 'empty_952' <Predicate = true> <Delay = 0.00>
ST_1 : Operation 178 [1/1] (0.00ns)   --->   "%empty_953 = alloca i32 1"   --->   Operation 178 'alloca' 'empty_953' <Predicate = true> <Delay = 0.00>
ST_1 : Operation 179 [1/1] (0.00ns)   --->   "%empty_954 = alloca i32 1"   --->   Operation 179 'alloca' 'empty_954' <Predicate = true> <Delay = 0.00>
ST_1 : Operation 180 [1/1] (0.00ns)   --->   "%empty_955 = alloca i32 1"   --->   Operation 180 'alloca' 'empty_955' <Predicate = true> <Delay = 0.00>
ST_1 : Operation 181 [1/1] (0.00ns)   --->   "%empty_956 = alloca i32 1"   --->   Operation 181 'alloca' 'empty_956' <Predicate = true> <Delay = 0.00>
ST_1 : Operation 182 [1/1] (0.00ns)   --->   "%empty_957 = alloca i32 1"   --->   Operation 182 'alloca' 'empty_957' <Predicate = true> <Delay = 0.00>
ST_1 : Operation 183 [1/1] (0.00ns)   --->   "%empty_958 = alloca i32 1"   --->   Operation 183 'alloca' 'empty_958' <Predicate = true> <Delay = 0.00>
ST_1 : Operation 184 [1/1] (0.00ns)   --->   "%empty_959 = alloca i32 1"   --->   Operation 184 'alloca' 'empty_959' <Predicate = true> <Delay = 0.00>
ST_1 : Operation 185 [1/1] (0.00ns)   --->   "%empty_960 = alloca i32 1"   --->   Operation 185 'alloca' 'empty_960' <Predicate = true> <Delay = 0.00>
ST_1 : Operation 186 [1/1] (0.00ns)   --->   "%empty_961 = alloca i32 1"   --->   Operation 186 'alloca' 'empty_961' <Predicate = true> <Delay = 0.00>
ST_1 : Operation 187 [1/1] (0.00ns)   --->   "%empty_962 = alloca i32 1"   --->   Operation 187 'alloca' 'empty_962' <Predicate = true> <Delay = 0.00>
ST_1 : Operation 188 [1/1] (0.00ns)   --->   "%empty_963 = alloca i32 1"   --->   Operation 188 'alloca' 'empty_963' <Predicate = true> <Delay = 0.00>
ST_1 : Operation 189 [1/1] (0.00ns)   --->   "%empty_964 = alloca i32 1"   --->   Operation 189 'alloca' 'empty_964' <Predicate = true> <Delay = 0.00>
ST_1 : Operation 190 [1/1] (0.00ns)   --->   "%empty_965 = alloca i32 1"   --->   Operation 190 'alloca' 'empty_965' <Predicate = true> <Delay = 0.00>
ST_1 : Operation 191 [1/1] (0.00ns)   --->   "%empty_966 = alloca i32 1"   --->   Operation 191 'alloca' 'empty_966' <Predicate = true> <Delay = 0.00>
ST_1 : Operation 192 [1/1] (0.00ns)   --->   "%empty_967 = alloca i32 1"   --->   Operation 192 'alloca' 'empty_967' <Predicate = true> <Delay = 0.00>
ST_1 : Operation 193 [1/1] (0.00ns)   --->   "%empty_968 = alloca i32 1"   --->   Operation 193 'alloca' 'empty_968' <Predicate = true> <Delay = 0.00>
ST_1 : Operation 194 [1/1] (0.00ns)   --->   "%empty_969 = alloca i32 1"   --->   Operation 194 'alloca' 'empty_969' <Predicate = true> <Delay = 0.00>
ST_1 : Operation 195 [1/1] (0.00ns)   --->   "%empty_970 = alloca i32 1"   --->   Operation 195 'alloca' 'empty_970' <Predicate = true> <Delay = 0.00>
ST_1 : Operation 196 [1/1] (0.00ns)   --->   "%empty_971 = alloca i32 1"   --->   Operation 196 'alloca' 'empty_971' <Predicate = true> <Delay = 0.00>
ST_1 : Operation 197 [1/1] (0.00ns)   --->   "%empty_972 = alloca i32 1"   --->   Operation 197 'alloca' 'empty_972' <Predicate = true> <Delay = 0.00>
ST_1 : Operation 198 [1/1] (0.00ns)   --->   "%empty_973 = alloca i32 1"   --->   Operation 198 'alloca' 'empty_973' <Predicate = true> <Delay = 0.00>
ST_1 : Operation 199 [1/1] (0.00ns)   --->   "%empty_974 = alloca i32 1"   --->   Operation 199 'alloca' 'empty_974' <Predicate = true> <Delay = 0.00>
ST_1 : Operation 200 [1/1] (0.00ns)   --->   "%empty_975 = alloca i32 1"   --->   Operation 200 'alloca' 'empty_975' <Predicate = true> <Delay = 0.00>
ST_1 : Operation 201 [1/1] (0.00ns)   --->   "%empty_976 = alloca i32 1"   --->   Operation 201 'alloca' 'empty_976' <Predicate = true> <Delay = 0.00>
ST_1 : Operation 202 [1/1] (0.00ns)   --->   "%empty_977 = alloca i32 1"   --->   Operation 202 'alloca' 'empty_977' <Predicate = true> <Delay = 0.00>
ST_1 : Operation 203 [1/1] (0.00ns)   --->   "%empty_978 = alloca i32 1"   --->   Operation 203 'alloca' 'empty_978' <Predicate = true> <Delay = 0.00>
ST_1 : Operation 204 [1/1] (0.00ns)   --->   "%empty_979 = alloca i32 1"   --->   Operation 204 'alloca' 'empty_979' <Predicate = true> <Delay = 0.00>
ST_1 : Operation 205 [1/1] (0.00ns)   --->   "%empty_980 = alloca i32 1"   --->   Operation 205 'alloca' 'empty_980' <Predicate = true> <Delay = 0.00>
ST_1 : Operation 206 [1/1] (0.00ns)   --->   "%empty_981 = alloca i32 1"   --->   Operation 206 'alloca' 'empty_981' <Predicate = true> <Delay = 0.00>
ST_1 : Operation 207 [1/1] (0.00ns)   --->   "%empty_982 = alloca i32 1"   --->   Operation 207 'alloca' 'empty_982' <Predicate = true> <Delay = 0.00>
ST_1 : Operation 208 [1/1] (0.00ns)   --->   "%empty_983 = alloca i32 1"   --->   Operation 208 'alloca' 'empty_983' <Predicate = true> <Delay = 0.00>
ST_1 : Operation 209 [1/1] (0.00ns)   --->   "%empty_984 = alloca i32 1"   --->   Operation 209 'alloca' 'empty_984' <Predicate = true> <Delay = 0.00>
ST_1 : Operation 210 [1/1] (0.00ns)   --->   "%empty_985 = alloca i32 1"   --->   Operation 210 'alloca' 'empty_985' <Predicate = true> <Delay = 0.00>
ST_1 : Operation 211 [1/1] (0.00ns)   --->   "%empty_986 = alloca i32 1"   --->   Operation 211 'alloca' 'empty_986' <Predicate = true> <Delay = 0.00>
ST_1 : Operation 212 [1/1] (0.00ns)   --->   "%empty_987 = alloca i32 1"   --->   Operation 212 'alloca' 'empty_987' <Predicate = true> <Delay = 0.00>
ST_1 : Operation 213 [1/1] (0.00ns)   --->   "%empty_988 = alloca i32 1"   --->   Operation 213 'alloca' 'empty_988' <Predicate = true> <Delay = 0.00>
ST_1 : Operation 214 [1/1] (0.00ns)   --->   "%empty_989 = alloca i32 1"   --->   Operation 214 'alloca' 'empty_989' <Predicate = true> <Delay = 0.00>
ST_1 : Operation 215 [1/1] (0.00ns)   --->   "%empty_990 = alloca i32 1"   --->   Operation 215 'alloca' 'empty_990' <Predicate = true> <Delay = 0.00>
ST_1 : Operation 216 [1/1] (0.00ns)   --->   "%empty_991 = alloca i32 1"   --->   Operation 216 'alloca' 'empty_991' <Predicate = true> <Delay = 0.00>
ST_1 : Operation 217 [1/1] (0.00ns)   --->   "%empty_992 = alloca i32 1"   --->   Operation 217 'alloca' 'empty_992' <Predicate = true> <Delay = 0.00>
ST_1 : Operation 218 [1/1] (0.00ns)   --->   "%empty_993 = alloca i32 1"   --->   Operation 218 'alloca' 'empty_993' <Predicate = true> <Delay = 0.00>
ST_1 : Operation 219 [1/1] (0.00ns)   --->   "%empty_994 = alloca i32 1"   --->   Operation 219 'alloca' 'empty_994' <Predicate = true> <Delay = 0.00>
ST_1 : Operation 220 [1/1] (0.00ns)   --->   "%empty_995 = alloca i32 1"   --->   Operation 220 'alloca' 'empty_995' <Predicate = true> <Delay = 0.00>
ST_1 : Operation 221 [1/1] (0.00ns)   --->   "%empty_996 = alloca i32 1"   --->   Operation 221 'alloca' 'empty_996' <Predicate = true> <Delay = 0.00>
ST_1 : Operation 222 [1/1] (0.00ns)   --->   "%empty_997 = alloca i32 1"   --->   Operation 222 'alloca' 'empty_997' <Predicate = true> <Delay = 0.00>
ST_1 : Operation 223 [1/1] (0.00ns)   --->   "%empty_998 = alloca i32 1"   --->   Operation 223 'alloca' 'empty_998' <Predicate = true> <Delay = 0.00>
ST_1 : Operation 224 [1/1] (0.00ns)   --->   "%empty_999 = alloca i32 1"   --->   Operation 224 'alloca' 'empty_999' <Predicate = true> <Delay = 0.00>
ST_1 : Operation 225 [1/1] (0.00ns)   --->   "%empty_1000 = alloca i32 1"   --->   Operation 225 'alloca' 'empty_1000' <Predicate = true> <Delay = 0.00>
ST_1 : Operation 226 [1/1] (0.00ns)   --->   "%empty_1001 = alloca i32 1"   --->   Operation 226 'alloca' 'empty_1001' <Predicate = true> <Delay = 0.00>
ST_1 : Operation 227 [1/1] (0.00ns)   --->   "%empty_1002 = alloca i32 1"   --->   Operation 227 'alloca' 'empty_1002' <Predicate = true> <Delay = 0.00>
ST_1 : Operation 228 [1/1] (0.00ns)   --->   "%empty_1003 = alloca i32 1"   --->   Operation 228 'alloca' 'empty_1003' <Predicate = true> <Delay = 0.00>
ST_1 : Operation 229 [1/1] (0.00ns)   --->   "%empty_1004 = alloca i32 1"   --->   Operation 229 'alloca' 'empty_1004' <Predicate = true> <Delay = 0.00>
ST_1 : Operation 230 [1/1] (0.00ns)   --->   "%specinterface_ln0 = specinterface void @_ssdm_op_SpecInterface, i16 %layer0_output_stream, void @empty_199, i32 0, i32 0, void @empty_25, i32 0, i32 0, void @empty_25, void @empty_25, void @empty_25, i32 0, i32 0, i32 0, i32 0, void @empty_25, void @empty_25, i32 4294967295, i32 0"   --->   Operation 230 'specinterface' 'specinterface_ln0' <Predicate = true> <Delay = 0.00>
ST_1 : Operation 231 [1/1] (0.00ns)   --->   "%input_buffer_894_read = read i16 @_ssdm_op_Read.ap_auto.i16, i16 %input_buffer_894"   --->   Operation 231 'read' 'input_buffer_894_read' <Predicate = true> <Delay = 0.00>
ST_1 : Operation 232 [1/1] (0.00ns)   --->   "%input_buffer_893_read = read i16 @_ssdm_op_Read.ap_auto.i16, i16 %input_buffer_893"   --->   Operation 232 'read' 'input_buffer_893_read' <Predicate = true> <Delay = 0.00>
ST_1 : Operation 233 [1/1] (0.00ns)   --->   "%input_buffer_892_read = read i16 @_ssdm_op_Read.ap_auto.i16, i16 %input_buffer_892"   --->   Operation 233 'read' 'input_buffer_892_read' <Predicate = true> <Delay = 0.00>
ST_1 : Operation 234 [1/1] (0.00ns)   --->   "%input_buffer_891_read = read i16 @_ssdm_op_Read.ap_auto.i16, i16 %input_buffer_891"   --->   Operation 234 'read' 'input_buffer_891_read' <Predicate = true> <Delay = 0.00>
ST_1 : Operation 235 [1/1] (0.00ns)   --->   "%input_buffer_890_read = read i16 @_ssdm_op_Read.ap_auto.i16, i16 %input_buffer_890"   --->   Operation 235 'read' 'input_buffer_890_read' <Predicate = true> <Delay = 0.00>
ST_1 : Operation 236 [1/1] (0.00ns)   --->   "%input_buffer_889_read = read i16 @_ssdm_op_Read.ap_auto.i16, i16 %input_buffer_889"   --->   Operation 236 'read' 'input_buffer_889_read' <Predicate = true> <Delay = 0.00>
ST_1 : Operation 237 [1/1] (0.00ns)   --->   "%input_buffer_888_read = read i16 @_ssdm_op_Read.ap_auto.i16, i16 %input_buffer_888"   --->   Operation 237 'read' 'input_buffer_888_read' <Predicate = true> <Delay = 0.00>
ST_1 : Operation 238 [1/1] (0.00ns)   --->   "%input_buffer_887_read = read i16 @_ssdm_op_Read.ap_auto.i16, i16 %input_buffer_887"   --->   Operation 238 'read' 'input_buffer_887_read' <Predicate = true> <Delay = 0.00>
ST_1 : Operation 239 [1/1] (0.00ns)   --->   "%input_buffer_886_read = read i16 @_ssdm_op_Read.ap_auto.i16, i16 %input_buffer_886"   --->   Operation 239 'read' 'input_buffer_886_read' <Predicate = true> <Delay = 0.00>
ST_1 : Operation 240 [1/1] (0.00ns)   --->   "%input_buffer_885_read = read i16 @_ssdm_op_Read.ap_auto.i16, i16 %input_buffer_885"   --->   Operation 240 'read' 'input_buffer_885_read' <Predicate = true> <Delay = 0.00>
ST_1 : Operation 241 [1/1] (0.00ns)   --->   "%input_buffer_884_read = read i16 @_ssdm_op_Read.ap_auto.i16, i16 %input_buffer_884"   --->   Operation 241 'read' 'input_buffer_884_read' <Predicate = true> <Delay = 0.00>
ST_1 : Operation 242 [1/1] (0.00ns)   --->   "%input_buffer_883_read = read i16 @_ssdm_op_Read.ap_auto.i16, i16 %input_buffer_883"   --->   Operation 242 'read' 'input_buffer_883_read' <Predicate = true> <Delay = 0.00>
ST_1 : Operation 243 [1/1] (0.00ns)   --->   "%input_buffer_882_read = read i16 @_ssdm_op_Read.ap_auto.i16, i16 %input_buffer_882"   --->   Operation 243 'read' 'input_buffer_882_read' <Predicate = true> <Delay = 0.00>
ST_1 : Operation 244 [1/1] (0.00ns)   --->   "%input_buffer_881_read = read i16 @_ssdm_op_Read.ap_auto.i16, i16 %input_buffer_881"   --->   Operation 244 'read' 'input_buffer_881_read' <Predicate = true> <Delay = 0.00>
ST_1 : Operation 245 [1/1] (0.00ns)   --->   "%input_buffer_880_read = read i16 @_ssdm_op_Read.ap_auto.i16, i16 %input_buffer_880"   --->   Operation 245 'read' 'input_buffer_880_read' <Predicate = true> <Delay = 0.00>
ST_1 : Operation 246 [1/1] (0.00ns)   --->   "%input_buffer_879_read = read i16 @_ssdm_op_Read.ap_auto.i16, i16 %input_buffer_879"   --->   Operation 246 'read' 'input_buffer_879_read' <Predicate = true> <Delay = 0.00>
ST_1 : Operation 247 [1/1] (0.00ns)   --->   "%input_buffer_878_read = read i16 @_ssdm_op_Read.ap_auto.i16, i16 %input_buffer_878"   --->   Operation 247 'read' 'input_buffer_878_read' <Predicate = true> <Delay = 0.00>
ST_1 : Operation 248 [1/1] (0.00ns)   --->   "%input_buffer_877_read = read i16 @_ssdm_op_Read.ap_auto.i16, i16 %input_buffer_877"   --->   Operation 248 'read' 'input_buffer_877_read' <Predicate = true> <Delay = 0.00>
ST_1 : Operation 249 [1/1] (0.00ns)   --->   "%input_buffer_876_read = read i16 @_ssdm_op_Read.ap_auto.i16, i16 %input_buffer_876"   --->   Operation 249 'read' 'input_buffer_876_read' <Predicate = true> <Delay = 0.00>
ST_1 : Operation 250 [1/1] (0.00ns)   --->   "%input_buffer_875_read = read i16 @_ssdm_op_Read.ap_auto.i16, i16 %input_buffer_875"   --->   Operation 250 'read' 'input_buffer_875_read' <Predicate = true> <Delay = 0.00>
ST_1 : Operation 251 [1/1] (0.00ns)   --->   "%input_buffer_874_read = read i16 @_ssdm_op_Read.ap_auto.i16, i16 %input_buffer_874"   --->   Operation 251 'read' 'input_buffer_874_read' <Predicate = true> <Delay = 0.00>
ST_1 : Operation 252 [1/1] (0.00ns)   --->   "%input_buffer_873_read = read i16 @_ssdm_op_Read.ap_auto.i16, i16 %input_buffer_873"   --->   Operation 252 'read' 'input_buffer_873_read' <Predicate = true> <Delay = 0.00>
ST_1 : Operation 253 [1/1] (0.00ns)   --->   "%input_buffer_872_read = read i16 @_ssdm_op_Read.ap_auto.i16, i16 %input_buffer_872"   --->   Operation 253 'read' 'input_buffer_872_read' <Predicate = true> <Delay = 0.00>
ST_1 : Operation 254 [1/1] (0.00ns)   --->   "%input_buffer_871_read = read i16 @_ssdm_op_Read.ap_auto.i16, i16 %input_buffer_871"   --->   Operation 254 'read' 'input_buffer_871_read' <Predicate = true> <Delay = 0.00>
ST_1 : Operation 255 [1/1] (0.00ns)   --->   "%input_buffer_870_read = read i16 @_ssdm_op_Read.ap_auto.i16, i16 %input_buffer_870"   --->   Operation 255 'read' 'input_buffer_870_read' <Predicate = true> <Delay = 0.00>
ST_1 : Operation 256 [1/1] (0.00ns)   --->   "%input_buffer_869_read = read i16 @_ssdm_op_Read.ap_auto.i16, i16 %input_buffer_869"   --->   Operation 256 'read' 'input_buffer_869_read' <Predicate = true> <Delay = 0.00>
ST_1 : Operation 257 [1/1] (0.00ns)   --->   "%input_buffer_868_read = read i16 @_ssdm_op_Read.ap_auto.i16, i16 %input_buffer_868"   --->   Operation 257 'read' 'input_buffer_868_read' <Predicate = true> <Delay = 0.00>
ST_1 : Operation 258 [1/1] (0.00ns)   --->   "%input_buffer_867_read = read i16 @_ssdm_op_Read.ap_auto.i16, i16 %input_buffer_867"   --->   Operation 258 'read' 'input_buffer_867_read' <Predicate = true> <Delay = 0.00>
ST_1 : Operation 259 [1/1] (0.00ns)   --->   "%input_buffer_866_read = read i16 @_ssdm_op_Read.ap_auto.i16, i16 %input_buffer_866"   --->   Operation 259 'read' 'input_buffer_866_read' <Predicate = true> <Delay = 0.00>
ST_1 : Operation 260 [1/1] (0.00ns)   --->   "%input_buffer_865_read = read i16 @_ssdm_op_Read.ap_auto.i16, i16 %input_buffer_865"   --->   Operation 260 'read' 'input_buffer_865_read' <Predicate = true> <Delay = 0.00>
ST_1 : Operation 261 [1/1] (0.00ns)   --->   "%input_buffer_864_read = read i16 @_ssdm_op_Read.ap_auto.i16, i16 %input_buffer_864"   --->   Operation 261 'read' 'input_buffer_864_read' <Predicate = true> <Delay = 0.00>
ST_1 : Operation 262 [1/1] (0.00ns)   --->   "%input_buffer_863_read = read i16 @_ssdm_op_Read.ap_auto.i16, i16 %input_buffer_863"   --->   Operation 262 'read' 'input_buffer_863_read' <Predicate = true> <Delay = 0.00>
ST_1 : Operation 263 [1/1] (0.00ns)   --->   "%input_buffer_862_read = read i16 @_ssdm_op_Read.ap_auto.i16, i16 %input_buffer_862"   --->   Operation 263 'read' 'input_buffer_862_read' <Predicate = true> <Delay = 0.00>
ST_1 : Operation 264 [1/1] (0.00ns)   --->   "%input_buffer_861_read = read i16 @_ssdm_op_Read.ap_auto.i16, i16 %input_buffer_861"   --->   Operation 264 'read' 'input_buffer_861_read' <Predicate = true> <Delay = 0.00>
ST_1 : Operation 265 [1/1] (0.00ns)   --->   "%input_buffer_860_read = read i16 @_ssdm_op_Read.ap_auto.i16, i16 %input_buffer_860"   --->   Operation 265 'read' 'input_buffer_860_read' <Predicate = true> <Delay = 0.00>
ST_1 : Operation 266 [1/1] (0.00ns)   --->   "%input_buffer_859_read = read i16 @_ssdm_op_Read.ap_auto.i16, i16 %input_buffer_859"   --->   Operation 266 'read' 'input_buffer_859_read' <Predicate = true> <Delay = 0.00>
ST_1 : Operation 267 [1/1] (0.00ns)   --->   "%input_buffer_858_read = read i16 @_ssdm_op_Read.ap_auto.i16, i16 %input_buffer_858"   --->   Operation 267 'read' 'input_buffer_858_read' <Predicate = true> <Delay = 0.00>
ST_1 : Operation 268 [1/1] (0.00ns)   --->   "%input_buffer_857_read = read i16 @_ssdm_op_Read.ap_auto.i16, i16 %input_buffer_857"   --->   Operation 268 'read' 'input_buffer_857_read' <Predicate = true> <Delay = 0.00>
ST_1 : Operation 269 [1/1] (0.00ns)   --->   "%input_buffer_856_read = read i16 @_ssdm_op_Read.ap_auto.i16, i16 %input_buffer_856"   --->   Operation 269 'read' 'input_buffer_856_read' <Predicate = true> <Delay = 0.00>
ST_1 : Operation 270 [1/1] (0.00ns)   --->   "%input_buffer_855_read = read i16 @_ssdm_op_Read.ap_auto.i16, i16 %input_buffer_855"   --->   Operation 270 'read' 'input_buffer_855_read' <Predicate = true> <Delay = 0.00>
ST_1 : Operation 271 [1/1] (0.00ns)   --->   "%input_buffer_854_read = read i16 @_ssdm_op_Read.ap_auto.i16, i16 %input_buffer_854"   --->   Operation 271 'read' 'input_buffer_854_read' <Predicate = true> <Delay = 0.00>
ST_1 : Operation 272 [1/1] (0.00ns)   --->   "%input_buffer_853_read = read i16 @_ssdm_op_Read.ap_auto.i16, i16 %input_buffer_853"   --->   Operation 272 'read' 'input_buffer_853_read' <Predicate = true> <Delay = 0.00>
ST_1 : Operation 273 [1/1] (0.00ns)   --->   "%input_buffer_852_read = read i16 @_ssdm_op_Read.ap_auto.i16, i16 %input_buffer_852"   --->   Operation 273 'read' 'input_buffer_852_read' <Predicate = true> <Delay = 0.00>
ST_1 : Operation 274 [1/1] (0.00ns)   --->   "%input_buffer_851_read = read i16 @_ssdm_op_Read.ap_auto.i16, i16 %input_buffer_851"   --->   Operation 274 'read' 'input_buffer_851_read' <Predicate = true> <Delay = 0.00>
ST_1 : Operation 275 [1/1] (0.00ns)   --->   "%input_buffer_850_read = read i16 @_ssdm_op_Read.ap_auto.i16, i16 %input_buffer_850"   --->   Operation 275 'read' 'input_buffer_850_read' <Predicate = true> <Delay = 0.00>
ST_1 : Operation 276 [1/1] (0.00ns)   --->   "%input_buffer_849_read = read i16 @_ssdm_op_Read.ap_auto.i16, i16 %input_buffer_849"   --->   Operation 276 'read' 'input_buffer_849_read' <Predicate = true> <Delay = 0.00>
ST_1 : Operation 277 [1/1] (0.00ns)   --->   "%input_buffer_848_read = read i16 @_ssdm_op_Read.ap_auto.i16, i16 %input_buffer_848"   --->   Operation 277 'read' 'input_buffer_848_read' <Predicate = true> <Delay = 0.00>
ST_1 : Operation 278 [1/1] (0.00ns)   --->   "%input_buffer_847_read = read i16 @_ssdm_op_Read.ap_auto.i16, i16 %input_buffer_847"   --->   Operation 278 'read' 'input_buffer_847_read' <Predicate = true> <Delay = 0.00>
ST_1 : Operation 279 [1/1] (0.00ns)   --->   "%input_buffer_846_read = read i16 @_ssdm_op_Read.ap_auto.i16, i16 %input_buffer_846"   --->   Operation 279 'read' 'input_buffer_846_read' <Predicate = true> <Delay = 0.00>
ST_1 : Operation 280 [1/1] (0.00ns)   --->   "%input_buffer_845_read = read i16 @_ssdm_op_Read.ap_auto.i16, i16 %input_buffer_845"   --->   Operation 280 'read' 'input_buffer_845_read' <Predicate = true> <Delay = 0.00>
ST_1 : Operation 281 [1/1] (0.00ns)   --->   "%input_buffer_844_read = read i16 @_ssdm_op_Read.ap_auto.i16, i16 %input_buffer_844"   --->   Operation 281 'read' 'input_buffer_844_read' <Predicate = true> <Delay = 0.00>
ST_1 : Operation 282 [1/1] (0.00ns)   --->   "%input_buffer_843_read = read i16 @_ssdm_op_Read.ap_auto.i16, i16 %input_buffer_843"   --->   Operation 282 'read' 'input_buffer_843_read' <Predicate = true> <Delay = 0.00>
ST_1 : Operation 283 [1/1] (0.00ns)   --->   "%input_buffer_842_read = read i16 @_ssdm_op_Read.ap_auto.i16, i16 %input_buffer_842"   --->   Operation 283 'read' 'input_buffer_842_read' <Predicate = true> <Delay = 0.00>
ST_1 : Operation 284 [1/1] (0.00ns)   --->   "%input_buffer_841_read = read i16 @_ssdm_op_Read.ap_auto.i16, i16 %input_buffer_841"   --->   Operation 284 'read' 'input_buffer_841_read' <Predicate = true> <Delay = 0.00>
ST_1 : Operation 285 [1/1] (0.00ns)   --->   "%input_buffer_840_read = read i16 @_ssdm_op_Read.ap_auto.i16, i16 %input_buffer_840"   --->   Operation 285 'read' 'input_buffer_840_read' <Predicate = true> <Delay = 0.00>
ST_1 : Operation 286 [1/1] (0.00ns)   --->   "%input_buffer_839_read = read i16 @_ssdm_op_Read.ap_auto.i16, i16 %input_buffer_839"   --->   Operation 286 'read' 'input_buffer_839_read' <Predicate = true> <Delay = 0.00>
ST_1 : Operation 287 [1/1] (0.00ns)   --->   "%input_buffer_838_read = read i16 @_ssdm_op_Read.ap_auto.i16, i16 %input_buffer_838"   --->   Operation 287 'read' 'input_buffer_838_read' <Predicate = true> <Delay = 0.00>
ST_1 : Operation 288 [1/1] (0.00ns)   --->   "%input_buffer_837_read = read i16 @_ssdm_op_Read.ap_auto.i16, i16 %input_buffer_837"   --->   Operation 288 'read' 'input_buffer_837_read' <Predicate = true> <Delay = 0.00>
ST_1 : Operation 289 [1/1] (0.00ns)   --->   "%input_buffer_836_read = read i16 @_ssdm_op_Read.ap_auto.i16, i16 %input_buffer_836"   --->   Operation 289 'read' 'input_buffer_836_read' <Predicate = true> <Delay = 0.00>
ST_1 : Operation 290 [1/1] (0.00ns)   --->   "%input_buffer_835_read = read i16 @_ssdm_op_Read.ap_auto.i16, i16 %input_buffer_835"   --->   Operation 290 'read' 'input_buffer_835_read' <Predicate = true> <Delay = 0.00>
ST_1 : Operation 291 [1/1] (0.00ns)   --->   "%input_buffer_834_read = read i16 @_ssdm_op_Read.ap_auto.i16, i16 %input_buffer_834"   --->   Operation 291 'read' 'input_buffer_834_read' <Predicate = true> <Delay = 0.00>
ST_1 : Operation 292 [1/1] (0.00ns)   --->   "%input_buffer_833_read = read i16 @_ssdm_op_Read.ap_auto.i16, i16 %input_buffer_833"   --->   Operation 292 'read' 'input_buffer_833_read' <Predicate = true> <Delay = 0.00>
ST_1 : Operation 293 [1/1] (0.00ns)   --->   "%input_buffer_832_read = read i16 @_ssdm_op_Read.ap_auto.i16, i16 %input_buffer_832"   --->   Operation 293 'read' 'input_buffer_832_read' <Predicate = true> <Delay = 0.00>
ST_1 : Operation 294 [1/1] (0.00ns)   --->   "%input_buffer_831_read = read i16 @_ssdm_op_Read.ap_auto.i16, i16 %input_buffer_831"   --->   Operation 294 'read' 'input_buffer_831_read' <Predicate = true> <Delay = 0.00>
ST_1 : Operation 295 [1/1] (0.00ns)   --->   "%input_buffer_830_read = read i16 @_ssdm_op_Read.ap_auto.i16, i16 %input_buffer_830"   --->   Operation 295 'read' 'input_buffer_830_read' <Predicate = true> <Delay = 0.00>
ST_1 : Operation 296 [1/1] (0.00ns)   --->   "%input_buffer_829_read = read i16 @_ssdm_op_Read.ap_auto.i16, i16 %input_buffer_829"   --->   Operation 296 'read' 'input_buffer_829_read' <Predicate = true> <Delay = 0.00>
ST_1 : Operation 297 [1/1] (0.00ns)   --->   "%input_buffer_828_read = read i16 @_ssdm_op_Read.ap_auto.i16, i16 %input_buffer_828"   --->   Operation 297 'read' 'input_buffer_828_read' <Predicate = true> <Delay = 0.00>
ST_1 : Operation 298 [1/1] (0.00ns)   --->   "%input_buffer_827_read = read i16 @_ssdm_op_Read.ap_auto.i16, i16 %input_buffer_827"   --->   Operation 298 'read' 'input_buffer_827_read' <Predicate = true> <Delay = 0.00>
ST_1 : Operation 299 [1/1] (0.00ns)   --->   "%input_buffer_826_read = read i16 @_ssdm_op_Read.ap_auto.i16, i16 %input_buffer_826"   --->   Operation 299 'read' 'input_buffer_826_read' <Predicate = true> <Delay = 0.00>
ST_1 : Operation 300 [1/1] (0.00ns)   --->   "%input_buffer_825_read = read i16 @_ssdm_op_Read.ap_auto.i16, i16 %input_buffer_825"   --->   Operation 300 'read' 'input_buffer_825_read' <Predicate = true> <Delay = 0.00>
ST_1 : Operation 301 [1/1] (0.00ns)   --->   "%input_buffer_824_read = read i16 @_ssdm_op_Read.ap_auto.i16, i16 %input_buffer_824"   --->   Operation 301 'read' 'input_buffer_824_read' <Predicate = true> <Delay = 0.00>
ST_1 : Operation 302 [1/1] (0.00ns)   --->   "%input_buffer_823_read = read i16 @_ssdm_op_Read.ap_auto.i16, i16 %input_buffer_823"   --->   Operation 302 'read' 'input_buffer_823_read' <Predicate = true> <Delay = 0.00>
ST_1 : Operation 303 [1/1] (0.00ns)   --->   "%input_buffer_822_read = read i16 @_ssdm_op_Read.ap_auto.i16, i16 %input_buffer_822"   --->   Operation 303 'read' 'input_buffer_822_read' <Predicate = true> <Delay = 0.00>
ST_1 : Operation 304 [1/1] (0.00ns)   --->   "%input_buffer_821_read = read i16 @_ssdm_op_Read.ap_auto.i16, i16 %input_buffer_821"   --->   Operation 304 'read' 'input_buffer_821_read' <Predicate = true> <Delay = 0.00>
ST_1 : Operation 305 [1/1] (0.00ns)   --->   "%input_buffer_820_read = read i16 @_ssdm_op_Read.ap_auto.i16, i16 %input_buffer_820"   --->   Operation 305 'read' 'input_buffer_820_read' <Predicate = true> <Delay = 0.00>
ST_1 : Operation 306 [1/1] (0.00ns)   --->   "%input_buffer_819_read = read i16 @_ssdm_op_Read.ap_auto.i16, i16 %input_buffer_819"   --->   Operation 306 'read' 'input_buffer_819_read' <Predicate = true> <Delay = 0.00>
ST_1 : Operation 307 [1/1] (0.00ns)   --->   "%input_buffer_818_read = read i16 @_ssdm_op_Read.ap_auto.i16, i16 %input_buffer_818"   --->   Operation 307 'read' 'input_buffer_818_read' <Predicate = true> <Delay = 0.00>
ST_1 : Operation 308 [1/1] (0.00ns)   --->   "%input_buffer_817_read = read i16 @_ssdm_op_Read.ap_auto.i16, i16 %input_buffer_817"   --->   Operation 308 'read' 'input_buffer_817_read' <Predicate = true> <Delay = 0.00>
ST_1 : Operation 309 [1/1] (0.00ns)   --->   "%input_buffer_816_read = read i16 @_ssdm_op_Read.ap_auto.i16, i16 %input_buffer_816"   --->   Operation 309 'read' 'input_buffer_816_read' <Predicate = true> <Delay = 0.00>
ST_1 : Operation 310 [1/1] (0.00ns)   --->   "%input_buffer_815_read = read i16 @_ssdm_op_Read.ap_auto.i16, i16 %input_buffer_815"   --->   Operation 310 'read' 'input_buffer_815_read' <Predicate = true> <Delay = 0.00>
ST_1 : Operation 311 [1/1] (0.00ns)   --->   "%input_buffer_814_read = read i16 @_ssdm_op_Read.ap_auto.i16, i16 %input_buffer_814"   --->   Operation 311 'read' 'input_buffer_814_read' <Predicate = true> <Delay = 0.00>
ST_1 : Operation 312 [1/1] (0.00ns)   --->   "%input_buffer_813_read = read i16 @_ssdm_op_Read.ap_auto.i16, i16 %input_buffer_813"   --->   Operation 312 'read' 'input_buffer_813_read' <Predicate = true> <Delay = 0.00>
ST_1 : Operation 313 [1/1] (0.00ns)   --->   "%input_buffer_812_read = read i16 @_ssdm_op_Read.ap_auto.i16, i16 %input_buffer_812"   --->   Operation 313 'read' 'input_buffer_812_read' <Predicate = true> <Delay = 0.00>
ST_1 : Operation 314 [1/1] (0.00ns)   --->   "%input_buffer_811_read = read i16 @_ssdm_op_Read.ap_auto.i16, i16 %input_buffer_811"   --->   Operation 314 'read' 'input_buffer_811_read' <Predicate = true> <Delay = 0.00>
ST_1 : Operation 315 [1/1] (0.00ns)   --->   "%input_buffer_810_read = read i16 @_ssdm_op_Read.ap_auto.i16, i16 %input_buffer_810"   --->   Operation 315 'read' 'input_buffer_810_read' <Predicate = true> <Delay = 0.00>
ST_1 : Operation 316 [1/1] (0.00ns)   --->   "%input_buffer_809_read = read i16 @_ssdm_op_Read.ap_auto.i16, i16 %input_buffer_809"   --->   Operation 316 'read' 'input_buffer_809_read' <Predicate = true> <Delay = 0.00>
ST_1 : Operation 317 [1/1] (0.00ns)   --->   "%input_buffer_808_read = read i16 @_ssdm_op_Read.ap_auto.i16, i16 %input_buffer_808"   --->   Operation 317 'read' 'input_buffer_808_read' <Predicate = true> <Delay = 0.00>
ST_1 : Operation 318 [1/1] (0.00ns)   --->   "%input_buffer_807_read = read i16 @_ssdm_op_Read.ap_auto.i16, i16 %input_buffer_807"   --->   Operation 318 'read' 'input_buffer_807_read' <Predicate = true> <Delay = 0.00>
ST_1 : Operation 319 [1/1] (0.00ns)   --->   "%input_buffer_806_read = read i16 @_ssdm_op_Read.ap_auto.i16, i16 %input_buffer_806"   --->   Operation 319 'read' 'input_buffer_806_read' <Predicate = true> <Delay = 0.00>
ST_1 : Operation 320 [1/1] (0.00ns)   --->   "%input_buffer_805_read = read i16 @_ssdm_op_Read.ap_auto.i16, i16 %input_buffer_805"   --->   Operation 320 'read' 'input_buffer_805_read' <Predicate = true> <Delay = 0.00>
ST_1 : Operation 321 [1/1] (0.00ns)   --->   "%input_buffer_804_read = read i16 @_ssdm_op_Read.ap_auto.i16, i16 %input_buffer_804"   --->   Operation 321 'read' 'input_buffer_804_read' <Predicate = true> <Delay = 0.00>
ST_1 : Operation 322 [1/1] (0.00ns)   --->   "%input_buffer_803_read = read i16 @_ssdm_op_Read.ap_auto.i16, i16 %input_buffer_803"   --->   Operation 322 'read' 'input_buffer_803_read' <Predicate = true> <Delay = 0.00>
ST_1 : Operation 323 [1/1] (0.00ns)   --->   "%input_buffer_802_read = read i16 @_ssdm_op_Read.ap_auto.i16, i16 %input_buffer_802"   --->   Operation 323 'read' 'input_buffer_802_read' <Predicate = true> <Delay = 0.00>
ST_1 : Operation 324 [1/1] (0.00ns)   --->   "%input_buffer_801_read = read i16 @_ssdm_op_Read.ap_auto.i16, i16 %input_buffer_801"   --->   Operation 324 'read' 'input_buffer_801_read' <Predicate = true> <Delay = 0.00>
ST_1 : Operation 325 [1/1] (0.00ns)   --->   "%input_buffer_800_read = read i16 @_ssdm_op_Read.ap_auto.i16, i16 %input_buffer_800"   --->   Operation 325 'read' 'input_buffer_800_read' <Predicate = true> <Delay = 0.00>
ST_1 : Operation 326 [1/1] (0.00ns)   --->   "%input_buffer_799_read = read i16 @_ssdm_op_Read.ap_auto.i16, i16 %input_buffer_799"   --->   Operation 326 'read' 'input_buffer_799_read' <Predicate = true> <Delay = 0.00>
ST_1 : Operation 327 [1/1] (0.00ns)   --->   "%input_buffer_798_read = read i16 @_ssdm_op_Read.ap_auto.i16, i16 %input_buffer_798"   --->   Operation 327 'read' 'input_buffer_798_read' <Predicate = true> <Delay = 0.00>
ST_1 : Operation 328 [1/1] (0.00ns)   --->   "%input_buffer_797_read = read i16 @_ssdm_op_Read.ap_auto.i16, i16 %input_buffer_797"   --->   Operation 328 'read' 'input_buffer_797_read' <Predicate = true> <Delay = 0.00>
ST_1 : Operation 329 [1/1] (0.00ns)   --->   "%input_buffer_796_read = read i16 @_ssdm_op_Read.ap_auto.i16, i16 %input_buffer_796"   --->   Operation 329 'read' 'input_buffer_796_read' <Predicate = true> <Delay = 0.00>
ST_1 : Operation 330 [1/1] (0.00ns)   --->   "%input_buffer_795_read = read i16 @_ssdm_op_Read.ap_auto.i16, i16 %input_buffer_795"   --->   Operation 330 'read' 'input_buffer_795_read' <Predicate = true> <Delay = 0.00>
ST_1 : Operation 331 [1/1] (0.00ns)   --->   "%input_buffer_794_read = read i16 @_ssdm_op_Read.ap_auto.i16, i16 %input_buffer_794"   --->   Operation 331 'read' 'input_buffer_794_read' <Predicate = true> <Delay = 0.00>
ST_1 : Operation 332 [1/1] (0.00ns)   --->   "%input_buffer_793_read = read i16 @_ssdm_op_Read.ap_auto.i16, i16 %input_buffer_793"   --->   Operation 332 'read' 'input_buffer_793_read' <Predicate = true> <Delay = 0.00>
ST_1 : Operation 333 [1/1] (0.00ns)   --->   "%input_buffer_792_read = read i16 @_ssdm_op_Read.ap_auto.i16, i16 %input_buffer_792"   --->   Operation 333 'read' 'input_buffer_792_read' <Predicate = true> <Delay = 0.00>
ST_1 : Operation 334 [1/1] (0.00ns)   --->   "%input_buffer_791_read = read i16 @_ssdm_op_Read.ap_auto.i16, i16 %input_buffer_791"   --->   Operation 334 'read' 'input_buffer_791_read' <Predicate = true> <Delay = 0.00>
ST_1 : Operation 335 [1/1] (0.00ns)   --->   "%input_buffer_790_read = read i16 @_ssdm_op_Read.ap_auto.i16, i16 %input_buffer_790"   --->   Operation 335 'read' 'input_buffer_790_read' <Predicate = true> <Delay = 0.00>
ST_1 : Operation 336 [1/1] (0.00ns)   --->   "%input_buffer_789_read = read i16 @_ssdm_op_Read.ap_auto.i16, i16 %input_buffer_789"   --->   Operation 336 'read' 'input_buffer_789_read' <Predicate = true> <Delay = 0.00>
ST_1 : Operation 337 [1/1] (0.00ns)   --->   "%input_buffer_788_read = read i16 @_ssdm_op_Read.ap_auto.i16, i16 %input_buffer_788"   --->   Operation 337 'read' 'input_buffer_788_read' <Predicate = true> <Delay = 0.00>
ST_1 : Operation 338 [1/1] (0.00ns)   --->   "%input_buffer_787_read = read i16 @_ssdm_op_Read.ap_auto.i16, i16 %input_buffer_787"   --->   Operation 338 'read' 'input_buffer_787_read' <Predicate = true> <Delay = 0.00>
ST_1 : Operation 339 [1/1] (0.00ns)   --->   "%input_buffer_786_read = read i16 @_ssdm_op_Read.ap_auto.i16, i16 %input_buffer_786"   --->   Operation 339 'read' 'input_buffer_786_read' <Predicate = true> <Delay = 0.00>
ST_1 : Operation 340 [1/1] (0.00ns)   --->   "%input_buffer_785_read = read i16 @_ssdm_op_Read.ap_auto.i16, i16 %input_buffer_785"   --->   Operation 340 'read' 'input_buffer_785_read' <Predicate = true> <Delay = 0.00>
ST_1 : Operation 341 [1/1] (0.00ns)   --->   "%input_buffer_784_read = read i16 @_ssdm_op_Read.ap_auto.i16, i16 %input_buffer_784"   --->   Operation 341 'read' 'input_buffer_784_read' <Predicate = true> <Delay = 0.00>
ST_1 : Operation 342 [1/1] (0.00ns)   --->   "%input_buffer_783_read = read i16 @_ssdm_op_Read.ap_auto.i16, i16 %input_buffer_783"   --->   Operation 342 'read' 'input_buffer_783_read' <Predicate = true> <Delay = 0.00>
ST_1 : Operation 343 [1/1] (0.00ns)   --->   "%input_buffer_782_read = read i16 @_ssdm_op_Read.ap_auto.i16, i16 %input_buffer_782"   --->   Operation 343 'read' 'input_buffer_782_read' <Predicate = true> <Delay = 0.00>
ST_1 : Operation 344 [1/1] (0.00ns)   --->   "%input_buffer_781_read = read i16 @_ssdm_op_Read.ap_auto.i16, i16 %input_buffer_781"   --->   Operation 344 'read' 'input_buffer_781_read' <Predicate = true> <Delay = 0.00>
ST_1 : Operation 345 [1/1] (0.00ns)   --->   "%input_buffer_780_read = read i16 @_ssdm_op_Read.ap_auto.i16, i16 %input_buffer_780"   --->   Operation 345 'read' 'input_buffer_780_read' <Predicate = true> <Delay = 0.00>
ST_1 : Operation 346 [1/1] (0.00ns)   --->   "%input_buffer_779_read = read i16 @_ssdm_op_Read.ap_auto.i16, i16 %input_buffer_779"   --->   Operation 346 'read' 'input_buffer_779_read' <Predicate = true> <Delay = 0.00>
ST_1 : Operation 347 [1/1] (0.00ns)   --->   "%input_buffer_778_read = read i16 @_ssdm_op_Read.ap_auto.i16, i16 %input_buffer_778"   --->   Operation 347 'read' 'input_buffer_778_read' <Predicate = true> <Delay = 0.00>
ST_1 : Operation 348 [1/1] (0.00ns)   --->   "%input_buffer_777_read = read i16 @_ssdm_op_Read.ap_auto.i16, i16 %input_buffer_777"   --->   Operation 348 'read' 'input_buffer_777_read' <Predicate = true> <Delay = 0.00>
ST_1 : Operation 349 [1/1] (0.00ns)   --->   "%input_buffer_776_read = read i16 @_ssdm_op_Read.ap_auto.i16, i16 %input_buffer_776"   --->   Operation 349 'read' 'input_buffer_776_read' <Predicate = true> <Delay = 0.00>
ST_1 : Operation 350 [1/1] (0.00ns)   --->   "%input_buffer_775_read = read i16 @_ssdm_op_Read.ap_auto.i16, i16 %input_buffer_775"   --->   Operation 350 'read' 'input_buffer_775_read' <Predicate = true> <Delay = 0.00>
ST_1 : Operation 351 [1/1] (0.00ns)   --->   "%input_buffer_774_read = read i16 @_ssdm_op_Read.ap_auto.i16, i16 %input_buffer_774"   --->   Operation 351 'read' 'input_buffer_774_read' <Predicate = true> <Delay = 0.00>
ST_1 : Operation 352 [1/1] (0.00ns)   --->   "%input_buffer_773_read = read i16 @_ssdm_op_Read.ap_auto.i16, i16 %input_buffer_773"   --->   Operation 352 'read' 'input_buffer_773_read' <Predicate = true> <Delay = 0.00>
ST_1 : Operation 353 [1/1] (0.00ns)   --->   "%input_buffer_772_read = read i16 @_ssdm_op_Read.ap_auto.i16, i16 %input_buffer_772"   --->   Operation 353 'read' 'input_buffer_772_read' <Predicate = true> <Delay = 0.00>
ST_1 : Operation 354 [1/1] (0.00ns)   --->   "%input_buffer_771_read = read i16 @_ssdm_op_Read.ap_auto.i16, i16 %input_buffer_771"   --->   Operation 354 'read' 'input_buffer_771_read' <Predicate = true> <Delay = 0.00>
ST_1 : Operation 355 [1/1] (0.00ns)   --->   "%input_buffer_770_read = read i16 @_ssdm_op_Read.ap_auto.i16, i16 %input_buffer_770"   --->   Operation 355 'read' 'input_buffer_770_read' <Predicate = true> <Delay = 0.00>
ST_1 : Operation 356 [1/1] (0.00ns)   --->   "%input_buffer_769_read = read i16 @_ssdm_op_Read.ap_auto.i16, i16 %input_buffer_769"   --->   Operation 356 'read' 'input_buffer_769_read' <Predicate = true> <Delay = 0.00>
ST_1 : Operation 357 [1/1] (0.00ns)   --->   "%input_buffer_768_read = read i16 @_ssdm_op_Read.ap_auto.i16, i16 %input_buffer_768"   --->   Operation 357 'read' 'input_buffer_768_read' <Predicate = true> <Delay = 0.00>
ST_1 : Operation 358 [1/1] (0.00ns)   --->   "%input_buffer_767_read = read i16 @_ssdm_op_Read.ap_auto.i16, i16 %input_buffer_767"   --->   Operation 358 'read' 'input_buffer_767_read' <Predicate = true> <Delay = 0.00>
ST_1 : Operation 359 [1/1] (0.00ns)   --->   "%input_buffer_766_read = read i16 @_ssdm_op_Read.ap_auto.i16, i16 %input_buffer_766"   --->   Operation 359 'read' 'input_buffer_766_read' <Predicate = true> <Delay = 0.00>
ST_1 : Operation 360 [1/1] (0.00ns)   --->   "%input_buffer_765_read = read i16 @_ssdm_op_Read.ap_auto.i16, i16 %input_buffer_765"   --->   Operation 360 'read' 'input_buffer_765_read' <Predicate = true> <Delay = 0.00>
ST_1 : Operation 361 [1/1] (0.00ns)   --->   "%input_buffer_764_read = read i16 @_ssdm_op_Read.ap_auto.i16, i16 %input_buffer_764"   --->   Operation 361 'read' 'input_buffer_764_read' <Predicate = true> <Delay = 0.00>
ST_1 : Operation 362 [1/1] (0.00ns)   --->   "%input_buffer_763_read = read i16 @_ssdm_op_Read.ap_auto.i16, i16 %input_buffer_763"   --->   Operation 362 'read' 'input_buffer_763_read' <Predicate = true> <Delay = 0.00>
ST_1 : Operation 363 [1/1] (0.00ns)   --->   "%input_buffer_762_read = read i16 @_ssdm_op_Read.ap_auto.i16, i16 %input_buffer_762"   --->   Operation 363 'read' 'input_buffer_762_read' <Predicate = true> <Delay = 0.00>
ST_1 : Operation 364 [1/1] (0.00ns)   --->   "%input_buffer_761_read = read i16 @_ssdm_op_Read.ap_auto.i16, i16 %input_buffer_761"   --->   Operation 364 'read' 'input_buffer_761_read' <Predicate = true> <Delay = 0.00>
ST_1 : Operation 365 [1/1] (0.00ns)   --->   "%input_buffer_760_read = read i16 @_ssdm_op_Read.ap_auto.i16, i16 %input_buffer_760"   --->   Operation 365 'read' 'input_buffer_760_read' <Predicate = true> <Delay = 0.00>
ST_1 : Operation 366 [1/1] (0.00ns)   --->   "%input_buffer_759_read = read i16 @_ssdm_op_Read.ap_auto.i16, i16 %input_buffer_759"   --->   Operation 366 'read' 'input_buffer_759_read' <Predicate = true> <Delay = 0.00>
ST_1 : Operation 367 [1/1] (0.00ns)   --->   "%input_buffer_758_read = read i16 @_ssdm_op_Read.ap_auto.i16, i16 %input_buffer_758"   --->   Operation 367 'read' 'input_buffer_758_read' <Predicate = true> <Delay = 0.00>
ST_1 : Operation 368 [1/1] (0.00ns)   --->   "%input_buffer_757_read = read i16 @_ssdm_op_Read.ap_auto.i16, i16 %input_buffer_757"   --->   Operation 368 'read' 'input_buffer_757_read' <Predicate = true> <Delay = 0.00>
ST_1 : Operation 369 [1/1] (0.00ns)   --->   "%input_buffer_756_read = read i16 @_ssdm_op_Read.ap_auto.i16, i16 %input_buffer_756"   --->   Operation 369 'read' 'input_buffer_756_read' <Predicate = true> <Delay = 0.00>
ST_1 : Operation 370 [1/1] (0.00ns)   --->   "%input_buffer_755_read = read i16 @_ssdm_op_Read.ap_auto.i16, i16 %input_buffer_755"   --->   Operation 370 'read' 'input_buffer_755_read' <Predicate = true> <Delay = 0.00>
ST_1 : Operation 371 [1/1] (0.00ns)   --->   "%input_buffer_754_read = read i16 @_ssdm_op_Read.ap_auto.i16, i16 %input_buffer_754"   --->   Operation 371 'read' 'input_buffer_754_read' <Predicate = true> <Delay = 0.00>
ST_1 : Operation 372 [1/1] (0.00ns)   --->   "%input_buffer_753_read = read i16 @_ssdm_op_Read.ap_auto.i16, i16 %input_buffer_753"   --->   Operation 372 'read' 'input_buffer_753_read' <Predicate = true> <Delay = 0.00>
ST_1 : Operation 373 [1/1] (0.00ns)   --->   "%input_buffer_752_read = read i16 @_ssdm_op_Read.ap_auto.i16, i16 %input_buffer_752"   --->   Operation 373 'read' 'input_buffer_752_read' <Predicate = true> <Delay = 0.00>
ST_1 : Operation 374 [1/1] (0.00ns)   --->   "%input_buffer_751_read = read i16 @_ssdm_op_Read.ap_auto.i16, i16 %input_buffer_751"   --->   Operation 374 'read' 'input_buffer_751_read' <Predicate = true> <Delay = 0.00>
ST_1 : Operation 375 [1/1] (0.00ns)   --->   "%input_buffer_750_read = read i16 @_ssdm_op_Read.ap_auto.i16, i16 %input_buffer_750"   --->   Operation 375 'read' 'input_buffer_750_read' <Predicate = true> <Delay = 0.00>
ST_1 : Operation 376 [1/1] (0.00ns)   --->   "%input_buffer_749_read = read i16 @_ssdm_op_Read.ap_auto.i16, i16 %input_buffer_749"   --->   Operation 376 'read' 'input_buffer_749_read' <Predicate = true> <Delay = 0.00>
ST_1 : Operation 377 [1/1] (0.00ns)   --->   "%input_buffer_748_read = read i16 @_ssdm_op_Read.ap_auto.i16, i16 %input_buffer_748"   --->   Operation 377 'read' 'input_buffer_748_read' <Predicate = true> <Delay = 0.00>
ST_1 : Operation 378 [1/1] (0.00ns)   --->   "%input_buffer_747_read = read i16 @_ssdm_op_Read.ap_auto.i16, i16 %input_buffer_747"   --->   Operation 378 'read' 'input_buffer_747_read' <Predicate = true> <Delay = 0.00>
ST_1 : Operation 379 [1/1] (0.00ns)   --->   "%input_buffer_746_read = read i16 @_ssdm_op_Read.ap_auto.i16, i16 %input_buffer_746"   --->   Operation 379 'read' 'input_buffer_746_read' <Predicate = true> <Delay = 0.00>
ST_1 : Operation 380 [1/1] (0.00ns)   --->   "%input_buffer_745_read = read i16 @_ssdm_op_Read.ap_auto.i16, i16 %input_buffer_745"   --->   Operation 380 'read' 'input_buffer_745_read' <Predicate = true> <Delay = 0.00>
ST_1 : Operation 381 [1/1] (0.00ns)   --->   "%input_buffer_744_read = read i16 @_ssdm_op_Read.ap_auto.i16, i16 %input_buffer_744"   --->   Operation 381 'read' 'input_buffer_744_read' <Predicate = true> <Delay = 0.00>
ST_1 : Operation 382 [1/1] (0.00ns)   --->   "%input_buffer_743_read = read i16 @_ssdm_op_Read.ap_auto.i16, i16 %input_buffer_743"   --->   Operation 382 'read' 'input_buffer_743_read' <Predicate = true> <Delay = 0.00>
ST_1 : Operation 383 [1/1] (0.00ns)   --->   "%input_buffer_742_read = read i16 @_ssdm_op_Read.ap_auto.i16, i16 %input_buffer_742"   --->   Operation 383 'read' 'input_buffer_742_read' <Predicate = true> <Delay = 0.00>
ST_1 : Operation 384 [1/1] (0.00ns)   --->   "%input_buffer_741_read = read i16 @_ssdm_op_Read.ap_auto.i16, i16 %input_buffer_741"   --->   Operation 384 'read' 'input_buffer_741_read' <Predicate = true> <Delay = 0.00>
ST_1 : Operation 385 [1/1] (0.00ns)   --->   "%input_buffer_740_read = read i16 @_ssdm_op_Read.ap_auto.i16, i16 %input_buffer_740"   --->   Operation 385 'read' 'input_buffer_740_read' <Predicate = true> <Delay = 0.00>
ST_1 : Operation 386 [1/1] (0.00ns)   --->   "%input_buffer_739_read = read i16 @_ssdm_op_Read.ap_auto.i16, i16 %input_buffer_739"   --->   Operation 386 'read' 'input_buffer_739_read' <Predicate = true> <Delay = 0.00>
ST_1 : Operation 387 [1/1] (0.00ns)   --->   "%input_buffer_738_read = read i16 @_ssdm_op_Read.ap_auto.i16, i16 %input_buffer_738"   --->   Operation 387 'read' 'input_buffer_738_read' <Predicate = true> <Delay = 0.00>
ST_1 : Operation 388 [1/1] (0.00ns)   --->   "%input_buffer_737_read = read i16 @_ssdm_op_Read.ap_auto.i16, i16 %input_buffer_737"   --->   Operation 388 'read' 'input_buffer_737_read' <Predicate = true> <Delay = 0.00>
ST_1 : Operation 389 [1/1] (0.00ns)   --->   "%input_buffer_736_read = read i16 @_ssdm_op_Read.ap_auto.i16, i16 %input_buffer_736"   --->   Operation 389 'read' 'input_buffer_736_read' <Predicate = true> <Delay = 0.00>
ST_1 : Operation 390 [1/1] (0.00ns)   --->   "%input_buffer_735_read = read i16 @_ssdm_op_Read.ap_auto.i16, i16 %input_buffer_735"   --->   Operation 390 'read' 'input_buffer_735_read' <Predicate = true> <Delay = 0.00>
ST_1 : Operation 391 [1/1] (0.00ns)   --->   "%input_buffer_734_read = read i16 @_ssdm_op_Read.ap_auto.i16, i16 %input_buffer_734"   --->   Operation 391 'read' 'input_buffer_734_read' <Predicate = true> <Delay = 0.00>
ST_1 : Operation 392 [1/1] (0.00ns)   --->   "%input_buffer_733_read = read i16 @_ssdm_op_Read.ap_auto.i16, i16 %input_buffer_733"   --->   Operation 392 'read' 'input_buffer_733_read' <Predicate = true> <Delay = 0.00>
ST_1 : Operation 393 [1/1] (0.00ns)   --->   "%input_buffer_732_read = read i16 @_ssdm_op_Read.ap_auto.i16, i16 %input_buffer_732"   --->   Operation 393 'read' 'input_buffer_732_read' <Predicate = true> <Delay = 0.00>
ST_1 : Operation 394 [1/1] (0.00ns)   --->   "%input_buffer_731_read = read i16 @_ssdm_op_Read.ap_auto.i16, i16 %input_buffer_731"   --->   Operation 394 'read' 'input_buffer_731_read' <Predicate = true> <Delay = 0.00>
ST_1 : Operation 395 [1/1] (0.00ns)   --->   "%input_buffer_730_read = read i16 @_ssdm_op_Read.ap_auto.i16, i16 %input_buffer_730"   --->   Operation 395 'read' 'input_buffer_730_read' <Predicate = true> <Delay = 0.00>
ST_1 : Operation 396 [1/1] (0.00ns)   --->   "%input_buffer_729_read = read i16 @_ssdm_op_Read.ap_auto.i16, i16 %input_buffer_729"   --->   Operation 396 'read' 'input_buffer_729_read' <Predicate = true> <Delay = 0.00>
ST_1 : Operation 397 [1/1] (0.00ns)   --->   "%input_buffer_728_read = read i16 @_ssdm_op_Read.ap_auto.i16, i16 %input_buffer_728"   --->   Operation 397 'read' 'input_buffer_728_read' <Predicate = true> <Delay = 0.00>
ST_1 : Operation 398 [1/1] (0.00ns)   --->   "%input_buffer_727_read = read i16 @_ssdm_op_Read.ap_auto.i16, i16 %input_buffer_727"   --->   Operation 398 'read' 'input_buffer_727_read' <Predicate = true> <Delay = 0.00>
ST_1 : Operation 399 [1/1] (0.00ns)   --->   "%input_buffer_726_read = read i16 @_ssdm_op_Read.ap_auto.i16, i16 %input_buffer_726"   --->   Operation 399 'read' 'input_buffer_726_read' <Predicate = true> <Delay = 0.00>
ST_1 : Operation 400 [1/1] (0.00ns)   --->   "%input_buffer_725_read = read i16 @_ssdm_op_Read.ap_auto.i16, i16 %input_buffer_725"   --->   Operation 400 'read' 'input_buffer_725_read' <Predicate = true> <Delay = 0.00>
ST_1 : Operation 401 [1/1] (0.00ns)   --->   "%input_buffer_724_read = read i16 @_ssdm_op_Read.ap_auto.i16, i16 %input_buffer_724"   --->   Operation 401 'read' 'input_buffer_724_read' <Predicate = true> <Delay = 0.00>
ST_1 : Operation 402 [1/1] (0.00ns)   --->   "%input_buffer_723_read = read i16 @_ssdm_op_Read.ap_auto.i16, i16 %input_buffer_723"   --->   Operation 402 'read' 'input_buffer_723_read' <Predicate = true> <Delay = 0.00>
ST_1 : Operation 403 [1/1] (0.00ns)   --->   "%input_buffer_722_read = read i16 @_ssdm_op_Read.ap_auto.i16, i16 %input_buffer_722"   --->   Operation 403 'read' 'input_buffer_722_read' <Predicate = true> <Delay = 0.00>
ST_1 : Operation 404 [1/1] (0.00ns)   --->   "%input_buffer_721_read = read i16 @_ssdm_op_Read.ap_auto.i16, i16 %input_buffer_721"   --->   Operation 404 'read' 'input_buffer_721_read' <Predicate = true> <Delay = 0.00>
ST_1 : Operation 405 [1/1] (0.00ns)   --->   "%input_buffer_720_read = read i16 @_ssdm_op_Read.ap_auto.i16, i16 %input_buffer_720"   --->   Operation 405 'read' 'input_buffer_720_read' <Predicate = true> <Delay = 0.00>
ST_1 : Operation 406 [1/1] (0.00ns)   --->   "%input_buffer_719_read = read i16 @_ssdm_op_Read.ap_auto.i16, i16 %input_buffer_719"   --->   Operation 406 'read' 'input_buffer_719_read' <Predicate = true> <Delay = 0.00>
ST_1 : Operation 407 [1/1] (0.00ns)   --->   "%input_buffer_718_read = read i16 @_ssdm_op_Read.ap_auto.i16, i16 %input_buffer_718"   --->   Operation 407 'read' 'input_buffer_718_read' <Predicate = true> <Delay = 0.00>
ST_1 : Operation 408 [1/1] (0.00ns)   --->   "%input_buffer_717_read = read i16 @_ssdm_op_Read.ap_auto.i16, i16 %input_buffer_717"   --->   Operation 408 'read' 'input_buffer_717_read' <Predicate = true> <Delay = 0.00>
ST_1 : Operation 409 [1/1] (0.00ns)   --->   "%input_buffer_716_read = read i16 @_ssdm_op_Read.ap_auto.i16, i16 %input_buffer_716"   --->   Operation 409 'read' 'input_buffer_716_read' <Predicate = true> <Delay = 0.00>
ST_1 : Operation 410 [1/1] (0.00ns)   --->   "%input_buffer_715_read = read i16 @_ssdm_op_Read.ap_auto.i16, i16 %input_buffer_715"   --->   Operation 410 'read' 'input_buffer_715_read' <Predicate = true> <Delay = 0.00>
ST_1 : Operation 411 [1/1] (0.00ns)   --->   "%input_buffer_714_read = read i16 @_ssdm_op_Read.ap_auto.i16, i16 %input_buffer_714"   --->   Operation 411 'read' 'input_buffer_714_read' <Predicate = true> <Delay = 0.00>
ST_1 : Operation 412 [1/1] (0.00ns)   --->   "%input_buffer_713_read = read i16 @_ssdm_op_Read.ap_auto.i16, i16 %input_buffer_713"   --->   Operation 412 'read' 'input_buffer_713_read' <Predicate = true> <Delay = 0.00>
ST_1 : Operation 413 [1/1] (0.00ns)   --->   "%input_buffer_712_read = read i16 @_ssdm_op_Read.ap_auto.i16, i16 %input_buffer_712"   --->   Operation 413 'read' 'input_buffer_712_read' <Predicate = true> <Delay = 0.00>
ST_1 : Operation 414 [1/1] (0.00ns)   --->   "%input_buffer_711_read = read i16 @_ssdm_op_Read.ap_auto.i16, i16 %input_buffer_711"   --->   Operation 414 'read' 'input_buffer_711_read' <Predicate = true> <Delay = 0.00>
ST_1 : Operation 415 [1/1] (0.00ns)   --->   "%input_buffer_710_read = read i16 @_ssdm_op_Read.ap_auto.i16, i16 %input_buffer_710"   --->   Operation 415 'read' 'input_buffer_710_read' <Predicate = true> <Delay = 0.00>
ST_1 : Operation 416 [1/1] (0.00ns)   --->   "%input_buffer_709_read = read i16 @_ssdm_op_Read.ap_auto.i16, i16 %input_buffer_709"   --->   Operation 416 'read' 'input_buffer_709_read' <Predicate = true> <Delay = 0.00>
ST_1 : Operation 417 [1/1] (0.00ns)   --->   "%input_buffer_708_read = read i16 @_ssdm_op_Read.ap_auto.i16, i16 %input_buffer_708"   --->   Operation 417 'read' 'input_buffer_708_read' <Predicate = true> <Delay = 0.00>
ST_1 : Operation 418 [1/1] (0.00ns)   --->   "%input_buffer_707_read = read i16 @_ssdm_op_Read.ap_auto.i16, i16 %input_buffer_707"   --->   Operation 418 'read' 'input_buffer_707_read' <Predicate = true> <Delay = 0.00>
ST_1 : Operation 419 [1/1] (0.00ns)   --->   "%input_buffer_706_read = read i16 @_ssdm_op_Read.ap_auto.i16, i16 %input_buffer_706"   --->   Operation 419 'read' 'input_buffer_706_read' <Predicate = true> <Delay = 0.00>
ST_1 : Operation 420 [1/1] (0.00ns)   --->   "%input_buffer_705_read = read i16 @_ssdm_op_Read.ap_auto.i16, i16 %input_buffer_705"   --->   Operation 420 'read' 'input_buffer_705_read' <Predicate = true> <Delay = 0.00>
ST_1 : Operation 421 [1/1] (0.00ns)   --->   "%input_buffer_704_read = read i16 @_ssdm_op_Read.ap_auto.i16, i16 %input_buffer_704"   --->   Operation 421 'read' 'input_buffer_704_read' <Predicate = true> <Delay = 0.00>
ST_1 : Operation 422 [1/1] (0.00ns)   --->   "%input_buffer_703_read = read i16 @_ssdm_op_Read.ap_auto.i16, i16 %input_buffer_703"   --->   Operation 422 'read' 'input_buffer_703_read' <Predicate = true> <Delay = 0.00>
ST_1 : Operation 423 [1/1] (0.00ns)   --->   "%input_buffer_702_read = read i16 @_ssdm_op_Read.ap_auto.i16, i16 %input_buffer_702"   --->   Operation 423 'read' 'input_buffer_702_read' <Predicate = true> <Delay = 0.00>
ST_1 : Operation 424 [1/1] (0.00ns)   --->   "%input_buffer_701_read = read i16 @_ssdm_op_Read.ap_auto.i16, i16 %input_buffer_701"   --->   Operation 424 'read' 'input_buffer_701_read' <Predicate = true> <Delay = 0.00>
ST_1 : Operation 425 [1/1] (0.00ns)   --->   "%input_buffer_700_read = read i16 @_ssdm_op_Read.ap_auto.i16, i16 %input_buffer_700"   --->   Operation 425 'read' 'input_buffer_700_read' <Predicate = true> <Delay = 0.00>
ST_1 : Operation 426 [1/1] (0.00ns)   --->   "%input_buffer_699_read = read i16 @_ssdm_op_Read.ap_auto.i16, i16 %input_buffer_699"   --->   Operation 426 'read' 'input_buffer_699_read' <Predicate = true> <Delay = 0.00>
ST_1 : Operation 427 [1/1] (0.00ns)   --->   "%input_buffer_698_read = read i16 @_ssdm_op_Read.ap_auto.i16, i16 %input_buffer_698"   --->   Operation 427 'read' 'input_buffer_698_read' <Predicate = true> <Delay = 0.00>
ST_1 : Operation 428 [1/1] (0.00ns)   --->   "%input_buffer_697_read = read i16 @_ssdm_op_Read.ap_auto.i16, i16 %input_buffer_697"   --->   Operation 428 'read' 'input_buffer_697_read' <Predicate = true> <Delay = 0.00>
ST_1 : Operation 429 [1/1] (0.00ns)   --->   "%input_buffer_696_read = read i16 @_ssdm_op_Read.ap_auto.i16, i16 %input_buffer_696"   --->   Operation 429 'read' 'input_buffer_696_read' <Predicate = true> <Delay = 0.00>
ST_1 : Operation 430 [1/1] (0.00ns)   --->   "%input_buffer_695_read = read i16 @_ssdm_op_Read.ap_auto.i16, i16 %input_buffer_695"   --->   Operation 430 'read' 'input_buffer_695_read' <Predicate = true> <Delay = 0.00>
ST_1 : Operation 431 [1/1] (0.00ns)   --->   "%input_buffer_694_read = read i16 @_ssdm_op_Read.ap_auto.i16, i16 %input_buffer_694"   --->   Operation 431 'read' 'input_buffer_694_read' <Predicate = true> <Delay = 0.00>
ST_1 : Operation 432 [1/1] (0.00ns)   --->   "%input_buffer_693_read = read i16 @_ssdm_op_Read.ap_auto.i16, i16 %input_buffer_693"   --->   Operation 432 'read' 'input_buffer_693_read' <Predicate = true> <Delay = 0.00>
ST_1 : Operation 433 [1/1] (0.00ns)   --->   "%input_buffer_692_read = read i16 @_ssdm_op_Read.ap_auto.i16, i16 %input_buffer_692"   --->   Operation 433 'read' 'input_buffer_692_read' <Predicate = true> <Delay = 0.00>
ST_1 : Operation 434 [1/1] (0.00ns)   --->   "%input_buffer_691_read = read i16 @_ssdm_op_Read.ap_auto.i16, i16 %input_buffer_691"   --->   Operation 434 'read' 'input_buffer_691_read' <Predicate = true> <Delay = 0.00>
ST_1 : Operation 435 [1/1] (0.00ns)   --->   "%input_buffer_690_read = read i16 @_ssdm_op_Read.ap_auto.i16, i16 %input_buffer_690"   --->   Operation 435 'read' 'input_buffer_690_read' <Predicate = true> <Delay = 0.00>
ST_1 : Operation 436 [1/1] (0.00ns)   --->   "%input_buffer_689_read = read i16 @_ssdm_op_Read.ap_auto.i16, i16 %input_buffer_689"   --->   Operation 436 'read' 'input_buffer_689_read' <Predicate = true> <Delay = 0.00>
ST_1 : Operation 437 [1/1] (0.00ns)   --->   "%input_buffer_688_read = read i16 @_ssdm_op_Read.ap_auto.i16, i16 %input_buffer_688"   --->   Operation 437 'read' 'input_buffer_688_read' <Predicate = true> <Delay = 0.00>
ST_1 : Operation 438 [1/1] (0.00ns)   --->   "%input_buffer_687_read = read i16 @_ssdm_op_Read.ap_auto.i16, i16 %input_buffer_687"   --->   Operation 438 'read' 'input_buffer_687_read' <Predicate = true> <Delay = 0.00>
ST_1 : Operation 439 [1/1] (0.00ns)   --->   "%input_buffer_686_read = read i16 @_ssdm_op_Read.ap_auto.i16, i16 %input_buffer_686"   --->   Operation 439 'read' 'input_buffer_686_read' <Predicate = true> <Delay = 0.00>
ST_1 : Operation 440 [1/1] (0.00ns)   --->   "%input_buffer_685_read = read i16 @_ssdm_op_Read.ap_auto.i16, i16 %input_buffer_685"   --->   Operation 440 'read' 'input_buffer_685_read' <Predicate = true> <Delay = 0.00>
ST_1 : Operation 441 [1/1] (0.00ns)   --->   "%input_buffer_684_read = read i16 @_ssdm_op_Read.ap_auto.i16, i16 %input_buffer_684"   --->   Operation 441 'read' 'input_buffer_684_read' <Predicate = true> <Delay = 0.00>
ST_1 : Operation 442 [1/1] (0.00ns)   --->   "%input_buffer_683_read = read i16 @_ssdm_op_Read.ap_auto.i16, i16 %input_buffer_683"   --->   Operation 442 'read' 'input_buffer_683_read' <Predicate = true> <Delay = 0.00>
ST_1 : Operation 443 [1/1] (0.00ns)   --->   "%input_buffer_682_read = read i16 @_ssdm_op_Read.ap_auto.i16, i16 %input_buffer_682"   --->   Operation 443 'read' 'input_buffer_682_read' <Predicate = true> <Delay = 0.00>
ST_1 : Operation 444 [1/1] (0.00ns)   --->   "%input_buffer_681_read = read i16 @_ssdm_op_Read.ap_auto.i16, i16 %input_buffer_681"   --->   Operation 444 'read' 'input_buffer_681_read' <Predicate = true> <Delay = 0.00>
ST_1 : Operation 445 [1/1] (0.00ns)   --->   "%input_buffer_680_read = read i16 @_ssdm_op_Read.ap_auto.i16, i16 %input_buffer_680"   --->   Operation 445 'read' 'input_buffer_680_read' <Predicate = true> <Delay = 0.00>
ST_1 : Operation 446 [1/1] (0.00ns)   --->   "%input_buffer_679_read = read i16 @_ssdm_op_Read.ap_auto.i16, i16 %input_buffer_679"   --->   Operation 446 'read' 'input_buffer_679_read' <Predicate = true> <Delay = 0.00>
ST_1 : Operation 447 [1/1] (0.00ns)   --->   "%input_buffer_678_read = read i16 @_ssdm_op_Read.ap_auto.i16, i16 %input_buffer_678"   --->   Operation 447 'read' 'input_buffer_678_read' <Predicate = true> <Delay = 0.00>
ST_1 : Operation 448 [1/1] (0.00ns)   --->   "%input_buffer_677_read = read i16 @_ssdm_op_Read.ap_auto.i16, i16 %input_buffer_677"   --->   Operation 448 'read' 'input_buffer_677_read' <Predicate = true> <Delay = 0.00>
ST_1 : Operation 449 [1/1] (0.00ns)   --->   "%input_buffer_676_read = read i16 @_ssdm_op_Read.ap_auto.i16, i16 %input_buffer_676"   --->   Operation 449 'read' 'input_buffer_676_read' <Predicate = true> <Delay = 0.00>
ST_1 : Operation 450 [1/1] (0.00ns)   --->   "%input_buffer_675_read = read i16 @_ssdm_op_Read.ap_auto.i16, i16 %input_buffer_675"   --->   Operation 450 'read' 'input_buffer_675_read' <Predicate = true> <Delay = 0.00>
ST_1 : Operation 451 [1/1] (0.00ns)   --->   "%input_buffer_674_read = read i16 @_ssdm_op_Read.ap_auto.i16, i16 %input_buffer_674"   --->   Operation 451 'read' 'input_buffer_674_read' <Predicate = true> <Delay = 0.00>
ST_1 : Operation 452 [1/1] (0.00ns)   --->   "%input_buffer_673_read = read i16 @_ssdm_op_Read.ap_auto.i16, i16 %input_buffer_673"   --->   Operation 452 'read' 'input_buffer_673_read' <Predicate = true> <Delay = 0.00>
ST_1 : Operation 453 [1/1] (0.00ns)   --->   "%input_buffer_read = read i16 @_ssdm_op_Read.ap_auto.i16, i16 %input_buffer"   --->   Operation 453 'read' 'input_buffer_read' <Predicate = true> <Delay = 0.00>
ST_1 : Operation 454 [1/1] (0.00ns)   --->   "%input_buffer_895_read = read i16 @_ssdm_op_Read.ap_auto.i16, i16 %input_buffer_895"   --->   Operation 454 'read' 'input_buffer_895_read' <Predicate = true> <Delay = 0.00>
ST_1 : Operation 455 [1/1] (1.58ns)   --->   "%store_ln0 = store i16 %input_buffer_895_read, i16 %empty_1004"   --->   Operation 455 'store' 'store_ln0' <Predicate = true> <Delay = 1.58>
ST_1 : Operation 456 [1/1] (1.58ns)   --->   "%store_ln0 = store i16 %input_buffer_read, i16 %empty_1003"   --->   Operation 456 'store' 'store_ln0' <Predicate = true> <Delay = 1.58>
ST_1 : Operation 457 [1/1] (1.58ns)   --->   "%store_ln0 = store i16 %input_buffer_673_read, i16 %empty_1002"   --->   Operation 457 'store' 'store_ln0' <Predicate = true> <Delay = 1.58>
ST_1 : Operation 458 [1/1] (1.58ns)   --->   "%store_ln0 = store i16 %input_buffer_674_read, i16 %empty_1001"   --->   Operation 458 'store' 'store_ln0' <Predicate = true> <Delay = 1.58>
ST_1 : Operation 459 [1/1] (1.58ns)   --->   "%store_ln0 = store i16 %input_buffer_675_read, i16 %empty_1000"   --->   Operation 459 'store' 'store_ln0' <Predicate = true> <Delay = 1.58>
ST_1 : Operation 460 [1/1] (1.58ns)   --->   "%store_ln0 = store i16 %input_buffer_676_read, i16 %empty_999"   --->   Operation 460 'store' 'store_ln0' <Predicate = true> <Delay = 1.58>
ST_1 : Operation 461 [1/1] (1.58ns)   --->   "%store_ln0 = store i16 %input_buffer_677_read, i16 %empty_998"   --->   Operation 461 'store' 'store_ln0' <Predicate = true> <Delay = 1.58>
ST_1 : Operation 462 [1/1] (1.58ns)   --->   "%store_ln0 = store i16 %input_buffer_678_read, i16 %empty_997"   --->   Operation 462 'store' 'store_ln0' <Predicate = true> <Delay = 1.58>
ST_1 : Operation 463 [1/1] (1.58ns)   --->   "%store_ln0 = store i16 %input_buffer_679_read, i16 %empty_996"   --->   Operation 463 'store' 'store_ln0' <Predicate = true> <Delay = 1.58>
ST_1 : Operation 464 [1/1] (1.58ns)   --->   "%store_ln0 = store i16 %input_buffer_680_read, i16 %empty_995"   --->   Operation 464 'store' 'store_ln0' <Predicate = true> <Delay = 1.58>
ST_1 : Operation 465 [1/1] (1.58ns)   --->   "%store_ln0 = store i16 %input_buffer_681_read, i16 %empty_994"   --->   Operation 465 'store' 'store_ln0' <Predicate = true> <Delay = 1.58>
ST_1 : Operation 466 [1/1] (1.58ns)   --->   "%store_ln0 = store i16 %input_buffer_682_read, i16 %empty_993"   --->   Operation 466 'store' 'store_ln0' <Predicate = true> <Delay = 1.58>
ST_1 : Operation 467 [1/1] (1.58ns)   --->   "%store_ln0 = store i16 %input_buffer_683_read, i16 %empty_992"   --->   Operation 467 'store' 'store_ln0' <Predicate = true> <Delay = 1.58>
ST_1 : Operation 468 [1/1] (1.58ns)   --->   "%store_ln0 = store i16 %input_buffer_684_read, i16 %empty_991"   --->   Operation 468 'store' 'store_ln0' <Predicate = true> <Delay = 1.58>
ST_1 : Operation 469 [1/1] (1.58ns)   --->   "%store_ln0 = store i16 %input_buffer_685_read, i16 %empty_990"   --->   Operation 469 'store' 'store_ln0' <Predicate = true> <Delay = 1.58>
ST_1 : Operation 470 [1/1] (1.58ns)   --->   "%store_ln0 = store i16 %input_buffer_686_read, i16 %empty_989"   --->   Operation 470 'store' 'store_ln0' <Predicate = true> <Delay = 1.58>
ST_1 : Operation 471 [1/1] (1.58ns)   --->   "%store_ln0 = store i16 %input_buffer_687_read, i16 %empty_988"   --->   Operation 471 'store' 'store_ln0' <Predicate = true> <Delay = 1.58>
ST_1 : Operation 472 [1/1] (1.58ns)   --->   "%store_ln0 = store i16 %input_buffer_688_read, i16 %empty_987"   --->   Operation 472 'store' 'store_ln0' <Predicate = true> <Delay = 1.58>
ST_1 : Operation 473 [1/1] (1.58ns)   --->   "%store_ln0 = store i16 %input_buffer_689_read, i16 %empty_986"   --->   Operation 473 'store' 'store_ln0' <Predicate = true> <Delay = 1.58>
ST_1 : Operation 474 [1/1] (1.58ns)   --->   "%store_ln0 = store i16 %input_buffer_690_read, i16 %empty_985"   --->   Operation 474 'store' 'store_ln0' <Predicate = true> <Delay = 1.58>
ST_1 : Operation 475 [1/1] (1.58ns)   --->   "%store_ln0 = store i16 %input_buffer_691_read, i16 %empty_984"   --->   Operation 475 'store' 'store_ln0' <Predicate = true> <Delay = 1.58>
ST_1 : Operation 476 [1/1] (1.58ns)   --->   "%store_ln0 = store i16 %input_buffer_692_read, i16 %empty_983"   --->   Operation 476 'store' 'store_ln0' <Predicate = true> <Delay = 1.58>
ST_1 : Operation 477 [1/1] (1.58ns)   --->   "%store_ln0 = store i16 %input_buffer_693_read, i16 %empty_982"   --->   Operation 477 'store' 'store_ln0' <Predicate = true> <Delay = 1.58>
ST_1 : Operation 478 [1/1] (1.58ns)   --->   "%store_ln0 = store i16 %input_buffer_694_read, i16 %empty_981"   --->   Operation 478 'store' 'store_ln0' <Predicate = true> <Delay = 1.58>
ST_1 : Operation 479 [1/1] (1.58ns)   --->   "%store_ln0 = store i16 %input_buffer_695_read, i16 %empty_980"   --->   Operation 479 'store' 'store_ln0' <Predicate = true> <Delay = 1.58>
ST_1 : Operation 480 [1/1] (1.58ns)   --->   "%store_ln0 = store i16 %input_buffer_696_read, i16 %empty_979"   --->   Operation 480 'store' 'store_ln0' <Predicate = true> <Delay = 1.58>
ST_1 : Operation 481 [1/1] (1.58ns)   --->   "%store_ln0 = store i16 %input_buffer_697_read, i16 %empty_978"   --->   Operation 481 'store' 'store_ln0' <Predicate = true> <Delay = 1.58>
ST_1 : Operation 482 [1/1] (1.58ns)   --->   "%store_ln0 = store i16 %input_buffer_698_read, i16 %empty_977"   --->   Operation 482 'store' 'store_ln0' <Predicate = true> <Delay = 1.58>
ST_1 : Operation 483 [1/1] (1.58ns)   --->   "%store_ln0 = store i16 %input_buffer_699_read, i16 %empty_976"   --->   Operation 483 'store' 'store_ln0' <Predicate = true> <Delay = 1.58>
ST_1 : Operation 484 [1/1] (1.58ns)   --->   "%store_ln0 = store i16 %input_buffer_700_read, i16 %empty_975"   --->   Operation 484 'store' 'store_ln0' <Predicate = true> <Delay = 1.58>
ST_1 : Operation 485 [1/1] (1.58ns)   --->   "%store_ln0 = store i16 %input_buffer_701_read, i16 %empty_974"   --->   Operation 485 'store' 'store_ln0' <Predicate = true> <Delay = 1.58>
ST_1 : Operation 486 [1/1] (1.58ns)   --->   "%store_ln0 = store i16 %input_buffer_702_read, i16 %empty_973"   --->   Operation 486 'store' 'store_ln0' <Predicate = true> <Delay = 1.58>
ST_1 : Operation 487 [1/1] (1.58ns)   --->   "%store_ln0 = store i16 %input_buffer_703_read, i16 %empty_972"   --->   Operation 487 'store' 'store_ln0' <Predicate = true> <Delay = 1.58>
ST_1 : Operation 488 [1/1] (1.58ns)   --->   "%store_ln0 = store i16 %input_buffer_704_read, i16 %empty_971"   --->   Operation 488 'store' 'store_ln0' <Predicate = true> <Delay = 1.58>
ST_1 : Operation 489 [1/1] (1.58ns)   --->   "%store_ln0 = store i16 %input_buffer_705_read, i16 %empty_970"   --->   Operation 489 'store' 'store_ln0' <Predicate = true> <Delay = 1.58>
ST_1 : Operation 490 [1/1] (1.58ns)   --->   "%store_ln0 = store i16 %input_buffer_706_read, i16 %empty_969"   --->   Operation 490 'store' 'store_ln0' <Predicate = true> <Delay = 1.58>
ST_1 : Operation 491 [1/1] (1.58ns)   --->   "%store_ln0 = store i16 %input_buffer_707_read, i16 %empty_968"   --->   Operation 491 'store' 'store_ln0' <Predicate = true> <Delay = 1.58>
ST_1 : Operation 492 [1/1] (1.58ns)   --->   "%store_ln0 = store i16 %input_buffer_708_read, i16 %empty_967"   --->   Operation 492 'store' 'store_ln0' <Predicate = true> <Delay = 1.58>
ST_1 : Operation 493 [1/1] (1.58ns)   --->   "%store_ln0 = store i16 %input_buffer_709_read, i16 %empty_966"   --->   Operation 493 'store' 'store_ln0' <Predicate = true> <Delay = 1.58>
ST_1 : Operation 494 [1/1] (1.58ns)   --->   "%store_ln0 = store i16 %input_buffer_710_read, i16 %empty_965"   --->   Operation 494 'store' 'store_ln0' <Predicate = true> <Delay = 1.58>
ST_1 : Operation 495 [1/1] (1.58ns)   --->   "%store_ln0 = store i16 %input_buffer_711_read, i16 %empty_964"   --->   Operation 495 'store' 'store_ln0' <Predicate = true> <Delay = 1.58>
ST_1 : Operation 496 [1/1] (1.58ns)   --->   "%store_ln0 = store i16 %input_buffer_712_read, i16 %empty_963"   --->   Operation 496 'store' 'store_ln0' <Predicate = true> <Delay = 1.58>
ST_1 : Operation 497 [1/1] (1.58ns)   --->   "%store_ln0 = store i16 %input_buffer_713_read, i16 %empty_962"   --->   Operation 497 'store' 'store_ln0' <Predicate = true> <Delay = 1.58>
ST_1 : Operation 498 [1/1] (1.58ns)   --->   "%store_ln0 = store i16 %input_buffer_714_read, i16 %empty_961"   --->   Operation 498 'store' 'store_ln0' <Predicate = true> <Delay = 1.58>
ST_1 : Operation 499 [1/1] (1.58ns)   --->   "%store_ln0 = store i16 %input_buffer_715_read, i16 %empty_960"   --->   Operation 499 'store' 'store_ln0' <Predicate = true> <Delay = 1.58>
ST_1 : Operation 500 [1/1] (1.58ns)   --->   "%store_ln0 = store i16 %input_buffer_716_read, i16 %empty_959"   --->   Operation 500 'store' 'store_ln0' <Predicate = true> <Delay = 1.58>
ST_1 : Operation 501 [1/1] (1.58ns)   --->   "%store_ln0 = store i16 %input_buffer_717_read, i16 %empty_958"   --->   Operation 501 'store' 'store_ln0' <Predicate = true> <Delay = 1.58>
ST_1 : Operation 502 [1/1] (1.58ns)   --->   "%store_ln0 = store i16 %input_buffer_718_read, i16 %empty_957"   --->   Operation 502 'store' 'store_ln0' <Predicate = true> <Delay = 1.58>
ST_1 : Operation 503 [1/1] (1.58ns)   --->   "%store_ln0 = store i16 %input_buffer_719_read, i16 %empty_956"   --->   Operation 503 'store' 'store_ln0' <Predicate = true> <Delay = 1.58>
ST_1 : Operation 504 [1/1] (1.58ns)   --->   "%store_ln0 = store i16 %input_buffer_720_read, i16 %empty_955"   --->   Operation 504 'store' 'store_ln0' <Predicate = true> <Delay = 1.58>
ST_1 : Operation 505 [1/1] (1.58ns)   --->   "%store_ln0 = store i16 %input_buffer_721_read, i16 %empty_954"   --->   Operation 505 'store' 'store_ln0' <Predicate = true> <Delay = 1.58>
ST_1 : Operation 506 [1/1] (1.58ns)   --->   "%store_ln0 = store i16 %input_buffer_722_read, i16 %empty_953"   --->   Operation 506 'store' 'store_ln0' <Predicate = true> <Delay = 1.58>
ST_1 : Operation 507 [1/1] (1.58ns)   --->   "%store_ln0 = store i16 %input_buffer_723_read, i16 %empty_952"   --->   Operation 507 'store' 'store_ln0' <Predicate = true> <Delay = 1.58>
ST_1 : Operation 508 [1/1] (1.58ns)   --->   "%store_ln0 = store i16 %input_buffer_724_read, i16 %empty_951"   --->   Operation 508 'store' 'store_ln0' <Predicate = true> <Delay = 1.58>
ST_1 : Operation 509 [1/1] (1.58ns)   --->   "%store_ln0 = store i16 %input_buffer_725_read, i16 %empty_950"   --->   Operation 509 'store' 'store_ln0' <Predicate = true> <Delay = 1.58>
ST_1 : Operation 510 [1/1] (1.58ns)   --->   "%store_ln0 = store i16 %input_buffer_726_read, i16 %empty_949"   --->   Operation 510 'store' 'store_ln0' <Predicate = true> <Delay = 1.58>
ST_1 : Operation 511 [1/1] (1.58ns)   --->   "%store_ln0 = store i16 %input_buffer_727_read, i16 %empty_948"   --->   Operation 511 'store' 'store_ln0' <Predicate = true> <Delay = 1.58>
ST_1 : Operation 512 [1/1] (1.58ns)   --->   "%store_ln0 = store i16 %input_buffer_728_read, i16 %empty_947"   --->   Operation 512 'store' 'store_ln0' <Predicate = true> <Delay = 1.58>
ST_1 : Operation 513 [1/1] (1.58ns)   --->   "%store_ln0 = store i16 %input_buffer_729_read, i16 %empty_946"   --->   Operation 513 'store' 'store_ln0' <Predicate = true> <Delay = 1.58>
ST_1 : Operation 514 [1/1] (1.58ns)   --->   "%store_ln0 = store i16 %input_buffer_730_read, i16 %empty_945"   --->   Operation 514 'store' 'store_ln0' <Predicate = true> <Delay = 1.58>
ST_1 : Operation 515 [1/1] (1.58ns)   --->   "%store_ln0 = store i16 %input_buffer_731_read, i16 %empty_944"   --->   Operation 515 'store' 'store_ln0' <Predicate = true> <Delay = 1.58>
ST_1 : Operation 516 [1/1] (1.58ns)   --->   "%store_ln0 = store i16 %input_buffer_732_read, i16 %empty_943"   --->   Operation 516 'store' 'store_ln0' <Predicate = true> <Delay = 1.58>
ST_1 : Operation 517 [1/1] (1.58ns)   --->   "%store_ln0 = store i16 %input_buffer_733_read, i16 %empty_942"   --->   Operation 517 'store' 'store_ln0' <Predicate = true> <Delay = 1.58>
ST_1 : Operation 518 [1/1] (1.58ns)   --->   "%store_ln0 = store i16 %input_buffer_734_read, i16 %empty_941"   --->   Operation 518 'store' 'store_ln0' <Predicate = true> <Delay = 1.58>
ST_1 : Operation 519 [1/1] (1.58ns)   --->   "%store_ln0 = store i16 %input_buffer_735_read, i16 %empty_940"   --->   Operation 519 'store' 'store_ln0' <Predicate = true> <Delay = 1.58>
ST_1 : Operation 520 [1/1] (1.58ns)   --->   "%store_ln0 = store i16 %input_buffer_736_read, i16 %empty_939"   --->   Operation 520 'store' 'store_ln0' <Predicate = true> <Delay = 1.58>
ST_1 : Operation 521 [1/1] (1.58ns)   --->   "%store_ln0 = store i16 %input_buffer_737_read, i16 %empty_938"   --->   Operation 521 'store' 'store_ln0' <Predicate = true> <Delay = 1.58>
ST_1 : Operation 522 [1/1] (1.58ns)   --->   "%store_ln0 = store i16 %input_buffer_738_read, i16 %empty_937"   --->   Operation 522 'store' 'store_ln0' <Predicate = true> <Delay = 1.58>
ST_1 : Operation 523 [1/1] (1.58ns)   --->   "%store_ln0 = store i16 %input_buffer_739_read, i16 %empty_936"   --->   Operation 523 'store' 'store_ln0' <Predicate = true> <Delay = 1.58>
ST_1 : Operation 524 [1/1] (1.58ns)   --->   "%store_ln0 = store i16 %input_buffer_740_read, i16 %empty_935"   --->   Operation 524 'store' 'store_ln0' <Predicate = true> <Delay = 1.58>
ST_1 : Operation 525 [1/1] (1.58ns)   --->   "%store_ln0 = store i16 %input_buffer_741_read, i16 %empty_934"   --->   Operation 525 'store' 'store_ln0' <Predicate = true> <Delay = 1.58>
ST_1 : Operation 526 [1/1] (1.58ns)   --->   "%store_ln0 = store i16 %input_buffer_742_read, i16 %empty_933"   --->   Operation 526 'store' 'store_ln0' <Predicate = true> <Delay = 1.58>
ST_1 : Operation 527 [1/1] (1.58ns)   --->   "%store_ln0 = store i16 %input_buffer_743_read, i16 %empty_932"   --->   Operation 527 'store' 'store_ln0' <Predicate = true> <Delay = 1.58>
ST_1 : Operation 528 [1/1] (1.58ns)   --->   "%store_ln0 = store i16 %input_buffer_744_read, i16 %empty_931"   --->   Operation 528 'store' 'store_ln0' <Predicate = true> <Delay = 1.58>
ST_1 : Operation 529 [1/1] (1.58ns)   --->   "%store_ln0 = store i16 %input_buffer_745_read, i16 %empty_930"   --->   Operation 529 'store' 'store_ln0' <Predicate = true> <Delay = 1.58>
ST_1 : Operation 530 [1/1] (1.58ns)   --->   "%store_ln0 = store i16 %input_buffer_746_read, i16 %empty_929"   --->   Operation 530 'store' 'store_ln0' <Predicate = true> <Delay = 1.58>
ST_1 : Operation 531 [1/1] (1.58ns)   --->   "%store_ln0 = store i16 %input_buffer_747_read, i16 %empty_928"   --->   Operation 531 'store' 'store_ln0' <Predicate = true> <Delay = 1.58>
ST_1 : Operation 532 [1/1] (1.58ns)   --->   "%store_ln0 = store i16 %input_buffer_748_read, i16 %empty_927"   --->   Operation 532 'store' 'store_ln0' <Predicate = true> <Delay = 1.58>
ST_1 : Operation 533 [1/1] (1.58ns)   --->   "%store_ln0 = store i16 %input_buffer_749_read, i16 %empty_926"   --->   Operation 533 'store' 'store_ln0' <Predicate = true> <Delay = 1.58>
ST_1 : Operation 534 [1/1] (1.58ns)   --->   "%store_ln0 = store i16 %input_buffer_750_read, i16 %empty_925"   --->   Operation 534 'store' 'store_ln0' <Predicate = true> <Delay = 1.58>
ST_1 : Operation 535 [1/1] (1.58ns)   --->   "%store_ln0 = store i16 %input_buffer_751_read, i16 %empty_924"   --->   Operation 535 'store' 'store_ln0' <Predicate = true> <Delay = 1.58>
ST_1 : Operation 536 [1/1] (1.58ns)   --->   "%store_ln0 = store i16 %input_buffer_752_read, i16 %empty_923"   --->   Operation 536 'store' 'store_ln0' <Predicate = true> <Delay = 1.58>
ST_1 : Operation 537 [1/1] (1.58ns)   --->   "%store_ln0 = store i16 %input_buffer_753_read, i16 %empty_922"   --->   Operation 537 'store' 'store_ln0' <Predicate = true> <Delay = 1.58>
ST_1 : Operation 538 [1/1] (1.58ns)   --->   "%store_ln0 = store i16 %input_buffer_754_read, i16 %empty_921"   --->   Operation 538 'store' 'store_ln0' <Predicate = true> <Delay = 1.58>
ST_1 : Operation 539 [1/1] (1.58ns)   --->   "%store_ln0 = store i16 %input_buffer_755_read, i16 %empty_920"   --->   Operation 539 'store' 'store_ln0' <Predicate = true> <Delay = 1.58>
ST_1 : Operation 540 [1/1] (1.58ns)   --->   "%store_ln0 = store i16 %input_buffer_756_read, i16 %empty_919"   --->   Operation 540 'store' 'store_ln0' <Predicate = true> <Delay = 1.58>
ST_1 : Operation 541 [1/1] (1.58ns)   --->   "%store_ln0 = store i16 %input_buffer_757_read, i16 %empty_918"   --->   Operation 541 'store' 'store_ln0' <Predicate = true> <Delay = 1.58>
ST_1 : Operation 542 [1/1] (1.58ns)   --->   "%store_ln0 = store i16 %input_buffer_758_read, i16 %empty_917"   --->   Operation 542 'store' 'store_ln0' <Predicate = true> <Delay = 1.58>
ST_1 : Operation 543 [1/1] (1.58ns)   --->   "%store_ln0 = store i16 %input_buffer_759_read, i16 %empty_916"   --->   Operation 543 'store' 'store_ln0' <Predicate = true> <Delay = 1.58>
ST_1 : Operation 544 [1/1] (1.58ns)   --->   "%store_ln0 = store i16 %input_buffer_760_read, i16 %empty_915"   --->   Operation 544 'store' 'store_ln0' <Predicate = true> <Delay = 1.58>
ST_1 : Operation 545 [1/1] (1.58ns)   --->   "%store_ln0 = store i16 %input_buffer_761_read, i16 %empty_914"   --->   Operation 545 'store' 'store_ln0' <Predicate = true> <Delay = 1.58>
ST_1 : Operation 546 [1/1] (1.58ns)   --->   "%store_ln0 = store i16 %input_buffer_762_read, i16 %empty_913"   --->   Operation 546 'store' 'store_ln0' <Predicate = true> <Delay = 1.58>
ST_1 : Operation 547 [1/1] (1.58ns)   --->   "%store_ln0 = store i16 %input_buffer_763_read, i16 %empty_912"   --->   Operation 547 'store' 'store_ln0' <Predicate = true> <Delay = 1.58>
ST_1 : Operation 548 [1/1] (1.58ns)   --->   "%store_ln0 = store i16 %input_buffer_764_read, i16 %empty_911"   --->   Operation 548 'store' 'store_ln0' <Predicate = true> <Delay = 1.58>
ST_1 : Operation 549 [1/1] (1.58ns)   --->   "%store_ln0 = store i16 %input_buffer_765_read, i16 %empty_910"   --->   Operation 549 'store' 'store_ln0' <Predicate = true> <Delay = 1.58>
ST_1 : Operation 550 [1/1] (1.58ns)   --->   "%store_ln0 = store i16 %input_buffer_766_read, i16 %empty_909"   --->   Operation 550 'store' 'store_ln0' <Predicate = true> <Delay = 1.58>
ST_1 : Operation 551 [1/1] (1.58ns)   --->   "%store_ln0 = store i16 %input_buffer_767_read, i16 %empty_908"   --->   Operation 551 'store' 'store_ln0' <Predicate = true> <Delay = 1.58>
ST_1 : Operation 552 [1/1] (1.58ns)   --->   "%store_ln0 = store i16 %input_buffer_768_read, i16 %empty_907"   --->   Operation 552 'store' 'store_ln0' <Predicate = true> <Delay = 1.58>
ST_1 : Operation 553 [1/1] (1.58ns)   --->   "%store_ln0 = store i16 %input_buffer_769_read, i16 %empty_906"   --->   Operation 553 'store' 'store_ln0' <Predicate = true> <Delay = 1.58>
ST_1 : Operation 554 [1/1] (1.58ns)   --->   "%store_ln0 = store i16 %input_buffer_770_read, i16 %empty_905"   --->   Operation 554 'store' 'store_ln0' <Predicate = true> <Delay = 1.58>
ST_1 : Operation 555 [1/1] (1.58ns)   --->   "%store_ln0 = store i16 %input_buffer_771_read, i16 %empty_904"   --->   Operation 555 'store' 'store_ln0' <Predicate = true> <Delay = 1.58>
ST_1 : Operation 556 [1/1] (1.58ns)   --->   "%store_ln0 = store i16 %input_buffer_772_read, i16 %empty_903"   --->   Operation 556 'store' 'store_ln0' <Predicate = true> <Delay = 1.58>
ST_1 : Operation 557 [1/1] (1.58ns)   --->   "%store_ln0 = store i16 %input_buffer_773_read, i16 %empty_902"   --->   Operation 557 'store' 'store_ln0' <Predicate = true> <Delay = 1.58>
ST_1 : Operation 558 [1/1] (1.58ns)   --->   "%store_ln0 = store i16 %input_buffer_774_read, i16 %empty_901"   --->   Operation 558 'store' 'store_ln0' <Predicate = true> <Delay = 1.58>
ST_1 : Operation 559 [1/1] (1.58ns)   --->   "%store_ln0 = store i16 %input_buffer_775_read, i16 %empty_900"   --->   Operation 559 'store' 'store_ln0' <Predicate = true> <Delay = 1.58>
ST_1 : Operation 560 [1/1] (1.58ns)   --->   "%store_ln0 = store i16 %input_buffer_776_read, i16 %empty_899"   --->   Operation 560 'store' 'store_ln0' <Predicate = true> <Delay = 1.58>
ST_1 : Operation 561 [1/1] (1.58ns)   --->   "%store_ln0 = store i16 %input_buffer_777_read, i16 %empty_898"   --->   Operation 561 'store' 'store_ln0' <Predicate = true> <Delay = 1.58>
ST_1 : Operation 562 [1/1] (1.58ns)   --->   "%store_ln0 = store i16 %input_buffer_778_read, i16 %empty_897"   --->   Operation 562 'store' 'store_ln0' <Predicate = true> <Delay = 1.58>
ST_1 : Operation 563 [1/1] (1.58ns)   --->   "%store_ln0 = store i16 %input_buffer_779_read, i16 %empty_896"   --->   Operation 563 'store' 'store_ln0' <Predicate = true> <Delay = 1.58>
ST_1 : Operation 564 [1/1] (1.58ns)   --->   "%store_ln0 = store i16 %input_buffer_780_read, i16 %empty_895"   --->   Operation 564 'store' 'store_ln0' <Predicate = true> <Delay = 1.58>
ST_1 : Operation 565 [1/1] (1.58ns)   --->   "%store_ln0 = store i16 %input_buffer_781_read, i16 %empty_894"   --->   Operation 565 'store' 'store_ln0' <Predicate = true> <Delay = 1.58>
ST_1 : Operation 566 [1/1] (1.58ns)   --->   "%store_ln0 = store i16 %input_buffer_782_read, i16 %empty_893"   --->   Operation 566 'store' 'store_ln0' <Predicate = true> <Delay = 1.58>
ST_1 : Operation 567 [1/1] (1.58ns)   --->   "%store_ln0 = store i16 %input_buffer_783_read, i16 %empty_892"   --->   Operation 567 'store' 'store_ln0' <Predicate = true> <Delay = 1.58>
ST_1 : Operation 568 [1/1] (1.58ns)   --->   "%store_ln0 = store i16 %input_buffer_784_read, i16 %empty_891"   --->   Operation 568 'store' 'store_ln0' <Predicate = true> <Delay = 1.58>
ST_1 : Operation 569 [1/1] (1.58ns)   --->   "%store_ln0 = store i16 %input_buffer_785_read, i16 %empty_890"   --->   Operation 569 'store' 'store_ln0' <Predicate = true> <Delay = 1.58>
ST_1 : Operation 570 [1/1] (1.58ns)   --->   "%store_ln0 = store i16 %input_buffer_786_read, i16 %empty_889"   --->   Operation 570 'store' 'store_ln0' <Predicate = true> <Delay = 1.58>
ST_1 : Operation 571 [1/1] (1.58ns)   --->   "%store_ln0 = store i16 %input_buffer_787_read, i16 %empty_888"   --->   Operation 571 'store' 'store_ln0' <Predicate = true> <Delay = 1.58>
ST_1 : Operation 572 [1/1] (1.58ns)   --->   "%store_ln0 = store i16 %input_buffer_788_read, i16 %empty_887"   --->   Operation 572 'store' 'store_ln0' <Predicate = true> <Delay = 1.58>
ST_1 : Operation 573 [1/1] (1.58ns)   --->   "%store_ln0 = store i16 %input_buffer_789_read, i16 %empty_886"   --->   Operation 573 'store' 'store_ln0' <Predicate = true> <Delay = 1.58>
ST_1 : Operation 574 [1/1] (1.58ns)   --->   "%store_ln0 = store i16 %input_buffer_790_read, i16 %empty_885"   --->   Operation 574 'store' 'store_ln0' <Predicate = true> <Delay = 1.58>
ST_1 : Operation 575 [1/1] (1.58ns)   --->   "%store_ln0 = store i16 %input_buffer_791_read, i16 %empty_884"   --->   Operation 575 'store' 'store_ln0' <Predicate = true> <Delay = 1.58>
ST_1 : Operation 576 [1/1] (1.58ns)   --->   "%store_ln0 = store i16 %input_buffer_792_read, i16 %empty_883"   --->   Operation 576 'store' 'store_ln0' <Predicate = true> <Delay = 1.58>
ST_1 : Operation 577 [1/1] (1.58ns)   --->   "%store_ln0 = store i16 %input_buffer_793_read, i16 %empty_882"   --->   Operation 577 'store' 'store_ln0' <Predicate = true> <Delay = 1.58>
ST_1 : Operation 578 [1/1] (1.58ns)   --->   "%store_ln0 = store i16 %input_buffer_794_read, i16 %empty_881"   --->   Operation 578 'store' 'store_ln0' <Predicate = true> <Delay = 1.58>
ST_1 : Operation 579 [1/1] (1.58ns)   --->   "%store_ln0 = store i16 %input_buffer_795_read, i16 %empty_880"   --->   Operation 579 'store' 'store_ln0' <Predicate = true> <Delay = 1.58>
ST_1 : Operation 580 [1/1] (1.58ns)   --->   "%store_ln0 = store i16 %input_buffer_796_read, i16 %empty_879"   --->   Operation 580 'store' 'store_ln0' <Predicate = true> <Delay = 1.58>
ST_1 : Operation 581 [1/1] (1.58ns)   --->   "%store_ln0 = store i16 %input_buffer_797_read, i16 %empty_878"   --->   Operation 581 'store' 'store_ln0' <Predicate = true> <Delay = 1.58>
ST_1 : Operation 582 [1/1] (1.58ns)   --->   "%store_ln0 = store i16 %input_buffer_798_read, i16 %empty_877"   --->   Operation 582 'store' 'store_ln0' <Predicate = true> <Delay = 1.58>
ST_1 : Operation 583 [1/1] (1.58ns)   --->   "%store_ln0 = store i16 %input_buffer_799_read, i16 %empty_876"   --->   Operation 583 'store' 'store_ln0' <Predicate = true> <Delay = 1.58>
ST_1 : Operation 584 [1/1] (1.58ns)   --->   "%store_ln0 = store i16 %input_buffer_800_read, i16 %empty_875"   --->   Operation 584 'store' 'store_ln0' <Predicate = true> <Delay = 1.58>
ST_1 : Operation 585 [1/1] (1.58ns)   --->   "%store_ln0 = store i16 %input_buffer_801_read, i16 %empty_874"   --->   Operation 585 'store' 'store_ln0' <Predicate = true> <Delay = 1.58>
ST_1 : Operation 586 [1/1] (1.58ns)   --->   "%store_ln0 = store i16 %input_buffer_802_read, i16 %empty_873"   --->   Operation 586 'store' 'store_ln0' <Predicate = true> <Delay = 1.58>
ST_1 : Operation 587 [1/1] (1.58ns)   --->   "%store_ln0 = store i16 %input_buffer_803_read, i16 %empty_872"   --->   Operation 587 'store' 'store_ln0' <Predicate = true> <Delay = 1.58>
ST_1 : Operation 588 [1/1] (1.58ns)   --->   "%store_ln0 = store i16 %input_buffer_804_read, i16 %empty_871"   --->   Operation 588 'store' 'store_ln0' <Predicate = true> <Delay = 1.58>
ST_1 : Operation 589 [1/1] (1.58ns)   --->   "%store_ln0 = store i16 %input_buffer_805_read, i16 %empty_870"   --->   Operation 589 'store' 'store_ln0' <Predicate = true> <Delay = 1.58>
ST_1 : Operation 590 [1/1] (1.58ns)   --->   "%store_ln0 = store i16 %input_buffer_806_read, i16 %empty_869"   --->   Operation 590 'store' 'store_ln0' <Predicate = true> <Delay = 1.58>
ST_1 : Operation 591 [1/1] (1.58ns)   --->   "%store_ln0 = store i16 %input_buffer_807_read, i16 %empty_868"   --->   Operation 591 'store' 'store_ln0' <Predicate = true> <Delay = 1.58>
ST_1 : Operation 592 [1/1] (1.58ns)   --->   "%store_ln0 = store i16 %input_buffer_808_read, i16 %empty_867"   --->   Operation 592 'store' 'store_ln0' <Predicate = true> <Delay = 1.58>
ST_1 : Operation 593 [1/1] (1.58ns)   --->   "%store_ln0 = store i16 %input_buffer_809_read, i16 %empty_866"   --->   Operation 593 'store' 'store_ln0' <Predicate = true> <Delay = 1.58>
ST_1 : Operation 594 [1/1] (1.58ns)   --->   "%store_ln0 = store i16 %input_buffer_810_read, i16 %empty_865"   --->   Operation 594 'store' 'store_ln0' <Predicate = true> <Delay = 1.58>
ST_1 : Operation 595 [1/1] (1.58ns)   --->   "%store_ln0 = store i16 %input_buffer_811_read, i16 %empty_864"   --->   Operation 595 'store' 'store_ln0' <Predicate = true> <Delay = 1.58>
ST_1 : Operation 596 [1/1] (1.58ns)   --->   "%store_ln0 = store i16 %input_buffer_812_read, i16 %empty_863"   --->   Operation 596 'store' 'store_ln0' <Predicate = true> <Delay = 1.58>
ST_1 : Operation 597 [1/1] (1.58ns)   --->   "%store_ln0 = store i16 %input_buffer_813_read, i16 %empty_862"   --->   Operation 597 'store' 'store_ln0' <Predicate = true> <Delay = 1.58>
ST_1 : Operation 598 [1/1] (1.58ns)   --->   "%store_ln0 = store i16 %input_buffer_814_read, i16 %empty_861"   --->   Operation 598 'store' 'store_ln0' <Predicate = true> <Delay = 1.58>
ST_1 : Operation 599 [1/1] (1.58ns)   --->   "%store_ln0 = store i16 %input_buffer_815_read, i16 %empty_860"   --->   Operation 599 'store' 'store_ln0' <Predicate = true> <Delay = 1.58>
ST_1 : Operation 600 [1/1] (1.58ns)   --->   "%store_ln0 = store i16 %input_buffer_816_read, i16 %empty_859"   --->   Operation 600 'store' 'store_ln0' <Predicate = true> <Delay = 1.58>
ST_1 : Operation 601 [1/1] (1.58ns)   --->   "%store_ln0 = store i16 %input_buffer_817_read, i16 %empty_858"   --->   Operation 601 'store' 'store_ln0' <Predicate = true> <Delay = 1.58>
ST_1 : Operation 602 [1/1] (1.58ns)   --->   "%store_ln0 = store i16 %input_buffer_818_read, i16 %empty_857"   --->   Operation 602 'store' 'store_ln0' <Predicate = true> <Delay = 1.58>
ST_1 : Operation 603 [1/1] (1.58ns)   --->   "%store_ln0 = store i16 %input_buffer_819_read, i16 %empty_856"   --->   Operation 603 'store' 'store_ln0' <Predicate = true> <Delay = 1.58>
ST_1 : Operation 604 [1/1] (1.58ns)   --->   "%store_ln0 = store i16 %input_buffer_820_read, i16 %empty_855"   --->   Operation 604 'store' 'store_ln0' <Predicate = true> <Delay = 1.58>
ST_1 : Operation 605 [1/1] (1.58ns)   --->   "%store_ln0 = store i16 %input_buffer_821_read, i16 %empty_854"   --->   Operation 605 'store' 'store_ln0' <Predicate = true> <Delay = 1.58>
ST_1 : Operation 606 [1/1] (1.58ns)   --->   "%store_ln0 = store i16 %input_buffer_822_read, i16 %empty_853"   --->   Operation 606 'store' 'store_ln0' <Predicate = true> <Delay = 1.58>
ST_1 : Operation 607 [1/1] (1.58ns)   --->   "%store_ln0 = store i16 %input_buffer_823_read, i16 %empty_852"   --->   Operation 607 'store' 'store_ln0' <Predicate = true> <Delay = 1.58>
ST_1 : Operation 608 [1/1] (1.58ns)   --->   "%store_ln0 = store i16 %input_buffer_824_read, i16 %empty_851"   --->   Operation 608 'store' 'store_ln0' <Predicate = true> <Delay = 1.58>
ST_1 : Operation 609 [1/1] (1.58ns)   --->   "%store_ln0 = store i16 %input_buffer_825_read, i16 %empty_850"   --->   Operation 609 'store' 'store_ln0' <Predicate = true> <Delay = 1.58>
ST_1 : Operation 610 [1/1] (1.58ns)   --->   "%store_ln0 = store i16 %input_buffer_826_read, i16 %empty_849"   --->   Operation 610 'store' 'store_ln0' <Predicate = true> <Delay = 1.58>
ST_1 : Operation 611 [1/1] (1.58ns)   --->   "%store_ln0 = store i16 %input_buffer_827_read, i16 %empty_848"   --->   Operation 611 'store' 'store_ln0' <Predicate = true> <Delay = 1.58>
ST_1 : Operation 612 [1/1] (1.58ns)   --->   "%store_ln0 = store i16 %input_buffer_828_read, i16 %empty_847"   --->   Operation 612 'store' 'store_ln0' <Predicate = true> <Delay = 1.58>
ST_1 : Operation 613 [1/1] (1.58ns)   --->   "%store_ln0 = store i16 %input_buffer_829_read, i16 %empty_846"   --->   Operation 613 'store' 'store_ln0' <Predicate = true> <Delay = 1.58>
ST_1 : Operation 614 [1/1] (1.58ns)   --->   "%store_ln0 = store i16 %input_buffer_830_read, i16 %empty_845"   --->   Operation 614 'store' 'store_ln0' <Predicate = true> <Delay = 1.58>
ST_1 : Operation 615 [1/1] (1.58ns)   --->   "%store_ln0 = store i16 %input_buffer_831_read, i16 %empty_844"   --->   Operation 615 'store' 'store_ln0' <Predicate = true> <Delay = 1.58>
ST_1 : Operation 616 [1/1] (1.58ns)   --->   "%store_ln0 = store i16 %input_buffer_832_read, i16 %empty_843"   --->   Operation 616 'store' 'store_ln0' <Predicate = true> <Delay = 1.58>
ST_1 : Operation 617 [1/1] (1.58ns)   --->   "%store_ln0 = store i16 %input_buffer_833_read, i16 %empty_842"   --->   Operation 617 'store' 'store_ln0' <Predicate = true> <Delay = 1.58>
ST_1 : Operation 618 [1/1] (1.58ns)   --->   "%store_ln0 = store i16 %input_buffer_834_read, i16 %empty_841"   --->   Operation 618 'store' 'store_ln0' <Predicate = true> <Delay = 1.58>
ST_1 : Operation 619 [1/1] (1.58ns)   --->   "%store_ln0 = store i16 %input_buffer_835_read, i16 %empty_840"   --->   Operation 619 'store' 'store_ln0' <Predicate = true> <Delay = 1.58>
ST_1 : Operation 620 [1/1] (1.58ns)   --->   "%store_ln0 = store i16 %input_buffer_836_read, i16 %empty_839"   --->   Operation 620 'store' 'store_ln0' <Predicate = true> <Delay = 1.58>
ST_1 : Operation 621 [1/1] (1.58ns)   --->   "%store_ln0 = store i16 %input_buffer_837_read, i16 %empty_838"   --->   Operation 621 'store' 'store_ln0' <Predicate = true> <Delay = 1.58>
ST_1 : Operation 622 [1/1] (1.58ns)   --->   "%store_ln0 = store i16 %input_buffer_838_read, i16 %empty_837"   --->   Operation 622 'store' 'store_ln0' <Predicate = true> <Delay = 1.58>
ST_1 : Operation 623 [1/1] (1.58ns)   --->   "%store_ln0 = store i16 %input_buffer_839_read, i16 %empty_836"   --->   Operation 623 'store' 'store_ln0' <Predicate = true> <Delay = 1.58>
ST_1 : Operation 624 [1/1] (1.58ns)   --->   "%store_ln0 = store i16 %input_buffer_840_read, i16 %empty_835"   --->   Operation 624 'store' 'store_ln0' <Predicate = true> <Delay = 1.58>
ST_1 : Operation 625 [1/1] (1.58ns)   --->   "%store_ln0 = store i16 %input_buffer_841_read, i16 %empty_834"   --->   Operation 625 'store' 'store_ln0' <Predicate = true> <Delay = 1.58>
ST_1 : Operation 626 [1/1] (1.58ns)   --->   "%store_ln0 = store i16 %input_buffer_842_read, i16 %empty_833"   --->   Operation 626 'store' 'store_ln0' <Predicate = true> <Delay = 1.58>
ST_1 : Operation 627 [1/1] (1.58ns)   --->   "%store_ln0 = store i16 %input_buffer_843_read, i16 %empty_832"   --->   Operation 627 'store' 'store_ln0' <Predicate = true> <Delay = 1.58>
ST_1 : Operation 628 [1/1] (1.58ns)   --->   "%store_ln0 = store i16 %input_buffer_844_read, i16 %empty_831"   --->   Operation 628 'store' 'store_ln0' <Predicate = true> <Delay = 1.58>
ST_1 : Operation 629 [1/1] (1.58ns)   --->   "%store_ln0 = store i16 %input_buffer_845_read, i16 %empty_830"   --->   Operation 629 'store' 'store_ln0' <Predicate = true> <Delay = 1.58>
ST_1 : Operation 630 [1/1] (1.58ns)   --->   "%store_ln0 = store i16 %input_buffer_846_read, i16 %empty_829"   --->   Operation 630 'store' 'store_ln0' <Predicate = true> <Delay = 1.58>
ST_1 : Operation 631 [1/1] (1.58ns)   --->   "%store_ln0 = store i16 %input_buffer_847_read, i16 %empty_828"   --->   Operation 631 'store' 'store_ln0' <Predicate = true> <Delay = 1.58>
ST_1 : Operation 632 [1/1] (1.58ns)   --->   "%store_ln0 = store i16 %input_buffer_848_read, i16 %empty_827"   --->   Operation 632 'store' 'store_ln0' <Predicate = true> <Delay = 1.58>
ST_1 : Operation 633 [1/1] (1.58ns)   --->   "%store_ln0 = store i16 %input_buffer_849_read, i16 %empty_826"   --->   Operation 633 'store' 'store_ln0' <Predicate = true> <Delay = 1.58>
ST_1 : Operation 634 [1/1] (1.58ns)   --->   "%store_ln0 = store i16 %input_buffer_850_read, i16 %empty_825"   --->   Operation 634 'store' 'store_ln0' <Predicate = true> <Delay = 1.58>
ST_1 : Operation 635 [1/1] (1.58ns)   --->   "%store_ln0 = store i16 %input_buffer_851_read, i16 %empty_824"   --->   Operation 635 'store' 'store_ln0' <Predicate = true> <Delay = 1.58>
ST_1 : Operation 636 [1/1] (1.58ns)   --->   "%store_ln0 = store i16 %input_buffer_852_read, i16 %empty_823"   --->   Operation 636 'store' 'store_ln0' <Predicate = true> <Delay = 1.58>
ST_1 : Operation 637 [1/1] (1.58ns)   --->   "%store_ln0 = store i16 %input_buffer_853_read, i16 %empty_822"   --->   Operation 637 'store' 'store_ln0' <Predicate = true> <Delay = 1.58>
ST_1 : Operation 638 [1/1] (1.58ns)   --->   "%store_ln0 = store i16 %input_buffer_854_read, i16 %empty_821"   --->   Operation 638 'store' 'store_ln0' <Predicate = true> <Delay = 1.58>
ST_1 : Operation 639 [1/1] (1.58ns)   --->   "%store_ln0 = store i16 %input_buffer_855_read, i16 %empty_820"   --->   Operation 639 'store' 'store_ln0' <Predicate = true> <Delay = 1.58>
ST_1 : Operation 640 [1/1] (1.58ns)   --->   "%store_ln0 = store i16 %input_buffer_856_read, i16 %empty_819"   --->   Operation 640 'store' 'store_ln0' <Predicate = true> <Delay = 1.58>
ST_1 : Operation 641 [1/1] (1.58ns)   --->   "%store_ln0 = store i16 %input_buffer_857_read, i16 %empty_818"   --->   Operation 641 'store' 'store_ln0' <Predicate = true> <Delay = 1.58>
ST_1 : Operation 642 [1/1] (1.58ns)   --->   "%store_ln0 = store i16 %input_buffer_858_read, i16 %empty_817"   --->   Operation 642 'store' 'store_ln0' <Predicate = true> <Delay = 1.58>
ST_1 : Operation 643 [1/1] (1.58ns)   --->   "%store_ln0 = store i16 %input_buffer_859_read, i16 %empty_816"   --->   Operation 643 'store' 'store_ln0' <Predicate = true> <Delay = 1.58>
ST_1 : Operation 644 [1/1] (1.58ns)   --->   "%store_ln0 = store i16 %input_buffer_860_read, i16 %empty_815"   --->   Operation 644 'store' 'store_ln0' <Predicate = true> <Delay = 1.58>
ST_1 : Operation 645 [1/1] (1.58ns)   --->   "%store_ln0 = store i16 %input_buffer_861_read, i16 %empty_814"   --->   Operation 645 'store' 'store_ln0' <Predicate = true> <Delay = 1.58>
ST_1 : Operation 646 [1/1] (1.58ns)   --->   "%store_ln0 = store i16 %input_buffer_862_read, i16 %empty_813"   --->   Operation 646 'store' 'store_ln0' <Predicate = true> <Delay = 1.58>
ST_1 : Operation 647 [1/1] (1.58ns)   --->   "%store_ln0 = store i16 %input_buffer_863_read, i16 %empty_812"   --->   Operation 647 'store' 'store_ln0' <Predicate = true> <Delay = 1.58>
ST_1 : Operation 648 [1/1] (1.58ns)   --->   "%store_ln0 = store i16 %input_buffer_864_read, i16 %empty_811"   --->   Operation 648 'store' 'store_ln0' <Predicate = true> <Delay = 1.58>
ST_1 : Operation 649 [1/1] (1.58ns)   --->   "%store_ln0 = store i16 %input_buffer_865_read, i16 %empty_810"   --->   Operation 649 'store' 'store_ln0' <Predicate = true> <Delay = 1.58>
ST_1 : Operation 650 [1/1] (1.58ns)   --->   "%store_ln0 = store i16 %input_buffer_866_read, i16 %empty_809"   --->   Operation 650 'store' 'store_ln0' <Predicate = true> <Delay = 1.58>
ST_1 : Operation 651 [1/1] (1.58ns)   --->   "%store_ln0 = store i16 %input_buffer_867_read, i16 %empty_808"   --->   Operation 651 'store' 'store_ln0' <Predicate = true> <Delay = 1.58>
ST_1 : Operation 652 [1/1] (1.58ns)   --->   "%store_ln0 = store i16 %input_buffer_868_read, i16 %empty_807"   --->   Operation 652 'store' 'store_ln0' <Predicate = true> <Delay = 1.58>
ST_1 : Operation 653 [1/1] (1.58ns)   --->   "%store_ln0 = store i16 %input_buffer_869_read, i16 %empty_806"   --->   Operation 653 'store' 'store_ln0' <Predicate = true> <Delay = 1.58>
ST_1 : Operation 654 [1/1] (1.58ns)   --->   "%store_ln0 = store i16 %input_buffer_870_read, i16 %empty_805"   --->   Operation 654 'store' 'store_ln0' <Predicate = true> <Delay = 1.58>
ST_1 : Operation 655 [1/1] (1.58ns)   --->   "%store_ln0 = store i16 %input_buffer_871_read, i16 %empty_804"   --->   Operation 655 'store' 'store_ln0' <Predicate = true> <Delay = 1.58>
ST_1 : Operation 656 [1/1] (1.58ns)   --->   "%store_ln0 = store i16 %input_buffer_872_read, i16 %empty_803"   --->   Operation 656 'store' 'store_ln0' <Predicate = true> <Delay = 1.58>
ST_1 : Operation 657 [1/1] (1.58ns)   --->   "%store_ln0 = store i16 %input_buffer_873_read, i16 %empty_802"   --->   Operation 657 'store' 'store_ln0' <Predicate = true> <Delay = 1.58>
ST_1 : Operation 658 [1/1] (1.58ns)   --->   "%store_ln0 = store i16 %input_buffer_874_read, i16 %empty_801"   --->   Operation 658 'store' 'store_ln0' <Predicate = true> <Delay = 1.58>
ST_1 : Operation 659 [1/1] (1.58ns)   --->   "%store_ln0 = store i16 %input_buffer_875_read, i16 %empty_800"   --->   Operation 659 'store' 'store_ln0' <Predicate = true> <Delay = 1.58>
ST_1 : Operation 660 [1/1] (1.58ns)   --->   "%store_ln0 = store i16 %input_buffer_876_read, i16 %empty_799"   --->   Operation 660 'store' 'store_ln0' <Predicate = true> <Delay = 1.58>
ST_1 : Operation 661 [1/1] (1.58ns)   --->   "%store_ln0 = store i16 %input_buffer_877_read, i16 %empty_798"   --->   Operation 661 'store' 'store_ln0' <Predicate = true> <Delay = 1.58>
ST_1 : Operation 662 [1/1] (1.58ns)   --->   "%store_ln0 = store i16 %input_buffer_878_read, i16 %empty_797"   --->   Operation 662 'store' 'store_ln0' <Predicate = true> <Delay = 1.58>
ST_1 : Operation 663 [1/1] (1.58ns)   --->   "%store_ln0 = store i16 %input_buffer_879_read, i16 %empty_796"   --->   Operation 663 'store' 'store_ln0' <Predicate = true> <Delay = 1.58>
ST_1 : Operation 664 [1/1] (1.58ns)   --->   "%store_ln0 = store i16 %input_buffer_880_read, i16 %empty_795"   --->   Operation 664 'store' 'store_ln0' <Predicate = true> <Delay = 1.58>
ST_1 : Operation 665 [1/1] (1.58ns)   --->   "%store_ln0 = store i16 %input_buffer_881_read, i16 %empty_794"   --->   Operation 665 'store' 'store_ln0' <Predicate = true> <Delay = 1.58>
ST_1 : Operation 666 [1/1] (1.58ns)   --->   "%store_ln0 = store i16 %input_buffer_882_read, i16 %empty_793"   --->   Operation 666 'store' 'store_ln0' <Predicate = true> <Delay = 1.58>
ST_1 : Operation 667 [1/1] (1.58ns)   --->   "%store_ln0 = store i16 %input_buffer_883_read, i16 %empty_792"   --->   Operation 667 'store' 'store_ln0' <Predicate = true> <Delay = 1.58>
ST_1 : Operation 668 [1/1] (1.58ns)   --->   "%store_ln0 = store i16 %input_buffer_884_read, i16 %empty_791"   --->   Operation 668 'store' 'store_ln0' <Predicate = true> <Delay = 1.58>
ST_1 : Operation 669 [1/1] (1.58ns)   --->   "%store_ln0 = store i16 %input_buffer_885_read, i16 %empty_790"   --->   Operation 669 'store' 'store_ln0' <Predicate = true> <Delay = 1.58>
ST_1 : Operation 670 [1/1] (1.58ns)   --->   "%store_ln0 = store i16 %input_buffer_886_read, i16 %empty_789"   --->   Operation 670 'store' 'store_ln0' <Predicate = true> <Delay = 1.58>
ST_1 : Operation 671 [1/1] (1.58ns)   --->   "%store_ln0 = store i16 %input_buffer_887_read, i16 %empty_788"   --->   Operation 671 'store' 'store_ln0' <Predicate = true> <Delay = 1.58>
ST_1 : Operation 672 [1/1] (1.58ns)   --->   "%store_ln0 = store i16 %input_buffer_888_read, i16 %empty_787"   --->   Operation 672 'store' 'store_ln0' <Predicate = true> <Delay = 1.58>
ST_1 : Operation 673 [1/1] (1.58ns)   --->   "%store_ln0 = store i16 %input_buffer_889_read, i16 %empty_786"   --->   Operation 673 'store' 'store_ln0' <Predicate = true> <Delay = 1.58>
ST_1 : Operation 674 [1/1] (1.58ns)   --->   "%store_ln0 = store i16 %input_buffer_890_read, i16 %empty_785"   --->   Operation 674 'store' 'store_ln0' <Predicate = true> <Delay = 1.58>
ST_1 : Operation 675 [1/1] (1.58ns)   --->   "%store_ln0 = store i16 %input_buffer_891_read, i16 %empty_784"   --->   Operation 675 'store' 'store_ln0' <Predicate = true> <Delay = 1.58>
ST_1 : Operation 676 [1/1] (1.58ns)   --->   "%store_ln0 = store i16 %input_buffer_892_read, i16 %empty_783"   --->   Operation 676 'store' 'store_ln0' <Predicate = true> <Delay = 1.58>
ST_1 : Operation 677 [1/1] (1.58ns)   --->   "%store_ln0 = store i16 %input_buffer_893_read, i16 %empty_782"   --->   Operation 677 'store' 'store_ln0' <Predicate = true> <Delay = 1.58>
ST_1 : Operation 678 [1/1] (1.58ns)   --->   "%store_ln0 = store i16 %input_buffer_894_read, i16 %empty"   --->   Operation 678 'store' 'store_ln0' <Predicate = true> <Delay = 1.58>
ST_1 : Operation 679 [1/1] (1.58ns)   --->   "%store_ln1765 = store i8 0, i8 %index" [H:/subband_ref_q610_opt_stage4_latency_stepL2.cpp:1765->H:/subband_ref_q610_opt_stage4_latency_stepL2.cpp:2018]   --->   Operation 679 'store' 'store_ln1765' <Predicate = true> <Delay = 1.58>
ST_1 : Operation 680 [1/1] (0.00ns)   --->   "%br_ln0 = br void %for.body.i"   --->   Operation 680 'br' 'br_ln0' <Predicate = true> <Delay = 0.00>
ST_1 : Operation 681 [1/1] (0.00ns)   --->   "%index_10 = load i8 %index" [H:/subband_ref_q610_opt_stage4_latency_stepL2.cpp:1765->H:/subband_ref_q610_opt_stage4_latency_stepL2.cpp:2018]   --->   Operation 681 'load' 'index_10' <Predicate = true> <Delay = 0.00>
ST_1 : Operation 682 [1/1] (1.91ns)   --->   "%icmp_ln1765 = icmp_eq  i8 %index_10, i8 224" [H:/subband_ref_q610_opt_stage4_latency_stepL2.cpp:1765->H:/subband_ref_q610_opt_stage4_latency_stepL2.cpp:2018]   --->   Operation 682 'icmp' 'icmp_ln1765' <Predicate = true> <Delay = 1.91> <CoreInst = "Cmp">   --->   Core 9 'Cmp' <Latency = 0> <II = 1> <Delay = 1.91> <FuncUnit> <Opcode : 'icmp'> <InPorts = 2> <OutPorts = 1>
ST_1 : Operation 683 [1/1] (1.91ns)   --->   "%add_ln1765 = add i8 %index_10, i8 1" [H:/subband_ref_q610_opt_stage4_latency_stepL2.cpp:1765->H:/subband_ref_q610_opt_stage4_latency_stepL2.cpp:2018]   --->   Operation 683 'add' 'add_ln1765' <Predicate = true> <Delay = 1.91> <CoreInst = "Adder">   --->   Core 1 'Adder' <Latency = 0> <II = 1> <Delay = 1.91> <FuncUnit> <Opcode : 'add' 'sub'> <InPorts = 2> <OutPorts = 1>
ST_1 : Operation 684 [1/1] (0.00ns)   --->   "%br_ln1765 = br i1 %icmp_ln1765, void %for.body.i.split, void %_ZN12subband_q61012_GLOBAL__N_129ReadFixedVectorFromStreamQ610ILi224EEEvRN3hls6streamI6ap_intILi16EELi0EEERAT__S5_.exit.exitStub" [H:/subband_ref_q610_opt_stage4_latency_stepL2.cpp:1765->H:/subband_ref_q610_opt_stage4_latency_stepL2.cpp:2018]   --->   Operation 684 'br' 'br_ln1765' <Predicate = true> <Delay = 0.00>
ST_1 : Operation 685 [1/1] (1.93ns)   --->   "%switch_ln1767 = switch i8 %index_10, void %arrayidx.i.case.223, i8 0, void %for.body.i.split.arrayidx.i.exit_crit_edge448, i8 1, void %arrayidx.i.case.1, i8 2, void %arrayidx.i.case.2, i8 3, void %arrayidx.i.case.3, i8 4, void %arrayidx.i.case.4, i8 5, void %arrayidx.i.case.5, i8 6, void %arrayidx.i.case.6, i8 7, void %arrayidx.i.case.7, i8 8, void %arrayidx.i.case.8, i8 9, void %arrayidx.i.case.9, i8 10, void %arrayidx.i.case.10, i8 11, void %arrayidx.i.case.11, i8 12, void %arrayidx.i.case.12, i8 13, void %arrayidx.i.case.13, i8 14, void %arrayidx.i.case.14, i8 15, void %arrayidx.i.case.15, i8 16, void %arrayidx.i.case.16, i8 17, void %arrayidx.i.case.17, i8 18, void %arrayidx.i.case.18, i8 19, void %arrayidx.i.case.19, i8 20, void %arrayidx.i.case.20, i8 21, void %arrayidx.i.case.21, i8 22, void %arrayidx.i.case.22, i8 23, void %arrayidx.i.case.23, i8 24, void %arrayidx.i.case.24, i8 25, void %arrayidx.i.case.25, i8 26, void %arrayidx.i.case.26, i8 27, void %arrayidx.i.case.27, i8 28, void %arrayidx.i.case.28, i8 29, void %arrayidx.i.case.29, i8 30, void %arrayidx.i.case.30, i8 31, void %arrayidx.i.case.31, i8 32, void %arrayidx.i.case.32, i8 33, void %arrayidx.i.case.33, i8 34, void %arrayidx.i.case.34, i8 35, void %arrayidx.i.case.35, i8 36, void %arrayidx.i.case.36, i8 37, void %arrayidx.i.case.37, i8 38, void %arrayidx.i.case.38, i8 39, void %arrayidx.i.case.39, i8 40, void %arrayidx.i.case.40, i8 41, void %arrayidx.i.case.41, i8 42, void %arrayidx.i.case.42, i8 43, void %arrayidx.i.case.43, i8 44, void %arrayidx.i.case.44, i8 45, void %arrayidx.i.case.45, i8 46, void %arrayidx.i.case.46, i8 47, void %arrayidx.i.case.47, i8 48, void %arrayidx.i.case.48, i8 49, void %arrayidx.i.case.49, i8 50, void %arrayidx.i.case.50, i8 51, void %arrayidx.i.case.51, i8 52, void %arrayidx.i.case.52, i8 53, void %arrayidx.i.case.53, i8 54, void %arrayidx.i.case.54, i8 55, void %arrayidx.i.case.55, i8 56, void %arrayidx.i.case.56, i8 57, void %arrayidx.i.case.57, i8 58, void %arrayidx.i.case.58, i8 59, void %arrayidx.i.case.59, i8 60, void %arrayidx.i.case.60, i8 61, void %arrayidx.i.case.61, i8 62, void %arrayidx.i.case.62, i8 63, void %arrayidx.i.case.63, i8 64, void %arrayidx.i.case.64, i8 65, void %arrayidx.i.case.65, i8 66, void %arrayidx.i.case.66, i8 67, void %arrayidx.i.case.67, i8 68, void %arrayidx.i.case.68, i8 69, void %arrayidx.i.case.69, i8 70, void %arrayidx.i.case.70, i8 71, void %arrayidx.i.case.71, i8 72, void %arrayidx.i.case.72, i8 73, void %arrayidx.i.case.73, i8 74, void %arrayidx.i.case.74, i8 75, void %arrayidx.i.case.75, i8 76, void %arrayidx.i.case.76, i8 77, void %arrayidx.i.case.77, i8 78, void %arrayidx.i.case.78, i8 79, void %arrayidx.i.case.79, i8 80, void %arrayidx.i.case.80, i8 81, void %arrayidx.i.case.81, i8 82, void %arrayidx.i.case.82, i8 83, void %arrayidx.i.case.83, i8 84, void %arrayidx.i.case.84, i8 85, void %arrayidx.i.case.85, i8 86, void %arrayidx.i.case.86, i8 87, void %arrayidx.i.case.87, i8 88, void %arrayidx.i.case.88, i8 89, void %arrayidx.i.case.89, i8 90, void %arrayidx.i.case.90, i8 91, void %arrayidx.i.case.91, i8 92, void %arrayidx.i.case.92, i8 93, void %arrayidx.i.case.93, i8 94, void %arrayidx.i.case.94, i8 95, void %arrayidx.i.case.95, i8 96, void %arrayidx.i.case.96, i8 97, void %arrayidx.i.case.97, i8 98, void %arrayidx.i.case.98, i8 99, void %arrayidx.i.case.99, i8 100, void %arrayidx.i.case.100, i8 101, void %arrayidx.i.case.101, i8 102, void %arrayidx.i.case.102, i8 103, void %arrayidx.i.case.103, i8 104, void %arrayidx.i.case.104, i8 105, void %arrayidx.i.case.105, i8 106, void %arrayidx.i.case.106, i8 107, void %arrayidx.i.case.107, i8 108, void %arrayidx.i.case.108, i8 109, void %arrayidx.i.case.109, i8 110, void %arrayidx.i.case.110, i8 111, void %arrayidx.i.case.111, i8 112, void %arrayidx.i.case.112, i8 113, void %arrayidx.i.case.113, i8 114, void %arrayidx.i.case.114, i8 115, void %arrayidx.i.case.115, i8 116, void %arrayidx.i.case.116, i8 117, void %arrayidx.i.case.117, i8 118, void %arrayidx.i.case.118, i8 119, void %arrayidx.i.case.119, i8 120, void %arrayidx.i.case.120, i8 121, void %arrayidx.i.case.121, i8 122, void %arrayidx.i.case.122, i8 123, void %arrayidx.i.case.123, i8 124, void %arrayidx.i.case.124, i8 125, void %arrayidx.i.case.125, i8 126, void %arrayidx.i.case.126, i8 127, void %arrayidx.i.case.127, i8 128, void %arrayidx.i.case.128, i8 129, void %arrayidx.i.case.129, i8 130, void %arrayidx.i.case.130, i8 131, void %arrayidx.i.case.131, i8 132, void %arrayidx.i.case.132, i8 133, void %arrayidx.i.case.133, i8 134, void %arrayidx.i.case.134, i8 135, void %arrayidx.i.case.135, i8 136, void %arrayidx.i.case.136, i8 137, void %arrayidx.i.case.137, i8 138, void %arrayidx.i.case.138, i8 139, void %arrayidx.i.case.139, i8 140, void %arrayidx.i.case.140, i8 141, void %arrayidx.i.case.141, i8 142, void %arrayidx.i.case.142, i8 143, void %arrayidx.i.case.143, i8 144, void %arrayidx.i.case.144, i8 145, void %arrayidx.i.case.145, i8 146, void %arrayidx.i.case.146, i8 147, void %arrayidx.i.case.147, i8 148, void %arrayidx.i.case.148, i8 149, void %arrayidx.i.case.149, i8 150, void %arrayidx.i.case.150, i8 151, void %arrayidx.i.case.151, i8 152, void %arrayidx.i.case.152, i8 153, void %arrayidx.i.case.153, i8 154, void %arrayidx.i.case.154, i8 155, void %arrayidx.i.case.155, i8 156, void %arrayidx.i.case.156, i8 157, void %arrayidx.i.case.157, i8 158, void %arrayidx.i.case.158, i8 159, void %arrayidx.i.case.159, i8 160, void %arrayidx.i.case.160, i8 161, void %arrayidx.i.case.161, i8 162, void %arrayidx.i.case.162, i8 163, void %arrayidx.i.case.163, i8 164, void %arrayidx.i.case.164, i8 165, void %arrayidx.i.case.165, i8 166, void %arrayidx.i.case.166, i8 167, void %arrayidx.i.case.167, i8 168, void %arrayidx.i.case.168, i8 169, void %arrayidx.i.case.169, i8 170, void %arrayidx.i.case.170, i8 171, void %arrayidx.i.case.171, i8 172, void %arrayidx.i.case.172, i8 173, void %arrayidx.i.case.173, i8 174, void %arrayidx.i.case.174, i8 175, void %arrayidx.i.case.175, i8 176, void %arrayidx.i.case.176, i8 177, void %arrayidx.i.case.177, i8 178, void %arrayidx.i.case.178, i8 179, void %arrayidx.i.case.179, i8 180, void %arrayidx.i.case.180, i8 181, void %arrayidx.i.case.181, i8 182, void %arrayidx.i.case.182, i8 183, void %arrayidx.i.case.183, i8 184, void %arrayidx.i.case.184, i8 185, void %arrayidx.i.case.185, i8 186, void %arrayidx.i.case.186, i8 187, void %arrayidx.i.case.187, i8 188, void %arrayidx.i.case.188, i8 189, void %arrayidx.i.case.189, i8 190, void %arrayidx.i.case.190, i8 191, void %arrayidx.i.case.191, i8 192, void %arrayidx.i.case.192, i8 193, void %arrayidx.i.case.193, i8 194, void %arrayidx.i.case.194, i8 195, void %arrayidx.i.case.195, i8 196, void %arrayidx.i.case.196, i8 197, void %arrayidx.i.case.197, i8 198, void %arrayidx.i.case.198, i8 199, void %arrayidx.i.case.199, i8 200, void %arrayidx.i.case.200, i8 201, void %arrayidx.i.case.201, i8 202, void %arrayidx.i.case.202, i8 203, void %arrayidx.i.case.203, i8 204, void %arrayidx.i.case.204, i8 205, void %arrayidx.i.case.205, i8 206, void %arrayidx.i.case.206, i8 207, void %arrayidx.i.case.207, i8 208, void %arrayidx.i.case.208, i8 209, void %arrayidx.i.case.209, i8 210, void %arrayidx.i.case.210, i8 211, void %arrayidx.i.case.211, i8 212, void %arrayidx.i.case.212, i8 213, void %arrayidx.i.case.213, i8 214, void %arrayidx.i.case.214, i8 215, void %arrayidx.i.case.215, i8 216, void %arrayidx.i.case.216, i8 217, void %arrayidx.i.case.217, i8 218, void %arrayidx.i.case.218, i8 219, void %arrayidx.i.case.219, i8 220, void %arrayidx.i.case.220, i8 221, void %arrayidx.i.case.221, i8 222, void %for.body.i.split.arrayidx.i.exit_crit_edge" [H:/subband_ref_q610_opt_stage4_latency_stepL2.cpp:1767->H:/subband_ref_q610_opt_stage4_latency_stepL2.cpp:2018]   --->   Operation 685 'switch' 'switch_ln1767' <Predicate = (!icmp_ln1765)> <Delay = 1.93>
ST_1 : Operation 686 [1/1] (1.58ns)   --->   "%store_ln1765 = store i8 %add_ln1765, i8 %index" [H:/subband_ref_q610_opt_stage4_latency_stepL2.cpp:1765->H:/subband_ref_q610_opt_stage4_latency_stepL2.cpp:2018]   --->   Operation 686 'store' 'store_ln1765' <Predicate = (!icmp_ln1765)> <Delay = 1.58>
ST_1 : Operation 687 [1/1] (0.00ns)   --->   "%br_ln1765 = br void %for.body.i" [H:/subband_ref_q610_opt_stage4_latency_stepL2.cpp:1765->H:/subband_ref_q610_opt_stage4_latency_stepL2.cpp:2018]   --->   Operation 687 'br' 'br_ln1765' <Predicate = (!icmp_ln1765)> <Delay = 0.00>
ST_1 : Operation 1140 [1/1] (0.00ns)   --->   "%p_load671 = load i16 %empty"   --->   Operation 1140 'load' 'p_load671' <Predicate = (icmp_ln1765)> <Delay = 0.00>
ST_1 : Operation 1141 [1/1] (0.00ns)   --->   "%p_load670 = load i16 %empty_782"   --->   Operation 1141 'load' 'p_load670' <Predicate = (icmp_ln1765)> <Delay = 0.00>
ST_1 : Operation 1142 [1/1] (0.00ns)   --->   "%p_load669 = load i16 %empty_783"   --->   Operation 1142 'load' 'p_load669' <Predicate = (icmp_ln1765)> <Delay = 0.00>
ST_1 : Operation 1143 [1/1] (0.00ns)   --->   "%p_load668 = load i16 %empty_784"   --->   Operation 1143 'load' 'p_load668' <Predicate = (icmp_ln1765)> <Delay = 0.00>
ST_1 : Operation 1144 [1/1] (0.00ns)   --->   "%p_load667 = load i16 %empty_785"   --->   Operation 1144 'load' 'p_load667' <Predicate = (icmp_ln1765)> <Delay = 0.00>
ST_1 : Operation 1145 [1/1] (0.00ns)   --->   "%p_load666 = load i16 %empty_786"   --->   Operation 1145 'load' 'p_load666' <Predicate = (icmp_ln1765)> <Delay = 0.00>
ST_1 : Operation 1146 [1/1] (0.00ns)   --->   "%p_load665 = load i16 %empty_787"   --->   Operation 1146 'load' 'p_load665' <Predicate = (icmp_ln1765)> <Delay = 0.00>
ST_1 : Operation 1147 [1/1] (0.00ns)   --->   "%p_load664 = load i16 %empty_788"   --->   Operation 1147 'load' 'p_load664' <Predicate = (icmp_ln1765)> <Delay = 0.00>
ST_1 : Operation 1148 [1/1] (0.00ns)   --->   "%p_load663 = load i16 %empty_789"   --->   Operation 1148 'load' 'p_load663' <Predicate = (icmp_ln1765)> <Delay = 0.00>
ST_1 : Operation 1149 [1/1] (0.00ns)   --->   "%p_load662 = load i16 %empty_790"   --->   Operation 1149 'load' 'p_load662' <Predicate = (icmp_ln1765)> <Delay = 0.00>
ST_1 : Operation 1150 [1/1] (0.00ns)   --->   "%p_load661 = load i16 %empty_791"   --->   Operation 1150 'load' 'p_load661' <Predicate = (icmp_ln1765)> <Delay = 0.00>
ST_1 : Operation 1151 [1/1] (0.00ns)   --->   "%p_load660 = load i16 %empty_792"   --->   Operation 1151 'load' 'p_load660' <Predicate = (icmp_ln1765)> <Delay = 0.00>
ST_1 : Operation 1152 [1/1] (0.00ns)   --->   "%p_load659 = load i16 %empty_793"   --->   Operation 1152 'load' 'p_load659' <Predicate = (icmp_ln1765)> <Delay = 0.00>
ST_1 : Operation 1153 [1/1] (0.00ns)   --->   "%p_load658 = load i16 %empty_794"   --->   Operation 1153 'load' 'p_load658' <Predicate = (icmp_ln1765)> <Delay = 0.00>
ST_1 : Operation 1154 [1/1] (0.00ns)   --->   "%p_load657 = load i16 %empty_795"   --->   Operation 1154 'load' 'p_load657' <Predicate = (icmp_ln1765)> <Delay = 0.00>
ST_1 : Operation 1155 [1/1] (0.00ns)   --->   "%p_load656 = load i16 %empty_796"   --->   Operation 1155 'load' 'p_load656' <Predicate = (icmp_ln1765)> <Delay = 0.00>
ST_1 : Operation 1156 [1/1] (0.00ns)   --->   "%p_load655 = load i16 %empty_797"   --->   Operation 1156 'load' 'p_load655' <Predicate = (icmp_ln1765)> <Delay = 0.00>
ST_1 : Operation 1157 [1/1] (0.00ns)   --->   "%p_load654 = load i16 %empty_798"   --->   Operation 1157 'load' 'p_load654' <Predicate = (icmp_ln1765)> <Delay = 0.00>
ST_1 : Operation 1158 [1/1] (0.00ns)   --->   "%p_load653 = load i16 %empty_799"   --->   Operation 1158 'load' 'p_load653' <Predicate = (icmp_ln1765)> <Delay = 0.00>
ST_1 : Operation 1159 [1/1] (0.00ns)   --->   "%p_load652 = load i16 %empty_800"   --->   Operation 1159 'load' 'p_load652' <Predicate = (icmp_ln1765)> <Delay = 0.00>
ST_1 : Operation 1160 [1/1] (0.00ns)   --->   "%p_load651 = load i16 %empty_801"   --->   Operation 1160 'load' 'p_load651' <Predicate = (icmp_ln1765)> <Delay = 0.00>
ST_1 : Operation 1161 [1/1] (0.00ns)   --->   "%p_load650 = load i16 %empty_802"   --->   Operation 1161 'load' 'p_load650' <Predicate = (icmp_ln1765)> <Delay = 0.00>
ST_1 : Operation 1162 [1/1] (0.00ns)   --->   "%p_load649 = load i16 %empty_803"   --->   Operation 1162 'load' 'p_load649' <Predicate = (icmp_ln1765)> <Delay = 0.00>
ST_1 : Operation 1163 [1/1] (0.00ns)   --->   "%p_load648 = load i16 %empty_804"   --->   Operation 1163 'load' 'p_load648' <Predicate = (icmp_ln1765)> <Delay = 0.00>
ST_1 : Operation 1164 [1/1] (0.00ns)   --->   "%p_load647 = load i16 %empty_805"   --->   Operation 1164 'load' 'p_load647' <Predicate = (icmp_ln1765)> <Delay = 0.00>
ST_1 : Operation 1165 [1/1] (0.00ns)   --->   "%p_load646 = load i16 %empty_806"   --->   Operation 1165 'load' 'p_load646' <Predicate = (icmp_ln1765)> <Delay = 0.00>
ST_1 : Operation 1166 [1/1] (0.00ns)   --->   "%p_load645 = load i16 %empty_807"   --->   Operation 1166 'load' 'p_load645' <Predicate = (icmp_ln1765)> <Delay = 0.00>
ST_1 : Operation 1167 [1/1] (0.00ns)   --->   "%p_load644 = load i16 %empty_808"   --->   Operation 1167 'load' 'p_load644' <Predicate = (icmp_ln1765)> <Delay = 0.00>
ST_1 : Operation 1168 [1/1] (0.00ns)   --->   "%p_load643 = load i16 %empty_809"   --->   Operation 1168 'load' 'p_load643' <Predicate = (icmp_ln1765)> <Delay = 0.00>
ST_1 : Operation 1169 [1/1] (0.00ns)   --->   "%p_load642 = load i16 %empty_810"   --->   Operation 1169 'load' 'p_load642' <Predicate = (icmp_ln1765)> <Delay = 0.00>
ST_1 : Operation 1170 [1/1] (0.00ns)   --->   "%p_load641 = load i16 %empty_811"   --->   Operation 1170 'load' 'p_load641' <Predicate = (icmp_ln1765)> <Delay = 0.00>
ST_1 : Operation 1171 [1/1] (0.00ns)   --->   "%p_load640 = load i16 %empty_812"   --->   Operation 1171 'load' 'p_load640' <Predicate = (icmp_ln1765)> <Delay = 0.00>
ST_1 : Operation 1172 [1/1] (0.00ns)   --->   "%p_load639 = load i16 %empty_813"   --->   Operation 1172 'load' 'p_load639' <Predicate = (icmp_ln1765)> <Delay = 0.00>
ST_1 : Operation 1173 [1/1] (0.00ns)   --->   "%p_load638 = load i16 %empty_814"   --->   Operation 1173 'load' 'p_load638' <Predicate = (icmp_ln1765)> <Delay = 0.00>
ST_1 : Operation 1174 [1/1] (0.00ns)   --->   "%p_load637 = load i16 %empty_815"   --->   Operation 1174 'load' 'p_load637' <Predicate = (icmp_ln1765)> <Delay = 0.00>
ST_1 : Operation 1175 [1/1] (0.00ns)   --->   "%p_load636 = load i16 %empty_816"   --->   Operation 1175 'load' 'p_load636' <Predicate = (icmp_ln1765)> <Delay = 0.00>
ST_1 : Operation 1176 [1/1] (0.00ns)   --->   "%p_load635 = load i16 %empty_817"   --->   Operation 1176 'load' 'p_load635' <Predicate = (icmp_ln1765)> <Delay = 0.00>
ST_1 : Operation 1177 [1/1] (0.00ns)   --->   "%p_load634 = load i16 %empty_818"   --->   Operation 1177 'load' 'p_load634' <Predicate = (icmp_ln1765)> <Delay = 0.00>
ST_1 : Operation 1178 [1/1] (0.00ns)   --->   "%p_load633 = load i16 %empty_819"   --->   Operation 1178 'load' 'p_load633' <Predicate = (icmp_ln1765)> <Delay = 0.00>
ST_1 : Operation 1179 [1/1] (0.00ns)   --->   "%p_load632 = load i16 %empty_820"   --->   Operation 1179 'load' 'p_load632' <Predicate = (icmp_ln1765)> <Delay = 0.00>
ST_1 : Operation 1180 [1/1] (0.00ns)   --->   "%p_load631 = load i16 %empty_821"   --->   Operation 1180 'load' 'p_load631' <Predicate = (icmp_ln1765)> <Delay = 0.00>
ST_1 : Operation 1181 [1/1] (0.00ns)   --->   "%p_load630 = load i16 %empty_822"   --->   Operation 1181 'load' 'p_load630' <Predicate = (icmp_ln1765)> <Delay = 0.00>
ST_1 : Operation 1182 [1/1] (0.00ns)   --->   "%p_load629 = load i16 %empty_823"   --->   Operation 1182 'load' 'p_load629' <Predicate = (icmp_ln1765)> <Delay = 0.00>
ST_1 : Operation 1183 [1/1] (0.00ns)   --->   "%p_load628 = load i16 %empty_824"   --->   Operation 1183 'load' 'p_load628' <Predicate = (icmp_ln1765)> <Delay = 0.00>
ST_1 : Operation 1184 [1/1] (0.00ns)   --->   "%p_load627 = load i16 %empty_825"   --->   Operation 1184 'load' 'p_load627' <Predicate = (icmp_ln1765)> <Delay = 0.00>
ST_1 : Operation 1185 [1/1] (0.00ns)   --->   "%p_load626 = load i16 %empty_826"   --->   Operation 1185 'load' 'p_load626' <Predicate = (icmp_ln1765)> <Delay = 0.00>
ST_1 : Operation 1186 [1/1] (0.00ns)   --->   "%p_load625 = load i16 %empty_827"   --->   Operation 1186 'load' 'p_load625' <Predicate = (icmp_ln1765)> <Delay = 0.00>
ST_1 : Operation 1187 [1/1] (0.00ns)   --->   "%p_load624 = load i16 %empty_828"   --->   Operation 1187 'load' 'p_load624' <Predicate = (icmp_ln1765)> <Delay = 0.00>
ST_1 : Operation 1188 [1/1] (0.00ns)   --->   "%p_load623 = load i16 %empty_829"   --->   Operation 1188 'load' 'p_load623' <Predicate = (icmp_ln1765)> <Delay = 0.00>
ST_1 : Operation 1189 [1/1] (0.00ns)   --->   "%p_load622 = load i16 %empty_830"   --->   Operation 1189 'load' 'p_load622' <Predicate = (icmp_ln1765)> <Delay = 0.00>
ST_1 : Operation 1190 [1/1] (0.00ns)   --->   "%p_load621 = load i16 %empty_831"   --->   Operation 1190 'load' 'p_load621' <Predicate = (icmp_ln1765)> <Delay = 0.00>
ST_1 : Operation 1191 [1/1] (0.00ns)   --->   "%p_load620 = load i16 %empty_832"   --->   Operation 1191 'load' 'p_load620' <Predicate = (icmp_ln1765)> <Delay = 0.00>
ST_1 : Operation 1192 [1/1] (0.00ns)   --->   "%p_load619 = load i16 %empty_833"   --->   Operation 1192 'load' 'p_load619' <Predicate = (icmp_ln1765)> <Delay = 0.00>
ST_1 : Operation 1193 [1/1] (0.00ns)   --->   "%p_load618 = load i16 %empty_834"   --->   Operation 1193 'load' 'p_load618' <Predicate = (icmp_ln1765)> <Delay = 0.00>
ST_1 : Operation 1194 [1/1] (0.00ns)   --->   "%p_load617 = load i16 %empty_835"   --->   Operation 1194 'load' 'p_load617' <Predicate = (icmp_ln1765)> <Delay = 0.00>
ST_1 : Operation 1195 [1/1] (0.00ns)   --->   "%p_load616 = load i16 %empty_836"   --->   Operation 1195 'load' 'p_load616' <Predicate = (icmp_ln1765)> <Delay = 0.00>
ST_1 : Operation 1196 [1/1] (0.00ns)   --->   "%p_load615 = load i16 %empty_837"   --->   Operation 1196 'load' 'p_load615' <Predicate = (icmp_ln1765)> <Delay = 0.00>
ST_1 : Operation 1197 [1/1] (0.00ns)   --->   "%p_load614 = load i16 %empty_838"   --->   Operation 1197 'load' 'p_load614' <Predicate = (icmp_ln1765)> <Delay = 0.00>
ST_1 : Operation 1198 [1/1] (0.00ns)   --->   "%p_load613 = load i16 %empty_839"   --->   Operation 1198 'load' 'p_load613' <Predicate = (icmp_ln1765)> <Delay = 0.00>
ST_1 : Operation 1199 [1/1] (0.00ns)   --->   "%p_load612 = load i16 %empty_840"   --->   Operation 1199 'load' 'p_load612' <Predicate = (icmp_ln1765)> <Delay = 0.00>
ST_1 : Operation 1200 [1/1] (0.00ns)   --->   "%p_load611 = load i16 %empty_841"   --->   Operation 1200 'load' 'p_load611' <Predicate = (icmp_ln1765)> <Delay = 0.00>
ST_1 : Operation 1201 [1/1] (0.00ns)   --->   "%p_load610 = load i16 %empty_842"   --->   Operation 1201 'load' 'p_load610' <Predicate = (icmp_ln1765)> <Delay = 0.00>
ST_1 : Operation 1202 [1/1] (0.00ns)   --->   "%p_load609 = load i16 %empty_843"   --->   Operation 1202 'load' 'p_load609' <Predicate = (icmp_ln1765)> <Delay = 0.00>
ST_1 : Operation 1203 [1/1] (0.00ns)   --->   "%p_load608 = load i16 %empty_844"   --->   Operation 1203 'load' 'p_load608' <Predicate = (icmp_ln1765)> <Delay = 0.00>
ST_1 : Operation 1204 [1/1] (0.00ns)   --->   "%p_load607 = load i16 %empty_845"   --->   Operation 1204 'load' 'p_load607' <Predicate = (icmp_ln1765)> <Delay = 0.00>
ST_1 : Operation 1205 [1/1] (0.00ns)   --->   "%p_load606 = load i16 %empty_846"   --->   Operation 1205 'load' 'p_load606' <Predicate = (icmp_ln1765)> <Delay = 0.00>
ST_1 : Operation 1206 [1/1] (0.00ns)   --->   "%p_load605 = load i16 %empty_847"   --->   Operation 1206 'load' 'p_load605' <Predicate = (icmp_ln1765)> <Delay = 0.00>
ST_1 : Operation 1207 [1/1] (0.00ns)   --->   "%p_load604 = load i16 %empty_848"   --->   Operation 1207 'load' 'p_load604' <Predicate = (icmp_ln1765)> <Delay = 0.00>
ST_1 : Operation 1208 [1/1] (0.00ns)   --->   "%p_load603 = load i16 %empty_849"   --->   Operation 1208 'load' 'p_load603' <Predicate = (icmp_ln1765)> <Delay = 0.00>
ST_1 : Operation 1209 [1/1] (0.00ns)   --->   "%p_load602 = load i16 %empty_850"   --->   Operation 1209 'load' 'p_load602' <Predicate = (icmp_ln1765)> <Delay = 0.00>
ST_1 : Operation 1210 [1/1] (0.00ns)   --->   "%p_load601 = load i16 %empty_851"   --->   Operation 1210 'load' 'p_load601' <Predicate = (icmp_ln1765)> <Delay = 0.00>
ST_1 : Operation 1211 [1/1] (0.00ns)   --->   "%p_load600 = load i16 %empty_852"   --->   Operation 1211 'load' 'p_load600' <Predicate = (icmp_ln1765)> <Delay = 0.00>
ST_1 : Operation 1212 [1/1] (0.00ns)   --->   "%p_load599 = load i16 %empty_853"   --->   Operation 1212 'load' 'p_load599' <Predicate = (icmp_ln1765)> <Delay = 0.00>
ST_1 : Operation 1213 [1/1] (0.00ns)   --->   "%p_load598 = load i16 %empty_854"   --->   Operation 1213 'load' 'p_load598' <Predicate = (icmp_ln1765)> <Delay = 0.00>
ST_1 : Operation 1214 [1/1] (0.00ns)   --->   "%p_load597 = load i16 %empty_855"   --->   Operation 1214 'load' 'p_load597' <Predicate = (icmp_ln1765)> <Delay = 0.00>
ST_1 : Operation 1215 [1/1] (0.00ns)   --->   "%p_load596 = load i16 %empty_856"   --->   Operation 1215 'load' 'p_load596' <Predicate = (icmp_ln1765)> <Delay = 0.00>
ST_1 : Operation 1216 [1/1] (0.00ns)   --->   "%p_load595 = load i16 %empty_857"   --->   Operation 1216 'load' 'p_load595' <Predicate = (icmp_ln1765)> <Delay = 0.00>
ST_1 : Operation 1217 [1/1] (0.00ns)   --->   "%p_load594 = load i16 %empty_858"   --->   Operation 1217 'load' 'p_load594' <Predicate = (icmp_ln1765)> <Delay = 0.00>
ST_1 : Operation 1218 [1/1] (0.00ns)   --->   "%p_load593 = load i16 %empty_859"   --->   Operation 1218 'load' 'p_load593' <Predicate = (icmp_ln1765)> <Delay = 0.00>
ST_1 : Operation 1219 [1/1] (0.00ns)   --->   "%p_load592 = load i16 %empty_860"   --->   Operation 1219 'load' 'p_load592' <Predicate = (icmp_ln1765)> <Delay = 0.00>
ST_1 : Operation 1220 [1/1] (0.00ns)   --->   "%p_load591 = load i16 %empty_861"   --->   Operation 1220 'load' 'p_load591' <Predicate = (icmp_ln1765)> <Delay = 0.00>
ST_1 : Operation 1221 [1/1] (0.00ns)   --->   "%p_load590 = load i16 %empty_862"   --->   Operation 1221 'load' 'p_load590' <Predicate = (icmp_ln1765)> <Delay = 0.00>
ST_1 : Operation 1222 [1/1] (0.00ns)   --->   "%p_load589 = load i16 %empty_863"   --->   Operation 1222 'load' 'p_load589' <Predicate = (icmp_ln1765)> <Delay = 0.00>
ST_1 : Operation 1223 [1/1] (0.00ns)   --->   "%p_load588 = load i16 %empty_864"   --->   Operation 1223 'load' 'p_load588' <Predicate = (icmp_ln1765)> <Delay = 0.00>
ST_1 : Operation 1224 [1/1] (0.00ns)   --->   "%p_load587 = load i16 %empty_865"   --->   Operation 1224 'load' 'p_load587' <Predicate = (icmp_ln1765)> <Delay = 0.00>
ST_1 : Operation 1225 [1/1] (0.00ns)   --->   "%p_load586 = load i16 %empty_866"   --->   Operation 1225 'load' 'p_load586' <Predicate = (icmp_ln1765)> <Delay = 0.00>
ST_1 : Operation 1226 [1/1] (0.00ns)   --->   "%p_load585 = load i16 %empty_867"   --->   Operation 1226 'load' 'p_load585' <Predicate = (icmp_ln1765)> <Delay = 0.00>
ST_1 : Operation 1227 [1/1] (0.00ns)   --->   "%p_load584 = load i16 %empty_868"   --->   Operation 1227 'load' 'p_load584' <Predicate = (icmp_ln1765)> <Delay = 0.00>
ST_1 : Operation 1228 [1/1] (0.00ns)   --->   "%p_load583 = load i16 %empty_869"   --->   Operation 1228 'load' 'p_load583' <Predicate = (icmp_ln1765)> <Delay = 0.00>
ST_1 : Operation 1229 [1/1] (0.00ns)   --->   "%p_load582 = load i16 %empty_870"   --->   Operation 1229 'load' 'p_load582' <Predicate = (icmp_ln1765)> <Delay = 0.00>
ST_1 : Operation 1230 [1/1] (0.00ns)   --->   "%p_load581 = load i16 %empty_871"   --->   Operation 1230 'load' 'p_load581' <Predicate = (icmp_ln1765)> <Delay = 0.00>
ST_1 : Operation 1231 [1/1] (0.00ns)   --->   "%p_load580 = load i16 %empty_872"   --->   Operation 1231 'load' 'p_load580' <Predicate = (icmp_ln1765)> <Delay = 0.00>
ST_1 : Operation 1232 [1/1] (0.00ns)   --->   "%p_load579 = load i16 %empty_873"   --->   Operation 1232 'load' 'p_load579' <Predicate = (icmp_ln1765)> <Delay = 0.00>
ST_1 : Operation 1233 [1/1] (0.00ns)   --->   "%p_load578 = load i16 %empty_874"   --->   Operation 1233 'load' 'p_load578' <Predicate = (icmp_ln1765)> <Delay = 0.00>
ST_1 : Operation 1234 [1/1] (0.00ns)   --->   "%p_load577 = load i16 %empty_875"   --->   Operation 1234 'load' 'p_load577' <Predicate = (icmp_ln1765)> <Delay = 0.00>
ST_1 : Operation 1235 [1/1] (0.00ns)   --->   "%p_load576 = load i16 %empty_876"   --->   Operation 1235 'load' 'p_load576' <Predicate = (icmp_ln1765)> <Delay = 0.00>
ST_1 : Operation 1236 [1/1] (0.00ns)   --->   "%p_load575 = load i16 %empty_877"   --->   Operation 1236 'load' 'p_load575' <Predicate = (icmp_ln1765)> <Delay = 0.00>
ST_1 : Operation 1237 [1/1] (0.00ns)   --->   "%p_load574 = load i16 %empty_878"   --->   Operation 1237 'load' 'p_load574' <Predicate = (icmp_ln1765)> <Delay = 0.00>
ST_1 : Operation 1238 [1/1] (0.00ns)   --->   "%p_load573 = load i16 %empty_879"   --->   Operation 1238 'load' 'p_load573' <Predicate = (icmp_ln1765)> <Delay = 0.00>
ST_1 : Operation 1239 [1/1] (0.00ns)   --->   "%p_load572 = load i16 %empty_880"   --->   Operation 1239 'load' 'p_load572' <Predicate = (icmp_ln1765)> <Delay = 0.00>
ST_1 : Operation 1240 [1/1] (0.00ns)   --->   "%p_load571 = load i16 %empty_881"   --->   Operation 1240 'load' 'p_load571' <Predicate = (icmp_ln1765)> <Delay = 0.00>
ST_1 : Operation 1241 [1/1] (0.00ns)   --->   "%p_load570 = load i16 %empty_882"   --->   Operation 1241 'load' 'p_load570' <Predicate = (icmp_ln1765)> <Delay = 0.00>
ST_1 : Operation 1242 [1/1] (0.00ns)   --->   "%p_load569 = load i16 %empty_883"   --->   Operation 1242 'load' 'p_load569' <Predicate = (icmp_ln1765)> <Delay = 0.00>
ST_1 : Operation 1243 [1/1] (0.00ns)   --->   "%p_load568 = load i16 %empty_884"   --->   Operation 1243 'load' 'p_load568' <Predicate = (icmp_ln1765)> <Delay = 0.00>
ST_1 : Operation 1244 [1/1] (0.00ns)   --->   "%p_load567 = load i16 %empty_885"   --->   Operation 1244 'load' 'p_load567' <Predicate = (icmp_ln1765)> <Delay = 0.00>
ST_1 : Operation 1245 [1/1] (0.00ns)   --->   "%p_load566 = load i16 %empty_886"   --->   Operation 1245 'load' 'p_load566' <Predicate = (icmp_ln1765)> <Delay = 0.00>
ST_1 : Operation 1246 [1/1] (0.00ns)   --->   "%p_load565 = load i16 %empty_887"   --->   Operation 1246 'load' 'p_load565' <Predicate = (icmp_ln1765)> <Delay = 0.00>
ST_1 : Operation 1247 [1/1] (0.00ns)   --->   "%p_load564 = load i16 %empty_888"   --->   Operation 1247 'load' 'p_load564' <Predicate = (icmp_ln1765)> <Delay = 0.00>
ST_1 : Operation 1248 [1/1] (0.00ns)   --->   "%p_load563 = load i16 %empty_889"   --->   Operation 1248 'load' 'p_load563' <Predicate = (icmp_ln1765)> <Delay = 0.00>
ST_1 : Operation 1249 [1/1] (0.00ns)   --->   "%p_load562 = load i16 %empty_890"   --->   Operation 1249 'load' 'p_load562' <Predicate = (icmp_ln1765)> <Delay = 0.00>
ST_1 : Operation 1250 [1/1] (0.00ns)   --->   "%p_load561 = load i16 %empty_891"   --->   Operation 1250 'load' 'p_load561' <Predicate = (icmp_ln1765)> <Delay = 0.00>
ST_1 : Operation 1251 [1/1] (0.00ns)   --->   "%p_load560 = load i16 %empty_892"   --->   Operation 1251 'load' 'p_load560' <Predicate = (icmp_ln1765)> <Delay = 0.00>
ST_1 : Operation 1252 [1/1] (0.00ns)   --->   "%p_load559 = load i16 %empty_893"   --->   Operation 1252 'load' 'p_load559' <Predicate = (icmp_ln1765)> <Delay = 0.00>
ST_1 : Operation 1253 [1/1] (0.00ns)   --->   "%p_load558 = load i16 %empty_894"   --->   Operation 1253 'load' 'p_load558' <Predicate = (icmp_ln1765)> <Delay = 0.00>
ST_1 : Operation 1254 [1/1] (0.00ns)   --->   "%p_load557 = load i16 %empty_895"   --->   Operation 1254 'load' 'p_load557' <Predicate = (icmp_ln1765)> <Delay = 0.00>
ST_1 : Operation 1255 [1/1] (0.00ns)   --->   "%p_load556 = load i16 %empty_896"   --->   Operation 1255 'load' 'p_load556' <Predicate = (icmp_ln1765)> <Delay = 0.00>
ST_1 : Operation 1256 [1/1] (0.00ns)   --->   "%p_load555 = load i16 %empty_897"   --->   Operation 1256 'load' 'p_load555' <Predicate = (icmp_ln1765)> <Delay = 0.00>
ST_1 : Operation 1257 [1/1] (0.00ns)   --->   "%p_load554 = load i16 %empty_898"   --->   Operation 1257 'load' 'p_load554' <Predicate = (icmp_ln1765)> <Delay = 0.00>
ST_1 : Operation 1258 [1/1] (0.00ns)   --->   "%p_load553 = load i16 %empty_899"   --->   Operation 1258 'load' 'p_load553' <Predicate = (icmp_ln1765)> <Delay = 0.00>
ST_1 : Operation 1259 [1/1] (0.00ns)   --->   "%p_load552 = load i16 %empty_900"   --->   Operation 1259 'load' 'p_load552' <Predicate = (icmp_ln1765)> <Delay = 0.00>
ST_1 : Operation 1260 [1/1] (0.00ns)   --->   "%p_load551 = load i16 %empty_901"   --->   Operation 1260 'load' 'p_load551' <Predicate = (icmp_ln1765)> <Delay = 0.00>
ST_1 : Operation 1261 [1/1] (0.00ns)   --->   "%p_load550 = load i16 %empty_902"   --->   Operation 1261 'load' 'p_load550' <Predicate = (icmp_ln1765)> <Delay = 0.00>
ST_1 : Operation 1262 [1/1] (0.00ns)   --->   "%p_load549 = load i16 %empty_903"   --->   Operation 1262 'load' 'p_load549' <Predicate = (icmp_ln1765)> <Delay = 0.00>
ST_1 : Operation 1263 [1/1] (0.00ns)   --->   "%p_load548 = load i16 %empty_904"   --->   Operation 1263 'load' 'p_load548' <Predicate = (icmp_ln1765)> <Delay = 0.00>
ST_1 : Operation 1264 [1/1] (0.00ns)   --->   "%p_load547 = load i16 %empty_905"   --->   Operation 1264 'load' 'p_load547' <Predicate = (icmp_ln1765)> <Delay = 0.00>
ST_1 : Operation 1265 [1/1] (0.00ns)   --->   "%p_load546 = load i16 %empty_906"   --->   Operation 1265 'load' 'p_load546' <Predicate = (icmp_ln1765)> <Delay = 0.00>
ST_1 : Operation 1266 [1/1] (0.00ns)   --->   "%p_load545 = load i16 %empty_907"   --->   Operation 1266 'load' 'p_load545' <Predicate = (icmp_ln1765)> <Delay = 0.00>
ST_1 : Operation 1267 [1/1] (0.00ns)   --->   "%p_load544 = load i16 %empty_908"   --->   Operation 1267 'load' 'p_load544' <Predicate = (icmp_ln1765)> <Delay = 0.00>
ST_1 : Operation 1268 [1/1] (0.00ns)   --->   "%p_load543 = load i16 %empty_909"   --->   Operation 1268 'load' 'p_load543' <Predicate = (icmp_ln1765)> <Delay = 0.00>
ST_1 : Operation 1269 [1/1] (0.00ns)   --->   "%p_load542 = load i16 %empty_910"   --->   Operation 1269 'load' 'p_load542' <Predicate = (icmp_ln1765)> <Delay = 0.00>
ST_1 : Operation 1270 [1/1] (0.00ns)   --->   "%p_load541 = load i16 %empty_911"   --->   Operation 1270 'load' 'p_load541' <Predicate = (icmp_ln1765)> <Delay = 0.00>
ST_1 : Operation 1271 [1/1] (0.00ns)   --->   "%p_load540 = load i16 %empty_912"   --->   Operation 1271 'load' 'p_load540' <Predicate = (icmp_ln1765)> <Delay = 0.00>
ST_1 : Operation 1272 [1/1] (0.00ns)   --->   "%p_load539 = load i16 %empty_913"   --->   Operation 1272 'load' 'p_load539' <Predicate = (icmp_ln1765)> <Delay = 0.00>
ST_1 : Operation 1273 [1/1] (0.00ns)   --->   "%p_load538 = load i16 %empty_914"   --->   Operation 1273 'load' 'p_load538' <Predicate = (icmp_ln1765)> <Delay = 0.00>
ST_1 : Operation 1274 [1/1] (0.00ns)   --->   "%p_load537 = load i16 %empty_915"   --->   Operation 1274 'load' 'p_load537' <Predicate = (icmp_ln1765)> <Delay = 0.00>
ST_1 : Operation 1275 [1/1] (0.00ns)   --->   "%p_load536 = load i16 %empty_916"   --->   Operation 1275 'load' 'p_load536' <Predicate = (icmp_ln1765)> <Delay = 0.00>
ST_1 : Operation 1276 [1/1] (0.00ns)   --->   "%p_load535 = load i16 %empty_917"   --->   Operation 1276 'load' 'p_load535' <Predicate = (icmp_ln1765)> <Delay = 0.00>
ST_1 : Operation 1277 [1/1] (0.00ns)   --->   "%p_load534 = load i16 %empty_918"   --->   Operation 1277 'load' 'p_load534' <Predicate = (icmp_ln1765)> <Delay = 0.00>
ST_1 : Operation 1278 [1/1] (0.00ns)   --->   "%p_load533 = load i16 %empty_919"   --->   Operation 1278 'load' 'p_load533' <Predicate = (icmp_ln1765)> <Delay = 0.00>
ST_1 : Operation 1279 [1/1] (0.00ns)   --->   "%p_load532 = load i16 %empty_920"   --->   Operation 1279 'load' 'p_load532' <Predicate = (icmp_ln1765)> <Delay = 0.00>
ST_1 : Operation 1280 [1/1] (0.00ns)   --->   "%p_load531 = load i16 %empty_921"   --->   Operation 1280 'load' 'p_load531' <Predicate = (icmp_ln1765)> <Delay = 0.00>
ST_1 : Operation 1281 [1/1] (0.00ns)   --->   "%p_load530 = load i16 %empty_922"   --->   Operation 1281 'load' 'p_load530' <Predicate = (icmp_ln1765)> <Delay = 0.00>
ST_1 : Operation 1282 [1/1] (0.00ns)   --->   "%p_load529 = load i16 %empty_923"   --->   Operation 1282 'load' 'p_load529' <Predicate = (icmp_ln1765)> <Delay = 0.00>
ST_1 : Operation 1283 [1/1] (0.00ns)   --->   "%p_load528 = load i16 %empty_924"   --->   Operation 1283 'load' 'p_load528' <Predicate = (icmp_ln1765)> <Delay = 0.00>
ST_1 : Operation 1284 [1/1] (0.00ns)   --->   "%p_load527 = load i16 %empty_925"   --->   Operation 1284 'load' 'p_load527' <Predicate = (icmp_ln1765)> <Delay = 0.00>
ST_1 : Operation 1285 [1/1] (0.00ns)   --->   "%p_load526 = load i16 %empty_926"   --->   Operation 1285 'load' 'p_load526' <Predicate = (icmp_ln1765)> <Delay = 0.00>
ST_1 : Operation 1286 [1/1] (0.00ns)   --->   "%p_load525 = load i16 %empty_927"   --->   Operation 1286 'load' 'p_load525' <Predicate = (icmp_ln1765)> <Delay = 0.00>
ST_1 : Operation 1287 [1/1] (0.00ns)   --->   "%p_load524 = load i16 %empty_928"   --->   Operation 1287 'load' 'p_load524' <Predicate = (icmp_ln1765)> <Delay = 0.00>
ST_1 : Operation 1288 [1/1] (0.00ns)   --->   "%p_load523 = load i16 %empty_929"   --->   Operation 1288 'load' 'p_load523' <Predicate = (icmp_ln1765)> <Delay = 0.00>
ST_1 : Operation 1289 [1/1] (0.00ns)   --->   "%p_load522 = load i16 %empty_930"   --->   Operation 1289 'load' 'p_load522' <Predicate = (icmp_ln1765)> <Delay = 0.00>
ST_1 : Operation 1290 [1/1] (0.00ns)   --->   "%p_load521 = load i16 %empty_931"   --->   Operation 1290 'load' 'p_load521' <Predicate = (icmp_ln1765)> <Delay = 0.00>
ST_1 : Operation 1291 [1/1] (0.00ns)   --->   "%p_load520 = load i16 %empty_932"   --->   Operation 1291 'load' 'p_load520' <Predicate = (icmp_ln1765)> <Delay = 0.00>
ST_1 : Operation 1292 [1/1] (0.00ns)   --->   "%p_load519 = load i16 %empty_933"   --->   Operation 1292 'load' 'p_load519' <Predicate = (icmp_ln1765)> <Delay = 0.00>
ST_1 : Operation 1293 [1/1] (0.00ns)   --->   "%p_load518 = load i16 %empty_934"   --->   Operation 1293 'load' 'p_load518' <Predicate = (icmp_ln1765)> <Delay = 0.00>
ST_1 : Operation 1294 [1/1] (0.00ns)   --->   "%p_load517 = load i16 %empty_935"   --->   Operation 1294 'load' 'p_load517' <Predicate = (icmp_ln1765)> <Delay = 0.00>
ST_1 : Operation 1295 [1/1] (0.00ns)   --->   "%p_load516 = load i16 %empty_936"   --->   Operation 1295 'load' 'p_load516' <Predicate = (icmp_ln1765)> <Delay = 0.00>
ST_1 : Operation 1296 [1/1] (0.00ns)   --->   "%p_load515 = load i16 %empty_937"   --->   Operation 1296 'load' 'p_load515' <Predicate = (icmp_ln1765)> <Delay = 0.00>
ST_1 : Operation 1297 [1/1] (0.00ns)   --->   "%p_load514 = load i16 %empty_938"   --->   Operation 1297 'load' 'p_load514' <Predicate = (icmp_ln1765)> <Delay = 0.00>
ST_1 : Operation 1298 [1/1] (0.00ns)   --->   "%p_load513 = load i16 %empty_939"   --->   Operation 1298 'load' 'p_load513' <Predicate = (icmp_ln1765)> <Delay = 0.00>
ST_1 : Operation 1299 [1/1] (0.00ns)   --->   "%p_load512 = load i16 %empty_940"   --->   Operation 1299 'load' 'p_load512' <Predicate = (icmp_ln1765)> <Delay = 0.00>
ST_1 : Operation 1300 [1/1] (0.00ns)   --->   "%p_load511 = load i16 %empty_941"   --->   Operation 1300 'load' 'p_load511' <Predicate = (icmp_ln1765)> <Delay = 0.00>
ST_1 : Operation 1301 [1/1] (0.00ns)   --->   "%p_load510 = load i16 %empty_942"   --->   Operation 1301 'load' 'p_load510' <Predicate = (icmp_ln1765)> <Delay = 0.00>
ST_1 : Operation 1302 [1/1] (0.00ns)   --->   "%p_load509 = load i16 %empty_943"   --->   Operation 1302 'load' 'p_load509' <Predicate = (icmp_ln1765)> <Delay = 0.00>
ST_1 : Operation 1303 [1/1] (0.00ns)   --->   "%p_load508 = load i16 %empty_944"   --->   Operation 1303 'load' 'p_load508' <Predicate = (icmp_ln1765)> <Delay = 0.00>
ST_1 : Operation 1304 [1/1] (0.00ns)   --->   "%p_load507 = load i16 %empty_945"   --->   Operation 1304 'load' 'p_load507' <Predicate = (icmp_ln1765)> <Delay = 0.00>
ST_1 : Operation 1305 [1/1] (0.00ns)   --->   "%p_load506 = load i16 %empty_946"   --->   Operation 1305 'load' 'p_load506' <Predicate = (icmp_ln1765)> <Delay = 0.00>
ST_1 : Operation 1306 [1/1] (0.00ns)   --->   "%p_load505 = load i16 %empty_947"   --->   Operation 1306 'load' 'p_load505' <Predicate = (icmp_ln1765)> <Delay = 0.00>
ST_1 : Operation 1307 [1/1] (0.00ns)   --->   "%p_load504 = load i16 %empty_948"   --->   Operation 1307 'load' 'p_load504' <Predicate = (icmp_ln1765)> <Delay = 0.00>
ST_1 : Operation 1308 [1/1] (0.00ns)   --->   "%p_load503 = load i16 %empty_949"   --->   Operation 1308 'load' 'p_load503' <Predicate = (icmp_ln1765)> <Delay = 0.00>
ST_1 : Operation 1309 [1/1] (0.00ns)   --->   "%p_load502 = load i16 %empty_950"   --->   Operation 1309 'load' 'p_load502' <Predicate = (icmp_ln1765)> <Delay = 0.00>
ST_1 : Operation 1310 [1/1] (0.00ns)   --->   "%p_load501 = load i16 %empty_951"   --->   Operation 1310 'load' 'p_load501' <Predicate = (icmp_ln1765)> <Delay = 0.00>
ST_1 : Operation 1311 [1/1] (0.00ns)   --->   "%p_load500 = load i16 %empty_952"   --->   Operation 1311 'load' 'p_load500' <Predicate = (icmp_ln1765)> <Delay = 0.00>
ST_1 : Operation 1312 [1/1] (0.00ns)   --->   "%p_load499 = load i16 %empty_953"   --->   Operation 1312 'load' 'p_load499' <Predicate = (icmp_ln1765)> <Delay = 0.00>
ST_1 : Operation 1313 [1/1] (0.00ns)   --->   "%p_load498 = load i16 %empty_954"   --->   Operation 1313 'load' 'p_load498' <Predicate = (icmp_ln1765)> <Delay = 0.00>
ST_1 : Operation 1314 [1/1] (0.00ns)   --->   "%p_load497 = load i16 %empty_955"   --->   Operation 1314 'load' 'p_load497' <Predicate = (icmp_ln1765)> <Delay = 0.00>
ST_1 : Operation 1315 [1/1] (0.00ns)   --->   "%p_load496 = load i16 %empty_956"   --->   Operation 1315 'load' 'p_load496' <Predicate = (icmp_ln1765)> <Delay = 0.00>
ST_1 : Operation 1316 [1/1] (0.00ns)   --->   "%p_load495 = load i16 %empty_957"   --->   Operation 1316 'load' 'p_load495' <Predicate = (icmp_ln1765)> <Delay = 0.00>
ST_1 : Operation 1317 [1/1] (0.00ns)   --->   "%p_load494 = load i16 %empty_958"   --->   Operation 1317 'load' 'p_load494' <Predicate = (icmp_ln1765)> <Delay = 0.00>
ST_1 : Operation 1318 [1/1] (0.00ns)   --->   "%p_load493 = load i16 %empty_959"   --->   Operation 1318 'load' 'p_load493' <Predicate = (icmp_ln1765)> <Delay = 0.00>
ST_1 : Operation 1319 [1/1] (0.00ns)   --->   "%p_load492 = load i16 %empty_960"   --->   Operation 1319 'load' 'p_load492' <Predicate = (icmp_ln1765)> <Delay = 0.00>
ST_1 : Operation 1320 [1/1] (0.00ns)   --->   "%p_load491 = load i16 %empty_961"   --->   Operation 1320 'load' 'p_load491' <Predicate = (icmp_ln1765)> <Delay = 0.00>
ST_1 : Operation 1321 [1/1] (0.00ns)   --->   "%p_load490 = load i16 %empty_962"   --->   Operation 1321 'load' 'p_load490' <Predicate = (icmp_ln1765)> <Delay = 0.00>
ST_1 : Operation 1322 [1/1] (0.00ns)   --->   "%p_load489 = load i16 %empty_963"   --->   Operation 1322 'load' 'p_load489' <Predicate = (icmp_ln1765)> <Delay = 0.00>
ST_1 : Operation 1323 [1/1] (0.00ns)   --->   "%p_load488 = load i16 %empty_964"   --->   Operation 1323 'load' 'p_load488' <Predicate = (icmp_ln1765)> <Delay = 0.00>
ST_1 : Operation 1324 [1/1] (0.00ns)   --->   "%p_load487 = load i16 %empty_965"   --->   Operation 1324 'load' 'p_load487' <Predicate = (icmp_ln1765)> <Delay = 0.00>
ST_1 : Operation 1325 [1/1] (0.00ns)   --->   "%p_load486 = load i16 %empty_966"   --->   Operation 1325 'load' 'p_load486' <Predicate = (icmp_ln1765)> <Delay = 0.00>
ST_1 : Operation 1326 [1/1] (0.00ns)   --->   "%p_load485 = load i16 %empty_967"   --->   Operation 1326 'load' 'p_load485' <Predicate = (icmp_ln1765)> <Delay = 0.00>
ST_1 : Operation 1327 [1/1] (0.00ns)   --->   "%p_load484 = load i16 %empty_968"   --->   Operation 1327 'load' 'p_load484' <Predicate = (icmp_ln1765)> <Delay = 0.00>
ST_1 : Operation 1328 [1/1] (0.00ns)   --->   "%p_load483 = load i16 %empty_969"   --->   Operation 1328 'load' 'p_load483' <Predicate = (icmp_ln1765)> <Delay = 0.00>
ST_1 : Operation 1329 [1/1] (0.00ns)   --->   "%p_load482 = load i16 %empty_970"   --->   Operation 1329 'load' 'p_load482' <Predicate = (icmp_ln1765)> <Delay = 0.00>
ST_1 : Operation 1330 [1/1] (0.00ns)   --->   "%p_load481 = load i16 %empty_971"   --->   Operation 1330 'load' 'p_load481' <Predicate = (icmp_ln1765)> <Delay = 0.00>
ST_1 : Operation 1331 [1/1] (0.00ns)   --->   "%p_load480 = load i16 %empty_972"   --->   Operation 1331 'load' 'p_load480' <Predicate = (icmp_ln1765)> <Delay = 0.00>
ST_1 : Operation 1332 [1/1] (0.00ns)   --->   "%p_load479 = load i16 %empty_973"   --->   Operation 1332 'load' 'p_load479' <Predicate = (icmp_ln1765)> <Delay = 0.00>
ST_1 : Operation 1333 [1/1] (0.00ns)   --->   "%p_load478 = load i16 %empty_974"   --->   Operation 1333 'load' 'p_load478' <Predicate = (icmp_ln1765)> <Delay = 0.00>
ST_1 : Operation 1334 [1/1] (0.00ns)   --->   "%p_load477 = load i16 %empty_975"   --->   Operation 1334 'load' 'p_load477' <Predicate = (icmp_ln1765)> <Delay = 0.00>
ST_1 : Operation 1335 [1/1] (0.00ns)   --->   "%p_load476 = load i16 %empty_976"   --->   Operation 1335 'load' 'p_load476' <Predicate = (icmp_ln1765)> <Delay = 0.00>
ST_1 : Operation 1336 [1/1] (0.00ns)   --->   "%p_load475 = load i16 %empty_977"   --->   Operation 1336 'load' 'p_load475' <Predicate = (icmp_ln1765)> <Delay = 0.00>
ST_1 : Operation 1337 [1/1] (0.00ns)   --->   "%p_load474 = load i16 %empty_978"   --->   Operation 1337 'load' 'p_load474' <Predicate = (icmp_ln1765)> <Delay = 0.00>
ST_1 : Operation 1338 [1/1] (0.00ns)   --->   "%p_load473 = load i16 %empty_979"   --->   Operation 1338 'load' 'p_load473' <Predicate = (icmp_ln1765)> <Delay = 0.00>
ST_1 : Operation 1339 [1/1] (0.00ns)   --->   "%p_load472 = load i16 %empty_980"   --->   Operation 1339 'load' 'p_load472' <Predicate = (icmp_ln1765)> <Delay = 0.00>
ST_1 : Operation 1340 [1/1] (0.00ns)   --->   "%p_load471 = load i16 %empty_981"   --->   Operation 1340 'load' 'p_load471' <Predicate = (icmp_ln1765)> <Delay = 0.00>
ST_1 : Operation 1341 [1/1] (0.00ns)   --->   "%p_load470 = load i16 %empty_982"   --->   Operation 1341 'load' 'p_load470' <Predicate = (icmp_ln1765)> <Delay = 0.00>
ST_1 : Operation 1342 [1/1] (0.00ns)   --->   "%p_load469 = load i16 %empty_983"   --->   Operation 1342 'load' 'p_load469' <Predicate = (icmp_ln1765)> <Delay = 0.00>
ST_1 : Operation 1343 [1/1] (0.00ns)   --->   "%p_load468 = load i16 %empty_984"   --->   Operation 1343 'load' 'p_load468' <Predicate = (icmp_ln1765)> <Delay = 0.00>
ST_1 : Operation 1344 [1/1] (0.00ns)   --->   "%p_load467 = load i16 %empty_985"   --->   Operation 1344 'load' 'p_load467' <Predicate = (icmp_ln1765)> <Delay = 0.00>
ST_1 : Operation 1345 [1/1] (0.00ns)   --->   "%p_load466 = load i16 %empty_986"   --->   Operation 1345 'load' 'p_load466' <Predicate = (icmp_ln1765)> <Delay = 0.00>
ST_1 : Operation 1346 [1/1] (0.00ns)   --->   "%p_load465 = load i16 %empty_987"   --->   Operation 1346 'load' 'p_load465' <Predicate = (icmp_ln1765)> <Delay = 0.00>
ST_1 : Operation 1347 [1/1] (0.00ns)   --->   "%p_load464 = load i16 %empty_988"   --->   Operation 1347 'load' 'p_load464' <Predicate = (icmp_ln1765)> <Delay = 0.00>
ST_1 : Operation 1348 [1/1] (0.00ns)   --->   "%p_load463 = load i16 %empty_989"   --->   Operation 1348 'load' 'p_load463' <Predicate = (icmp_ln1765)> <Delay = 0.00>
ST_1 : Operation 1349 [1/1] (0.00ns)   --->   "%p_load462 = load i16 %empty_990"   --->   Operation 1349 'load' 'p_load462' <Predicate = (icmp_ln1765)> <Delay = 0.00>
ST_1 : Operation 1350 [1/1] (0.00ns)   --->   "%p_load461 = load i16 %empty_991"   --->   Operation 1350 'load' 'p_load461' <Predicate = (icmp_ln1765)> <Delay = 0.00>
ST_1 : Operation 1351 [1/1] (0.00ns)   --->   "%p_load460 = load i16 %empty_992"   --->   Operation 1351 'load' 'p_load460' <Predicate = (icmp_ln1765)> <Delay = 0.00>
ST_1 : Operation 1352 [1/1] (0.00ns)   --->   "%p_load459 = load i16 %empty_993"   --->   Operation 1352 'load' 'p_load459' <Predicate = (icmp_ln1765)> <Delay = 0.00>
ST_1 : Operation 1353 [1/1] (0.00ns)   --->   "%p_load458 = load i16 %empty_994"   --->   Operation 1353 'load' 'p_load458' <Predicate = (icmp_ln1765)> <Delay = 0.00>
ST_1 : Operation 1354 [1/1] (0.00ns)   --->   "%p_load457 = load i16 %empty_995"   --->   Operation 1354 'load' 'p_load457' <Predicate = (icmp_ln1765)> <Delay = 0.00>
ST_1 : Operation 1355 [1/1] (0.00ns)   --->   "%p_load456 = load i16 %empty_996"   --->   Operation 1355 'load' 'p_load456' <Predicate = (icmp_ln1765)> <Delay = 0.00>
ST_1 : Operation 1356 [1/1] (0.00ns)   --->   "%p_load455 = load i16 %empty_997"   --->   Operation 1356 'load' 'p_load455' <Predicate = (icmp_ln1765)> <Delay = 0.00>
ST_1 : Operation 1357 [1/1] (0.00ns)   --->   "%p_load454 = load i16 %empty_998"   --->   Operation 1357 'load' 'p_load454' <Predicate = (icmp_ln1765)> <Delay = 0.00>
ST_1 : Operation 1358 [1/1] (0.00ns)   --->   "%p_load453 = load i16 %empty_999"   --->   Operation 1358 'load' 'p_load453' <Predicate = (icmp_ln1765)> <Delay = 0.00>
ST_1 : Operation 1359 [1/1] (0.00ns)   --->   "%p_load452 = load i16 %empty_1000"   --->   Operation 1359 'load' 'p_load452' <Predicate = (icmp_ln1765)> <Delay = 0.00>
ST_1 : Operation 1360 [1/1] (0.00ns)   --->   "%p_load451 = load i16 %empty_1001"   --->   Operation 1360 'load' 'p_load451' <Predicate = (icmp_ln1765)> <Delay = 0.00>
ST_1 : Operation 1361 [1/1] (0.00ns)   --->   "%p_load450 = load i16 %empty_1002"   --->   Operation 1361 'load' 'p_load450' <Predicate = (icmp_ln1765)> <Delay = 0.00>
ST_1 : Operation 1362 [1/1] (0.00ns)   --->   "%p_load449 = load i16 %empty_1003"   --->   Operation 1362 'load' 'p_load449' <Predicate = (icmp_ln1765)> <Delay = 0.00>
ST_1 : Operation 1363 [1/1] (0.00ns)   --->   "%p_load = load i16 %empty_1004"   --->   Operation 1363 'load' 'p_load' <Predicate = (icmp_ln1765)> <Delay = 0.00>
ST_1 : Operation 1364 [1/1] (0.00ns)   --->   "%write_ln0 = write void @_ssdm_op_Write.ap_auto.i16P0A, i16 %p_out, i16 %p_load"   --->   Operation 1364 'write' 'write_ln0' <Predicate = (icmp_ln1765)> <Delay = 0.00>
ST_1 : Operation 1365 [1/1] (0.00ns)   --->   "%write_ln0 = write void @_ssdm_op_Write.ap_auto.i16P0A, i16 %p_out1, i16 %p_load449"   --->   Operation 1365 'write' 'write_ln0' <Predicate = (icmp_ln1765)> <Delay = 0.00>
ST_1 : Operation 1366 [1/1] (0.00ns)   --->   "%write_ln0 = write void @_ssdm_op_Write.ap_auto.i16P0A, i16 %p_out2, i16 %p_load450"   --->   Operation 1366 'write' 'write_ln0' <Predicate = (icmp_ln1765)> <Delay = 0.00>
ST_1 : Operation 1367 [1/1] (0.00ns)   --->   "%write_ln0 = write void @_ssdm_op_Write.ap_auto.i16P0A, i16 %p_out3, i16 %p_load451"   --->   Operation 1367 'write' 'write_ln0' <Predicate = (icmp_ln1765)> <Delay = 0.00>
ST_1 : Operation 1368 [1/1] (0.00ns)   --->   "%write_ln0 = write void @_ssdm_op_Write.ap_auto.i16P0A, i16 %p_out4, i16 %p_load452"   --->   Operation 1368 'write' 'write_ln0' <Predicate = (icmp_ln1765)> <Delay = 0.00>
ST_1 : Operation 1369 [1/1] (0.00ns)   --->   "%write_ln0 = write void @_ssdm_op_Write.ap_auto.i16P0A, i16 %p_out5, i16 %p_load453"   --->   Operation 1369 'write' 'write_ln0' <Predicate = (icmp_ln1765)> <Delay = 0.00>
ST_1 : Operation 1370 [1/1] (0.00ns)   --->   "%write_ln0 = write void @_ssdm_op_Write.ap_auto.i16P0A, i16 %p_out6, i16 %p_load454"   --->   Operation 1370 'write' 'write_ln0' <Predicate = (icmp_ln1765)> <Delay = 0.00>
ST_1 : Operation 1371 [1/1] (0.00ns)   --->   "%write_ln0 = write void @_ssdm_op_Write.ap_auto.i16P0A, i16 %p_out7, i16 %p_load455"   --->   Operation 1371 'write' 'write_ln0' <Predicate = (icmp_ln1765)> <Delay = 0.00>
ST_1 : Operation 1372 [1/1] (0.00ns)   --->   "%write_ln0 = write void @_ssdm_op_Write.ap_auto.i16P0A, i16 %p_out8, i16 %p_load456"   --->   Operation 1372 'write' 'write_ln0' <Predicate = (icmp_ln1765)> <Delay = 0.00>
ST_1 : Operation 1373 [1/1] (0.00ns)   --->   "%write_ln0 = write void @_ssdm_op_Write.ap_auto.i16P0A, i16 %p_out9, i16 %p_load457"   --->   Operation 1373 'write' 'write_ln0' <Predicate = (icmp_ln1765)> <Delay = 0.00>
ST_1 : Operation 1374 [1/1] (0.00ns)   --->   "%write_ln0 = write void @_ssdm_op_Write.ap_auto.i16P0A, i16 %p_out10, i16 %p_load458"   --->   Operation 1374 'write' 'write_ln0' <Predicate = (icmp_ln1765)> <Delay = 0.00>
ST_1 : Operation 1375 [1/1] (0.00ns)   --->   "%write_ln0 = write void @_ssdm_op_Write.ap_auto.i16P0A, i16 %p_out11, i16 %p_load459"   --->   Operation 1375 'write' 'write_ln0' <Predicate = (icmp_ln1765)> <Delay = 0.00>
ST_1 : Operation 1376 [1/1] (0.00ns)   --->   "%write_ln0 = write void @_ssdm_op_Write.ap_auto.i16P0A, i16 %p_out12, i16 %p_load460"   --->   Operation 1376 'write' 'write_ln0' <Predicate = (icmp_ln1765)> <Delay = 0.00>
ST_1 : Operation 1377 [1/1] (0.00ns)   --->   "%write_ln0 = write void @_ssdm_op_Write.ap_auto.i16P0A, i16 %p_out13, i16 %p_load461"   --->   Operation 1377 'write' 'write_ln0' <Predicate = (icmp_ln1765)> <Delay = 0.00>
ST_1 : Operation 1378 [1/1] (0.00ns)   --->   "%write_ln0 = write void @_ssdm_op_Write.ap_auto.i16P0A, i16 %p_out14, i16 %p_load462"   --->   Operation 1378 'write' 'write_ln0' <Predicate = (icmp_ln1765)> <Delay = 0.00>
ST_1 : Operation 1379 [1/1] (0.00ns)   --->   "%write_ln0 = write void @_ssdm_op_Write.ap_auto.i16P0A, i16 %p_out15, i16 %p_load463"   --->   Operation 1379 'write' 'write_ln0' <Predicate = (icmp_ln1765)> <Delay = 0.00>
ST_1 : Operation 1380 [1/1] (0.00ns)   --->   "%write_ln0 = write void @_ssdm_op_Write.ap_auto.i16P0A, i16 %p_out16, i16 %p_load464"   --->   Operation 1380 'write' 'write_ln0' <Predicate = (icmp_ln1765)> <Delay = 0.00>
ST_1 : Operation 1381 [1/1] (0.00ns)   --->   "%write_ln0 = write void @_ssdm_op_Write.ap_auto.i16P0A, i16 %p_out17, i16 %p_load465"   --->   Operation 1381 'write' 'write_ln0' <Predicate = (icmp_ln1765)> <Delay = 0.00>
ST_1 : Operation 1382 [1/1] (0.00ns)   --->   "%write_ln0 = write void @_ssdm_op_Write.ap_auto.i16P0A, i16 %p_out18, i16 %p_load466"   --->   Operation 1382 'write' 'write_ln0' <Predicate = (icmp_ln1765)> <Delay = 0.00>
ST_1 : Operation 1383 [1/1] (0.00ns)   --->   "%write_ln0 = write void @_ssdm_op_Write.ap_auto.i16P0A, i16 %p_out19, i16 %p_load467"   --->   Operation 1383 'write' 'write_ln0' <Predicate = (icmp_ln1765)> <Delay = 0.00>
ST_1 : Operation 1384 [1/1] (0.00ns)   --->   "%write_ln0 = write void @_ssdm_op_Write.ap_auto.i16P0A, i16 %p_out20, i16 %p_load468"   --->   Operation 1384 'write' 'write_ln0' <Predicate = (icmp_ln1765)> <Delay = 0.00>
ST_1 : Operation 1385 [1/1] (0.00ns)   --->   "%write_ln0 = write void @_ssdm_op_Write.ap_auto.i16P0A, i16 %p_out21, i16 %p_load469"   --->   Operation 1385 'write' 'write_ln0' <Predicate = (icmp_ln1765)> <Delay = 0.00>
ST_1 : Operation 1386 [1/1] (0.00ns)   --->   "%write_ln0 = write void @_ssdm_op_Write.ap_auto.i16P0A, i16 %p_out22, i16 %p_load470"   --->   Operation 1386 'write' 'write_ln0' <Predicate = (icmp_ln1765)> <Delay = 0.00>
ST_1 : Operation 1387 [1/1] (0.00ns)   --->   "%write_ln0 = write void @_ssdm_op_Write.ap_auto.i16P0A, i16 %p_out23, i16 %p_load471"   --->   Operation 1387 'write' 'write_ln0' <Predicate = (icmp_ln1765)> <Delay = 0.00>
ST_1 : Operation 1388 [1/1] (0.00ns)   --->   "%write_ln0 = write void @_ssdm_op_Write.ap_auto.i16P0A, i16 %p_out24, i16 %p_load472"   --->   Operation 1388 'write' 'write_ln0' <Predicate = (icmp_ln1765)> <Delay = 0.00>
ST_1 : Operation 1389 [1/1] (0.00ns)   --->   "%write_ln0 = write void @_ssdm_op_Write.ap_auto.i16P0A, i16 %p_out25, i16 %p_load473"   --->   Operation 1389 'write' 'write_ln0' <Predicate = (icmp_ln1765)> <Delay = 0.00>
ST_1 : Operation 1390 [1/1] (0.00ns)   --->   "%write_ln0 = write void @_ssdm_op_Write.ap_auto.i16P0A, i16 %p_out26, i16 %p_load474"   --->   Operation 1390 'write' 'write_ln0' <Predicate = (icmp_ln1765)> <Delay = 0.00>
ST_1 : Operation 1391 [1/1] (0.00ns)   --->   "%write_ln0 = write void @_ssdm_op_Write.ap_auto.i16P0A, i16 %p_out27, i16 %p_load475"   --->   Operation 1391 'write' 'write_ln0' <Predicate = (icmp_ln1765)> <Delay = 0.00>
ST_1 : Operation 1392 [1/1] (0.00ns)   --->   "%write_ln0 = write void @_ssdm_op_Write.ap_auto.i16P0A, i16 %p_out28, i16 %p_load476"   --->   Operation 1392 'write' 'write_ln0' <Predicate = (icmp_ln1765)> <Delay = 0.00>
ST_1 : Operation 1393 [1/1] (0.00ns)   --->   "%write_ln0 = write void @_ssdm_op_Write.ap_auto.i16P0A, i16 %p_out29, i16 %p_load477"   --->   Operation 1393 'write' 'write_ln0' <Predicate = (icmp_ln1765)> <Delay = 0.00>
ST_1 : Operation 1394 [1/1] (0.00ns)   --->   "%write_ln0 = write void @_ssdm_op_Write.ap_auto.i16P0A, i16 %p_out30, i16 %p_load478"   --->   Operation 1394 'write' 'write_ln0' <Predicate = (icmp_ln1765)> <Delay = 0.00>
ST_1 : Operation 1395 [1/1] (0.00ns)   --->   "%write_ln0 = write void @_ssdm_op_Write.ap_auto.i16P0A, i16 %p_out31, i16 %p_load479"   --->   Operation 1395 'write' 'write_ln0' <Predicate = (icmp_ln1765)> <Delay = 0.00>
ST_1 : Operation 1396 [1/1] (0.00ns)   --->   "%write_ln0 = write void @_ssdm_op_Write.ap_auto.i16P0A, i16 %p_out32, i16 %p_load480"   --->   Operation 1396 'write' 'write_ln0' <Predicate = (icmp_ln1765)> <Delay = 0.00>
ST_1 : Operation 1397 [1/1] (0.00ns)   --->   "%write_ln0 = write void @_ssdm_op_Write.ap_auto.i16P0A, i16 %p_out33, i16 %p_load481"   --->   Operation 1397 'write' 'write_ln0' <Predicate = (icmp_ln1765)> <Delay = 0.00>
ST_1 : Operation 1398 [1/1] (0.00ns)   --->   "%write_ln0 = write void @_ssdm_op_Write.ap_auto.i16P0A, i16 %p_out34, i16 %p_load482"   --->   Operation 1398 'write' 'write_ln0' <Predicate = (icmp_ln1765)> <Delay = 0.00>
ST_1 : Operation 1399 [1/1] (0.00ns)   --->   "%write_ln0 = write void @_ssdm_op_Write.ap_auto.i16P0A, i16 %p_out35, i16 %p_load483"   --->   Operation 1399 'write' 'write_ln0' <Predicate = (icmp_ln1765)> <Delay = 0.00>
ST_1 : Operation 1400 [1/1] (0.00ns)   --->   "%write_ln0 = write void @_ssdm_op_Write.ap_auto.i16P0A, i16 %p_out36, i16 %p_load484"   --->   Operation 1400 'write' 'write_ln0' <Predicate = (icmp_ln1765)> <Delay = 0.00>
ST_1 : Operation 1401 [1/1] (0.00ns)   --->   "%write_ln0 = write void @_ssdm_op_Write.ap_auto.i16P0A, i16 %p_out37, i16 %p_load485"   --->   Operation 1401 'write' 'write_ln0' <Predicate = (icmp_ln1765)> <Delay = 0.00>
ST_1 : Operation 1402 [1/1] (0.00ns)   --->   "%write_ln0 = write void @_ssdm_op_Write.ap_auto.i16P0A, i16 %p_out38, i16 %p_load486"   --->   Operation 1402 'write' 'write_ln0' <Predicate = (icmp_ln1765)> <Delay = 0.00>
ST_1 : Operation 1403 [1/1] (0.00ns)   --->   "%write_ln0 = write void @_ssdm_op_Write.ap_auto.i16P0A, i16 %p_out39, i16 %p_load487"   --->   Operation 1403 'write' 'write_ln0' <Predicate = (icmp_ln1765)> <Delay = 0.00>
ST_1 : Operation 1404 [1/1] (0.00ns)   --->   "%write_ln0 = write void @_ssdm_op_Write.ap_auto.i16P0A, i16 %p_out40, i16 %p_load488"   --->   Operation 1404 'write' 'write_ln0' <Predicate = (icmp_ln1765)> <Delay = 0.00>
ST_1 : Operation 1405 [1/1] (0.00ns)   --->   "%write_ln0 = write void @_ssdm_op_Write.ap_auto.i16P0A, i16 %p_out41, i16 %p_load489"   --->   Operation 1405 'write' 'write_ln0' <Predicate = (icmp_ln1765)> <Delay = 0.00>
ST_1 : Operation 1406 [1/1] (0.00ns)   --->   "%write_ln0 = write void @_ssdm_op_Write.ap_auto.i16P0A, i16 %p_out42, i16 %p_load490"   --->   Operation 1406 'write' 'write_ln0' <Predicate = (icmp_ln1765)> <Delay = 0.00>
ST_1 : Operation 1407 [1/1] (0.00ns)   --->   "%write_ln0 = write void @_ssdm_op_Write.ap_auto.i16P0A, i16 %p_out43, i16 %p_load491"   --->   Operation 1407 'write' 'write_ln0' <Predicate = (icmp_ln1765)> <Delay = 0.00>
ST_1 : Operation 1408 [1/1] (0.00ns)   --->   "%write_ln0 = write void @_ssdm_op_Write.ap_auto.i16P0A, i16 %p_out44, i16 %p_load492"   --->   Operation 1408 'write' 'write_ln0' <Predicate = (icmp_ln1765)> <Delay = 0.00>
ST_1 : Operation 1409 [1/1] (0.00ns)   --->   "%write_ln0 = write void @_ssdm_op_Write.ap_auto.i16P0A, i16 %p_out45, i16 %p_load493"   --->   Operation 1409 'write' 'write_ln0' <Predicate = (icmp_ln1765)> <Delay = 0.00>
ST_1 : Operation 1410 [1/1] (0.00ns)   --->   "%write_ln0 = write void @_ssdm_op_Write.ap_auto.i16P0A, i16 %p_out46, i16 %p_load494"   --->   Operation 1410 'write' 'write_ln0' <Predicate = (icmp_ln1765)> <Delay = 0.00>
ST_1 : Operation 1411 [1/1] (0.00ns)   --->   "%write_ln0 = write void @_ssdm_op_Write.ap_auto.i16P0A, i16 %p_out47, i16 %p_load495"   --->   Operation 1411 'write' 'write_ln0' <Predicate = (icmp_ln1765)> <Delay = 0.00>
ST_1 : Operation 1412 [1/1] (0.00ns)   --->   "%write_ln0 = write void @_ssdm_op_Write.ap_auto.i16P0A, i16 %p_out48, i16 %p_load496"   --->   Operation 1412 'write' 'write_ln0' <Predicate = (icmp_ln1765)> <Delay = 0.00>
ST_1 : Operation 1413 [1/1] (0.00ns)   --->   "%write_ln0 = write void @_ssdm_op_Write.ap_auto.i16P0A, i16 %p_out49, i16 %p_load497"   --->   Operation 1413 'write' 'write_ln0' <Predicate = (icmp_ln1765)> <Delay = 0.00>
ST_1 : Operation 1414 [1/1] (0.00ns)   --->   "%write_ln0 = write void @_ssdm_op_Write.ap_auto.i16P0A, i16 %p_out50, i16 %p_load498"   --->   Operation 1414 'write' 'write_ln0' <Predicate = (icmp_ln1765)> <Delay = 0.00>
ST_1 : Operation 1415 [1/1] (0.00ns)   --->   "%write_ln0 = write void @_ssdm_op_Write.ap_auto.i16P0A, i16 %p_out51, i16 %p_load499"   --->   Operation 1415 'write' 'write_ln0' <Predicate = (icmp_ln1765)> <Delay = 0.00>
ST_1 : Operation 1416 [1/1] (0.00ns)   --->   "%write_ln0 = write void @_ssdm_op_Write.ap_auto.i16P0A, i16 %p_out52, i16 %p_load500"   --->   Operation 1416 'write' 'write_ln0' <Predicate = (icmp_ln1765)> <Delay = 0.00>
ST_1 : Operation 1417 [1/1] (0.00ns)   --->   "%write_ln0 = write void @_ssdm_op_Write.ap_auto.i16P0A, i16 %p_out53, i16 %p_load501"   --->   Operation 1417 'write' 'write_ln0' <Predicate = (icmp_ln1765)> <Delay = 0.00>
ST_1 : Operation 1418 [1/1] (0.00ns)   --->   "%write_ln0 = write void @_ssdm_op_Write.ap_auto.i16P0A, i16 %p_out54, i16 %p_load502"   --->   Operation 1418 'write' 'write_ln0' <Predicate = (icmp_ln1765)> <Delay = 0.00>
ST_1 : Operation 1419 [1/1] (0.00ns)   --->   "%write_ln0 = write void @_ssdm_op_Write.ap_auto.i16P0A, i16 %p_out55, i16 %p_load503"   --->   Operation 1419 'write' 'write_ln0' <Predicate = (icmp_ln1765)> <Delay = 0.00>
ST_1 : Operation 1420 [1/1] (0.00ns)   --->   "%write_ln0 = write void @_ssdm_op_Write.ap_auto.i16P0A, i16 %p_out56, i16 %p_load504"   --->   Operation 1420 'write' 'write_ln0' <Predicate = (icmp_ln1765)> <Delay = 0.00>
ST_1 : Operation 1421 [1/1] (0.00ns)   --->   "%write_ln0 = write void @_ssdm_op_Write.ap_auto.i16P0A, i16 %p_out57, i16 %p_load505"   --->   Operation 1421 'write' 'write_ln0' <Predicate = (icmp_ln1765)> <Delay = 0.00>
ST_1 : Operation 1422 [1/1] (0.00ns)   --->   "%write_ln0 = write void @_ssdm_op_Write.ap_auto.i16P0A, i16 %p_out58, i16 %p_load506"   --->   Operation 1422 'write' 'write_ln0' <Predicate = (icmp_ln1765)> <Delay = 0.00>
ST_1 : Operation 1423 [1/1] (0.00ns)   --->   "%write_ln0 = write void @_ssdm_op_Write.ap_auto.i16P0A, i16 %p_out59, i16 %p_load507"   --->   Operation 1423 'write' 'write_ln0' <Predicate = (icmp_ln1765)> <Delay = 0.00>
ST_1 : Operation 1424 [1/1] (0.00ns)   --->   "%write_ln0 = write void @_ssdm_op_Write.ap_auto.i16P0A, i16 %p_out60, i16 %p_load508"   --->   Operation 1424 'write' 'write_ln0' <Predicate = (icmp_ln1765)> <Delay = 0.00>
ST_1 : Operation 1425 [1/1] (0.00ns)   --->   "%write_ln0 = write void @_ssdm_op_Write.ap_auto.i16P0A, i16 %p_out61, i16 %p_load509"   --->   Operation 1425 'write' 'write_ln0' <Predicate = (icmp_ln1765)> <Delay = 0.00>
ST_1 : Operation 1426 [1/1] (0.00ns)   --->   "%write_ln0 = write void @_ssdm_op_Write.ap_auto.i16P0A, i16 %p_out62, i16 %p_load510"   --->   Operation 1426 'write' 'write_ln0' <Predicate = (icmp_ln1765)> <Delay = 0.00>
ST_1 : Operation 1427 [1/1] (0.00ns)   --->   "%write_ln0 = write void @_ssdm_op_Write.ap_auto.i16P0A, i16 %p_out63, i16 %p_load511"   --->   Operation 1427 'write' 'write_ln0' <Predicate = (icmp_ln1765)> <Delay = 0.00>
ST_1 : Operation 1428 [1/1] (0.00ns)   --->   "%write_ln0 = write void @_ssdm_op_Write.ap_auto.i16P0A, i16 %p_out64, i16 %p_load512"   --->   Operation 1428 'write' 'write_ln0' <Predicate = (icmp_ln1765)> <Delay = 0.00>
ST_1 : Operation 1429 [1/1] (0.00ns)   --->   "%write_ln0 = write void @_ssdm_op_Write.ap_auto.i16P0A, i16 %p_out65, i16 %p_load513"   --->   Operation 1429 'write' 'write_ln0' <Predicate = (icmp_ln1765)> <Delay = 0.00>
ST_1 : Operation 1430 [1/1] (0.00ns)   --->   "%write_ln0 = write void @_ssdm_op_Write.ap_auto.i16P0A, i16 %p_out66, i16 %p_load514"   --->   Operation 1430 'write' 'write_ln0' <Predicate = (icmp_ln1765)> <Delay = 0.00>
ST_1 : Operation 1431 [1/1] (0.00ns)   --->   "%write_ln0 = write void @_ssdm_op_Write.ap_auto.i16P0A, i16 %p_out67, i16 %p_load515"   --->   Operation 1431 'write' 'write_ln0' <Predicate = (icmp_ln1765)> <Delay = 0.00>
ST_1 : Operation 1432 [1/1] (0.00ns)   --->   "%write_ln0 = write void @_ssdm_op_Write.ap_auto.i16P0A, i16 %p_out68, i16 %p_load516"   --->   Operation 1432 'write' 'write_ln0' <Predicate = (icmp_ln1765)> <Delay = 0.00>
ST_1 : Operation 1433 [1/1] (0.00ns)   --->   "%write_ln0 = write void @_ssdm_op_Write.ap_auto.i16P0A, i16 %p_out69, i16 %p_load517"   --->   Operation 1433 'write' 'write_ln0' <Predicate = (icmp_ln1765)> <Delay = 0.00>
ST_1 : Operation 1434 [1/1] (0.00ns)   --->   "%write_ln0 = write void @_ssdm_op_Write.ap_auto.i16P0A, i16 %p_out70, i16 %p_load518"   --->   Operation 1434 'write' 'write_ln0' <Predicate = (icmp_ln1765)> <Delay = 0.00>
ST_1 : Operation 1435 [1/1] (0.00ns)   --->   "%write_ln0 = write void @_ssdm_op_Write.ap_auto.i16P0A, i16 %p_out71, i16 %p_load519"   --->   Operation 1435 'write' 'write_ln0' <Predicate = (icmp_ln1765)> <Delay = 0.00>
ST_1 : Operation 1436 [1/1] (0.00ns)   --->   "%write_ln0 = write void @_ssdm_op_Write.ap_auto.i16P0A, i16 %p_out72, i16 %p_load520"   --->   Operation 1436 'write' 'write_ln0' <Predicate = (icmp_ln1765)> <Delay = 0.00>
ST_1 : Operation 1437 [1/1] (0.00ns)   --->   "%write_ln0 = write void @_ssdm_op_Write.ap_auto.i16P0A, i16 %p_out73, i16 %p_load521"   --->   Operation 1437 'write' 'write_ln0' <Predicate = (icmp_ln1765)> <Delay = 0.00>
ST_1 : Operation 1438 [1/1] (0.00ns)   --->   "%write_ln0 = write void @_ssdm_op_Write.ap_auto.i16P0A, i16 %p_out74, i16 %p_load522"   --->   Operation 1438 'write' 'write_ln0' <Predicate = (icmp_ln1765)> <Delay = 0.00>
ST_1 : Operation 1439 [1/1] (0.00ns)   --->   "%write_ln0 = write void @_ssdm_op_Write.ap_auto.i16P0A, i16 %p_out75, i16 %p_load523"   --->   Operation 1439 'write' 'write_ln0' <Predicate = (icmp_ln1765)> <Delay = 0.00>
ST_1 : Operation 1440 [1/1] (0.00ns)   --->   "%write_ln0 = write void @_ssdm_op_Write.ap_auto.i16P0A, i16 %p_out76, i16 %p_load524"   --->   Operation 1440 'write' 'write_ln0' <Predicate = (icmp_ln1765)> <Delay = 0.00>
ST_1 : Operation 1441 [1/1] (0.00ns)   --->   "%write_ln0 = write void @_ssdm_op_Write.ap_auto.i16P0A, i16 %p_out77, i16 %p_load525"   --->   Operation 1441 'write' 'write_ln0' <Predicate = (icmp_ln1765)> <Delay = 0.00>
ST_1 : Operation 1442 [1/1] (0.00ns)   --->   "%write_ln0 = write void @_ssdm_op_Write.ap_auto.i16P0A, i16 %p_out78, i16 %p_load526"   --->   Operation 1442 'write' 'write_ln0' <Predicate = (icmp_ln1765)> <Delay = 0.00>
ST_1 : Operation 1443 [1/1] (0.00ns)   --->   "%write_ln0 = write void @_ssdm_op_Write.ap_auto.i16P0A, i16 %p_out79, i16 %p_load527"   --->   Operation 1443 'write' 'write_ln0' <Predicate = (icmp_ln1765)> <Delay = 0.00>
ST_1 : Operation 1444 [1/1] (0.00ns)   --->   "%write_ln0 = write void @_ssdm_op_Write.ap_auto.i16P0A, i16 %p_out80, i16 %p_load528"   --->   Operation 1444 'write' 'write_ln0' <Predicate = (icmp_ln1765)> <Delay = 0.00>
ST_1 : Operation 1445 [1/1] (0.00ns)   --->   "%write_ln0 = write void @_ssdm_op_Write.ap_auto.i16P0A, i16 %p_out81, i16 %p_load529"   --->   Operation 1445 'write' 'write_ln0' <Predicate = (icmp_ln1765)> <Delay = 0.00>
ST_1 : Operation 1446 [1/1] (0.00ns)   --->   "%write_ln0 = write void @_ssdm_op_Write.ap_auto.i16P0A, i16 %p_out82, i16 %p_load530"   --->   Operation 1446 'write' 'write_ln0' <Predicate = (icmp_ln1765)> <Delay = 0.00>
ST_1 : Operation 1447 [1/1] (0.00ns)   --->   "%write_ln0 = write void @_ssdm_op_Write.ap_auto.i16P0A, i16 %p_out83, i16 %p_load531"   --->   Operation 1447 'write' 'write_ln0' <Predicate = (icmp_ln1765)> <Delay = 0.00>
ST_1 : Operation 1448 [1/1] (0.00ns)   --->   "%write_ln0 = write void @_ssdm_op_Write.ap_auto.i16P0A, i16 %p_out84, i16 %p_load532"   --->   Operation 1448 'write' 'write_ln0' <Predicate = (icmp_ln1765)> <Delay = 0.00>
ST_1 : Operation 1449 [1/1] (0.00ns)   --->   "%write_ln0 = write void @_ssdm_op_Write.ap_auto.i16P0A, i16 %p_out85, i16 %p_load533"   --->   Operation 1449 'write' 'write_ln0' <Predicate = (icmp_ln1765)> <Delay = 0.00>
ST_1 : Operation 1450 [1/1] (0.00ns)   --->   "%write_ln0 = write void @_ssdm_op_Write.ap_auto.i16P0A, i16 %p_out86, i16 %p_load534"   --->   Operation 1450 'write' 'write_ln0' <Predicate = (icmp_ln1765)> <Delay = 0.00>
ST_1 : Operation 1451 [1/1] (0.00ns)   --->   "%write_ln0 = write void @_ssdm_op_Write.ap_auto.i16P0A, i16 %p_out87, i16 %p_load535"   --->   Operation 1451 'write' 'write_ln0' <Predicate = (icmp_ln1765)> <Delay = 0.00>
ST_1 : Operation 1452 [1/1] (0.00ns)   --->   "%write_ln0 = write void @_ssdm_op_Write.ap_auto.i16P0A, i16 %p_out88, i16 %p_load536"   --->   Operation 1452 'write' 'write_ln0' <Predicate = (icmp_ln1765)> <Delay = 0.00>
ST_1 : Operation 1453 [1/1] (0.00ns)   --->   "%write_ln0 = write void @_ssdm_op_Write.ap_auto.i16P0A, i16 %p_out89, i16 %p_load537"   --->   Operation 1453 'write' 'write_ln0' <Predicate = (icmp_ln1765)> <Delay = 0.00>
ST_1 : Operation 1454 [1/1] (0.00ns)   --->   "%write_ln0 = write void @_ssdm_op_Write.ap_auto.i16P0A, i16 %p_out90, i16 %p_load538"   --->   Operation 1454 'write' 'write_ln0' <Predicate = (icmp_ln1765)> <Delay = 0.00>
ST_1 : Operation 1455 [1/1] (0.00ns)   --->   "%write_ln0 = write void @_ssdm_op_Write.ap_auto.i16P0A, i16 %p_out91, i16 %p_load539"   --->   Operation 1455 'write' 'write_ln0' <Predicate = (icmp_ln1765)> <Delay = 0.00>
ST_1 : Operation 1456 [1/1] (0.00ns)   --->   "%write_ln0 = write void @_ssdm_op_Write.ap_auto.i16P0A, i16 %p_out92, i16 %p_load540"   --->   Operation 1456 'write' 'write_ln0' <Predicate = (icmp_ln1765)> <Delay = 0.00>
ST_1 : Operation 1457 [1/1] (0.00ns)   --->   "%write_ln0 = write void @_ssdm_op_Write.ap_auto.i16P0A, i16 %p_out93, i16 %p_load541"   --->   Operation 1457 'write' 'write_ln0' <Predicate = (icmp_ln1765)> <Delay = 0.00>
ST_1 : Operation 1458 [1/1] (0.00ns)   --->   "%write_ln0 = write void @_ssdm_op_Write.ap_auto.i16P0A, i16 %p_out94, i16 %p_load542"   --->   Operation 1458 'write' 'write_ln0' <Predicate = (icmp_ln1765)> <Delay = 0.00>
ST_1 : Operation 1459 [1/1] (0.00ns)   --->   "%write_ln0 = write void @_ssdm_op_Write.ap_auto.i16P0A, i16 %p_out95, i16 %p_load543"   --->   Operation 1459 'write' 'write_ln0' <Predicate = (icmp_ln1765)> <Delay = 0.00>
ST_1 : Operation 1460 [1/1] (0.00ns)   --->   "%write_ln0 = write void @_ssdm_op_Write.ap_auto.i16P0A, i16 %p_out96, i16 %p_load544"   --->   Operation 1460 'write' 'write_ln0' <Predicate = (icmp_ln1765)> <Delay = 0.00>
ST_1 : Operation 1461 [1/1] (0.00ns)   --->   "%write_ln0 = write void @_ssdm_op_Write.ap_auto.i16P0A, i16 %p_out97, i16 %p_load545"   --->   Operation 1461 'write' 'write_ln0' <Predicate = (icmp_ln1765)> <Delay = 0.00>
ST_1 : Operation 1462 [1/1] (0.00ns)   --->   "%write_ln0 = write void @_ssdm_op_Write.ap_auto.i16P0A, i16 %p_out98, i16 %p_load546"   --->   Operation 1462 'write' 'write_ln0' <Predicate = (icmp_ln1765)> <Delay = 0.00>
ST_1 : Operation 1463 [1/1] (0.00ns)   --->   "%write_ln0 = write void @_ssdm_op_Write.ap_auto.i16P0A, i16 %p_out99, i16 %p_load547"   --->   Operation 1463 'write' 'write_ln0' <Predicate = (icmp_ln1765)> <Delay = 0.00>
ST_1 : Operation 1464 [1/1] (0.00ns)   --->   "%write_ln0 = write void @_ssdm_op_Write.ap_auto.i16P0A, i16 %p_out100, i16 %p_load548"   --->   Operation 1464 'write' 'write_ln0' <Predicate = (icmp_ln1765)> <Delay = 0.00>
ST_1 : Operation 1465 [1/1] (0.00ns)   --->   "%write_ln0 = write void @_ssdm_op_Write.ap_auto.i16P0A, i16 %p_out101, i16 %p_load549"   --->   Operation 1465 'write' 'write_ln0' <Predicate = (icmp_ln1765)> <Delay = 0.00>
ST_1 : Operation 1466 [1/1] (0.00ns)   --->   "%write_ln0 = write void @_ssdm_op_Write.ap_auto.i16P0A, i16 %p_out102, i16 %p_load550"   --->   Operation 1466 'write' 'write_ln0' <Predicate = (icmp_ln1765)> <Delay = 0.00>
ST_1 : Operation 1467 [1/1] (0.00ns)   --->   "%write_ln0 = write void @_ssdm_op_Write.ap_auto.i16P0A, i16 %p_out103, i16 %p_load551"   --->   Operation 1467 'write' 'write_ln0' <Predicate = (icmp_ln1765)> <Delay = 0.00>
ST_1 : Operation 1468 [1/1] (0.00ns)   --->   "%write_ln0 = write void @_ssdm_op_Write.ap_auto.i16P0A, i16 %p_out104, i16 %p_load552"   --->   Operation 1468 'write' 'write_ln0' <Predicate = (icmp_ln1765)> <Delay = 0.00>
ST_1 : Operation 1469 [1/1] (0.00ns)   --->   "%write_ln0 = write void @_ssdm_op_Write.ap_auto.i16P0A, i16 %p_out105, i16 %p_load553"   --->   Operation 1469 'write' 'write_ln0' <Predicate = (icmp_ln1765)> <Delay = 0.00>
ST_1 : Operation 1470 [1/1] (0.00ns)   --->   "%write_ln0 = write void @_ssdm_op_Write.ap_auto.i16P0A, i16 %p_out106, i16 %p_load554"   --->   Operation 1470 'write' 'write_ln0' <Predicate = (icmp_ln1765)> <Delay = 0.00>
ST_1 : Operation 1471 [1/1] (0.00ns)   --->   "%write_ln0 = write void @_ssdm_op_Write.ap_auto.i16P0A, i16 %p_out107, i16 %p_load555"   --->   Operation 1471 'write' 'write_ln0' <Predicate = (icmp_ln1765)> <Delay = 0.00>
ST_1 : Operation 1472 [1/1] (0.00ns)   --->   "%write_ln0 = write void @_ssdm_op_Write.ap_auto.i16P0A, i16 %p_out108, i16 %p_load556"   --->   Operation 1472 'write' 'write_ln0' <Predicate = (icmp_ln1765)> <Delay = 0.00>
ST_1 : Operation 1473 [1/1] (0.00ns)   --->   "%write_ln0 = write void @_ssdm_op_Write.ap_auto.i16P0A, i16 %p_out109, i16 %p_load557"   --->   Operation 1473 'write' 'write_ln0' <Predicate = (icmp_ln1765)> <Delay = 0.00>
ST_1 : Operation 1474 [1/1] (0.00ns)   --->   "%write_ln0 = write void @_ssdm_op_Write.ap_auto.i16P0A, i16 %p_out110, i16 %p_load558"   --->   Operation 1474 'write' 'write_ln0' <Predicate = (icmp_ln1765)> <Delay = 0.00>
ST_1 : Operation 1475 [1/1] (0.00ns)   --->   "%write_ln0 = write void @_ssdm_op_Write.ap_auto.i16P0A, i16 %p_out111, i16 %p_load559"   --->   Operation 1475 'write' 'write_ln0' <Predicate = (icmp_ln1765)> <Delay = 0.00>
ST_1 : Operation 1476 [1/1] (0.00ns)   --->   "%write_ln0 = write void @_ssdm_op_Write.ap_auto.i16P0A, i16 %p_out112, i16 %p_load560"   --->   Operation 1476 'write' 'write_ln0' <Predicate = (icmp_ln1765)> <Delay = 0.00>
ST_1 : Operation 1477 [1/1] (0.00ns)   --->   "%write_ln0 = write void @_ssdm_op_Write.ap_auto.i16P0A, i16 %p_out113, i16 %p_load561"   --->   Operation 1477 'write' 'write_ln0' <Predicate = (icmp_ln1765)> <Delay = 0.00>
ST_1 : Operation 1478 [1/1] (0.00ns)   --->   "%write_ln0 = write void @_ssdm_op_Write.ap_auto.i16P0A, i16 %p_out114, i16 %p_load562"   --->   Operation 1478 'write' 'write_ln0' <Predicate = (icmp_ln1765)> <Delay = 0.00>
ST_1 : Operation 1479 [1/1] (0.00ns)   --->   "%write_ln0 = write void @_ssdm_op_Write.ap_auto.i16P0A, i16 %p_out115, i16 %p_load563"   --->   Operation 1479 'write' 'write_ln0' <Predicate = (icmp_ln1765)> <Delay = 0.00>
ST_1 : Operation 1480 [1/1] (0.00ns)   --->   "%write_ln0 = write void @_ssdm_op_Write.ap_auto.i16P0A, i16 %p_out116, i16 %p_load564"   --->   Operation 1480 'write' 'write_ln0' <Predicate = (icmp_ln1765)> <Delay = 0.00>
ST_1 : Operation 1481 [1/1] (0.00ns)   --->   "%write_ln0 = write void @_ssdm_op_Write.ap_auto.i16P0A, i16 %p_out117, i16 %p_load565"   --->   Operation 1481 'write' 'write_ln0' <Predicate = (icmp_ln1765)> <Delay = 0.00>
ST_1 : Operation 1482 [1/1] (0.00ns)   --->   "%write_ln0 = write void @_ssdm_op_Write.ap_auto.i16P0A, i16 %p_out118, i16 %p_load566"   --->   Operation 1482 'write' 'write_ln0' <Predicate = (icmp_ln1765)> <Delay = 0.00>
ST_1 : Operation 1483 [1/1] (0.00ns)   --->   "%write_ln0 = write void @_ssdm_op_Write.ap_auto.i16P0A, i16 %p_out119, i16 %p_load567"   --->   Operation 1483 'write' 'write_ln0' <Predicate = (icmp_ln1765)> <Delay = 0.00>
ST_1 : Operation 1484 [1/1] (0.00ns)   --->   "%write_ln0 = write void @_ssdm_op_Write.ap_auto.i16P0A, i16 %p_out120, i16 %p_load568"   --->   Operation 1484 'write' 'write_ln0' <Predicate = (icmp_ln1765)> <Delay = 0.00>
ST_1 : Operation 1485 [1/1] (0.00ns)   --->   "%write_ln0 = write void @_ssdm_op_Write.ap_auto.i16P0A, i16 %p_out121, i16 %p_load569"   --->   Operation 1485 'write' 'write_ln0' <Predicate = (icmp_ln1765)> <Delay = 0.00>
ST_1 : Operation 1486 [1/1] (0.00ns)   --->   "%write_ln0 = write void @_ssdm_op_Write.ap_auto.i16P0A, i16 %p_out122, i16 %p_load570"   --->   Operation 1486 'write' 'write_ln0' <Predicate = (icmp_ln1765)> <Delay = 0.00>
ST_1 : Operation 1487 [1/1] (0.00ns)   --->   "%write_ln0 = write void @_ssdm_op_Write.ap_auto.i16P0A, i16 %p_out123, i16 %p_load571"   --->   Operation 1487 'write' 'write_ln0' <Predicate = (icmp_ln1765)> <Delay = 0.00>
ST_1 : Operation 1488 [1/1] (0.00ns)   --->   "%write_ln0 = write void @_ssdm_op_Write.ap_auto.i16P0A, i16 %p_out124, i16 %p_load572"   --->   Operation 1488 'write' 'write_ln0' <Predicate = (icmp_ln1765)> <Delay = 0.00>
ST_1 : Operation 1489 [1/1] (0.00ns)   --->   "%write_ln0 = write void @_ssdm_op_Write.ap_auto.i16P0A, i16 %p_out125, i16 %p_load573"   --->   Operation 1489 'write' 'write_ln0' <Predicate = (icmp_ln1765)> <Delay = 0.00>
ST_1 : Operation 1490 [1/1] (0.00ns)   --->   "%write_ln0 = write void @_ssdm_op_Write.ap_auto.i16P0A, i16 %p_out126, i16 %p_load574"   --->   Operation 1490 'write' 'write_ln0' <Predicate = (icmp_ln1765)> <Delay = 0.00>
ST_1 : Operation 1491 [1/1] (0.00ns)   --->   "%write_ln0 = write void @_ssdm_op_Write.ap_auto.i16P0A, i16 %p_out127, i16 %p_load575"   --->   Operation 1491 'write' 'write_ln0' <Predicate = (icmp_ln1765)> <Delay = 0.00>
ST_1 : Operation 1492 [1/1] (0.00ns)   --->   "%write_ln0 = write void @_ssdm_op_Write.ap_auto.i16P0A, i16 %p_out128, i16 %p_load576"   --->   Operation 1492 'write' 'write_ln0' <Predicate = (icmp_ln1765)> <Delay = 0.00>
ST_1 : Operation 1493 [1/1] (0.00ns)   --->   "%write_ln0 = write void @_ssdm_op_Write.ap_auto.i16P0A, i16 %p_out129, i16 %p_load577"   --->   Operation 1493 'write' 'write_ln0' <Predicate = (icmp_ln1765)> <Delay = 0.00>
ST_1 : Operation 1494 [1/1] (0.00ns)   --->   "%write_ln0 = write void @_ssdm_op_Write.ap_auto.i16P0A, i16 %p_out130, i16 %p_load578"   --->   Operation 1494 'write' 'write_ln0' <Predicate = (icmp_ln1765)> <Delay = 0.00>
ST_1 : Operation 1495 [1/1] (0.00ns)   --->   "%write_ln0 = write void @_ssdm_op_Write.ap_auto.i16P0A, i16 %p_out131, i16 %p_load579"   --->   Operation 1495 'write' 'write_ln0' <Predicate = (icmp_ln1765)> <Delay = 0.00>
ST_1 : Operation 1496 [1/1] (0.00ns)   --->   "%write_ln0 = write void @_ssdm_op_Write.ap_auto.i16P0A, i16 %p_out132, i16 %p_load580"   --->   Operation 1496 'write' 'write_ln0' <Predicate = (icmp_ln1765)> <Delay = 0.00>
ST_1 : Operation 1497 [1/1] (0.00ns)   --->   "%write_ln0 = write void @_ssdm_op_Write.ap_auto.i16P0A, i16 %p_out133, i16 %p_load581"   --->   Operation 1497 'write' 'write_ln0' <Predicate = (icmp_ln1765)> <Delay = 0.00>
ST_1 : Operation 1498 [1/1] (0.00ns)   --->   "%write_ln0 = write void @_ssdm_op_Write.ap_auto.i16P0A, i16 %p_out134, i16 %p_load582"   --->   Operation 1498 'write' 'write_ln0' <Predicate = (icmp_ln1765)> <Delay = 0.00>
ST_1 : Operation 1499 [1/1] (0.00ns)   --->   "%write_ln0 = write void @_ssdm_op_Write.ap_auto.i16P0A, i16 %p_out135, i16 %p_load583"   --->   Operation 1499 'write' 'write_ln0' <Predicate = (icmp_ln1765)> <Delay = 0.00>
ST_1 : Operation 1500 [1/1] (0.00ns)   --->   "%write_ln0 = write void @_ssdm_op_Write.ap_auto.i16P0A, i16 %p_out136, i16 %p_load584"   --->   Operation 1500 'write' 'write_ln0' <Predicate = (icmp_ln1765)> <Delay = 0.00>
ST_1 : Operation 1501 [1/1] (0.00ns)   --->   "%write_ln0 = write void @_ssdm_op_Write.ap_auto.i16P0A, i16 %p_out137, i16 %p_load585"   --->   Operation 1501 'write' 'write_ln0' <Predicate = (icmp_ln1765)> <Delay = 0.00>
ST_1 : Operation 1502 [1/1] (0.00ns)   --->   "%write_ln0 = write void @_ssdm_op_Write.ap_auto.i16P0A, i16 %p_out138, i16 %p_load586"   --->   Operation 1502 'write' 'write_ln0' <Predicate = (icmp_ln1765)> <Delay = 0.00>
ST_1 : Operation 1503 [1/1] (0.00ns)   --->   "%write_ln0 = write void @_ssdm_op_Write.ap_auto.i16P0A, i16 %p_out139, i16 %p_load587"   --->   Operation 1503 'write' 'write_ln0' <Predicate = (icmp_ln1765)> <Delay = 0.00>
ST_1 : Operation 1504 [1/1] (0.00ns)   --->   "%write_ln0 = write void @_ssdm_op_Write.ap_auto.i16P0A, i16 %p_out140, i16 %p_load588"   --->   Operation 1504 'write' 'write_ln0' <Predicate = (icmp_ln1765)> <Delay = 0.00>
ST_1 : Operation 1505 [1/1] (0.00ns)   --->   "%write_ln0 = write void @_ssdm_op_Write.ap_auto.i16P0A, i16 %p_out141, i16 %p_load589"   --->   Operation 1505 'write' 'write_ln0' <Predicate = (icmp_ln1765)> <Delay = 0.00>
ST_1 : Operation 1506 [1/1] (0.00ns)   --->   "%write_ln0 = write void @_ssdm_op_Write.ap_auto.i16P0A, i16 %p_out142, i16 %p_load590"   --->   Operation 1506 'write' 'write_ln0' <Predicate = (icmp_ln1765)> <Delay = 0.00>
ST_1 : Operation 1507 [1/1] (0.00ns)   --->   "%write_ln0 = write void @_ssdm_op_Write.ap_auto.i16P0A, i16 %p_out143, i16 %p_load591"   --->   Operation 1507 'write' 'write_ln0' <Predicate = (icmp_ln1765)> <Delay = 0.00>
ST_1 : Operation 1508 [1/1] (0.00ns)   --->   "%write_ln0 = write void @_ssdm_op_Write.ap_auto.i16P0A, i16 %p_out144, i16 %p_load592"   --->   Operation 1508 'write' 'write_ln0' <Predicate = (icmp_ln1765)> <Delay = 0.00>
ST_1 : Operation 1509 [1/1] (0.00ns)   --->   "%write_ln0 = write void @_ssdm_op_Write.ap_auto.i16P0A, i16 %p_out145, i16 %p_load593"   --->   Operation 1509 'write' 'write_ln0' <Predicate = (icmp_ln1765)> <Delay = 0.00>
ST_1 : Operation 1510 [1/1] (0.00ns)   --->   "%write_ln0 = write void @_ssdm_op_Write.ap_auto.i16P0A, i16 %p_out146, i16 %p_load594"   --->   Operation 1510 'write' 'write_ln0' <Predicate = (icmp_ln1765)> <Delay = 0.00>
ST_1 : Operation 1511 [1/1] (0.00ns)   --->   "%write_ln0 = write void @_ssdm_op_Write.ap_auto.i16P0A, i16 %p_out147, i16 %p_load595"   --->   Operation 1511 'write' 'write_ln0' <Predicate = (icmp_ln1765)> <Delay = 0.00>
ST_1 : Operation 1512 [1/1] (0.00ns)   --->   "%write_ln0 = write void @_ssdm_op_Write.ap_auto.i16P0A, i16 %p_out148, i16 %p_load596"   --->   Operation 1512 'write' 'write_ln0' <Predicate = (icmp_ln1765)> <Delay = 0.00>
ST_1 : Operation 1513 [1/1] (0.00ns)   --->   "%write_ln0 = write void @_ssdm_op_Write.ap_auto.i16P0A, i16 %p_out149, i16 %p_load597"   --->   Operation 1513 'write' 'write_ln0' <Predicate = (icmp_ln1765)> <Delay = 0.00>
ST_1 : Operation 1514 [1/1] (0.00ns)   --->   "%write_ln0 = write void @_ssdm_op_Write.ap_auto.i16P0A, i16 %p_out150, i16 %p_load598"   --->   Operation 1514 'write' 'write_ln0' <Predicate = (icmp_ln1765)> <Delay = 0.00>
ST_1 : Operation 1515 [1/1] (0.00ns)   --->   "%write_ln0 = write void @_ssdm_op_Write.ap_auto.i16P0A, i16 %p_out151, i16 %p_load599"   --->   Operation 1515 'write' 'write_ln0' <Predicate = (icmp_ln1765)> <Delay = 0.00>
ST_1 : Operation 1516 [1/1] (0.00ns)   --->   "%write_ln0 = write void @_ssdm_op_Write.ap_auto.i16P0A, i16 %p_out152, i16 %p_load600"   --->   Operation 1516 'write' 'write_ln0' <Predicate = (icmp_ln1765)> <Delay = 0.00>
ST_1 : Operation 1517 [1/1] (0.00ns)   --->   "%write_ln0 = write void @_ssdm_op_Write.ap_auto.i16P0A, i16 %p_out153, i16 %p_load601"   --->   Operation 1517 'write' 'write_ln0' <Predicate = (icmp_ln1765)> <Delay = 0.00>
ST_1 : Operation 1518 [1/1] (0.00ns)   --->   "%write_ln0 = write void @_ssdm_op_Write.ap_auto.i16P0A, i16 %p_out154, i16 %p_load602"   --->   Operation 1518 'write' 'write_ln0' <Predicate = (icmp_ln1765)> <Delay = 0.00>
ST_1 : Operation 1519 [1/1] (0.00ns)   --->   "%write_ln0 = write void @_ssdm_op_Write.ap_auto.i16P0A, i16 %p_out155, i16 %p_load603"   --->   Operation 1519 'write' 'write_ln0' <Predicate = (icmp_ln1765)> <Delay = 0.00>
ST_1 : Operation 1520 [1/1] (0.00ns)   --->   "%write_ln0 = write void @_ssdm_op_Write.ap_auto.i16P0A, i16 %p_out156, i16 %p_load604"   --->   Operation 1520 'write' 'write_ln0' <Predicate = (icmp_ln1765)> <Delay = 0.00>
ST_1 : Operation 1521 [1/1] (0.00ns)   --->   "%write_ln0 = write void @_ssdm_op_Write.ap_auto.i16P0A, i16 %p_out157, i16 %p_load605"   --->   Operation 1521 'write' 'write_ln0' <Predicate = (icmp_ln1765)> <Delay = 0.00>
ST_1 : Operation 1522 [1/1] (0.00ns)   --->   "%write_ln0 = write void @_ssdm_op_Write.ap_auto.i16P0A, i16 %p_out158, i16 %p_load606"   --->   Operation 1522 'write' 'write_ln0' <Predicate = (icmp_ln1765)> <Delay = 0.00>
ST_1 : Operation 1523 [1/1] (0.00ns)   --->   "%write_ln0 = write void @_ssdm_op_Write.ap_auto.i16P0A, i16 %p_out159, i16 %p_load607"   --->   Operation 1523 'write' 'write_ln0' <Predicate = (icmp_ln1765)> <Delay = 0.00>
ST_1 : Operation 1524 [1/1] (0.00ns)   --->   "%write_ln0 = write void @_ssdm_op_Write.ap_auto.i16P0A, i16 %p_out160, i16 %p_load608"   --->   Operation 1524 'write' 'write_ln0' <Predicate = (icmp_ln1765)> <Delay = 0.00>
ST_1 : Operation 1525 [1/1] (0.00ns)   --->   "%write_ln0 = write void @_ssdm_op_Write.ap_auto.i16P0A, i16 %p_out161, i16 %p_load609"   --->   Operation 1525 'write' 'write_ln0' <Predicate = (icmp_ln1765)> <Delay = 0.00>
ST_1 : Operation 1526 [1/1] (0.00ns)   --->   "%write_ln0 = write void @_ssdm_op_Write.ap_auto.i16P0A, i16 %p_out162, i16 %p_load610"   --->   Operation 1526 'write' 'write_ln0' <Predicate = (icmp_ln1765)> <Delay = 0.00>
ST_1 : Operation 1527 [1/1] (0.00ns)   --->   "%write_ln0 = write void @_ssdm_op_Write.ap_auto.i16P0A, i16 %p_out163, i16 %p_load611"   --->   Operation 1527 'write' 'write_ln0' <Predicate = (icmp_ln1765)> <Delay = 0.00>
ST_1 : Operation 1528 [1/1] (0.00ns)   --->   "%write_ln0 = write void @_ssdm_op_Write.ap_auto.i16P0A, i16 %p_out164, i16 %p_load612"   --->   Operation 1528 'write' 'write_ln0' <Predicate = (icmp_ln1765)> <Delay = 0.00>
ST_1 : Operation 1529 [1/1] (0.00ns)   --->   "%write_ln0 = write void @_ssdm_op_Write.ap_auto.i16P0A, i16 %p_out165, i16 %p_load613"   --->   Operation 1529 'write' 'write_ln0' <Predicate = (icmp_ln1765)> <Delay = 0.00>
ST_1 : Operation 1530 [1/1] (0.00ns)   --->   "%write_ln0 = write void @_ssdm_op_Write.ap_auto.i16P0A, i16 %p_out166, i16 %p_load614"   --->   Operation 1530 'write' 'write_ln0' <Predicate = (icmp_ln1765)> <Delay = 0.00>
ST_1 : Operation 1531 [1/1] (0.00ns)   --->   "%write_ln0 = write void @_ssdm_op_Write.ap_auto.i16P0A, i16 %p_out167, i16 %p_load615"   --->   Operation 1531 'write' 'write_ln0' <Predicate = (icmp_ln1765)> <Delay = 0.00>
ST_1 : Operation 1532 [1/1] (0.00ns)   --->   "%write_ln0 = write void @_ssdm_op_Write.ap_auto.i16P0A, i16 %p_out168, i16 %p_load616"   --->   Operation 1532 'write' 'write_ln0' <Predicate = (icmp_ln1765)> <Delay = 0.00>
ST_1 : Operation 1533 [1/1] (0.00ns)   --->   "%write_ln0 = write void @_ssdm_op_Write.ap_auto.i16P0A, i16 %p_out169, i16 %p_load617"   --->   Operation 1533 'write' 'write_ln0' <Predicate = (icmp_ln1765)> <Delay = 0.00>
ST_1 : Operation 1534 [1/1] (0.00ns)   --->   "%write_ln0 = write void @_ssdm_op_Write.ap_auto.i16P0A, i16 %p_out170, i16 %p_load618"   --->   Operation 1534 'write' 'write_ln0' <Predicate = (icmp_ln1765)> <Delay = 0.00>
ST_1 : Operation 1535 [1/1] (0.00ns)   --->   "%write_ln0 = write void @_ssdm_op_Write.ap_auto.i16P0A, i16 %p_out171, i16 %p_load619"   --->   Operation 1535 'write' 'write_ln0' <Predicate = (icmp_ln1765)> <Delay = 0.00>
ST_1 : Operation 1536 [1/1] (0.00ns)   --->   "%write_ln0 = write void @_ssdm_op_Write.ap_auto.i16P0A, i16 %p_out172, i16 %p_load620"   --->   Operation 1536 'write' 'write_ln0' <Predicate = (icmp_ln1765)> <Delay = 0.00>
ST_1 : Operation 1537 [1/1] (0.00ns)   --->   "%write_ln0 = write void @_ssdm_op_Write.ap_auto.i16P0A, i16 %p_out173, i16 %p_load621"   --->   Operation 1537 'write' 'write_ln0' <Predicate = (icmp_ln1765)> <Delay = 0.00>
ST_1 : Operation 1538 [1/1] (0.00ns)   --->   "%write_ln0 = write void @_ssdm_op_Write.ap_auto.i16P0A, i16 %p_out174, i16 %p_load622"   --->   Operation 1538 'write' 'write_ln0' <Predicate = (icmp_ln1765)> <Delay = 0.00>
ST_1 : Operation 1539 [1/1] (0.00ns)   --->   "%write_ln0 = write void @_ssdm_op_Write.ap_auto.i16P0A, i16 %p_out175, i16 %p_load623"   --->   Operation 1539 'write' 'write_ln0' <Predicate = (icmp_ln1765)> <Delay = 0.00>
ST_1 : Operation 1540 [1/1] (0.00ns)   --->   "%write_ln0 = write void @_ssdm_op_Write.ap_auto.i16P0A, i16 %p_out176, i16 %p_load624"   --->   Operation 1540 'write' 'write_ln0' <Predicate = (icmp_ln1765)> <Delay = 0.00>
ST_1 : Operation 1541 [1/1] (0.00ns)   --->   "%write_ln0 = write void @_ssdm_op_Write.ap_auto.i16P0A, i16 %p_out177, i16 %p_load625"   --->   Operation 1541 'write' 'write_ln0' <Predicate = (icmp_ln1765)> <Delay = 0.00>
ST_1 : Operation 1542 [1/1] (0.00ns)   --->   "%write_ln0 = write void @_ssdm_op_Write.ap_auto.i16P0A, i16 %p_out178, i16 %p_load626"   --->   Operation 1542 'write' 'write_ln0' <Predicate = (icmp_ln1765)> <Delay = 0.00>
ST_1 : Operation 1543 [1/1] (0.00ns)   --->   "%write_ln0 = write void @_ssdm_op_Write.ap_auto.i16P0A, i16 %p_out179, i16 %p_load627"   --->   Operation 1543 'write' 'write_ln0' <Predicate = (icmp_ln1765)> <Delay = 0.00>
ST_1 : Operation 1544 [1/1] (0.00ns)   --->   "%write_ln0 = write void @_ssdm_op_Write.ap_auto.i16P0A, i16 %p_out180, i16 %p_load628"   --->   Operation 1544 'write' 'write_ln0' <Predicate = (icmp_ln1765)> <Delay = 0.00>
ST_1 : Operation 1545 [1/1] (0.00ns)   --->   "%write_ln0 = write void @_ssdm_op_Write.ap_auto.i16P0A, i16 %p_out181, i16 %p_load629"   --->   Operation 1545 'write' 'write_ln0' <Predicate = (icmp_ln1765)> <Delay = 0.00>
ST_1 : Operation 1546 [1/1] (0.00ns)   --->   "%write_ln0 = write void @_ssdm_op_Write.ap_auto.i16P0A, i16 %p_out182, i16 %p_load630"   --->   Operation 1546 'write' 'write_ln0' <Predicate = (icmp_ln1765)> <Delay = 0.00>
ST_1 : Operation 1547 [1/1] (0.00ns)   --->   "%write_ln0 = write void @_ssdm_op_Write.ap_auto.i16P0A, i16 %p_out183, i16 %p_load631"   --->   Operation 1547 'write' 'write_ln0' <Predicate = (icmp_ln1765)> <Delay = 0.00>
ST_1 : Operation 1548 [1/1] (0.00ns)   --->   "%write_ln0 = write void @_ssdm_op_Write.ap_auto.i16P0A, i16 %p_out184, i16 %p_load632"   --->   Operation 1548 'write' 'write_ln0' <Predicate = (icmp_ln1765)> <Delay = 0.00>
ST_1 : Operation 1549 [1/1] (0.00ns)   --->   "%write_ln0 = write void @_ssdm_op_Write.ap_auto.i16P0A, i16 %p_out185, i16 %p_load633"   --->   Operation 1549 'write' 'write_ln0' <Predicate = (icmp_ln1765)> <Delay = 0.00>
ST_1 : Operation 1550 [1/1] (0.00ns)   --->   "%write_ln0 = write void @_ssdm_op_Write.ap_auto.i16P0A, i16 %p_out186, i16 %p_load634"   --->   Operation 1550 'write' 'write_ln0' <Predicate = (icmp_ln1765)> <Delay = 0.00>
ST_1 : Operation 1551 [1/1] (0.00ns)   --->   "%write_ln0 = write void @_ssdm_op_Write.ap_auto.i16P0A, i16 %p_out187, i16 %p_load635"   --->   Operation 1551 'write' 'write_ln0' <Predicate = (icmp_ln1765)> <Delay = 0.00>
ST_1 : Operation 1552 [1/1] (0.00ns)   --->   "%write_ln0 = write void @_ssdm_op_Write.ap_auto.i16P0A, i16 %p_out188, i16 %p_load636"   --->   Operation 1552 'write' 'write_ln0' <Predicate = (icmp_ln1765)> <Delay = 0.00>
ST_1 : Operation 1553 [1/1] (0.00ns)   --->   "%write_ln0 = write void @_ssdm_op_Write.ap_auto.i16P0A, i16 %p_out189, i16 %p_load637"   --->   Operation 1553 'write' 'write_ln0' <Predicate = (icmp_ln1765)> <Delay = 0.00>
ST_1 : Operation 1554 [1/1] (0.00ns)   --->   "%write_ln0 = write void @_ssdm_op_Write.ap_auto.i16P0A, i16 %p_out190, i16 %p_load638"   --->   Operation 1554 'write' 'write_ln0' <Predicate = (icmp_ln1765)> <Delay = 0.00>
ST_1 : Operation 1555 [1/1] (0.00ns)   --->   "%write_ln0 = write void @_ssdm_op_Write.ap_auto.i16P0A, i16 %p_out191, i16 %p_load639"   --->   Operation 1555 'write' 'write_ln0' <Predicate = (icmp_ln1765)> <Delay = 0.00>
ST_1 : Operation 1556 [1/1] (0.00ns)   --->   "%write_ln0 = write void @_ssdm_op_Write.ap_auto.i16P0A, i16 %p_out192, i16 %p_load640"   --->   Operation 1556 'write' 'write_ln0' <Predicate = (icmp_ln1765)> <Delay = 0.00>
ST_1 : Operation 1557 [1/1] (0.00ns)   --->   "%write_ln0 = write void @_ssdm_op_Write.ap_auto.i16P0A, i16 %p_out193, i16 %p_load641"   --->   Operation 1557 'write' 'write_ln0' <Predicate = (icmp_ln1765)> <Delay = 0.00>
ST_1 : Operation 1558 [1/1] (0.00ns)   --->   "%write_ln0 = write void @_ssdm_op_Write.ap_auto.i16P0A, i16 %p_out194, i16 %p_load642"   --->   Operation 1558 'write' 'write_ln0' <Predicate = (icmp_ln1765)> <Delay = 0.00>
ST_1 : Operation 1559 [1/1] (0.00ns)   --->   "%write_ln0 = write void @_ssdm_op_Write.ap_auto.i16P0A, i16 %p_out195, i16 %p_load643"   --->   Operation 1559 'write' 'write_ln0' <Predicate = (icmp_ln1765)> <Delay = 0.00>
ST_1 : Operation 1560 [1/1] (0.00ns)   --->   "%write_ln0 = write void @_ssdm_op_Write.ap_auto.i16P0A, i16 %p_out196, i16 %p_load644"   --->   Operation 1560 'write' 'write_ln0' <Predicate = (icmp_ln1765)> <Delay = 0.00>
ST_1 : Operation 1561 [1/1] (0.00ns)   --->   "%write_ln0 = write void @_ssdm_op_Write.ap_auto.i16P0A, i16 %p_out197, i16 %p_load645"   --->   Operation 1561 'write' 'write_ln0' <Predicate = (icmp_ln1765)> <Delay = 0.00>
ST_1 : Operation 1562 [1/1] (0.00ns)   --->   "%write_ln0 = write void @_ssdm_op_Write.ap_auto.i16P0A, i16 %p_out198, i16 %p_load646"   --->   Operation 1562 'write' 'write_ln0' <Predicate = (icmp_ln1765)> <Delay = 0.00>
ST_1 : Operation 1563 [1/1] (0.00ns)   --->   "%write_ln0 = write void @_ssdm_op_Write.ap_auto.i16P0A, i16 %p_out199, i16 %p_load647"   --->   Operation 1563 'write' 'write_ln0' <Predicate = (icmp_ln1765)> <Delay = 0.00>
ST_1 : Operation 1564 [1/1] (0.00ns)   --->   "%write_ln0 = write void @_ssdm_op_Write.ap_auto.i16P0A, i16 %p_out200, i16 %p_load648"   --->   Operation 1564 'write' 'write_ln0' <Predicate = (icmp_ln1765)> <Delay = 0.00>
ST_1 : Operation 1565 [1/1] (0.00ns)   --->   "%write_ln0 = write void @_ssdm_op_Write.ap_auto.i16P0A, i16 %p_out201, i16 %p_load649"   --->   Operation 1565 'write' 'write_ln0' <Predicate = (icmp_ln1765)> <Delay = 0.00>
ST_1 : Operation 1566 [1/1] (0.00ns)   --->   "%write_ln0 = write void @_ssdm_op_Write.ap_auto.i16P0A, i16 %p_out202, i16 %p_load650"   --->   Operation 1566 'write' 'write_ln0' <Predicate = (icmp_ln1765)> <Delay = 0.00>
ST_1 : Operation 1567 [1/1] (0.00ns)   --->   "%write_ln0 = write void @_ssdm_op_Write.ap_auto.i16P0A, i16 %p_out203, i16 %p_load651"   --->   Operation 1567 'write' 'write_ln0' <Predicate = (icmp_ln1765)> <Delay = 0.00>
ST_1 : Operation 1568 [1/1] (0.00ns)   --->   "%write_ln0 = write void @_ssdm_op_Write.ap_auto.i16P0A, i16 %p_out204, i16 %p_load652"   --->   Operation 1568 'write' 'write_ln0' <Predicate = (icmp_ln1765)> <Delay = 0.00>
ST_1 : Operation 1569 [1/1] (0.00ns)   --->   "%write_ln0 = write void @_ssdm_op_Write.ap_auto.i16P0A, i16 %p_out205, i16 %p_load653"   --->   Operation 1569 'write' 'write_ln0' <Predicate = (icmp_ln1765)> <Delay = 0.00>
ST_1 : Operation 1570 [1/1] (0.00ns)   --->   "%write_ln0 = write void @_ssdm_op_Write.ap_auto.i16P0A, i16 %p_out206, i16 %p_load654"   --->   Operation 1570 'write' 'write_ln0' <Predicate = (icmp_ln1765)> <Delay = 0.00>
ST_1 : Operation 1571 [1/1] (0.00ns)   --->   "%write_ln0 = write void @_ssdm_op_Write.ap_auto.i16P0A, i16 %p_out207, i16 %p_load655"   --->   Operation 1571 'write' 'write_ln0' <Predicate = (icmp_ln1765)> <Delay = 0.00>
ST_1 : Operation 1572 [1/1] (0.00ns)   --->   "%write_ln0 = write void @_ssdm_op_Write.ap_auto.i16P0A, i16 %p_out208, i16 %p_load656"   --->   Operation 1572 'write' 'write_ln0' <Predicate = (icmp_ln1765)> <Delay = 0.00>
ST_1 : Operation 1573 [1/1] (0.00ns)   --->   "%write_ln0 = write void @_ssdm_op_Write.ap_auto.i16P0A, i16 %p_out209, i16 %p_load657"   --->   Operation 1573 'write' 'write_ln0' <Predicate = (icmp_ln1765)> <Delay = 0.00>
ST_1 : Operation 1574 [1/1] (0.00ns)   --->   "%write_ln0 = write void @_ssdm_op_Write.ap_auto.i16P0A, i16 %p_out210, i16 %p_load658"   --->   Operation 1574 'write' 'write_ln0' <Predicate = (icmp_ln1765)> <Delay = 0.00>
ST_1 : Operation 1575 [1/1] (0.00ns)   --->   "%write_ln0 = write void @_ssdm_op_Write.ap_auto.i16P0A, i16 %p_out211, i16 %p_load659"   --->   Operation 1575 'write' 'write_ln0' <Predicate = (icmp_ln1765)> <Delay = 0.00>
ST_1 : Operation 1576 [1/1] (0.00ns)   --->   "%write_ln0 = write void @_ssdm_op_Write.ap_auto.i16P0A, i16 %p_out212, i16 %p_load660"   --->   Operation 1576 'write' 'write_ln0' <Predicate = (icmp_ln1765)> <Delay = 0.00>
ST_1 : Operation 1577 [1/1] (0.00ns)   --->   "%write_ln0 = write void @_ssdm_op_Write.ap_auto.i16P0A, i16 %p_out213, i16 %p_load661"   --->   Operation 1577 'write' 'write_ln0' <Predicate = (icmp_ln1765)> <Delay = 0.00>
ST_1 : Operation 1578 [1/1] (0.00ns)   --->   "%write_ln0 = write void @_ssdm_op_Write.ap_auto.i16P0A, i16 %p_out214, i16 %p_load662"   --->   Operation 1578 'write' 'write_ln0' <Predicate = (icmp_ln1765)> <Delay = 0.00>
ST_1 : Operation 1579 [1/1] (0.00ns)   --->   "%write_ln0 = write void @_ssdm_op_Write.ap_auto.i16P0A, i16 %p_out215, i16 %p_load663"   --->   Operation 1579 'write' 'write_ln0' <Predicate = (icmp_ln1765)> <Delay = 0.00>
ST_1 : Operation 1580 [1/1] (0.00ns)   --->   "%write_ln0 = write void @_ssdm_op_Write.ap_auto.i16P0A, i16 %p_out216, i16 %p_load664"   --->   Operation 1580 'write' 'write_ln0' <Predicate = (icmp_ln1765)> <Delay = 0.00>
ST_1 : Operation 1581 [1/1] (0.00ns)   --->   "%write_ln0 = write void @_ssdm_op_Write.ap_auto.i16P0A, i16 %p_out217, i16 %p_load665"   --->   Operation 1581 'write' 'write_ln0' <Predicate = (icmp_ln1765)> <Delay = 0.00>
ST_1 : Operation 1582 [1/1] (0.00ns)   --->   "%write_ln0 = write void @_ssdm_op_Write.ap_auto.i16P0A, i16 %p_out218, i16 %p_load666"   --->   Operation 1582 'write' 'write_ln0' <Predicate = (icmp_ln1765)> <Delay = 0.00>
ST_1 : Operation 1583 [1/1] (0.00ns)   --->   "%write_ln0 = write void @_ssdm_op_Write.ap_auto.i16P0A, i16 %p_out219, i16 %p_load667"   --->   Operation 1583 'write' 'write_ln0' <Predicate = (icmp_ln1765)> <Delay = 0.00>
ST_1 : Operation 1584 [1/1] (0.00ns)   --->   "%write_ln0 = write void @_ssdm_op_Write.ap_auto.i16P0A, i16 %p_out220, i16 %p_load668"   --->   Operation 1584 'write' 'write_ln0' <Predicate = (icmp_ln1765)> <Delay = 0.00>
ST_1 : Operation 1585 [1/1] (0.00ns)   --->   "%write_ln0 = write void @_ssdm_op_Write.ap_auto.i16P0A, i16 %p_out221, i16 %p_load669"   --->   Operation 1585 'write' 'write_ln0' <Predicate = (icmp_ln1765)> <Delay = 0.00>
ST_1 : Operation 1586 [1/1] (0.00ns)   --->   "%write_ln0 = write void @_ssdm_op_Write.ap_auto.i16P0A, i16 %p_out222, i16 %p_load670"   --->   Operation 1586 'write' 'write_ln0' <Predicate = (icmp_ln1765)> <Delay = 0.00>
ST_1 : Operation 1587 [1/1] (0.00ns)   --->   "%write_ln0 = write void @_ssdm_op_Write.ap_auto.i16P0A, i16 %p_out223, i16 %p_load671"   --->   Operation 1587 'write' 'write_ln0' <Predicate = (icmp_ln1765)> <Delay = 0.00>
ST_1 : Operation 1588 [1/1] (0.00ns)   --->   "%ret_ln0 = ret"   --->   Operation 1588 'ret' 'ret_ln0' <Predicate = (icmp_ln1765)> <Delay = 0.00>

State 2 <SV = 1> <Delay = 5.20>
ST_2 : Operation 688 [1/1] (0.00ns)   --->   "%specpipeline_ln1766 = specpipeline void @_ssdm_op_SpecPipeline, i32 1, i32 0, i32 0, i32 0, void @empty_25" [H:/subband_ref_q610_opt_stage4_latency_stepL2.cpp:1766->H:/subband_ref_q610_opt_stage4_latency_stepL2.cpp:2018]   --->   Operation 688 'specpipeline' 'specpipeline_ln1766' <Predicate = true> <Delay = 0.00>
ST_2 : Operation 689 [1/1] (0.00ns)   --->   "%speclooptripcount_ln1765 = speclooptripcount void @_ssdm_op_SpecLoopTripCount, i64 224, i64 224, i64 224" [H:/subband_ref_q610_opt_stage4_latency_stepL2.cpp:1765->H:/subband_ref_q610_opt_stage4_latency_stepL2.cpp:2018]   --->   Operation 689 'speclooptripcount' 'speclooptripcount_ln1765' <Predicate = true> <Delay = 0.00>
ST_2 : Operation 690 [1/1] (0.00ns)   --->   "%specloopname_ln1765 = specloopname void @_ssdm_op_SpecLoopName, void @empty_200" [H:/subband_ref_q610_opt_stage4_latency_stepL2.cpp:1765->H:/subband_ref_q610_opt_stage4_latency_stepL2.cpp:2018]   --->   Operation 690 'specloopname' 'specloopname_ln1765' <Predicate = true> <Delay = 0.00>
ST_2 : Operation 691 [1/1] (3.61ns)   --->   "%layer0_output_stream_read = read i16 @_ssdm_op_Read.ap_fifo.volatile.i16P0A, i16 %layer0_output_stream" [H:/subband_ref_q610_opt_stage4_latency_stepL2.cpp:1767->H:/subband_ref_q610_opt_stage4_latency_stepL2.cpp:2018]   --->   Operation 691 'read' 'layer0_output_stream_read' <Predicate = true> <Delay = 3.61> <CoreInst = "FIFO">   --->   Core 78 'FIFO' <Latency = 0> <II = 1> <Delay = 3.61> <Storage> <Opcode : 'read' 'write' 'nbread' 'nbwrite'> <Ports = 0> <Width = 16> <Depth = 512> <FIFO>
ST_2 : Operation 692 [1/1] (1.58ns)   --->   "%store_ln1767 = store i16 %layer0_output_stream_read, i16 %empty" [H:/subband_ref_q610_opt_stage4_latency_stepL2.cpp:1767->H:/subband_ref_q610_opt_stage4_latency_stepL2.cpp:2018]   --->   Operation 692 'store' 'store_ln1767' <Predicate = (index_10 == 222)> <Delay = 1.58>
ST_2 : Operation 693 [1/1] (0.00ns)   --->   "%br_ln1767 = br void %arrayidx.i.exit" [H:/subband_ref_q610_opt_stage4_latency_stepL2.cpp:1767->H:/subband_ref_q610_opt_stage4_latency_stepL2.cpp:2018]   --->   Operation 693 'br' 'br_ln1767' <Predicate = (index_10 == 222)> <Delay = 0.00>
ST_2 : Operation 694 [1/1] (1.58ns)   --->   "%store_ln1767 = store i16 %layer0_output_stream_read, i16 %empty_782" [H:/subband_ref_q610_opt_stage4_latency_stepL2.cpp:1767->H:/subband_ref_q610_opt_stage4_latency_stepL2.cpp:2018]   --->   Operation 694 'store' 'store_ln1767' <Predicate = (index_10 == 221)> <Delay = 1.58>
ST_2 : Operation 695 [1/1] (0.00ns)   --->   "%br_ln1767 = br void %arrayidx.i.exit" [H:/subband_ref_q610_opt_stage4_latency_stepL2.cpp:1767->H:/subband_ref_q610_opt_stage4_latency_stepL2.cpp:2018]   --->   Operation 695 'br' 'br_ln1767' <Predicate = (index_10 == 221)> <Delay = 0.00>
ST_2 : Operation 696 [1/1] (1.58ns)   --->   "%store_ln1767 = store i16 %layer0_output_stream_read, i16 %empty_783" [H:/subband_ref_q610_opt_stage4_latency_stepL2.cpp:1767->H:/subband_ref_q610_opt_stage4_latency_stepL2.cpp:2018]   --->   Operation 696 'store' 'store_ln1767' <Predicate = (index_10 == 220)> <Delay = 1.58>
ST_2 : Operation 697 [1/1] (0.00ns)   --->   "%br_ln1767 = br void %arrayidx.i.exit" [H:/subband_ref_q610_opt_stage4_latency_stepL2.cpp:1767->H:/subband_ref_q610_opt_stage4_latency_stepL2.cpp:2018]   --->   Operation 697 'br' 'br_ln1767' <Predicate = (index_10 == 220)> <Delay = 0.00>
ST_2 : Operation 698 [1/1] (1.58ns)   --->   "%store_ln1767 = store i16 %layer0_output_stream_read, i16 %empty_784" [H:/subband_ref_q610_opt_stage4_latency_stepL2.cpp:1767->H:/subband_ref_q610_opt_stage4_latency_stepL2.cpp:2018]   --->   Operation 698 'store' 'store_ln1767' <Predicate = (index_10 == 219)> <Delay = 1.58>
ST_2 : Operation 699 [1/1] (0.00ns)   --->   "%br_ln1767 = br void %arrayidx.i.exit" [H:/subband_ref_q610_opt_stage4_latency_stepL2.cpp:1767->H:/subband_ref_q610_opt_stage4_latency_stepL2.cpp:2018]   --->   Operation 699 'br' 'br_ln1767' <Predicate = (index_10 == 219)> <Delay = 0.00>
ST_2 : Operation 700 [1/1] (1.58ns)   --->   "%store_ln1767 = store i16 %layer0_output_stream_read, i16 %empty_785" [H:/subband_ref_q610_opt_stage4_latency_stepL2.cpp:1767->H:/subband_ref_q610_opt_stage4_latency_stepL2.cpp:2018]   --->   Operation 700 'store' 'store_ln1767' <Predicate = (index_10 == 218)> <Delay = 1.58>
ST_2 : Operation 701 [1/1] (0.00ns)   --->   "%br_ln1767 = br void %arrayidx.i.exit" [H:/subband_ref_q610_opt_stage4_latency_stepL2.cpp:1767->H:/subband_ref_q610_opt_stage4_latency_stepL2.cpp:2018]   --->   Operation 701 'br' 'br_ln1767' <Predicate = (index_10 == 218)> <Delay = 0.00>
ST_2 : Operation 702 [1/1] (1.58ns)   --->   "%store_ln1767 = store i16 %layer0_output_stream_read, i16 %empty_786" [H:/subband_ref_q610_opt_stage4_latency_stepL2.cpp:1767->H:/subband_ref_q610_opt_stage4_latency_stepL2.cpp:2018]   --->   Operation 702 'store' 'store_ln1767' <Predicate = (index_10 == 217)> <Delay = 1.58>
ST_2 : Operation 703 [1/1] (0.00ns)   --->   "%br_ln1767 = br void %arrayidx.i.exit" [H:/subband_ref_q610_opt_stage4_latency_stepL2.cpp:1767->H:/subband_ref_q610_opt_stage4_latency_stepL2.cpp:2018]   --->   Operation 703 'br' 'br_ln1767' <Predicate = (index_10 == 217)> <Delay = 0.00>
ST_2 : Operation 704 [1/1] (1.58ns)   --->   "%store_ln1767 = store i16 %layer0_output_stream_read, i16 %empty_787" [H:/subband_ref_q610_opt_stage4_latency_stepL2.cpp:1767->H:/subband_ref_q610_opt_stage4_latency_stepL2.cpp:2018]   --->   Operation 704 'store' 'store_ln1767' <Predicate = (index_10 == 216)> <Delay = 1.58>
ST_2 : Operation 705 [1/1] (0.00ns)   --->   "%br_ln1767 = br void %arrayidx.i.exit" [H:/subband_ref_q610_opt_stage4_latency_stepL2.cpp:1767->H:/subband_ref_q610_opt_stage4_latency_stepL2.cpp:2018]   --->   Operation 705 'br' 'br_ln1767' <Predicate = (index_10 == 216)> <Delay = 0.00>
ST_2 : Operation 706 [1/1] (1.58ns)   --->   "%store_ln1767 = store i16 %layer0_output_stream_read, i16 %empty_788" [H:/subband_ref_q610_opt_stage4_latency_stepL2.cpp:1767->H:/subband_ref_q610_opt_stage4_latency_stepL2.cpp:2018]   --->   Operation 706 'store' 'store_ln1767' <Predicate = (index_10 == 215)> <Delay = 1.58>
ST_2 : Operation 707 [1/1] (0.00ns)   --->   "%br_ln1767 = br void %arrayidx.i.exit" [H:/subband_ref_q610_opt_stage4_latency_stepL2.cpp:1767->H:/subband_ref_q610_opt_stage4_latency_stepL2.cpp:2018]   --->   Operation 707 'br' 'br_ln1767' <Predicate = (index_10 == 215)> <Delay = 0.00>
ST_2 : Operation 708 [1/1] (1.58ns)   --->   "%store_ln1767 = store i16 %layer0_output_stream_read, i16 %empty_789" [H:/subband_ref_q610_opt_stage4_latency_stepL2.cpp:1767->H:/subband_ref_q610_opt_stage4_latency_stepL2.cpp:2018]   --->   Operation 708 'store' 'store_ln1767' <Predicate = (index_10 == 214)> <Delay = 1.58>
ST_2 : Operation 709 [1/1] (0.00ns)   --->   "%br_ln1767 = br void %arrayidx.i.exit" [H:/subband_ref_q610_opt_stage4_latency_stepL2.cpp:1767->H:/subband_ref_q610_opt_stage4_latency_stepL2.cpp:2018]   --->   Operation 709 'br' 'br_ln1767' <Predicate = (index_10 == 214)> <Delay = 0.00>
ST_2 : Operation 710 [1/1] (1.58ns)   --->   "%store_ln1767 = store i16 %layer0_output_stream_read, i16 %empty_790" [H:/subband_ref_q610_opt_stage4_latency_stepL2.cpp:1767->H:/subband_ref_q610_opt_stage4_latency_stepL2.cpp:2018]   --->   Operation 710 'store' 'store_ln1767' <Predicate = (index_10 == 213)> <Delay = 1.58>
ST_2 : Operation 711 [1/1] (0.00ns)   --->   "%br_ln1767 = br void %arrayidx.i.exit" [H:/subband_ref_q610_opt_stage4_latency_stepL2.cpp:1767->H:/subband_ref_q610_opt_stage4_latency_stepL2.cpp:2018]   --->   Operation 711 'br' 'br_ln1767' <Predicate = (index_10 == 213)> <Delay = 0.00>
ST_2 : Operation 712 [1/1] (1.58ns)   --->   "%store_ln1767 = store i16 %layer0_output_stream_read, i16 %empty_791" [H:/subband_ref_q610_opt_stage4_latency_stepL2.cpp:1767->H:/subband_ref_q610_opt_stage4_latency_stepL2.cpp:2018]   --->   Operation 712 'store' 'store_ln1767' <Predicate = (index_10 == 212)> <Delay = 1.58>
ST_2 : Operation 713 [1/1] (0.00ns)   --->   "%br_ln1767 = br void %arrayidx.i.exit" [H:/subband_ref_q610_opt_stage4_latency_stepL2.cpp:1767->H:/subband_ref_q610_opt_stage4_latency_stepL2.cpp:2018]   --->   Operation 713 'br' 'br_ln1767' <Predicate = (index_10 == 212)> <Delay = 0.00>
ST_2 : Operation 714 [1/1] (1.58ns)   --->   "%store_ln1767 = store i16 %layer0_output_stream_read, i16 %empty_792" [H:/subband_ref_q610_opt_stage4_latency_stepL2.cpp:1767->H:/subband_ref_q610_opt_stage4_latency_stepL2.cpp:2018]   --->   Operation 714 'store' 'store_ln1767' <Predicate = (index_10 == 211)> <Delay = 1.58>
ST_2 : Operation 715 [1/1] (0.00ns)   --->   "%br_ln1767 = br void %arrayidx.i.exit" [H:/subband_ref_q610_opt_stage4_latency_stepL2.cpp:1767->H:/subband_ref_q610_opt_stage4_latency_stepL2.cpp:2018]   --->   Operation 715 'br' 'br_ln1767' <Predicate = (index_10 == 211)> <Delay = 0.00>
ST_2 : Operation 716 [1/1] (1.58ns)   --->   "%store_ln1767 = store i16 %layer0_output_stream_read, i16 %empty_793" [H:/subband_ref_q610_opt_stage4_latency_stepL2.cpp:1767->H:/subband_ref_q610_opt_stage4_latency_stepL2.cpp:2018]   --->   Operation 716 'store' 'store_ln1767' <Predicate = (index_10 == 210)> <Delay = 1.58>
ST_2 : Operation 717 [1/1] (0.00ns)   --->   "%br_ln1767 = br void %arrayidx.i.exit" [H:/subband_ref_q610_opt_stage4_latency_stepL2.cpp:1767->H:/subband_ref_q610_opt_stage4_latency_stepL2.cpp:2018]   --->   Operation 717 'br' 'br_ln1767' <Predicate = (index_10 == 210)> <Delay = 0.00>
ST_2 : Operation 718 [1/1] (1.58ns)   --->   "%store_ln1767 = store i16 %layer0_output_stream_read, i16 %empty_794" [H:/subband_ref_q610_opt_stage4_latency_stepL2.cpp:1767->H:/subband_ref_q610_opt_stage4_latency_stepL2.cpp:2018]   --->   Operation 718 'store' 'store_ln1767' <Predicate = (index_10 == 209)> <Delay = 1.58>
ST_2 : Operation 719 [1/1] (0.00ns)   --->   "%br_ln1767 = br void %arrayidx.i.exit" [H:/subband_ref_q610_opt_stage4_latency_stepL2.cpp:1767->H:/subband_ref_q610_opt_stage4_latency_stepL2.cpp:2018]   --->   Operation 719 'br' 'br_ln1767' <Predicate = (index_10 == 209)> <Delay = 0.00>
ST_2 : Operation 720 [1/1] (1.58ns)   --->   "%store_ln1767 = store i16 %layer0_output_stream_read, i16 %empty_795" [H:/subband_ref_q610_opt_stage4_latency_stepL2.cpp:1767->H:/subband_ref_q610_opt_stage4_latency_stepL2.cpp:2018]   --->   Operation 720 'store' 'store_ln1767' <Predicate = (index_10 == 208)> <Delay = 1.58>
ST_2 : Operation 721 [1/1] (0.00ns)   --->   "%br_ln1767 = br void %arrayidx.i.exit" [H:/subband_ref_q610_opt_stage4_latency_stepL2.cpp:1767->H:/subband_ref_q610_opt_stage4_latency_stepL2.cpp:2018]   --->   Operation 721 'br' 'br_ln1767' <Predicate = (index_10 == 208)> <Delay = 0.00>
ST_2 : Operation 722 [1/1] (1.58ns)   --->   "%store_ln1767 = store i16 %layer0_output_stream_read, i16 %empty_796" [H:/subband_ref_q610_opt_stage4_latency_stepL2.cpp:1767->H:/subband_ref_q610_opt_stage4_latency_stepL2.cpp:2018]   --->   Operation 722 'store' 'store_ln1767' <Predicate = (index_10 == 207)> <Delay = 1.58>
ST_2 : Operation 723 [1/1] (0.00ns)   --->   "%br_ln1767 = br void %arrayidx.i.exit" [H:/subband_ref_q610_opt_stage4_latency_stepL2.cpp:1767->H:/subband_ref_q610_opt_stage4_latency_stepL2.cpp:2018]   --->   Operation 723 'br' 'br_ln1767' <Predicate = (index_10 == 207)> <Delay = 0.00>
ST_2 : Operation 724 [1/1] (1.58ns)   --->   "%store_ln1767 = store i16 %layer0_output_stream_read, i16 %empty_797" [H:/subband_ref_q610_opt_stage4_latency_stepL2.cpp:1767->H:/subband_ref_q610_opt_stage4_latency_stepL2.cpp:2018]   --->   Operation 724 'store' 'store_ln1767' <Predicate = (index_10 == 206)> <Delay = 1.58>
ST_2 : Operation 725 [1/1] (0.00ns)   --->   "%br_ln1767 = br void %arrayidx.i.exit" [H:/subband_ref_q610_opt_stage4_latency_stepL2.cpp:1767->H:/subband_ref_q610_opt_stage4_latency_stepL2.cpp:2018]   --->   Operation 725 'br' 'br_ln1767' <Predicate = (index_10 == 206)> <Delay = 0.00>
ST_2 : Operation 726 [1/1] (1.58ns)   --->   "%store_ln1767 = store i16 %layer0_output_stream_read, i16 %empty_798" [H:/subband_ref_q610_opt_stage4_latency_stepL2.cpp:1767->H:/subband_ref_q610_opt_stage4_latency_stepL2.cpp:2018]   --->   Operation 726 'store' 'store_ln1767' <Predicate = (index_10 == 205)> <Delay = 1.58>
ST_2 : Operation 727 [1/1] (0.00ns)   --->   "%br_ln1767 = br void %arrayidx.i.exit" [H:/subband_ref_q610_opt_stage4_latency_stepL2.cpp:1767->H:/subband_ref_q610_opt_stage4_latency_stepL2.cpp:2018]   --->   Operation 727 'br' 'br_ln1767' <Predicate = (index_10 == 205)> <Delay = 0.00>
ST_2 : Operation 728 [1/1] (1.58ns)   --->   "%store_ln1767 = store i16 %layer0_output_stream_read, i16 %empty_799" [H:/subband_ref_q610_opt_stage4_latency_stepL2.cpp:1767->H:/subband_ref_q610_opt_stage4_latency_stepL2.cpp:2018]   --->   Operation 728 'store' 'store_ln1767' <Predicate = (index_10 == 204)> <Delay = 1.58>
ST_2 : Operation 729 [1/1] (0.00ns)   --->   "%br_ln1767 = br void %arrayidx.i.exit" [H:/subband_ref_q610_opt_stage4_latency_stepL2.cpp:1767->H:/subband_ref_q610_opt_stage4_latency_stepL2.cpp:2018]   --->   Operation 729 'br' 'br_ln1767' <Predicate = (index_10 == 204)> <Delay = 0.00>
ST_2 : Operation 730 [1/1] (1.58ns)   --->   "%store_ln1767 = store i16 %layer0_output_stream_read, i16 %empty_800" [H:/subband_ref_q610_opt_stage4_latency_stepL2.cpp:1767->H:/subband_ref_q610_opt_stage4_latency_stepL2.cpp:2018]   --->   Operation 730 'store' 'store_ln1767' <Predicate = (index_10 == 203)> <Delay = 1.58>
ST_2 : Operation 731 [1/1] (0.00ns)   --->   "%br_ln1767 = br void %arrayidx.i.exit" [H:/subband_ref_q610_opt_stage4_latency_stepL2.cpp:1767->H:/subband_ref_q610_opt_stage4_latency_stepL2.cpp:2018]   --->   Operation 731 'br' 'br_ln1767' <Predicate = (index_10 == 203)> <Delay = 0.00>
ST_2 : Operation 732 [1/1] (1.58ns)   --->   "%store_ln1767 = store i16 %layer0_output_stream_read, i16 %empty_801" [H:/subband_ref_q610_opt_stage4_latency_stepL2.cpp:1767->H:/subband_ref_q610_opt_stage4_latency_stepL2.cpp:2018]   --->   Operation 732 'store' 'store_ln1767' <Predicate = (index_10 == 202)> <Delay = 1.58>
ST_2 : Operation 733 [1/1] (0.00ns)   --->   "%br_ln1767 = br void %arrayidx.i.exit" [H:/subband_ref_q610_opt_stage4_latency_stepL2.cpp:1767->H:/subband_ref_q610_opt_stage4_latency_stepL2.cpp:2018]   --->   Operation 733 'br' 'br_ln1767' <Predicate = (index_10 == 202)> <Delay = 0.00>
ST_2 : Operation 734 [1/1] (1.58ns)   --->   "%store_ln1767 = store i16 %layer0_output_stream_read, i16 %empty_802" [H:/subband_ref_q610_opt_stage4_latency_stepL2.cpp:1767->H:/subband_ref_q610_opt_stage4_latency_stepL2.cpp:2018]   --->   Operation 734 'store' 'store_ln1767' <Predicate = (index_10 == 201)> <Delay = 1.58>
ST_2 : Operation 735 [1/1] (0.00ns)   --->   "%br_ln1767 = br void %arrayidx.i.exit" [H:/subband_ref_q610_opt_stage4_latency_stepL2.cpp:1767->H:/subband_ref_q610_opt_stage4_latency_stepL2.cpp:2018]   --->   Operation 735 'br' 'br_ln1767' <Predicate = (index_10 == 201)> <Delay = 0.00>
ST_2 : Operation 736 [1/1] (1.58ns)   --->   "%store_ln1767 = store i16 %layer0_output_stream_read, i16 %empty_803" [H:/subband_ref_q610_opt_stage4_latency_stepL2.cpp:1767->H:/subband_ref_q610_opt_stage4_latency_stepL2.cpp:2018]   --->   Operation 736 'store' 'store_ln1767' <Predicate = (index_10 == 200)> <Delay = 1.58>
ST_2 : Operation 737 [1/1] (0.00ns)   --->   "%br_ln1767 = br void %arrayidx.i.exit" [H:/subband_ref_q610_opt_stage4_latency_stepL2.cpp:1767->H:/subband_ref_q610_opt_stage4_latency_stepL2.cpp:2018]   --->   Operation 737 'br' 'br_ln1767' <Predicate = (index_10 == 200)> <Delay = 0.00>
ST_2 : Operation 738 [1/1] (1.58ns)   --->   "%store_ln1767 = store i16 %layer0_output_stream_read, i16 %empty_804" [H:/subband_ref_q610_opt_stage4_latency_stepL2.cpp:1767->H:/subband_ref_q610_opt_stage4_latency_stepL2.cpp:2018]   --->   Operation 738 'store' 'store_ln1767' <Predicate = (index_10 == 199)> <Delay = 1.58>
ST_2 : Operation 739 [1/1] (0.00ns)   --->   "%br_ln1767 = br void %arrayidx.i.exit" [H:/subband_ref_q610_opt_stage4_latency_stepL2.cpp:1767->H:/subband_ref_q610_opt_stage4_latency_stepL2.cpp:2018]   --->   Operation 739 'br' 'br_ln1767' <Predicate = (index_10 == 199)> <Delay = 0.00>
ST_2 : Operation 740 [1/1] (1.58ns)   --->   "%store_ln1767 = store i16 %layer0_output_stream_read, i16 %empty_805" [H:/subband_ref_q610_opt_stage4_latency_stepL2.cpp:1767->H:/subband_ref_q610_opt_stage4_latency_stepL2.cpp:2018]   --->   Operation 740 'store' 'store_ln1767' <Predicate = (index_10 == 198)> <Delay = 1.58>
ST_2 : Operation 741 [1/1] (0.00ns)   --->   "%br_ln1767 = br void %arrayidx.i.exit" [H:/subband_ref_q610_opt_stage4_latency_stepL2.cpp:1767->H:/subband_ref_q610_opt_stage4_latency_stepL2.cpp:2018]   --->   Operation 741 'br' 'br_ln1767' <Predicate = (index_10 == 198)> <Delay = 0.00>
ST_2 : Operation 742 [1/1] (1.58ns)   --->   "%store_ln1767 = store i16 %layer0_output_stream_read, i16 %empty_806" [H:/subband_ref_q610_opt_stage4_latency_stepL2.cpp:1767->H:/subband_ref_q610_opt_stage4_latency_stepL2.cpp:2018]   --->   Operation 742 'store' 'store_ln1767' <Predicate = (index_10 == 197)> <Delay = 1.58>
ST_2 : Operation 743 [1/1] (0.00ns)   --->   "%br_ln1767 = br void %arrayidx.i.exit" [H:/subband_ref_q610_opt_stage4_latency_stepL2.cpp:1767->H:/subband_ref_q610_opt_stage4_latency_stepL2.cpp:2018]   --->   Operation 743 'br' 'br_ln1767' <Predicate = (index_10 == 197)> <Delay = 0.00>
ST_2 : Operation 744 [1/1] (1.58ns)   --->   "%store_ln1767 = store i16 %layer0_output_stream_read, i16 %empty_807" [H:/subband_ref_q610_opt_stage4_latency_stepL2.cpp:1767->H:/subband_ref_q610_opt_stage4_latency_stepL2.cpp:2018]   --->   Operation 744 'store' 'store_ln1767' <Predicate = (index_10 == 196)> <Delay = 1.58>
ST_2 : Operation 745 [1/1] (0.00ns)   --->   "%br_ln1767 = br void %arrayidx.i.exit" [H:/subband_ref_q610_opt_stage4_latency_stepL2.cpp:1767->H:/subband_ref_q610_opt_stage4_latency_stepL2.cpp:2018]   --->   Operation 745 'br' 'br_ln1767' <Predicate = (index_10 == 196)> <Delay = 0.00>
ST_2 : Operation 746 [1/1] (1.58ns)   --->   "%store_ln1767 = store i16 %layer0_output_stream_read, i16 %empty_808" [H:/subband_ref_q610_opt_stage4_latency_stepL2.cpp:1767->H:/subband_ref_q610_opt_stage4_latency_stepL2.cpp:2018]   --->   Operation 746 'store' 'store_ln1767' <Predicate = (index_10 == 195)> <Delay = 1.58>
ST_2 : Operation 747 [1/1] (0.00ns)   --->   "%br_ln1767 = br void %arrayidx.i.exit" [H:/subband_ref_q610_opt_stage4_latency_stepL2.cpp:1767->H:/subband_ref_q610_opt_stage4_latency_stepL2.cpp:2018]   --->   Operation 747 'br' 'br_ln1767' <Predicate = (index_10 == 195)> <Delay = 0.00>
ST_2 : Operation 748 [1/1] (1.58ns)   --->   "%store_ln1767 = store i16 %layer0_output_stream_read, i16 %empty_809" [H:/subband_ref_q610_opt_stage4_latency_stepL2.cpp:1767->H:/subband_ref_q610_opt_stage4_latency_stepL2.cpp:2018]   --->   Operation 748 'store' 'store_ln1767' <Predicate = (index_10 == 194)> <Delay = 1.58>
ST_2 : Operation 749 [1/1] (0.00ns)   --->   "%br_ln1767 = br void %arrayidx.i.exit" [H:/subband_ref_q610_opt_stage4_latency_stepL2.cpp:1767->H:/subband_ref_q610_opt_stage4_latency_stepL2.cpp:2018]   --->   Operation 749 'br' 'br_ln1767' <Predicate = (index_10 == 194)> <Delay = 0.00>
ST_2 : Operation 750 [1/1] (1.58ns)   --->   "%store_ln1767 = store i16 %layer0_output_stream_read, i16 %empty_810" [H:/subband_ref_q610_opt_stage4_latency_stepL2.cpp:1767->H:/subband_ref_q610_opt_stage4_latency_stepL2.cpp:2018]   --->   Operation 750 'store' 'store_ln1767' <Predicate = (index_10 == 193)> <Delay = 1.58>
ST_2 : Operation 751 [1/1] (0.00ns)   --->   "%br_ln1767 = br void %arrayidx.i.exit" [H:/subband_ref_q610_opt_stage4_latency_stepL2.cpp:1767->H:/subband_ref_q610_opt_stage4_latency_stepL2.cpp:2018]   --->   Operation 751 'br' 'br_ln1767' <Predicate = (index_10 == 193)> <Delay = 0.00>
ST_2 : Operation 752 [1/1] (1.58ns)   --->   "%store_ln1767 = store i16 %layer0_output_stream_read, i16 %empty_811" [H:/subband_ref_q610_opt_stage4_latency_stepL2.cpp:1767->H:/subband_ref_q610_opt_stage4_latency_stepL2.cpp:2018]   --->   Operation 752 'store' 'store_ln1767' <Predicate = (index_10 == 192)> <Delay = 1.58>
ST_2 : Operation 753 [1/1] (0.00ns)   --->   "%br_ln1767 = br void %arrayidx.i.exit" [H:/subband_ref_q610_opt_stage4_latency_stepL2.cpp:1767->H:/subband_ref_q610_opt_stage4_latency_stepL2.cpp:2018]   --->   Operation 753 'br' 'br_ln1767' <Predicate = (index_10 == 192)> <Delay = 0.00>
ST_2 : Operation 754 [1/1] (1.58ns)   --->   "%store_ln1767 = store i16 %layer0_output_stream_read, i16 %empty_812" [H:/subband_ref_q610_opt_stage4_latency_stepL2.cpp:1767->H:/subband_ref_q610_opt_stage4_latency_stepL2.cpp:2018]   --->   Operation 754 'store' 'store_ln1767' <Predicate = (index_10 == 191)> <Delay = 1.58>
ST_2 : Operation 755 [1/1] (0.00ns)   --->   "%br_ln1767 = br void %arrayidx.i.exit" [H:/subband_ref_q610_opt_stage4_latency_stepL2.cpp:1767->H:/subband_ref_q610_opt_stage4_latency_stepL2.cpp:2018]   --->   Operation 755 'br' 'br_ln1767' <Predicate = (index_10 == 191)> <Delay = 0.00>
ST_2 : Operation 756 [1/1] (1.58ns)   --->   "%store_ln1767 = store i16 %layer0_output_stream_read, i16 %empty_813" [H:/subband_ref_q610_opt_stage4_latency_stepL2.cpp:1767->H:/subband_ref_q610_opt_stage4_latency_stepL2.cpp:2018]   --->   Operation 756 'store' 'store_ln1767' <Predicate = (index_10 == 190)> <Delay = 1.58>
ST_2 : Operation 757 [1/1] (0.00ns)   --->   "%br_ln1767 = br void %arrayidx.i.exit" [H:/subband_ref_q610_opt_stage4_latency_stepL2.cpp:1767->H:/subband_ref_q610_opt_stage4_latency_stepL2.cpp:2018]   --->   Operation 757 'br' 'br_ln1767' <Predicate = (index_10 == 190)> <Delay = 0.00>
ST_2 : Operation 758 [1/1] (1.58ns)   --->   "%store_ln1767 = store i16 %layer0_output_stream_read, i16 %empty_814" [H:/subband_ref_q610_opt_stage4_latency_stepL2.cpp:1767->H:/subband_ref_q610_opt_stage4_latency_stepL2.cpp:2018]   --->   Operation 758 'store' 'store_ln1767' <Predicate = (index_10 == 189)> <Delay = 1.58>
ST_2 : Operation 759 [1/1] (0.00ns)   --->   "%br_ln1767 = br void %arrayidx.i.exit" [H:/subband_ref_q610_opt_stage4_latency_stepL2.cpp:1767->H:/subband_ref_q610_opt_stage4_latency_stepL2.cpp:2018]   --->   Operation 759 'br' 'br_ln1767' <Predicate = (index_10 == 189)> <Delay = 0.00>
ST_2 : Operation 760 [1/1] (1.58ns)   --->   "%store_ln1767 = store i16 %layer0_output_stream_read, i16 %empty_815" [H:/subband_ref_q610_opt_stage4_latency_stepL2.cpp:1767->H:/subband_ref_q610_opt_stage4_latency_stepL2.cpp:2018]   --->   Operation 760 'store' 'store_ln1767' <Predicate = (index_10 == 188)> <Delay = 1.58>
ST_2 : Operation 761 [1/1] (0.00ns)   --->   "%br_ln1767 = br void %arrayidx.i.exit" [H:/subband_ref_q610_opt_stage4_latency_stepL2.cpp:1767->H:/subband_ref_q610_opt_stage4_latency_stepL2.cpp:2018]   --->   Operation 761 'br' 'br_ln1767' <Predicate = (index_10 == 188)> <Delay = 0.00>
ST_2 : Operation 762 [1/1] (1.58ns)   --->   "%store_ln1767 = store i16 %layer0_output_stream_read, i16 %empty_816" [H:/subband_ref_q610_opt_stage4_latency_stepL2.cpp:1767->H:/subband_ref_q610_opt_stage4_latency_stepL2.cpp:2018]   --->   Operation 762 'store' 'store_ln1767' <Predicate = (index_10 == 187)> <Delay = 1.58>
ST_2 : Operation 763 [1/1] (0.00ns)   --->   "%br_ln1767 = br void %arrayidx.i.exit" [H:/subband_ref_q610_opt_stage4_latency_stepL2.cpp:1767->H:/subband_ref_q610_opt_stage4_latency_stepL2.cpp:2018]   --->   Operation 763 'br' 'br_ln1767' <Predicate = (index_10 == 187)> <Delay = 0.00>
ST_2 : Operation 764 [1/1] (1.58ns)   --->   "%store_ln1767 = store i16 %layer0_output_stream_read, i16 %empty_817" [H:/subband_ref_q610_opt_stage4_latency_stepL2.cpp:1767->H:/subband_ref_q610_opt_stage4_latency_stepL2.cpp:2018]   --->   Operation 764 'store' 'store_ln1767' <Predicate = (index_10 == 186)> <Delay = 1.58>
ST_2 : Operation 765 [1/1] (0.00ns)   --->   "%br_ln1767 = br void %arrayidx.i.exit" [H:/subband_ref_q610_opt_stage4_latency_stepL2.cpp:1767->H:/subband_ref_q610_opt_stage4_latency_stepL2.cpp:2018]   --->   Operation 765 'br' 'br_ln1767' <Predicate = (index_10 == 186)> <Delay = 0.00>
ST_2 : Operation 766 [1/1] (1.58ns)   --->   "%store_ln1767 = store i16 %layer0_output_stream_read, i16 %empty_818" [H:/subband_ref_q610_opt_stage4_latency_stepL2.cpp:1767->H:/subband_ref_q610_opt_stage4_latency_stepL2.cpp:2018]   --->   Operation 766 'store' 'store_ln1767' <Predicate = (index_10 == 185)> <Delay = 1.58>
ST_2 : Operation 767 [1/1] (0.00ns)   --->   "%br_ln1767 = br void %arrayidx.i.exit" [H:/subband_ref_q610_opt_stage4_latency_stepL2.cpp:1767->H:/subband_ref_q610_opt_stage4_latency_stepL2.cpp:2018]   --->   Operation 767 'br' 'br_ln1767' <Predicate = (index_10 == 185)> <Delay = 0.00>
ST_2 : Operation 768 [1/1] (1.58ns)   --->   "%store_ln1767 = store i16 %layer0_output_stream_read, i16 %empty_819" [H:/subband_ref_q610_opt_stage4_latency_stepL2.cpp:1767->H:/subband_ref_q610_opt_stage4_latency_stepL2.cpp:2018]   --->   Operation 768 'store' 'store_ln1767' <Predicate = (index_10 == 184)> <Delay = 1.58>
ST_2 : Operation 769 [1/1] (0.00ns)   --->   "%br_ln1767 = br void %arrayidx.i.exit" [H:/subband_ref_q610_opt_stage4_latency_stepL2.cpp:1767->H:/subband_ref_q610_opt_stage4_latency_stepL2.cpp:2018]   --->   Operation 769 'br' 'br_ln1767' <Predicate = (index_10 == 184)> <Delay = 0.00>
ST_2 : Operation 770 [1/1] (1.58ns)   --->   "%store_ln1767 = store i16 %layer0_output_stream_read, i16 %empty_820" [H:/subband_ref_q610_opt_stage4_latency_stepL2.cpp:1767->H:/subband_ref_q610_opt_stage4_latency_stepL2.cpp:2018]   --->   Operation 770 'store' 'store_ln1767' <Predicate = (index_10 == 183)> <Delay = 1.58>
ST_2 : Operation 771 [1/1] (0.00ns)   --->   "%br_ln1767 = br void %arrayidx.i.exit" [H:/subband_ref_q610_opt_stage4_latency_stepL2.cpp:1767->H:/subband_ref_q610_opt_stage4_latency_stepL2.cpp:2018]   --->   Operation 771 'br' 'br_ln1767' <Predicate = (index_10 == 183)> <Delay = 0.00>
ST_2 : Operation 772 [1/1] (1.58ns)   --->   "%store_ln1767 = store i16 %layer0_output_stream_read, i16 %empty_821" [H:/subband_ref_q610_opt_stage4_latency_stepL2.cpp:1767->H:/subband_ref_q610_opt_stage4_latency_stepL2.cpp:2018]   --->   Operation 772 'store' 'store_ln1767' <Predicate = (index_10 == 182)> <Delay = 1.58>
ST_2 : Operation 773 [1/1] (0.00ns)   --->   "%br_ln1767 = br void %arrayidx.i.exit" [H:/subband_ref_q610_opt_stage4_latency_stepL2.cpp:1767->H:/subband_ref_q610_opt_stage4_latency_stepL2.cpp:2018]   --->   Operation 773 'br' 'br_ln1767' <Predicate = (index_10 == 182)> <Delay = 0.00>
ST_2 : Operation 774 [1/1] (1.58ns)   --->   "%store_ln1767 = store i16 %layer0_output_stream_read, i16 %empty_822" [H:/subband_ref_q610_opt_stage4_latency_stepL2.cpp:1767->H:/subband_ref_q610_opt_stage4_latency_stepL2.cpp:2018]   --->   Operation 774 'store' 'store_ln1767' <Predicate = (index_10 == 181)> <Delay = 1.58>
ST_2 : Operation 775 [1/1] (0.00ns)   --->   "%br_ln1767 = br void %arrayidx.i.exit" [H:/subband_ref_q610_opt_stage4_latency_stepL2.cpp:1767->H:/subband_ref_q610_opt_stage4_latency_stepL2.cpp:2018]   --->   Operation 775 'br' 'br_ln1767' <Predicate = (index_10 == 181)> <Delay = 0.00>
ST_2 : Operation 776 [1/1] (1.58ns)   --->   "%store_ln1767 = store i16 %layer0_output_stream_read, i16 %empty_823" [H:/subband_ref_q610_opt_stage4_latency_stepL2.cpp:1767->H:/subband_ref_q610_opt_stage4_latency_stepL2.cpp:2018]   --->   Operation 776 'store' 'store_ln1767' <Predicate = (index_10 == 180)> <Delay = 1.58>
ST_2 : Operation 777 [1/1] (0.00ns)   --->   "%br_ln1767 = br void %arrayidx.i.exit" [H:/subband_ref_q610_opt_stage4_latency_stepL2.cpp:1767->H:/subband_ref_q610_opt_stage4_latency_stepL2.cpp:2018]   --->   Operation 777 'br' 'br_ln1767' <Predicate = (index_10 == 180)> <Delay = 0.00>
ST_2 : Operation 778 [1/1] (1.58ns)   --->   "%store_ln1767 = store i16 %layer0_output_stream_read, i16 %empty_824" [H:/subband_ref_q610_opt_stage4_latency_stepL2.cpp:1767->H:/subband_ref_q610_opt_stage4_latency_stepL2.cpp:2018]   --->   Operation 778 'store' 'store_ln1767' <Predicate = (index_10 == 179)> <Delay = 1.58>
ST_2 : Operation 779 [1/1] (0.00ns)   --->   "%br_ln1767 = br void %arrayidx.i.exit" [H:/subband_ref_q610_opt_stage4_latency_stepL2.cpp:1767->H:/subband_ref_q610_opt_stage4_latency_stepL2.cpp:2018]   --->   Operation 779 'br' 'br_ln1767' <Predicate = (index_10 == 179)> <Delay = 0.00>
ST_2 : Operation 780 [1/1] (1.58ns)   --->   "%store_ln1767 = store i16 %layer0_output_stream_read, i16 %empty_825" [H:/subband_ref_q610_opt_stage4_latency_stepL2.cpp:1767->H:/subband_ref_q610_opt_stage4_latency_stepL2.cpp:2018]   --->   Operation 780 'store' 'store_ln1767' <Predicate = (index_10 == 178)> <Delay = 1.58>
ST_2 : Operation 781 [1/1] (0.00ns)   --->   "%br_ln1767 = br void %arrayidx.i.exit" [H:/subband_ref_q610_opt_stage4_latency_stepL2.cpp:1767->H:/subband_ref_q610_opt_stage4_latency_stepL2.cpp:2018]   --->   Operation 781 'br' 'br_ln1767' <Predicate = (index_10 == 178)> <Delay = 0.00>
ST_2 : Operation 782 [1/1] (1.58ns)   --->   "%store_ln1767 = store i16 %layer0_output_stream_read, i16 %empty_826" [H:/subband_ref_q610_opt_stage4_latency_stepL2.cpp:1767->H:/subband_ref_q610_opt_stage4_latency_stepL2.cpp:2018]   --->   Operation 782 'store' 'store_ln1767' <Predicate = (index_10 == 177)> <Delay = 1.58>
ST_2 : Operation 783 [1/1] (0.00ns)   --->   "%br_ln1767 = br void %arrayidx.i.exit" [H:/subband_ref_q610_opt_stage4_latency_stepL2.cpp:1767->H:/subband_ref_q610_opt_stage4_latency_stepL2.cpp:2018]   --->   Operation 783 'br' 'br_ln1767' <Predicate = (index_10 == 177)> <Delay = 0.00>
ST_2 : Operation 784 [1/1] (1.58ns)   --->   "%store_ln1767 = store i16 %layer0_output_stream_read, i16 %empty_827" [H:/subband_ref_q610_opt_stage4_latency_stepL2.cpp:1767->H:/subband_ref_q610_opt_stage4_latency_stepL2.cpp:2018]   --->   Operation 784 'store' 'store_ln1767' <Predicate = (index_10 == 176)> <Delay = 1.58>
ST_2 : Operation 785 [1/1] (0.00ns)   --->   "%br_ln1767 = br void %arrayidx.i.exit" [H:/subband_ref_q610_opt_stage4_latency_stepL2.cpp:1767->H:/subband_ref_q610_opt_stage4_latency_stepL2.cpp:2018]   --->   Operation 785 'br' 'br_ln1767' <Predicate = (index_10 == 176)> <Delay = 0.00>
ST_2 : Operation 786 [1/1] (1.58ns)   --->   "%store_ln1767 = store i16 %layer0_output_stream_read, i16 %empty_828" [H:/subband_ref_q610_opt_stage4_latency_stepL2.cpp:1767->H:/subband_ref_q610_opt_stage4_latency_stepL2.cpp:2018]   --->   Operation 786 'store' 'store_ln1767' <Predicate = (index_10 == 175)> <Delay = 1.58>
ST_2 : Operation 787 [1/1] (0.00ns)   --->   "%br_ln1767 = br void %arrayidx.i.exit" [H:/subband_ref_q610_opt_stage4_latency_stepL2.cpp:1767->H:/subband_ref_q610_opt_stage4_latency_stepL2.cpp:2018]   --->   Operation 787 'br' 'br_ln1767' <Predicate = (index_10 == 175)> <Delay = 0.00>
ST_2 : Operation 788 [1/1] (1.58ns)   --->   "%store_ln1767 = store i16 %layer0_output_stream_read, i16 %empty_829" [H:/subband_ref_q610_opt_stage4_latency_stepL2.cpp:1767->H:/subband_ref_q610_opt_stage4_latency_stepL2.cpp:2018]   --->   Operation 788 'store' 'store_ln1767' <Predicate = (index_10 == 174)> <Delay = 1.58>
ST_2 : Operation 789 [1/1] (0.00ns)   --->   "%br_ln1767 = br void %arrayidx.i.exit" [H:/subband_ref_q610_opt_stage4_latency_stepL2.cpp:1767->H:/subband_ref_q610_opt_stage4_latency_stepL2.cpp:2018]   --->   Operation 789 'br' 'br_ln1767' <Predicate = (index_10 == 174)> <Delay = 0.00>
ST_2 : Operation 790 [1/1] (1.58ns)   --->   "%store_ln1767 = store i16 %layer0_output_stream_read, i16 %empty_830" [H:/subband_ref_q610_opt_stage4_latency_stepL2.cpp:1767->H:/subband_ref_q610_opt_stage4_latency_stepL2.cpp:2018]   --->   Operation 790 'store' 'store_ln1767' <Predicate = (index_10 == 173)> <Delay = 1.58>
ST_2 : Operation 791 [1/1] (0.00ns)   --->   "%br_ln1767 = br void %arrayidx.i.exit" [H:/subband_ref_q610_opt_stage4_latency_stepL2.cpp:1767->H:/subband_ref_q610_opt_stage4_latency_stepL2.cpp:2018]   --->   Operation 791 'br' 'br_ln1767' <Predicate = (index_10 == 173)> <Delay = 0.00>
ST_2 : Operation 792 [1/1] (1.58ns)   --->   "%store_ln1767 = store i16 %layer0_output_stream_read, i16 %empty_831" [H:/subband_ref_q610_opt_stage4_latency_stepL2.cpp:1767->H:/subband_ref_q610_opt_stage4_latency_stepL2.cpp:2018]   --->   Operation 792 'store' 'store_ln1767' <Predicate = (index_10 == 172)> <Delay = 1.58>
ST_2 : Operation 793 [1/1] (0.00ns)   --->   "%br_ln1767 = br void %arrayidx.i.exit" [H:/subband_ref_q610_opt_stage4_latency_stepL2.cpp:1767->H:/subband_ref_q610_opt_stage4_latency_stepL2.cpp:2018]   --->   Operation 793 'br' 'br_ln1767' <Predicate = (index_10 == 172)> <Delay = 0.00>
ST_2 : Operation 794 [1/1] (1.58ns)   --->   "%store_ln1767 = store i16 %layer0_output_stream_read, i16 %empty_832" [H:/subband_ref_q610_opt_stage4_latency_stepL2.cpp:1767->H:/subband_ref_q610_opt_stage4_latency_stepL2.cpp:2018]   --->   Operation 794 'store' 'store_ln1767' <Predicate = (index_10 == 171)> <Delay = 1.58>
ST_2 : Operation 795 [1/1] (0.00ns)   --->   "%br_ln1767 = br void %arrayidx.i.exit" [H:/subband_ref_q610_opt_stage4_latency_stepL2.cpp:1767->H:/subband_ref_q610_opt_stage4_latency_stepL2.cpp:2018]   --->   Operation 795 'br' 'br_ln1767' <Predicate = (index_10 == 171)> <Delay = 0.00>
ST_2 : Operation 796 [1/1] (1.58ns)   --->   "%store_ln1767 = store i16 %layer0_output_stream_read, i16 %empty_833" [H:/subband_ref_q610_opt_stage4_latency_stepL2.cpp:1767->H:/subband_ref_q610_opt_stage4_latency_stepL2.cpp:2018]   --->   Operation 796 'store' 'store_ln1767' <Predicate = (index_10 == 170)> <Delay = 1.58>
ST_2 : Operation 797 [1/1] (0.00ns)   --->   "%br_ln1767 = br void %arrayidx.i.exit" [H:/subband_ref_q610_opt_stage4_latency_stepL2.cpp:1767->H:/subband_ref_q610_opt_stage4_latency_stepL2.cpp:2018]   --->   Operation 797 'br' 'br_ln1767' <Predicate = (index_10 == 170)> <Delay = 0.00>
ST_2 : Operation 798 [1/1] (1.58ns)   --->   "%store_ln1767 = store i16 %layer0_output_stream_read, i16 %empty_834" [H:/subband_ref_q610_opt_stage4_latency_stepL2.cpp:1767->H:/subband_ref_q610_opt_stage4_latency_stepL2.cpp:2018]   --->   Operation 798 'store' 'store_ln1767' <Predicate = (index_10 == 169)> <Delay = 1.58>
ST_2 : Operation 799 [1/1] (0.00ns)   --->   "%br_ln1767 = br void %arrayidx.i.exit" [H:/subband_ref_q610_opt_stage4_latency_stepL2.cpp:1767->H:/subband_ref_q610_opt_stage4_latency_stepL2.cpp:2018]   --->   Operation 799 'br' 'br_ln1767' <Predicate = (index_10 == 169)> <Delay = 0.00>
ST_2 : Operation 800 [1/1] (1.58ns)   --->   "%store_ln1767 = store i16 %layer0_output_stream_read, i16 %empty_835" [H:/subband_ref_q610_opt_stage4_latency_stepL2.cpp:1767->H:/subband_ref_q610_opt_stage4_latency_stepL2.cpp:2018]   --->   Operation 800 'store' 'store_ln1767' <Predicate = (index_10 == 168)> <Delay = 1.58>
ST_2 : Operation 801 [1/1] (0.00ns)   --->   "%br_ln1767 = br void %arrayidx.i.exit" [H:/subband_ref_q610_opt_stage4_latency_stepL2.cpp:1767->H:/subband_ref_q610_opt_stage4_latency_stepL2.cpp:2018]   --->   Operation 801 'br' 'br_ln1767' <Predicate = (index_10 == 168)> <Delay = 0.00>
ST_2 : Operation 802 [1/1] (1.58ns)   --->   "%store_ln1767 = store i16 %layer0_output_stream_read, i16 %empty_836" [H:/subband_ref_q610_opt_stage4_latency_stepL2.cpp:1767->H:/subband_ref_q610_opt_stage4_latency_stepL2.cpp:2018]   --->   Operation 802 'store' 'store_ln1767' <Predicate = (index_10 == 167)> <Delay = 1.58>
ST_2 : Operation 803 [1/1] (0.00ns)   --->   "%br_ln1767 = br void %arrayidx.i.exit" [H:/subband_ref_q610_opt_stage4_latency_stepL2.cpp:1767->H:/subband_ref_q610_opt_stage4_latency_stepL2.cpp:2018]   --->   Operation 803 'br' 'br_ln1767' <Predicate = (index_10 == 167)> <Delay = 0.00>
ST_2 : Operation 804 [1/1] (1.58ns)   --->   "%store_ln1767 = store i16 %layer0_output_stream_read, i16 %empty_837" [H:/subband_ref_q610_opt_stage4_latency_stepL2.cpp:1767->H:/subband_ref_q610_opt_stage4_latency_stepL2.cpp:2018]   --->   Operation 804 'store' 'store_ln1767' <Predicate = (index_10 == 166)> <Delay = 1.58>
ST_2 : Operation 805 [1/1] (0.00ns)   --->   "%br_ln1767 = br void %arrayidx.i.exit" [H:/subband_ref_q610_opt_stage4_latency_stepL2.cpp:1767->H:/subband_ref_q610_opt_stage4_latency_stepL2.cpp:2018]   --->   Operation 805 'br' 'br_ln1767' <Predicate = (index_10 == 166)> <Delay = 0.00>
ST_2 : Operation 806 [1/1] (1.58ns)   --->   "%store_ln1767 = store i16 %layer0_output_stream_read, i16 %empty_838" [H:/subband_ref_q610_opt_stage4_latency_stepL2.cpp:1767->H:/subband_ref_q610_opt_stage4_latency_stepL2.cpp:2018]   --->   Operation 806 'store' 'store_ln1767' <Predicate = (index_10 == 165)> <Delay = 1.58>
ST_2 : Operation 807 [1/1] (0.00ns)   --->   "%br_ln1767 = br void %arrayidx.i.exit" [H:/subband_ref_q610_opt_stage4_latency_stepL2.cpp:1767->H:/subband_ref_q610_opt_stage4_latency_stepL2.cpp:2018]   --->   Operation 807 'br' 'br_ln1767' <Predicate = (index_10 == 165)> <Delay = 0.00>
ST_2 : Operation 808 [1/1] (1.58ns)   --->   "%store_ln1767 = store i16 %layer0_output_stream_read, i16 %empty_839" [H:/subband_ref_q610_opt_stage4_latency_stepL2.cpp:1767->H:/subband_ref_q610_opt_stage4_latency_stepL2.cpp:2018]   --->   Operation 808 'store' 'store_ln1767' <Predicate = (index_10 == 164)> <Delay = 1.58>
ST_2 : Operation 809 [1/1] (0.00ns)   --->   "%br_ln1767 = br void %arrayidx.i.exit" [H:/subband_ref_q610_opt_stage4_latency_stepL2.cpp:1767->H:/subband_ref_q610_opt_stage4_latency_stepL2.cpp:2018]   --->   Operation 809 'br' 'br_ln1767' <Predicate = (index_10 == 164)> <Delay = 0.00>
ST_2 : Operation 810 [1/1] (1.58ns)   --->   "%store_ln1767 = store i16 %layer0_output_stream_read, i16 %empty_840" [H:/subband_ref_q610_opt_stage4_latency_stepL2.cpp:1767->H:/subband_ref_q610_opt_stage4_latency_stepL2.cpp:2018]   --->   Operation 810 'store' 'store_ln1767' <Predicate = (index_10 == 163)> <Delay = 1.58>
ST_2 : Operation 811 [1/1] (0.00ns)   --->   "%br_ln1767 = br void %arrayidx.i.exit" [H:/subband_ref_q610_opt_stage4_latency_stepL2.cpp:1767->H:/subband_ref_q610_opt_stage4_latency_stepL2.cpp:2018]   --->   Operation 811 'br' 'br_ln1767' <Predicate = (index_10 == 163)> <Delay = 0.00>
ST_2 : Operation 812 [1/1] (1.58ns)   --->   "%store_ln1767 = store i16 %layer0_output_stream_read, i16 %empty_841" [H:/subband_ref_q610_opt_stage4_latency_stepL2.cpp:1767->H:/subband_ref_q610_opt_stage4_latency_stepL2.cpp:2018]   --->   Operation 812 'store' 'store_ln1767' <Predicate = (index_10 == 162)> <Delay = 1.58>
ST_2 : Operation 813 [1/1] (0.00ns)   --->   "%br_ln1767 = br void %arrayidx.i.exit" [H:/subband_ref_q610_opt_stage4_latency_stepL2.cpp:1767->H:/subband_ref_q610_opt_stage4_latency_stepL2.cpp:2018]   --->   Operation 813 'br' 'br_ln1767' <Predicate = (index_10 == 162)> <Delay = 0.00>
ST_2 : Operation 814 [1/1] (1.58ns)   --->   "%store_ln1767 = store i16 %layer0_output_stream_read, i16 %empty_842" [H:/subband_ref_q610_opt_stage4_latency_stepL2.cpp:1767->H:/subband_ref_q610_opt_stage4_latency_stepL2.cpp:2018]   --->   Operation 814 'store' 'store_ln1767' <Predicate = (index_10 == 161)> <Delay = 1.58>
ST_2 : Operation 815 [1/1] (0.00ns)   --->   "%br_ln1767 = br void %arrayidx.i.exit" [H:/subband_ref_q610_opt_stage4_latency_stepL2.cpp:1767->H:/subband_ref_q610_opt_stage4_latency_stepL2.cpp:2018]   --->   Operation 815 'br' 'br_ln1767' <Predicate = (index_10 == 161)> <Delay = 0.00>
ST_2 : Operation 816 [1/1] (1.58ns)   --->   "%store_ln1767 = store i16 %layer0_output_stream_read, i16 %empty_843" [H:/subband_ref_q610_opt_stage4_latency_stepL2.cpp:1767->H:/subband_ref_q610_opt_stage4_latency_stepL2.cpp:2018]   --->   Operation 816 'store' 'store_ln1767' <Predicate = (index_10 == 160)> <Delay = 1.58>
ST_2 : Operation 817 [1/1] (0.00ns)   --->   "%br_ln1767 = br void %arrayidx.i.exit" [H:/subband_ref_q610_opt_stage4_latency_stepL2.cpp:1767->H:/subband_ref_q610_opt_stage4_latency_stepL2.cpp:2018]   --->   Operation 817 'br' 'br_ln1767' <Predicate = (index_10 == 160)> <Delay = 0.00>
ST_2 : Operation 818 [1/1] (1.58ns)   --->   "%store_ln1767 = store i16 %layer0_output_stream_read, i16 %empty_844" [H:/subband_ref_q610_opt_stage4_latency_stepL2.cpp:1767->H:/subband_ref_q610_opt_stage4_latency_stepL2.cpp:2018]   --->   Operation 818 'store' 'store_ln1767' <Predicate = (index_10 == 159)> <Delay = 1.58>
ST_2 : Operation 819 [1/1] (0.00ns)   --->   "%br_ln1767 = br void %arrayidx.i.exit" [H:/subband_ref_q610_opt_stage4_latency_stepL2.cpp:1767->H:/subband_ref_q610_opt_stage4_latency_stepL2.cpp:2018]   --->   Operation 819 'br' 'br_ln1767' <Predicate = (index_10 == 159)> <Delay = 0.00>
ST_2 : Operation 820 [1/1] (1.58ns)   --->   "%store_ln1767 = store i16 %layer0_output_stream_read, i16 %empty_845" [H:/subband_ref_q610_opt_stage4_latency_stepL2.cpp:1767->H:/subband_ref_q610_opt_stage4_latency_stepL2.cpp:2018]   --->   Operation 820 'store' 'store_ln1767' <Predicate = (index_10 == 158)> <Delay = 1.58>
ST_2 : Operation 821 [1/1] (0.00ns)   --->   "%br_ln1767 = br void %arrayidx.i.exit" [H:/subband_ref_q610_opt_stage4_latency_stepL2.cpp:1767->H:/subband_ref_q610_opt_stage4_latency_stepL2.cpp:2018]   --->   Operation 821 'br' 'br_ln1767' <Predicate = (index_10 == 158)> <Delay = 0.00>
ST_2 : Operation 822 [1/1] (1.58ns)   --->   "%store_ln1767 = store i16 %layer0_output_stream_read, i16 %empty_846" [H:/subband_ref_q610_opt_stage4_latency_stepL2.cpp:1767->H:/subband_ref_q610_opt_stage4_latency_stepL2.cpp:2018]   --->   Operation 822 'store' 'store_ln1767' <Predicate = (index_10 == 157)> <Delay = 1.58>
ST_2 : Operation 823 [1/1] (0.00ns)   --->   "%br_ln1767 = br void %arrayidx.i.exit" [H:/subband_ref_q610_opt_stage4_latency_stepL2.cpp:1767->H:/subband_ref_q610_opt_stage4_latency_stepL2.cpp:2018]   --->   Operation 823 'br' 'br_ln1767' <Predicate = (index_10 == 157)> <Delay = 0.00>
ST_2 : Operation 824 [1/1] (1.58ns)   --->   "%store_ln1767 = store i16 %layer0_output_stream_read, i16 %empty_847" [H:/subband_ref_q610_opt_stage4_latency_stepL2.cpp:1767->H:/subband_ref_q610_opt_stage4_latency_stepL2.cpp:2018]   --->   Operation 824 'store' 'store_ln1767' <Predicate = (index_10 == 156)> <Delay = 1.58>
ST_2 : Operation 825 [1/1] (0.00ns)   --->   "%br_ln1767 = br void %arrayidx.i.exit" [H:/subband_ref_q610_opt_stage4_latency_stepL2.cpp:1767->H:/subband_ref_q610_opt_stage4_latency_stepL2.cpp:2018]   --->   Operation 825 'br' 'br_ln1767' <Predicate = (index_10 == 156)> <Delay = 0.00>
ST_2 : Operation 826 [1/1] (1.58ns)   --->   "%store_ln1767 = store i16 %layer0_output_stream_read, i16 %empty_848" [H:/subband_ref_q610_opt_stage4_latency_stepL2.cpp:1767->H:/subband_ref_q610_opt_stage4_latency_stepL2.cpp:2018]   --->   Operation 826 'store' 'store_ln1767' <Predicate = (index_10 == 155)> <Delay = 1.58>
ST_2 : Operation 827 [1/1] (0.00ns)   --->   "%br_ln1767 = br void %arrayidx.i.exit" [H:/subband_ref_q610_opt_stage4_latency_stepL2.cpp:1767->H:/subband_ref_q610_opt_stage4_latency_stepL2.cpp:2018]   --->   Operation 827 'br' 'br_ln1767' <Predicate = (index_10 == 155)> <Delay = 0.00>
ST_2 : Operation 828 [1/1] (1.58ns)   --->   "%store_ln1767 = store i16 %layer0_output_stream_read, i16 %empty_849" [H:/subband_ref_q610_opt_stage4_latency_stepL2.cpp:1767->H:/subband_ref_q610_opt_stage4_latency_stepL2.cpp:2018]   --->   Operation 828 'store' 'store_ln1767' <Predicate = (index_10 == 154)> <Delay = 1.58>
ST_2 : Operation 829 [1/1] (0.00ns)   --->   "%br_ln1767 = br void %arrayidx.i.exit" [H:/subband_ref_q610_opt_stage4_latency_stepL2.cpp:1767->H:/subband_ref_q610_opt_stage4_latency_stepL2.cpp:2018]   --->   Operation 829 'br' 'br_ln1767' <Predicate = (index_10 == 154)> <Delay = 0.00>
ST_2 : Operation 830 [1/1] (1.58ns)   --->   "%store_ln1767 = store i16 %layer0_output_stream_read, i16 %empty_850" [H:/subband_ref_q610_opt_stage4_latency_stepL2.cpp:1767->H:/subband_ref_q610_opt_stage4_latency_stepL2.cpp:2018]   --->   Operation 830 'store' 'store_ln1767' <Predicate = (index_10 == 153)> <Delay = 1.58>
ST_2 : Operation 831 [1/1] (0.00ns)   --->   "%br_ln1767 = br void %arrayidx.i.exit" [H:/subband_ref_q610_opt_stage4_latency_stepL2.cpp:1767->H:/subband_ref_q610_opt_stage4_latency_stepL2.cpp:2018]   --->   Operation 831 'br' 'br_ln1767' <Predicate = (index_10 == 153)> <Delay = 0.00>
ST_2 : Operation 832 [1/1] (1.58ns)   --->   "%store_ln1767 = store i16 %layer0_output_stream_read, i16 %empty_851" [H:/subband_ref_q610_opt_stage4_latency_stepL2.cpp:1767->H:/subband_ref_q610_opt_stage4_latency_stepL2.cpp:2018]   --->   Operation 832 'store' 'store_ln1767' <Predicate = (index_10 == 152)> <Delay = 1.58>
ST_2 : Operation 833 [1/1] (0.00ns)   --->   "%br_ln1767 = br void %arrayidx.i.exit" [H:/subband_ref_q610_opt_stage4_latency_stepL2.cpp:1767->H:/subband_ref_q610_opt_stage4_latency_stepL2.cpp:2018]   --->   Operation 833 'br' 'br_ln1767' <Predicate = (index_10 == 152)> <Delay = 0.00>
ST_2 : Operation 834 [1/1] (1.58ns)   --->   "%store_ln1767 = store i16 %layer0_output_stream_read, i16 %empty_852" [H:/subband_ref_q610_opt_stage4_latency_stepL2.cpp:1767->H:/subband_ref_q610_opt_stage4_latency_stepL2.cpp:2018]   --->   Operation 834 'store' 'store_ln1767' <Predicate = (index_10 == 151)> <Delay = 1.58>
ST_2 : Operation 835 [1/1] (0.00ns)   --->   "%br_ln1767 = br void %arrayidx.i.exit" [H:/subband_ref_q610_opt_stage4_latency_stepL2.cpp:1767->H:/subband_ref_q610_opt_stage4_latency_stepL2.cpp:2018]   --->   Operation 835 'br' 'br_ln1767' <Predicate = (index_10 == 151)> <Delay = 0.00>
ST_2 : Operation 836 [1/1] (1.58ns)   --->   "%store_ln1767 = store i16 %layer0_output_stream_read, i16 %empty_853" [H:/subband_ref_q610_opt_stage4_latency_stepL2.cpp:1767->H:/subband_ref_q610_opt_stage4_latency_stepL2.cpp:2018]   --->   Operation 836 'store' 'store_ln1767' <Predicate = (index_10 == 150)> <Delay = 1.58>
ST_2 : Operation 837 [1/1] (0.00ns)   --->   "%br_ln1767 = br void %arrayidx.i.exit" [H:/subband_ref_q610_opt_stage4_latency_stepL2.cpp:1767->H:/subband_ref_q610_opt_stage4_latency_stepL2.cpp:2018]   --->   Operation 837 'br' 'br_ln1767' <Predicate = (index_10 == 150)> <Delay = 0.00>
ST_2 : Operation 838 [1/1] (1.58ns)   --->   "%store_ln1767 = store i16 %layer0_output_stream_read, i16 %empty_854" [H:/subband_ref_q610_opt_stage4_latency_stepL2.cpp:1767->H:/subband_ref_q610_opt_stage4_latency_stepL2.cpp:2018]   --->   Operation 838 'store' 'store_ln1767' <Predicate = (index_10 == 149)> <Delay = 1.58>
ST_2 : Operation 839 [1/1] (0.00ns)   --->   "%br_ln1767 = br void %arrayidx.i.exit" [H:/subband_ref_q610_opt_stage4_latency_stepL2.cpp:1767->H:/subband_ref_q610_opt_stage4_latency_stepL2.cpp:2018]   --->   Operation 839 'br' 'br_ln1767' <Predicate = (index_10 == 149)> <Delay = 0.00>
ST_2 : Operation 840 [1/1] (1.58ns)   --->   "%store_ln1767 = store i16 %layer0_output_stream_read, i16 %empty_855" [H:/subband_ref_q610_opt_stage4_latency_stepL2.cpp:1767->H:/subband_ref_q610_opt_stage4_latency_stepL2.cpp:2018]   --->   Operation 840 'store' 'store_ln1767' <Predicate = (index_10 == 148)> <Delay = 1.58>
ST_2 : Operation 841 [1/1] (0.00ns)   --->   "%br_ln1767 = br void %arrayidx.i.exit" [H:/subband_ref_q610_opt_stage4_latency_stepL2.cpp:1767->H:/subband_ref_q610_opt_stage4_latency_stepL2.cpp:2018]   --->   Operation 841 'br' 'br_ln1767' <Predicate = (index_10 == 148)> <Delay = 0.00>
ST_2 : Operation 842 [1/1] (1.58ns)   --->   "%store_ln1767 = store i16 %layer0_output_stream_read, i16 %empty_856" [H:/subband_ref_q610_opt_stage4_latency_stepL2.cpp:1767->H:/subband_ref_q610_opt_stage4_latency_stepL2.cpp:2018]   --->   Operation 842 'store' 'store_ln1767' <Predicate = (index_10 == 147)> <Delay = 1.58>
ST_2 : Operation 843 [1/1] (0.00ns)   --->   "%br_ln1767 = br void %arrayidx.i.exit" [H:/subband_ref_q610_opt_stage4_latency_stepL2.cpp:1767->H:/subband_ref_q610_opt_stage4_latency_stepL2.cpp:2018]   --->   Operation 843 'br' 'br_ln1767' <Predicate = (index_10 == 147)> <Delay = 0.00>
ST_2 : Operation 844 [1/1] (1.58ns)   --->   "%store_ln1767 = store i16 %layer0_output_stream_read, i16 %empty_857" [H:/subband_ref_q610_opt_stage4_latency_stepL2.cpp:1767->H:/subband_ref_q610_opt_stage4_latency_stepL2.cpp:2018]   --->   Operation 844 'store' 'store_ln1767' <Predicate = (index_10 == 146)> <Delay = 1.58>
ST_2 : Operation 845 [1/1] (0.00ns)   --->   "%br_ln1767 = br void %arrayidx.i.exit" [H:/subband_ref_q610_opt_stage4_latency_stepL2.cpp:1767->H:/subband_ref_q610_opt_stage4_latency_stepL2.cpp:2018]   --->   Operation 845 'br' 'br_ln1767' <Predicate = (index_10 == 146)> <Delay = 0.00>
ST_2 : Operation 846 [1/1] (1.58ns)   --->   "%store_ln1767 = store i16 %layer0_output_stream_read, i16 %empty_858" [H:/subband_ref_q610_opt_stage4_latency_stepL2.cpp:1767->H:/subband_ref_q610_opt_stage4_latency_stepL2.cpp:2018]   --->   Operation 846 'store' 'store_ln1767' <Predicate = (index_10 == 145)> <Delay = 1.58>
ST_2 : Operation 847 [1/1] (0.00ns)   --->   "%br_ln1767 = br void %arrayidx.i.exit" [H:/subband_ref_q610_opt_stage4_latency_stepL2.cpp:1767->H:/subband_ref_q610_opt_stage4_latency_stepL2.cpp:2018]   --->   Operation 847 'br' 'br_ln1767' <Predicate = (index_10 == 145)> <Delay = 0.00>
ST_2 : Operation 848 [1/1] (1.58ns)   --->   "%store_ln1767 = store i16 %layer0_output_stream_read, i16 %empty_859" [H:/subband_ref_q610_opt_stage4_latency_stepL2.cpp:1767->H:/subband_ref_q610_opt_stage4_latency_stepL2.cpp:2018]   --->   Operation 848 'store' 'store_ln1767' <Predicate = (index_10 == 144)> <Delay = 1.58>
ST_2 : Operation 849 [1/1] (0.00ns)   --->   "%br_ln1767 = br void %arrayidx.i.exit" [H:/subband_ref_q610_opt_stage4_latency_stepL2.cpp:1767->H:/subband_ref_q610_opt_stage4_latency_stepL2.cpp:2018]   --->   Operation 849 'br' 'br_ln1767' <Predicate = (index_10 == 144)> <Delay = 0.00>
ST_2 : Operation 850 [1/1] (1.58ns)   --->   "%store_ln1767 = store i16 %layer0_output_stream_read, i16 %empty_860" [H:/subband_ref_q610_opt_stage4_latency_stepL2.cpp:1767->H:/subband_ref_q610_opt_stage4_latency_stepL2.cpp:2018]   --->   Operation 850 'store' 'store_ln1767' <Predicate = (index_10 == 143)> <Delay = 1.58>
ST_2 : Operation 851 [1/1] (0.00ns)   --->   "%br_ln1767 = br void %arrayidx.i.exit" [H:/subband_ref_q610_opt_stage4_latency_stepL2.cpp:1767->H:/subband_ref_q610_opt_stage4_latency_stepL2.cpp:2018]   --->   Operation 851 'br' 'br_ln1767' <Predicate = (index_10 == 143)> <Delay = 0.00>
ST_2 : Operation 852 [1/1] (1.58ns)   --->   "%store_ln1767 = store i16 %layer0_output_stream_read, i16 %empty_861" [H:/subband_ref_q610_opt_stage4_latency_stepL2.cpp:1767->H:/subband_ref_q610_opt_stage4_latency_stepL2.cpp:2018]   --->   Operation 852 'store' 'store_ln1767' <Predicate = (index_10 == 142)> <Delay = 1.58>
ST_2 : Operation 853 [1/1] (0.00ns)   --->   "%br_ln1767 = br void %arrayidx.i.exit" [H:/subband_ref_q610_opt_stage4_latency_stepL2.cpp:1767->H:/subband_ref_q610_opt_stage4_latency_stepL2.cpp:2018]   --->   Operation 853 'br' 'br_ln1767' <Predicate = (index_10 == 142)> <Delay = 0.00>
ST_2 : Operation 854 [1/1] (1.58ns)   --->   "%store_ln1767 = store i16 %layer0_output_stream_read, i16 %empty_862" [H:/subband_ref_q610_opt_stage4_latency_stepL2.cpp:1767->H:/subband_ref_q610_opt_stage4_latency_stepL2.cpp:2018]   --->   Operation 854 'store' 'store_ln1767' <Predicate = (index_10 == 141)> <Delay = 1.58>
ST_2 : Operation 855 [1/1] (0.00ns)   --->   "%br_ln1767 = br void %arrayidx.i.exit" [H:/subband_ref_q610_opt_stage4_latency_stepL2.cpp:1767->H:/subband_ref_q610_opt_stage4_latency_stepL2.cpp:2018]   --->   Operation 855 'br' 'br_ln1767' <Predicate = (index_10 == 141)> <Delay = 0.00>
ST_2 : Operation 856 [1/1] (1.58ns)   --->   "%store_ln1767 = store i16 %layer0_output_stream_read, i16 %empty_863" [H:/subband_ref_q610_opt_stage4_latency_stepL2.cpp:1767->H:/subband_ref_q610_opt_stage4_latency_stepL2.cpp:2018]   --->   Operation 856 'store' 'store_ln1767' <Predicate = (index_10 == 140)> <Delay = 1.58>
ST_2 : Operation 857 [1/1] (0.00ns)   --->   "%br_ln1767 = br void %arrayidx.i.exit" [H:/subband_ref_q610_opt_stage4_latency_stepL2.cpp:1767->H:/subband_ref_q610_opt_stage4_latency_stepL2.cpp:2018]   --->   Operation 857 'br' 'br_ln1767' <Predicate = (index_10 == 140)> <Delay = 0.00>
ST_2 : Operation 858 [1/1] (1.58ns)   --->   "%store_ln1767 = store i16 %layer0_output_stream_read, i16 %empty_864" [H:/subband_ref_q610_opt_stage4_latency_stepL2.cpp:1767->H:/subband_ref_q610_opt_stage4_latency_stepL2.cpp:2018]   --->   Operation 858 'store' 'store_ln1767' <Predicate = (index_10 == 139)> <Delay = 1.58>
ST_2 : Operation 859 [1/1] (0.00ns)   --->   "%br_ln1767 = br void %arrayidx.i.exit" [H:/subband_ref_q610_opt_stage4_latency_stepL2.cpp:1767->H:/subband_ref_q610_opt_stage4_latency_stepL2.cpp:2018]   --->   Operation 859 'br' 'br_ln1767' <Predicate = (index_10 == 139)> <Delay = 0.00>
ST_2 : Operation 860 [1/1] (1.58ns)   --->   "%store_ln1767 = store i16 %layer0_output_stream_read, i16 %empty_865" [H:/subband_ref_q610_opt_stage4_latency_stepL2.cpp:1767->H:/subband_ref_q610_opt_stage4_latency_stepL2.cpp:2018]   --->   Operation 860 'store' 'store_ln1767' <Predicate = (index_10 == 138)> <Delay = 1.58>
ST_2 : Operation 861 [1/1] (0.00ns)   --->   "%br_ln1767 = br void %arrayidx.i.exit" [H:/subband_ref_q610_opt_stage4_latency_stepL2.cpp:1767->H:/subband_ref_q610_opt_stage4_latency_stepL2.cpp:2018]   --->   Operation 861 'br' 'br_ln1767' <Predicate = (index_10 == 138)> <Delay = 0.00>
ST_2 : Operation 862 [1/1] (1.58ns)   --->   "%store_ln1767 = store i16 %layer0_output_stream_read, i16 %empty_866" [H:/subband_ref_q610_opt_stage4_latency_stepL2.cpp:1767->H:/subband_ref_q610_opt_stage4_latency_stepL2.cpp:2018]   --->   Operation 862 'store' 'store_ln1767' <Predicate = (index_10 == 137)> <Delay = 1.58>
ST_2 : Operation 863 [1/1] (0.00ns)   --->   "%br_ln1767 = br void %arrayidx.i.exit" [H:/subband_ref_q610_opt_stage4_latency_stepL2.cpp:1767->H:/subband_ref_q610_opt_stage4_latency_stepL2.cpp:2018]   --->   Operation 863 'br' 'br_ln1767' <Predicate = (index_10 == 137)> <Delay = 0.00>
ST_2 : Operation 864 [1/1] (1.58ns)   --->   "%store_ln1767 = store i16 %layer0_output_stream_read, i16 %empty_867" [H:/subband_ref_q610_opt_stage4_latency_stepL2.cpp:1767->H:/subband_ref_q610_opt_stage4_latency_stepL2.cpp:2018]   --->   Operation 864 'store' 'store_ln1767' <Predicate = (index_10 == 136)> <Delay = 1.58>
ST_2 : Operation 865 [1/1] (0.00ns)   --->   "%br_ln1767 = br void %arrayidx.i.exit" [H:/subband_ref_q610_opt_stage4_latency_stepL2.cpp:1767->H:/subband_ref_q610_opt_stage4_latency_stepL2.cpp:2018]   --->   Operation 865 'br' 'br_ln1767' <Predicate = (index_10 == 136)> <Delay = 0.00>
ST_2 : Operation 866 [1/1] (1.58ns)   --->   "%store_ln1767 = store i16 %layer0_output_stream_read, i16 %empty_868" [H:/subband_ref_q610_opt_stage4_latency_stepL2.cpp:1767->H:/subband_ref_q610_opt_stage4_latency_stepL2.cpp:2018]   --->   Operation 866 'store' 'store_ln1767' <Predicate = (index_10 == 135)> <Delay = 1.58>
ST_2 : Operation 867 [1/1] (0.00ns)   --->   "%br_ln1767 = br void %arrayidx.i.exit" [H:/subband_ref_q610_opt_stage4_latency_stepL2.cpp:1767->H:/subband_ref_q610_opt_stage4_latency_stepL2.cpp:2018]   --->   Operation 867 'br' 'br_ln1767' <Predicate = (index_10 == 135)> <Delay = 0.00>
ST_2 : Operation 868 [1/1] (1.58ns)   --->   "%store_ln1767 = store i16 %layer0_output_stream_read, i16 %empty_869" [H:/subband_ref_q610_opt_stage4_latency_stepL2.cpp:1767->H:/subband_ref_q610_opt_stage4_latency_stepL2.cpp:2018]   --->   Operation 868 'store' 'store_ln1767' <Predicate = (index_10 == 134)> <Delay = 1.58>
ST_2 : Operation 869 [1/1] (0.00ns)   --->   "%br_ln1767 = br void %arrayidx.i.exit" [H:/subband_ref_q610_opt_stage4_latency_stepL2.cpp:1767->H:/subband_ref_q610_opt_stage4_latency_stepL2.cpp:2018]   --->   Operation 869 'br' 'br_ln1767' <Predicate = (index_10 == 134)> <Delay = 0.00>
ST_2 : Operation 870 [1/1] (1.58ns)   --->   "%store_ln1767 = store i16 %layer0_output_stream_read, i16 %empty_870" [H:/subband_ref_q610_opt_stage4_latency_stepL2.cpp:1767->H:/subband_ref_q610_opt_stage4_latency_stepL2.cpp:2018]   --->   Operation 870 'store' 'store_ln1767' <Predicate = (index_10 == 133)> <Delay = 1.58>
ST_2 : Operation 871 [1/1] (0.00ns)   --->   "%br_ln1767 = br void %arrayidx.i.exit" [H:/subband_ref_q610_opt_stage4_latency_stepL2.cpp:1767->H:/subband_ref_q610_opt_stage4_latency_stepL2.cpp:2018]   --->   Operation 871 'br' 'br_ln1767' <Predicate = (index_10 == 133)> <Delay = 0.00>
ST_2 : Operation 872 [1/1] (1.58ns)   --->   "%store_ln1767 = store i16 %layer0_output_stream_read, i16 %empty_871" [H:/subband_ref_q610_opt_stage4_latency_stepL2.cpp:1767->H:/subband_ref_q610_opt_stage4_latency_stepL2.cpp:2018]   --->   Operation 872 'store' 'store_ln1767' <Predicate = (index_10 == 132)> <Delay = 1.58>
ST_2 : Operation 873 [1/1] (0.00ns)   --->   "%br_ln1767 = br void %arrayidx.i.exit" [H:/subband_ref_q610_opt_stage4_latency_stepL2.cpp:1767->H:/subband_ref_q610_opt_stage4_latency_stepL2.cpp:2018]   --->   Operation 873 'br' 'br_ln1767' <Predicate = (index_10 == 132)> <Delay = 0.00>
ST_2 : Operation 874 [1/1] (1.58ns)   --->   "%store_ln1767 = store i16 %layer0_output_stream_read, i16 %empty_872" [H:/subband_ref_q610_opt_stage4_latency_stepL2.cpp:1767->H:/subband_ref_q610_opt_stage4_latency_stepL2.cpp:2018]   --->   Operation 874 'store' 'store_ln1767' <Predicate = (index_10 == 131)> <Delay = 1.58>
ST_2 : Operation 875 [1/1] (0.00ns)   --->   "%br_ln1767 = br void %arrayidx.i.exit" [H:/subband_ref_q610_opt_stage4_latency_stepL2.cpp:1767->H:/subband_ref_q610_opt_stage4_latency_stepL2.cpp:2018]   --->   Operation 875 'br' 'br_ln1767' <Predicate = (index_10 == 131)> <Delay = 0.00>
ST_2 : Operation 876 [1/1] (1.58ns)   --->   "%store_ln1767 = store i16 %layer0_output_stream_read, i16 %empty_873" [H:/subband_ref_q610_opt_stage4_latency_stepL2.cpp:1767->H:/subband_ref_q610_opt_stage4_latency_stepL2.cpp:2018]   --->   Operation 876 'store' 'store_ln1767' <Predicate = (index_10 == 130)> <Delay = 1.58>
ST_2 : Operation 877 [1/1] (0.00ns)   --->   "%br_ln1767 = br void %arrayidx.i.exit" [H:/subband_ref_q610_opt_stage4_latency_stepL2.cpp:1767->H:/subband_ref_q610_opt_stage4_latency_stepL2.cpp:2018]   --->   Operation 877 'br' 'br_ln1767' <Predicate = (index_10 == 130)> <Delay = 0.00>
ST_2 : Operation 878 [1/1] (1.58ns)   --->   "%store_ln1767 = store i16 %layer0_output_stream_read, i16 %empty_874" [H:/subband_ref_q610_opt_stage4_latency_stepL2.cpp:1767->H:/subband_ref_q610_opt_stage4_latency_stepL2.cpp:2018]   --->   Operation 878 'store' 'store_ln1767' <Predicate = (index_10 == 129)> <Delay = 1.58>
ST_2 : Operation 879 [1/1] (0.00ns)   --->   "%br_ln1767 = br void %arrayidx.i.exit" [H:/subband_ref_q610_opt_stage4_latency_stepL2.cpp:1767->H:/subband_ref_q610_opt_stage4_latency_stepL2.cpp:2018]   --->   Operation 879 'br' 'br_ln1767' <Predicate = (index_10 == 129)> <Delay = 0.00>
ST_2 : Operation 880 [1/1] (1.58ns)   --->   "%store_ln1767 = store i16 %layer0_output_stream_read, i16 %empty_875" [H:/subband_ref_q610_opt_stage4_latency_stepL2.cpp:1767->H:/subband_ref_q610_opt_stage4_latency_stepL2.cpp:2018]   --->   Operation 880 'store' 'store_ln1767' <Predicate = (index_10 == 128)> <Delay = 1.58>
ST_2 : Operation 881 [1/1] (0.00ns)   --->   "%br_ln1767 = br void %arrayidx.i.exit" [H:/subband_ref_q610_opt_stage4_latency_stepL2.cpp:1767->H:/subband_ref_q610_opt_stage4_latency_stepL2.cpp:2018]   --->   Operation 881 'br' 'br_ln1767' <Predicate = (index_10 == 128)> <Delay = 0.00>
ST_2 : Operation 882 [1/1] (1.58ns)   --->   "%store_ln1767 = store i16 %layer0_output_stream_read, i16 %empty_876" [H:/subband_ref_q610_opt_stage4_latency_stepL2.cpp:1767->H:/subband_ref_q610_opt_stage4_latency_stepL2.cpp:2018]   --->   Operation 882 'store' 'store_ln1767' <Predicate = (index_10 == 127)> <Delay = 1.58>
ST_2 : Operation 883 [1/1] (0.00ns)   --->   "%br_ln1767 = br void %arrayidx.i.exit" [H:/subband_ref_q610_opt_stage4_latency_stepL2.cpp:1767->H:/subband_ref_q610_opt_stage4_latency_stepL2.cpp:2018]   --->   Operation 883 'br' 'br_ln1767' <Predicate = (index_10 == 127)> <Delay = 0.00>
ST_2 : Operation 884 [1/1] (1.58ns)   --->   "%store_ln1767 = store i16 %layer0_output_stream_read, i16 %empty_877" [H:/subband_ref_q610_opt_stage4_latency_stepL2.cpp:1767->H:/subband_ref_q610_opt_stage4_latency_stepL2.cpp:2018]   --->   Operation 884 'store' 'store_ln1767' <Predicate = (index_10 == 126)> <Delay = 1.58>
ST_2 : Operation 885 [1/1] (0.00ns)   --->   "%br_ln1767 = br void %arrayidx.i.exit" [H:/subband_ref_q610_opt_stage4_latency_stepL2.cpp:1767->H:/subband_ref_q610_opt_stage4_latency_stepL2.cpp:2018]   --->   Operation 885 'br' 'br_ln1767' <Predicate = (index_10 == 126)> <Delay = 0.00>
ST_2 : Operation 886 [1/1] (1.58ns)   --->   "%store_ln1767 = store i16 %layer0_output_stream_read, i16 %empty_878" [H:/subband_ref_q610_opt_stage4_latency_stepL2.cpp:1767->H:/subband_ref_q610_opt_stage4_latency_stepL2.cpp:2018]   --->   Operation 886 'store' 'store_ln1767' <Predicate = (index_10 == 125)> <Delay = 1.58>
ST_2 : Operation 887 [1/1] (0.00ns)   --->   "%br_ln1767 = br void %arrayidx.i.exit" [H:/subband_ref_q610_opt_stage4_latency_stepL2.cpp:1767->H:/subband_ref_q610_opt_stage4_latency_stepL2.cpp:2018]   --->   Operation 887 'br' 'br_ln1767' <Predicate = (index_10 == 125)> <Delay = 0.00>
ST_2 : Operation 888 [1/1] (1.58ns)   --->   "%store_ln1767 = store i16 %layer0_output_stream_read, i16 %empty_879" [H:/subband_ref_q610_opt_stage4_latency_stepL2.cpp:1767->H:/subband_ref_q610_opt_stage4_latency_stepL2.cpp:2018]   --->   Operation 888 'store' 'store_ln1767' <Predicate = (index_10 == 124)> <Delay = 1.58>
ST_2 : Operation 889 [1/1] (0.00ns)   --->   "%br_ln1767 = br void %arrayidx.i.exit" [H:/subband_ref_q610_opt_stage4_latency_stepL2.cpp:1767->H:/subband_ref_q610_opt_stage4_latency_stepL2.cpp:2018]   --->   Operation 889 'br' 'br_ln1767' <Predicate = (index_10 == 124)> <Delay = 0.00>
ST_2 : Operation 890 [1/1] (1.58ns)   --->   "%store_ln1767 = store i16 %layer0_output_stream_read, i16 %empty_880" [H:/subband_ref_q610_opt_stage4_latency_stepL2.cpp:1767->H:/subband_ref_q610_opt_stage4_latency_stepL2.cpp:2018]   --->   Operation 890 'store' 'store_ln1767' <Predicate = (index_10 == 123)> <Delay = 1.58>
ST_2 : Operation 891 [1/1] (0.00ns)   --->   "%br_ln1767 = br void %arrayidx.i.exit" [H:/subband_ref_q610_opt_stage4_latency_stepL2.cpp:1767->H:/subband_ref_q610_opt_stage4_latency_stepL2.cpp:2018]   --->   Operation 891 'br' 'br_ln1767' <Predicate = (index_10 == 123)> <Delay = 0.00>
ST_2 : Operation 892 [1/1] (1.58ns)   --->   "%store_ln1767 = store i16 %layer0_output_stream_read, i16 %empty_881" [H:/subband_ref_q610_opt_stage4_latency_stepL2.cpp:1767->H:/subband_ref_q610_opt_stage4_latency_stepL2.cpp:2018]   --->   Operation 892 'store' 'store_ln1767' <Predicate = (index_10 == 122)> <Delay = 1.58>
ST_2 : Operation 893 [1/1] (0.00ns)   --->   "%br_ln1767 = br void %arrayidx.i.exit" [H:/subband_ref_q610_opt_stage4_latency_stepL2.cpp:1767->H:/subband_ref_q610_opt_stage4_latency_stepL2.cpp:2018]   --->   Operation 893 'br' 'br_ln1767' <Predicate = (index_10 == 122)> <Delay = 0.00>
ST_2 : Operation 894 [1/1] (1.58ns)   --->   "%store_ln1767 = store i16 %layer0_output_stream_read, i16 %empty_882" [H:/subband_ref_q610_opt_stage4_latency_stepL2.cpp:1767->H:/subband_ref_q610_opt_stage4_latency_stepL2.cpp:2018]   --->   Operation 894 'store' 'store_ln1767' <Predicate = (index_10 == 121)> <Delay = 1.58>
ST_2 : Operation 895 [1/1] (0.00ns)   --->   "%br_ln1767 = br void %arrayidx.i.exit" [H:/subband_ref_q610_opt_stage4_latency_stepL2.cpp:1767->H:/subband_ref_q610_opt_stage4_latency_stepL2.cpp:2018]   --->   Operation 895 'br' 'br_ln1767' <Predicate = (index_10 == 121)> <Delay = 0.00>
ST_2 : Operation 896 [1/1] (1.58ns)   --->   "%store_ln1767 = store i16 %layer0_output_stream_read, i16 %empty_883" [H:/subband_ref_q610_opt_stage4_latency_stepL2.cpp:1767->H:/subband_ref_q610_opt_stage4_latency_stepL2.cpp:2018]   --->   Operation 896 'store' 'store_ln1767' <Predicate = (index_10 == 120)> <Delay = 1.58>
ST_2 : Operation 897 [1/1] (0.00ns)   --->   "%br_ln1767 = br void %arrayidx.i.exit" [H:/subband_ref_q610_opt_stage4_latency_stepL2.cpp:1767->H:/subband_ref_q610_opt_stage4_latency_stepL2.cpp:2018]   --->   Operation 897 'br' 'br_ln1767' <Predicate = (index_10 == 120)> <Delay = 0.00>
ST_2 : Operation 898 [1/1] (1.58ns)   --->   "%store_ln1767 = store i16 %layer0_output_stream_read, i16 %empty_884" [H:/subband_ref_q610_opt_stage4_latency_stepL2.cpp:1767->H:/subband_ref_q610_opt_stage4_latency_stepL2.cpp:2018]   --->   Operation 898 'store' 'store_ln1767' <Predicate = (index_10 == 119)> <Delay = 1.58>
ST_2 : Operation 899 [1/1] (0.00ns)   --->   "%br_ln1767 = br void %arrayidx.i.exit" [H:/subband_ref_q610_opt_stage4_latency_stepL2.cpp:1767->H:/subband_ref_q610_opt_stage4_latency_stepL2.cpp:2018]   --->   Operation 899 'br' 'br_ln1767' <Predicate = (index_10 == 119)> <Delay = 0.00>
ST_2 : Operation 900 [1/1] (1.58ns)   --->   "%store_ln1767 = store i16 %layer0_output_stream_read, i16 %empty_885" [H:/subband_ref_q610_opt_stage4_latency_stepL2.cpp:1767->H:/subband_ref_q610_opt_stage4_latency_stepL2.cpp:2018]   --->   Operation 900 'store' 'store_ln1767' <Predicate = (index_10 == 118)> <Delay = 1.58>
ST_2 : Operation 901 [1/1] (0.00ns)   --->   "%br_ln1767 = br void %arrayidx.i.exit" [H:/subband_ref_q610_opt_stage4_latency_stepL2.cpp:1767->H:/subband_ref_q610_opt_stage4_latency_stepL2.cpp:2018]   --->   Operation 901 'br' 'br_ln1767' <Predicate = (index_10 == 118)> <Delay = 0.00>
ST_2 : Operation 902 [1/1] (1.58ns)   --->   "%store_ln1767 = store i16 %layer0_output_stream_read, i16 %empty_886" [H:/subband_ref_q610_opt_stage4_latency_stepL2.cpp:1767->H:/subband_ref_q610_opt_stage4_latency_stepL2.cpp:2018]   --->   Operation 902 'store' 'store_ln1767' <Predicate = (index_10 == 117)> <Delay = 1.58>
ST_2 : Operation 903 [1/1] (0.00ns)   --->   "%br_ln1767 = br void %arrayidx.i.exit" [H:/subband_ref_q610_opt_stage4_latency_stepL2.cpp:1767->H:/subband_ref_q610_opt_stage4_latency_stepL2.cpp:2018]   --->   Operation 903 'br' 'br_ln1767' <Predicate = (index_10 == 117)> <Delay = 0.00>
ST_2 : Operation 904 [1/1] (1.58ns)   --->   "%store_ln1767 = store i16 %layer0_output_stream_read, i16 %empty_887" [H:/subband_ref_q610_opt_stage4_latency_stepL2.cpp:1767->H:/subband_ref_q610_opt_stage4_latency_stepL2.cpp:2018]   --->   Operation 904 'store' 'store_ln1767' <Predicate = (index_10 == 116)> <Delay = 1.58>
ST_2 : Operation 905 [1/1] (0.00ns)   --->   "%br_ln1767 = br void %arrayidx.i.exit" [H:/subband_ref_q610_opt_stage4_latency_stepL2.cpp:1767->H:/subband_ref_q610_opt_stage4_latency_stepL2.cpp:2018]   --->   Operation 905 'br' 'br_ln1767' <Predicate = (index_10 == 116)> <Delay = 0.00>
ST_2 : Operation 906 [1/1] (1.58ns)   --->   "%store_ln1767 = store i16 %layer0_output_stream_read, i16 %empty_888" [H:/subband_ref_q610_opt_stage4_latency_stepL2.cpp:1767->H:/subband_ref_q610_opt_stage4_latency_stepL2.cpp:2018]   --->   Operation 906 'store' 'store_ln1767' <Predicate = (index_10 == 115)> <Delay = 1.58>
ST_2 : Operation 907 [1/1] (0.00ns)   --->   "%br_ln1767 = br void %arrayidx.i.exit" [H:/subband_ref_q610_opt_stage4_latency_stepL2.cpp:1767->H:/subband_ref_q610_opt_stage4_latency_stepL2.cpp:2018]   --->   Operation 907 'br' 'br_ln1767' <Predicate = (index_10 == 115)> <Delay = 0.00>
ST_2 : Operation 908 [1/1] (1.58ns)   --->   "%store_ln1767 = store i16 %layer0_output_stream_read, i16 %empty_889" [H:/subband_ref_q610_opt_stage4_latency_stepL2.cpp:1767->H:/subband_ref_q610_opt_stage4_latency_stepL2.cpp:2018]   --->   Operation 908 'store' 'store_ln1767' <Predicate = (index_10 == 114)> <Delay = 1.58>
ST_2 : Operation 909 [1/1] (0.00ns)   --->   "%br_ln1767 = br void %arrayidx.i.exit" [H:/subband_ref_q610_opt_stage4_latency_stepL2.cpp:1767->H:/subband_ref_q610_opt_stage4_latency_stepL2.cpp:2018]   --->   Operation 909 'br' 'br_ln1767' <Predicate = (index_10 == 114)> <Delay = 0.00>
ST_2 : Operation 910 [1/1] (1.58ns)   --->   "%store_ln1767 = store i16 %layer0_output_stream_read, i16 %empty_890" [H:/subband_ref_q610_opt_stage4_latency_stepL2.cpp:1767->H:/subband_ref_q610_opt_stage4_latency_stepL2.cpp:2018]   --->   Operation 910 'store' 'store_ln1767' <Predicate = (index_10 == 113)> <Delay = 1.58>
ST_2 : Operation 911 [1/1] (0.00ns)   --->   "%br_ln1767 = br void %arrayidx.i.exit" [H:/subband_ref_q610_opt_stage4_latency_stepL2.cpp:1767->H:/subband_ref_q610_opt_stage4_latency_stepL2.cpp:2018]   --->   Operation 911 'br' 'br_ln1767' <Predicate = (index_10 == 113)> <Delay = 0.00>
ST_2 : Operation 912 [1/1] (1.58ns)   --->   "%store_ln1767 = store i16 %layer0_output_stream_read, i16 %empty_891" [H:/subband_ref_q610_opt_stage4_latency_stepL2.cpp:1767->H:/subband_ref_q610_opt_stage4_latency_stepL2.cpp:2018]   --->   Operation 912 'store' 'store_ln1767' <Predicate = (index_10 == 112)> <Delay = 1.58>
ST_2 : Operation 913 [1/1] (0.00ns)   --->   "%br_ln1767 = br void %arrayidx.i.exit" [H:/subband_ref_q610_opt_stage4_latency_stepL2.cpp:1767->H:/subband_ref_q610_opt_stage4_latency_stepL2.cpp:2018]   --->   Operation 913 'br' 'br_ln1767' <Predicate = (index_10 == 112)> <Delay = 0.00>
ST_2 : Operation 914 [1/1] (1.58ns)   --->   "%store_ln1767 = store i16 %layer0_output_stream_read, i16 %empty_892" [H:/subband_ref_q610_opt_stage4_latency_stepL2.cpp:1767->H:/subband_ref_q610_opt_stage4_latency_stepL2.cpp:2018]   --->   Operation 914 'store' 'store_ln1767' <Predicate = (index_10 == 111)> <Delay = 1.58>
ST_2 : Operation 915 [1/1] (0.00ns)   --->   "%br_ln1767 = br void %arrayidx.i.exit" [H:/subband_ref_q610_opt_stage4_latency_stepL2.cpp:1767->H:/subband_ref_q610_opt_stage4_latency_stepL2.cpp:2018]   --->   Operation 915 'br' 'br_ln1767' <Predicate = (index_10 == 111)> <Delay = 0.00>
ST_2 : Operation 916 [1/1] (1.58ns)   --->   "%store_ln1767 = store i16 %layer0_output_stream_read, i16 %empty_893" [H:/subband_ref_q610_opt_stage4_latency_stepL2.cpp:1767->H:/subband_ref_q610_opt_stage4_latency_stepL2.cpp:2018]   --->   Operation 916 'store' 'store_ln1767' <Predicate = (index_10 == 110)> <Delay = 1.58>
ST_2 : Operation 917 [1/1] (0.00ns)   --->   "%br_ln1767 = br void %arrayidx.i.exit" [H:/subband_ref_q610_opt_stage4_latency_stepL2.cpp:1767->H:/subband_ref_q610_opt_stage4_latency_stepL2.cpp:2018]   --->   Operation 917 'br' 'br_ln1767' <Predicate = (index_10 == 110)> <Delay = 0.00>
ST_2 : Operation 918 [1/1] (1.58ns)   --->   "%store_ln1767 = store i16 %layer0_output_stream_read, i16 %empty_894" [H:/subband_ref_q610_opt_stage4_latency_stepL2.cpp:1767->H:/subband_ref_q610_opt_stage4_latency_stepL2.cpp:2018]   --->   Operation 918 'store' 'store_ln1767' <Predicate = (index_10 == 109)> <Delay = 1.58>
ST_2 : Operation 919 [1/1] (0.00ns)   --->   "%br_ln1767 = br void %arrayidx.i.exit" [H:/subband_ref_q610_opt_stage4_latency_stepL2.cpp:1767->H:/subband_ref_q610_opt_stage4_latency_stepL2.cpp:2018]   --->   Operation 919 'br' 'br_ln1767' <Predicate = (index_10 == 109)> <Delay = 0.00>
ST_2 : Operation 920 [1/1] (1.58ns)   --->   "%store_ln1767 = store i16 %layer0_output_stream_read, i16 %empty_895" [H:/subband_ref_q610_opt_stage4_latency_stepL2.cpp:1767->H:/subband_ref_q610_opt_stage4_latency_stepL2.cpp:2018]   --->   Operation 920 'store' 'store_ln1767' <Predicate = (index_10 == 108)> <Delay = 1.58>
ST_2 : Operation 921 [1/1] (0.00ns)   --->   "%br_ln1767 = br void %arrayidx.i.exit" [H:/subband_ref_q610_opt_stage4_latency_stepL2.cpp:1767->H:/subband_ref_q610_opt_stage4_latency_stepL2.cpp:2018]   --->   Operation 921 'br' 'br_ln1767' <Predicate = (index_10 == 108)> <Delay = 0.00>
ST_2 : Operation 922 [1/1] (1.58ns)   --->   "%store_ln1767 = store i16 %layer0_output_stream_read, i16 %empty_896" [H:/subband_ref_q610_opt_stage4_latency_stepL2.cpp:1767->H:/subband_ref_q610_opt_stage4_latency_stepL2.cpp:2018]   --->   Operation 922 'store' 'store_ln1767' <Predicate = (index_10 == 107)> <Delay = 1.58>
ST_2 : Operation 923 [1/1] (0.00ns)   --->   "%br_ln1767 = br void %arrayidx.i.exit" [H:/subband_ref_q610_opt_stage4_latency_stepL2.cpp:1767->H:/subband_ref_q610_opt_stage4_latency_stepL2.cpp:2018]   --->   Operation 923 'br' 'br_ln1767' <Predicate = (index_10 == 107)> <Delay = 0.00>
ST_2 : Operation 924 [1/1] (1.58ns)   --->   "%store_ln1767 = store i16 %layer0_output_stream_read, i16 %empty_897" [H:/subband_ref_q610_opt_stage4_latency_stepL2.cpp:1767->H:/subband_ref_q610_opt_stage4_latency_stepL2.cpp:2018]   --->   Operation 924 'store' 'store_ln1767' <Predicate = (index_10 == 106)> <Delay = 1.58>
ST_2 : Operation 925 [1/1] (0.00ns)   --->   "%br_ln1767 = br void %arrayidx.i.exit" [H:/subband_ref_q610_opt_stage4_latency_stepL2.cpp:1767->H:/subband_ref_q610_opt_stage4_latency_stepL2.cpp:2018]   --->   Operation 925 'br' 'br_ln1767' <Predicate = (index_10 == 106)> <Delay = 0.00>
ST_2 : Operation 926 [1/1] (1.58ns)   --->   "%store_ln1767 = store i16 %layer0_output_stream_read, i16 %empty_898" [H:/subband_ref_q610_opt_stage4_latency_stepL2.cpp:1767->H:/subband_ref_q610_opt_stage4_latency_stepL2.cpp:2018]   --->   Operation 926 'store' 'store_ln1767' <Predicate = (index_10 == 105)> <Delay = 1.58>
ST_2 : Operation 927 [1/1] (0.00ns)   --->   "%br_ln1767 = br void %arrayidx.i.exit" [H:/subband_ref_q610_opt_stage4_latency_stepL2.cpp:1767->H:/subband_ref_q610_opt_stage4_latency_stepL2.cpp:2018]   --->   Operation 927 'br' 'br_ln1767' <Predicate = (index_10 == 105)> <Delay = 0.00>
ST_2 : Operation 928 [1/1] (1.58ns)   --->   "%store_ln1767 = store i16 %layer0_output_stream_read, i16 %empty_899" [H:/subband_ref_q610_opt_stage4_latency_stepL2.cpp:1767->H:/subband_ref_q610_opt_stage4_latency_stepL2.cpp:2018]   --->   Operation 928 'store' 'store_ln1767' <Predicate = (index_10 == 104)> <Delay = 1.58>
ST_2 : Operation 929 [1/1] (0.00ns)   --->   "%br_ln1767 = br void %arrayidx.i.exit" [H:/subband_ref_q610_opt_stage4_latency_stepL2.cpp:1767->H:/subband_ref_q610_opt_stage4_latency_stepL2.cpp:2018]   --->   Operation 929 'br' 'br_ln1767' <Predicate = (index_10 == 104)> <Delay = 0.00>
ST_2 : Operation 930 [1/1] (1.58ns)   --->   "%store_ln1767 = store i16 %layer0_output_stream_read, i16 %empty_900" [H:/subband_ref_q610_opt_stage4_latency_stepL2.cpp:1767->H:/subband_ref_q610_opt_stage4_latency_stepL2.cpp:2018]   --->   Operation 930 'store' 'store_ln1767' <Predicate = (index_10 == 103)> <Delay = 1.58>
ST_2 : Operation 931 [1/1] (0.00ns)   --->   "%br_ln1767 = br void %arrayidx.i.exit" [H:/subband_ref_q610_opt_stage4_latency_stepL2.cpp:1767->H:/subband_ref_q610_opt_stage4_latency_stepL2.cpp:2018]   --->   Operation 931 'br' 'br_ln1767' <Predicate = (index_10 == 103)> <Delay = 0.00>
ST_2 : Operation 932 [1/1] (1.58ns)   --->   "%store_ln1767 = store i16 %layer0_output_stream_read, i16 %empty_901" [H:/subband_ref_q610_opt_stage4_latency_stepL2.cpp:1767->H:/subband_ref_q610_opt_stage4_latency_stepL2.cpp:2018]   --->   Operation 932 'store' 'store_ln1767' <Predicate = (index_10 == 102)> <Delay = 1.58>
ST_2 : Operation 933 [1/1] (0.00ns)   --->   "%br_ln1767 = br void %arrayidx.i.exit" [H:/subband_ref_q610_opt_stage4_latency_stepL2.cpp:1767->H:/subband_ref_q610_opt_stage4_latency_stepL2.cpp:2018]   --->   Operation 933 'br' 'br_ln1767' <Predicate = (index_10 == 102)> <Delay = 0.00>
ST_2 : Operation 934 [1/1] (1.58ns)   --->   "%store_ln1767 = store i16 %layer0_output_stream_read, i16 %empty_902" [H:/subband_ref_q610_opt_stage4_latency_stepL2.cpp:1767->H:/subband_ref_q610_opt_stage4_latency_stepL2.cpp:2018]   --->   Operation 934 'store' 'store_ln1767' <Predicate = (index_10 == 101)> <Delay = 1.58>
ST_2 : Operation 935 [1/1] (0.00ns)   --->   "%br_ln1767 = br void %arrayidx.i.exit" [H:/subband_ref_q610_opt_stage4_latency_stepL2.cpp:1767->H:/subband_ref_q610_opt_stage4_latency_stepL2.cpp:2018]   --->   Operation 935 'br' 'br_ln1767' <Predicate = (index_10 == 101)> <Delay = 0.00>
ST_2 : Operation 936 [1/1] (1.58ns)   --->   "%store_ln1767 = store i16 %layer0_output_stream_read, i16 %empty_903" [H:/subband_ref_q610_opt_stage4_latency_stepL2.cpp:1767->H:/subband_ref_q610_opt_stage4_latency_stepL2.cpp:2018]   --->   Operation 936 'store' 'store_ln1767' <Predicate = (index_10 == 100)> <Delay = 1.58>
ST_2 : Operation 937 [1/1] (0.00ns)   --->   "%br_ln1767 = br void %arrayidx.i.exit" [H:/subband_ref_q610_opt_stage4_latency_stepL2.cpp:1767->H:/subband_ref_q610_opt_stage4_latency_stepL2.cpp:2018]   --->   Operation 937 'br' 'br_ln1767' <Predicate = (index_10 == 100)> <Delay = 0.00>
ST_2 : Operation 938 [1/1] (1.58ns)   --->   "%store_ln1767 = store i16 %layer0_output_stream_read, i16 %empty_904" [H:/subband_ref_q610_opt_stage4_latency_stepL2.cpp:1767->H:/subband_ref_q610_opt_stage4_latency_stepL2.cpp:2018]   --->   Operation 938 'store' 'store_ln1767' <Predicate = (index_10 == 99)> <Delay = 1.58>
ST_2 : Operation 939 [1/1] (0.00ns)   --->   "%br_ln1767 = br void %arrayidx.i.exit" [H:/subband_ref_q610_opt_stage4_latency_stepL2.cpp:1767->H:/subband_ref_q610_opt_stage4_latency_stepL2.cpp:2018]   --->   Operation 939 'br' 'br_ln1767' <Predicate = (index_10 == 99)> <Delay = 0.00>
ST_2 : Operation 940 [1/1] (1.58ns)   --->   "%store_ln1767 = store i16 %layer0_output_stream_read, i16 %empty_905" [H:/subband_ref_q610_opt_stage4_latency_stepL2.cpp:1767->H:/subband_ref_q610_opt_stage4_latency_stepL2.cpp:2018]   --->   Operation 940 'store' 'store_ln1767' <Predicate = (index_10 == 98)> <Delay = 1.58>
ST_2 : Operation 941 [1/1] (0.00ns)   --->   "%br_ln1767 = br void %arrayidx.i.exit" [H:/subband_ref_q610_opt_stage4_latency_stepL2.cpp:1767->H:/subband_ref_q610_opt_stage4_latency_stepL2.cpp:2018]   --->   Operation 941 'br' 'br_ln1767' <Predicate = (index_10 == 98)> <Delay = 0.00>
ST_2 : Operation 942 [1/1] (1.58ns)   --->   "%store_ln1767 = store i16 %layer0_output_stream_read, i16 %empty_906" [H:/subband_ref_q610_opt_stage4_latency_stepL2.cpp:1767->H:/subband_ref_q610_opt_stage4_latency_stepL2.cpp:2018]   --->   Operation 942 'store' 'store_ln1767' <Predicate = (index_10 == 97)> <Delay = 1.58>
ST_2 : Operation 943 [1/1] (0.00ns)   --->   "%br_ln1767 = br void %arrayidx.i.exit" [H:/subband_ref_q610_opt_stage4_latency_stepL2.cpp:1767->H:/subband_ref_q610_opt_stage4_latency_stepL2.cpp:2018]   --->   Operation 943 'br' 'br_ln1767' <Predicate = (index_10 == 97)> <Delay = 0.00>
ST_2 : Operation 944 [1/1] (1.58ns)   --->   "%store_ln1767 = store i16 %layer0_output_stream_read, i16 %empty_907" [H:/subband_ref_q610_opt_stage4_latency_stepL2.cpp:1767->H:/subband_ref_q610_opt_stage4_latency_stepL2.cpp:2018]   --->   Operation 944 'store' 'store_ln1767' <Predicate = (index_10 == 96)> <Delay = 1.58>
ST_2 : Operation 945 [1/1] (0.00ns)   --->   "%br_ln1767 = br void %arrayidx.i.exit" [H:/subband_ref_q610_opt_stage4_latency_stepL2.cpp:1767->H:/subband_ref_q610_opt_stage4_latency_stepL2.cpp:2018]   --->   Operation 945 'br' 'br_ln1767' <Predicate = (index_10 == 96)> <Delay = 0.00>
ST_2 : Operation 946 [1/1] (1.58ns)   --->   "%store_ln1767 = store i16 %layer0_output_stream_read, i16 %empty_908" [H:/subband_ref_q610_opt_stage4_latency_stepL2.cpp:1767->H:/subband_ref_q610_opt_stage4_latency_stepL2.cpp:2018]   --->   Operation 946 'store' 'store_ln1767' <Predicate = (index_10 == 95)> <Delay = 1.58>
ST_2 : Operation 947 [1/1] (0.00ns)   --->   "%br_ln1767 = br void %arrayidx.i.exit" [H:/subband_ref_q610_opt_stage4_latency_stepL2.cpp:1767->H:/subband_ref_q610_opt_stage4_latency_stepL2.cpp:2018]   --->   Operation 947 'br' 'br_ln1767' <Predicate = (index_10 == 95)> <Delay = 0.00>
ST_2 : Operation 948 [1/1] (1.58ns)   --->   "%store_ln1767 = store i16 %layer0_output_stream_read, i16 %empty_909" [H:/subband_ref_q610_opt_stage4_latency_stepL2.cpp:1767->H:/subband_ref_q610_opt_stage4_latency_stepL2.cpp:2018]   --->   Operation 948 'store' 'store_ln1767' <Predicate = (index_10 == 94)> <Delay = 1.58>
ST_2 : Operation 949 [1/1] (0.00ns)   --->   "%br_ln1767 = br void %arrayidx.i.exit" [H:/subband_ref_q610_opt_stage4_latency_stepL2.cpp:1767->H:/subband_ref_q610_opt_stage4_latency_stepL2.cpp:2018]   --->   Operation 949 'br' 'br_ln1767' <Predicate = (index_10 == 94)> <Delay = 0.00>
ST_2 : Operation 950 [1/1] (1.58ns)   --->   "%store_ln1767 = store i16 %layer0_output_stream_read, i16 %empty_910" [H:/subband_ref_q610_opt_stage4_latency_stepL2.cpp:1767->H:/subband_ref_q610_opt_stage4_latency_stepL2.cpp:2018]   --->   Operation 950 'store' 'store_ln1767' <Predicate = (index_10 == 93)> <Delay = 1.58>
ST_2 : Operation 951 [1/1] (0.00ns)   --->   "%br_ln1767 = br void %arrayidx.i.exit" [H:/subband_ref_q610_opt_stage4_latency_stepL2.cpp:1767->H:/subband_ref_q610_opt_stage4_latency_stepL2.cpp:2018]   --->   Operation 951 'br' 'br_ln1767' <Predicate = (index_10 == 93)> <Delay = 0.00>
ST_2 : Operation 952 [1/1] (1.58ns)   --->   "%store_ln1767 = store i16 %layer0_output_stream_read, i16 %empty_911" [H:/subband_ref_q610_opt_stage4_latency_stepL2.cpp:1767->H:/subband_ref_q610_opt_stage4_latency_stepL2.cpp:2018]   --->   Operation 952 'store' 'store_ln1767' <Predicate = (index_10 == 92)> <Delay = 1.58>
ST_2 : Operation 953 [1/1] (0.00ns)   --->   "%br_ln1767 = br void %arrayidx.i.exit" [H:/subband_ref_q610_opt_stage4_latency_stepL2.cpp:1767->H:/subband_ref_q610_opt_stage4_latency_stepL2.cpp:2018]   --->   Operation 953 'br' 'br_ln1767' <Predicate = (index_10 == 92)> <Delay = 0.00>
ST_2 : Operation 954 [1/1] (1.58ns)   --->   "%store_ln1767 = store i16 %layer0_output_stream_read, i16 %empty_912" [H:/subband_ref_q610_opt_stage4_latency_stepL2.cpp:1767->H:/subband_ref_q610_opt_stage4_latency_stepL2.cpp:2018]   --->   Operation 954 'store' 'store_ln1767' <Predicate = (index_10 == 91)> <Delay = 1.58>
ST_2 : Operation 955 [1/1] (0.00ns)   --->   "%br_ln1767 = br void %arrayidx.i.exit" [H:/subband_ref_q610_opt_stage4_latency_stepL2.cpp:1767->H:/subband_ref_q610_opt_stage4_latency_stepL2.cpp:2018]   --->   Operation 955 'br' 'br_ln1767' <Predicate = (index_10 == 91)> <Delay = 0.00>
ST_2 : Operation 956 [1/1] (1.58ns)   --->   "%store_ln1767 = store i16 %layer0_output_stream_read, i16 %empty_913" [H:/subband_ref_q610_opt_stage4_latency_stepL2.cpp:1767->H:/subband_ref_q610_opt_stage4_latency_stepL2.cpp:2018]   --->   Operation 956 'store' 'store_ln1767' <Predicate = (index_10 == 90)> <Delay = 1.58>
ST_2 : Operation 957 [1/1] (0.00ns)   --->   "%br_ln1767 = br void %arrayidx.i.exit" [H:/subband_ref_q610_opt_stage4_latency_stepL2.cpp:1767->H:/subband_ref_q610_opt_stage4_latency_stepL2.cpp:2018]   --->   Operation 957 'br' 'br_ln1767' <Predicate = (index_10 == 90)> <Delay = 0.00>
ST_2 : Operation 958 [1/1] (1.58ns)   --->   "%store_ln1767 = store i16 %layer0_output_stream_read, i16 %empty_914" [H:/subband_ref_q610_opt_stage4_latency_stepL2.cpp:1767->H:/subband_ref_q610_opt_stage4_latency_stepL2.cpp:2018]   --->   Operation 958 'store' 'store_ln1767' <Predicate = (index_10 == 89)> <Delay = 1.58>
ST_2 : Operation 959 [1/1] (0.00ns)   --->   "%br_ln1767 = br void %arrayidx.i.exit" [H:/subband_ref_q610_opt_stage4_latency_stepL2.cpp:1767->H:/subband_ref_q610_opt_stage4_latency_stepL2.cpp:2018]   --->   Operation 959 'br' 'br_ln1767' <Predicate = (index_10 == 89)> <Delay = 0.00>
ST_2 : Operation 960 [1/1] (1.58ns)   --->   "%store_ln1767 = store i16 %layer0_output_stream_read, i16 %empty_915" [H:/subband_ref_q610_opt_stage4_latency_stepL2.cpp:1767->H:/subband_ref_q610_opt_stage4_latency_stepL2.cpp:2018]   --->   Operation 960 'store' 'store_ln1767' <Predicate = (index_10 == 88)> <Delay = 1.58>
ST_2 : Operation 961 [1/1] (0.00ns)   --->   "%br_ln1767 = br void %arrayidx.i.exit" [H:/subband_ref_q610_opt_stage4_latency_stepL2.cpp:1767->H:/subband_ref_q610_opt_stage4_latency_stepL2.cpp:2018]   --->   Operation 961 'br' 'br_ln1767' <Predicate = (index_10 == 88)> <Delay = 0.00>
ST_2 : Operation 962 [1/1] (1.58ns)   --->   "%store_ln1767 = store i16 %layer0_output_stream_read, i16 %empty_916" [H:/subband_ref_q610_opt_stage4_latency_stepL2.cpp:1767->H:/subband_ref_q610_opt_stage4_latency_stepL2.cpp:2018]   --->   Operation 962 'store' 'store_ln1767' <Predicate = (index_10 == 87)> <Delay = 1.58>
ST_2 : Operation 963 [1/1] (0.00ns)   --->   "%br_ln1767 = br void %arrayidx.i.exit" [H:/subband_ref_q610_opt_stage4_latency_stepL2.cpp:1767->H:/subband_ref_q610_opt_stage4_latency_stepL2.cpp:2018]   --->   Operation 963 'br' 'br_ln1767' <Predicate = (index_10 == 87)> <Delay = 0.00>
ST_2 : Operation 964 [1/1] (1.58ns)   --->   "%store_ln1767 = store i16 %layer0_output_stream_read, i16 %empty_917" [H:/subband_ref_q610_opt_stage4_latency_stepL2.cpp:1767->H:/subband_ref_q610_opt_stage4_latency_stepL2.cpp:2018]   --->   Operation 964 'store' 'store_ln1767' <Predicate = (index_10 == 86)> <Delay = 1.58>
ST_2 : Operation 965 [1/1] (0.00ns)   --->   "%br_ln1767 = br void %arrayidx.i.exit" [H:/subband_ref_q610_opt_stage4_latency_stepL2.cpp:1767->H:/subband_ref_q610_opt_stage4_latency_stepL2.cpp:2018]   --->   Operation 965 'br' 'br_ln1767' <Predicate = (index_10 == 86)> <Delay = 0.00>
ST_2 : Operation 966 [1/1] (1.58ns)   --->   "%store_ln1767 = store i16 %layer0_output_stream_read, i16 %empty_918" [H:/subband_ref_q610_opt_stage4_latency_stepL2.cpp:1767->H:/subband_ref_q610_opt_stage4_latency_stepL2.cpp:2018]   --->   Operation 966 'store' 'store_ln1767' <Predicate = (index_10 == 85)> <Delay = 1.58>
ST_2 : Operation 967 [1/1] (0.00ns)   --->   "%br_ln1767 = br void %arrayidx.i.exit" [H:/subband_ref_q610_opt_stage4_latency_stepL2.cpp:1767->H:/subband_ref_q610_opt_stage4_latency_stepL2.cpp:2018]   --->   Operation 967 'br' 'br_ln1767' <Predicate = (index_10 == 85)> <Delay = 0.00>
ST_2 : Operation 968 [1/1] (1.58ns)   --->   "%store_ln1767 = store i16 %layer0_output_stream_read, i16 %empty_919" [H:/subband_ref_q610_opt_stage4_latency_stepL2.cpp:1767->H:/subband_ref_q610_opt_stage4_latency_stepL2.cpp:2018]   --->   Operation 968 'store' 'store_ln1767' <Predicate = (index_10 == 84)> <Delay = 1.58>
ST_2 : Operation 969 [1/1] (0.00ns)   --->   "%br_ln1767 = br void %arrayidx.i.exit" [H:/subband_ref_q610_opt_stage4_latency_stepL2.cpp:1767->H:/subband_ref_q610_opt_stage4_latency_stepL2.cpp:2018]   --->   Operation 969 'br' 'br_ln1767' <Predicate = (index_10 == 84)> <Delay = 0.00>
ST_2 : Operation 970 [1/1] (1.58ns)   --->   "%store_ln1767 = store i16 %layer0_output_stream_read, i16 %empty_920" [H:/subband_ref_q610_opt_stage4_latency_stepL2.cpp:1767->H:/subband_ref_q610_opt_stage4_latency_stepL2.cpp:2018]   --->   Operation 970 'store' 'store_ln1767' <Predicate = (index_10 == 83)> <Delay = 1.58>
ST_2 : Operation 971 [1/1] (0.00ns)   --->   "%br_ln1767 = br void %arrayidx.i.exit" [H:/subband_ref_q610_opt_stage4_latency_stepL2.cpp:1767->H:/subband_ref_q610_opt_stage4_latency_stepL2.cpp:2018]   --->   Operation 971 'br' 'br_ln1767' <Predicate = (index_10 == 83)> <Delay = 0.00>
ST_2 : Operation 972 [1/1] (1.58ns)   --->   "%store_ln1767 = store i16 %layer0_output_stream_read, i16 %empty_921" [H:/subband_ref_q610_opt_stage4_latency_stepL2.cpp:1767->H:/subband_ref_q610_opt_stage4_latency_stepL2.cpp:2018]   --->   Operation 972 'store' 'store_ln1767' <Predicate = (index_10 == 82)> <Delay = 1.58>
ST_2 : Operation 973 [1/1] (0.00ns)   --->   "%br_ln1767 = br void %arrayidx.i.exit" [H:/subband_ref_q610_opt_stage4_latency_stepL2.cpp:1767->H:/subband_ref_q610_opt_stage4_latency_stepL2.cpp:2018]   --->   Operation 973 'br' 'br_ln1767' <Predicate = (index_10 == 82)> <Delay = 0.00>
ST_2 : Operation 974 [1/1] (1.58ns)   --->   "%store_ln1767 = store i16 %layer0_output_stream_read, i16 %empty_922" [H:/subband_ref_q610_opt_stage4_latency_stepL2.cpp:1767->H:/subband_ref_q610_opt_stage4_latency_stepL2.cpp:2018]   --->   Operation 974 'store' 'store_ln1767' <Predicate = (index_10 == 81)> <Delay = 1.58>
ST_2 : Operation 975 [1/1] (0.00ns)   --->   "%br_ln1767 = br void %arrayidx.i.exit" [H:/subband_ref_q610_opt_stage4_latency_stepL2.cpp:1767->H:/subband_ref_q610_opt_stage4_latency_stepL2.cpp:2018]   --->   Operation 975 'br' 'br_ln1767' <Predicate = (index_10 == 81)> <Delay = 0.00>
ST_2 : Operation 976 [1/1] (1.58ns)   --->   "%store_ln1767 = store i16 %layer0_output_stream_read, i16 %empty_923" [H:/subband_ref_q610_opt_stage4_latency_stepL2.cpp:1767->H:/subband_ref_q610_opt_stage4_latency_stepL2.cpp:2018]   --->   Operation 976 'store' 'store_ln1767' <Predicate = (index_10 == 80)> <Delay = 1.58>
ST_2 : Operation 977 [1/1] (0.00ns)   --->   "%br_ln1767 = br void %arrayidx.i.exit" [H:/subband_ref_q610_opt_stage4_latency_stepL2.cpp:1767->H:/subband_ref_q610_opt_stage4_latency_stepL2.cpp:2018]   --->   Operation 977 'br' 'br_ln1767' <Predicate = (index_10 == 80)> <Delay = 0.00>
ST_2 : Operation 978 [1/1] (1.58ns)   --->   "%store_ln1767 = store i16 %layer0_output_stream_read, i16 %empty_924" [H:/subband_ref_q610_opt_stage4_latency_stepL2.cpp:1767->H:/subband_ref_q610_opt_stage4_latency_stepL2.cpp:2018]   --->   Operation 978 'store' 'store_ln1767' <Predicate = (index_10 == 79)> <Delay = 1.58>
ST_2 : Operation 979 [1/1] (0.00ns)   --->   "%br_ln1767 = br void %arrayidx.i.exit" [H:/subband_ref_q610_opt_stage4_latency_stepL2.cpp:1767->H:/subband_ref_q610_opt_stage4_latency_stepL2.cpp:2018]   --->   Operation 979 'br' 'br_ln1767' <Predicate = (index_10 == 79)> <Delay = 0.00>
ST_2 : Operation 980 [1/1] (1.58ns)   --->   "%store_ln1767 = store i16 %layer0_output_stream_read, i16 %empty_925" [H:/subband_ref_q610_opt_stage4_latency_stepL2.cpp:1767->H:/subband_ref_q610_opt_stage4_latency_stepL2.cpp:2018]   --->   Operation 980 'store' 'store_ln1767' <Predicate = (index_10 == 78)> <Delay = 1.58>
ST_2 : Operation 981 [1/1] (0.00ns)   --->   "%br_ln1767 = br void %arrayidx.i.exit" [H:/subband_ref_q610_opt_stage4_latency_stepL2.cpp:1767->H:/subband_ref_q610_opt_stage4_latency_stepL2.cpp:2018]   --->   Operation 981 'br' 'br_ln1767' <Predicate = (index_10 == 78)> <Delay = 0.00>
ST_2 : Operation 982 [1/1] (1.58ns)   --->   "%store_ln1767 = store i16 %layer0_output_stream_read, i16 %empty_926" [H:/subband_ref_q610_opt_stage4_latency_stepL2.cpp:1767->H:/subband_ref_q610_opt_stage4_latency_stepL2.cpp:2018]   --->   Operation 982 'store' 'store_ln1767' <Predicate = (index_10 == 77)> <Delay = 1.58>
ST_2 : Operation 983 [1/1] (0.00ns)   --->   "%br_ln1767 = br void %arrayidx.i.exit" [H:/subband_ref_q610_opt_stage4_latency_stepL2.cpp:1767->H:/subband_ref_q610_opt_stage4_latency_stepL2.cpp:2018]   --->   Operation 983 'br' 'br_ln1767' <Predicate = (index_10 == 77)> <Delay = 0.00>
ST_2 : Operation 984 [1/1] (1.58ns)   --->   "%store_ln1767 = store i16 %layer0_output_stream_read, i16 %empty_927" [H:/subband_ref_q610_opt_stage4_latency_stepL2.cpp:1767->H:/subband_ref_q610_opt_stage4_latency_stepL2.cpp:2018]   --->   Operation 984 'store' 'store_ln1767' <Predicate = (index_10 == 76)> <Delay = 1.58>
ST_2 : Operation 985 [1/1] (0.00ns)   --->   "%br_ln1767 = br void %arrayidx.i.exit" [H:/subband_ref_q610_opt_stage4_latency_stepL2.cpp:1767->H:/subband_ref_q610_opt_stage4_latency_stepL2.cpp:2018]   --->   Operation 985 'br' 'br_ln1767' <Predicate = (index_10 == 76)> <Delay = 0.00>
ST_2 : Operation 986 [1/1] (1.58ns)   --->   "%store_ln1767 = store i16 %layer0_output_stream_read, i16 %empty_928" [H:/subband_ref_q610_opt_stage4_latency_stepL2.cpp:1767->H:/subband_ref_q610_opt_stage4_latency_stepL2.cpp:2018]   --->   Operation 986 'store' 'store_ln1767' <Predicate = (index_10 == 75)> <Delay = 1.58>
ST_2 : Operation 987 [1/1] (0.00ns)   --->   "%br_ln1767 = br void %arrayidx.i.exit" [H:/subband_ref_q610_opt_stage4_latency_stepL2.cpp:1767->H:/subband_ref_q610_opt_stage4_latency_stepL2.cpp:2018]   --->   Operation 987 'br' 'br_ln1767' <Predicate = (index_10 == 75)> <Delay = 0.00>
ST_2 : Operation 988 [1/1] (1.58ns)   --->   "%store_ln1767 = store i16 %layer0_output_stream_read, i16 %empty_929" [H:/subband_ref_q610_opt_stage4_latency_stepL2.cpp:1767->H:/subband_ref_q610_opt_stage4_latency_stepL2.cpp:2018]   --->   Operation 988 'store' 'store_ln1767' <Predicate = (index_10 == 74)> <Delay = 1.58>
ST_2 : Operation 989 [1/1] (0.00ns)   --->   "%br_ln1767 = br void %arrayidx.i.exit" [H:/subband_ref_q610_opt_stage4_latency_stepL2.cpp:1767->H:/subband_ref_q610_opt_stage4_latency_stepL2.cpp:2018]   --->   Operation 989 'br' 'br_ln1767' <Predicate = (index_10 == 74)> <Delay = 0.00>
ST_2 : Operation 990 [1/1] (1.58ns)   --->   "%store_ln1767 = store i16 %layer0_output_stream_read, i16 %empty_930" [H:/subband_ref_q610_opt_stage4_latency_stepL2.cpp:1767->H:/subband_ref_q610_opt_stage4_latency_stepL2.cpp:2018]   --->   Operation 990 'store' 'store_ln1767' <Predicate = (index_10 == 73)> <Delay = 1.58>
ST_2 : Operation 991 [1/1] (0.00ns)   --->   "%br_ln1767 = br void %arrayidx.i.exit" [H:/subband_ref_q610_opt_stage4_latency_stepL2.cpp:1767->H:/subband_ref_q610_opt_stage4_latency_stepL2.cpp:2018]   --->   Operation 991 'br' 'br_ln1767' <Predicate = (index_10 == 73)> <Delay = 0.00>
ST_2 : Operation 992 [1/1] (1.58ns)   --->   "%store_ln1767 = store i16 %layer0_output_stream_read, i16 %empty_931" [H:/subband_ref_q610_opt_stage4_latency_stepL2.cpp:1767->H:/subband_ref_q610_opt_stage4_latency_stepL2.cpp:2018]   --->   Operation 992 'store' 'store_ln1767' <Predicate = (index_10 == 72)> <Delay = 1.58>
ST_2 : Operation 993 [1/1] (0.00ns)   --->   "%br_ln1767 = br void %arrayidx.i.exit" [H:/subband_ref_q610_opt_stage4_latency_stepL2.cpp:1767->H:/subband_ref_q610_opt_stage4_latency_stepL2.cpp:2018]   --->   Operation 993 'br' 'br_ln1767' <Predicate = (index_10 == 72)> <Delay = 0.00>
ST_2 : Operation 994 [1/1] (1.58ns)   --->   "%store_ln1767 = store i16 %layer0_output_stream_read, i16 %empty_932" [H:/subband_ref_q610_opt_stage4_latency_stepL2.cpp:1767->H:/subband_ref_q610_opt_stage4_latency_stepL2.cpp:2018]   --->   Operation 994 'store' 'store_ln1767' <Predicate = (index_10 == 71)> <Delay = 1.58>
ST_2 : Operation 995 [1/1] (0.00ns)   --->   "%br_ln1767 = br void %arrayidx.i.exit" [H:/subband_ref_q610_opt_stage4_latency_stepL2.cpp:1767->H:/subband_ref_q610_opt_stage4_latency_stepL2.cpp:2018]   --->   Operation 995 'br' 'br_ln1767' <Predicate = (index_10 == 71)> <Delay = 0.00>
ST_2 : Operation 996 [1/1] (1.58ns)   --->   "%store_ln1767 = store i16 %layer0_output_stream_read, i16 %empty_933" [H:/subband_ref_q610_opt_stage4_latency_stepL2.cpp:1767->H:/subband_ref_q610_opt_stage4_latency_stepL2.cpp:2018]   --->   Operation 996 'store' 'store_ln1767' <Predicate = (index_10 == 70)> <Delay = 1.58>
ST_2 : Operation 997 [1/1] (0.00ns)   --->   "%br_ln1767 = br void %arrayidx.i.exit" [H:/subband_ref_q610_opt_stage4_latency_stepL2.cpp:1767->H:/subband_ref_q610_opt_stage4_latency_stepL2.cpp:2018]   --->   Operation 997 'br' 'br_ln1767' <Predicate = (index_10 == 70)> <Delay = 0.00>
ST_2 : Operation 998 [1/1] (1.58ns)   --->   "%store_ln1767 = store i16 %layer0_output_stream_read, i16 %empty_934" [H:/subband_ref_q610_opt_stage4_latency_stepL2.cpp:1767->H:/subband_ref_q610_opt_stage4_latency_stepL2.cpp:2018]   --->   Operation 998 'store' 'store_ln1767' <Predicate = (index_10 == 69)> <Delay = 1.58>
ST_2 : Operation 999 [1/1] (0.00ns)   --->   "%br_ln1767 = br void %arrayidx.i.exit" [H:/subband_ref_q610_opt_stage4_latency_stepL2.cpp:1767->H:/subband_ref_q610_opt_stage4_latency_stepL2.cpp:2018]   --->   Operation 999 'br' 'br_ln1767' <Predicate = (index_10 == 69)> <Delay = 0.00>
ST_2 : Operation 1000 [1/1] (1.58ns)   --->   "%store_ln1767 = store i16 %layer0_output_stream_read, i16 %empty_935" [H:/subband_ref_q610_opt_stage4_latency_stepL2.cpp:1767->H:/subband_ref_q610_opt_stage4_latency_stepL2.cpp:2018]   --->   Operation 1000 'store' 'store_ln1767' <Predicate = (index_10 == 68)> <Delay = 1.58>
ST_2 : Operation 1001 [1/1] (0.00ns)   --->   "%br_ln1767 = br void %arrayidx.i.exit" [H:/subband_ref_q610_opt_stage4_latency_stepL2.cpp:1767->H:/subband_ref_q610_opt_stage4_latency_stepL2.cpp:2018]   --->   Operation 1001 'br' 'br_ln1767' <Predicate = (index_10 == 68)> <Delay = 0.00>
ST_2 : Operation 1002 [1/1] (1.58ns)   --->   "%store_ln1767 = store i16 %layer0_output_stream_read, i16 %empty_936" [H:/subband_ref_q610_opt_stage4_latency_stepL2.cpp:1767->H:/subband_ref_q610_opt_stage4_latency_stepL2.cpp:2018]   --->   Operation 1002 'store' 'store_ln1767' <Predicate = (index_10 == 67)> <Delay = 1.58>
ST_2 : Operation 1003 [1/1] (0.00ns)   --->   "%br_ln1767 = br void %arrayidx.i.exit" [H:/subband_ref_q610_opt_stage4_latency_stepL2.cpp:1767->H:/subband_ref_q610_opt_stage4_latency_stepL2.cpp:2018]   --->   Operation 1003 'br' 'br_ln1767' <Predicate = (index_10 == 67)> <Delay = 0.00>
ST_2 : Operation 1004 [1/1] (1.58ns)   --->   "%store_ln1767 = store i16 %layer0_output_stream_read, i16 %empty_937" [H:/subband_ref_q610_opt_stage4_latency_stepL2.cpp:1767->H:/subband_ref_q610_opt_stage4_latency_stepL2.cpp:2018]   --->   Operation 1004 'store' 'store_ln1767' <Predicate = (index_10 == 66)> <Delay = 1.58>
ST_2 : Operation 1005 [1/1] (0.00ns)   --->   "%br_ln1767 = br void %arrayidx.i.exit" [H:/subband_ref_q610_opt_stage4_latency_stepL2.cpp:1767->H:/subband_ref_q610_opt_stage4_latency_stepL2.cpp:2018]   --->   Operation 1005 'br' 'br_ln1767' <Predicate = (index_10 == 66)> <Delay = 0.00>
ST_2 : Operation 1006 [1/1] (1.58ns)   --->   "%store_ln1767 = store i16 %layer0_output_stream_read, i16 %empty_938" [H:/subband_ref_q610_opt_stage4_latency_stepL2.cpp:1767->H:/subband_ref_q610_opt_stage4_latency_stepL2.cpp:2018]   --->   Operation 1006 'store' 'store_ln1767' <Predicate = (index_10 == 65)> <Delay = 1.58>
ST_2 : Operation 1007 [1/1] (0.00ns)   --->   "%br_ln1767 = br void %arrayidx.i.exit" [H:/subband_ref_q610_opt_stage4_latency_stepL2.cpp:1767->H:/subband_ref_q610_opt_stage4_latency_stepL2.cpp:2018]   --->   Operation 1007 'br' 'br_ln1767' <Predicate = (index_10 == 65)> <Delay = 0.00>
ST_2 : Operation 1008 [1/1] (1.58ns)   --->   "%store_ln1767 = store i16 %layer0_output_stream_read, i16 %empty_939" [H:/subband_ref_q610_opt_stage4_latency_stepL2.cpp:1767->H:/subband_ref_q610_opt_stage4_latency_stepL2.cpp:2018]   --->   Operation 1008 'store' 'store_ln1767' <Predicate = (index_10 == 64)> <Delay = 1.58>
ST_2 : Operation 1009 [1/1] (0.00ns)   --->   "%br_ln1767 = br void %arrayidx.i.exit" [H:/subband_ref_q610_opt_stage4_latency_stepL2.cpp:1767->H:/subband_ref_q610_opt_stage4_latency_stepL2.cpp:2018]   --->   Operation 1009 'br' 'br_ln1767' <Predicate = (index_10 == 64)> <Delay = 0.00>
ST_2 : Operation 1010 [1/1] (1.58ns)   --->   "%store_ln1767 = store i16 %layer0_output_stream_read, i16 %empty_940" [H:/subband_ref_q610_opt_stage4_latency_stepL2.cpp:1767->H:/subband_ref_q610_opt_stage4_latency_stepL2.cpp:2018]   --->   Operation 1010 'store' 'store_ln1767' <Predicate = (index_10 == 63)> <Delay = 1.58>
ST_2 : Operation 1011 [1/1] (0.00ns)   --->   "%br_ln1767 = br void %arrayidx.i.exit" [H:/subband_ref_q610_opt_stage4_latency_stepL2.cpp:1767->H:/subband_ref_q610_opt_stage4_latency_stepL2.cpp:2018]   --->   Operation 1011 'br' 'br_ln1767' <Predicate = (index_10 == 63)> <Delay = 0.00>
ST_2 : Operation 1012 [1/1] (1.58ns)   --->   "%store_ln1767 = store i16 %layer0_output_stream_read, i16 %empty_941" [H:/subband_ref_q610_opt_stage4_latency_stepL2.cpp:1767->H:/subband_ref_q610_opt_stage4_latency_stepL2.cpp:2018]   --->   Operation 1012 'store' 'store_ln1767' <Predicate = (index_10 == 62)> <Delay = 1.58>
ST_2 : Operation 1013 [1/1] (0.00ns)   --->   "%br_ln1767 = br void %arrayidx.i.exit" [H:/subband_ref_q610_opt_stage4_latency_stepL2.cpp:1767->H:/subband_ref_q610_opt_stage4_latency_stepL2.cpp:2018]   --->   Operation 1013 'br' 'br_ln1767' <Predicate = (index_10 == 62)> <Delay = 0.00>
ST_2 : Operation 1014 [1/1] (1.58ns)   --->   "%store_ln1767 = store i16 %layer0_output_stream_read, i16 %empty_942" [H:/subband_ref_q610_opt_stage4_latency_stepL2.cpp:1767->H:/subband_ref_q610_opt_stage4_latency_stepL2.cpp:2018]   --->   Operation 1014 'store' 'store_ln1767' <Predicate = (index_10 == 61)> <Delay = 1.58>
ST_2 : Operation 1015 [1/1] (0.00ns)   --->   "%br_ln1767 = br void %arrayidx.i.exit" [H:/subband_ref_q610_opt_stage4_latency_stepL2.cpp:1767->H:/subband_ref_q610_opt_stage4_latency_stepL2.cpp:2018]   --->   Operation 1015 'br' 'br_ln1767' <Predicate = (index_10 == 61)> <Delay = 0.00>
ST_2 : Operation 1016 [1/1] (1.58ns)   --->   "%store_ln1767 = store i16 %layer0_output_stream_read, i16 %empty_943" [H:/subband_ref_q610_opt_stage4_latency_stepL2.cpp:1767->H:/subband_ref_q610_opt_stage4_latency_stepL2.cpp:2018]   --->   Operation 1016 'store' 'store_ln1767' <Predicate = (index_10 == 60)> <Delay = 1.58>
ST_2 : Operation 1017 [1/1] (0.00ns)   --->   "%br_ln1767 = br void %arrayidx.i.exit" [H:/subband_ref_q610_opt_stage4_latency_stepL2.cpp:1767->H:/subband_ref_q610_opt_stage4_latency_stepL2.cpp:2018]   --->   Operation 1017 'br' 'br_ln1767' <Predicate = (index_10 == 60)> <Delay = 0.00>
ST_2 : Operation 1018 [1/1] (1.58ns)   --->   "%store_ln1767 = store i16 %layer0_output_stream_read, i16 %empty_944" [H:/subband_ref_q610_opt_stage4_latency_stepL2.cpp:1767->H:/subband_ref_q610_opt_stage4_latency_stepL2.cpp:2018]   --->   Operation 1018 'store' 'store_ln1767' <Predicate = (index_10 == 59)> <Delay = 1.58>
ST_2 : Operation 1019 [1/1] (0.00ns)   --->   "%br_ln1767 = br void %arrayidx.i.exit" [H:/subband_ref_q610_opt_stage4_latency_stepL2.cpp:1767->H:/subband_ref_q610_opt_stage4_latency_stepL2.cpp:2018]   --->   Operation 1019 'br' 'br_ln1767' <Predicate = (index_10 == 59)> <Delay = 0.00>
ST_2 : Operation 1020 [1/1] (1.58ns)   --->   "%store_ln1767 = store i16 %layer0_output_stream_read, i16 %empty_945" [H:/subband_ref_q610_opt_stage4_latency_stepL2.cpp:1767->H:/subband_ref_q610_opt_stage4_latency_stepL2.cpp:2018]   --->   Operation 1020 'store' 'store_ln1767' <Predicate = (index_10 == 58)> <Delay = 1.58>
ST_2 : Operation 1021 [1/1] (0.00ns)   --->   "%br_ln1767 = br void %arrayidx.i.exit" [H:/subband_ref_q610_opt_stage4_latency_stepL2.cpp:1767->H:/subband_ref_q610_opt_stage4_latency_stepL2.cpp:2018]   --->   Operation 1021 'br' 'br_ln1767' <Predicate = (index_10 == 58)> <Delay = 0.00>
ST_2 : Operation 1022 [1/1] (1.58ns)   --->   "%store_ln1767 = store i16 %layer0_output_stream_read, i16 %empty_946" [H:/subband_ref_q610_opt_stage4_latency_stepL2.cpp:1767->H:/subband_ref_q610_opt_stage4_latency_stepL2.cpp:2018]   --->   Operation 1022 'store' 'store_ln1767' <Predicate = (index_10 == 57)> <Delay = 1.58>
ST_2 : Operation 1023 [1/1] (0.00ns)   --->   "%br_ln1767 = br void %arrayidx.i.exit" [H:/subband_ref_q610_opt_stage4_latency_stepL2.cpp:1767->H:/subband_ref_q610_opt_stage4_latency_stepL2.cpp:2018]   --->   Operation 1023 'br' 'br_ln1767' <Predicate = (index_10 == 57)> <Delay = 0.00>
ST_2 : Operation 1024 [1/1] (1.58ns)   --->   "%store_ln1767 = store i16 %layer0_output_stream_read, i16 %empty_947" [H:/subband_ref_q610_opt_stage4_latency_stepL2.cpp:1767->H:/subband_ref_q610_opt_stage4_latency_stepL2.cpp:2018]   --->   Operation 1024 'store' 'store_ln1767' <Predicate = (index_10 == 56)> <Delay = 1.58>
ST_2 : Operation 1025 [1/1] (0.00ns)   --->   "%br_ln1767 = br void %arrayidx.i.exit" [H:/subband_ref_q610_opt_stage4_latency_stepL2.cpp:1767->H:/subband_ref_q610_opt_stage4_latency_stepL2.cpp:2018]   --->   Operation 1025 'br' 'br_ln1767' <Predicate = (index_10 == 56)> <Delay = 0.00>
ST_2 : Operation 1026 [1/1] (1.58ns)   --->   "%store_ln1767 = store i16 %layer0_output_stream_read, i16 %empty_948" [H:/subband_ref_q610_opt_stage4_latency_stepL2.cpp:1767->H:/subband_ref_q610_opt_stage4_latency_stepL2.cpp:2018]   --->   Operation 1026 'store' 'store_ln1767' <Predicate = (index_10 == 55)> <Delay = 1.58>
ST_2 : Operation 1027 [1/1] (0.00ns)   --->   "%br_ln1767 = br void %arrayidx.i.exit" [H:/subband_ref_q610_opt_stage4_latency_stepL2.cpp:1767->H:/subband_ref_q610_opt_stage4_latency_stepL2.cpp:2018]   --->   Operation 1027 'br' 'br_ln1767' <Predicate = (index_10 == 55)> <Delay = 0.00>
ST_2 : Operation 1028 [1/1] (1.58ns)   --->   "%store_ln1767 = store i16 %layer0_output_stream_read, i16 %empty_949" [H:/subband_ref_q610_opt_stage4_latency_stepL2.cpp:1767->H:/subband_ref_q610_opt_stage4_latency_stepL2.cpp:2018]   --->   Operation 1028 'store' 'store_ln1767' <Predicate = (index_10 == 54)> <Delay = 1.58>
ST_2 : Operation 1029 [1/1] (0.00ns)   --->   "%br_ln1767 = br void %arrayidx.i.exit" [H:/subband_ref_q610_opt_stage4_latency_stepL2.cpp:1767->H:/subband_ref_q610_opt_stage4_latency_stepL2.cpp:2018]   --->   Operation 1029 'br' 'br_ln1767' <Predicate = (index_10 == 54)> <Delay = 0.00>
ST_2 : Operation 1030 [1/1] (1.58ns)   --->   "%store_ln1767 = store i16 %layer0_output_stream_read, i16 %empty_950" [H:/subband_ref_q610_opt_stage4_latency_stepL2.cpp:1767->H:/subband_ref_q610_opt_stage4_latency_stepL2.cpp:2018]   --->   Operation 1030 'store' 'store_ln1767' <Predicate = (index_10 == 53)> <Delay = 1.58>
ST_2 : Operation 1031 [1/1] (0.00ns)   --->   "%br_ln1767 = br void %arrayidx.i.exit" [H:/subband_ref_q610_opt_stage4_latency_stepL2.cpp:1767->H:/subband_ref_q610_opt_stage4_latency_stepL2.cpp:2018]   --->   Operation 1031 'br' 'br_ln1767' <Predicate = (index_10 == 53)> <Delay = 0.00>
ST_2 : Operation 1032 [1/1] (1.58ns)   --->   "%store_ln1767 = store i16 %layer0_output_stream_read, i16 %empty_951" [H:/subband_ref_q610_opt_stage4_latency_stepL2.cpp:1767->H:/subband_ref_q610_opt_stage4_latency_stepL2.cpp:2018]   --->   Operation 1032 'store' 'store_ln1767' <Predicate = (index_10 == 52)> <Delay = 1.58>
ST_2 : Operation 1033 [1/1] (0.00ns)   --->   "%br_ln1767 = br void %arrayidx.i.exit" [H:/subband_ref_q610_opt_stage4_latency_stepL2.cpp:1767->H:/subband_ref_q610_opt_stage4_latency_stepL2.cpp:2018]   --->   Operation 1033 'br' 'br_ln1767' <Predicate = (index_10 == 52)> <Delay = 0.00>
ST_2 : Operation 1034 [1/1] (1.58ns)   --->   "%store_ln1767 = store i16 %layer0_output_stream_read, i16 %empty_952" [H:/subband_ref_q610_opt_stage4_latency_stepL2.cpp:1767->H:/subband_ref_q610_opt_stage4_latency_stepL2.cpp:2018]   --->   Operation 1034 'store' 'store_ln1767' <Predicate = (index_10 == 51)> <Delay = 1.58>
ST_2 : Operation 1035 [1/1] (0.00ns)   --->   "%br_ln1767 = br void %arrayidx.i.exit" [H:/subband_ref_q610_opt_stage4_latency_stepL2.cpp:1767->H:/subband_ref_q610_opt_stage4_latency_stepL2.cpp:2018]   --->   Operation 1035 'br' 'br_ln1767' <Predicate = (index_10 == 51)> <Delay = 0.00>
ST_2 : Operation 1036 [1/1] (1.58ns)   --->   "%store_ln1767 = store i16 %layer0_output_stream_read, i16 %empty_953" [H:/subband_ref_q610_opt_stage4_latency_stepL2.cpp:1767->H:/subband_ref_q610_opt_stage4_latency_stepL2.cpp:2018]   --->   Operation 1036 'store' 'store_ln1767' <Predicate = (index_10 == 50)> <Delay = 1.58>
ST_2 : Operation 1037 [1/1] (0.00ns)   --->   "%br_ln1767 = br void %arrayidx.i.exit" [H:/subband_ref_q610_opt_stage4_latency_stepL2.cpp:1767->H:/subband_ref_q610_opt_stage4_latency_stepL2.cpp:2018]   --->   Operation 1037 'br' 'br_ln1767' <Predicate = (index_10 == 50)> <Delay = 0.00>
ST_2 : Operation 1038 [1/1] (1.58ns)   --->   "%store_ln1767 = store i16 %layer0_output_stream_read, i16 %empty_954" [H:/subband_ref_q610_opt_stage4_latency_stepL2.cpp:1767->H:/subband_ref_q610_opt_stage4_latency_stepL2.cpp:2018]   --->   Operation 1038 'store' 'store_ln1767' <Predicate = (index_10 == 49)> <Delay = 1.58>
ST_2 : Operation 1039 [1/1] (0.00ns)   --->   "%br_ln1767 = br void %arrayidx.i.exit" [H:/subband_ref_q610_opt_stage4_latency_stepL2.cpp:1767->H:/subband_ref_q610_opt_stage4_latency_stepL2.cpp:2018]   --->   Operation 1039 'br' 'br_ln1767' <Predicate = (index_10 == 49)> <Delay = 0.00>
ST_2 : Operation 1040 [1/1] (1.58ns)   --->   "%store_ln1767 = store i16 %layer0_output_stream_read, i16 %empty_955" [H:/subband_ref_q610_opt_stage4_latency_stepL2.cpp:1767->H:/subband_ref_q610_opt_stage4_latency_stepL2.cpp:2018]   --->   Operation 1040 'store' 'store_ln1767' <Predicate = (index_10 == 48)> <Delay = 1.58>
ST_2 : Operation 1041 [1/1] (0.00ns)   --->   "%br_ln1767 = br void %arrayidx.i.exit" [H:/subband_ref_q610_opt_stage4_latency_stepL2.cpp:1767->H:/subband_ref_q610_opt_stage4_latency_stepL2.cpp:2018]   --->   Operation 1041 'br' 'br_ln1767' <Predicate = (index_10 == 48)> <Delay = 0.00>
ST_2 : Operation 1042 [1/1] (1.58ns)   --->   "%store_ln1767 = store i16 %layer0_output_stream_read, i16 %empty_956" [H:/subband_ref_q610_opt_stage4_latency_stepL2.cpp:1767->H:/subband_ref_q610_opt_stage4_latency_stepL2.cpp:2018]   --->   Operation 1042 'store' 'store_ln1767' <Predicate = (index_10 == 47)> <Delay = 1.58>
ST_2 : Operation 1043 [1/1] (0.00ns)   --->   "%br_ln1767 = br void %arrayidx.i.exit" [H:/subband_ref_q610_opt_stage4_latency_stepL2.cpp:1767->H:/subband_ref_q610_opt_stage4_latency_stepL2.cpp:2018]   --->   Operation 1043 'br' 'br_ln1767' <Predicate = (index_10 == 47)> <Delay = 0.00>
ST_2 : Operation 1044 [1/1] (1.58ns)   --->   "%store_ln1767 = store i16 %layer0_output_stream_read, i16 %empty_957" [H:/subband_ref_q610_opt_stage4_latency_stepL2.cpp:1767->H:/subband_ref_q610_opt_stage4_latency_stepL2.cpp:2018]   --->   Operation 1044 'store' 'store_ln1767' <Predicate = (index_10 == 46)> <Delay = 1.58>
ST_2 : Operation 1045 [1/1] (0.00ns)   --->   "%br_ln1767 = br void %arrayidx.i.exit" [H:/subband_ref_q610_opt_stage4_latency_stepL2.cpp:1767->H:/subband_ref_q610_opt_stage4_latency_stepL2.cpp:2018]   --->   Operation 1045 'br' 'br_ln1767' <Predicate = (index_10 == 46)> <Delay = 0.00>
ST_2 : Operation 1046 [1/1] (1.58ns)   --->   "%store_ln1767 = store i16 %layer0_output_stream_read, i16 %empty_958" [H:/subband_ref_q610_opt_stage4_latency_stepL2.cpp:1767->H:/subband_ref_q610_opt_stage4_latency_stepL2.cpp:2018]   --->   Operation 1046 'store' 'store_ln1767' <Predicate = (index_10 == 45)> <Delay = 1.58>
ST_2 : Operation 1047 [1/1] (0.00ns)   --->   "%br_ln1767 = br void %arrayidx.i.exit" [H:/subband_ref_q610_opt_stage4_latency_stepL2.cpp:1767->H:/subband_ref_q610_opt_stage4_latency_stepL2.cpp:2018]   --->   Operation 1047 'br' 'br_ln1767' <Predicate = (index_10 == 45)> <Delay = 0.00>
ST_2 : Operation 1048 [1/1] (1.58ns)   --->   "%store_ln1767 = store i16 %layer0_output_stream_read, i16 %empty_959" [H:/subband_ref_q610_opt_stage4_latency_stepL2.cpp:1767->H:/subband_ref_q610_opt_stage4_latency_stepL2.cpp:2018]   --->   Operation 1048 'store' 'store_ln1767' <Predicate = (index_10 == 44)> <Delay = 1.58>
ST_2 : Operation 1049 [1/1] (0.00ns)   --->   "%br_ln1767 = br void %arrayidx.i.exit" [H:/subband_ref_q610_opt_stage4_latency_stepL2.cpp:1767->H:/subband_ref_q610_opt_stage4_latency_stepL2.cpp:2018]   --->   Operation 1049 'br' 'br_ln1767' <Predicate = (index_10 == 44)> <Delay = 0.00>
ST_2 : Operation 1050 [1/1] (1.58ns)   --->   "%store_ln1767 = store i16 %layer0_output_stream_read, i16 %empty_960" [H:/subband_ref_q610_opt_stage4_latency_stepL2.cpp:1767->H:/subband_ref_q610_opt_stage4_latency_stepL2.cpp:2018]   --->   Operation 1050 'store' 'store_ln1767' <Predicate = (index_10 == 43)> <Delay = 1.58>
ST_2 : Operation 1051 [1/1] (0.00ns)   --->   "%br_ln1767 = br void %arrayidx.i.exit" [H:/subband_ref_q610_opt_stage4_latency_stepL2.cpp:1767->H:/subband_ref_q610_opt_stage4_latency_stepL2.cpp:2018]   --->   Operation 1051 'br' 'br_ln1767' <Predicate = (index_10 == 43)> <Delay = 0.00>
ST_2 : Operation 1052 [1/1] (1.58ns)   --->   "%store_ln1767 = store i16 %layer0_output_stream_read, i16 %empty_961" [H:/subband_ref_q610_opt_stage4_latency_stepL2.cpp:1767->H:/subband_ref_q610_opt_stage4_latency_stepL2.cpp:2018]   --->   Operation 1052 'store' 'store_ln1767' <Predicate = (index_10 == 42)> <Delay = 1.58>
ST_2 : Operation 1053 [1/1] (0.00ns)   --->   "%br_ln1767 = br void %arrayidx.i.exit" [H:/subband_ref_q610_opt_stage4_latency_stepL2.cpp:1767->H:/subband_ref_q610_opt_stage4_latency_stepL2.cpp:2018]   --->   Operation 1053 'br' 'br_ln1767' <Predicate = (index_10 == 42)> <Delay = 0.00>
ST_2 : Operation 1054 [1/1] (1.58ns)   --->   "%store_ln1767 = store i16 %layer0_output_stream_read, i16 %empty_962" [H:/subband_ref_q610_opt_stage4_latency_stepL2.cpp:1767->H:/subband_ref_q610_opt_stage4_latency_stepL2.cpp:2018]   --->   Operation 1054 'store' 'store_ln1767' <Predicate = (index_10 == 41)> <Delay = 1.58>
ST_2 : Operation 1055 [1/1] (0.00ns)   --->   "%br_ln1767 = br void %arrayidx.i.exit" [H:/subband_ref_q610_opt_stage4_latency_stepL2.cpp:1767->H:/subband_ref_q610_opt_stage4_latency_stepL2.cpp:2018]   --->   Operation 1055 'br' 'br_ln1767' <Predicate = (index_10 == 41)> <Delay = 0.00>
ST_2 : Operation 1056 [1/1] (1.58ns)   --->   "%store_ln1767 = store i16 %layer0_output_stream_read, i16 %empty_963" [H:/subband_ref_q610_opt_stage4_latency_stepL2.cpp:1767->H:/subband_ref_q610_opt_stage4_latency_stepL2.cpp:2018]   --->   Operation 1056 'store' 'store_ln1767' <Predicate = (index_10 == 40)> <Delay = 1.58>
ST_2 : Operation 1057 [1/1] (0.00ns)   --->   "%br_ln1767 = br void %arrayidx.i.exit" [H:/subband_ref_q610_opt_stage4_latency_stepL2.cpp:1767->H:/subband_ref_q610_opt_stage4_latency_stepL2.cpp:2018]   --->   Operation 1057 'br' 'br_ln1767' <Predicate = (index_10 == 40)> <Delay = 0.00>
ST_2 : Operation 1058 [1/1] (1.58ns)   --->   "%store_ln1767 = store i16 %layer0_output_stream_read, i16 %empty_964" [H:/subband_ref_q610_opt_stage4_latency_stepL2.cpp:1767->H:/subband_ref_q610_opt_stage4_latency_stepL2.cpp:2018]   --->   Operation 1058 'store' 'store_ln1767' <Predicate = (index_10 == 39)> <Delay = 1.58>
ST_2 : Operation 1059 [1/1] (0.00ns)   --->   "%br_ln1767 = br void %arrayidx.i.exit" [H:/subband_ref_q610_opt_stage4_latency_stepL2.cpp:1767->H:/subband_ref_q610_opt_stage4_latency_stepL2.cpp:2018]   --->   Operation 1059 'br' 'br_ln1767' <Predicate = (index_10 == 39)> <Delay = 0.00>
ST_2 : Operation 1060 [1/1] (1.58ns)   --->   "%store_ln1767 = store i16 %layer0_output_stream_read, i16 %empty_965" [H:/subband_ref_q610_opt_stage4_latency_stepL2.cpp:1767->H:/subband_ref_q610_opt_stage4_latency_stepL2.cpp:2018]   --->   Operation 1060 'store' 'store_ln1767' <Predicate = (index_10 == 38)> <Delay = 1.58>
ST_2 : Operation 1061 [1/1] (0.00ns)   --->   "%br_ln1767 = br void %arrayidx.i.exit" [H:/subband_ref_q610_opt_stage4_latency_stepL2.cpp:1767->H:/subband_ref_q610_opt_stage4_latency_stepL2.cpp:2018]   --->   Operation 1061 'br' 'br_ln1767' <Predicate = (index_10 == 38)> <Delay = 0.00>
ST_2 : Operation 1062 [1/1] (1.58ns)   --->   "%store_ln1767 = store i16 %layer0_output_stream_read, i16 %empty_966" [H:/subband_ref_q610_opt_stage4_latency_stepL2.cpp:1767->H:/subband_ref_q610_opt_stage4_latency_stepL2.cpp:2018]   --->   Operation 1062 'store' 'store_ln1767' <Predicate = (index_10 == 37)> <Delay = 1.58>
ST_2 : Operation 1063 [1/1] (0.00ns)   --->   "%br_ln1767 = br void %arrayidx.i.exit" [H:/subband_ref_q610_opt_stage4_latency_stepL2.cpp:1767->H:/subband_ref_q610_opt_stage4_latency_stepL2.cpp:2018]   --->   Operation 1063 'br' 'br_ln1767' <Predicate = (index_10 == 37)> <Delay = 0.00>
ST_2 : Operation 1064 [1/1] (1.58ns)   --->   "%store_ln1767 = store i16 %layer0_output_stream_read, i16 %empty_967" [H:/subband_ref_q610_opt_stage4_latency_stepL2.cpp:1767->H:/subband_ref_q610_opt_stage4_latency_stepL2.cpp:2018]   --->   Operation 1064 'store' 'store_ln1767' <Predicate = (index_10 == 36)> <Delay = 1.58>
ST_2 : Operation 1065 [1/1] (0.00ns)   --->   "%br_ln1767 = br void %arrayidx.i.exit" [H:/subband_ref_q610_opt_stage4_latency_stepL2.cpp:1767->H:/subband_ref_q610_opt_stage4_latency_stepL2.cpp:2018]   --->   Operation 1065 'br' 'br_ln1767' <Predicate = (index_10 == 36)> <Delay = 0.00>
ST_2 : Operation 1066 [1/1] (1.58ns)   --->   "%store_ln1767 = store i16 %layer0_output_stream_read, i16 %empty_968" [H:/subband_ref_q610_opt_stage4_latency_stepL2.cpp:1767->H:/subband_ref_q610_opt_stage4_latency_stepL2.cpp:2018]   --->   Operation 1066 'store' 'store_ln1767' <Predicate = (index_10 == 35)> <Delay = 1.58>
ST_2 : Operation 1067 [1/1] (0.00ns)   --->   "%br_ln1767 = br void %arrayidx.i.exit" [H:/subband_ref_q610_opt_stage4_latency_stepL2.cpp:1767->H:/subband_ref_q610_opt_stage4_latency_stepL2.cpp:2018]   --->   Operation 1067 'br' 'br_ln1767' <Predicate = (index_10 == 35)> <Delay = 0.00>
ST_2 : Operation 1068 [1/1] (1.58ns)   --->   "%store_ln1767 = store i16 %layer0_output_stream_read, i16 %empty_969" [H:/subband_ref_q610_opt_stage4_latency_stepL2.cpp:1767->H:/subband_ref_q610_opt_stage4_latency_stepL2.cpp:2018]   --->   Operation 1068 'store' 'store_ln1767' <Predicate = (index_10 == 34)> <Delay = 1.58>
ST_2 : Operation 1069 [1/1] (0.00ns)   --->   "%br_ln1767 = br void %arrayidx.i.exit" [H:/subband_ref_q610_opt_stage4_latency_stepL2.cpp:1767->H:/subband_ref_q610_opt_stage4_latency_stepL2.cpp:2018]   --->   Operation 1069 'br' 'br_ln1767' <Predicate = (index_10 == 34)> <Delay = 0.00>
ST_2 : Operation 1070 [1/1] (1.58ns)   --->   "%store_ln1767 = store i16 %layer0_output_stream_read, i16 %empty_970" [H:/subband_ref_q610_opt_stage4_latency_stepL2.cpp:1767->H:/subband_ref_q610_opt_stage4_latency_stepL2.cpp:2018]   --->   Operation 1070 'store' 'store_ln1767' <Predicate = (index_10 == 33)> <Delay = 1.58>
ST_2 : Operation 1071 [1/1] (0.00ns)   --->   "%br_ln1767 = br void %arrayidx.i.exit" [H:/subband_ref_q610_opt_stage4_latency_stepL2.cpp:1767->H:/subband_ref_q610_opt_stage4_latency_stepL2.cpp:2018]   --->   Operation 1071 'br' 'br_ln1767' <Predicate = (index_10 == 33)> <Delay = 0.00>
ST_2 : Operation 1072 [1/1] (1.58ns)   --->   "%store_ln1767 = store i16 %layer0_output_stream_read, i16 %empty_971" [H:/subband_ref_q610_opt_stage4_latency_stepL2.cpp:1767->H:/subband_ref_q610_opt_stage4_latency_stepL2.cpp:2018]   --->   Operation 1072 'store' 'store_ln1767' <Predicate = (index_10 == 32)> <Delay = 1.58>
ST_2 : Operation 1073 [1/1] (0.00ns)   --->   "%br_ln1767 = br void %arrayidx.i.exit" [H:/subband_ref_q610_opt_stage4_latency_stepL2.cpp:1767->H:/subband_ref_q610_opt_stage4_latency_stepL2.cpp:2018]   --->   Operation 1073 'br' 'br_ln1767' <Predicate = (index_10 == 32)> <Delay = 0.00>
ST_2 : Operation 1074 [1/1] (1.58ns)   --->   "%store_ln1767 = store i16 %layer0_output_stream_read, i16 %empty_972" [H:/subband_ref_q610_opt_stage4_latency_stepL2.cpp:1767->H:/subband_ref_q610_opt_stage4_latency_stepL2.cpp:2018]   --->   Operation 1074 'store' 'store_ln1767' <Predicate = (index_10 == 31)> <Delay = 1.58>
ST_2 : Operation 1075 [1/1] (0.00ns)   --->   "%br_ln1767 = br void %arrayidx.i.exit" [H:/subband_ref_q610_opt_stage4_latency_stepL2.cpp:1767->H:/subband_ref_q610_opt_stage4_latency_stepL2.cpp:2018]   --->   Operation 1075 'br' 'br_ln1767' <Predicate = (index_10 == 31)> <Delay = 0.00>
ST_2 : Operation 1076 [1/1] (1.58ns)   --->   "%store_ln1767 = store i16 %layer0_output_stream_read, i16 %empty_973" [H:/subband_ref_q610_opt_stage4_latency_stepL2.cpp:1767->H:/subband_ref_q610_opt_stage4_latency_stepL2.cpp:2018]   --->   Operation 1076 'store' 'store_ln1767' <Predicate = (index_10 == 30)> <Delay = 1.58>
ST_2 : Operation 1077 [1/1] (0.00ns)   --->   "%br_ln1767 = br void %arrayidx.i.exit" [H:/subband_ref_q610_opt_stage4_latency_stepL2.cpp:1767->H:/subband_ref_q610_opt_stage4_latency_stepL2.cpp:2018]   --->   Operation 1077 'br' 'br_ln1767' <Predicate = (index_10 == 30)> <Delay = 0.00>
ST_2 : Operation 1078 [1/1] (1.58ns)   --->   "%store_ln1767 = store i16 %layer0_output_stream_read, i16 %empty_974" [H:/subband_ref_q610_opt_stage4_latency_stepL2.cpp:1767->H:/subband_ref_q610_opt_stage4_latency_stepL2.cpp:2018]   --->   Operation 1078 'store' 'store_ln1767' <Predicate = (index_10 == 29)> <Delay = 1.58>
ST_2 : Operation 1079 [1/1] (0.00ns)   --->   "%br_ln1767 = br void %arrayidx.i.exit" [H:/subband_ref_q610_opt_stage4_latency_stepL2.cpp:1767->H:/subband_ref_q610_opt_stage4_latency_stepL2.cpp:2018]   --->   Operation 1079 'br' 'br_ln1767' <Predicate = (index_10 == 29)> <Delay = 0.00>
ST_2 : Operation 1080 [1/1] (1.58ns)   --->   "%store_ln1767 = store i16 %layer0_output_stream_read, i16 %empty_975" [H:/subband_ref_q610_opt_stage4_latency_stepL2.cpp:1767->H:/subband_ref_q610_opt_stage4_latency_stepL2.cpp:2018]   --->   Operation 1080 'store' 'store_ln1767' <Predicate = (index_10 == 28)> <Delay = 1.58>
ST_2 : Operation 1081 [1/1] (0.00ns)   --->   "%br_ln1767 = br void %arrayidx.i.exit" [H:/subband_ref_q610_opt_stage4_latency_stepL2.cpp:1767->H:/subband_ref_q610_opt_stage4_latency_stepL2.cpp:2018]   --->   Operation 1081 'br' 'br_ln1767' <Predicate = (index_10 == 28)> <Delay = 0.00>
ST_2 : Operation 1082 [1/1] (1.58ns)   --->   "%store_ln1767 = store i16 %layer0_output_stream_read, i16 %empty_976" [H:/subband_ref_q610_opt_stage4_latency_stepL2.cpp:1767->H:/subband_ref_q610_opt_stage4_latency_stepL2.cpp:2018]   --->   Operation 1082 'store' 'store_ln1767' <Predicate = (index_10 == 27)> <Delay = 1.58>
ST_2 : Operation 1083 [1/1] (0.00ns)   --->   "%br_ln1767 = br void %arrayidx.i.exit" [H:/subband_ref_q610_opt_stage4_latency_stepL2.cpp:1767->H:/subband_ref_q610_opt_stage4_latency_stepL2.cpp:2018]   --->   Operation 1083 'br' 'br_ln1767' <Predicate = (index_10 == 27)> <Delay = 0.00>
ST_2 : Operation 1084 [1/1] (1.58ns)   --->   "%store_ln1767 = store i16 %layer0_output_stream_read, i16 %empty_977" [H:/subband_ref_q610_opt_stage4_latency_stepL2.cpp:1767->H:/subband_ref_q610_opt_stage4_latency_stepL2.cpp:2018]   --->   Operation 1084 'store' 'store_ln1767' <Predicate = (index_10 == 26)> <Delay = 1.58>
ST_2 : Operation 1085 [1/1] (0.00ns)   --->   "%br_ln1767 = br void %arrayidx.i.exit" [H:/subband_ref_q610_opt_stage4_latency_stepL2.cpp:1767->H:/subband_ref_q610_opt_stage4_latency_stepL2.cpp:2018]   --->   Operation 1085 'br' 'br_ln1767' <Predicate = (index_10 == 26)> <Delay = 0.00>
ST_2 : Operation 1086 [1/1] (1.58ns)   --->   "%store_ln1767 = store i16 %layer0_output_stream_read, i16 %empty_978" [H:/subband_ref_q610_opt_stage4_latency_stepL2.cpp:1767->H:/subband_ref_q610_opt_stage4_latency_stepL2.cpp:2018]   --->   Operation 1086 'store' 'store_ln1767' <Predicate = (index_10 == 25)> <Delay = 1.58>
ST_2 : Operation 1087 [1/1] (0.00ns)   --->   "%br_ln1767 = br void %arrayidx.i.exit" [H:/subband_ref_q610_opt_stage4_latency_stepL2.cpp:1767->H:/subband_ref_q610_opt_stage4_latency_stepL2.cpp:2018]   --->   Operation 1087 'br' 'br_ln1767' <Predicate = (index_10 == 25)> <Delay = 0.00>
ST_2 : Operation 1088 [1/1] (1.58ns)   --->   "%store_ln1767 = store i16 %layer0_output_stream_read, i16 %empty_979" [H:/subband_ref_q610_opt_stage4_latency_stepL2.cpp:1767->H:/subband_ref_q610_opt_stage4_latency_stepL2.cpp:2018]   --->   Operation 1088 'store' 'store_ln1767' <Predicate = (index_10 == 24)> <Delay = 1.58>
ST_2 : Operation 1089 [1/1] (0.00ns)   --->   "%br_ln1767 = br void %arrayidx.i.exit" [H:/subband_ref_q610_opt_stage4_latency_stepL2.cpp:1767->H:/subband_ref_q610_opt_stage4_latency_stepL2.cpp:2018]   --->   Operation 1089 'br' 'br_ln1767' <Predicate = (index_10 == 24)> <Delay = 0.00>
ST_2 : Operation 1090 [1/1] (1.58ns)   --->   "%store_ln1767 = store i16 %layer0_output_stream_read, i16 %empty_980" [H:/subband_ref_q610_opt_stage4_latency_stepL2.cpp:1767->H:/subband_ref_q610_opt_stage4_latency_stepL2.cpp:2018]   --->   Operation 1090 'store' 'store_ln1767' <Predicate = (index_10 == 23)> <Delay = 1.58>
ST_2 : Operation 1091 [1/1] (0.00ns)   --->   "%br_ln1767 = br void %arrayidx.i.exit" [H:/subband_ref_q610_opt_stage4_latency_stepL2.cpp:1767->H:/subband_ref_q610_opt_stage4_latency_stepL2.cpp:2018]   --->   Operation 1091 'br' 'br_ln1767' <Predicate = (index_10 == 23)> <Delay = 0.00>
ST_2 : Operation 1092 [1/1] (1.58ns)   --->   "%store_ln1767 = store i16 %layer0_output_stream_read, i16 %empty_981" [H:/subband_ref_q610_opt_stage4_latency_stepL2.cpp:1767->H:/subband_ref_q610_opt_stage4_latency_stepL2.cpp:2018]   --->   Operation 1092 'store' 'store_ln1767' <Predicate = (index_10 == 22)> <Delay = 1.58>
ST_2 : Operation 1093 [1/1] (0.00ns)   --->   "%br_ln1767 = br void %arrayidx.i.exit" [H:/subband_ref_q610_opt_stage4_latency_stepL2.cpp:1767->H:/subband_ref_q610_opt_stage4_latency_stepL2.cpp:2018]   --->   Operation 1093 'br' 'br_ln1767' <Predicate = (index_10 == 22)> <Delay = 0.00>
ST_2 : Operation 1094 [1/1] (1.58ns)   --->   "%store_ln1767 = store i16 %layer0_output_stream_read, i16 %empty_982" [H:/subband_ref_q610_opt_stage4_latency_stepL2.cpp:1767->H:/subband_ref_q610_opt_stage4_latency_stepL2.cpp:2018]   --->   Operation 1094 'store' 'store_ln1767' <Predicate = (index_10 == 21)> <Delay = 1.58>
ST_2 : Operation 1095 [1/1] (0.00ns)   --->   "%br_ln1767 = br void %arrayidx.i.exit" [H:/subband_ref_q610_opt_stage4_latency_stepL2.cpp:1767->H:/subband_ref_q610_opt_stage4_latency_stepL2.cpp:2018]   --->   Operation 1095 'br' 'br_ln1767' <Predicate = (index_10 == 21)> <Delay = 0.00>
ST_2 : Operation 1096 [1/1] (1.58ns)   --->   "%store_ln1767 = store i16 %layer0_output_stream_read, i16 %empty_983" [H:/subband_ref_q610_opt_stage4_latency_stepL2.cpp:1767->H:/subband_ref_q610_opt_stage4_latency_stepL2.cpp:2018]   --->   Operation 1096 'store' 'store_ln1767' <Predicate = (index_10 == 20)> <Delay = 1.58>
ST_2 : Operation 1097 [1/1] (0.00ns)   --->   "%br_ln1767 = br void %arrayidx.i.exit" [H:/subband_ref_q610_opt_stage4_latency_stepL2.cpp:1767->H:/subband_ref_q610_opt_stage4_latency_stepL2.cpp:2018]   --->   Operation 1097 'br' 'br_ln1767' <Predicate = (index_10 == 20)> <Delay = 0.00>
ST_2 : Operation 1098 [1/1] (1.58ns)   --->   "%store_ln1767 = store i16 %layer0_output_stream_read, i16 %empty_984" [H:/subband_ref_q610_opt_stage4_latency_stepL2.cpp:1767->H:/subband_ref_q610_opt_stage4_latency_stepL2.cpp:2018]   --->   Operation 1098 'store' 'store_ln1767' <Predicate = (index_10 == 19)> <Delay = 1.58>
ST_2 : Operation 1099 [1/1] (0.00ns)   --->   "%br_ln1767 = br void %arrayidx.i.exit" [H:/subband_ref_q610_opt_stage4_latency_stepL2.cpp:1767->H:/subband_ref_q610_opt_stage4_latency_stepL2.cpp:2018]   --->   Operation 1099 'br' 'br_ln1767' <Predicate = (index_10 == 19)> <Delay = 0.00>
ST_2 : Operation 1100 [1/1] (1.58ns)   --->   "%store_ln1767 = store i16 %layer0_output_stream_read, i16 %empty_985" [H:/subband_ref_q610_opt_stage4_latency_stepL2.cpp:1767->H:/subband_ref_q610_opt_stage4_latency_stepL2.cpp:2018]   --->   Operation 1100 'store' 'store_ln1767' <Predicate = (index_10 == 18)> <Delay = 1.58>
ST_2 : Operation 1101 [1/1] (0.00ns)   --->   "%br_ln1767 = br void %arrayidx.i.exit" [H:/subband_ref_q610_opt_stage4_latency_stepL2.cpp:1767->H:/subband_ref_q610_opt_stage4_latency_stepL2.cpp:2018]   --->   Operation 1101 'br' 'br_ln1767' <Predicate = (index_10 == 18)> <Delay = 0.00>
ST_2 : Operation 1102 [1/1] (1.58ns)   --->   "%store_ln1767 = store i16 %layer0_output_stream_read, i16 %empty_986" [H:/subband_ref_q610_opt_stage4_latency_stepL2.cpp:1767->H:/subband_ref_q610_opt_stage4_latency_stepL2.cpp:2018]   --->   Operation 1102 'store' 'store_ln1767' <Predicate = (index_10 == 17)> <Delay = 1.58>
ST_2 : Operation 1103 [1/1] (0.00ns)   --->   "%br_ln1767 = br void %arrayidx.i.exit" [H:/subband_ref_q610_opt_stage4_latency_stepL2.cpp:1767->H:/subband_ref_q610_opt_stage4_latency_stepL2.cpp:2018]   --->   Operation 1103 'br' 'br_ln1767' <Predicate = (index_10 == 17)> <Delay = 0.00>
ST_2 : Operation 1104 [1/1] (1.58ns)   --->   "%store_ln1767 = store i16 %layer0_output_stream_read, i16 %empty_987" [H:/subband_ref_q610_opt_stage4_latency_stepL2.cpp:1767->H:/subband_ref_q610_opt_stage4_latency_stepL2.cpp:2018]   --->   Operation 1104 'store' 'store_ln1767' <Predicate = (index_10 == 16)> <Delay = 1.58>
ST_2 : Operation 1105 [1/1] (0.00ns)   --->   "%br_ln1767 = br void %arrayidx.i.exit" [H:/subband_ref_q610_opt_stage4_latency_stepL2.cpp:1767->H:/subband_ref_q610_opt_stage4_latency_stepL2.cpp:2018]   --->   Operation 1105 'br' 'br_ln1767' <Predicate = (index_10 == 16)> <Delay = 0.00>
ST_2 : Operation 1106 [1/1] (1.58ns)   --->   "%store_ln1767 = store i16 %layer0_output_stream_read, i16 %empty_988" [H:/subband_ref_q610_opt_stage4_latency_stepL2.cpp:1767->H:/subband_ref_q610_opt_stage4_latency_stepL2.cpp:2018]   --->   Operation 1106 'store' 'store_ln1767' <Predicate = (index_10 == 15)> <Delay = 1.58>
ST_2 : Operation 1107 [1/1] (0.00ns)   --->   "%br_ln1767 = br void %arrayidx.i.exit" [H:/subband_ref_q610_opt_stage4_latency_stepL2.cpp:1767->H:/subband_ref_q610_opt_stage4_latency_stepL2.cpp:2018]   --->   Operation 1107 'br' 'br_ln1767' <Predicate = (index_10 == 15)> <Delay = 0.00>
ST_2 : Operation 1108 [1/1] (1.58ns)   --->   "%store_ln1767 = store i16 %layer0_output_stream_read, i16 %empty_989" [H:/subband_ref_q610_opt_stage4_latency_stepL2.cpp:1767->H:/subband_ref_q610_opt_stage4_latency_stepL2.cpp:2018]   --->   Operation 1108 'store' 'store_ln1767' <Predicate = (index_10 == 14)> <Delay = 1.58>
ST_2 : Operation 1109 [1/1] (0.00ns)   --->   "%br_ln1767 = br void %arrayidx.i.exit" [H:/subband_ref_q610_opt_stage4_latency_stepL2.cpp:1767->H:/subband_ref_q610_opt_stage4_latency_stepL2.cpp:2018]   --->   Operation 1109 'br' 'br_ln1767' <Predicate = (index_10 == 14)> <Delay = 0.00>
ST_2 : Operation 1110 [1/1] (1.58ns)   --->   "%store_ln1767 = store i16 %layer0_output_stream_read, i16 %empty_990" [H:/subband_ref_q610_opt_stage4_latency_stepL2.cpp:1767->H:/subband_ref_q610_opt_stage4_latency_stepL2.cpp:2018]   --->   Operation 1110 'store' 'store_ln1767' <Predicate = (index_10 == 13)> <Delay = 1.58>
ST_2 : Operation 1111 [1/1] (0.00ns)   --->   "%br_ln1767 = br void %arrayidx.i.exit" [H:/subband_ref_q610_opt_stage4_latency_stepL2.cpp:1767->H:/subband_ref_q610_opt_stage4_latency_stepL2.cpp:2018]   --->   Operation 1111 'br' 'br_ln1767' <Predicate = (index_10 == 13)> <Delay = 0.00>
ST_2 : Operation 1112 [1/1] (1.58ns)   --->   "%store_ln1767 = store i16 %layer0_output_stream_read, i16 %empty_991" [H:/subband_ref_q610_opt_stage4_latency_stepL2.cpp:1767->H:/subband_ref_q610_opt_stage4_latency_stepL2.cpp:2018]   --->   Operation 1112 'store' 'store_ln1767' <Predicate = (index_10 == 12)> <Delay = 1.58>
ST_2 : Operation 1113 [1/1] (0.00ns)   --->   "%br_ln1767 = br void %arrayidx.i.exit" [H:/subband_ref_q610_opt_stage4_latency_stepL2.cpp:1767->H:/subband_ref_q610_opt_stage4_latency_stepL2.cpp:2018]   --->   Operation 1113 'br' 'br_ln1767' <Predicate = (index_10 == 12)> <Delay = 0.00>
ST_2 : Operation 1114 [1/1] (1.58ns)   --->   "%store_ln1767 = store i16 %layer0_output_stream_read, i16 %empty_992" [H:/subband_ref_q610_opt_stage4_latency_stepL2.cpp:1767->H:/subband_ref_q610_opt_stage4_latency_stepL2.cpp:2018]   --->   Operation 1114 'store' 'store_ln1767' <Predicate = (index_10 == 11)> <Delay = 1.58>
ST_2 : Operation 1115 [1/1] (0.00ns)   --->   "%br_ln1767 = br void %arrayidx.i.exit" [H:/subband_ref_q610_opt_stage4_latency_stepL2.cpp:1767->H:/subband_ref_q610_opt_stage4_latency_stepL2.cpp:2018]   --->   Operation 1115 'br' 'br_ln1767' <Predicate = (index_10 == 11)> <Delay = 0.00>
ST_2 : Operation 1116 [1/1] (1.58ns)   --->   "%store_ln1767 = store i16 %layer0_output_stream_read, i16 %empty_993" [H:/subband_ref_q610_opt_stage4_latency_stepL2.cpp:1767->H:/subband_ref_q610_opt_stage4_latency_stepL2.cpp:2018]   --->   Operation 1116 'store' 'store_ln1767' <Predicate = (index_10 == 10)> <Delay = 1.58>
ST_2 : Operation 1117 [1/1] (0.00ns)   --->   "%br_ln1767 = br void %arrayidx.i.exit" [H:/subband_ref_q610_opt_stage4_latency_stepL2.cpp:1767->H:/subband_ref_q610_opt_stage4_latency_stepL2.cpp:2018]   --->   Operation 1117 'br' 'br_ln1767' <Predicate = (index_10 == 10)> <Delay = 0.00>
ST_2 : Operation 1118 [1/1] (1.58ns)   --->   "%store_ln1767 = store i16 %layer0_output_stream_read, i16 %empty_994" [H:/subband_ref_q610_opt_stage4_latency_stepL2.cpp:1767->H:/subband_ref_q610_opt_stage4_latency_stepL2.cpp:2018]   --->   Operation 1118 'store' 'store_ln1767' <Predicate = (index_10 == 9)> <Delay = 1.58>
ST_2 : Operation 1119 [1/1] (0.00ns)   --->   "%br_ln1767 = br void %arrayidx.i.exit" [H:/subband_ref_q610_opt_stage4_latency_stepL2.cpp:1767->H:/subband_ref_q610_opt_stage4_latency_stepL2.cpp:2018]   --->   Operation 1119 'br' 'br_ln1767' <Predicate = (index_10 == 9)> <Delay = 0.00>
ST_2 : Operation 1120 [1/1] (1.58ns)   --->   "%store_ln1767 = store i16 %layer0_output_stream_read, i16 %empty_995" [H:/subband_ref_q610_opt_stage4_latency_stepL2.cpp:1767->H:/subband_ref_q610_opt_stage4_latency_stepL2.cpp:2018]   --->   Operation 1120 'store' 'store_ln1767' <Predicate = (index_10 == 8)> <Delay = 1.58>
ST_2 : Operation 1121 [1/1] (0.00ns)   --->   "%br_ln1767 = br void %arrayidx.i.exit" [H:/subband_ref_q610_opt_stage4_latency_stepL2.cpp:1767->H:/subband_ref_q610_opt_stage4_latency_stepL2.cpp:2018]   --->   Operation 1121 'br' 'br_ln1767' <Predicate = (index_10 == 8)> <Delay = 0.00>
ST_2 : Operation 1122 [1/1] (1.58ns)   --->   "%store_ln1767 = store i16 %layer0_output_stream_read, i16 %empty_996" [H:/subband_ref_q610_opt_stage4_latency_stepL2.cpp:1767->H:/subband_ref_q610_opt_stage4_latency_stepL2.cpp:2018]   --->   Operation 1122 'store' 'store_ln1767' <Predicate = (index_10 == 7)> <Delay = 1.58>
ST_2 : Operation 1123 [1/1] (0.00ns)   --->   "%br_ln1767 = br void %arrayidx.i.exit" [H:/subband_ref_q610_opt_stage4_latency_stepL2.cpp:1767->H:/subband_ref_q610_opt_stage4_latency_stepL2.cpp:2018]   --->   Operation 1123 'br' 'br_ln1767' <Predicate = (index_10 == 7)> <Delay = 0.00>
ST_2 : Operation 1124 [1/1] (1.58ns)   --->   "%store_ln1767 = store i16 %layer0_output_stream_read, i16 %empty_997" [H:/subband_ref_q610_opt_stage4_latency_stepL2.cpp:1767->H:/subband_ref_q610_opt_stage4_latency_stepL2.cpp:2018]   --->   Operation 1124 'store' 'store_ln1767' <Predicate = (index_10 == 6)> <Delay = 1.58>
ST_2 : Operation 1125 [1/1] (0.00ns)   --->   "%br_ln1767 = br void %arrayidx.i.exit" [H:/subband_ref_q610_opt_stage4_latency_stepL2.cpp:1767->H:/subband_ref_q610_opt_stage4_latency_stepL2.cpp:2018]   --->   Operation 1125 'br' 'br_ln1767' <Predicate = (index_10 == 6)> <Delay = 0.00>
ST_2 : Operation 1126 [1/1] (1.58ns)   --->   "%store_ln1767 = store i16 %layer0_output_stream_read, i16 %empty_998" [H:/subband_ref_q610_opt_stage4_latency_stepL2.cpp:1767->H:/subband_ref_q610_opt_stage4_latency_stepL2.cpp:2018]   --->   Operation 1126 'store' 'store_ln1767' <Predicate = (index_10 == 5)> <Delay = 1.58>
ST_2 : Operation 1127 [1/1] (0.00ns)   --->   "%br_ln1767 = br void %arrayidx.i.exit" [H:/subband_ref_q610_opt_stage4_latency_stepL2.cpp:1767->H:/subband_ref_q610_opt_stage4_latency_stepL2.cpp:2018]   --->   Operation 1127 'br' 'br_ln1767' <Predicate = (index_10 == 5)> <Delay = 0.00>
ST_2 : Operation 1128 [1/1] (1.58ns)   --->   "%store_ln1767 = store i16 %layer0_output_stream_read, i16 %empty_999" [H:/subband_ref_q610_opt_stage4_latency_stepL2.cpp:1767->H:/subband_ref_q610_opt_stage4_latency_stepL2.cpp:2018]   --->   Operation 1128 'store' 'store_ln1767' <Predicate = (index_10 == 4)> <Delay = 1.58>
ST_2 : Operation 1129 [1/1] (0.00ns)   --->   "%br_ln1767 = br void %arrayidx.i.exit" [H:/subband_ref_q610_opt_stage4_latency_stepL2.cpp:1767->H:/subband_ref_q610_opt_stage4_latency_stepL2.cpp:2018]   --->   Operation 1129 'br' 'br_ln1767' <Predicate = (index_10 == 4)> <Delay = 0.00>
ST_2 : Operation 1130 [1/1] (1.58ns)   --->   "%store_ln1767 = store i16 %layer0_output_stream_read, i16 %empty_1000" [H:/subband_ref_q610_opt_stage4_latency_stepL2.cpp:1767->H:/subband_ref_q610_opt_stage4_latency_stepL2.cpp:2018]   --->   Operation 1130 'store' 'store_ln1767' <Predicate = (index_10 == 3)> <Delay = 1.58>
ST_2 : Operation 1131 [1/1] (0.00ns)   --->   "%br_ln1767 = br void %arrayidx.i.exit" [H:/subband_ref_q610_opt_stage4_latency_stepL2.cpp:1767->H:/subband_ref_q610_opt_stage4_latency_stepL2.cpp:2018]   --->   Operation 1131 'br' 'br_ln1767' <Predicate = (index_10 == 3)> <Delay = 0.00>
ST_2 : Operation 1132 [1/1] (1.58ns)   --->   "%store_ln1767 = store i16 %layer0_output_stream_read, i16 %empty_1001" [H:/subband_ref_q610_opt_stage4_latency_stepL2.cpp:1767->H:/subband_ref_q610_opt_stage4_latency_stepL2.cpp:2018]   --->   Operation 1132 'store' 'store_ln1767' <Predicate = (index_10 == 2)> <Delay = 1.58>
ST_2 : Operation 1133 [1/1] (0.00ns)   --->   "%br_ln1767 = br void %arrayidx.i.exit" [H:/subband_ref_q610_opt_stage4_latency_stepL2.cpp:1767->H:/subband_ref_q610_opt_stage4_latency_stepL2.cpp:2018]   --->   Operation 1133 'br' 'br_ln1767' <Predicate = (index_10 == 2)> <Delay = 0.00>
ST_2 : Operation 1134 [1/1] (1.58ns)   --->   "%store_ln1767 = store i16 %layer0_output_stream_read, i16 %empty_1002" [H:/subband_ref_q610_opt_stage4_latency_stepL2.cpp:1767->H:/subband_ref_q610_opt_stage4_latency_stepL2.cpp:2018]   --->   Operation 1134 'store' 'store_ln1767' <Predicate = (index_10 == 1)> <Delay = 1.58>
ST_2 : Operation 1135 [1/1] (0.00ns)   --->   "%br_ln1767 = br void %arrayidx.i.exit" [H:/subband_ref_q610_opt_stage4_latency_stepL2.cpp:1767->H:/subband_ref_q610_opt_stage4_latency_stepL2.cpp:2018]   --->   Operation 1135 'br' 'br_ln1767' <Predicate = (index_10 == 1)> <Delay = 0.00>
ST_2 : Operation 1136 [1/1] (1.58ns)   --->   "%store_ln1767 = store i16 %layer0_output_stream_read, i16 %empty_1003" [H:/subband_ref_q610_opt_stage4_latency_stepL2.cpp:1767->H:/subband_ref_q610_opt_stage4_latency_stepL2.cpp:2018]   --->   Operation 1136 'store' 'store_ln1767' <Predicate = (index_10 == 0)> <Delay = 1.58>
ST_2 : Operation 1137 [1/1] (0.00ns)   --->   "%br_ln1767 = br void %arrayidx.i.exit" [H:/subband_ref_q610_opt_stage4_latency_stepL2.cpp:1767->H:/subband_ref_q610_opt_stage4_latency_stepL2.cpp:2018]   --->   Operation 1137 'br' 'br_ln1767' <Predicate = (index_10 == 0)> <Delay = 0.00>
ST_2 : Operation 1138 [1/1] (1.58ns)   --->   "%store_ln1767 = store i16 %layer0_output_stream_read, i16 %empty_1004" [H:/subband_ref_q610_opt_stage4_latency_stepL2.cpp:1767->H:/subband_ref_q610_opt_stage4_latency_stepL2.cpp:2018]   --->   Operation 1138 'store' 'store_ln1767' <Predicate = (index_10 == 255) | (index_10 == 254) | (index_10 == 253) | (index_10 == 252) | (index_10 == 251) | (index_10 == 250) | (index_10 == 249) | (index_10 == 248) | (index_10 == 247) | (index_10 == 246) | (index_10 == 245) | (index_10 == 244) | (index_10 == 243) | (index_10 == 242) | (index_10 == 241) | (index_10 == 240) | (index_10 == 239) | (index_10 == 238) | (index_10 == 237) | (index_10 == 236) | (index_10 == 235) | (index_10 == 234) | (index_10 == 233) | (index_10 == 232) | (index_10 == 231) | (index_10 == 230) | (index_10 == 229) | (index_10 == 228) | (index_10 == 227) | (index_10 == 226) | (index_10 == 225) | (index_10 == 224) | (index_10 == 223)> <Delay = 1.58>
ST_2 : Operation 1139 [1/1] (0.00ns)   --->   "%br_ln1767 = br void %arrayidx.i.exit" [H:/subband_ref_q610_opt_stage4_latency_stepL2.cpp:1767->H:/subband_ref_q610_opt_stage4_latency_stepL2.cpp:2018]   --->   Operation 1139 'br' 'br_ln1767' <Predicate = (index_10 == 255) | (index_10 == 254) | (index_10 == 253) | (index_10 == 252) | (index_10 == 251) | (index_10 == 250) | (index_10 == 249) | (index_10 == 248) | (index_10 == 247) | (index_10 == 246) | (index_10 == 245) | (index_10 == 244) | (index_10 == 243) | (index_10 == 242) | (index_10 == 241) | (index_10 == 240) | (index_10 == 239) | (index_10 == 238) | (index_10 == 237) | (index_10 == 236) | (index_10 == 235) | (index_10 == 234) | (index_10 == 233) | (index_10 == 232) | (index_10 == 231) | (index_10 == 230) | (index_10 == 229) | (index_10 == 228) | (index_10 == 227) | (index_10 == 226) | (index_10 == 225) | (index_10 == 224) | (index_10 == 223)> <Delay = 0.00>


============================================================
+ Verbose Summary: Timing violations
============================================================
Target clock period: 10.000ns, clock uncertainty: 2.700ns.

 <State 1>: 5.091ns
The critical path consists of the following:
	'store' operation 0 bit ('store_ln1765', H:/subband_ref_q610_opt_stage4_latency_stepL2.cpp:1765->H:/subband_ref_q610_opt_stage4_latency_stepL2.cpp:2018) of constant 0 on local variable 'index', H:/subband_ref_q610_opt_stage4_latency_stepL2.cpp:1765->H:/subband_ref_q610_opt_stage4_latency_stepL2.cpp:2018 [1124]  (1.588 ns)
	'load' operation 8 bit ('index', H:/subband_ref_q610_opt_stage4_latency_stepL2.cpp:1765->H:/subband_ref_q610_opt_stage4_latency_stepL2.cpp:2018) on local variable 'index', H:/subband_ref_q610_opt_stage4_latency_stepL2.cpp:1765->H:/subband_ref_q610_opt_stage4_latency_stepL2.cpp:2018 [1127]  (0.000 ns)
	'add' operation 8 bit ('add_ln1765', H:/subband_ref_q610_opt_stage4_latency_stepL2.cpp:1765->H:/subband_ref_q610_opt_stage4_latency_stepL2.cpp:2018) [1129]  (1.915 ns)
	'store' operation 0 bit ('store_ln1765', H:/subband_ref_q610_opt_stage4_latency_stepL2.cpp:1765->H:/subband_ref_q610_opt_stage4_latency_stepL2.cpp:2018) of variable 'add_ln1765', H:/subband_ref_q610_opt_stage4_latency_stepL2.cpp:1765->H:/subband_ref_q610_opt_stage4_latency_stepL2.cpp:2018 on local variable 'index', H:/subband_ref_q610_opt_stage4_latency_stepL2.cpp:1765->H:/subband_ref_q610_opt_stage4_latency_stepL2.cpp:2018 [1810]  (1.588 ns)

 <State 2>: 5.206ns
The critical path consists of the following:
	fifo read operation ('layer0_output_stream_read', H:/subband_ref_q610_opt_stage4_latency_stepL2.cpp:1767->H:/subband_ref_q610_opt_stage4_latency_stepL2.cpp:2018) on port 'layer0_output_stream' (H:/subband_ref_q610_opt_stage4_latency_stepL2.cpp:1767->H:/subband_ref_q610_opt_stage4_latency_stepL2.cpp:2018) [1135]  (3.618 ns)
	'store' operation 0 bit ('store_ln1767', H:/subband_ref_q610_opt_stage4_latency_stepL2.cpp:1767->H:/subband_ref_q610_opt_stage4_latency_stepL2.cpp:2018) of variable 'layer0_output_stream_read', H:/subband_ref_q610_opt_stage4_latency_stepL2.cpp:1767->H:/subband_ref_q610_opt_stage4_latency_stepL2.cpp:2018 on local variable 'empty' [1138]  (1.588 ns)


============================================================
+ Verbose Summary: Binding
============================================================
N/A
* FSMD analyzer results:
  - Output states:
 - Input state : 
  - Chain level:
	State 1
	State 2


============================================================
+ Verbose Summary: Datapath Resource usage 
============================================================
N/A
