

================================================================
== Vitis HLS Report for 'p_anonymous_namespace_RunGSULayer0StreamParallelQ610_Pipeline_VITIS_LOOP_1765_1'
================================================================
* Date:           Wed May 13 19:58:22 2026

* Version:        2023.2 (Build 4023990 on Oct 11 2023)
* Project:        subband_q610_zybo_z7_20_hls
* Solution:       solution1 (Vivado IP Flow Target)
* Product family: zynq
* Target device:  xc7z020-clg400-1


================================================================
== Performance Estimates
================================================================
+ Timing: 
    * Summary: 
    +--------+----------+----------+------------+
    |  Clock |  Target  | Estimated| Uncertainty|
    +--------+----------+----------+------------+
    |ap_clk  |  10.00 ns|  5.116 ns|     2.70 ns|
    +--------+----------+----------+------------+

+ Latency: 
    * Summary: 
    +---------+---------+----------+----------+-----+-----+---------+
    |  Latency (cycles) |  Latency (absolute) |  Interval | Pipeline|
    |   min   |   max   |    min   |    max   | min | max |   Type  |
    +---------+---------+----------+----------+-----+-----+---------+
    |       40|       40|  0.400 us|  0.400 us|   40|   40|       no|
    +---------+---------+----------+----------+-----+-----+---------+

    + Detail: 
        * Instance: 
        N/A

        * Loop: 
        +---------------------+---------+---------+----------+-----------+-----------+------+----------+
        |                     |  Latency (cycles) | Iteration|  Initiation Interval  | Trip |          |
        |      Loop Name      |   min   |   max   |  Latency |  achieved |   target  | Count| Pipelined|
        +---------------------+---------+---------+----------+-----------+-----------+------+----------+
        |- VITIS_LOOP_1765_1  |       38|       38|         2|          1|          1|    38|       yes|
        +---------------------+---------+---------+----------+-----------+-----------+------+----------+

============================================================
+ Verbose Summary: Synthesis Manager
============================================================
InlineROM: 1
ExposeGlobal: 0
============================================================
+ Verbose Summary: CDFG Model
============================================================
IsTopModel: 0
ResetActiveHigh: 1
IsCombinational: 0
IsDatapathOnly: 0
HasWiredReturn: 1
HasMFsm: 2
HasVarLatency: 1
IsPipeline: 0
IsRtlPipelined: 0
IsInstanceOverlapped: 0
IsDontTouch: 0
HasImplIP: 0
IsGatedGlobalClock: 0

+ Individual pipeline summary: 
  * Pipeline-0: initiation interval (II) = 1, depth = 2


============================================================
+ Verbose Summary: Schedule
============================================================
* Number of FSM states : 2
* Pipeline : 1
  Pipeline-0 : II = 1, D = 2, States = { 1 2 }
* Dataflow Pipeline: 0

* FSM state transitions: 
1 --> 2 
2 --> 

* FSM state operations: 

State 1 <SV = 0> <Delay = 5.00>
ST_1 : Operation 5 [1/1] (0.00ns)   --->   "%index = alloca i32 1" [H:/subband_ref_q610_opt_stage4_latency_stepL2.cpp:1765->H:/subband_ref_q610_opt_stage4_latency_stepL2.cpp:1983]   --->   Operation 5 'alloca' 'index' <Predicate = true> <Delay = 0.00>
ST_1 : Operation 6 [1/1] (0.00ns)   --->   "%empty = alloca i32 1"   --->   Operation 6 'alloca' 'empty' <Predicate = true> <Delay = 0.00>
ST_1 : Operation 7 [1/1] (0.00ns)   --->   "%empty_1007 = alloca i32 1"   --->   Operation 7 'alloca' 'empty_1007' <Predicate = true> <Delay = 0.00>
ST_1 : Operation 8 [1/1] (0.00ns)   --->   "%empty_1008 = alloca i32 1"   --->   Operation 8 'alloca' 'empty_1008' <Predicate = true> <Delay = 0.00>
ST_1 : Operation 9 [1/1] (0.00ns)   --->   "%empty_1009 = alloca i32 1"   --->   Operation 9 'alloca' 'empty_1009' <Predicate = true> <Delay = 0.00>
ST_1 : Operation 10 [1/1] (0.00ns)   --->   "%empty_1010 = alloca i32 1"   --->   Operation 10 'alloca' 'empty_1010' <Predicate = true> <Delay = 0.00>
ST_1 : Operation 11 [1/1] (0.00ns)   --->   "%empty_1011 = alloca i32 1"   --->   Operation 11 'alloca' 'empty_1011' <Predicate = true> <Delay = 0.00>
ST_1 : Operation 12 [1/1] (0.00ns)   --->   "%empty_1012 = alloca i32 1"   --->   Operation 12 'alloca' 'empty_1012' <Predicate = true> <Delay = 0.00>
ST_1 : Operation 13 [1/1] (0.00ns)   --->   "%empty_1013 = alloca i32 1"   --->   Operation 13 'alloca' 'empty_1013' <Predicate = true> <Delay = 0.00>
ST_1 : Operation 14 [1/1] (0.00ns)   --->   "%empty_1014 = alloca i32 1"   --->   Operation 14 'alloca' 'empty_1014' <Predicate = true> <Delay = 0.00>
ST_1 : Operation 15 [1/1] (0.00ns)   --->   "%empty_1015 = alloca i32 1"   --->   Operation 15 'alloca' 'empty_1015' <Predicate = true> <Delay = 0.00>
ST_1 : Operation 16 [1/1] (0.00ns)   --->   "%empty_1016 = alloca i32 1"   --->   Operation 16 'alloca' 'empty_1016' <Predicate = true> <Delay = 0.00>
ST_1 : Operation 17 [1/1] (0.00ns)   --->   "%empty_1017 = alloca i32 1"   --->   Operation 17 'alloca' 'empty_1017' <Predicate = true> <Delay = 0.00>
ST_1 : Operation 18 [1/1] (0.00ns)   --->   "%empty_1018 = alloca i32 1"   --->   Operation 18 'alloca' 'empty_1018' <Predicate = true> <Delay = 0.00>
ST_1 : Operation 19 [1/1] (0.00ns)   --->   "%empty_1019 = alloca i32 1"   --->   Operation 19 'alloca' 'empty_1019' <Predicate = true> <Delay = 0.00>
ST_1 : Operation 20 [1/1] (0.00ns)   --->   "%empty_1020 = alloca i32 1"   --->   Operation 20 'alloca' 'empty_1020' <Predicate = true> <Delay = 0.00>
ST_1 : Operation 21 [1/1] (0.00ns)   --->   "%empty_1021 = alloca i32 1"   --->   Operation 21 'alloca' 'empty_1021' <Predicate = true> <Delay = 0.00>
ST_1 : Operation 22 [1/1] (0.00ns)   --->   "%empty_1022 = alloca i32 1"   --->   Operation 22 'alloca' 'empty_1022' <Predicate = true> <Delay = 0.00>
ST_1 : Operation 23 [1/1] (0.00ns)   --->   "%empty_1023 = alloca i32 1"   --->   Operation 23 'alloca' 'empty_1023' <Predicate = true> <Delay = 0.00>
ST_1 : Operation 24 [1/1] (0.00ns)   --->   "%empty_1024 = alloca i32 1"   --->   Operation 24 'alloca' 'empty_1024' <Predicate = true> <Delay = 0.00>
ST_1 : Operation 25 [1/1] (0.00ns)   --->   "%empty_1025 = alloca i32 1"   --->   Operation 25 'alloca' 'empty_1025' <Predicate = true> <Delay = 0.00>
ST_1 : Operation 26 [1/1] (0.00ns)   --->   "%empty_1026 = alloca i32 1"   --->   Operation 26 'alloca' 'empty_1026' <Predicate = true> <Delay = 0.00>
ST_1 : Operation 27 [1/1] (0.00ns)   --->   "%empty_1027 = alloca i32 1"   --->   Operation 27 'alloca' 'empty_1027' <Predicate = true> <Delay = 0.00>
ST_1 : Operation 28 [1/1] (0.00ns)   --->   "%empty_1028 = alloca i32 1"   --->   Operation 28 'alloca' 'empty_1028' <Predicate = true> <Delay = 0.00>
ST_1 : Operation 29 [1/1] (0.00ns)   --->   "%empty_1029 = alloca i32 1"   --->   Operation 29 'alloca' 'empty_1029' <Predicate = true> <Delay = 0.00>
ST_1 : Operation 30 [1/1] (0.00ns)   --->   "%empty_1030 = alloca i32 1"   --->   Operation 30 'alloca' 'empty_1030' <Predicate = true> <Delay = 0.00>
ST_1 : Operation 31 [1/1] (0.00ns)   --->   "%empty_1031 = alloca i32 1"   --->   Operation 31 'alloca' 'empty_1031' <Predicate = true> <Delay = 0.00>
ST_1 : Operation 32 [1/1] (0.00ns)   --->   "%empty_1032 = alloca i32 1"   --->   Operation 32 'alloca' 'empty_1032' <Predicate = true> <Delay = 0.00>
ST_1 : Operation 33 [1/1] (0.00ns)   --->   "%empty_1033 = alloca i32 1"   --->   Operation 33 'alloca' 'empty_1033' <Predicate = true> <Delay = 0.00>
ST_1 : Operation 34 [1/1] (0.00ns)   --->   "%empty_1034 = alloca i32 1"   --->   Operation 34 'alloca' 'empty_1034' <Predicate = true> <Delay = 0.00>
ST_1 : Operation 35 [1/1] (0.00ns)   --->   "%empty_1035 = alloca i32 1"   --->   Operation 35 'alloca' 'empty_1035' <Predicate = true> <Delay = 0.00>
ST_1 : Operation 36 [1/1] (0.00ns)   --->   "%empty_1036 = alloca i32 1"   --->   Operation 36 'alloca' 'empty_1036' <Predicate = true> <Delay = 0.00>
ST_1 : Operation 37 [1/1] (0.00ns)   --->   "%empty_1037 = alloca i32 1"   --->   Operation 37 'alloca' 'empty_1037' <Predicate = true> <Delay = 0.00>
ST_1 : Operation 38 [1/1] (0.00ns)   --->   "%empty_1038 = alloca i32 1"   --->   Operation 38 'alloca' 'empty_1038' <Predicate = true> <Delay = 0.00>
ST_1 : Operation 39 [1/1] (0.00ns)   --->   "%empty_1039 = alloca i32 1"   --->   Operation 39 'alloca' 'empty_1039' <Predicate = true> <Delay = 0.00>
ST_1 : Operation 40 [1/1] (0.00ns)   --->   "%empty_1040 = alloca i32 1"   --->   Operation 40 'alloca' 'empty_1040' <Predicate = true> <Delay = 0.00>
ST_1 : Operation 41 [1/1] (0.00ns)   --->   "%empty_1041 = alloca i32 1"   --->   Operation 41 'alloca' 'empty_1041' <Predicate = true> <Delay = 0.00>
ST_1 : Operation 42 [1/1] (0.00ns)   --->   "%empty_1042 = alloca i32 1"   --->   Operation 42 'alloca' 'empty_1042' <Predicate = true> <Delay = 0.00>
ST_1 : Operation 43 [1/1] (0.00ns)   --->   "%empty_1043 = alloca i32 1"   --->   Operation 43 'alloca' 'empty_1043' <Predicate = true> <Delay = 0.00>
ST_1 : Operation 44 [1/1] (0.00ns)   --->   "%specinterface_ln0 = specinterface void @_ssdm_op_SpecInterface, i16 %sequence_stream, void @empty_199, i32 0, i32 0, void @empty_25, i32 0, i32 0, void @empty_25, void @empty_25, void @empty_25, i32 0, i32 0, i32 0, i32 0, void @empty_25, void @empty_25, i32 4294967295, i32 0"   --->   Operation 44 'specinterface' 'specinterface_ln0' <Predicate = true> <Delay = 0.00>
ST_1 : Operation 45 [1/1] (0.00ns)   --->   "%input_buffer_1155_read = read i16 @_ssdm_op_Read.ap_auto.i16, i16 %input_buffer_1155"   --->   Operation 45 'read' 'input_buffer_1155_read' <Predicate = true> <Delay = 0.00>
ST_1 : Operation 46 [1/1] (0.00ns)   --->   "%input_buffer_1154_read = read i16 @_ssdm_op_Read.ap_auto.i16, i16 %input_buffer_1154"   --->   Operation 46 'read' 'input_buffer_1154_read' <Predicate = true> <Delay = 0.00>
ST_1 : Operation 47 [1/1] (0.00ns)   --->   "%input_buffer_1153_read = read i16 @_ssdm_op_Read.ap_auto.i16, i16 %input_buffer_1153"   --->   Operation 47 'read' 'input_buffer_1153_read' <Predicate = true> <Delay = 0.00>
ST_1 : Operation 48 [1/1] (0.00ns)   --->   "%input_buffer_1152_read = read i16 @_ssdm_op_Read.ap_auto.i16, i16 %input_buffer_1152"   --->   Operation 48 'read' 'input_buffer_1152_read' <Predicate = true> <Delay = 0.00>
ST_1 : Operation 49 [1/1] (0.00ns)   --->   "%input_buffer_1151_read = read i16 @_ssdm_op_Read.ap_auto.i16, i16 %input_buffer_1151"   --->   Operation 49 'read' 'input_buffer_1151_read' <Predicate = true> <Delay = 0.00>
ST_1 : Operation 50 [1/1] (0.00ns)   --->   "%input_buffer_1150_read = read i16 @_ssdm_op_Read.ap_auto.i16, i16 %input_buffer_1150"   --->   Operation 50 'read' 'input_buffer_1150_read' <Predicate = true> <Delay = 0.00>
ST_1 : Operation 51 [1/1] (0.00ns)   --->   "%input_buffer_1149_read = read i16 @_ssdm_op_Read.ap_auto.i16, i16 %input_buffer_1149"   --->   Operation 51 'read' 'input_buffer_1149_read' <Predicate = true> <Delay = 0.00>
ST_1 : Operation 52 [1/1] (0.00ns)   --->   "%input_buffer_1148_read = read i16 @_ssdm_op_Read.ap_auto.i16, i16 %input_buffer_1148"   --->   Operation 52 'read' 'input_buffer_1148_read' <Predicate = true> <Delay = 0.00>
ST_1 : Operation 53 [1/1] (0.00ns)   --->   "%input_buffer_1147_read = read i16 @_ssdm_op_Read.ap_auto.i16, i16 %input_buffer_1147"   --->   Operation 53 'read' 'input_buffer_1147_read' <Predicate = true> <Delay = 0.00>
ST_1 : Operation 54 [1/1] (0.00ns)   --->   "%input_buffer_1146_read = read i16 @_ssdm_op_Read.ap_auto.i16, i16 %input_buffer_1146"   --->   Operation 54 'read' 'input_buffer_1146_read' <Predicate = true> <Delay = 0.00>
ST_1 : Operation 55 [1/1] (0.00ns)   --->   "%input_buffer_1145_read = read i16 @_ssdm_op_Read.ap_auto.i16, i16 %input_buffer_1145"   --->   Operation 55 'read' 'input_buffer_1145_read' <Predicate = true> <Delay = 0.00>
ST_1 : Operation 56 [1/1] (0.00ns)   --->   "%input_buffer_1144_read = read i16 @_ssdm_op_Read.ap_auto.i16, i16 %input_buffer_1144"   --->   Operation 56 'read' 'input_buffer_1144_read' <Predicate = true> <Delay = 0.00>
ST_1 : Operation 57 [1/1] (0.00ns)   --->   "%input_buffer_1143_read = read i16 @_ssdm_op_Read.ap_auto.i16, i16 %input_buffer_1143"   --->   Operation 57 'read' 'input_buffer_1143_read' <Predicate = true> <Delay = 0.00>
ST_1 : Operation 58 [1/1] (0.00ns)   --->   "%input_buffer_1142_read = read i16 @_ssdm_op_Read.ap_auto.i16, i16 %input_buffer_1142"   --->   Operation 58 'read' 'input_buffer_1142_read' <Predicate = true> <Delay = 0.00>
ST_1 : Operation 59 [1/1] (0.00ns)   --->   "%input_buffer_1141_read = read i16 @_ssdm_op_Read.ap_auto.i16, i16 %input_buffer_1141"   --->   Operation 59 'read' 'input_buffer_1141_read' <Predicate = true> <Delay = 0.00>
ST_1 : Operation 60 [1/1] (0.00ns)   --->   "%input_buffer_1140_read = read i16 @_ssdm_op_Read.ap_auto.i16, i16 %input_buffer_1140"   --->   Operation 60 'read' 'input_buffer_1140_read' <Predicate = true> <Delay = 0.00>
ST_1 : Operation 61 [1/1] (0.00ns)   --->   "%input_buffer_1139_read = read i16 @_ssdm_op_Read.ap_auto.i16, i16 %input_buffer_1139"   --->   Operation 61 'read' 'input_buffer_1139_read' <Predicate = true> <Delay = 0.00>
ST_1 : Operation 62 [1/1] (0.00ns)   --->   "%input_buffer_1138_read = read i16 @_ssdm_op_Read.ap_auto.i16, i16 %input_buffer_1138"   --->   Operation 62 'read' 'input_buffer_1138_read' <Predicate = true> <Delay = 0.00>
ST_1 : Operation 63 [1/1] (0.00ns)   --->   "%input_buffer_1137_read = read i16 @_ssdm_op_Read.ap_auto.i16, i16 %input_buffer_1137"   --->   Operation 63 'read' 'input_buffer_1137_read' <Predicate = true> <Delay = 0.00>
ST_1 : Operation 64 [1/1] (0.00ns)   --->   "%input_buffer_1136_read = read i16 @_ssdm_op_Read.ap_auto.i16, i16 %input_buffer_1136"   --->   Operation 64 'read' 'input_buffer_1136_read' <Predicate = true> <Delay = 0.00>
ST_1 : Operation 65 [1/1] (0.00ns)   --->   "%input_buffer_1135_read = read i16 @_ssdm_op_Read.ap_auto.i16, i16 %input_buffer_1135"   --->   Operation 65 'read' 'input_buffer_1135_read' <Predicate = true> <Delay = 0.00>
ST_1 : Operation 66 [1/1] (0.00ns)   --->   "%input_buffer_1134_read = read i16 @_ssdm_op_Read.ap_auto.i16, i16 %input_buffer_1134"   --->   Operation 66 'read' 'input_buffer_1134_read' <Predicate = true> <Delay = 0.00>
ST_1 : Operation 67 [1/1] (0.00ns)   --->   "%input_buffer_1133_read = read i16 @_ssdm_op_Read.ap_auto.i16, i16 %input_buffer_1133"   --->   Operation 67 'read' 'input_buffer_1133_read' <Predicate = true> <Delay = 0.00>
ST_1 : Operation 68 [1/1] (0.00ns)   --->   "%input_buffer_1132_read = read i16 @_ssdm_op_Read.ap_auto.i16, i16 %input_buffer_1132"   --->   Operation 68 'read' 'input_buffer_1132_read' <Predicate = true> <Delay = 0.00>
ST_1 : Operation 69 [1/1] (0.00ns)   --->   "%input_buffer_1131_read = read i16 @_ssdm_op_Read.ap_auto.i16, i16 %input_buffer_1131"   --->   Operation 69 'read' 'input_buffer_1131_read' <Predicate = true> <Delay = 0.00>
ST_1 : Operation 70 [1/1] (0.00ns)   --->   "%input_buffer_1130_read = read i16 @_ssdm_op_Read.ap_auto.i16, i16 %input_buffer_1130"   --->   Operation 70 'read' 'input_buffer_1130_read' <Predicate = true> <Delay = 0.00>
ST_1 : Operation 71 [1/1] (0.00ns)   --->   "%input_buffer_1129_read = read i16 @_ssdm_op_Read.ap_auto.i16, i16 %input_buffer_1129"   --->   Operation 71 'read' 'input_buffer_1129_read' <Predicate = true> <Delay = 0.00>
ST_1 : Operation 72 [1/1] (0.00ns)   --->   "%input_buffer_1128_read = read i16 @_ssdm_op_Read.ap_auto.i16, i16 %input_buffer_1128"   --->   Operation 72 'read' 'input_buffer_1128_read' <Predicate = true> <Delay = 0.00>
ST_1 : Operation 73 [1/1] (0.00ns)   --->   "%input_buffer_1127_read = read i16 @_ssdm_op_Read.ap_auto.i16, i16 %input_buffer_1127"   --->   Operation 73 'read' 'input_buffer_1127_read' <Predicate = true> <Delay = 0.00>
ST_1 : Operation 74 [1/1] (0.00ns)   --->   "%input_buffer_1126_read = read i16 @_ssdm_op_Read.ap_auto.i16, i16 %input_buffer_1126"   --->   Operation 74 'read' 'input_buffer_1126_read' <Predicate = true> <Delay = 0.00>
ST_1 : Operation 75 [1/1] (0.00ns)   --->   "%input_buffer_1125_read = read i16 @_ssdm_op_Read.ap_auto.i16, i16 %input_buffer_1125"   --->   Operation 75 'read' 'input_buffer_1125_read' <Predicate = true> <Delay = 0.00>
ST_1 : Operation 76 [1/1] (0.00ns)   --->   "%input_buffer_1124_read = read i16 @_ssdm_op_Read.ap_auto.i16, i16 %input_buffer_1124"   --->   Operation 76 'read' 'input_buffer_1124_read' <Predicate = true> <Delay = 0.00>
ST_1 : Operation 77 [1/1] (0.00ns)   --->   "%input_buffer_1123_read = read i16 @_ssdm_op_Read.ap_auto.i16, i16 %input_buffer_1123"   --->   Operation 77 'read' 'input_buffer_1123_read' <Predicate = true> <Delay = 0.00>
ST_1 : Operation 78 [1/1] (0.00ns)   --->   "%input_buffer_1122_read = read i16 @_ssdm_op_Read.ap_auto.i16, i16 %input_buffer_1122"   --->   Operation 78 'read' 'input_buffer_1122_read' <Predicate = true> <Delay = 0.00>
ST_1 : Operation 79 [1/1] (0.00ns)   --->   "%input_buffer_1121_read = read i16 @_ssdm_op_Read.ap_auto.i16, i16 %input_buffer_1121"   --->   Operation 79 'read' 'input_buffer_1121_read' <Predicate = true> <Delay = 0.00>
ST_1 : Operation 80 [1/1] (0.00ns)   --->   "%input_buffer_1120_read = read i16 @_ssdm_op_Read.ap_auto.i16, i16 %input_buffer_1120"   --->   Operation 80 'read' 'input_buffer_1120_read' <Predicate = true> <Delay = 0.00>
ST_1 : Operation 81 [1/1] (0.00ns)   --->   "%input_buffer_read = read i16 @_ssdm_op_Read.ap_auto.i16, i16 %input_buffer"   --->   Operation 81 'read' 'input_buffer_read' <Predicate = true> <Delay = 0.00>
ST_1 : Operation 82 [1/1] (0.00ns)   --->   "%input_buffer_1156_read = read i16 @_ssdm_op_Read.ap_auto.i16, i16 %input_buffer_1156"   --->   Operation 82 'read' 'input_buffer_1156_read' <Predicate = true> <Delay = 0.00>
ST_1 : Operation 83 [1/1] (1.58ns)   --->   "%store_ln0 = store i16 %input_buffer_1156_read, i16 %empty_1043"   --->   Operation 83 'store' 'store_ln0' <Predicate = true> <Delay = 1.58>
ST_1 : Operation 84 [1/1] (1.58ns)   --->   "%store_ln0 = store i16 %input_buffer_read, i16 %empty_1042"   --->   Operation 84 'store' 'store_ln0' <Predicate = true> <Delay = 1.58>
ST_1 : Operation 85 [1/1] (1.58ns)   --->   "%store_ln0 = store i16 %input_buffer_1120_read, i16 %empty_1041"   --->   Operation 85 'store' 'store_ln0' <Predicate = true> <Delay = 1.58>
ST_1 : Operation 86 [1/1] (1.58ns)   --->   "%store_ln0 = store i16 %input_buffer_1121_read, i16 %empty_1040"   --->   Operation 86 'store' 'store_ln0' <Predicate = true> <Delay = 1.58>
ST_1 : Operation 87 [1/1] (1.58ns)   --->   "%store_ln0 = store i16 %input_buffer_1122_read, i16 %empty_1039"   --->   Operation 87 'store' 'store_ln0' <Predicate = true> <Delay = 1.58>
ST_1 : Operation 88 [1/1] (1.58ns)   --->   "%store_ln0 = store i16 %input_buffer_1123_read, i16 %empty_1038"   --->   Operation 88 'store' 'store_ln0' <Predicate = true> <Delay = 1.58>
ST_1 : Operation 89 [1/1] (1.58ns)   --->   "%store_ln0 = store i16 %input_buffer_1124_read, i16 %empty_1037"   --->   Operation 89 'store' 'store_ln0' <Predicate = true> <Delay = 1.58>
ST_1 : Operation 90 [1/1] (1.58ns)   --->   "%store_ln0 = store i16 %input_buffer_1125_read, i16 %empty_1036"   --->   Operation 90 'store' 'store_ln0' <Predicate = true> <Delay = 1.58>
ST_1 : Operation 91 [1/1] (1.58ns)   --->   "%store_ln0 = store i16 %input_buffer_1126_read, i16 %empty_1035"   --->   Operation 91 'store' 'store_ln0' <Predicate = true> <Delay = 1.58>
ST_1 : Operation 92 [1/1] (1.58ns)   --->   "%store_ln0 = store i16 %input_buffer_1127_read, i16 %empty_1034"   --->   Operation 92 'store' 'store_ln0' <Predicate = true> <Delay = 1.58>
ST_1 : Operation 93 [1/1] (1.58ns)   --->   "%store_ln0 = store i16 %input_buffer_1128_read, i16 %empty_1033"   --->   Operation 93 'store' 'store_ln0' <Predicate = true> <Delay = 1.58>
ST_1 : Operation 94 [1/1] (1.58ns)   --->   "%store_ln0 = store i16 %input_buffer_1129_read, i16 %empty_1032"   --->   Operation 94 'store' 'store_ln0' <Predicate = true> <Delay = 1.58>
ST_1 : Operation 95 [1/1] (1.58ns)   --->   "%store_ln0 = store i16 %input_buffer_1130_read, i16 %empty_1031"   --->   Operation 95 'store' 'store_ln0' <Predicate = true> <Delay = 1.58>
ST_1 : Operation 96 [1/1] (1.58ns)   --->   "%store_ln0 = store i16 %input_buffer_1131_read, i16 %empty_1030"   --->   Operation 96 'store' 'store_ln0' <Predicate = true> <Delay = 1.58>
ST_1 : Operation 97 [1/1] (1.58ns)   --->   "%store_ln0 = store i16 %input_buffer_1132_read, i16 %empty_1029"   --->   Operation 97 'store' 'store_ln0' <Predicate = true> <Delay = 1.58>
ST_1 : Operation 98 [1/1] (1.58ns)   --->   "%store_ln0 = store i16 %input_buffer_1133_read, i16 %empty_1028"   --->   Operation 98 'store' 'store_ln0' <Predicate = true> <Delay = 1.58>
ST_1 : Operation 99 [1/1] (1.58ns)   --->   "%store_ln0 = store i16 %input_buffer_1134_read, i16 %empty_1027"   --->   Operation 99 'store' 'store_ln0' <Predicate = true> <Delay = 1.58>
ST_1 : Operation 100 [1/1] (1.58ns)   --->   "%store_ln0 = store i16 %input_buffer_1135_read, i16 %empty_1026"   --->   Operation 100 'store' 'store_ln0' <Predicate = true> <Delay = 1.58>
ST_1 : Operation 101 [1/1] (1.58ns)   --->   "%store_ln0 = store i16 %input_buffer_1136_read, i16 %empty_1025"   --->   Operation 101 'store' 'store_ln0' <Predicate = true> <Delay = 1.58>
ST_1 : Operation 102 [1/1] (1.58ns)   --->   "%store_ln0 = store i16 %input_buffer_1137_read, i16 %empty_1024"   --->   Operation 102 'store' 'store_ln0' <Predicate = true> <Delay = 1.58>
ST_1 : Operation 103 [1/1] (1.58ns)   --->   "%store_ln0 = store i16 %input_buffer_1138_read, i16 %empty_1023"   --->   Operation 103 'store' 'store_ln0' <Predicate = true> <Delay = 1.58>
ST_1 : Operation 104 [1/1] (1.58ns)   --->   "%store_ln0 = store i16 %input_buffer_1139_read, i16 %empty_1022"   --->   Operation 104 'store' 'store_ln0' <Predicate = true> <Delay = 1.58>
ST_1 : Operation 105 [1/1] (1.58ns)   --->   "%store_ln0 = store i16 %input_buffer_1140_read, i16 %empty_1021"   --->   Operation 105 'store' 'store_ln0' <Predicate = true> <Delay = 1.58>
ST_1 : Operation 106 [1/1] (1.58ns)   --->   "%store_ln0 = store i16 %input_buffer_1141_read, i16 %empty_1020"   --->   Operation 106 'store' 'store_ln0' <Predicate = true> <Delay = 1.58>
ST_1 : Operation 107 [1/1] (1.58ns)   --->   "%store_ln0 = store i16 %input_buffer_1142_read, i16 %empty_1019"   --->   Operation 107 'store' 'store_ln0' <Predicate = true> <Delay = 1.58>
ST_1 : Operation 108 [1/1] (1.58ns)   --->   "%store_ln0 = store i16 %input_buffer_1143_read, i16 %empty_1018"   --->   Operation 108 'store' 'store_ln0' <Predicate = true> <Delay = 1.58>
ST_1 : Operation 109 [1/1] (1.58ns)   --->   "%store_ln0 = store i16 %input_buffer_1144_read, i16 %empty_1017"   --->   Operation 109 'store' 'store_ln0' <Predicate = true> <Delay = 1.58>
ST_1 : Operation 110 [1/1] (1.58ns)   --->   "%store_ln0 = store i16 %input_buffer_1145_read, i16 %empty_1016"   --->   Operation 110 'store' 'store_ln0' <Predicate = true> <Delay = 1.58>
ST_1 : Operation 111 [1/1] (1.58ns)   --->   "%store_ln0 = store i16 %input_buffer_1146_read, i16 %empty_1015"   --->   Operation 111 'store' 'store_ln0' <Predicate = true> <Delay = 1.58>
ST_1 : Operation 112 [1/1] (1.58ns)   --->   "%store_ln0 = store i16 %input_buffer_1147_read, i16 %empty_1014"   --->   Operation 112 'store' 'store_ln0' <Predicate = true> <Delay = 1.58>
ST_1 : Operation 113 [1/1] (1.58ns)   --->   "%store_ln0 = store i16 %input_buffer_1148_read, i16 %empty_1013"   --->   Operation 113 'store' 'store_ln0' <Predicate = true> <Delay = 1.58>
ST_1 : Operation 114 [1/1] (1.58ns)   --->   "%store_ln0 = store i16 %input_buffer_1149_read, i16 %empty_1012"   --->   Operation 114 'store' 'store_ln0' <Predicate = true> <Delay = 1.58>
ST_1 : Operation 115 [1/1] (1.58ns)   --->   "%store_ln0 = store i16 %input_buffer_1150_read, i16 %empty_1011"   --->   Operation 115 'store' 'store_ln0' <Predicate = true> <Delay = 1.58>
ST_1 : Operation 116 [1/1] (1.58ns)   --->   "%store_ln0 = store i16 %input_buffer_1151_read, i16 %empty_1010"   --->   Operation 116 'store' 'store_ln0' <Predicate = true> <Delay = 1.58>
ST_1 : Operation 117 [1/1] (1.58ns)   --->   "%store_ln0 = store i16 %input_buffer_1152_read, i16 %empty_1009"   --->   Operation 117 'store' 'store_ln0' <Predicate = true> <Delay = 1.58>
ST_1 : Operation 118 [1/1] (1.58ns)   --->   "%store_ln0 = store i16 %input_buffer_1153_read, i16 %empty_1008"   --->   Operation 118 'store' 'store_ln0' <Predicate = true> <Delay = 1.58>
ST_1 : Operation 119 [1/1] (1.58ns)   --->   "%store_ln0 = store i16 %input_buffer_1154_read, i16 %empty_1007"   --->   Operation 119 'store' 'store_ln0' <Predicate = true> <Delay = 1.58>
ST_1 : Operation 120 [1/1] (1.58ns)   --->   "%store_ln0 = store i16 %input_buffer_1155_read, i16 %empty"   --->   Operation 120 'store' 'store_ln0' <Predicate = true> <Delay = 1.58>
ST_1 : Operation 121 [1/1] (1.58ns)   --->   "%store_ln1765 = store i6 0, i6 %index" [H:/subband_ref_q610_opt_stage4_latency_stepL2.cpp:1765->H:/subband_ref_q610_opt_stage4_latency_stepL2.cpp:1983]   --->   Operation 121 'store' 'store_ln1765' <Predicate = true> <Delay = 1.58>
ST_1 : Operation 122 [1/1] (0.00ns)   --->   "%br_ln0 = br void %for.body.i"   --->   Operation 122 'br' 'br_ln0' <Predicate = true> <Delay = 0.00>
ST_1 : Operation 123 [1/1] (0.00ns)   --->   "%index_11 = load i6 %index" [H:/subband_ref_q610_opt_stage4_latency_stepL2.cpp:1765->H:/subband_ref_q610_opt_stage4_latency_stepL2.cpp:1983]   --->   Operation 123 'load' 'index_11' <Predicate = true> <Delay = 0.00>
ST_1 : Operation 124 [1/1] (1.82ns)   --->   "%icmp_ln1765 = icmp_eq  i6 %index_11, i6 38" [H:/subband_ref_q610_opt_stage4_latency_stepL2.cpp:1765->H:/subband_ref_q610_opt_stage4_latency_stepL2.cpp:1983]   --->   Operation 124 'icmp' 'icmp_ln1765' <Predicate = true> <Delay = 1.82> <CoreInst = "Cmp">   --->   Core 9 'Cmp' <Latency = 0> <II = 1> <Delay = 1.82> <FuncUnit> <Opcode : 'icmp'> <InPorts = 2> <OutPorts = 1>
ST_1 : Operation 125 [1/1] (1.82ns)   --->   "%add_ln1765 = add i6 %index_11, i6 1" [H:/subband_ref_q610_opt_stage4_latency_stepL2.cpp:1765->H:/subband_ref_q610_opt_stage4_latency_stepL2.cpp:1983]   --->   Operation 125 'add' 'add_ln1765' <Predicate = true> <Delay = 1.82> <CoreInst = "Adder">   --->   Core 1 'Adder' <Latency = 0> <II = 1> <Delay = 1.82> <FuncUnit> <Opcode : 'add' 'sub'> <InPorts = 2> <OutPorts = 1>
ST_1 : Operation 126 [1/1] (0.00ns)   --->   "%br_ln1765 = br i1 %icmp_ln1765, void %for.body.i.split, void %_ZN12subband_q61012_GLOBAL__N_129ReadFixedVectorFromStreamQ610ILi38EEEvRN3hls6streamI6ap_intILi16EELi0EEERAT__S5_.exit.exitStub" [H:/subband_ref_q610_opt_stage4_latency_stepL2.cpp:1765->H:/subband_ref_q610_opt_stage4_latency_stepL2.cpp:1983]   --->   Operation 126 'br' 'br_ln1765' <Predicate = true> <Delay = 0.00>
ST_1 : Operation 127 [1/1] (1.91ns)   --->   "%switch_ln1767 = switch i6 %index_11, void %arrayidx.i.case.37, i6 0, void %for.body.i.split.arrayidx.i.exit_crit_edge76, i6 1, void %arrayidx.i.case.1, i6 2, void %arrayidx.i.case.2, i6 3, void %arrayidx.i.case.3, i6 4, void %arrayidx.i.case.4, i6 5, void %arrayidx.i.case.5, i6 6, void %arrayidx.i.case.6, i6 7, void %arrayidx.i.case.7, i6 8, void %arrayidx.i.case.8, i6 9, void %arrayidx.i.case.9, i6 10, void %arrayidx.i.case.10, i6 11, void %arrayidx.i.case.11, i6 12, void %arrayidx.i.case.12, i6 13, void %arrayidx.i.case.13, i6 14, void %arrayidx.i.case.14, i6 15, void %arrayidx.i.case.15, i6 16, void %arrayidx.i.case.16, i6 17, void %arrayidx.i.case.17, i6 18, void %arrayidx.i.case.18, i6 19, void %arrayidx.i.case.19, i6 20, void %arrayidx.i.case.20, i6 21, void %arrayidx.i.case.21, i6 22, void %arrayidx.i.case.22, i6 23, void %arrayidx.i.case.23, i6 24, void %arrayidx.i.case.24, i6 25, void %arrayidx.i.case.25, i6 26, void %arrayidx.i.case.26, i6 27, void %arrayidx.i.case.27, i6 28, void %arrayidx.i.case.28, i6 29, void %arrayidx.i.case.29, i6 30, void %arrayidx.i.case.30, i6 31, void %arrayidx.i.case.31, i6 32, void %arrayidx.i.case.32, i6 33, void %arrayidx.i.case.33, i6 34, void %arrayidx.i.case.34, i6 35, void %arrayidx.i.case.35, i6 36, void %for.body.i.split.arrayidx.i.exit_crit_edge" [H:/subband_ref_q610_opt_stage4_latency_stepL2.cpp:1767->H:/subband_ref_q610_opt_stage4_latency_stepL2.cpp:1983]   --->   Operation 127 'switch' 'switch_ln1767' <Predicate = (!icmp_ln1765)> <Delay = 1.91>
ST_1 : Operation 128 [1/1] (1.58ns)   --->   "%store_ln1765 = store i6 %add_ln1765, i6 %index" [H:/subband_ref_q610_opt_stage4_latency_stepL2.cpp:1765->H:/subband_ref_q610_opt_stage4_latency_stepL2.cpp:1983]   --->   Operation 128 'store' 'store_ln1765' <Predicate = (!icmp_ln1765)> <Delay = 1.58>
ST_1 : Operation 129 [1/1] (0.00ns)   --->   "%br_ln1765 = br void %for.body.i" [H:/subband_ref_q610_opt_stage4_latency_stepL2.cpp:1765->H:/subband_ref_q610_opt_stage4_latency_stepL2.cpp:1983]   --->   Operation 129 'br' 'br_ln1765' <Predicate = (!icmp_ln1765)> <Delay = 0.00>
ST_1 : Operation 210 [1/1] (0.00ns)   --->   "%p_load113 = load i16 %empty"   --->   Operation 210 'load' 'p_load113' <Predicate = (icmp_ln1765)> <Delay = 0.00>
ST_1 : Operation 211 [1/1] (0.00ns)   --->   "%p_load112 = load i16 %empty_1007"   --->   Operation 211 'load' 'p_load112' <Predicate = (icmp_ln1765)> <Delay = 0.00>
ST_1 : Operation 212 [1/1] (0.00ns)   --->   "%p_load111 = load i16 %empty_1008"   --->   Operation 212 'load' 'p_load111' <Predicate = (icmp_ln1765)> <Delay = 0.00>
ST_1 : Operation 213 [1/1] (0.00ns)   --->   "%p_load110 = load i16 %empty_1009"   --->   Operation 213 'load' 'p_load110' <Predicate = (icmp_ln1765)> <Delay = 0.00>
ST_1 : Operation 214 [1/1] (0.00ns)   --->   "%p_load109 = load i16 %empty_1010"   --->   Operation 214 'load' 'p_load109' <Predicate = (icmp_ln1765)> <Delay = 0.00>
ST_1 : Operation 215 [1/1] (0.00ns)   --->   "%p_load108 = load i16 %empty_1011"   --->   Operation 215 'load' 'p_load108' <Predicate = (icmp_ln1765)> <Delay = 0.00>
ST_1 : Operation 216 [1/1] (0.00ns)   --->   "%p_load107 = load i16 %empty_1012"   --->   Operation 216 'load' 'p_load107' <Predicate = (icmp_ln1765)> <Delay = 0.00>
ST_1 : Operation 217 [1/1] (0.00ns)   --->   "%p_load106 = load i16 %empty_1013"   --->   Operation 217 'load' 'p_load106' <Predicate = (icmp_ln1765)> <Delay = 0.00>
ST_1 : Operation 218 [1/1] (0.00ns)   --->   "%p_load105 = load i16 %empty_1014"   --->   Operation 218 'load' 'p_load105' <Predicate = (icmp_ln1765)> <Delay = 0.00>
ST_1 : Operation 219 [1/1] (0.00ns)   --->   "%p_load104 = load i16 %empty_1015"   --->   Operation 219 'load' 'p_load104' <Predicate = (icmp_ln1765)> <Delay = 0.00>
ST_1 : Operation 220 [1/1] (0.00ns)   --->   "%p_load103 = load i16 %empty_1016"   --->   Operation 220 'load' 'p_load103' <Predicate = (icmp_ln1765)> <Delay = 0.00>
ST_1 : Operation 221 [1/1] (0.00ns)   --->   "%p_load102 = load i16 %empty_1017"   --->   Operation 221 'load' 'p_load102' <Predicate = (icmp_ln1765)> <Delay = 0.00>
ST_1 : Operation 222 [1/1] (0.00ns)   --->   "%p_load101 = load i16 %empty_1018"   --->   Operation 222 'load' 'p_load101' <Predicate = (icmp_ln1765)> <Delay = 0.00>
ST_1 : Operation 223 [1/1] (0.00ns)   --->   "%p_load100 = load i16 %empty_1019"   --->   Operation 223 'load' 'p_load100' <Predicate = (icmp_ln1765)> <Delay = 0.00>
ST_1 : Operation 224 [1/1] (0.00ns)   --->   "%p_load99 = load i16 %empty_1020"   --->   Operation 224 'load' 'p_load99' <Predicate = (icmp_ln1765)> <Delay = 0.00>
ST_1 : Operation 225 [1/1] (0.00ns)   --->   "%p_load98 = load i16 %empty_1021"   --->   Operation 225 'load' 'p_load98' <Predicate = (icmp_ln1765)> <Delay = 0.00>
ST_1 : Operation 226 [1/1] (0.00ns)   --->   "%p_load97 = load i16 %empty_1022"   --->   Operation 226 'load' 'p_load97' <Predicate = (icmp_ln1765)> <Delay = 0.00>
ST_1 : Operation 227 [1/1] (0.00ns)   --->   "%p_load96 = load i16 %empty_1023"   --->   Operation 227 'load' 'p_load96' <Predicate = (icmp_ln1765)> <Delay = 0.00>
ST_1 : Operation 228 [1/1] (0.00ns)   --->   "%p_load95 = load i16 %empty_1024"   --->   Operation 228 'load' 'p_load95' <Predicate = (icmp_ln1765)> <Delay = 0.00>
ST_1 : Operation 229 [1/1] (0.00ns)   --->   "%p_load94 = load i16 %empty_1025"   --->   Operation 229 'load' 'p_load94' <Predicate = (icmp_ln1765)> <Delay = 0.00>
ST_1 : Operation 230 [1/1] (0.00ns)   --->   "%p_load93 = load i16 %empty_1026"   --->   Operation 230 'load' 'p_load93' <Predicate = (icmp_ln1765)> <Delay = 0.00>
ST_1 : Operation 231 [1/1] (0.00ns)   --->   "%p_load92 = load i16 %empty_1027"   --->   Operation 231 'load' 'p_load92' <Predicate = (icmp_ln1765)> <Delay = 0.00>
ST_1 : Operation 232 [1/1] (0.00ns)   --->   "%p_load91 = load i16 %empty_1028"   --->   Operation 232 'load' 'p_load91' <Predicate = (icmp_ln1765)> <Delay = 0.00>
ST_1 : Operation 233 [1/1] (0.00ns)   --->   "%p_load90 = load i16 %empty_1029"   --->   Operation 233 'load' 'p_load90' <Predicate = (icmp_ln1765)> <Delay = 0.00>
ST_1 : Operation 234 [1/1] (0.00ns)   --->   "%p_load89 = load i16 %empty_1030"   --->   Operation 234 'load' 'p_load89' <Predicate = (icmp_ln1765)> <Delay = 0.00>
ST_1 : Operation 235 [1/1] (0.00ns)   --->   "%p_load88 = load i16 %empty_1031"   --->   Operation 235 'load' 'p_load88' <Predicate = (icmp_ln1765)> <Delay = 0.00>
ST_1 : Operation 236 [1/1] (0.00ns)   --->   "%p_load87 = load i16 %empty_1032"   --->   Operation 236 'load' 'p_load87' <Predicate = (icmp_ln1765)> <Delay = 0.00>
ST_1 : Operation 237 [1/1] (0.00ns)   --->   "%p_load86 = load i16 %empty_1033"   --->   Operation 237 'load' 'p_load86' <Predicate = (icmp_ln1765)> <Delay = 0.00>
ST_1 : Operation 238 [1/1] (0.00ns)   --->   "%p_load85 = load i16 %empty_1034"   --->   Operation 238 'load' 'p_load85' <Predicate = (icmp_ln1765)> <Delay = 0.00>
ST_1 : Operation 239 [1/1] (0.00ns)   --->   "%p_load84 = load i16 %empty_1035"   --->   Operation 239 'load' 'p_load84' <Predicate = (icmp_ln1765)> <Delay = 0.00>
ST_1 : Operation 240 [1/1] (0.00ns)   --->   "%p_load83 = load i16 %empty_1036"   --->   Operation 240 'load' 'p_load83' <Predicate = (icmp_ln1765)> <Delay = 0.00>
ST_1 : Operation 241 [1/1] (0.00ns)   --->   "%p_load82 = load i16 %empty_1037"   --->   Operation 241 'load' 'p_load82' <Predicate = (icmp_ln1765)> <Delay = 0.00>
ST_1 : Operation 242 [1/1] (0.00ns)   --->   "%p_load81 = load i16 %empty_1038"   --->   Operation 242 'load' 'p_load81' <Predicate = (icmp_ln1765)> <Delay = 0.00>
ST_1 : Operation 243 [1/1] (0.00ns)   --->   "%p_load80 = load i16 %empty_1039"   --->   Operation 243 'load' 'p_load80' <Predicate = (icmp_ln1765)> <Delay = 0.00>
ST_1 : Operation 244 [1/1] (0.00ns)   --->   "%p_load79 = load i16 %empty_1040"   --->   Operation 244 'load' 'p_load79' <Predicate = (icmp_ln1765)> <Delay = 0.00>
ST_1 : Operation 245 [1/1] (0.00ns)   --->   "%p_load78 = load i16 %empty_1041"   --->   Operation 245 'load' 'p_load78' <Predicate = (icmp_ln1765)> <Delay = 0.00>
ST_1 : Operation 246 [1/1] (0.00ns)   --->   "%p_load77 = load i16 %empty_1042"   --->   Operation 246 'load' 'p_load77' <Predicate = (icmp_ln1765)> <Delay = 0.00>
ST_1 : Operation 247 [1/1] (0.00ns)   --->   "%p_load = load i16 %empty_1043"   --->   Operation 247 'load' 'p_load' <Predicate = (icmp_ln1765)> <Delay = 0.00>
ST_1 : Operation 248 [1/1] (0.00ns)   --->   "%write_ln0 = write void @_ssdm_op_Write.ap_auto.i16P0A, i16 %p_out, i16 %p_load"   --->   Operation 248 'write' 'write_ln0' <Predicate = (icmp_ln1765)> <Delay = 0.00>
ST_1 : Operation 249 [1/1] (0.00ns)   --->   "%write_ln0 = write void @_ssdm_op_Write.ap_auto.i16P0A, i16 %p_out1, i16 %p_load77"   --->   Operation 249 'write' 'write_ln0' <Predicate = (icmp_ln1765)> <Delay = 0.00>
ST_1 : Operation 250 [1/1] (0.00ns)   --->   "%write_ln0 = write void @_ssdm_op_Write.ap_auto.i16P0A, i16 %p_out2, i16 %p_load78"   --->   Operation 250 'write' 'write_ln0' <Predicate = (icmp_ln1765)> <Delay = 0.00>
ST_1 : Operation 251 [1/1] (0.00ns)   --->   "%write_ln0 = write void @_ssdm_op_Write.ap_auto.i16P0A, i16 %p_out3, i16 %p_load79"   --->   Operation 251 'write' 'write_ln0' <Predicate = (icmp_ln1765)> <Delay = 0.00>
ST_1 : Operation 252 [1/1] (0.00ns)   --->   "%write_ln0 = write void @_ssdm_op_Write.ap_auto.i16P0A, i16 %p_out4, i16 %p_load80"   --->   Operation 252 'write' 'write_ln0' <Predicate = (icmp_ln1765)> <Delay = 0.00>
ST_1 : Operation 253 [1/1] (0.00ns)   --->   "%write_ln0 = write void @_ssdm_op_Write.ap_auto.i16P0A, i16 %p_out5, i16 %p_load81"   --->   Operation 253 'write' 'write_ln0' <Predicate = (icmp_ln1765)> <Delay = 0.00>
ST_1 : Operation 254 [1/1] (0.00ns)   --->   "%write_ln0 = write void @_ssdm_op_Write.ap_auto.i16P0A, i16 %p_out6, i16 %p_load82"   --->   Operation 254 'write' 'write_ln0' <Predicate = (icmp_ln1765)> <Delay = 0.00>
ST_1 : Operation 255 [1/1] (0.00ns)   --->   "%write_ln0 = write void @_ssdm_op_Write.ap_auto.i16P0A, i16 %p_out7, i16 %p_load83"   --->   Operation 255 'write' 'write_ln0' <Predicate = (icmp_ln1765)> <Delay = 0.00>
ST_1 : Operation 256 [1/1] (0.00ns)   --->   "%write_ln0 = write void @_ssdm_op_Write.ap_auto.i16P0A, i16 %p_out8, i16 %p_load84"   --->   Operation 256 'write' 'write_ln0' <Predicate = (icmp_ln1765)> <Delay = 0.00>
ST_1 : Operation 257 [1/1] (0.00ns)   --->   "%write_ln0 = write void @_ssdm_op_Write.ap_auto.i16P0A, i16 %p_out9, i16 %p_load85"   --->   Operation 257 'write' 'write_ln0' <Predicate = (icmp_ln1765)> <Delay = 0.00>
ST_1 : Operation 258 [1/1] (0.00ns)   --->   "%write_ln0 = write void @_ssdm_op_Write.ap_auto.i16P0A, i16 %p_out10, i16 %p_load86"   --->   Operation 258 'write' 'write_ln0' <Predicate = (icmp_ln1765)> <Delay = 0.00>
ST_1 : Operation 259 [1/1] (0.00ns)   --->   "%write_ln0 = write void @_ssdm_op_Write.ap_auto.i16P0A, i16 %p_out11, i16 %p_load87"   --->   Operation 259 'write' 'write_ln0' <Predicate = (icmp_ln1765)> <Delay = 0.00>
ST_1 : Operation 260 [1/1] (0.00ns)   --->   "%write_ln0 = write void @_ssdm_op_Write.ap_auto.i16P0A, i16 %p_out12, i16 %p_load88"   --->   Operation 260 'write' 'write_ln0' <Predicate = (icmp_ln1765)> <Delay = 0.00>
ST_1 : Operation 261 [1/1] (0.00ns)   --->   "%write_ln0 = write void @_ssdm_op_Write.ap_auto.i16P0A, i16 %p_out13, i16 %p_load89"   --->   Operation 261 'write' 'write_ln0' <Predicate = (icmp_ln1765)> <Delay = 0.00>
ST_1 : Operation 262 [1/1] (0.00ns)   --->   "%write_ln0 = write void @_ssdm_op_Write.ap_auto.i16P0A, i16 %p_out14, i16 %p_load90"   --->   Operation 262 'write' 'write_ln0' <Predicate = (icmp_ln1765)> <Delay = 0.00>
ST_1 : Operation 263 [1/1] (0.00ns)   --->   "%write_ln0 = write void @_ssdm_op_Write.ap_auto.i16P0A, i16 %p_out15, i16 %p_load91"   --->   Operation 263 'write' 'write_ln0' <Predicate = (icmp_ln1765)> <Delay = 0.00>
ST_1 : Operation 264 [1/1] (0.00ns)   --->   "%write_ln0 = write void @_ssdm_op_Write.ap_auto.i16P0A, i16 %p_out16, i16 %p_load92"   --->   Operation 264 'write' 'write_ln0' <Predicate = (icmp_ln1765)> <Delay = 0.00>
ST_1 : Operation 265 [1/1] (0.00ns)   --->   "%write_ln0 = write void @_ssdm_op_Write.ap_auto.i16P0A, i16 %p_out17, i16 %p_load93"   --->   Operation 265 'write' 'write_ln0' <Predicate = (icmp_ln1765)> <Delay = 0.00>
ST_1 : Operation 266 [1/1] (0.00ns)   --->   "%write_ln0 = write void @_ssdm_op_Write.ap_auto.i16P0A, i16 %p_out18, i16 %p_load94"   --->   Operation 266 'write' 'write_ln0' <Predicate = (icmp_ln1765)> <Delay = 0.00>
ST_1 : Operation 267 [1/1] (0.00ns)   --->   "%write_ln0 = write void @_ssdm_op_Write.ap_auto.i16P0A, i16 %p_out19, i16 %p_load95"   --->   Operation 267 'write' 'write_ln0' <Predicate = (icmp_ln1765)> <Delay = 0.00>
ST_1 : Operation 268 [1/1] (0.00ns)   --->   "%write_ln0 = write void @_ssdm_op_Write.ap_auto.i16P0A, i16 %p_out20, i16 %p_load96"   --->   Operation 268 'write' 'write_ln0' <Predicate = (icmp_ln1765)> <Delay = 0.00>
ST_1 : Operation 269 [1/1] (0.00ns)   --->   "%write_ln0 = write void @_ssdm_op_Write.ap_auto.i16P0A, i16 %p_out21, i16 %p_load97"   --->   Operation 269 'write' 'write_ln0' <Predicate = (icmp_ln1765)> <Delay = 0.00>
ST_1 : Operation 270 [1/1] (0.00ns)   --->   "%write_ln0 = write void @_ssdm_op_Write.ap_auto.i16P0A, i16 %p_out22, i16 %p_load98"   --->   Operation 270 'write' 'write_ln0' <Predicate = (icmp_ln1765)> <Delay = 0.00>
ST_1 : Operation 271 [1/1] (0.00ns)   --->   "%write_ln0 = write void @_ssdm_op_Write.ap_auto.i16P0A, i16 %p_out23, i16 %p_load99"   --->   Operation 271 'write' 'write_ln0' <Predicate = (icmp_ln1765)> <Delay = 0.00>
ST_1 : Operation 272 [1/1] (0.00ns)   --->   "%write_ln0 = write void @_ssdm_op_Write.ap_auto.i16P0A, i16 %p_out24, i16 %p_load100"   --->   Operation 272 'write' 'write_ln0' <Predicate = (icmp_ln1765)> <Delay = 0.00>
ST_1 : Operation 273 [1/1] (0.00ns)   --->   "%write_ln0 = write void @_ssdm_op_Write.ap_auto.i16P0A, i16 %p_out25, i16 %p_load101"   --->   Operation 273 'write' 'write_ln0' <Predicate = (icmp_ln1765)> <Delay = 0.00>
ST_1 : Operation 274 [1/1] (0.00ns)   --->   "%write_ln0 = write void @_ssdm_op_Write.ap_auto.i16P0A, i16 %p_out26, i16 %p_load102"   --->   Operation 274 'write' 'write_ln0' <Predicate = (icmp_ln1765)> <Delay = 0.00>
ST_1 : Operation 275 [1/1] (0.00ns)   --->   "%write_ln0 = write void @_ssdm_op_Write.ap_auto.i16P0A, i16 %p_out27, i16 %p_load103"   --->   Operation 275 'write' 'write_ln0' <Predicate = (icmp_ln1765)> <Delay = 0.00>
ST_1 : Operation 276 [1/1] (0.00ns)   --->   "%write_ln0 = write void @_ssdm_op_Write.ap_auto.i16P0A, i16 %p_out28, i16 %p_load104"   --->   Operation 276 'write' 'write_ln0' <Predicate = (icmp_ln1765)> <Delay = 0.00>
ST_1 : Operation 277 [1/1] (0.00ns)   --->   "%write_ln0 = write void @_ssdm_op_Write.ap_auto.i16P0A, i16 %p_out29, i16 %p_load105"   --->   Operation 277 'write' 'write_ln0' <Predicate = (icmp_ln1765)> <Delay = 0.00>
ST_1 : Operation 278 [1/1] (0.00ns)   --->   "%write_ln0 = write void @_ssdm_op_Write.ap_auto.i16P0A, i16 %p_out30, i16 %p_load106"   --->   Operation 278 'write' 'write_ln0' <Predicate = (icmp_ln1765)> <Delay = 0.00>
ST_1 : Operation 279 [1/1] (0.00ns)   --->   "%write_ln0 = write void @_ssdm_op_Write.ap_auto.i16P0A, i16 %p_out31, i16 %p_load107"   --->   Operation 279 'write' 'write_ln0' <Predicate = (icmp_ln1765)> <Delay = 0.00>
ST_1 : Operation 280 [1/1] (0.00ns)   --->   "%write_ln0 = write void @_ssdm_op_Write.ap_auto.i16P0A, i16 %p_out32, i16 %p_load108"   --->   Operation 280 'write' 'write_ln0' <Predicate = (icmp_ln1765)> <Delay = 0.00>
ST_1 : Operation 281 [1/1] (0.00ns)   --->   "%write_ln0 = write void @_ssdm_op_Write.ap_auto.i16P0A, i16 %p_out33, i16 %p_load109"   --->   Operation 281 'write' 'write_ln0' <Predicate = (icmp_ln1765)> <Delay = 0.00>
ST_1 : Operation 282 [1/1] (0.00ns)   --->   "%write_ln0 = write void @_ssdm_op_Write.ap_auto.i16P0A, i16 %p_out34, i16 %p_load110"   --->   Operation 282 'write' 'write_ln0' <Predicate = (icmp_ln1765)> <Delay = 0.00>
ST_1 : Operation 283 [1/1] (0.00ns)   --->   "%write_ln0 = write void @_ssdm_op_Write.ap_auto.i16P0A, i16 %p_out35, i16 %p_load111"   --->   Operation 283 'write' 'write_ln0' <Predicate = (icmp_ln1765)> <Delay = 0.00>
ST_1 : Operation 284 [1/1] (0.00ns)   --->   "%write_ln0 = write void @_ssdm_op_Write.ap_auto.i16P0A, i16 %p_out36, i16 %p_load112"   --->   Operation 284 'write' 'write_ln0' <Predicate = (icmp_ln1765)> <Delay = 0.00>
ST_1 : Operation 285 [1/1] (0.00ns)   --->   "%write_ln0 = write void @_ssdm_op_Write.ap_auto.i16P0A, i16 %p_out37, i16 %p_load113"   --->   Operation 285 'write' 'write_ln0' <Predicate = (icmp_ln1765)> <Delay = 0.00>
ST_1 : Operation 286 [1/1] (0.00ns)   --->   "%ret_ln0 = ret"   --->   Operation 286 'ret' 'ret_ln0' <Predicate = (icmp_ln1765)> <Delay = 0.00>

State 2 <SV = 1> <Delay = 5.11>
ST_2 : Operation 130 [1/1] (0.00ns)   --->   "%specpipeline_ln1766 = specpipeline void @_ssdm_op_SpecPipeline, i32 1, i32 0, i32 0, i32 0, void @empty_25" [H:/subband_ref_q610_opt_stage4_latency_stepL2.cpp:1766->H:/subband_ref_q610_opt_stage4_latency_stepL2.cpp:1983]   --->   Operation 130 'specpipeline' 'specpipeline_ln1766' <Predicate = true> <Delay = 0.00>
ST_2 : Operation 131 [1/1] (0.00ns)   --->   "%speclooptripcount_ln1765 = speclooptripcount void @_ssdm_op_SpecLoopTripCount, i64 38, i64 38, i64 38" [H:/subband_ref_q610_opt_stage4_latency_stepL2.cpp:1765->H:/subband_ref_q610_opt_stage4_latency_stepL2.cpp:1983]   --->   Operation 131 'speclooptripcount' 'speclooptripcount_ln1765' <Predicate = true> <Delay = 0.00>
ST_2 : Operation 132 [1/1] (0.00ns)   --->   "%specloopname_ln1765 = specloopname void @_ssdm_op_SpecLoopName, void @empty_200" [H:/subband_ref_q610_opt_stage4_latency_stepL2.cpp:1765->H:/subband_ref_q610_opt_stage4_latency_stepL2.cpp:1983]   --->   Operation 132 'specloopname' 'specloopname_ln1765' <Predicate = true> <Delay = 0.00>
ST_2 : Operation 133 [1/1] (3.52ns)   --->   "%sequence_stream_read = read i16 @_ssdm_op_Read.ap_fifo.volatile.i16P0A, i16 %sequence_stream" [H:/subband_ref_q610_opt_stage4_latency_stepL2.cpp:1767->H:/subband_ref_q610_opt_stage4_latency_stepL2.cpp:1983]   --->   Operation 133 'read' 'sequence_stream_read' <Predicate = true> <Delay = 3.52> <CoreInst = "FIFO">   --->   Core 78 'FIFO' <Latency = 0> <II = 1> <Delay = 3.52> <Storage> <Opcode : 'read' 'write' 'nbread' 'nbwrite'> <Ports = 0> <Width = 16> <Depth = 128> <FIFO>
ST_2 : Operation 134 [1/1] (1.58ns)   --->   "%store_ln1767 = store i16 %sequence_stream_read, i16 %empty" [H:/subband_ref_q610_opt_stage4_latency_stepL2.cpp:1767->H:/subband_ref_q610_opt_stage4_latency_stepL2.cpp:1983]   --->   Operation 134 'store' 'store_ln1767' <Predicate = (index_11 == 36)> <Delay = 1.58>
ST_2 : Operation 135 [1/1] (0.00ns)   --->   "%br_ln1767 = br void %arrayidx.i.exit" [H:/subband_ref_q610_opt_stage4_latency_stepL2.cpp:1767->H:/subband_ref_q610_opt_stage4_latency_stepL2.cpp:1983]   --->   Operation 135 'br' 'br_ln1767' <Predicate = (index_11 == 36)> <Delay = 0.00>
ST_2 : Operation 136 [1/1] (1.58ns)   --->   "%store_ln1767 = store i16 %sequence_stream_read, i16 %empty_1007" [H:/subband_ref_q610_opt_stage4_latency_stepL2.cpp:1767->H:/subband_ref_q610_opt_stage4_latency_stepL2.cpp:1983]   --->   Operation 136 'store' 'store_ln1767' <Predicate = (index_11 == 35)> <Delay = 1.58>
ST_2 : Operation 137 [1/1] (0.00ns)   --->   "%br_ln1767 = br void %arrayidx.i.exit" [H:/subband_ref_q610_opt_stage4_latency_stepL2.cpp:1767->H:/subband_ref_q610_opt_stage4_latency_stepL2.cpp:1983]   --->   Operation 137 'br' 'br_ln1767' <Predicate = (index_11 == 35)> <Delay = 0.00>
ST_2 : Operation 138 [1/1] (1.58ns)   --->   "%store_ln1767 = store i16 %sequence_stream_read, i16 %empty_1008" [H:/subband_ref_q610_opt_stage4_latency_stepL2.cpp:1767->H:/subband_ref_q610_opt_stage4_latency_stepL2.cpp:1983]   --->   Operation 138 'store' 'store_ln1767' <Predicate = (index_11 == 34)> <Delay = 1.58>
ST_2 : Operation 139 [1/1] (0.00ns)   --->   "%br_ln1767 = br void %arrayidx.i.exit" [H:/subband_ref_q610_opt_stage4_latency_stepL2.cpp:1767->H:/subband_ref_q610_opt_stage4_latency_stepL2.cpp:1983]   --->   Operation 139 'br' 'br_ln1767' <Predicate = (index_11 == 34)> <Delay = 0.00>
ST_2 : Operation 140 [1/1] (1.58ns)   --->   "%store_ln1767 = store i16 %sequence_stream_read, i16 %empty_1009" [H:/subband_ref_q610_opt_stage4_latency_stepL2.cpp:1767->H:/subband_ref_q610_opt_stage4_latency_stepL2.cpp:1983]   --->   Operation 140 'store' 'store_ln1767' <Predicate = (index_11 == 33)> <Delay = 1.58>
ST_2 : Operation 141 [1/1] (0.00ns)   --->   "%br_ln1767 = br void %arrayidx.i.exit" [H:/subband_ref_q610_opt_stage4_latency_stepL2.cpp:1767->H:/subband_ref_q610_opt_stage4_latency_stepL2.cpp:1983]   --->   Operation 141 'br' 'br_ln1767' <Predicate = (index_11 == 33)> <Delay = 0.00>
ST_2 : Operation 142 [1/1] (1.58ns)   --->   "%store_ln1767 = store i16 %sequence_stream_read, i16 %empty_1010" [H:/subband_ref_q610_opt_stage4_latency_stepL2.cpp:1767->H:/subband_ref_q610_opt_stage4_latency_stepL2.cpp:1983]   --->   Operation 142 'store' 'store_ln1767' <Predicate = (index_11 == 32)> <Delay = 1.58>
ST_2 : Operation 143 [1/1] (0.00ns)   --->   "%br_ln1767 = br void %arrayidx.i.exit" [H:/subband_ref_q610_opt_stage4_latency_stepL2.cpp:1767->H:/subband_ref_q610_opt_stage4_latency_stepL2.cpp:1983]   --->   Operation 143 'br' 'br_ln1767' <Predicate = (index_11 == 32)> <Delay = 0.00>
ST_2 : Operation 144 [1/1] (1.58ns)   --->   "%store_ln1767 = store i16 %sequence_stream_read, i16 %empty_1011" [H:/subband_ref_q610_opt_stage4_latency_stepL2.cpp:1767->H:/subband_ref_q610_opt_stage4_latency_stepL2.cpp:1983]   --->   Operation 144 'store' 'store_ln1767' <Predicate = (index_11 == 31)> <Delay = 1.58>
ST_2 : Operation 145 [1/1] (0.00ns)   --->   "%br_ln1767 = br void %arrayidx.i.exit" [H:/subband_ref_q610_opt_stage4_latency_stepL2.cpp:1767->H:/subband_ref_q610_opt_stage4_latency_stepL2.cpp:1983]   --->   Operation 145 'br' 'br_ln1767' <Predicate = (index_11 == 31)> <Delay = 0.00>
ST_2 : Operation 146 [1/1] (1.58ns)   --->   "%store_ln1767 = store i16 %sequence_stream_read, i16 %empty_1012" [H:/subband_ref_q610_opt_stage4_latency_stepL2.cpp:1767->H:/subband_ref_q610_opt_stage4_latency_stepL2.cpp:1983]   --->   Operation 146 'store' 'store_ln1767' <Predicate = (index_11 == 30)> <Delay = 1.58>
ST_2 : Operation 147 [1/1] (0.00ns)   --->   "%br_ln1767 = br void %arrayidx.i.exit" [H:/subband_ref_q610_opt_stage4_latency_stepL2.cpp:1767->H:/subband_ref_q610_opt_stage4_latency_stepL2.cpp:1983]   --->   Operation 147 'br' 'br_ln1767' <Predicate = (index_11 == 30)> <Delay = 0.00>
ST_2 : Operation 148 [1/1] (1.58ns)   --->   "%store_ln1767 = store i16 %sequence_stream_read, i16 %empty_1013" [H:/subband_ref_q610_opt_stage4_latency_stepL2.cpp:1767->H:/subband_ref_q610_opt_stage4_latency_stepL2.cpp:1983]   --->   Operation 148 'store' 'store_ln1767' <Predicate = (index_11 == 29)> <Delay = 1.58>
ST_2 : Operation 149 [1/1] (0.00ns)   --->   "%br_ln1767 = br void %arrayidx.i.exit" [H:/subband_ref_q610_opt_stage4_latency_stepL2.cpp:1767->H:/subband_ref_q610_opt_stage4_latency_stepL2.cpp:1983]   --->   Operation 149 'br' 'br_ln1767' <Predicate = (index_11 == 29)> <Delay = 0.00>
ST_2 : Operation 150 [1/1] (1.58ns)   --->   "%store_ln1767 = store i16 %sequence_stream_read, i16 %empty_1014" [H:/subband_ref_q610_opt_stage4_latency_stepL2.cpp:1767->H:/subband_ref_q610_opt_stage4_latency_stepL2.cpp:1983]   --->   Operation 150 'store' 'store_ln1767' <Predicate = (index_11 == 28)> <Delay = 1.58>
ST_2 : Operation 151 [1/1] (0.00ns)   --->   "%br_ln1767 = br void %arrayidx.i.exit" [H:/subband_ref_q610_opt_stage4_latency_stepL2.cpp:1767->H:/subband_ref_q610_opt_stage4_latency_stepL2.cpp:1983]   --->   Operation 151 'br' 'br_ln1767' <Predicate = (index_11 == 28)> <Delay = 0.00>
ST_2 : Operation 152 [1/1] (1.58ns)   --->   "%store_ln1767 = store i16 %sequence_stream_read, i16 %empty_1015" [H:/subband_ref_q610_opt_stage4_latency_stepL2.cpp:1767->H:/subband_ref_q610_opt_stage4_latency_stepL2.cpp:1983]   --->   Operation 152 'store' 'store_ln1767' <Predicate = (index_11 == 27)> <Delay = 1.58>
ST_2 : Operation 153 [1/1] (0.00ns)   --->   "%br_ln1767 = br void %arrayidx.i.exit" [H:/subband_ref_q610_opt_stage4_latency_stepL2.cpp:1767->H:/subband_ref_q610_opt_stage4_latency_stepL2.cpp:1983]   --->   Operation 153 'br' 'br_ln1767' <Predicate = (index_11 == 27)> <Delay = 0.00>
ST_2 : Operation 154 [1/1] (1.58ns)   --->   "%store_ln1767 = store i16 %sequence_stream_read, i16 %empty_1016" [H:/subband_ref_q610_opt_stage4_latency_stepL2.cpp:1767->H:/subband_ref_q610_opt_stage4_latency_stepL2.cpp:1983]   --->   Operation 154 'store' 'store_ln1767' <Predicate = (index_11 == 26)> <Delay = 1.58>
ST_2 : Operation 155 [1/1] (0.00ns)   --->   "%br_ln1767 = br void %arrayidx.i.exit" [H:/subband_ref_q610_opt_stage4_latency_stepL2.cpp:1767->H:/subband_ref_q610_opt_stage4_latency_stepL2.cpp:1983]   --->   Operation 155 'br' 'br_ln1767' <Predicate = (index_11 == 26)> <Delay = 0.00>
ST_2 : Operation 156 [1/1] (1.58ns)   --->   "%store_ln1767 = store i16 %sequence_stream_read, i16 %empty_1017" [H:/subband_ref_q610_opt_stage4_latency_stepL2.cpp:1767->H:/subband_ref_q610_opt_stage4_latency_stepL2.cpp:1983]   --->   Operation 156 'store' 'store_ln1767' <Predicate = (index_11 == 25)> <Delay = 1.58>
ST_2 : Operation 157 [1/1] (0.00ns)   --->   "%br_ln1767 = br void %arrayidx.i.exit" [H:/subband_ref_q610_opt_stage4_latency_stepL2.cpp:1767->H:/subband_ref_q610_opt_stage4_latency_stepL2.cpp:1983]   --->   Operation 157 'br' 'br_ln1767' <Predicate = (index_11 == 25)> <Delay = 0.00>
ST_2 : Operation 158 [1/1] (1.58ns)   --->   "%store_ln1767 = store i16 %sequence_stream_read, i16 %empty_1018" [H:/subband_ref_q610_opt_stage4_latency_stepL2.cpp:1767->H:/subband_ref_q610_opt_stage4_latency_stepL2.cpp:1983]   --->   Operation 158 'store' 'store_ln1767' <Predicate = (index_11 == 24)> <Delay = 1.58>
ST_2 : Operation 159 [1/1] (0.00ns)   --->   "%br_ln1767 = br void %arrayidx.i.exit" [H:/subband_ref_q610_opt_stage4_latency_stepL2.cpp:1767->H:/subband_ref_q610_opt_stage4_latency_stepL2.cpp:1983]   --->   Operation 159 'br' 'br_ln1767' <Predicate = (index_11 == 24)> <Delay = 0.00>
ST_2 : Operation 160 [1/1] (1.58ns)   --->   "%store_ln1767 = store i16 %sequence_stream_read, i16 %empty_1019" [H:/subband_ref_q610_opt_stage4_latency_stepL2.cpp:1767->H:/subband_ref_q610_opt_stage4_latency_stepL2.cpp:1983]   --->   Operation 160 'store' 'store_ln1767' <Predicate = (index_11 == 23)> <Delay = 1.58>
ST_2 : Operation 161 [1/1] (0.00ns)   --->   "%br_ln1767 = br void %arrayidx.i.exit" [H:/subband_ref_q610_opt_stage4_latency_stepL2.cpp:1767->H:/subband_ref_q610_opt_stage4_latency_stepL2.cpp:1983]   --->   Operation 161 'br' 'br_ln1767' <Predicate = (index_11 == 23)> <Delay = 0.00>
ST_2 : Operation 162 [1/1] (1.58ns)   --->   "%store_ln1767 = store i16 %sequence_stream_read, i16 %empty_1020" [H:/subband_ref_q610_opt_stage4_latency_stepL2.cpp:1767->H:/subband_ref_q610_opt_stage4_latency_stepL2.cpp:1983]   --->   Operation 162 'store' 'store_ln1767' <Predicate = (index_11 == 22)> <Delay = 1.58>
ST_2 : Operation 163 [1/1] (0.00ns)   --->   "%br_ln1767 = br void %arrayidx.i.exit" [H:/subband_ref_q610_opt_stage4_latency_stepL2.cpp:1767->H:/subband_ref_q610_opt_stage4_latency_stepL2.cpp:1983]   --->   Operation 163 'br' 'br_ln1767' <Predicate = (index_11 == 22)> <Delay = 0.00>
ST_2 : Operation 164 [1/1] (1.58ns)   --->   "%store_ln1767 = store i16 %sequence_stream_read, i16 %empty_1021" [H:/subband_ref_q610_opt_stage4_latency_stepL2.cpp:1767->H:/subband_ref_q610_opt_stage4_latency_stepL2.cpp:1983]   --->   Operation 164 'store' 'store_ln1767' <Predicate = (index_11 == 21)> <Delay = 1.58>
ST_2 : Operation 165 [1/1] (0.00ns)   --->   "%br_ln1767 = br void %arrayidx.i.exit" [H:/subband_ref_q610_opt_stage4_latency_stepL2.cpp:1767->H:/subband_ref_q610_opt_stage4_latency_stepL2.cpp:1983]   --->   Operation 165 'br' 'br_ln1767' <Predicate = (index_11 == 21)> <Delay = 0.00>
ST_2 : Operation 166 [1/1] (1.58ns)   --->   "%store_ln1767 = store i16 %sequence_stream_read, i16 %empty_1022" [H:/subband_ref_q610_opt_stage4_latency_stepL2.cpp:1767->H:/subband_ref_q610_opt_stage4_latency_stepL2.cpp:1983]   --->   Operation 166 'store' 'store_ln1767' <Predicate = (index_11 == 20)> <Delay = 1.58>
ST_2 : Operation 167 [1/1] (0.00ns)   --->   "%br_ln1767 = br void %arrayidx.i.exit" [H:/subband_ref_q610_opt_stage4_latency_stepL2.cpp:1767->H:/subband_ref_q610_opt_stage4_latency_stepL2.cpp:1983]   --->   Operation 167 'br' 'br_ln1767' <Predicate = (index_11 == 20)> <Delay = 0.00>
ST_2 : Operation 168 [1/1] (1.58ns)   --->   "%store_ln1767 = store i16 %sequence_stream_read, i16 %empty_1023" [H:/subband_ref_q610_opt_stage4_latency_stepL2.cpp:1767->H:/subband_ref_q610_opt_stage4_latency_stepL2.cpp:1983]   --->   Operation 168 'store' 'store_ln1767' <Predicate = (index_11 == 19)> <Delay = 1.58>
ST_2 : Operation 169 [1/1] (0.00ns)   --->   "%br_ln1767 = br void %arrayidx.i.exit" [H:/subband_ref_q610_opt_stage4_latency_stepL2.cpp:1767->H:/subband_ref_q610_opt_stage4_latency_stepL2.cpp:1983]   --->   Operation 169 'br' 'br_ln1767' <Predicate = (index_11 == 19)> <Delay = 0.00>
ST_2 : Operation 170 [1/1] (1.58ns)   --->   "%store_ln1767 = store i16 %sequence_stream_read, i16 %empty_1024" [H:/subband_ref_q610_opt_stage4_latency_stepL2.cpp:1767->H:/subband_ref_q610_opt_stage4_latency_stepL2.cpp:1983]   --->   Operation 170 'store' 'store_ln1767' <Predicate = (index_11 == 18)> <Delay = 1.58>
ST_2 : Operation 171 [1/1] (0.00ns)   --->   "%br_ln1767 = br void %arrayidx.i.exit" [H:/subband_ref_q610_opt_stage4_latency_stepL2.cpp:1767->H:/subband_ref_q610_opt_stage4_latency_stepL2.cpp:1983]   --->   Operation 171 'br' 'br_ln1767' <Predicate = (index_11 == 18)> <Delay = 0.00>
ST_2 : Operation 172 [1/1] (1.58ns)   --->   "%store_ln1767 = store i16 %sequence_stream_read, i16 %empty_1025" [H:/subband_ref_q610_opt_stage4_latency_stepL2.cpp:1767->H:/subband_ref_q610_opt_stage4_latency_stepL2.cpp:1983]   --->   Operation 172 'store' 'store_ln1767' <Predicate = (index_11 == 17)> <Delay = 1.58>
ST_2 : Operation 173 [1/1] (0.00ns)   --->   "%br_ln1767 = br void %arrayidx.i.exit" [H:/subband_ref_q610_opt_stage4_latency_stepL2.cpp:1767->H:/subband_ref_q610_opt_stage4_latency_stepL2.cpp:1983]   --->   Operation 173 'br' 'br_ln1767' <Predicate = (index_11 == 17)> <Delay = 0.00>
ST_2 : Operation 174 [1/1] (1.58ns)   --->   "%store_ln1767 = store i16 %sequence_stream_read, i16 %empty_1026" [H:/subband_ref_q610_opt_stage4_latency_stepL2.cpp:1767->H:/subband_ref_q610_opt_stage4_latency_stepL2.cpp:1983]   --->   Operation 174 'store' 'store_ln1767' <Predicate = (index_11 == 16)> <Delay = 1.58>
ST_2 : Operation 175 [1/1] (0.00ns)   --->   "%br_ln1767 = br void %arrayidx.i.exit" [H:/subband_ref_q610_opt_stage4_latency_stepL2.cpp:1767->H:/subband_ref_q610_opt_stage4_latency_stepL2.cpp:1983]   --->   Operation 175 'br' 'br_ln1767' <Predicate = (index_11 == 16)> <Delay = 0.00>
ST_2 : Operation 176 [1/1] (1.58ns)   --->   "%store_ln1767 = store i16 %sequence_stream_read, i16 %empty_1027" [H:/subband_ref_q610_opt_stage4_latency_stepL2.cpp:1767->H:/subband_ref_q610_opt_stage4_latency_stepL2.cpp:1983]   --->   Operation 176 'store' 'store_ln1767' <Predicate = (index_11 == 15)> <Delay = 1.58>
ST_2 : Operation 177 [1/1] (0.00ns)   --->   "%br_ln1767 = br void %arrayidx.i.exit" [H:/subband_ref_q610_opt_stage4_latency_stepL2.cpp:1767->H:/subband_ref_q610_opt_stage4_latency_stepL2.cpp:1983]   --->   Operation 177 'br' 'br_ln1767' <Predicate = (index_11 == 15)> <Delay = 0.00>
ST_2 : Operation 178 [1/1] (1.58ns)   --->   "%store_ln1767 = store i16 %sequence_stream_read, i16 %empty_1028" [H:/subband_ref_q610_opt_stage4_latency_stepL2.cpp:1767->H:/subband_ref_q610_opt_stage4_latency_stepL2.cpp:1983]   --->   Operation 178 'store' 'store_ln1767' <Predicate = (index_11 == 14)> <Delay = 1.58>
ST_2 : Operation 179 [1/1] (0.00ns)   --->   "%br_ln1767 = br void %arrayidx.i.exit" [H:/subband_ref_q610_opt_stage4_latency_stepL2.cpp:1767->H:/subband_ref_q610_opt_stage4_latency_stepL2.cpp:1983]   --->   Operation 179 'br' 'br_ln1767' <Predicate = (index_11 == 14)> <Delay = 0.00>
ST_2 : Operation 180 [1/1] (1.58ns)   --->   "%store_ln1767 = store i16 %sequence_stream_read, i16 %empty_1029" [H:/subband_ref_q610_opt_stage4_latency_stepL2.cpp:1767->H:/subband_ref_q610_opt_stage4_latency_stepL2.cpp:1983]   --->   Operation 180 'store' 'store_ln1767' <Predicate = (index_11 == 13)> <Delay = 1.58>
ST_2 : Operation 181 [1/1] (0.00ns)   --->   "%br_ln1767 = br void %arrayidx.i.exit" [H:/subband_ref_q610_opt_stage4_latency_stepL2.cpp:1767->H:/subband_ref_q610_opt_stage4_latency_stepL2.cpp:1983]   --->   Operation 181 'br' 'br_ln1767' <Predicate = (index_11 == 13)> <Delay = 0.00>
ST_2 : Operation 182 [1/1] (1.58ns)   --->   "%store_ln1767 = store i16 %sequence_stream_read, i16 %empty_1030" [H:/subband_ref_q610_opt_stage4_latency_stepL2.cpp:1767->H:/subband_ref_q610_opt_stage4_latency_stepL2.cpp:1983]   --->   Operation 182 'store' 'store_ln1767' <Predicate = (index_11 == 12)> <Delay = 1.58>
ST_2 : Operation 183 [1/1] (0.00ns)   --->   "%br_ln1767 = br void %arrayidx.i.exit" [H:/subband_ref_q610_opt_stage4_latency_stepL2.cpp:1767->H:/subband_ref_q610_opt_stage4_latency_stepL2.cpp:1983]   --->   Operation 183 'br' 'br_ln1767' <Predicate = (index_11 == 12)> <Delay = 0.00>
ST_2 : Operation 184 [1/1] (1.58ns)   --->   "%store_ln1767 = store i16 %sequence_stream_read, i16 %empty_1031" [H:/subband_ref_q610_opt_stage4_latency_stepL2.cpp:1767->H:/subband_ref_q610_opt_stage4_latency_stepL2.cpp:1983]   --->   Operation 184 'store' 'store_ln1767' <Predicate = (index_11 == 11)> <Delay = 1.58>
ST_2 : Operation 185 [1/1] (0.00ns)   --->   "%br_ln1767 = br void %arrayidx.i.exit" [H:/subband_ref_q610_opt_stage4_latency_stepL2.cpp:1767->H:/subband_ref_q610_opt_stage4_latency_stepL2.cpp:1983]   --->   Operation 185 'br' 'br_ln1767' <Predicate = (index_11 == 11)> <Delay = 0.00>
ST_2 : Operation 186 [1/1] (1.58ns)   --->   "%store_ln1767 = store i16 %sequence_stream_read, i16 %empty_1032" [H:/subband_ref_q610_opt_stage4_latency_stepL2.cpp:1767->H:/subband_ref_q610_opt_stage4_latency_stepL2.cpp:1983]   --->   Operation 186 'store' 'store_ln1767' <Predicate = (index_11 == 10)> <Delay = 1.58>
ST_2 : Operation 187 [1/1] (0.00ns)   --->   "%br_ln1767 = br void %arrayidx.i.exit" [H:/subband_ref_q610_opt_stage4_latency_stepL2.cpp:1767->H:/subband_ref_q610_opt_stage4_latency_stepL2.cpp:1983]   --->   Operation 187 'br' 'br_ln1767' <Predicate = (index_11 == 10)> <Delay = 0.00>
ST_2 : Operation 188 [1/1] (1.58ns)   --->   "%store_ln1767 = store i16 %sequence_stream_read, i16 %empty_1033" [H:/subband_ref_q610_opt_stage4_latency_stepL2.cpp:1767->H:/subband_ref_q610_opt_stage4_latency_stepL2.cpp:1983]   --->   Operation 188 'store' 'store_ln1767' <Predicate = (index_11 == 9)> <Delay = 1.58>
ST_2 : Operation 189 [1/1] (0.00ns)   --->   "%br_ln1767 = br void %arrayidx.i.exit" [H:/subband_ref_q610_opt_stage4_latency_stepL2.cpp:1767->H:/subband_ref_q610_opt_stage4_latency_stepL2.cpp:1983]   --->   Operation 189 'br' 'br_ln1767' <Predicate = (index_11 == 9)> <Delay = 0.00>
ST_2 : Operation 190 [1/1] (1.58ns)   --->   "%store_ln1767 = store i16 %sequence_stream_read, i16 %empty_1034" [H:/subband_ref_q610_opt_stage4_latency_stepL2.cpp:1767->H:/subband_ref_q610_opt_stage4_latency_stepL2.cpp:1983]   --->   Operation 190 'store' 'store_ln1767' <Predicate = (index_11 == 8)> <Delay = 1.58>
ST_2 : Operation 191 [1/1] (0.00ns)   --->   "%br_ln1767 = br void %arrayidx.i.exit" [H:/subband_ref_q610_opt_stage4_latency_stepL2.cpp:1767->H:/subband_ref_q610_opt_stage4_latency_stepL2.cpp:1983]   --->   Operation 191 'br' 'br_ln1767' <Predicate = (index_11 == 8)> <Delay = 0.00>
ST_2 : Operation 192 [1/1] (1.58ns)   --->   "%store_ln1767 = store i16 %sequence_stream_read, i16 %empty_1035" [H:/subband_ref_q610_opt_stage4_latency_stepL2.cpp:1767->H:/subband_ref_q610_opt_stage4_latency_stepL2.cpp:1983]   --->   Operation 192 'store' 'store_ln1767' <Predicate = (index_11 == 7)> <Delay = 1.58>
ST_2 : Operation 193 [1/1] (0.00ns)   --->   "%br_ln1767 = br void %arrayidx.i.exit" [H:/subband_ref_q610_opt_stage4_latency_stepL2.cpp:1767->H:/subband_ref_q610_opt_stage4_latency_stepL2.cpp:1983]   --->   Operation 193 'br' 'br_ln1767' <Predicate = (index_11 == 7)> <Delay = 0.00>
ST_2 : Operation 194 [1/1] (1.58ns)   --->   "%store_ln1767 = store i16 %sequence_stream_read, i16 %empty_1036" [H:/subband_ref_q610_opt_stage4_latency_stepL2.cpp:1767->H:/subband_ref_q610_opt_stage4_latency_stepL2.cpp:1983]   --->   Operation 194 'store' 'store_ln1767' <Predicate = (index_11 == 6)> <Delay = 1.58>
ST_2 : Operation 195 [1/1] (0.00ns)   --->   "%br_ln1767 = br void %arrayidx.i.exit" [H:/subband_ref_q610_opt_stage4_latency_stepL2.cpp:1767->H:/subband_ref_q610_opt_stage4_latency_stepL2.cpp:1983]   --->   Operation 195 'br' 'br_ln1767' <Predicate = (index_11 == 6)> <Delay = 0.00>
ST_2 : Operation 196 [1/1] (1.58ns)   --->   "%store_ln1767 = store i16 %sequence_stream_read, i16 %empty_1037" [H:/subband_ref_q610_opt_stage4_latency_stepL2.cpp:1767->H:/subband_ref_q610_opt_stage4_latency_stepL2.cpp:1983]   --->   Operation 196 'store' 'store_ln1767' <Predicate = (index_11 == 5)> <Delay = 1.58>
ST_2 : Operation 197 [1/1] (0.00ns)   --->   "%br_ln1767 = br void %arrayidx.i.exit" [H:/subband_ref_q610_opt_stage4_latency_stepL2.cpp:1767->H:/subband_ref_q610_opt_stage4_latency_stepL2.cpp:1983]   --->   Operation 197 'br' 'br_ln1767' <Predicate = (index_11 == 5)> <Delay = 0.00>
ST_2 : Operation 198 [1/1] (1.58ns)   --->   "%store_ln1767 = store i16 %sequence_stream_read, i16 %empty_1038" [H:/subband_ref_q610_opt_stage4_latency_stepL2.cpp:1767->H:/subband_ref_q610_opt_stage4_latency_stepL2.cpp:1983]   --->   Operation 198 'store' 'store_ln1767' <Predicate = (index_11 == 4)> <Delay = 1.58>
ST_2 : Operation 199 [1/1] (0.00ns)   --->   "%br_ln1767 = br void %arrayidx.i.exit" [H:/subband_ref_q610_opt_stage4_latency_stepL2.cpp:1767->H:/subband_ref_q610_opt_stage4_latency_stepL2.cpp:1983]   --->   Operation 199 'br' 'br_ln1767' <Predicate = (index_11 == 4)> <Delay = 0.00>
ST_2 : Operation 200 [1/1] (1.58ns)   --->   "%store_ln1767 = store i16 %sequence_stream_read, i16 %empty_1039" [H:/subband_ref_q610_opt_stage4_latency_stepL2.cpp:1767->H:/subband_ref_q610_opt_stage4_latency_stepL2.cpp:1983]   --->   Operation 200 'store' 'store_ln1767' <Predicate = (index_11 == 3)> <Delay = 1.58>
ST_2 : Operation 201 [1/1] (0.00ns)   --->   "%br_ln1767 = br void %arrayidx.i.exit" [H:/subband_ref_q610_opt_stage4_latency_stepL2.cpp:1767->H:/subband_ref_q610_opt_stage4_latency_stepL2.cpp:1983]   --->   Operation 201 'br' 'br_ln1767' <Predicate = (index_11 == 3)> <Delay = 0.00>
ST_2 : Operation 202 [1/1] (1.58ns)   --->   "%store_ln1767 = store i16 %sequence_stream_read, i16 %empty_1040" [H:/subband_ref_q610_opt_stage4_latency_stepL2.cpp:1767->H:/subband_ref_q610_opt_stage4_latency_stepL2.cpp:1983]   --->   Operation 202 'store' 'store_ln1767' <Predicate = (index_11 == 2)> <Delay = 1.58>
ST_2 : Operation 203 [1/1] (0.00ns)   --->   "%br_ln1767 = br void %arrayidx.i.exit" [H:/subband_ref_q610_opt_stage4_latency_stepL2.cpp:1767->H:/subband_ref_q610_opt_stage4_latency_stepL2.cpp:1983]   --->   Operation 203 'br' 'br_ln1767' <Predicate = (index_11 == 2)> <Delay = 0.00>
ST_2 : Operation 204 [1/1] (1.58ns)   --->   "%store_ln1767 = store i16 %sequence_stream_read, i16 %empty_1041" [H:/subband_ref_q610_opt_stage4_latency_stepL2.cpp:1767->H:/subband_ref_q610_opt_stage4_latency_stepL2.cpp:1983]   --->   Operation 204 'store' 'store_ln1767' <Predicate = (index_11 == 1)> <Delay = 1.58>
ST_2 : Operation 205 [1/1] (0.00ns)   --->   "%br_ln1767 = br void %arrayidx.i.exit" [H:/subband_ref_q610_opt_stage4_latency_stepL2.cpp:1767->H:/subband_ref_q610_opt_stage4_latency_stepL2.cpp:1983]   --->   Operation 205 'br' 'br_ln1767' <Predicate = (index_11 == 1)> <Delay = 0.00>
ST_2 : Operation 206 [1/1] (1.58ns)   --->   "%store_ln1767 = store i16 %sequence_stream_read, i16 %empty_1042" [H:/subband_ref_q610_opt_stage4_latency_stepL2.cpp:1767->H:/subband_ref_q610_opt_stage4_latency_stepL2.cpp:1983]   --->   Operation 206 'store' 'store_ln1767' <Predicate = (index_11 == 0)> <Delay = 1.58>
ST_2 : Operation 207 [1/1] (0.00ns)   --->   "%br_ln1767 = br void %arrayidx.i.exit" [H:/subband_ref_q610_opt_stage4_latency_stepL2.cpp:1767->H:/subband_ref_q610_opt_stage4_latency_stepL2.cpp:1983]   --->   Operation 207 'br' 'br_ln1767' <Predicate = (index_11 == 0)> <Delay = 0.00>
ST_2 : Operation 208 [1/1] (1.58ns)   --->   "%store_ln1767 = store i16 %sequence_stream_read, i16 %empty_1043" [H:/subband_ref_q610_opt_stage4_latency_stepL2.cpp:1767->H:/subband_ref_q610_opt_stage4_latency_stepL2.cpp:1983]   --->   Operation 208 'store' 'store_ln1767' <Predicate = (index_11 != 0 & index_11 != 1 & index_11 != 2 & index_11 != 3 & index_11 != 4 & index_11 != 5 & index_11 != 6 & index_11 != 7 & index_11 != 8 & index_11 != 9 & index_11 != 10 & index_11 != 11 & index_11 != 12 & index_11 != 13 & index_11 != 14 & index_11 != 15 & index_11 != 16 & index_11 != 17 & index_11 != 18 & index_11 != 19 & index_11 != 20 & index_11 != 21 & index_11 != 22 & index_11 != 23 & index_11 != 24 & index_11 != 25 & index_11 != 26 & index_11 != 27 & index_11 != 28 & index_11 != 29 & index_11 != 30 & index_11 != 31 & index_11 != 32 & index_11 != 33 & index_11 != 34 & index_11 != 35 & index_11 != 36)> <Delay = 1.58>
ST_2 : Operation 209 [1/1] (0.00ns)   --->   "%br_ln1767 = br void %arrayidx.i.exit" [H:/subband_ref_q610_opt_stage4_latency_stepL2.cpp:1767->H:/subband_ref_q610_opt_stage4_latency_stepL2.cpp:1983]   --->   Operation 209 'br' 'br_ln1767' <Predicate = (index_11 != 0 & index_11 != 1 & index_11 != 2 & index_11 != 3 & index_11 != 4 & index_11 != 5 & index_11 != 6 & index_11 != 7 & index_11 != 8 & index_11 != 9 & index_11 != 10 & index_11 != 11 & index_11 != 12 & index_11 != 13 & index_11 != 14 & index_11 != 15 & index_11 != 16 & index_11 != 17 & index_11 != 18 & index_11 != 19 & index_11 != 20 & index_11 != 21 & index_11 != 22 & index_11 != 23 & index_11 != 24 & index_11 != 25 & index_11 != 26 & index_11 != 27 & index_11 != 28 & index_11 != 29 & index_11 != 30 & index_11 != 31 & index_11 != 32 & index_11 != 33 & index_11 != 34 & index_11 != 35 & index_11 != 36)> <Delay = 0.00>


============================================================
+ Verbose Summary: Binding
============================================================
STG Binding: 
---------------- STG Properties BEGIN ----------------
- Is combinational: 0
- Is one-state seq: 0
- Is datapath-only: 0
- Is pipelined: 0
- Is top level: 0
Port [ Return ] is wired: 1; IO mode=ap_ctrl_hs:ce=0
Port [ input_buffer_1156]:  wired=1; compound=0; hidden=0; nouse=0; global=0; static=0; extern=0; dir=0; type=0; pingpong=0; private_global=0; IO mode=ap_none:ce=0
Port [ input_buffer]:  wired=1; compound=0; hidden=0; nouse=0; global=0; static=0; extern=0; dir=0; type=0; pingpong=0; private_global=0; IO mode=ap_none:ce=0
Port [ input_buffer_1120]:  wired=1; compound=0; hidden=0; nouse=0; global=0; static=0; extern=0; dir=0; type=0; pingpong=0; private_global=0; IO mode=ap_none:ce=0
Port [ input_buffer_1121]:  wired=1; compound=0; hidden=0; nouse=0; global=0; static=0; extern=0; dir=0; type=0; pingpong=0; private_global=0; IO mode=ap_none:ce=0
Port [ input_buffer_1122]:  wired=1; compound=0; hidden=0; nouse=0; global=0; static=0; extern=0; dir=0; type=0; pingpong=0; private_global=0; IO mode=ap_none:ce=0
Port [ input_buffer_1123]:  wired=1; compound=0; hidden=0; nouse=0; global=0; static=0; extern=0; dir=0; type=0; pingpong=0; private_global=0; IO mode=ap_none:ce=0
Port [ input_buffer_1124]:  wired=1; compound=0; hidden=0; nouse=0; global=0; static=0; extern=0; dir=0; type=0; pingpong=0; private_global=0; IO mode=ap_none:ce=0
Port [ input_buffer_1125]:  wired=1; compound=0; hidden=0; nouse=0; global=0; static=0; extern=0; dir=0; type=0; pingpong=0; private_global=0; IO mode=ap_none:ce=0
Port [ input_buffer_1126]:  wired=1; compound=0; hidden=0; nouse=0; global=0; static=0; extern=0; dir=0; type=0; pingpong=0; private_global=0; IO mode=ap_none:ce=0
Port [ input_buffer_1127]:  wired=1; compound=0; hidden=0; nouse=0; global=0; static=0; extern=0; dir=0; type=0; pingpong=0; private_global=0; IO mode=ap_none:ce=0
Port [ input_buffer_1128]:  wired=1; compound=0; hidden=0; nouse=0; global=0; static=0; extern=0; dir=0; type=0; pingpong=0; private_global=0; IO mode=ap_none:ce=0
Port [ input_buffer_1129]:  wired=1; compound=0; hidden=0; nouse=0; global=0; static=0; extern=0; dir=0; type=0; pingpong=0; private_global=0; IO mode=ap_none:ce=0
Port [ input_buffer_1130]:  wired=1; compound=0; hidden=0; nouse=0; global=0; static=0; extern=0; dir=0; type=0; pingpong=0; private_global=0; IO mode=ap_none:ce=0
Port [ input_buffer_1131]:  wired=1; compound=0; hidden=0; nouse=0; global=0; static=0; extern=0; dir=0; type=0; pingpong=0; private_global=0; IO mode=ap_none:ce=0
Port [ input_buffer_1132]:  wired=1; compound=0; hidden=0; nouse=0; global=0; static=0; extern=0; dir=0; type=0; pingpong=0; private_global=0; IO mode=ap_none:ce=0
Port [ input_buffer_1133]:  wired=1; compound=0; hidden=0; nouse=0; global=0; static=0; extern=0; dir=0; type=0; pingpong=0; private_global=0; IO mode=ap_none:ce=0
Port [ input_buffer_1134]:  wired=1; compound=0; hidden=0; nouse=0; global=0; static=0; extern=0; dir=0; type=0; pingpong=0; private_global=0; IO mode=ap_none:ce=0
Port [ input_buffer_1135]:  wired=1; compound=0; hidden=0; nouse=0; global=0; static=0; extern=0; dir=0; type=0; pingpong=0; private_global=0; IO mode=ap_none:ce=0
Port [ input_buffer_1136]:  wired=1; compound=0; hidden=0; nouse=0; global=0; static=0; extern=0; dir=0; type=0; pingpong=0; private_global=0; IO mode=ap_none:ce=0
Port [ input_buffer_1137]:  wired=1; compound=0; hidden=0; nouse=0; global=0; static=0; extern=0; dir=0; type=0; pingpong=0; private_global=0; IO mode=ap_none:ce=0
Port [ input_buffer_1138]:  wired=1; compound=0; hidden=0; nouse=0; global=0; static=0; extern=0; dir=0; type=0; pingpong=0; private_global=0; IO mode=ap_none:ce=0
Port [ input_buffer_1139]:  wired=1; compound=0; hidden=0; nouse=0; global=0; static=0; extern=0; dir=0; type=0; pingpong=0; private_global=0; IO mode=ap_none:ce=0
Port [ input_buffer_1140]:  wired=1; compound=0; hidden=0; nouse=0; global=0; static=0; extern=0; dir=0; type=0; pingpong=0; private_global=0; IO mode=ap_none:ce=0
Port [ input_buffer_1141]:  wired=1; compound=0; hidden=0; nouse=0; global=0; static=0; extern=0; dir=0; type=0; pingpong=0; private_global=0; IO mode=ap_none:ce=0
Port [ input_buffer_1142]:  wired=1; compound=0; hidden=0; nouse=0; global=0; static=0; extern=0; dir=0; type=0; pingpong=0; private_global=0; IO mode=ap_none:ce=0
Port [ input_buffer_1143]:  wired=1; compound=0; hidden=0; nouse=0; global=0; static=0; extern=0; dir=0; type=0; pingpong=0; private_global=0; IO mode=ap_none:ce=0
Port [ input_buffer_1144]:  wired=1; compound=0; hidden=0; nouse=0; global=0; static=0; extern=0; dir=0; type=0; pingpong=0; private_global=0; IO mode=ap_none:ce=0
Port [ input_buffer_1145]:  wired=1; compound=0; hidden=0; nouse=0; global=0; static=0; extern=0; dir=0; type=0; pingpong=0; private_global=0; IO mode=ap_none:ce=0
Port [ input_buffer_1146]:  wired=1; compound=0; hidden=0; nouse=0; global=0; static=0; extern=0; dir=0; type=0; pingpong=0; private_global=0; IO mode=ap_none:ce=0
Port [ input_buffer_1147]:  wired=1; compound=0; hidden=0; nouse=0; global=0; static=0; extern=0; dir=0; type=0; pingpong=0; private_global=0; IO mode=ap_none:ce=0
Port [ input_buffer_1148]:  wired=1; compound=0; hidden=0; nouse=0; global=0; static=0; extern=0; dir=0; type=0; pingpong=0; private_global=0; IO mode=ap_none:ce=0
Port [ input_buffer_1149]:  wired=1; compound=0; hidden=0; nouse=0; global=0; static=0; extern=0; dir=0; type=0; pingpong=0; private_global=0; IO mode=ap_none:ce=0
Port [ input_buffer_1150]:  wired=1; compound=0; hidden=0; nouse=0; global=0; static=0; extern=0; dir=0; type=0; pingpong=0; private_global=0; IO mode=ap_none:ce=0
Port [ input_buffer_1151]:  wired=1; compound=0; hidden=0; nouse=0; global=0; static=0; extern=0; dir=0; type=0; pingpong=0; private_global=0; IO mode=ap_none:ce=0
Port [ input_buffer_1152]:  wired=1; compound=0; hidden=0; nouse=0; global=0; static=0; extern=0; dir=0; type=0; pingpong=0; private_global=0; IO mode=ap_none:ce=0
Port [ input_buffer_1153]:  wired=1; compound=0; hidden=0; nouse=0; global=0; static=0; extern=0; dir=0; type=0; pingpong=0; private_global=0; IO mode=ap_none:ce=0
Port [ input_buffer_1154]:  wired=1; compound=0; hidden=0; nouse=0; global=0; static=0; extern=0; dir=0; type=0; pingpong=0; private_global=0; IO mode=ap_none:ce=0
Port [ input_buffer_1155]:  wired=1; compound=0; hidden=0; nouse=0; global=0; static=0; extern=0; dir=0; type=0; pingpong=0; private_global=0; IO mode=ap_none:ce=0
Port [ sequence_stream]:  wired=1; compound=1; hidden=0; nouse=0; global=0; static=0; extern=0; dir=0; type=3; pingpong=0; private_global=0; IO mode=ap_fifo:ce=0
Port [ p_out]:  wired=1; compound=0; hidden=0; nouse=0; global=0; static=0; extern=0; dir=1; type=0; pingpong=0; private_global=0; IO mode=ap_vld:ce=0
Port [ p_out1]:  wired=1; compound=0; hidden=0; nouse=0; global=0; static=0; extern=0; dir=1; type=0; pingpong=0; private_global=0; IO mode=ap_vld:ce=0
Port [ p_out2]:  wired=1; compound=0; hidden=0; nouse=0; global=0; static=0; extern=0; dir=1; type=0; pingpong=0; private_global=0; IO mode=ap_vld:ce=0
Port [ p_out3]:  wired=1; compound=0; hidden=0; nouse=0; global=0; static=0; extern=0; dir=1; type=0; pingpong=0; private_global=0; IO mode=ap_vld:ce=0
Port [ p_out4]:  wired=1; compound=0; hidden=0; nouse=0; global=0; static=0; extern=0; dir=1; type=0; pingpong=0; private_global=0; IO mode=ap_vld:ce=0
Port [ p_out5]:  wired=1; compound=0; hidden=0; nouse=0; global=0; static=0; extern=0; dir=1; type=0; pingpong=0; private_global=0; IO mode=ap_vld:ce=0
Port [ p_out6]:  wired=1; compound=0; hidden=0; nouse=0; global=0; static=0; extern=0; dir=1; type=0; pingpong=0; private_global=0; IO mode=ap_vld:ce=0
Port [ p_out7]:  wired=1; compound=0; hidden=0; nouse=0; global=0; static=0; extern=0; dir=1; type=0; pingpong=0; private_global=0; IO mode=ap_vld:ce=0
Port [ p_out8]:  wired=1; compound=0; hidden=0; nouse=0; global=0; static=0; extern=0; dir=1; type=0; pingpong=0; private_global=0; IO mode=ap_vld:ce=0
Port [ p_out9]:  wired=1; compound=0; hidden=0; nouse=0; global=0; static=0; extern=0; dir=1; type=0; pingpong=0; private_global=0; IO mode=ap_vld:ce=0
Port [ p_out10]:  wired=1; compound=0; hidden=0; nouse=0; global=0; static=0; extern=0; dir=1; type=0; pingpong=0; private_global=0; IO mode=ap_vld:ce=0
Port [ p_out11]:  wired=1; compound=0; hidden=0; nouse=0; global=0; static=0; extern=0; dir=1; type=0; pingpong=0; private_global=0; IO mode=ap_vld:ce=0
Port [ p_out12]:  wired=1; compound=0; hidden=0; nouse=0; global=0; static=0; extern=0; dir=1; type=0; pingpong=0; private_global=0; IO mode=ap_vld:ce=0
Port [ p_out13]:  wired=1; compound=0; hidden=0; nouse=0; global=0; static=0; extern=0; dir=1; type=0; pingpong=0; private_global=0; IO mode=ap_vld:ce=0
Port [ p_out14]:  wired=1; compound=0; hidden=0; nouse=0; global=0; static=0; extern=0; dir=1; type=0; pingpong=0; private_global=0; IO mode=ap_vld:ce=0
Port [ p_out15]:  wired=1; compound=0; hidden=0; nouse=0; global=0; static=0; extern=0; dir=1; type=0; pingpong=0; private_global=0; IO mode=ap_vld:ce=0
Port [ p_out16]:  wired=1; compound=0; hidden=0; nouse=0; global=0; static=0; extern=0; dir=1; type=0; pingpong=0; private_global=0; IO mode=ap_vld:ce=0
Port [ p_out17]:  wired=1; compound=0; hidden=0; nouse=0; global=0; static=0; extern=0; dir=1; type=0; pingpong=0; private_global=0; IO mode=ap_vld:ce=0
Port [ p_out18]:  wired=1; compound=0; hidden=0; nouse=0; global=0; static=0; extern=0; dir=1; type=0; pingpong=0; private_global=0; IO mode=ap_vld:ce=0
Port [ p_out19]:  wired=1; compound=0; hidden=0; nouse=0; global=0; static=0; extern=0; dir=1; type=0; pingpong=0; private_global=0; IO mode=ap_vld:ce=0
Port [ p_out20]:  wired=1; compound=0; hidden=0; nouse=0; global=0; static=0; extern=0; dir=1; type=0; pingpong=0; private_global=0; IO mode=ap_vld:ce=0
Port [ p_out21]:  wired=1; compound=0; hidden=0; nouse=0; global=0; static=0; extern=0; dir=1; type=0; pingpong=0; private_global=0; IO mode=ap_vld:ce=0
Port [ p_out22]:  wired=1; compound=0; hidden=0; nouse=0; global=0; static=0; extern=0; dir=1; type=0; pingpong=0; private_global=0; IO mode=ap_vld:ce=0
Port [ p_out23]:  wired=1; compound=0; hidden=0; nouse=0; global=0; static=0; extern=0; dir=1; type=0; pingpong=0; private_global=0; IO mode=ap_vld:ce=0
Port [ p_out24]:  wired=1; compound=0; hidden=0; nouse=0; global=0; static=0; extern=0; dir=1; type=0; pingpong=0; private_global=0; IO mode=ap_vld:ce=0
Port [ p_out25]:  wired=1; compound=0; hidden=0; nouse=0; global=0; static=0; extern=0; dir=1; type=0; pingpong=0; private_global=0; IO mode=ap_vld:ce=0
Port [ p_out26]:  wired=1; compound=0; hidden=0; nouse=0; global=0; static=0; extern=0; dir=1; type=0; pingpong=0; private_global=0; IO mode=ap_vld:ce=0
Port [ p_out27]:  wired=1; compound=0; hidden=0; nouse=0; global=0; static=0; extern=0; dir=1; type=0; pingpong=0; private_global=0; IO mode=ap_vld:ce=0
Port [ p_out28]:  wired=1; compound=0; hidden=0; nouse=0; global=0; static=0; extern=0; dir=1; type=0; pingpong=0; private_global=0; IO mode=ap_vld:ce=0
Port [ p_out29]:  wired=1; compound=0; hidden=0; nouse=0; global=0; static=0; extern=0; dir=1; type=0; pingpong=0; private_global=0; IO mode=ap_vld:ce=0
Port [ p_out30]:  wired=1; compound=0; hidden=0; nouse=0; global=0; static=0; extern=0; dir=1; type=0; pingpong=0; private_global=0; IO mode=ap_vld:ce=0
Port [ p_out31]:  wired=1; compound=0; hidden=0; nouse=0; global=0; static=0; extern=0; dir=1; type=0; pingpong=0; private_global=0; IO mode=ap_vld:ce=0
Port [ p_out32]:  wired=1; compound=0; hidden=0; nouse=0; global=0; static=0; extern=0; dir=1; type=0; pingpong=0; private_global=0; IO mode=ap_vld:ce=0
Port [ p_out33]:  wired=1; compound=0; hidden=0; nouse=0; global=0; static=0; extern=0; dir=1; type=0; pingpong=0; private_global=0; IO mode=ap_vld:ce=0
Port [ p_out34]:  wired=1; compound=0; hidden=0; nouse=0; global=0; static=0; extern=0; dir=1; type=0; pingpong=0; private_global=0; IO mode=ap_vld:ce=0
Port [ p_out35]:  wired=1; compound=0; hidden=0; nouse=0; global=0; static=0; extern=0; dir=1; type=0; pingpong=0; private_global=0; IO mode=ap_vld:ce=0
Port [ p_out36]:  wired=1; compound=0; hidden=0; nouse=0; global=0; static=0; extern=0; dir=1; type=0; pingpong=0; private_global=0; IO mode=ap_vld:ce=0
Port [ p_out37]:  wired=1; compound=0; hidden=0; nouse=0; global=0; static=0; extern=0; dir=1; type=0; pingpong=0; private_global=0; IO mode=ap_vld:ce=0
---------------- STG Properties END ------------------

---------------- Datapath Model BEGIN ----------------

<LifeTime>
<method=bitvector/>
index                    (alloca           ) [ 010]
empty                    (alloca           ) [ 011]
empty_1007               (alloca           ) [ 011]
empty_1008               (alloca           ) [ 011]
empty_1009               (alloca           ) [ 011]
empty_1010               (alloca           ) [ 011]
empty_1011               (alloca           ) [ 011]
empty_1012               (alloca           ) [ 011]
empty_1013               (alloca           ) [ 011]
empty_1014               (alloca           ) [ 011]
empty_1015               (alloca           ) [ 011]
empty_1016               (alloca           ) [ 011]
empty_1017               (alloca           ) [ 011]
empty_1018               (alloca           ) [ 011]
empty_1019               (alloca           ) [ 011]
empty_1020               (alloca           ) [ 011]
empty_1021               (alloca           ) [ 011]
empty_1022               (alloca           ) [ 011]
empty_1023               (alloca           ) [ 011]
empty_1024               (alloca           ) [ 011]
empty_1025               (alloca           ) [ 011]
empty_1026               (alloca           ) [ 011]
empty_1027               (alloca           ) [ 011]
empty_1028               (alloca           ) [ 011]
empty_1029               (alloca           ) [ 011]
empty_1030               (alloca           ) [ 011]
empty_1031               (alloca           ) [ 011]
empty_1032               (alloca           ) [ 011]
empty_1033               (alloca           ) [ 011]
empty_1034               (alloca           ) [ 011]
empty_1035               (alloca           ) [ 011]
empty_1036               (alloca           ) [ 011]
empty_1037               (alloca           ) [ 011]
empty_1038               (alloca           ) [ 011]
empty_1039               (alloca           ) [ 011]
empty_1040               (alloca           ) [ 011]
empty_1041               (alloca           ) [ 011]
empty_1042               (alloca           ) [ 011]
empty_1043               (alloca           ) [ 011]
specinterface_ln0        (specinterface    ) [ 000]
input_buffer_1155_read   (read             ) [ 000]
input_buffer_1154_read   (read             ) [ 000]
input_buffer_1153_read   (read             ) [ 000]
input_buffer_1152_read   (read             ) [ 000]
input_buffer_1151_read   (read             ) [ 000]
input_buffer_1150_read   (read             ) [ 000]
input_buffer_1149_read   (read             ) [ 000]
input_buffer_1148_read   (read             ) [ 000]
input_buffer_1147_read   (read             ) [ 000]
input_buffer_1146_read   (read             ) [ 000]
input_buffer_1145_read   (read             ) [ 000]
input_buffer_1144_read   (read             ) [ 000]
input_buffer_1143_read   (read             ) [ 000]
input_buffer_1142_read   (read             ) [ 000]
input_buffer_1141_read   (read             ) [ 000]
input_buffer_1140_read   (read             ) [ 000]
input_buffer_1139_read   (read             ) [ 000]
input_buffer_1138_read   (read             ) [ 000]
input_buffer_1137_read   (read             ) [ 000]
input_buffer_1136_read   (read             ) [ 000]
input_buffer_1135_read   (read             ) [ 000]
input_buffer_1134_read   (read             ) [ 000]
input_buffer_1133_read   (read             ) [ 000]
input_buffer_1132_read   (read             ) [ 000]
input_buffer_1131_read   (read             ) [ 000]
input_buffer_1130_read   (read             ) [ 000]
input_buffer_1129_read   (read             ) [ 000]
input_buffer_1128_read   (read             ) [ 000]
input_buffer_1127_read   (read             ) [ 000]
input_buffer_1126_read   (read             ) [ 000]
input_buffer_1125_read   (read             ) [ 000]
input_buffer_1124_read   (read             ) [ 000]
input_buffer_1123_read   (read             ) [ 000]
input_buffer_1122_read   (read             ) [ 000]
input_buffer_1121_read   (read             ) [ 000]
input_buffer_1120_read   (read             ) [ 000]
input_buffer_read        (read             ) [ 000]
input_buffer_1156_read   (read             ) [ 000]
store_ln0                (store            ) [ 000]
store_ln0                (store            ) [ 000]
store_ln0                (store            ) [ 000]
store_ln0                (store            ) [ 000]
store_ln0                (store            ) [ 000]
store_ln0                (store            ) [ 000]
store_ln0                (store            ) [ 000]
store_ln0                (store            ) [ 000]
store_ln0                (store            ) [ 000]
store_ln0                (store            ) [ 000]
store_ln0                (store            ) [ 000]
store_ln0                (store            ) [ 000]
store_ln0                (store            ) [ 000]
store_ln0                (store            ) [ 000]
store_ln0                (store            ) [ 000]
store_ln0                (store            ) [ 000]
store_ln0                (store            ) [ 000]
store_ln0                (store            ) [ 000]
store_ln0                (store            ) [ 000]
store_ln0                (store            ) [ 000]
store_ln0                (store            ) [ 000]
store_ln0                (store            ) [ 000]
store_ln0                (store            ) [ 000]
store_ln0                (store            ) [ 000]
store_ln0                (store            ) [ 000]
store_ln0                (store            ) [ 000]
store_ln0                (store            ) [ 000]
store_ln0                (store            ) [ 000]
store_ln0                (store            ) [ 000]
store_ln0                (store            ) [ 000]
store_ln0                (store            ) [ 000]
store_ln0                (store            ) [ 000]
store_ln0                (store            ) [ 000]
store_ln0                (store            ) [ 000]
store_ln0                (store            ) [ 000]
store_ln0                (store            ) [ 000]
store_ln0                (store            ) [ 000]
store_ln0                (store            ) [ 000]
store_ln1765             (store            ) [ 000]
br_ln0                   (br               ) [ 000]
index_11                 (load             ) [ 011]
icmp_ln1765              (icmp             ) [ 010]
add_ln1765               (add              ) [ 000]
br_ln1765                (br               ) [ 000]
switch_ln1767            (switch           ) [ 000]
store_ln1765             (store            ) [ 000]
br_ln1765                (br               ) [ 000]
specpipeline_ln1766      (specpipeline     ) [ 000]
speclooptripcount_ln1765 (speclooptripcount) [ 000]
specloopname_ln1765      (specloopname     ) [ 000]
sequence_stream_read     (read             ) [ 000]
store_ln1767             (store            ) [ 000]
br_ln1767                (br               ) [ 000]
store_ln1767             (store            ) [ 000]
br_ln1767                (br               ) [ 000]
store_ln1767             (store            ) [ 000]
br_ln1767                (br               ) [ 000]
store_ln1767             (store            ) [ 000]
br_ln1767                (br               ) [ 000]
store_ln1767             (store            ) [ 000]
br_ln1767                (br               ) [ 000]
store_ln1767             (store            ) [ 000]
br_ln1767                (br               ) [ 000]
store_ln1767             (store            ) [ 000]
br_ln1767                (br               ) [ 000]
store_ln1767             (store            ) [ 000]
br_ln1767                (br               ) [ 000]
store_ln1767             (store            ) [ 000]
br_ln1767                (br               ) [ 000]
store_ln1767             (store            ) [ 000]
br_ln1767                (br               ) [ 000]
store_ln1767             (store            ) [ 000]
br_ln1767                (br               ) [ 000]
store_ln1767             (store            ) [ 000]
br_ln1767                (br               ) [ 000]
store_ln1767             (store            ) [ 000]
br_ln1767                (br               ) [ 000]
store_ln1767             (store            ) [ 000]
br_ln1767                (br               ) [ 000]
store_ln1767             (store            ) [ 000]
br_ln1767                (br               ) [ 000]
store_ln1767             (store            ) [ 000]
br_ln1767                (br               ) [ 000]
store_ln1767             (store            ) [ 000]
br_ln1767                (br               ) [ 000]
store_ln1767             (store            ) [ 000]
br_ln1767                (br               ) [ 000]
store_ln1767             (store            ) [ 000]
br_ln1767                (br               ) [ 000]
store_ln1767             (store            ) [ 000]
br_ln1767                (br               ) [ 000]
store_ln1767             (store            ) [ 000]
br_ln1767                (br               ) [ 000]
store_ln1767             (store            ) [ 000]
br_ln1767                (br               ) [ 000]
store_ln1767             (store            ) [ 000]
br_ln1767                (br               ) [ 000]
store_ln1767             (store            ) [ 000]
br_ln1767                (br               ) [ 000]
store_ln1767             (store            ) [ 000]
br_ln1767                (br               ) [ 000]
store_ln1767             (store            ) [ 000]
br_ln1767                (br               ) [ 000]
store_ln1767             (store            ) [ 000]
br_ln1767                (br               ) [ 000]
store_ln1767             (store            ) [ 000]
br_ln1767                (br               ) [ 000]
store_ln1767             (store            ) [ 000]
br_ln1767                (br               ) [ 000]
store_ln1767             (store            ) [ 000]
br_ln1767                (br               ) [ 000]
store_ln1767             (store            ) [ 000]
br_ln1767                (br               ) [ 000]
store_ln1767             (store            ) [ 000]
br_ln1767                (br               ) [ 000]
store_ln1767             (store            ) [ 000]
br_ln1767                (br               ) [ 000]
store_ln1767             (store            ) [ 000]
br_ln1767                (br               ) [ 000]
store_ln1767             (store            ) [ 000]
br_ln1767                (br               ) [ 000]
store_ln1767             (store            ) [ 000]
br_ln1767                (br               ) [ 000]
store_ln1767             (store            ) [ 000]
br_ln1767                (br               ) [ 000]
store_ln1767             (store            ) [ 000]
br_ln1767                (br               ) [ 000]
p_load113                (load             ) [ 000]
p_load112                (load             ) [ 000]
p_load111                (load             ) [ 000]
p_load110                (load             ) [ 000]
p_load109                (load             ) [ 000]
p_load108                (load             ) [ 000]
p_load107                (load             ) [ 000]
p_load106                (load             ) [ 000]
p_load105                (load             ) [ 000]
p_load104                (load             ) [ 000]
p_load103                (load             ) [ 000]
p_load102                (load             ) [ 000]
p_load101                (load             ) [ 000]
p_load100                (load             ) [ 000]
p_load99                 (load             ) [ 000]
p_load98                 (load             ) [ 000]
p_load97                 (load             ) [ 000]
p_load96                 (load             ) [ 000]
p_load95                 (load             ) [ 000]
p_load94                 (load             ) [ 000]
p_load93                 (load             ) [ 000]
p_load92                 (load             ) [ 000]
p_load91                 (load             ) [ 000]
p_load90                 (load             ) [ 000]
p_load89                 (load             ) [ 000]
p_load88                 (load             ) [ 000]
p_load87                 (load             ) [ 000]
p_load86                 (load             ) [ 000]
p_load85                 (load             ) [ 000]
p_load84                 (load             ) [ 000]
p_load83                 (load             ) [ 000]
p_load82                 (load             ) [ 000]
p_load81                 (load             ) [ 000]
p_load80                 (load             ) [ 000]
p_load79                 (load             ) [ 000]
p_load78                 (load             ) [ 000]
p_load77                 (load             ) [ 000]
p_load                   (load             ) [ 000]
write_ln0                (write            ) [ 000]
write_ln0                (write            ) [ 000]
write_ln0                (write            ) [ 000]
write_ln0                (write            ) [ 000]
write_ln0                (write            ) [ 000]
write_ln0                (write            ) [ 000]
write_ln0                (write            ) [ 000]
write_ln0                (write            ) [ 000]
write_ln0                (write            ) [ 000]
write_ln0                (write            ) [ 000]
write_ln0                (write            ) [ 000]
write_ln0                (write            ) [ 000]
write_ln0                (write            ) [ 000]
write_ln0                (write            ) [ 000]
write_ln0                (write            ) [ 000]
write_ln0                (write            ) [ 000]
write_ln0                (write            ) [ 000]
write_ln0                (write            ) [ 000]
write_ln0                (write            ) [ 000]
write_ln0                (write            ) [ 000]
write_ln0                (write            ) [ 000]
write_ln0                (write            ) [ 000]
write_ln0                (write            ) [ 000]
write_ln0                (write            ) [ 000]
write_ln0                (write            ) [ 000]
write_ln0                (write            ) [ 000]
write_ln0                (write            ) [ 000]
write_ln0                (write            ) [ 000]
write_ln0                (write            ) [ 000]
write_ln0                (write            ) [ 000]
write_ln0                (write            ) [ 000]
write_ln0                (write            ) [ 000]
write_ln0                (write            ) [ 000]
write_ln0                (write            ) [ 000]
write_ln0                (write            ) [ 000]
write_ln0                (write            ) [ 000]
write_ln0                (write            ) [ 000]
write_ln0                (write            ) [ 000]
ret_ln0                  (ret              ) [ 000]
</LifeTime>

<model>

<comp_list>
<comp id="0" class="1000" name="input_buffer_1156">
<pin_list>
<pin id="1" dir="1" index="0" bw="1" slack="0"/>
</pin_list>
<bind>
<StgValue><ssdm name="input_buffer_1156"/></StgValue>
</bind>
</comp>

<comp id="2" class="1000" name="input_buffer">
<pin_list>
<pin id="3" dir="1" index="0" bw="1" slack="0"/>
</pin_list>
<bind>
<StgValue><ssdm name="input_buffer"/></StgValue>
</bind>
</comp>

<comp id="4" class="1000" name="input_buffer_1120">
<pin_list>
<pin id="5" dir="1" index="0" bw="1" slack="0"/>
</pin_list>
<bind>
<StgValue><ssdm name="input_buffer_1120"/></StgValue>
</bind>
</comp>

<comp id="6" class="1000" name="input_buffer_1121">
<pin_list>
<pin id="7" dir="1" index="0" bw="1" slack="0"/>
</pin_list>
<bind>
<StgValue><ssdm name="input_buffer_1121"/></StgValue>
</bind>
</comp>

<comp id="8" class="1000" name="input_buffer_1122">
<pin_list>
<pin id="9" dir="1" index="0" bw="1" slack="0"/>
</pin_list>
<bind>
<StgValue><ssdm name="input_buffer_1122"/></StgValue>
</bind>
</comp>

<comp id="10" class="1000" name="input_buffer_1123">
<pin_list>
<pin id="11" dir="1" index="0" bw="1" slack="0"/>
</pin_list>
<bind>
<StgValue><ssdm name="input_buffer_1123"/></StgValue>
</bind>
</comp>

<comp id="12" class="1000" name="input_buffer_1124">
<pin_list>
<pin id="13" dir="1" index="0" bw="1" slack="0"/>
</pin_list>
<bind>
<StgValue><ssdm name="input_buffer_1124"/></StgValue>
</bind>
</comp>

<comp id="14" class="1000" name="input_buffer_1125">
<pin_list>
<pin id="15" dir="1" index="0" bw="1" slack="0"/>
</pin_list>
<bind>
<StgValue><ssdm name="input_buffer_1125"/></StgValue>
</bind>
</comp>

<comp id="16" class="1000" name="input_buffer_1126">
<pin_list>
<pin id="17" dir="1" index="0" bw="1" slack="0"/>
</pin_list>
<bind>
<StgValue><ssdm name="input_buffer_1126"/></StgValue>
</bind>
</comp>

<comp id="18" class="1000" name="input_buffer_1127">
<pin_list>
<pin id="19" dir="1" index="0" bw="1" slack="0"/>
</pin_list>
<bind>
<StgValue><ssdm name="input_buffer_1127"/></StgValue>
</bind>
</comp>

<comp id="20" class="1000" name="input_buffer_1128">
<pin_list>
<pin id="21" dir="1" index="0" bw="1" slack="0"/>
</pin_list>
<bind>
<StgValue><ssdm name="input_buffer_1128"/></StgValue>
</bind>
</comp>

<comp id="22" class="1000" name="input_buffer_1129">
<pin_list>
<pin id="23" dir="1" index="0" bw="1" slack="0"/>
</pin_list>
<bind>
<StgValue><ssdm name="input_buffer_1129"/></StgValue>
</bind>
</comp>

<comp id="24" class="1000" name="input_buffer_1130">
<pin_list>
<pin id="25" dir="1" index="0" bw="1" slack="0"/>
</pin_list>
<bind>
<StgValue><ssdm name="input_buffer_1130"/></StgValue>
</bind>
</comp>

<comp id="26" class="1000" name="input_buffer_1131">
<pin_list>
<pin id="27" dir="1" index="0" bw="1" slack="0"/>
</pin_list>
<bind>
<StgValue><ssdm name="input_buffer_1131"/></StgValue>
</bind>
</comp>

<comp id="28" class="1000" name="input_buffer_1132">
<pin_list>
<pin id="29" dir="1" index="0" bw="1" slack="0"/>
</pin_list>
<bind>
<StgValue><ssdm name="input_buffer_1132"/></StgValue>
</bind>
</comp>

<comp id="30" class="1000" name="input_buffer_1133">
<pin_list>
<pin id="31" dir="1" index="0" bw="1" slack="0"/>
</pin_list>
<bind>
<StgValue><ssdm name="input_buffer_1133"/></StgValue>
</bind>
</comp>

<comp id="32" class="1000" name="input_buffer_1134">
<pin_list>
<pin id="33" dir="1" index="0" bw="1" slack="0"/>
</pin_list>
<bind>
<StgValue><ssdm name="input_buffer_1134"/></StgValue>
</bind>
</comp>

<comp id="34" class="1000" name="input_buffer_1135">
<pin_list>
<pin id="35" dir="1" index="0" bw="1" slack="0"/>
</pin_list>
<bind>
<StgValue><ssdm name="input_buffer_1135"/></StgValue>
</bind>
</comp>

<comp id="36" class="1000" name="input_buffer_1136">
<pin_list>
<pin id="37" dir="1" index="0" bw="1" slack="0"/>
</pin_list>
<bind>
<StgValue><ssdm name="input_buffer_1136"/></StgValue>
</bind>
</comp>

<comp id="38" class="1000" name="input_buffer_1137">
<pin_list>
<pin id="39" dir="1" index="0" bw="1" slack="0"/>
</pin_list>
<bind>
<StgValue><ssdm name="input_buffer_1137"/></StgValue>
</bind>
</comp>

<comp id="40" class="1000" name="input_buffer_1138">
<pin_list>
<pin id="41" dir="1" index="0" bw="1" slack="0"/>
</pin_list>
<bind>
<StgValue><ssdm name="input_buffer_1138"/></StgValue>
</bind>
</comp>

<comp id="42" class="1000" name="input_buffer_1139">
<pin_list>
<pin id="43" dir="1" index="0" bw="1" slack="0"/>
</pin_list>
<bind>
<StgValue><ssdm name="input_buffer_1139"/></StgValue>
</bind>
</comp>

<comp id="44" class="1000" name="input_buffer_1140">
<pin_list>
<pin id="45" dir="1" index="0" bw="1" slack="0"/>
</pin_list>
<bind>
<StgValue><ssdm name="input_buffer_1140"/></StgValue>
</bind>
</comp>

<comp id="46" class="1000" name="input_buffer_1141">
<pin_list>
<pin id="47" dir="1" index="0" bw="1" slack="0"/>
</pin_list>
<bind>
<StgValue><ssdm name="input_buffer_1141"/></StgValue>
</bind>
</comp>

<comp id="48" class="1000" name="input_buffer_1142">
<pin_list>
<pin id="49" dir="1" index="0" bw="1" slack="0"/>
</pin_list>
<bind>
<StgValue><ssdm name="input_buffer_1142"/></StgValue>
</bind>
</comp>

<comp id="50" class="1000" name="input_buffer_1143">
<pin_list>
<pin id="51" dir="1" index="0" bw="1" slack="0"/>
</pin_list>
<bind>
<StgValue><ssdm name="input_buffer_1143"/></StgValue>
</bind>
</comp>

<comp id="52" class="1000" name="input_buffer_1144">
<pin_list>
<pin id="53" dir="1" index="0" bw="1" slack="0"/>
</pin_list>
<bind>
<StgValue><ssdm name="input_buffer_1144"/></StgValue>
</bind>
</comp>

<comp id="54" class="1000" name="input_buffer_1145">
<pin_list>
<pin id="55" dir="1" index="0" bw="1" slack="0"/>
</pin_list>
<bind>
<StgValue><ssdm name="input_buffer_1145"/></StgValue>
</bind>
</comp>

<comp id="56" class="1000" name="input_buffer_1146">
<pin_list>
<pin id="57" dir="1" index="0" bw="1" slack="0"/>
</pin_list>
<bind>
<StgValue><ssdm name="input_buffer_1146"/></StgValue>
</bind>
</comp>

<comp id="58" class="1000" name="input_buffer_1147">
<pin_list>
<pin id="59" dir="1" index="0" bw="1" slack="0"/>
</pin_list>
<bind>
<StgValue><ssdm name="input_buffer_1147"/></StgValue>
</bind>
</comp>

<comp id="60" class="1000" name="input_buffer_1148">
<pin_list>
<pin id="61" dir="1" index="0" bw="1" slack="0"/>
</pin_list>
<bind>
<StgValue><ssdm name="input_buffer_1148"/></StgValue>
</bind>
</comp>

<comp id="62" class="1000" name="input_buffer_1149">
<pin_list>
<pin id="63" dir="1" index="0" bw="1" slack="0"/>
</pin_list>
<bind>
<StgValue><ssdm name="input_buffer_1149"/></StgValue>
</bind>
</comp>

<comp id="64" class="1000" name="input_buffer_1150">
<pin_list>
<pin id="65" dir="1" index="0" bw="1" slack="0"/>
</pin_list>
<bind>
<StgValue><ssdm name="input_buffer_1150"/></StgValue>
</bind>
</comp>

<comp id="66" class="1000" name="input_buffer_1151">
<pin_list>
<pin id="67" dir="1" index="0" bw="1" slack="0"/>
</pin_list>
<bind>
<StgValue><ssdm name="input_buffer_1151"/></StgValue>
</bind>
</comp>

<comp id="68" class="1000" name="input_buffer_1152">
<pin_list>
<pin id="69" dir="1" index="0" bw="1" slack="0"/>
</pin_list>
<bind>
<StgValue><ssdm name="input_buffer_1152"/></StgValue>
</bind>
</comp>

<comp id="70" class="1000" name="input_buffer_1153">
<pin_list>
<pin id="71" dir="1" index="0" bw="1" slack="0"/>
</pin_list>
<bind>
<StgValue><ssdm name="input_buffer_1153"/></StgValue>
</bind>
</comp>

<comp id="72" class="1000" name="input_buffer_1154">
<pin_list>
<pin id="73" dir="1" index="0" bw="1" slack="0"/>
</pin_list>
<bind>
<StgValue><ssdm name="input_buffer_1154"/></StgValue>
</bind>
</comp>

<comp id="74" class="1000" name="input_buffer_1155">
<pin_list>
<pin id="75" dir="1" index="0" bw="1" slack="0"/>
</pin_list>
<bind>
<StgValue><ssdm name="input_buffer_1155"/></StgValue>
</bind>
</comp>

<comp id="76" class="1000" name="sequence_stream">
<pin_list>
<pin id="77" dir="1" index="0" bw="1" slack="0"/>
</pin_list>
<bind>
<StgValue><ssdm name="sequence_stream"/></StgValue>
</bind>
</comp>

<comp id="78" class="1000" name="p_out">
<pin_list>
<pin id="79" dir="1" index="0" bw="1" slack="0"/>
</pin_list>
<bind>
<StgValue><ssdm name="p_out"/></StgValue>
</bind>
</comp>

<comp id="80" class="1000" name="p_out1">
<pin_list>
<pin id="81" dir="1" index="0" bw="1" slack="0"/>
</pin_list>
<bind>
<StgValue><ssdm name="p_out1"/></StgValue>
</bind>
</comp>

<comp id="82" class="1000" name="p_out2">
<pin_list>
<pin id="83" dir="1" index="0" bw="1" slack="0"/>
</pin_list>
<bind>
<StgValue><ssdm name="p_out2"/></StgValue>
</bind>
</comp>

<comp id="84" class="1000" name="p_out3">
<pin_list>
<pin id="85" dir="1" index="0" bw="1" slack="0"/>
</pin_list>
<bind>
<StgValue><ssdm name="p_out3"/></StgValue>
</bind>
</comp>

<comp id="86" class="1000" name="p_out4">
<pin_list>
<pin id="87" dir="1" index="0" bw="1" slack="0"/>
</pin_list>
<bind>
<StgValue><ssdm name="p_out4"/></StgValue>
</bind>
</comp>

<comp id="88" class="1000" name="p_out5">
<pin_list>
<pin id="89" dir="1" index="0" bw="1" slack="0"/>
</pin_list>
<bind>
<StgValue><ssdm name="p_out5"/></StgValue>
</bind>
</comp>

<comp id="90" class="1000" name="p_out6">
<pin_list>
<pin id="91" dir="1" index="0" bw="1" slack="0"/>
</pin_list>
<bind>
<StgValue><ssdm name="p_out6"/></StgValue>
</bind>
</comp>

<comp id="92" class="1000" name="p_out7">
<pin_list>
<pin id="93" dir="1" index="0" bw="1" slack="0"/>
</pin_list>
<bind>
<StgValue><ssdm name="p_out7"/></StgValue>
</bind>
</comp>

<comp id="94" class="1000" name="p_out8">
<pin_list>
<pin id="95" dir="1" index="0" bw="1" slack="0"/>
</pin_list>
<bind>
<StgValue><ssdm name="p_out8"/></StgValue>
</bind>
</comp>

<comp id="96" class="1000" name="p_out9">
<pin_list>
<pin id="97" dir="1" index="0" bw="1" slack="0"/>
</pin_list>
<bind>
<StgValue><ssdm name="p_out9"/></StgValue>
</bind>
</comp>

<comp id="98" class="1000" name="p_out10">
<pin_list>
<pin id="99" dir="1" index="0" bw="1" slack="0"/>
</pin_list>
<bind>
<StgValue><ssdm name="p_out10"/></StgValue>
</bind>
</comp>

<comp id="100" class="1000" name="p_out11">
<pin_list>
<pin id="101" dir="1" index="0" bw="1" slack="0"/>
</pin_list>
<bind>
<StgValue><ssdm name="p_out11"/></StgValue>
</bind>
</comp>

<comp id="102" class="1000" name="p_out12">
<pin_list>
<pin id="103" dir="1" index="0" bw="1" slack="0"/>
</pin_list>
<bind>
<StgValue><ssdm name="p_out12"/></StgValue>
</bind>
</comp>

<comp id="104" class="1000" name="p_out13">
<pin_list>
<pin id="105" dir="1" index="0" bw="1" slack="0"/>
</pin_list>
<bind>
<StgValue><ssdm name="p_out13"/></StgValue>
</bind>
</comp>

<comp id="106" class="1000" name="p_out14">
<pin_list>
<pin id="107" dir="1" index="0" bw="1" slack="0"/>
</pin_list>
<bind>
<StgValue><ssdm name="p_out14"/></StgValue>
</bind>
</comp>

<comp id="108" class="1000" name="p_out15">
<pin_list>
<pin id="109" dir="1" index="0" bw="1" slack="0"/>
</pin_list>
<bind>
<StgValue><ssdm name="p_out15"/></StgValue>
</bind>
</comp>

<comp id="110" class="1000" name="p_out16">
<pin_list>
<pin id="111" dir="1" index="0" bw="1" slack="0"/>
</pin_list>
<bind>
<StgValue><ssdm name="p_out16"/></StgValue>
</bind>
</comp>

<comp id="112" class="1000" name="p_out17">
<pin_list>
<pin id="113" dir="1" index="0" bw="1" slack="0"/>
</pin_list>
<bind>
<StgValue><ssdm name="p_out17"/></StgValue>
</bind>
</comp>

<comp id="114" class="1000" name="p_out18">
<pin_list>
<pin id="115" dir="1" index="0" bw="1" slack="0"/>
</pin_list>
<bind>
<StgValue><ssdm name="p_out18"/></StgValue>
</bind>
</comp>

<comp id="116" class="1000" name="p_out19">
<pin_list>
<pin id="117" dir="1" index="0" bw="1" slack="0"/>
</pin_list>
<bind>
<StgValue><ssdm name="p_out19"/></StgValue>
</bind>
</comp>

<comp id="118" class="1000" name="p_out20">
<pin_list>
<pin id="119" dir="1" index="0" bw="1" slack="0"/>
</pin_list>
<bind>
<StgValue><ssdm name="p_out20"/></StgValue>
</bind>
</comp>

<comp id="120" class="1000" name="p_out21">
<pin_list>
<pin id="121" dir="1" index="0" bw="1" slack="0"/>
</pin_list>
<bind>
<StgValue><ssdm name="p_out21"/></StgValue>
</bind>
</comp>

<comp id="122" class="1000" name="p_out22">
<pin_list>
<pin id="123" dir="1" index="0" bw="1" slack="0"/>
</pin_list>
<bind>
<StgValue><ssdm name="p_out22"/></StgValue>
</bind>
</comp>

<comp id="124" class="1000" name="p_out23">
<pin_list>
<pin id="125" dir="1" index="0" bw="1" slack="0"/>
</pin_list>
<bind>
<StgValue><ssdm name="p_out23"/></StgValue>
</bind>
</comp>

<comp id="126" class="1000" name="p_out24">
<pin_list>
<pin id="127" dir="1" index="0" bw="1" slack="0"/>
</pin_list>
<bind>
<StgValue><ssdm name="p_out24"/></StgValue>
</bind>
</comp>

<comp id="128" class="1000" name="p_out25">
<pin_list>
<pin id="129" dir="1" index="0" bw="1" slack="0"/>
</pin_list>
<bind>
<StgValue><ssdm name="p_out25"/></StgValue>
</bind>
</comp>

<comp id="130" class="1000" name="p_out26">
<pin_list>
<pin id="131" dir="1" index="0" bw="1" slack="0"/>
</pin_list>
<bind>
<StgValue><ssdm name="p_out26"/></StgValue>
</bind>
</comp>

<comp id="132" class="1000" name="p_out27">
<pin_list>
<pin id="133" dir="1" index="0" bw="1" slack="0"/>
</pin_list>
<bind>
<StgValue><ssdm name="p_out27"/></StgValue>
</bind>
</comp>

<comp id="134" class="1000" name="p_out28">
<pin_list>
<pin id="135" dir="1" index="0" bw="1" slack="0"/>
</pin_list>
<bind>
<StgValue><ssdm name="p_out28"/></StgValue>
</bind>
</comp>

<comp id="136" class="1000" name="p_out29">
<pin_list>
<pin id="137" dir="1" index="0" bw="1" slack="0"/>
</pin_list>
<bind>
<StgValue><ssdm name="p_out29"/></StgValue>
</bind>
</comp>

<comp id="138" class="1000" name="p_out30">
<pin_list>
<pin id="139" dir="1" index="0" bw="1" slack="0"/>
</pin_list>
<bind>
<StgValue><ssdm name="p_out30"/></StgValue>
</bind>
</comp>

<comp id="140" class="1000" name="p_out31">
<pin_list>
<pin id="141" dir="1" index="0" bw="1" slack="0"/>
</pin_list>
<bind>
<StgValue><ssdm name="p_out31"/></StgValue>
</bind>
</comp>

<comp id="142" class="1000" name="p_out32">
<pin_list>
<pin id="143" dir="1" index="0" bw="1" slack="0"/>
</pin_list>
<bind>
<StgValue><ssdm name="p_out32"/></StgValue>
</bind>
</comp>

<comp id="144" class="1000" name="p_out33">
<pin_list>
<pin id="145" dir="1" index="0" bw="1" slack="0"/>
</pin_list>
<bind>
<StgValue><ssdm name="p_out33"/></StgValue>
</bind>
</comp>

<comp id="146" class="1000" name="p_out34">
<pin_list>
<pin id="147" dir="1" index="0" bw="1" slack="0"/>
</pin_list>
<bind>
<StgValue><ssdm name="p_out34"/></StgValue>
</bind>
</comp>

<comp id="148" class="1000" name="p_out35">
<pin_list>
<pin id="149" dir="1" index="0" bw="1" slack="0"/>
</pin_list>
<bind>
<StgValue><ssdm name="p_out35"/></StgValue>
</bind>
</comp>

<comp id="150" class="1000" name="p_out36">
<pin_list>
<pin id="151" dir="1" index="0" bw="1" slack="0"/>
</pin_list>
<bind>
<StgValue><ssdm name="p_out36"/></StgValue>
</bind>
</comp>

<comp id="152" class="1000" name="p_out37">
<pin_list>
<pin id="153" dir="1" index="0" bw="1" slack="0"/>
</pin_list>
<bind>
<StgValue><ssdm name="p_out37"/></StgValue>
</bind>
</comp>

<comp id="154" class="1001" name="const_154">
<pin_list>
<pin id="155" dir="1" index="0" bw="1" slack="0"/>
</pin_list>
<bind>
<StgValue><ssdm name=""/></StgValue>
</bind>
</comp>

<comp id="156" class="1001" name="const_156">
<pin_list>
<pin id="157" dir="1" index="0" bw="1" slack="2147483647"/>
</pin_list>
<bind>
<StgValue><ssdm name="_ssdm_op_SpecInterface"/></StgValue>
</bind>
</comp>

<comp id="158" class="1001" name="const_158">
<pin_list>
<pin id="159" dir="1" index="0" bw="1" slack="2147483647"/>
</pin_list>
<bind>
<StgValue><ssdm name="empty_199"/></StgValue>
</bind>
</comp>

<comp id="160" class="1001" name="const_160">
<pin_list>
<pin id="161" dir="1" index="0" bw="1" slack="2147483647"/>
</pin_list>
<bind>
<StgValue><ssdm name=""/></StgValue>
</bind>
</comp>

<comp id="162" class="1001" name="const_162">
<pin_list>
<pin id="163" dir="1" index="0" bw="1" slack="2147483647"/>
</pin_list>
<bind>
<StgValue><ssdm name="empty_25"/></StgValue>
</bind>
</comp>

<comp id="164" class="1001" name="const_164">
<pin_list>
<pin id="165" dir="1" index="0" bw="1" slack="2147483647"/>
</pin_list>
<bind>
<StgValue><ssdm name=""/></StgValue>
</bind>
</comp>

<comp id="166" class="1001" name="const_166">
<pin_list>
<pin id="167" dir="1" index="0" bw="1" slack="0"/>
</pin_list>
<bind>
<StgValue><ssdm name="_ssdm_op_Read.ap_auto.i16"/></StgValue>
</bind>
</comp>

<comp id="168" class="1001" name="const_168">
<pin_list>
<pin id="169" dir="1" index="0" bw="1" slack="0"/>
</pin_list>
<bind>
<StgValue><ssdm name=""/></StgValue>
</bind>
</comp>

<comp id="170" class="1001" name="const_170">
<pin_list>
<pin id="171" dir="1" index="0" bw="1" slack="0"/>
</pin_list>
<bind>
<StgValue><ssdm name=""/></StgValue>
</bind>
</comp>

<comp id="172" class="1001" name="const_172">
<pin_list>
<pin id="173" dir="1" index="0" bw="1" slack="0"/>
</pin_list>
<bind>
<StgValue><ssdm name=""/></StgValue>
</bind>
</comp>

<comp id="174" class="1001" name="const_174">
<pin_list>
<pin id="175" dir="1" index="0" bw="1" slack="2147483647"/>
</pin_list>
<bind>
<StgValue><ssdm name=""/></StgValue>
</bind>
</comp>

<comp id="176" class="1001" name="const_176">
<pin_list>
<pin id="177" dir="1" index="0" bw="1" slack="2147483647"/>
</pin_list>
<bind>
<StgValue><ssdm name=""/></StgValue>
</bind>
</comp>

<comp id="178" class="1001" name="const_178">
<pin_list>
<pin id="179" dir="1" index="0" bw="1" slack="2147483647"/>
</pin_list>
<bind>
<StgValue><ssdm name=""/></StgValue>
</bind>
</comp>

<comp id="180" class="1001" name="const_180">
<pin_list>
<pin id="181" dir="1" index="0" bw="1" slack="2147483647"/>
</pin_list>
<bind>
<StgValue><ssdm name=""/></StgValue>
</bind>
</comp>

<comp id="182" class="1001" name="const_182">
<pin_list>
<pin id="183" dir="1" index="0" bw="1" slack="2147483647"/>
</pin_list>
<bind>
<StgValue><ssdm name=""/></StgValue>
</bind>
</comp>

<comp id="184" class="1001" name="const_184">
<pin_list>
<pin id="185" dir="1" index="0" bw="1" slack="2147483647"/>
</pin_list>
<bind>
<StgValue><ssdm name=""/></StgValue>
</bind>
</comp>

<comp id="186" class="1001" name="const_186">
<pin_list>
<pin id="187" dir="1" index="0" bw="1" slack="2147483647"/>
</pin_list>
<bind>
<StgValue><ssdm name=""/></StgValue>
</bind>
</comp>

<comp id="188" class="1001" name="const_188">
<pin_list>
<pin id="189" dir="1" index="0" bw="1" slack="2147483647"/>
</pin_list>
<bind>
<StgValue><ssdm name=""/></StgValue>
</bind>
</comp>

<comp id="190" class="1001" name="const_190">
<pin_list>
<pin id="191" dir="1" index="0" bw="1" slack="2147483647"/>
</pin_list>
<bind>
<StgValue><ssdm name=""/></StgValue>
</bind>
</comp>

<comp id="192" class="1001" name="const_192">
<pin_list>
<pin id="193" dir="1" index="0" bw="1" slack="2147483647"/>
</pin_list>
<bind>
<StgValue><ssdm name=""/></StgValue>
</bind>
</comp>

<comp id="194" class="1001" name="const_194">
<pin_list>
<pin id="195" dir="1" index="0" bw="1" slack="2147483647"/>
</pin_list>
<bind>
<StgValue><ssdm name=""/></StgValue>
</bind>
</comp>

<comp id="196" class="1001" name="const_196">
<pin_list>
<pin id="197" dir="1" index="0" bw="1" slack="2147483647"/>
</pin_list>
<bind>
<StgValue><ssdm name=""/></StgValue>
</bind>
</comp>

<comp id="198" class="1001" name="const_198">
<pin_list>
<pin id="199" dir="1" index="0" bw="1" slack="2147483647"/>
</pin_list>
<bind>
<StgValue><ssdm name=""/></StgValue>
</bind>
</comp>

<comp id="200" class="1001" name="const_200">
<pin_list>
<pin id="201" dir="1" index="0" bw="1" slack="2147483647"/>
</pin_list>
<bind>
<StgValue><ssdm name=""/></StgValue>
</bind>
</comp>

<comp id="202" class="1001" name="const_202">
<pin_list>
<pin id="203" dir="1" index="0" bw="1" slack="2147483647"/>
</pin_list>
<bind>
<StgValue><ssdm name=""/></StgValue>
</bind>
</comp>

<comp id="204" class="1001" name="const_204">
<pin_list>
<pin id="205" dir="1" index="0" bw="1" slack="2147483647"/>
</pin_list>
<bind>
<StgValue><ssdm name=""/></StgValue>
</bind>
</comp>

<comp id="206" class="1001" name="const_206">
<pin_list>
<pin id="207" dir="1" index="0" bw="1" slack="2147483647"/>
</pin_list>
<bind>
<StgValue><ssdm name=""/></StgValue>
</bind>
</comp>

<comp id="208" class="1001" name="const_208">
<pin_list>
<pin id="209" dir="1" index="0" bw="1" slack="2147483647"/>
</pin_list>
<bind>
<StgValue><ssdm name=""/></StgValue>
</bind>
</comp>

<comp id="210" class="1001" name="const_210">
<pin_list>
<pin id="211" dir="1" index="0" bw="1" slack="2147483647"/>
</pin_list>
<bind>
<StgValue><ssdm name=""/></StgValue>
</bind>
</comp>

<comp id="212" class="1001" name="const_212">
<pin_list>
<pin id="213" dir="1" index="0" bw="1" slack="2147483647"/>
</pin_list>
<bind>
<StgValue><ssdm name=""/></StgValue>
</bind>
</comp>

<comp id="214" class="1001" name="const_214">
<pin_list>
<pin id="215" dir="1" index="0" bw="1" slack="2147483647"/>
</pin_list>
<bind>
<StgValue><ssdm name=""/></StgValue>
</bind>
</comp>

<comp id="216" class="1001" name="const_216">
<pin_list>
<pin id="217" dir="1" index="0" bw="1" slack="2147483647"/>
</pin_list>
<bind>
<StgValue><ssdm name=""/></StgValue>
</bind>
</comp>

<comp id="218" class="1001" name="const_218">
<pin_list>
<pin id="219" dir="1" index="0" bw="1" slack="2147483647"/>
</pin_list>
<bind>
<StgValue><ssdm name=""/></StgValue>
</bind>
</comp>

<comp id="220" class="1001" name="const_220">
<pin_list>
<pin id="221" dir="1" index="0" bw="1" slack="2147483647"/>
</pin_list>
<bind>
<StgValue><ssdm name=""/></StgValue>
</bind>
</comp>

<comp id="222" class="1001" name="const_222">
<pin_list>
<pin id="223" dir="1" index="0" bw="1" slack="2147483647"/>
</pin_list>
<bind>
<StgValue><ssdm name=""/></StgValue>
</bind>
</comp>

<comp id="224" class="1001" name="const_224">
<pin_list>
<pin id="225" dir="1" index="0" bw="1" slack="2147483647"/>
</pin_list>
<bind>
<StgValue><ssdm name=""/></StgValue>
</bind>
</comp>

<comp id="226" class="1001" name="const_226">
<pin_list>
<pin id="227" dir="1" index="0" bw="1" slack="2147483647"/>
</pin_list>
<bind>
<StgValue><ssdm name=""/></StgValue>
</bind>
</comp>

<comp id="228" class="1001" name="const_228">
<pin_list>
<pin id="229" dir="1" index="0" bw="1" slack="2147483647"/>
</pin_list>
<bind>
<StgValue><ssdm name=""/></StgValue>
</bind>
</comp>

<comp id="230" class="1001" name="const_230">
<pin_list>
<pin id="231" dir="1" index="0" bw="1" slack="2147483647"/>
</pin_list>
<bind>
<StgValue><ssdm name=""/></StgValue>
</bind>
</comp>

<comp id="232" class="1001" name="const_232">
<pin_list>
<pin id="233" dir="1" index="0" bw="1" slack="2147483647"/>
</pin_list>
<bind>
<StgValue><ssdm name=""/></StgValue>
</bind>
</comp>

<comp id="234" class="1001" name="const_234">
<pin_list>
<pin id="235" dir="1" index="0" bw="1" slack="2147483647"/>
</pin_list>
<bind>
<StgValue><ssdm name=""/></StgValue>
</bind>
</comp>

<comp id="236" class="1001" name="const_236">
<pin_list>
<pin id="237" dir="1" index="0" bw="1" slack="2147483647"/>
</pin_list>
<bind>
<StgValue><ssdm name=""/></StgValue>
</bind>
</comp>

<comp id="238" class="1001" name="const_238">
<pin_list>
<pin id="239" dir="1" index="0" bw="1" slack="2147483647"/>
</pin_list>
<bind>
<StgValue><ssdm name=""/></StgValue>
</bind>
</comp>

<comp id="240" class="1001" name="const_240">
<pin_list>
<pin id="241" dir="1" index="0" bw="1" slack="2147483647"/>
</pin_list>
<bind>
<StgValue><ssdm name=""/></StgValue>
</bind>
</comp>

<comp id="242" class="1001" name="const_242">
<pin_list>
<pin id="243" dir="1" index="0" bw="1" slack="2147483647"/>
</pin_list>
<bind>
<StgValue><ssdm name=""/></StgValue>
</bind>
</comp>

<comp id="244" class="1001" name="const_244">
<pin_list>
<pin id="245" dir="1" index="0" bw="1" slack="2147483647"/>
</pin_list>
<bind>
<StgValue><ssdm name="_ssdm_op_SpecPipeline"/></StgValue>
</bind>
</comp>

<comp id="246" class="1001" name="const_246">
<pin_list>
<pin id="247" dir="1" index="0" bw="1" slack="2147483647"/>
</pin_list>
<bind>
<StgValue><ssdm name="_ssdm_op_SpecLoopTripCount"/></StgValue>
</bind>
</comp>

<comp id="248" class="1001" name="const_248">
<pin_list>
<pin id="249" dir="1" index="0" bw="1" slack="2147483647"/>
</pin_list>
<bind>
<StgValue><ssdm name=""/></StgValue>
</bind>
</comp>

<comp id="250" class="1001" name="const_250">
<pin_list>
<pin id="251" dir="1" index="0" bw="1" slack="2147483647"/>
</pin_list>
<bind>
<StgValue><ssdm name="_ssdm_op_SpecLoopName"/></StgValue>
</bind>
</comp>

<comp id="252" class="1001" name="const_252">
<pin_list>
<pin id="253" dir="1" index="0" bw="1" slack="2147483647"/>
</pin_list>
<bind>
<StgValue><ssdm name="empty_200"/></StgValue>
</bind>
</comp>

<comp id="254" class="1001" name="const_254">
<pin_list>
<pin id="255" dir="1" index="0" bw="1" slack="0"/>
</pin_list>
<bind>
<StgValue><ssdm name="_ssdm_op_Read.ap_fifo.volatile.i16P0A"/></StgValue>
</bind>
</comp>

<comp id="256" class="1001" name="const_256">
<pin_list>
<pin id="257" dir="1" index="0" bw="1" slack="0"/>
</pin_list>
<bind>
<StgValue><ssdm name="_ssdm_op_Write.ap_auto.i16P0A"/></StgValue>
</bind>
</comp>

<comp id="258" class="1004" name="index_fu_258">
<pin_list>
<pin id="259" dir="0" index="0" bw="1" slack="0"/>
<pin id="260" dir="1" index="1" bw="6" slack="0"/>
</pin_list>
<bind>
<opcode="alloca(26) " fcode="alloca"/>
<opset="index/1 "/>
</bind>
</comp>

<comp id="262" class="1004" name="empty_fu_262">
<pin_list>
<pin id="263" dir="0" index="0" bw="1" slack="0"/>
<pin id="264" dir="1" index="1" bw="16" slack="0"/>
</pin_list>
<bind>
<opcode="alloca(26) " fcode="alloca"/>
<opset="empty/1 "/>
</bind>
</comp>

<comp id="266" class="1004" name="empty_1007_fu_266">
<pin_list>
<pin id="267" dir="0" index="0" bw="1" slack="0"/>
<pin id="268" dir="1" index="1" bw="16" slack="0"/>
</pin_list>
<bind>
<opcode="alloca(26) " fcode="alloca"/>
<opset="empty_1007/1 "/>
</bind>
</comp>

<comp id="270" class="1004" name="empty_1008_fu_270">
<pin_list>
<pin id="271" dir="0" index="0" bw="1" slack="0"/>
<pin id="272" dir="1" index="1" bw="16" slack="0"/>
</pin_list>
<bind>
<opcode="alloca(26) " fcode="alloca"/>
<opset="empty_1008/1 "/>
</bind>
</comp>

<comp id="274" class="1004" name="empty_1009_fu_274">
<pin_list>
<pin id="275" dir="0" index="0" bw="1" slack="0"/>
<pin id="276" dir="1" index="1" bw="16" slack="0"/>
</pin_list>
<bind>
<opcode="alloca(26) " fcode="alloca"/>
<opset="empty_1009/1 "/>
</bind>
</comp>

<comp id="278" class="1004" name="empty_1010_fu_278">
<pin_list>
<pin id="279" dir="0" index="0" bw="1" slack="0"/>
<pin id="280" dir="1" index="1" bw="16" slack="0"/>
</pin_list>
<bind>
<opcode="alloca(26) " fcode="alloca"/>
<opset="empty_1010/1 "/>
</bind>
</comp>

<comp id="282" class="1004" name="empty_1011_fu_282">
<pin_list>
<pin id="283" dir="0" index="0" bw="1" slack="0"/>
<pin id="284" dir="1" index="1" bw="16" slack="0"/>
</pin_list>
<bind>
<opcode="alloca(26) " fcode="alloca"/>
<opset="empty_1011/1 "/>
</bind>
</comp>

<comp id="286" class="1004" name="empty_1012_fu_286">
<pin_list>
<pin id="287" dir="0" index="0" bw="1" slack="0"/>
<pin id="288" dir="1" index="1" bw="16" slack="0"/>
</pin_list>
<bind>
<opcode="alloca(26) " fcode="alloca"/>
<opset="empty_1012/1 "/>
</bind>
</comp>

<comp id="290" class="1004" name="empty_1013_fu_290">
<pin_list>
<pin id="291" dir="0" index="0" bw="1" slack="0"/>
<pin id="292" dir="1" index="1" bw="16" slack="0"/>
</pin_list>
<bind>
<opcode="alloca(26) " fcode="alloca"/>
<opset="empty_1013/1 "/>
</bind>
</comp>

<comp id="294" class="1004" name="empty_1014_fu_294">
<pin_list>
<pin id="295" dir="0" index="0" bw="1" slack="0"/>
<pin id="296" dir="1" index="1" bw="16" slack="0"/>
</pin_list>
<bind>
<opcode="alloca(26) " fcode="alloca"/>
<opset="empty_1014/1 "/>
</bind>
</comp>

<comp id="298" class="1004" name="empty_1015_fu_298">
<pin_list>
<pin id="299" dir="0" index="0" bw="1" slack="0"/>
<pin id="300" dir="1" index="1" bw="16" slack="0"/>
</pin_list>
<bind>
<opcode="alloca(26) " fcode="alloca"/>
<opset="empty_1015/1 "/>
</bind>
</comp>

<comp id="302" class="1004" name="empty_1016_fu_302">
<pin_list>
<pin id="303" dir="0" index="0" bw="1" slack="0"/>
<pin id="304" dir="1" index="1" bw="16" slack="0"/>
</pin_list>
<bind>
<opcode="alloca(26) " fcode="alloca"/>
<opset="empty_1016/1 "/>
</bind>
</comp>

<comp id="306" class="1004" name="empty_1017_fu_306">
<pin_list>
<pin id="307" dir="0" index="0" bw="1" slack="0"/>
<pin id="308" dir="1" index="1" bw="16" slack="0"/>
</pin_list>
<bind>
<opcode="alloca(26) " fcode="alloca"/>
<opset="empty_1017/1 "/>
</bind>
</comp>

<comp id="310" class="1004" name="empty_1018_fu_310">
<pin_list>
<pin id="311" dir="0" index="0" bw="1" slack="0"/>
<pin id="312" dir="1" index="1" bw="16" slack="0"/>
</pin_list>
<bind>
<opcode="alloca(26) " fcode="alloca"/>
<opset="empty_1018/1 "/>
</bind>
</comp>

<comp id="314" class="1004" name="empty_1019_fu_314">
<pin_list>
<pin id="315" dir="0" index="0" bw="1" slack="0"/>
<pin id="316" dir="1" index="1" bw="16" slack="0"/>
</pin_list>
<bind>
<opcode="alloca(26) " fcode="alloca"/>
<opset="empty_1019/1 "/>
</bind>
</comp>

<comp id="318" class="1004" name="empty_1020_fu_318">
<pin_list>
<pin id="319" dir="0" index="0" bw="1" slack="0"/>
<pin id="320" dir="1" index="1" bw="16" slack="0"/>
</pin_list>
<bind>
<opcode="alloca(26) " fcode="alloca"/>
<opset="empty_1020/1 "/>
</bind>
</comp>

<comp id="322" class="1004" name="empty_1021_fu_322">
<pin_list>
<pin id="323" dir="0" index="0" bw="1" slack="0"/>
<pin id="324" dir="1" index="1" bw="16" slack="0"/>
</pin_list>
<bind>
<opcode="alloca(26) " fcode="alloca"/>
<opset="empty_1021/1 "/>
</bind>
</comp>

<comp id="326" class="1004" name="empty_1022_fu_326">
<pin_list>
<pin id="327" dir="0" index="0" bw="1" slack="0"/>
<pin id="328" dir="1" index="1" bw="16" slack="0"/>
</pin_list>
<bind>
<opcode="alloca(26) " fcode="alloca"/>
<opset="empty_1022/1 "/>
</bind>
</comp>

<comp id="330" class="1004" name="empty_1023_fu_330">
<pin_list>
<pin id="331" dir="0" index="0" bw="1" slack="0"/>
<pin id="332" dir="1" index="1" bw="16" slack="0"/>
</pin_list>
<bind>
<opcode="alloca(26) " fcode="alloca"/>
<opset="empty_1023/1 "/>
</bind>
</comp>

<comp id="334" class="1004" name="empty_1024_fu_334">
<pin_list>
<pin id="335" dir="0" index="0" bw="1" slack="0"/>
<pin id="336" dir="1" index="1" bw="16" slack="0"/>
</pin_list>
<bind>
<opcode="alloca(26) " fcode="alloca"/>
<opset="empty_1024/1 "/>
</bind>
</comp>

<comp id="338" class="1004" name="empty_1025_fu_338">
<pin_list>
<pin id="339" dir="0" index="0" bw="1" slack="0"/>
<pin id="340" dir="1" index="1" bw="16" slack="0"/>
</pin_list>
<bind>
<opcode="alloca(26) " fcode="alloca"/>
<opset="empty_1025/1 "/>
</bind>
</comp>

<comp id="342" class="1004" name="empty_1026_fu_342">
<pin_list>
<pin id="343" dir="0" index="0" bw="1" slack="0"/>
<pin id="344" dir="1" index="1" bw="16" slack="0"/>
</pin_list>
<bind>
<opcode="alloca(26) " fcode="alloca"/>
<opset="empty_1026/1 "/>
</bind>
</comp>

<comp id="346" class="1004" name="empty_1027_fu_346">
<pin_list>
<pin id="347" dir="0" index="0" bw="1" slack="0"/>
<pin id="348" dir="1" index="1" bw="16" slack="0"/>
</pin_list>
<bind>
<opcode="alloca(26) " fcode="alloca"/>
<opset="empty_1027/1 "/>
</bind>
</comp>

<comp id="350" class="1004" name="empty_1028_fu_350">
<pin_list>
<pin id="351" dir="0" index="0" bw="1" slack="0"/>
<pin id="352" dir="1" index="1" bw="16" slack="0"/>
</pin_list>
<bind>
<opcode="alloca(26) " fcode="alloca"/>
<opset="empty_1028/1 "/>
</bind>
</comp>

<comp id="354" class="1004" name="empty_1029_fu_354">
<pin_list>
<pin id="355" dir="0" index="0" bw="1" slack="0"/>
<pin id="356" dir="1" index="1" bw="16" slack="0"/>
</pin_list>
<bind>
<opcode="alloca(26) " fcode="alloca"/>
<opset="empty_1029/1 "/>
</bind>
</comp>

<comp id="358" class="1004" name="empty_1030_fu_358">
<pin_list>
<pin id="359" dir="0" index="0" bw="1" slack="0"/>
<pin id="360" dir="1" index="1" bw="16" slack="0"/>
</pin_list>
<bind>
<opcode="alloca(26) " fcode="alloca"/>
<opset="empty_1030/1 "/>
</bind>
</comp>

<comp id="362" class="1004" name="empty_1031_fu_362">
<pin_list>
<pin id="363" dir="0" index="0" bw="1" slack="0"/>
<pin id="364" dir="1" index="1" bw="16" slack="0"/>
</pin_list>
<bind>
<opcode="alloca(26) " fcode="alloca"/>
<opset="empty_1031/1 "/>
</bind>
</comp>

<comp id="366" class="1004" name="empty_1032_fu_366">
<pin_list>
<pin id="367" dir="0" index="0" bw="1" slack="0"/>
<pin id="368" dir="1" index="1" bw="16" slack="0"/>
</pin_list>
<bind>
<opcode="alloca(26) " fcode="alloca"/>
<opset="empty_1032/1 "/>
</bind>
</comp>

<comp id="370" class="1004" name="empty_1033_fu_370">
<pin_list>
<pin id="371" dir="0" index="0" bw="1" slack="0"/>
<pin id="372" dir="1" index="1" bw="16" slack="0"/>
</pin_list>
<bind>
<opcode="alloca(26) " fcode="alloca"/>
<opset="empty_1033/1 "/>
</bind>
</comp>

<comp id="374" class="1004" name="empty_1034_fu_374">
<pin_list>
<pin id="375" dir="0" index="0" bw="1" slack="0"/>
<pin id="376" dir="1" index="1" bw="16" slack="0"/>
</pin_list>
<bind>
<opcode="alloca(26) " fcode="alloca"/>
<opset="empty_1034/1 "/>
</bind>
</comp>

<comp id="378" class="1004" name="empty_1035_fu_378">
<pin_list>
<pin id="379" dir="0" index="0" bw="1" slack="0"/>
<pin id="380" dir="1" index="1" bw="16" slack="0"/>
</pin_list>
<bind>
<opcode="alloca(26) " fcode="alloca"/>
<opset="empty_1035/1 "/>
</bind>
</comp>

<comp id="382" class="1004" name="empty_1036_fu_382">
<pin_list>
<pin id="383" dir="0" index="0" bw="1" slack="0"/>
<pin id="384" dir="1" index="1" bw="16" slack="0"/>
</pin_list>
<bind>
<opcode="alloca(26) " fcode="alloca"/>
<opset="empty_1036/1 "/>
</bind>
</comp>

<comp id="386" class="1004" name="empty_1037_fu_386">
<pin_list>
<pin id="387" dir="0" index="0" bw="1" slack="0"/>
<pin id="388" dir="1" index="1" bw="16" slack="0"/>
</pin_list>
<bind>
<opcode="alloca(26) " fcode="alloca"/>
<opset="empty_1037/1 "/>
</bind>
</comp>

<comp id="390" class="1004" name="empty_1038_fu_390">
<pin_list>
<pin id="391" dir="0" index="0" bw="1" slack="0"/>
<pin id="392" dir="1" index="1" bw="16" slack="0"/>
</pin_list>
<bind>
<opcode="alloca(26) " fcode="alloca"/>
<opset="empty_1038/1 "/>
</bind>
</comp>

<comp id="394" class="1004" name="empty_1039_fu_394">
<pin_list>
<pin id="395" dir="0" index="0" bw="1" slack="0"/>
<pin id="396" dir="1" index="1" bw="16" slack="0"/>
</pin_list>
<bind>
<opcode="alloca(26) " fcode="alloca"/>
<opset="empty_1039/1 "/>
</bind>
</comp>

<comp id="398" class="1004" name="empty_1040_fu_398">
<pin_list>
<pin id="399" dir="0" index="0" bw="1" slack="0"/>
<pin id="400" dir="1" index="1" bw="16" slack="0"/>
</pin_list>
<bind>
<opcode="alloca(26) " fcode="alloca"/>
<opset="empty_1040/1 "/>
</bind>
</comp>

<comp id="402" class="1004" name="empty_1041_fu_402">
<pin_list>
<pin id="403" dir="0" index="0" bw="1" slack="0"/>
<pin id="404" dir="1" index="1" bw="16" slack="0"/>
</pin_list>
<bind>
<opcode="alloca(26) " fcode="alloca"/>
<opset="empty_1041/1 "/>
</bind>
</comp>

<comp id="406" class="1004" name="empty_1042_fu_406">
<pin_list>
<pin id="407" dir="0" index="0" bw="1" slack="0"/>
<pin id="408" dir="1" index="1" bw="16" slack="0"/>
</pin_list>
<bind>
<opcode="alloca(26) " fcode="alloca"/>
<opset="empty_1042/1 "/>
</bind>
</comp>

<comp id="410" class="1004" name="empty_1043_fu_410">
<pin_list>
<pin id="411" dir="0" index="0" bw="1" slack="0"/>
<pin id="412" dir="1" index="1" bw="16" slack="0"/>
</pin_list>
<bind>
<opcode="alloca(26) " fcode="alloca"/>
<opset="empty_1043/1 "/>
</bind>
</comp>

<comp id="414" class="1004" name="input_buffer_1155_read_read_fu_414">
<pin_list>
<pin id="415" dir="0" index="0" bw="16" slack="0"/>
<pin id="416" dir="0" index="1" bw="16" slack="0"/>
<pin id="417" dir="1" index="2" bw="16" slack="0"/>
</pin_list>
<bind>
<opcode="read(1150) " fcode="read"/>
<opset="input_buffer_1155_read/1 "/>
</bind>
</comp>

<comp id="420" class="1004" name="input_buffer_1154_read_read_fu_420">
<pin_list>
<pin id="421" dir="0" index="0" bw="16" slack="0"/>
<pin id="422" dir="0" index="1" bw="16" slack="0"/>
<pin id="423" dir="1" index="2" bw="16" slack="0"/>
</pin_list>
<bind>
<opcode="read(1150) " fcode="read"/>
<opset="input_buffer_1154_read/1 "/>
</bind>
</comp>

<comp id="426" class="1004" name="input_buffer_1153_read_read_fu_426">
<pin_list>
<pin id="427" dir="0" index="0" bw="16" slack="0"/>
<pin id="428" dir="0" index="1" bw="16" slack="0"/>
<pin id="429" dir="1" index="2" bw="16" slack="0"/>
</pin_list>
<bind>
<opcode="read(1150) " fcode="read"/>
<opset="input_buffer_1153_read/1 "/>
</bind>
</comp>

<comp id="432" class="1004" name="input_buffer_1152_read_read_fu_432">
<pin_list>
<pin id="433" dir="0" index="0" bw="16" slack="0"/>
<pin id="434" dir="0" index="1" bw="16" slack="0"/>
<pin id="435" dir="1" index="2" bw="16" slack="0"/>
</pin_list>
<bind>
<opcode="read(1150) " fcode="read"/>
<opset="input_buffer_1152_read/1 "/>
</bind>
</comp>

<comp id="438" class="1004" name="input_buffer_1151_read_read_fu_438">
<pin_list>
<pin id="439" dir="0" index="0" bw="16" slack="0"/>
<pin id="440" dir="0" index="1" bw="16" slack="0"/>
<pin id="441" dir="1" index="2" bw="16" slack="0"/>
</pin_list>
<bind>
<opcode="read(1150) " fcode="read"/>
<opset="input_buffer_1151_read/1 "/>
</bind>
</comp>

<comp id="444" class="1004" name="input_buffer_1150_read_read_fu_444">
<pin_list>
<pin id="445" dir="0" index="0" bw="16" slack="0"/>
<pin id="446" dir="0" index="1" bw="16" slack="0"/>
<pin id="447" dir="1" index="2" bw="16" slack="0"/>
</pin_list>
<bind>
<opcode="read(1150) " fcode="read"/>
<opset="input_buffer_1150_read/1 "/>
</bind>
</comp>

<comp id="450" class="1004" name="input_buffer_1149_read_read_fu_450">
<pin_list>
<pin id="451" dir="0" index="0" bw="16" slack="0"/>
<pin id="452" dir="0" index="1" bw="16" slack="0"/>
<pin id="453" dir="1" index="2" bw="16" slack="0"/>
</pin_list>
<bind>
<opcode="read(1150) " fcode="read"/>
<opset="input_buffer_1149_read/1 "/>
</bind>
</comp>

<comp id="456" class="1004" name="input_buffer_1148_read_read_fu_456">
<pin_list>
<pin id="457" dir="0" index="0" bw="16" slack="0"/>
<pin id="458" dir="0" index="1" bw="16" slack="0"/>
<pin id="459" dir="1" index="2" bw="16" slack="0"/>
</pin_list>
<bind>
<opcode="read(1150) " fcode="read"/>
<opset="input_buffer_1148_read/1 "/>
</bind>
</comp>

<comp id="462" class="1004" name="input_buffer_1147_read_read_fu_462">
<pin_list>
<pin id="463" dir="0" index="0" bw="16" slack="0"/>
<pin id="464" dir="0" index="1" bw="16" slack="0"/>
<pin id="465" dir="1" index="2" bw="16" slack="0"/>
</pin_list>
<bind>
<opcode="read(1150) " fcode="read"/>
<opset="input_buffer_1147_read/1 "/>
</bind>
</comp>

<comp id="468" class="1004" name="input_buffer_1146_read_read_fu_468">
<pin_list>
<pin id="469" dir="0" index="0" bw="16" slack="0"/>
<pin id="470" dir="0" index="1" bw="16" slack="0"/>
<pin id="471" dir="1" index="2" bw="16" slack="0"/>
</pin_list>
<bind>
<opcode="read(1150) " fcode="read"/>
<opset="input_buffer_1146_read/1 "/>
</bind>
</comp>

<comp id="474" class="1004" name="input_buffer_1145_read_read_fu_474">
<pin_list>
<pin id="475" dir="0" index="0" bw="16" slack="0"/>
<pin id="476" dir="0" index="1" bw="16" slack="0"/>
<pin id="477" dir="1" index="2" bw="16" slack="0"/>
</pin_list>
<bind>
<opcode="read(1150) " fcode="read"/>
<opset="input_buffer_1145_read/1 "/>
</bind>
</comp>

<comp id="480" class="1004" name="input_buffer_1144_read_read_fu_480">
<pin_list>
<pin id="481" dir="0" index="0" bw="16" slack="0"/>
<pin id="482" dir="0" index="1" bw="16" slack="0"/>
<pin id="483" dir="1" index="2" bw="16" slack="0"/>
</pin_list>
<bind>
<opcode="read(1150) " fcode="read"/>
<opset="input_buffer_1144_read/1 "/>
</bind>
</comp>

<comp id="486" class="1004" name="input_buffer_1143_read_read_fu_486">
<pin_list>
<pin id="487" dir="0" index="0" bw="16" slack="0"/>
<pin id="488" dir="0" index="1" bw="16" slack="0"/>
<pin id="489" dir="1" index="2" bw="16" slack="0"/>
</pin_list>
<bind>
<opcode="read(1150) " fcode="read"/>
<opset="input_buffer_1143_read/1 "/>
</bind>
</comp>

<comp id="492" class="1004" name="input_buffer_1142_read_read_fu_492">
<pin_list>
<pin id="493" dir="0" index="0" bw="16" slack="0"/>
<pin id="494" dir="0" index="1" bw="16" slack="0"/>
<pin id="495" dir="1" index="2" bw="16" slack="0"/>
</pin_list>
<bind>
<opcode="read(1150) " fcode="read"/>
<opset="input_buffer_1142_read/1 "/>
</bind>
</comp>

<comp id="498" class="1004" name="input_buffer_1141_read_read_fu_498">
<pin_list>
<pin id="499" dir="0" index="0" bw="16" slack="0"/>
<pin id="500" dir="0" index="1" bw="16" slack="0"/>
<pin id="501" dir="1" index="2" bw="16" slack="0"/>
</pin_list>
<bind>
<opcode="read(1150) " fcode="read"/>
<opset="input_buffer_1141_read/1 "/>
</bind>
</comp>

<comp id="504" class="1004" name="input_buffer_1140_read_read_fu_504">
<pin_list>
<pin id="505" dir="0" index="0" bw="16" slack="0"/>
<pin id="506" dir="0" index="1" bw="16" slack="0"/>
<pin id="507" dir="1" index="2" bw="16" slack="0"/>
</pin_list>
<bind>
<opcode="read(1150) " fcode="read"/>
<opset="input_buffer_1140_read/1 "/>
</bind>
</comp>

<comp id="510" class="1004" name="input_buffer_1139_read_read_fu_510">
<pin_list>
<pin id="511" dir="0" index="0" bw="16" slack="0"/>
<pin id="512" dir="0" index="1" bw="16" slack="0"/>
<pin id="513" dir="1" index="2" bw="16" slack="0"/>
</pin_list>
<bind>
<opcode="read(1150) " fcode="read"/>
<opset="input_buffer_1139_read/1 "/>
</bind>
</comp>

<comp id="516" class="1004" name="input_buffer_1138_read_read_fu_516">
<pin_list>
<pin id="517" dir="0" index="0" bw="16" slack="0"/>
<pin id="518" dir="0" index="1" bw="16" slack="0"/>
<pin id="519" dir="1" index="2" bw="16" slack="0"/>
</pin_list>
<bind>
<opcode="read(1150) " fcode="read"/>
<opset="input_buffer_1138_read/1 "/>
</bind>
</comp>

<comp id="522" class="1004" name="input_buffer_1137_read_read_fu_522">
<pin_list>
<pin id="523" dir="0" index="0" bw="16" slack="0"/>
<pin id="524" dir="0" index="1" bw="16" slack="0"/>
<pin id="525" dir="1" index="2" bw="16" slack="0"/>
</pin_list>
<bind>
<opcode="read(1150) " fcode="read"/>
<opset="input_buffer_1137_read/1 "/>
</bind>
</comp>

<comp id="528" class="1004" name="input_buffer_1136_read_read_fu_528">
<pin_list>
<pin id="529" dir="0" index="0" bw="16" slack="0"/>
<pin id="530" dir="0" index="1" bw="16" slack="0"/>
<pin id="531" dir="1" index="2" bw="16" slack="0"/>
</pin_list>
<bind>
<opcode="read(1150) " fcode="read"/>
<opset="input_buffer_1136_read/1 "/>
</bind>
</comp>

<comp id="534" class="1004" name="input_buffer_1135_read_read_fu_534">
<pin_list>
<pin id="535" dir="0" index="0" bw="16" slack="0"/>
<pin id="536" dir="0" index="1" bw="16" slack="0"/>
<pin id="537" dir="1" index="2" bw="16" slack="0"/>
</pin_list>
<bind>
<opcode="read(1150) " fcode="read"/>
<opset="input_buffer_1135_read/1 "/>
</bind>
</comp>

<comp id="540" class="1004" name="input_buffer_1134_read_read_fu_540">
<pin_list>
<pin id="541" dir="0" index="0" bw="16" slack="0"/>
<pin id="542" dir="0" index="1" bw="16" slack="0"/>
<pin id="543" dir="1" index="2" bw="16" slack="0"/>
</pin_list>
<bind>
<opcode="read(1150) " fcode="read"/>
<opset="input_buffer_1134_read/1 "/>
</bind>
</comp>

<comp id="546" class="1004" name="input_buffer_1133_read_read_fu_546">
<pin_list>
<pin id="547" dir="0" index="0" bw="16" slack="0"/>
<pin id="548" dir="0" index="1" bw="16" slack="0"/>
<pin id="549" dir="1" index="2" bw="16" slack="0"/>
</pin_list>
<bind>
<opcode="read(1150) " fcode="read"/>
<opset="input_buffer_1133_read/1 "/>
</bind>
</comp>

<comp id="552" class="1004" name="input_buffer_1132_read_read_fu_552">
<pin_list>
<pin id="553" dir="0" index="0" bw="16" slack="0"/>
<pin id="554" dir="0" index="1" bw="16" slack="0"/>
<pin id="555" dir="1" index="2" bw="16" slack="0"/>
</pin_list>
<bind>
<opcode="read(1150) " fcode="read"/>
<opset="input_buffer_1132_read/1 "/>
</bind>
</comp>

<comp id="558" class="1004" name="input_buffer_1131_read_read_fu_558">
<pin_list>
<pin id="559" dir="0" index="0" bw="16" slack="0"/>
<pin id="560" dir="0" index="1" bw="16" slack="0"/>
<pin id="561" dir="1" index="2" bw="16" slack="0"/>
</pin_list>
<bind>
<opcode="read(1150) " fcode="read"/>
<opset="input_buffer_1131_read/1 "/>
</bind>
</comp>

<comp id="564" class="1004" name="input_buffer_1130_read_read_fu_564">
<pin_list>
<pin id="565" dir="0" index="0" bw="16" slack="0"/>
<pin id="566" dir="0" index="1" bw="16" slack="0"/>
<pin id="567" dir="1" index="2" bw="16" slack="0"/>
</pin_list>
<bind>
<opcode="read(1150) " fcode="read"/>
<opset="input_buffer_1130_read/1 "/>
</bind>
</comp>

<comp id="570" class="1004" name="input_buffer_1129_read_read_fu_570">
<pin_list>
<pin id="571" dir="0" index="0" bw="16" slack="0"/>
<pin id="572" dir="0" index="1" bw="16" slack="0"/>
<pin id="573" dir="1" index="2" bw="16" slack="0"/>
</pin_list>
<bind>
<opcode="read(1150) " fcode="read"/>
<opset="input_buffer_1129_read/1 "/>
</bind>
</comp>

<comp id="576" class="1004" name="input_buffer_1128_read_read_fu_576">
<pin_list>
<pin id="577" dir="0" index="0" bw="16" slack="0"/>
<pin id="578" dir="0" index="1" bw="16" slack="0"/>
<pin id="579" dir="1" index="2" bw="16" slack="0"/>
</pin_list>
<bind>
<opcode="read(1150) " fcode="read"/>
<opset="input_buffer_1128_read/1 "/>
</bind>
</comp>

<comp id="582" class="1004" name="input_buffer_1127_read_read_fu_582">
<pin_list>
<pin id="583" dir="0" index="0" bw="16" slack="0"/>
<pin id="584" dir="0" index="1" bw="16" slack="0"/>
<pin id="585" dir="1" index="2" bw="16" slack="0"/>
</pin_list>
<bind>
<opcode="read(1150) " fcode="read"/>
<opset="input_buffer_1127_read/1 "/>
</bind>
</comp>

<comp id="588" class="1004" name="input_buffer_1126_read_read_fu_588">
<pin_list>
<pin id="589" dir="0" index="0" bw="16" slack="0"/>
<pin id="590" dir="0" index="1" bw="16" slack="0"/>
<pin id="591" dir="1" index="2" bw="16" slack="0"/>
</pin_list>
<bind>
<opcode="read(1150) " fcode="read"/>
<opset="input_buffer_1126_read/1 "/>
</bind>
</comp>

<comp id="594" class="1004" name="input_buffer_1125_read_read_fu_594">
<pin_list>
<pin id="595" dir="0" index="0" bw="16" slack="0"/>
<pin id="596" dir="0" index="1" bw="16" slack="0"/>
<pin id="597" dir="1" index="2" bw="16" slack="0"/>
</pin_list>
<bind>
<opcode="read(1150) " fcode="read"/>
<opset="input_buffer_1125_read/1 "/>
</bind>
</comp>

<comp id="600" class="1004" name="input_buffer_1124_read_read_fu_600">
<pin_list>
<pin id="601" dir="0" index="0" bw="16" slack="0"/>
<pin id="602" dir="0" index="1" bw="16" slack="0"/>
<pin id="603" dir="1" index="2" bw="16" slack="0"/>
</pin_list>
<bind>
<opcode="read(1150) " fcode="read"/>
<opset="input_buffer_1124_read/1 "/>
</bind>
</comp>

<comp id="606" class="1004" name="input_buffer_1123_read_read_fu_606">
<pin_list>
<pin id="607" dir="0" index="0" bw="16" slack="0"/>
<pin id="608" dir="0" index="1" bw="16" slack="0"/>
<pin id="609" dir="1" index="2" bw="16" slack="0"/>
</pin_list>
<bind>
<opcode="read(1150) " fcode="read"/>
<opset="input_buffer_1123_read/1 "/>
</bind>
</comp>

<comp id="612" class="1004" name="input_buffer_1122_read_read_fu_612">
<pin_list>
<pin id="613" dir="0" index="0" bw="16" slack="0"/>
<pin id="614" dir="0" index="1" bw="16" slack="0"/>
<pin id="615" dir="1" index="2" bw="16" slack="0"/>
</pin_list>
<bind>
<opcode="read(1150) " fcode="read"/>
<opset="input_buffer_1122_read/1 "/>
</bind>
</comp>

<comp id="618" class="1004" name="input_buffer_1121_read_read_fu_618">
<pin_list>
<pin id="619" dir="0" index="0" bw="16" slack="0"/>
<pin id="620" dir="0" index="1" bw="16" slack="0"/>
<pin id="621" dir="1" index="2" bw="16" slack="0"/>
</pin_list>
<bind>
<opcode="read(1150) " fcode="read"/>
<opset="input_buffer_1121_read/1 "/>
</bind>
</comp>

<comp id="624" class="1004" name="input_buffer_1120_read_read_fu_624">
<pin_list>
<pin id="625" dir="0" index="0" bw="16" slack="0"/>
<pin id="626" dir="0" index="1" bw="16" slack="0"/>
<pin id="627" dir="1" index="2" bw="16" slack="0"/>
</pin_list>
<bind>
<opcode="read(1150) " fcode="read"/>
<opset="input_buffer_1120_read/1 "/>
</bind>
</comp>

<comp id="630" class="1004" name="input_buffer_read_read_fu_630">
<pin_list>
<pin id="631" dir="0" index="0" bw="16" slack="0"/>
<pin id="632" dir="0" index="1" bw="16" slack="0"/>
<pin id="633" dir="1" index="2" bw="16" slack="0"/>
</pin_list>
<bind>
<opcode="read(1150) " fcode="read"/>
<opset="input_buffer_read/1 "/>
</bind>
</comp>

<comp id="636" class="1004" name="input_buffer_1156_read_read_fu_636">
<pin_list>
<pin id="637" dir="0" index="0" bw="16" slack="0"/>
<pin id="638" dir="0" index="1" bw="16" slack="0"/>
<pin id="639" dir="1" index="2" bw="16" slack="0"/>
</pin_list>
<bind>
<opcode="read(1150) " fcode="read"/>
<opset="input_buffer_1156_read/1 "/>
</bind>
</comp>

<comp id="642" class="1004" name="sequence_stream_read_read_fu_642">
<pin_list>
<pin id="643" dir="0" index="0" bw="16" slack="0"/>
<pin id="644" dir="0" index="1" bw="16" slack="0"/>
<pin id="645" dir="1" index="2" bw="16" slack="0"/>
</pin_list>
<bind>
<opcode="read(1150) " fcode="read"/>
<opset="sequence_stream_read/2 "/>
</bind>
</comp>

<comp id="648" class="1004" name="write_ln0_write_fu_648">
<pin_list>
<pin id="649" dir="0" index="0" bw="0" slack="0"/>
<pin id="650" dir="0" index="1" bw="16" slack="0"/>
<pin id="651" dir="0" index="2" bw="16" slack="0"/>
<pin id="652" dir="1" index="3" bw="0" slack="2147483647"/>
</pin_list>
<bind>
<opcode="write(1151) " fcode="write"/>
<opset="write_ln0/1 "/>
</bind>
</comp>

<comp id="655" class="1004" name="write_ln0_write_fu_655">
<pin_list>
<pin id="656" dir="0" index="0" bw="0" slack="0"/>
<pin id="657" dir="0" index="1" bw="16" slack="0"/>
<pin id="658" dir="0" index="2" bw="16" slack="0"/>
<pin id="659" dir="1" index="3" bw="0" slack="2147483647"/>
</pin_list>
<bind>
<opcode="write(1151) " fcode="write"/>
<opset="write_ln0/1 "/>
</bind>
</comp>

<comp id="662" class="1004" name="write_ln0_write_fu_662">
<pin_list>
<pin id="663" dir="0" index="0" bw="0" slack="0"/>
<pin id="664" dir="0" index="1" bw="16" slack="0"/>
<pin id="665" dir="0" index="2" bw="16" slack="0"/>
<pin id="666" dir="1" index="3" bw="0" slack="2147483647"/>
</pin_list>
<bind>
<opcode="write(1151) " fcode="write"/>
<opset="write_ln0/1 "/>
</bind>
</comp>

<comp id="669" class="1004" name="write_ln0_write_fu_669">
<pin_list>
<pin id="670" dir="0" index="0" bw="0" slack="0"/>
<pin id="671" dir="0" index="1" bw="16" slack="0"/>
<pin id="672" dir="0" index="2" bw="16" slack="0"/>
<pin id="673" dir="1" index="3" bw="0" slack="2147483647"/>
</pin_list>
<bind>
<opcode="write(1151) " fcode="write"/>
<opset="write_ln0/1 "/>
</bind>
</comp>

<comp id="676" class="1004" name="write_ln0_write_fu_676">
<pin_list>
<pin id="677" dir="0" index="0" bw="0" slack="0"/>
<pin id="678" dir="0" index="1" bw="16" slack="0"/>
<pin id="679" dir="0" index="2" bw="16" slack="0"/>
<pin id="680" dir="1" index="3" bw="0" slack="2147483647"/>
</pin_list>
<bind>
<opcode="write(1151) " fcode="write"/>
<opset="write_ln0/1 "/>
</bind>
</comp>

<comp id="683" class="1004" name="write_ln0_write_fu_683">
<pin_list>
<pin id="684" dir="0" index="0" bw="0" slack="0"/>
<pin id="685" dir="0" index="1" bw="16" slack="0"/>
<pin id="686" dir="0" index="2" bw="16" slack="0"/>
<pin id="687" dir="1" index="3" bw="0" slack="2147483647"/>
</pin_list>
<bind>
<opcode="write(1151) " fcode="write"/>
<opset="write_ln0/1 "/>
</bind>
</comp>

<comp id="690" class="1004" name="write_ln0_write_fu_690">
<pin_list>
<pin id="691" dir="0" index="0" bw="0" slack="0"/>
<pin id="692" dir="0" index="1" bw="16" slack="0"/>
<pin id="693" dir="0" index="2" bw="16" slack="0"/>
<pin id="694" dir="1" index="3" bw="0" slack="2147483647"/>
</pin_list>
<bind>
<opcode="write(1151) " fcode="write"/>
<opset="write_ln0/1 "/>
</bind>
</comp>

<comp id="697" class="1004" name="write_ln0_write_fu_697">
<pin_list>
<pin id="698" dir="0" index="0" bw="0" slack="0"/>
<pin id="699" dir="0" index="1" bw="16" slack="0"/>
<pin id="700" dir="0" index="2" bw="16" slack="0"/>
<pin id="701" dir="1" index="3" bw="0" slack="2147483647"/>
</pin_list>
<bind>
<opcode="write(1151) " fcode="write"/>
<opset="write_ln0/1 "/>
</bind>
</comp>

<comp id="704" class="1004" name="write_ln0_write_fu_704">
<pin_list>
<pin id="705" dir="0" index="0" bw="0" slack="0"/>
<pin id="706" dir="0" index="1" bw="16" slack="0"/>
<pin id="707" dir="0" index="2" bw="16" slack="0"/>
<pin id="708" dir="1" index="3" bw="0" slack="2147483647"/>
</pin_list>
<bind>
<opcode="write(1151) " fcode="write"/>
<opset="write_ln0/1 "/>
</bind>
</comp>

<comp id="711" class="1004" name="write_ln0_write_fu_711">
<pin_list>
<pin id="712" dir="0" index="0" bw="0" slack="0"/>
<pin id="713" dir="0" index="1" bw="16" slack="0"/>
<pin id="714" dir="0" index="2" bw="16" slack="0"/>
<pin id="715" dir="1" index="3" bw="0" slack="2147483647"/>
</pin_list>
<bind>
<opcode="write(1151) " fcode="write"/>
<opset="write_ln0/1 "/>
</bind>
</comp>

<comp id="718" class="1004" name="write_ln0_write_fu_718">
<pin_list>
<pin id="719" dir="0" index="0" bw="0" slack="0"/>
<pin id="720" dir="0" index="1" bw="16" slack="0"/>
<pin id="721" dir="0" index="2" bw="16" slack="0"/>
<pin id="722" dir="1" index="3" bw="0" slack="2147483647"/>
</pin_list>
<bind>
<opcode="write(1151) " fcode="write"/>
<opset="write_ln0/1 "/>
</bind>
</comp>

<comp id="725" class="1004" name="write_ln0_write_fu_725">
<pin_list>
<pin id="726" dir="0" index="0" bw="0" slack="0"/>
<pin id="727" dir="0" index="1" bw="16" slack="0"/>
<pin id="728" dir="0" index="2" bw="16" slack="0"/>
<pin id="729" dir="1" index="3" bw="0" slack="2147483647"/>
</pin_list>
<bind>
<opcode="write(1151) " fcode="write"/>
<opset="write_ln0/1 "/>
</bind>
</comp>

<comp id="732" class="1004" name="write_ln0_write_fu_732">
<pin_list>
<pin id="733" dir="0" index="0" bw="0" slack="0"/>
<pin id="734" dir="0" index="1" bw="16" slack="0"/>
<pin id="735" dir="0" index="2" bw="16" slack="0"/>
<pin id="736" dir="1" index="3" bw="0" slack="2147483647"/>
</pin_list>
<bind>
<opcode="write(1151) " fcode="write"/>
<opset="write_ln0/1 "/>
</bind>
</comp>

<comp id="739" class="1004" name="write_ln0_write_fu_739">
<pin_list>
<pin id="740" dir="0" index="0" bw="0" slack="0"/>
<pin id="741" dir="0" index="1" bw="16" slack="0"/>
<pin id="742" dir="0" index="2" bw="16" slack="0"/>
<pin id="743" dir="1" index="3" bw="0" slack="2147483647"/>
</pin_list>
<bind>
<opcode="write(1151) " fcode="write"/>
<opset="write_ln0/1 "/>
</bind>
</comp>

<comp id="746" class="1004" name="write_ln0_write_fu_746">
<pin_list>
<pin id="747" dir="0" index="0" bw="0" slack="0"/>
<pin id="748" dir="0" index="1" bw="16" slack="0"/>
<pin id="749" dir="0" index="2" bw="16" slack="0"/>
<pin id="750" dir="1" index="3" bw="0" slack="2147483647"/>
</pin_list>
<bind>
<opcode="write(1151) " fcode="write"/>
<opset="write_ln0/1 "/>
</bind>
</comp>

<comp id="753" class="1004" name="write_ln0_write_fu_753">
<pin_list>
<pin id="754" dir="0" index="0" bw="0" slack="0"/>
<pin id="755" dir="0" index="1" bw="16" slack="0"/>
<pin id="756" dir="0" index="2" bw="16" slack="0"/>
<pin id="757" dir="1" index="3" bw="0" slack="2147483647"/>
</pin_list>
<bind>
<opcode="write(1151) " fcode="write"/>
<opset="write_ln0/1 "/>
</bind>
</comp>

<comp id="760" class="1004" name="write_ln0_write_fu_760">
<pin_list>
<pin id="761" dir="0" index="0" bw="0" slack="0"/>
<pin id="762" dir="0" index="1" bw="16" slack="0"/>
<pin id="763" dir="0" index="2" bw="16" slack="0"/>
<pin id="764" dir="1" index="3" bw="0" slack="2147483647"/>
</pin_list>
<bind>
<opcode="write(1151) " fcode="write"/>
<opset="write_ln0/1 "/>
</bind>
</comp>

<comp id="767" class="1004" name="write_ln0_write_fu_767">
<pin_list>
<pin id="768" dir="0" index="0" bw="0" slack="0"/>
<pin id="769" dir="0" index="1" bw="16" slack="0"/>
<pin id="770" dir="0" index="2" bw="16" slack="0"/>
<pin id="771" dir="1" index="3" bw="0" slack="2147483647"/>
</pin_list>
<bind>
<opcode="write(1151) " fcode="write"/>
<opset="write_ln0/1 "/>
</bind>
</comp>

<comp id="774" class="1004" name="write_ln0_write_fu_774">
<pin_list>
<pin id="775" dir="0" index="0" bw="0" slack="0"/>
<pin id="776" dir="0" index="1" bw="16" slack="0"/>
<pin id="777" dir="0" index="2" bw="16" slack="0"/>
<pin id="778" dir="1" index="3" bw="0" slack="2147483647"/>
</pin_list>
<bind>
<opcode="write(1151) " fcode="write"/>
<opset="write_ln0/1 "/>
</bind>
</comp>

<comp id="781" class="1004" name="write_ln0_write_fu_781">
<pin_list>
<pin id="782" dir="0" index="0" bw="0" slack="0"/>
<pin id="783" dir="0" index="1" bw="16" slack="0"/>
<pin id="784" dir="0" index="2" bw="16" slack="0"/>
<pin id="785" dir="1" index="3" bw="0" slack="2147483647"/>
</pin_list>
<bind>
<opcode="write(1151) " fcode="write"/>
<opset="write_ln0/1 "/>
</bind>
</comp>

<comp id="788" class="1004" name="write_ln0_write_fu_788">
<pin_list>
<pin id="789" dir="0" index="0" bw="0" slack="0"/>
<pin id="790" dir="0" index="1" bw="16" slack="0"/>
<pin id="791" dir="0" index="2" bw="16" slack="0"/>
<pin id="792" dir="1" index="3" bw="0" slack="2147483647"/>
</pin_list>
<bind>
<opcode="write(1151) " fcode="write"/>
<opset="write_ln0/1 "/>
</bind>
</comp>

<comp id="795" class="1004" name="write_ln0_write_fu_795">
<pin_list>
<pin id="796" dir="0" index="0" bw="0" slack="0"/>
<pin id="797" dir="0" index="1" bw="16" slack="0"/>
<pin id="798" dir="0" index="2" bw="16" slack="0"/>
<pin id="799" dir="1" index="3" bw="0" slack="2147483647"/>
</pin_list>
<bind>
<opcode="write(1151) " fcode="write"/>
<opset="write_ln0/1 "/>
</bind>
</comp>

<comp id="802" class="1004" name="write_ln0_write_fu_802">
<pin_list>
<pin id="803" dir="0" index="0" bw="0" slack="0"/>
<pin id="804" dir="0" index="1" bw="16" slack="0"/>
<pin id="805" dir="0" index="2" bw="16" slack="0"/>
<pin id="806" dir="1" index="3" bw="0" slack="2147483647"/>
</pin_list>
<bind>
<opcode="write(1151) " fcode="write"/>
<opset="write_ln0/1 "/>
</bind>
</comp>

<comp id="809" class="1004" name="write_ln0_write_fu_809">
<pin_list>
<pin id="810" dir="0" index="0" bw="0" slack="0"/>
<pin id="811" dir="0" index="1" bw="16" slack="0"/>
<pin id="812" dir="0" index="2" bw="16" slack="0"/>
<pin id="813" dir="1" index="3" bw="0" slack="2147483647"/>
</pin_list>
<bind>
<opcode="write(1151) " fcode="write"/>
<opset="write_ln0/1 "/>
</bind>
</comp>

<comp id="816" class="1004" name="write_ln0_write_fu_816">
<pin_list>
<pin id="817" dir="0" index="0" bw="0" slack="0"/>
<pin id="818" dir="0" index="1" bw="16" slack="0"/>
<pin id="819" dir="0" index="2" bw="16" slack="0"/>
<pin id="820" dir="1" index="3" bw="0" slack="2147483647"/>
</pin_list>
<bind>
<opcode="write(1151) " fcode="write"/>
<opset="write_ln0/1 "/>
</bind>
</comp>

<comp id="823" class="1004" name="write_ln0_write_fu_823">
<pin_list>
<pin id="824" dir="0" index="0" bw="0" slack="0"/>
<pin id="825" dir="0" index="1" bw="16" slack="0"/>
<pin id="826" dir="0" index="2" bw="16" slack="0"/>
<pin id="827" dir="1" index="3" bw="0" slack="2147483647"/>
</pin_list>
<bind>
<opcode="write(1151) " fcode="write"/>
<opset="write_ln0/1 "/>
</bind>
</comp>

<comp id="830" class="1004" name="write_ln0_write_fu_830">
<pin_list>
<pin id="831" dir="0" index="0" bw="0" slack="0"/>
<pin id="832" dir="0" index="1" bw="16" slack="0"/>
<pin id="833" dir="0" index="2" bw="16" slack="0"/>
<pin id="834" dir="1" index="3" bw="0" slack="2147483647"/>
</pin_list>
<bind>
<opcode="write(1151) " fcode="write"/>
<opset="write_ln0/1 "/>
</bind>
</comp>

<comp id="837" class="1004" name="write_ln0_write_fu_837">
<pin_list>
<pin id="838" dir="0" index="0" bw="0" slack="0"/>
<pin id="839" dir="0" index="1" bw="16" slack="0"/>
<pin id="840" dir="0" index="2" bw="16" slack="0"/>
<pin id="841" dir="1" index="3" bw="0" slack="2147483647"/>
</pin_list>
<bind>
<opcode="write(1151) " fcode="write"/>
<opset="write_ln0/1 "/>
</bind>
</comp>

<comp id="844" class="1004" name="write_ln0_write_fu_844">
<pin_list>
<pin id="845" dir="0" index="0" bw="0" slack="0"/>
<pin id="846" dir="0" index="1" bw="16" slack="0"/>
<pin id="847" dir="0" index="2" bw="16" slack="0"/>
<pin id="848" dir="1" index="3" bw="0" slack="2147483647"/>
</pin_list>
<bind>
<opcode="write(1151) " fcode="write"/>
<opset="write_ln0/1 "/>
</bind>
</comp>

<comp id="851" class="1004" name="write_ln0_write_fu_851">
<pin_list>
<pin id="852" dir="0" index="0" bw="0" slack="0"/>
<pin id="853" dir="0" index="1" bw="16" slack="0"/>
<pin id="854" dir="0" index="2" bw="16" slack="0"/>
<pin id="855" dir="1" index="3" bw="0" slack="2147483647"/>
</pin_list>
<bind>
<opcode="write(1151) " fcode="write"/>
<opset="write_ln0/1 "/>
</bind>
</comp>

<comp id="858" class="1004" name="write_ln0_write_fu_858">
<pin_list>
<pin id="859" dir="0" index="0" bw="0" slack="0"/>
<pin id="860" dir="0" index="1" bw="16" slack="0"/>
<pin id="861" dir="0" index="2" bw="16" slack="0"/>
<pin id="862" dir="1" index="3" bw="0" slack="2147483647"/>
</pin_list>
<bind>
<opcode="write(1151) " fcode="write"/>
<opset="write_ln0/1 "/>
</bind>
</comp>

<comp id="865" class="1004" name="write_ln0_write_fu_865">
<pin_list>
<pin id="866" dir="0" index="0" bw="0" slack="0"/>
<pin id="867" dir="0" index="1" bw="16" slack="0"/>
<pin id="868" dir="0" index="2" bw="16" slack="0"/>
<pin id="869" dir="1" index="3" bw="0" slack="2147483647"/>
</pin_list>
<bind>
<opcode="write(1151) " fcode="write"/>
<opset="write_ln0/1 "/>
</bind>
</comp>

<comp id="872" class="1004" name="write_ln0_write_fu_872">
<pin_list>
<pin id="873" dir="0" index="0" bw="0" slack="0"/>
<pin id="874" dir="0" index="1" bw="16" slack="0"/>
<pin id="875" dir="0" index="2" bw="16" slack="0"/>
<pin id="876" dir="1" index="3" bw="0" slack="2147483647"/>
</pin_list>
<bind>
<opcode="write(1151) " fcode="write"/>
<opset="write_ln0/1 "/>
</bind>
</comp>

<comp id="879" class="1004" name="write_ln0_write_fu_879">
<pin_list>
<pin id="880" dir="0" index="0" bw="0" slack="0"/>
<pin id="881" dir="0" index="1" bw="16" slack="0"/>
<pin id="882" dir="0" index="2" bw="16" slack="0"/>
<pin id="883" dir="1" index="3" bw="0" slack="2147483647"/>
</pin_list>
<bind>
<opcode="write(1151) " fcode="write"/>
<opset="write_ln0/1 "/>
</bind>
</comp>

<comp id="886" class="1004" name="write_ln0_write_fu_886">
<pin_list>
<pin id="887" dir="0" index="0" bw="0" slack="0"/>
<pin id="888" dir="0" index="1" bw="16" slack="0"/>
<pin id="889" dir="0" index="2" bw="16" slack="0"/>
<pin id="890" dir="1" index="3" bw="0" slack="2147483647"/>
</pin_list>
<bind>
<opcode="write(1151) " fcode="write"/>
<opset="write_ln0/1 "/>
</bind>
</comp>

<comp id="893" class="1004" name="write_ln0_write_fu_893">
<pin_list>
<pin id="894" dir="0" index="0" bw="0" slack="0"/>
<pin id="895" dir="0" index="1" bw="16" slack="0"/>
<pin id="896" dir="0" index="2" bw="16" slack="0"/>
<pin id="897" dir="1" index="3" bw="0" slack="2147483647"/>
</pin_list>
<bind>
<opcode="write(1151) " fcode="write"/>
<opset="write_ln0/1 "/>
</bind>
</comp>

<comp id="900" class="1004" name="write_ln0_write_fu_900">
<pin_list>
<pin id="901" dir="0" index="0" bw="0" slack="0"/>
<pin id="902" dir="0" index="1" bw="16" slack="0"/>
<pin id="903" dir="0" index="2" bw="16" slack="0"/>
<pin id="904" dir="1" index="3" bw="0" slack="2147483647"/>
</pin_list>
<bind>
<opcode="write(1151) " fcode="write"/>
<opset="write_ln0/1 "/>
</bind>
</comp>

<comp id="907" class="1004" name="write_ln0_write_fu_907">
<pin_list>
<pin id="908" dir="0" index="0" bw="0" slack="0"/>
<pin id="909" dir="0" index="1" bw="16" slack="0"/>
<pin id="910" dir="0" index="2" bw="16" slack="0"/>
<pin id="911" dir="1" index="3" bw="0" slack="2147483647"/>
</pin_list>
<bind>
<opcode="write(1151) " fcode="write"/>
<opset="write_ln0/1 "/>
</bind>
</comp>

<comp id="914" class="1004" name="store_ln0_store_fu_914">
<pin_list>
<pin id="915" dir="0" index="0" bw="16" slack="0"/>
<pin id="916" dir="0" index="1" bw="16" slack="0"/>
<pin id="917" dir="1" index="2" bw="0" slack="2147483647"/>
</pin_list>
<bind>
<opcode="store(28) " fcode="store"/>
<opset="store_ln0/1 "/>
</bind>
</comp>

<comp id="919" class="1004" name="store_ln0_store_fu_919">
<pin_list>
<pin id="920" dir="0" index="0" bw="16" slack="0"/>
<pin id="921" dir="0" index="1" bw="16" slack="0"/>
<pin id="922" dir="1" index="2" bw="0" slack="2147483647"/>
</pin_list>
<bind>
<opcode="store(28) " fcode="store"/>
<opset="store_ln0/1 "/>
</bind>
</comp>

<comp id="924" class="1004" name="store_ln0_store_fu_924">
<pin_list>
<pin id="925" dir="0" index="0" bw="16" slack="0"/>
<pin id="926" dir="0" index="1" bw="16" slack="0"/>
<pin id="927" dir="1" index="2" bw="0" slack="2147483647"/>
</pin_list>
<bind>
<opcode="store(28) " fcode="store"/>
<opset="store_ln0/1 "/>
</bind>
</comp>

<comp id="929" class="1004" name="store_ln0_store_fu_929">
<pin_list>
<pin id="930" dir="0" index="0" bw="16" slack="0"/>
<pin id="931" dir="0" index="1" bw="16" slack="0"/>
<pin id="932" dir="1" index="2" bw="0" slack="2147483647"/>
</pin_list>
<bind>
<opcode="store(28) " fcode="store"/>
<opset="store_ln0/1 "/>
</bind>
</comp>

<comp id="934" class="1004" name="store_ln0_store_fu_934">
<pin_list>
<pin id="935" dir="0" index="0" bw="16" slack="0"/>
<pin id="936" dir="0" index="1" bw="16" slack="0"/>
<pin id="937" dir="1" index="2" bw="0" slack="2147483647"/>
</pin_list>
<bind>
<opcode="store(28) " fcode="store"/>
<opset="store_ln0/1 "/>
</bind>
</comp>

<comp id="939" class="1004" name="store_ln0_store_fu_939">
<pin_list>
<pin id="940" dir="0" index="0" bw="16" slack="0"/>
<pin id="941" dir="0" index="1" bw="16" slack="0"/>
<pin id="942" dir="1" index="2" bw="0" slack="2147483647"/>
</pin_list>
<bind>
<opcode="store(28) " fcode="store"/>
<opset="store_ln0/1 "/>
</bind>
</comp>

<comp id="944" class="1004" name="store_ln0_store_fu_944">
<pin_list>
<pin id="945" dir="0" index="0" bw="16" slack="0"/>
<pin id="946" dir="0" index="1" bw="16" slack="0"/>
<pin id="947" dir="1" index="2" bw="0" slack="2147483647"/>
</pin_list>
<bind>
<opcode="store(28) " fcode="store"/>
<opset="store_ln0/1 "/>
</bind>
</comp>

<comp id="949" class="1004" name="store_ln0_store_fu_949">
<pin_list>
<pin id="950" dir="0" index="0" bw="16" slack="0"/>
<pin id="951" dir="0" index="1" bw="16" slack="0"/>
<pin id="952" dir="1" index="2" bw="0" slack="2147483647"/>
</pin_list>
<bind>
<opcode="store(28) " fcode="store"/>
<opset="store_ln0/1 "/>
</bind>
</comp>

<comp id="954" class="1004" name="store_ln0_store_fu_954">
<pin_list>
<pin id="955" dir="0" index="0" bw="16" slack="0"/>
<pin id="956" dir="0" index="1" bw="16" slack="0"/>
<pin id="957" dir="1" index="2" bw="0" slack="2147483647"/>
</pin_list>
<bind>
<opcode="store(28) " fcode="store"/>
<opset="store_ln0/1 "/>
</bind>
</comp>

<comp id="959" class="1004" name="store_ln0_store_fu_959">
<pin_list>
<pin id="960" dir="0" index="0" bw="16" slack="0"/>
<pin id="961" dir="0" index="1" bw="16" slack="0"/>
<pin id="962" dir="1" index="2" bw="0" slack="2147483647"/>
</pin_list>
<bind>
<opcode="store(28) " fcode="store"/>
<opset="store_ln0/1 "/>
</bind>
</comp>

<comp id="964" class="1004" name="store_ln0_store_fu_964">
<pin_list>
<pin id="965" dir="0" index="0" bw="16" slack="0"/>
<pin id="966" dir="0" index="1" bw="16" slack="0"/>
<pin id="967" dir="1" index="2" bw="0" slack="2147483647"/>
</pin_list>
<bind>
<opcode="store(28) " fcode="store"/>
<opset="store_ln0/1 "/>
</bind>
</comp>

<comp id="969" class="1004" name="store_ln0_store_fu_969">
<pin_list>
<pin id="970" dir="0" index="0" bw="16" slack="0"/>
<pin id="971" dir="0" index="1" bw="16" slack="0"/>
<pin id="972" dir="1" index="2" bw="0" slack="2147483647"/>
</pin_list>
<bind>
<opcode="store(28) " fcode="store"/>
<opset="store_ln0/1 "/>
</bind>
</comp>

<comp id="974" class="1004" name="store_ln0_store_fu_974">
<pin_list>
<pin id="975" dir="0" index="0" bw="16" slack="0"/>
<pin id="976" dir="0" index="1" bw="16" slack="0"/>
<pin id="977" dir="1" index="2" bw="0" slack="2147483647"/>
</pin_list>
<bind>
<opcode="store(28) " fcode="store"/>
<opset="store_ln0/1 "/>
</bind>
</comp>

<comp id="979" class="1004" name="store_ln0_store_fu_979">
<pin_list>
<pin id="980" dir="0" index="0" bw="16" slack="0"/>
<pin id="981" dir="0" index="1" bw="16" slack="0"/>
<pin id="982" dir="1" index="2" bw="0" slack="2147483647"/>
</pin_list>
<bind>
<opcode="store(28) " fcode="store"/>
<opset="store_ln0/1 "/>
</bind>
</comp>

<comp id="984" class="1004" name="store_ln0_store_fu_984">
<pin_list>
<pin id="985" dir="0" index="0" bw="16" slack="0"/>
<pin id="986" dir="0" index="1" bw="16" slack="0"/>
<pin id="987" dir="1" index="2" bw="0" slack="2147483647"/>
</pin_list>
<bind>
<opcode="store(28) " fcode="store"/>
<opset="store_ln0/1 "/>
</bind>
</comp>

<comp id="989" class="1004" name="store_ln0_store_fu_989">
<pin_list>
<pin id="990" dir="0" index="0" bw="16" slack="0"/>
<pin id="991" dir="0" index="1" bw="16" slack="0"/>
<pin id="992" dir="1" index="2" bw="0" slack="2147483647"/>
</pin_list>
<bind>
<opcode="store(28) " fcode="store"/>
<opset="store_ln0/1 "/>
</bind>
</comp>

<comp id="994" class="1004" name="store_ln0_store_fu_994">
<pin_list>
<pin id="995" dir="0" index="0" bw="16" slack="0"/>
<pin id="996" dir="0" index="1" bw="16" slack="0"/>
<pin id="997" dir="1" index="2" bw="0" slack="2147483647"/>
</pin_list>
<bind>
<opcode="store(28) " fcode="store"/>
<opset="store_ln0/1 "/>
</bind>
</comp>

<comp id="999" class="1004" name="store_ln0_store_fu_999">
<pin_list>
<pin id="1000" dir="0" index="0" bw="16" slack="0"/>
<pin id="1001" dir="0" index="1" bw="16" slack="0"/>
<pin id="1002" dir="1" index="2" bw="0" slack="2147483647"/>
</pin_list>
<bind>
<opcode="store(28) " fcode="store"/>
<opset="store_ln0/1 "/>
</bind>
</comp>

<comp id="1004" class="1004" name="store_ln0_store_fu_1004">
<pin_list>
<pin id="1005" dir="0" index="0" bw="16" slack="0"/>
<pin id="1006" dir="0" index="1" bw="16" slack="0"/>
<pin id="1007" dir="1" index="2" bw="0" slack="2147483647"/>
</pin_list>
<bind>
<opcode="store(28) " fcode="store"/>
<opset="store_ln0/1 "/>
</bind>
</comp>

<comp id="1009" class="1004" name="store_ln0_store_fu_1009">
<pin_list>
<pin id="1010" dir="0" index="0" bw="16" slack="0"/>
<pin id="1011" dir="0" index="1" bw="16" slack="0"/>
<pin id="1012" dir="1" index="2" bw="0" slack="2147483647"/>
</pin_list>
<bind>
<opcode="store(28) " fcode="store"/>
<opset="store_ln0/1 "/>
</bind>
</comp>

<comp id="1014" class="1004" name="store_ln0_store_fu_1014">
<pin_list>
<pin id="1015" dir="0" index="0" bw="16" slack="0"/>
<pin id="1016" dir="0" index="1" bw="16" slack="0"/>
<pin id="1017" dir="1" index="2" bw="0" slack="2147483647"/>
</pin_list>
<bind>
<opcode="store(28) " fcode="store"/>
<opset="store_ln0/1 "/>
</bind>
</comp>

<comp id="1019" class="1004" name="store_ln0_store_fu_1019">
<pin_list>
<pin id="1020" dir="0" index="0" bw="16" slack="0"/>
<pin id="1021" dir="0" index="1" bw="16" slack="0"/>
<pin id="1022" dir="1" index="2" bw="0" slack="2147483647"/>
</pin_list>
<bind>
<opcode="store(28) " fcode="store"/>
<opset="store_ln0/1 "/>
</bind>
</comp>

<comp id="1024" class="1004" name="store_ln0_store_fu_1024">
<pin_list>
<pin id="1025" dir="0" index="0" bw="16" slack="0"/>
<pin id="1026" dir="0" index="1" bw="16" slack="0"/>
<pin id="1027" dir="1" index="2" bw="0" slack="2147483647"/>
</pin_list>
<bind>
<opcode="store(28) " fcode="store"/>
<opset="store_ln0/1 "/>
</bind>
</comp>

<comp id="1029" class="1004" name="store_ln0_store_fu_1029">
<pin_list>
<pin id="1030" dir="0" index="0" bw="16" slack="0"/>
<pin id="1031" dir="0" index="1" bw="16" slack="0"/>
<pin id="1032" dir="1" index="2" bw="0" slack="2147483647"/>
</pin_list>
<bind>
<opcode="store(28) " fcode="store"/>
<opset="store_ln0/1 "/>
</bind>
</comp>

<comp id="1034" class="1004" name="store_ln0_store_fu_1034">
<pin_list>
<pin id="1035" dir="0" index="0" bw="16" slack="0"/>
<pin id="1036" dir="0" index="1" bw="16" slack="0"/>
<pin id="1037" dir="1" index="2" bw="0" slack="2147483647"/>
</pin_list>
<bind>
<opcode="store(28) " fcode="store"/>
<opset="store_ln0/1 "/>
</bind>
</comp>

<comp id="1039" class="1004" name="store_ln0_store_fu_1039">
<pin_list>
<pin id="1040" dir="0" index="0" bw="16" slack="0"/>
<pin id="1041" dir="0" index="1" bw="16" slack="0"/>
<pin id="1042" dir="1" index="2" bw="0" slack="2147483647"/>
</pin_list>
<bind>
<opcode="store(28) " fcode="store"/>
<opset="store_ln0/1 "/>
</bind>
</comp>

<comp id="1044" class="1004" name="store_ln0_store_fu_1044">
<pin_list>
<pin id="1045" dir="0" index="0" bw="16" slack="0"/>
<pin id="1046" dir="0" index="1" bw="16" slack="0"/>
<pin id="1047" dir="1" index="2" bw="0" slack="2147483647"/>
</pin_list>
<bind>
<opcode="store(28) " fcode="store"/>
<opset="store_ln0/1 "/>
</bind>
</comp>

<comp id="1049" class="1004" name="store_ln0_store_fu_1049">
<pin_list>
<pin id="1050" dir="0" index="0" bw="16" slack="0"/>
<pin id="1051" dir="0" index="1" bw="16" slack="0"/>
<pin id="1052" dir="1" index="2" bw="0" slack="2147483647"/>
</pin_list>
<bind>
<opcode="store(28) " fcode="store"/>
<opset="store_ln0/1 "/>
</bind>
</comp>

<comp id="1054" class="1004" name="store_ln0_store_fu_1054">
<pin_list>
<pin id="1055" dir="0" index="0" bw="16" slack="0"/>
<pin id="1056" dir="0" index="1" bw="16" slack="0"/>
<pin id="1057" dir="1" index="2" bw="0" slack="2147483647"/>
</pin_list>
<bind>
<opcode="store(28) " fcode="store"/>
<opset="store_ln0/1 "/>
</bind>
</comp>

<comp id="1059" class="1004" name="store_ln0_store_fu_1059">
<pin_list>
<pin id="1060" dir="0" index="0" bw="16" slack="0"/>
<pin id="1061" dir="0" index="1" bw="16" slack="0"/>
<pin id="1062" dir="1" index="2" bw="0" slack="2147483647"/>
</pin_list>
<bind>
<opcode="store(28) " fcode="store"/>
<opset="store_ln0/1 "/>
</bind>
</comp>

<comp id="1064" class="1004" name="store_ln0_store_fu_1064">
<pin_list>
<pin id="1065" dir="0" index="0" bw="16" slack="0"/>
<pin id="1066" dir="0" index="1" bw="16" slack="0"/>
<pin id="1067" dir="1" index="2" bw="0" slack="2147483647"/>
</pin_list>
<bind>
<opcode="store(28) " fcode="store"/>
<opset="store_ln0/1 "/>
</bind>
</comp>

<comp id="1069" class="1004" name="store_ln0_store_fu_1069">
<pin_list>
<pin id="1070" dir="0" index="0" bw="16" slack="0"/>
<pin id="1071" dir="0" index="1" bw="16" slack="0"/>
<pin id="1072" dir="1" index="2" bw="0" slack="2147483647"/>
</pin_list>
<bind>
<opcode="store(28) " fcode="store"/>
<opset="store_ln0/1 "/>
</bind>
</comp>

<comp id="1074" class="1004" name="store_ln0_store_fu_1074">
<pin_list>
<pin id="1075" dir="0" index="0" bw="16" slack="0"/>
<pin id="1076" dir="0" index="1" bw="16" slack="0"/>
<pin id="1077" dir="1" index="2" bw="0" slack="2147483647"/>
</pin_list>
<bind>
<opcode="store(28) " fcode="store"/>
<opset="store_ln0/1 "/>
</bind>
</comp>

<comp id="1079" class="1004" name="store_ln0_store_fu_1079">
<pin_list>
<pin id="1080" dir="0" index="0" bw="16" slack="0"/>
<pin id="1081" dir="0" index="1" bw="16" slack="0"/>
<pin id="1082" dir="1" index="2" bw="0" slack="2147483647"/>
</pin_list>
<bind>
<opcode="store(28) " fcode="store"/>
<opset="store_ln0/1 "/>
</bind>
</comp>

<comp id="1084" class="1004" name="store_ln0_store_fu_1084">
<pin_list>
<pin id="1085" dir="0" index="0" bw="16" slack="0"/>
<pin id="1086" dir="0" index="1" bw="16" slack="0"/>
<pin id="1087" dir="1" index="2" bw="0" slack="2147483647"/>
</pin_list>
<bind>
<opcode="store(28) " fcode="store"/>
<opset="store_ln0/1 "/>
</bind>
</comp>

<comp id="1089" class="1004" name="store_ln0_store_fu_1089">
<pin_list>
<pin id="1090" dir="0" index="0" bw="16" slack="0"/>
<pin id="1091" dir="0" index="1" bw="16" slack="0"/>
<pin id="1092" dir="1" index="2" bw="0" slack="2147483647"/>
</pin_list>
<bind>
<opcode="store(28) " fcode="store"/>
<opset="store_ln0/1 "/>
</bind>
</comp>

<comp id="1094" class="1004" name="store_ln0_store_fu_1094">
<pin_list>
<pin id="1095" dir="0" index="0" bw="16" slack="0"/>
<pin id="1096" dir="0" index="1" bw="16" slack="0"/>
<pin id="1097" dir="1" index="2" bw="0" slack="2147483647"/>
</pin_list>
<bind>
<opcode="store(28) " fcode="store"/>
<opset="store_ln0/1 "/>
</bind>
</comp>

<comp id="1099" class="1004" name="store_ln0_store_fu_1099">
<pin_list>
<pin id="1100" dir="0" index="0" bw="16" slack="0"/>
<pin id="1101" dir="0" index="1" bw="16" slack="0"/>
<pin id="1102" dir="1" index="2" bw="0" slack="2147483647"/>
</pin_list>
<bind>
<opcode="store(28) " fcode="store"/>
<opset="store_ln0/1 "/>
</bind>
</comp>

<comp id="1104" class="1004" name="store_ln1765_store_fu_1104">
<pin_list>
<pin id="1105" dir="0" index="0" bw="1" slack="0"/>
<pin id="1106" dir="0" index="1" bw="6" slack="0"/>
<pin id="1107" dir="1" index="2" bw="0" slack="2147483647"/>
</pin_list>
<bind>
<opcode="store(28) " fcode="store"/>
<opset="store_ln1765/1 "/>
</bind>
</comp>

<comp id="1109" class="1004" name="index_11_load_fu_1109">
<pin_list>
<pin id="1110" dir="0" index="0" bw="6" slack="0"/>
<pin id="1111" dir="1" index="1" bw="6" slack="0"/>
</pin_list>
<bind>
<opcode="load(27) " fcode="load"/>
<opset="index_11/1 "/>
</bind>
</comp>

<comp id="1112" class="1004" name="icmp_ln1765_fu_1112">
<pin_list>
<pin id="1113" dir="0" index="0" bw="6" slack="0"/>
<pin id="1114" dir="0" index="1" bw="6" slack="0"/>
<pin id="1115" dir="1" index="2" bw="1" slack="2147483647"/>
</pin_list>
<bind>
<opcode="icmp(45) " fcode="icmp"/>
<opset="icmp_ln1765/1 "/>
</bind>
</comp>

<comp id="1118" class="1004" name="add_ln1765_fu_1118">
<pin_list>
<pin id="1119" dir="0" index="0" bw="6" slack="0"/>
<pin id="1120" dir="0" index="1" bw="1" slack="0"/>
<pin id="1121" dir="1" index="2" bw="6" slack="0"/>
</pin_list>
<bind>
<opcode="add(8) " fcode="add"/>
<opset="add_ln1765/1 "/>
</bind>
</comp>

<comp id="1124" class="1004" name="store_ln1765_store_fu_1124">
<pin_list>
<pin id="1125" dir="0" index="0" bw="6" slack="0"/>
<pin id="1126" dir="0" index="1" bw="6" slack="0"/>
<pin id="1127" dir="1" index="2" bw="0" slack="2147483647"/>
</pin_list>
<bind>
<opcode="store(28) " fcode="store"/>
<opset="store_ln1765/1 "/>
</bind>
</comp>

<comp id="1129" class="1004" name="store_ln1767_store_fu_1129">
<pin_list>
<pin id="1130" dir="0" index="0" bw="16" slack="0"/>
<pin id="1131" dir="0" index="1" bw="16" slack="1"/>
<pin id="1132" dir="1" index="2" bw="0" slack="2147483647"/>
</pin_list>
<bind>
<opcode="store(28) " fcode="store"/>
<opset="store_ln1767/2 "/>
</bind>
</comp>

<comp id="1134" class="1004" name="store_ln1767_store_fu_1134">
<pin_list>
<pin id="1135" dir="0" index="0" bw="16" slack="0"/>
<pin id="1136" dir="0" index="1" bw="16" slack="1"/>
<pin id="1137" dir="1" index="2" bw="0" slack="2147483647"/>
</pin_list>
<bind>
<opcode="store(28) " fcode="store"/>
<opset="store_ln1767/2 "/>
</bind>
</comp>

<comp id="1139" class="1004" name="store_ln1767_store_fu_1139">
<pin_list>
<pin id="1140" dir="0" index="0" bw="16" slack="0"/>
<pin id="1141" dir="0" index="1" bw="16" slack="1"/>
<pin id="1142" dir="1" index="2" bw="0" slack="2147483647"/>
</pin_list>
<bind>
<opcode="store(28) " fcode="store"/>
<opset="store_ln1767/2 "/>
</bind>
</comp>

<comp id="1144" class="1004" name="store_ln1767_store_fu_1144">
<pin_list>
<pin id="1145" dir="0" index="0" bw="16" slack="0"/>
<pin id="1146" dir="0" index="1" bw="16" slack="1"/>
<pin id="1147" dir="1" index="2" bw="0" slack="2147483647"/>
</pin_list>
<bind>
<opcode="store(28) " fcode="store"/>
<opset="store_ln1767/2 "/>
</bind>
</comp>

<comp id="1149" class="1004" name="store_ln1767_store_fu_1149">
<pin_list>
<pin id="1150" dir="0" index="0" bw="16" slack="0"/>
<pin id="1151" dir="0" index="1" bw="16" slack="1"/>
<pin id="1152" dir="1" index="2" bw="0" slack="2147483647"/>
</pin_list>
<bind>
<opcode="store(28) " fcode="store"/>
<opset="store_ln1767/2 "/>
</bind>
</comp>

<comp id="1154" class="1004" name="store_ln1767_store_fu_1154">
<pin_list>
<pin id="1155" dir="0" index="0" bw="16" slack="0"/>
<pin id="1156" dir="0" index="1" bw="16" slack="1"/>
<pin id="1157" dir="1" index="2" bw="0" slack="2147483647"/>
</pin_list>
<bind>
<opcode="store(28) " fcode="store"/>
<opset="store_ln1767/2 "/>
</bind>
</comp>

<comp id="1159" class="1004" name="store_ln1767_store_fu_1159">
<pin_list>
<pin id="1160" dir="0" index="0" bw="16" slack="0"/>
<pin id="1161" dir="0" index="1" bw="16" slack="1"/>
<pin id="1162" dir="1" index="2" bw="0" slack="2147483647"/>
</pin_list>
<bind>
<opcode="store(28) " fcode="store"/>
<opset="store_ln1767/2 "/>
</bind>
</comp>

<comp id="1164" class="1004" name="store_ln1767_store_fu_1164">
<pin_list>
<pin id="1165" dir="0" index="0" bw="16" slack="0"/>
<pin id="1166" dir="0" index="1" bw="16" slack="1"/>
<pin id="1167" dir="1" index="2" bw="0" slack="2147483647"/>
</pin_list>
<bind>
<opcode="store(28) " fcode="store"/>
<opset="store_ln1767/2 "/>
</bind>
</comp>

<comp id="1169" class="1004" name="store_ln1767_store_fu_1169">
<pin_list>
<pin id="1170" dir="0" index="0" bw="16" slack="0"/>
<pin id="1171" dir="0" index="1" bw="16" slack="1"/>
<pin id="1172" dir="1" index="2" bw="0" slack="2147483647"/>
</pin_list>
<bind>
<opcode="store(28) " fcode="store"/>
<opset="store_ln1767/2 "/>
</bind>
</comp>

<comp id="1174" class="1004" name="store_ln1767_store_fu_1174">
<pin_list>
<pin id="1175" dir="0" index="0" bw="16" slack="0"/>
<pin id="1176" dir="0" index="1" bw="16" slack="1"/>
<pin id="1177" dir="1" index="2" bw="0" slack="2147483647"/>
</pin_list>
<bind>
<opcode="store(28) " fcode="store"/>
<opset="store_ln1767/2 "/>
</bind>
</comp>

<comp id="1179" class="1004" name="store_ln1767_store_fu_1179">
<pin_list>
<pin id="1180" dir="0" index="0" bw="16" slack="0"/>
<pin id="1181" dir="0" index="1" bw="16" slack="1"/>
<pin id="1182" dir="1" index="2" bw="0" slack="2147483647"/>
</pin_list>
<bind>
<opcode="store(28) " fcode="store"/>
<opset="store_ln1767/2 "/>
</bind>
</comp>

<comp id="1184" class="1004" name="store_ln1767_store_fu_1184">
<pin_list>
<pin id="1185" dir="0" index="0" bw="16" slack="0"/>
<pin id="1186" dir="0" index="1" bw="16" slack="1"/>
<pin id="1187" dir="1" index="2" bw="0" slack="2147483647"/>
</pin_list>
<bind>
<opcode="store(28) " fcode="store"/>
<opset="store_ln1767/2 "/>
</bind>
</comp>

<comp id="1189" class="1004" name="store_ln1767_store_fu_1189">
<pin_list>
<pin id="1190" dir="0" index="0" bw="16" slack="0"/>
<pin id="1191" dir="0" index="1" bw="16" slack="1"/>
<pin id="1192" dir="1" index="2" bw="0" slack="2147483647"/>
</pin_list>
<bind>
<opcode="store(28) " fcode="store"/>
<opset="store_ln1767/2 "/>
</bind>
</comp>

<comp id="1194" class="1004" name="store_ln1767_store_fu_1194">
<pin_list>
<pin id="1195" dir="0" index="0" bw="16" slack="0"/>
<pin id="1196" dir="0" index="1" bw="16" slack="1"/>
<pin id="1197" dir="1" index="2" bw="0" slack="2147483647"/>
</pin_list>
<bind>
<opcode="store(28) " fcode="store"/>
<opset="store_ln1767/2 "/>
</bind>
</comp>

<comp id="1199" class="1004" name="store_ln1767_store_fu_1199">
<pin_list>
<pin id="1200" dir="0" index="0" bw="16" slack="0"/>
<pin id="1201" dir="0" index="1" bw="16" slack="1"/>
<pin id="1202" dir="1" index="2" bw="0" slack="2147483647"/>
</pin_list>
<bind>
<opcode="store(28) " fcode="store"/>
<opset="store_ln1767/2 "/>
</bind>
</comp>

<comp id="1204" class="1004" name="store_ln1767_store_fu_1204">
<pin_list>
<pin id="1205" dir="0" index="0" bw="16" slack="0"/>
<pin id="1206" dir="0" index="1" bw="16" slack="1"/>
<pin id="1207" dir="1" index="2" bw="0" slack="2147483647"/>
</pin_list>
<bind>
<opcode="store(28) " fcode="store"/>
<opset="store_ln1767/2 "/>
</bind>
</comp>

<comp id="1209" class="1004" name="store_ln1767_store_fu_1209">
<pin_list>
<pin id="1210" dir="0" index="0" bw="16" slack="0"/>
<pin id="1211" dir="0" index="1" bw="16" slack="1"/>
<pin id="1212" dir="1" index="2" bw="0" slack="2147483647"/>
</pin_list>
<bind>
<opcode="store(28) " fcode="store"/>
<opset="store_ln1767/2 "/>
</bind>
</comp>

<comp id="1214" class="1004" name="store_ln1767_store_fu_1214">
<pin_list>
<pin id="1215" dir="0" index="0" bw="16" slack="0"/>
<pin id="1216" dir="0" index="1" bw="16" slack="1"/>
<pin id="1217" dir="1" index="2" bw="0" slack="2147483647"/>
</pin_list>
<bind>
<opcode="store(28) " fcode="store"/>
<opset="store_ln1767/2 "/>
</bind>
</comp>

<comp id="1219" class="1004" name="store_ln1767_store_fu_1219">
<pin_list>
<pin id="1220" dir="0" index="0" bw="16" slack="0"/>
<pin id="1221" dir="0" index="1" bw="16" slack="1"/>
<pin id="1222" dir="1" index="2" bw="0" slack="2147483647"/>
</pin_list>
<bind>
<opcode="store(28) " fcode="store"/>
<opset="store_ln1767/2 "/>
</bind>
</comp>

<comp id="1224" class="1004" name="store_ln1767_store_fu_1224">
<pin_list>
<pin id="1225" dir="0" index="0" bw="16" slack="0"/>
<pin id="1226" dir="0" index="1" bw="16" slack="1"/>
<pin id="1227" dir="1" index="2" bw="0" slack="2147483647"/>
</pin_list>
<bind>
<opcode="store(28) " fcode="store"/>
<opset="store_ln1767/2 "/>
</bind>
</comp>

<comp id="1229" class="1004" name="store_ln1767_store_fu_1229">
<pin_list>
<pin id="1230" dir="0" index="0" bw="16" slack="0"/>
<pin id="1231" dir="0" index="1" bw="16" slack="1"/>
<pin id="1232" dir="1" index="2" bw="0" slack="2147483647"/>
</pin_list>
<bind>
<opcode="store(28) " fcode="store"/>
<opset="store_ln1767/2 "/>
</bind>
</comp>

<comp id="1234" class="1004" name="store_ln1767_store_fu_1234">
<pin_list>
<pin id="1235" dir="0" index="0" bw="16" slack="0"/>
<pin id="1236" dir="0" index="1" bw="16" slack="1"/>
<pin id="1237" dir="1" index="2" bw="0" slack="2147483647"/>
</pin_list>
<bind>
<opcode="store(28) " fcode="store"/>
<opset="store_ln1767/2 "/>
</bind>
</comp>

<comp id="1239" class="1004" name="store_ln1767_store_fu_1239">
<pin_list>
<pin id="1240" dir="0" index="0" bw="16" slack="0"/>
<pin id="1241" dir="0" index="1" bw="16" slack="1"/>
<pin id="1242" dir="1" index="2" bw="0" slack="2147483647"/>
</pin_list>
<bind>
<opcode="store(28) " fcode="store"/>
<opset="store_ln1767/2 "/>
</bind>
</comp>

<comp id="1244" class="1004" name="store_ln1767_store_fu_1244">
<pin_list>
<pin id="1245" dir="0" index="0" bw="16" slack="0"/>
<pin id="1246" dir="0" index="1" bw="16" slack="1"/>
<pin id="1247" dir="1" index="2" bw="0" slack="2147483647"/>
</pin_list>
<bind>
<opcode="store(28) " fcode="store"/>
<opset="store_ln1767/2 "/>
</bind>
</comp>

<comp id="1249" class="1004" name="store_ln1767_store_fu_1249">
<pin_list>
<pin id="1250" dir="0" index="0" bw="16" slack="0"/>
<pin id="1251" dir="0" index="1" bw="16" slack="1"/>
<pin id="1252" dir="1" index="2" bw="0" slack="2147483647"/>
</pin_list>
<bind>
<opcode="store(28) " fcode="store"/>
<opset="store_ln1767/2 "/>
</bind>
</comp>

<comp id="1254" class="1004" name="store_ln1767_store_fu_1254">
<pin_list>
<pin id="1255" dir="0" index="0" bw="16" slack="0"/>
<pin id="1256" dir="0" index="1" bw="16" slack="1"/>
<pin id="1257" dir="1" index="2" bw="0" slack="2147483647"/>
</pin_list>
<bind>
<opcode="store(28) " fcode="store"/>
<opset="store_ln1767/2 "/>
</bind>
</comp>

<comp id="1259" class="1004" name="store_ln1767_store_fu_1259">
<pin_list>
<pin id="1260" dir="0" index="0" bw="16" slack="0"/>
<pin id="1261" dir="0" index="1" bw="16" slack="1"/>
<pin id="1262" dir="1" index="2" bw="0" slack="2147483647"/>
</pin_list>
<bind>
<opcode="store(28) " fcode="store"/>
<opset="store_ln1767/2 "/>
</bind>
</comp>

<comp id="1264" class="1004" name="store_ln1767_store_fu_1264">
<pin_list>
<pin id="1265" dir="0" index="0" bw="16" slack="0"/>
<pin id="1266" dir="0" index="1" bw="16" slack="1"/>
<pin id="1267" dir="1" index="2" bw="0" slack="2147483647"/>
</pin_list>
<bind>
<opcode="store(28) " fcode="store"/>
<opset="store_ln1767/2 "/>
</bind>
</comp>

<comp id="1269" class="1004" name="store_ln1767_store_fu_1269">
<pin_list>
<pin id="1270" dir="0" index="0" bw="16" slack="0"/>
<pin id="1271" dir="0" index="1" bw="16" slack="1"/>
<pin id="1272" dir="1" index="2" bw="0" slack="2147483647"/>
</pin_list>
<bind>
<opcode="store(28) " fcode="store"/>
<opset="store_ln1767/2 "/>
</bind>
</comp>

<comp id="1274" class="1004" name="store_ln1767_store_fu_1274">
<pin_list>
<pin id="1275" dir="0" index="0" bw="16" slack="0"/>
<pin id="1276" dir="0" index="1" bw="16" slack="1"/>
<pin id="1277" dir="1" index="2" bw="0" slack="2147483647"/>
</pin_list>
<bind>
<opcode="store(28) " fcode="store"/>
<opset="store_ln1767/2 "/>
</bind>
</comp>

<comp id="1279" class="1004" name="store_ln1767_store_fu_1279">
<pin_list>
<pin id="1280" dir="0" index="0" bw="16" slack="0"/>
<pin id="1281" dir="0" index="1" bw="16" slack="1"/>
<pin id="1282" dir="1" index="2" bw="0" slack="2147483647"/>
</pin_list>
<bind>
<opcode="store(28) " fcode="store"/>
<opset="store_ln1767/2 "/>
</bind>
</comp>

<comp id="1284" class="1004" name="store_ln1767_store_fu_1284">
<pin_list>
<pin id="1285" dir="0" index="0" bw="16" slack="0"/>
<pin id="1286" dir="0" index="1" bw="16" slack="1"/>
<pin id="1287" dir="1" index="2" bw="0" slack="2147483647"/>
</pin_list>
<bind>
<opcode="store(28) " fcode="store"/>
<opset="store_ln1767/2 "/>
</bind>
</comp>

<comp id="1289" class="1004" name="store_ln1767_store_fu_1289">
<pin_list>
<pin id="1290" dir="0" index="0" bw="16" slack="0"/>
<pin id="1291" dir="0" index="1" bw="16" slack="1"/>
<pin id="1292" dir="1" index="2" bw="0" slack="2147483647"/>
</pin_list>
<bind>
<opcode="store(28) " fcode="store"/>
<opset="store_ln1767/2 "/>
</bind>
</comp>

<comp id="1294" class="1004" name="store_ln1767_store_fu_1294">
<pin_list>
<pin id="1295" dir="0" index="0" bw="16" slack="0"/>
<pin id="1296" dir="0" index="1" bw="16" slack="1"/>
<pin id="1297" dir="1" index="2" bw="0" slack="2147483647"/>
</pin_list>
<bind>
<opcode="store(28) " fcode="store"/>
<opset="store_ln1767/2 "/>
</bind>
</comp>

<comp id="1299" class="1004" name="store_ln1767_store_fu_1299">
<pin_list>
<pin id="1300" dir="0" index="0" bw="16" slack="0"/>
<pin id="1301" dir="0" index="1" bw="16" slack="1"/>
<pin id="1302" dir="1" index="2" bw="0" slack="2147483647"/>
</pin_list>
<bind>
<opcode="store(28) " fcode="store"/>
<opset="store_ln1767/2 "/>
</bind>
</comp>

<comp id="1304" class="1004" name="store_ln1767_store_fu_1304">
<pin_list>
<pin id="1305" dir="0" index="0" bw="16" slack="0"/>
<pin id="1306" dir="0" index="1" bw="16" slack="1"/>
<pin id="1307" dir="1" index="2" bw="0" slack="2147483647"/>
</pin_list>
<bind>
<opcode="store(28) " fcode="store"/>
<opset="store_ln1767/2 "/>
</bind>
</comp>

<comp id="1309" class="1004" name="store_ln1767_store_fu_1309">
<pin_list>
<pin id="1310" dir="0" index="0" bw="16" slack="0"/>
<pin id="1311" dir="0" index="1" bw="16" slack="1"/>
<pin id="1312" dir="1" index="2" bw="0" slack="2147483647"/>
</pin_list>
<bind>
<opcode="store(28) " fcode="store"/>
<opset="store_ln1767/2 "/>
</bind>
</comp>

<comp id="1314" class="1004" name="store_ln1767_store_fu_1314">
<pin_list>
<pin id="1315" dir="0" index="0" bw="16" slack="0"/>
<pin id="1316" dir="0" index="1" bw="16" slack="1"/>
<pin id="1317" dir="1" index="2" bw="0" slack="2147483647"/>
</pin_list>
<bind>
<opcode="store(28) " fcode="store"/>
<opset="store_ln1767/2 "/>
</bind>
</comp>

<comp id="1319" class="1004" name="p_load113_load_fu_1319">
<pin_list>
<pin id="1320" dir="0" index="0" bw="16" slack="0"/>
<pin id="1321" dir="1" index="1" bw="16" slack="0"/>
</pin_list>
<bind>
<opcode="load(27) " fcode="load"/>
<opset="p_load113/1 "/>
</bind>
</comp>

<comp id="1323" class="1004" name="p_load112_load_fu_1323">
<pin_list>
<pin id="1324" dir="0" index="0" bw="16" slack="0"/>
<pin id="1325" dir="1" index="1" bw="16" slack="0"/>
</pin_list>
<bind>
<opcode="load(27) " fcode="load"/>
<opset="p_load112/1 "/>
</bind>
</comp>

<comp id="1327" class="1004" name="p_load111_load_fu_1327">
<pin_list>
<pin id="1328" dir="0" index="0" bw="16" slack="0"/>
<pin id="1329" dir="1" index="1" bw="16" slack="0"/>
</pin_list>
<bind>
<opcode="load(27) " fcode="load"/>
<opset="p_load111/1 "/>
</bind>
</comp>

<comp id="1331" class="1004" name="p_load110_load_fu_1331">
<pin_list>
<pin id="1332" dir="0" index="0" bw="16" slack="0"/>
<pin id="1333" dir="1" index="1" bw="16" slack="0"/>
</pin_list>
<bind>
<opcode="load(27) " fcode="load"/>
<opset="p_load110/1 "/>
</bind>
</comp>

<comp id="1335" class="1004" name="p_load109_load_fu_1335">
<pin_list>
<pin id="1336" dir="0" index="0" bw="16" slack="0"/>
<pin id="1337" dir="1" index="1" bw="16" slack="0"/>
</pin_list>
<bind>
<opcode="load(27) " fcode="load"/>
<opset="p_load109/1 "/>
</bind>
</comp>

<comp id="1339" class="1004" name="p_load108_load_fu_1339">
<pin_list>
<pin id="1340" dir="0" index="0" bw="16" slack="0"/>
<pin id="1341" dir="1" index="1" bw="16" slack="0"/>
</pin_list>
<bind>
<opcode="load(27) " fcode="load"/>
<opset="p_load108/1 "/>
</bind>
</comp>

<comp id="1343" class="1004" name="p_load107_load_fu_1343">
<pin_list>
<pin id="1344" dir="0" index="0" bw="16" slack="0"/>
<pin id="1345" dir="1" index="1" bw="16" slack="0"/>
</pin_list>
<bind>
<opcode="load(27) " fcode="load"/>
<opset="p_load107/1 "/>
</bind>
</comp>

<comp id="1347" class="1004" name="p_load106_load_fu_1347">
<pin_list>
<pin id="1348" dir="0" index="0" bw="16" slack="0"/>
<pin id="1349" dir="1" index="1" bw="16" slack="0"/>
</pin_list>
<bind>
<opcode="load(27) " fcode="load"/>
<opset="p_load106/1 "/>
</bind>
</comp>

<comp id="1351" class="1004" name="p_load105_load_fu_1351">
<pin_list>
<pin id="1352" dir="0" index="0" bw="16" slack="0"/>
<pin id="1353" dir="1" index="1" bw="16" slack="0"/>
</pin_list>
<bind>
<opcode="load(27) " fcode="load"/>
<opset="p_load105/1 "/>
</bind>
</comp>

<comp id="1355" class="1004" name="p_load104_load_fu_1355">
<pin_list>
<pin id="1356" dir="0" index="0" bw="16" slack="0"/>
<pin id="1357" dir="1" index="1" bw="16" slack="0"/>
</pin_list>
<bind>
<opcode="load(27) " fcode="load"/>
<opset="p_load104/1 "/>
</bind>
</comp>

<comp id="1359" class="1004" name="p_load103_load_fu_1359">
<pin_list>
<pin id="1360" dir="0" index="0" bw="16" slack="0"/>
<pin id="1361" dir="1" index="1" bw="16" slack="0"/>
</pin_list>
<bind>
<opcode="load(27) " fcode="load"/>
<opset="p_load103/1 "/>
</bind>
</comp>

<comp id="1363" class="1004" name="p_load102_load_fu_1363">
<pin_list>
<pin id="1364" dir="0" index="0" bw="16" slack="0"/>
<pin id="1365" dir="1" index="1" bw="16" slack="0"/>
</pin_list>
<bind>
<opcode="load(27) " fcode="load"/>
<opset="p_load102/1 "/>
</bind>
</comp>

<comp id="1367" class="1004" name="p_load101_load_fu_1367">
<pin_list>
<pin id="1368" dir="0" index="0" bw="16" slack="0"/>
<pin id="1369" dir="1" index="1" bw="16" slack="0"/>
</pin_list>
<bind>
<opcode="load(27) " fcode="load"/>
<opset="p_load101/1 "/>
</bind>
</comp>

<comp id="1371" class="1004" name="p_load100_load_fu_1371">
<pin_list>
<pin id="1372" dir="0" index="0" bw="16" slack="0"/>
<pin id="1373" dir="1" index="1" bw="16" slack="0"/>
</pin_list>
<bind>
<opcode="load(27) " fcode="load"/>
<opset="p_load100/1 "/>
</bind>
</comp>

<comp id="1375" class="1004" name="p_load99_load_fu_1375">
<pin_list>
<pin id="1376" dir="0" index="0" bw="16" slack="0"/>
<pin id="1377" dir="1" index="1" bw="16" slack="0"/>
</pin_list>
<bind>
<opcode="load(27) " fcode="load"/>
<opset="p_load99/1 "/>
</bind>
</comp>

<comp id="1379" class="1004" name="p_load98_load_fu_1379">
<pin_list>
<pin id="1380" dir="0" index="0" bw="16" slack="0"/>
<pin id="1381" dir="1" index="1" bw="16" slack="0"/>
</pin_list>
<bind>
<opcode="load(27) " fcode="load"/>
<opset="p_load98/1 "/>
</bind>
</comp>

<comp id="1383" class="1004" name="p_load97_load_fu_1383">
<pin_list>
<pin id="1384" dir="0" index="0" bw="16" slack="0"/>
<pin id="1385" dir="1" index="1" bw="16" slack="0"/>
</pin_list>
<bind>
<opcode="load(27) " fcode="load"/>
<opset="p_load97/1 "/>
</bind>
</comp>

<comp id="1387" class="1004" name="p_load96_load_fu_1387">
<pin_list>
<pin id="1388" dir="0" index="0" bw="16" slack="0"/>
<pin id="1389" dir="1" index="1" bw="16" slack="0"/>
</pin_list>
<bind>
<opcode="load(27) " fcode="load"/>
<opset="p_load96/1 "/>
</bind>
</comp>

<comp id="1391" class="1004" name="p_load95_load_fu_1391">
<pin_list>
<pin id="1392" dir="0" index="0" bw="16" slack="0"/>
<pin id="1393" dir="1" index="1" bw="16" slack="0"/>
</pin_list>
<bind>
<opcode="load(27) " fcode="load"/>
<opset="p_load95/1 "/>
</bind>
</comp>

<comp id="1395" class="1004" name="p_load94_load_fu_1395">
<pin_list>
<pin id="1396" dir="0" index="0" bw="16" slack="0"/>
<pin id="1397" dir="1" index="1" bw="16" slack="0"/>
</pin_list>
<bind>
<opcode="load(27) " fcode="load"/>
<opset="p_load94/1 "/>
</bind>
</comp>

<comp id="1399" class="1004" name="p_load93_load_fu_1399">
<pin_list>
<pin id="1400" dir="0" index="0" bw="16" slack="0"/>
<pin id="1401" dir="1" index="1" bw="16" slack="0"/>
</pin_list>
<bind>
<opcode="load(27) " fcode="load"/>
<opset="p_load93/1 "/>
</bind>
</comp>

<comp id="1403" class="1004" name="p_load92_load_fu_1403">
<pin_list>
<pin id="1404" dir="0" index="0" bw="16" slack="0"/>
<pin id="1405" dir="1" index="1" bw="16" slack="0"/>
</pin_list>
<bind>
<opcode="load(27) " fcode="load"/>
<opset="p_load92/1 "/>
</bind>
</comp>

<comp id="1407" class="1004" name="p_load91_load_fu_1407">
<pin_list>
<pin id="1408" dir="0" index="0" bw="16" slack="0"/>
<pin id="1409" dir="1" index="1" bw="16" slack="0"/>
</pin_list>
<bind>
<opcode="load(27) " fcode="load"/>
<opset="p_load91/1 "/>
</bind>
</comp>

<comp id="1411" class="1004" name="p_load90_load_fu_1411">
<pin_list>
<pin id="1412" dir="0" index="0" bw="16" slack="0"/>
<pin id="1413" dir="1" index="1" bw="16" slack="0"/>
</pin_list>
<bind>
<opcode="load(27) " fcode="load"/>
<opset="p_load90/1 "/>
</bind>
</comp>

<comp id="1415" class="1004" name="p_load89_load_fu_1415">
<pin_list>
<pin id="1416" dir="0" index="0" bw="16" slack="0"/>
<pin id="1417" dir="1" index="1" bw="16" slack="0"/>
</pin_list>
<bind>
<opcode="load(27) " fcode="load"/>
<opset="p_load89/1 "/>
</bind>
</comp>

<comp id="1419" class="1004" name="p_load88_load_fu_1419">
<pin_list>
<pin id="1420" dir="0" index="0" bw="16" slack="0"/>
<pin id="1421" dir="1" index="1" bw="16" slack="0"/>
</pin_list>
<bind>
<opcode="load(27) " fcode="load"/>
<opset="p_load88/1 "/>
</bind>
</comp>

<comp id="1423" class="1004" name="p_load87_load_fu_1423">
<pin_list>
<pin id="1424" dir="0" index="0" bw="16" slack="0"/>
<pin id="1425" dir="1" index="1" bw="16" slack="0"/>
</pin_list>
<bind>
<opcode="load(27) " fcode="load"/>
<opset="p_load87/1 "/>
</bind>
</comp>

<comp id="1427" class="1004" name="p_load86_load_fu_1427">
<pin_list>
<pin id="1428" dir="0" index="0" bw="16" slack="0"/>
<pin id="1429" dir="1" index="1" bw="16" slack="0"/>
</pin_list>
<bind>
<opcode="load(27) " fcode="load"/>
<opset="p_load86/1 "/>
</bind>
</comp>

<comp id="1431" class="1004" name="p_load85_load_fu_1431">
<pin_list>
<pin id="1432" dir="0" index="0" bw="16" slack="0"/>
<pin id="1433" dir="1" index="1" bw="16" slack="0"/>
</pin_list>
<bind>
<opcode="load(27) " fcode="load"/>
<opset="p_load85/1 "/>
</bind>
</comp>

<comp id="1435" class="1004" name="p_load84_load_fu_1435">
<pin_list>
<pin id="1436" dir="0" index="0" bw="16" slack="0"/>
<pin id="1437" dir="1" index="1" bw="16" slack="0"/>
</pin_list>
<bind>
<opcode="load(27) " fcode="load"/>
<opset="p_load84/1 "/>
</bind>
</comp>

<comp id="1439" class="1004" name="p_load83_load_fu_1439">
<pin_list>
<pin id="1440" dir="0" index="0" bw="16" slack="0"/>
<pin id="1441" dir="1" index="1" bw="16" slack="0"/>
</pin_list>
<bind>
<opcode="load(27) " fcode="load"/>
<opset="p_load83/1 "/>
</bind>
</comp>

<comp id="1443" class="1004" name="p_load82_load_fu_1443">
<pin_list>
<pin id="1444" dir="0" index="0" bw="16" slack="0"/>
<pin id="1445" dir="1" index="1" bw="16" slack="0"/>
</pin_list>
<bind>
<opcode="load(27) " fcode="load"/>
<opset="p_load82/1 "/>
</bind>
</comp>

<comp id="1447" class="1004" name="p_load81_load_fu_1447">
<pin_list>
<pin id="1448" dir="0" index="0" bw="16" slack="0"/>
<pin id="1449" dir="1" index="1" bw="16" slack="0"/>
</pin_list>
<bind>
<opcode="load(27) " fcode="load"/>
<opset="p_load81/1 "/>
</bind>
</comp>

<comp id="1451" class="1004" name="p_load80_load_fu_1451">
<pin_list>
<pin id="1452" dir="0" index="0" bw="16" slack="0"/>
<pin id="1453" dir="1" index="1" bw="16" slack="0"/>
</pin_list>
<bind>
<opcode="load(27) " fcode="load"/>
<opset="p_load80/1 "/>
</bind>
</comp>

<comp id="1455" class="1004" name="p_load79_load_fu_1455">
<pin_list>
<pin id="1456" dir="0" index="0" bw="16" slack="0"/>
<pin id="1457" dir="1" index="1" bw="16" slack="0"/>
</pin_list>
<bind>
<opcode="load(27) " fcode="load"/>
<opset="p_load79/1 "/>
</bind>
</comp>

<comp id="1459" class="1004" name="p_load78_load_fu_1459">
<pin_list>
<pin id="1460" dir="0" index="0" bw="16" slack="0"/>
<pin id="1461" dir="1" index="1" bw="16" slack="0"/>
</pin_list>
<bind>
<opcode="load(27) " fcode="load"/>
<opset="p_load78/1 "/>
</bind>
</comp>

<comp id="1463" class="1004" name="p_load77_load_fu_1463">
<pin_list>
<pin id="1464" dir="0" index="0" bw="16" slack="0"/>
<pin id="1465" dir="1" index="1" bw="16" slack="0"/>
</pin_list>
<bind>
<opcode="load(27) " fcode="load"/>
<opset="p_load77/1 "/>
</bind>
</comp>

<comp id="1467" class="1004" name="p_load_load_fu_1467">
<pin_list>
<pin id="1468" dir="0" index="0" bw="16" slack="0"/>
<pin id="1469" dir="1" index="1" bw="16" slack="0"/>
</pin_list>
<bind>
<opcode="load(27) " fcode="load"/>
<opset="p_load/1 "/>
</bind>
</comp>

<comp id="1471" class="1005" name="index_reg_1471">
<pin_list>
<pin id="1472" dir="0" index="0" bw="6" slack="0"/>
<pin id="1473" dir="1" index="1" bw="6" slack="0"/>
</pin_list>
<bind>
<opset="index "/>
</bind>
</comp>

<comp id="1478" class="1005" name="empty_reg_1478">
<pin_list>
<pin id="1479" dir="0" index="0" bw="16" slack="0"/>
<pin id="1480" dir="1" index="1" bw="16" slack="0"/>
</pin_list>
<bind>
<opset="empty "/>
</bind>
</comp>

<comp id="1485" class="1005" name="empty_1007_reg_1485">
<pin_list>
<pin id="1486" dir="0" index="0" bw="16" slack="0"/>
<pin id="1487" dir="1" index="1" bw="16" slack="0"/>
</pin_list>
<bind>
<opset="empty_1007 "/>
</bind>
</comp>

<comp id="1492" class="1005" name="empty_1008_reg_1492">
<pin_list>
<pin id="1493" dir="0" index="0" bw="16" slack="0"/>
<pin id="1494" dir="1" index="1" bw="16" slack="0"/>
</pin_list>
<bind>
<opset="empty_1008 "/>
</bind>
</comp>

<comp id="1499" class="1005" name="empty_1009_reg_1499">
<pin_list>
<pin id="1500" dir="0" index="0" bw="16" slack="0"/>
<pin id="1501" dir="1" index="1" bw="16" slack="0"/>
</pin_list>
<bind>
<opset="empty_1009 "/>
</bind>
</comp>

<comp id="1506" class="1005" name="empty_1010_reg_1506">
<pin_list>
<pin id="1507" dir="0" index="0" bw="16" slack="0"/>
<pin id="1508" dir="1" index="1" bw="16" slack="0"/>
</pin_list>
<bind>
<opset="empty_1010 "/>
</bind>
</comp>

<comp id="1513" class="1005" name="empty_1011_reg_1513">
<pin_list>
<pin id="1514" dir="0" index="0" bw="16" slack="0"/>
<pin id="1515" dir="1" index="1" bw="16" slack="0"/>
</pin_list>
<bind>
<opset="empty_1011 "/>
</bind>
</comp>

<comp id="1520" class="1005" name="empty_1012_reg_1520">
<pin_list>
<pin id="1521" dir="0" index="0" bw="16" slack="0"/>
<pin id="1522" dir="1" index="1" bw="16" slack="0"/>
</pin_list>
<bind>
<opset="empty_1012 "/>
</bind>
</comp>

<comp id="1527" class="1005" name="empty_1013_reg_1527">
<pin_list>
<pin id="1528" dir="0" index="0" bw="16" slack="0"/>
<pin id="1529" dir="1" index="1" bw="16" slack="0"/>
</pin_list>
<bind>
<opset="empty_1013 "/>
</bind>
</comp>

<comp id="1534" class="1005" name="empty_1014_reg_1534">
<pin_list>
<pin id="1535" dir="0" index="0" bw="16" slack="0"/>
<pin id="1536" dir="1" index="1" bw="16" slack="0"/>
</pin_list>
<bind>
<opset="empty_1014 "/>
</bind>
</comp>

<comp id="1541" class="1005" name="empty_1015_reg_1541">
<pin_list>
<pin id="1542" dir="0" index="0" bw="16" slack="0"/>
<pin id="1543" dir="1" index="1" bw="16" slack="0"/>
</pin_list>
<bind>
<opset="empty_1015 "/>
</bind>
</comp>

<comp id="1548" class="1005" name="empty_1016_reg_1548">
<pin_list>
<pin id="1549" dir="0" index="0" bw="16" slack="0"/>
<pin id="1550" dir="1" index="1" bw="16" slack="0"/>
</pin_list>
<bind>
<opset="empty_1016 "/>
</bind>
</comp>

<comp id="1555" class="1005" name="empty_1017_reg_1555">
<pin_list>
<pin id="1556" dir="0" index="0" bw="16" slack="0"/>
<pin id="1557" dir="1" index="1" bw="16" slack="0"/>
</pin_list>
<bind>
<opset="empty_1017 "/>
</bind>
</comp>

<comp id="1562" class="1005" name="empty_1018_reg_1562">
<pin_list>
<pin id="1563" dir="0" index="0" bw="16" slack="0"/>
<pin id="1564" dir="1" index="1" bw="16" slack="0"/>
</pin_list>
<bind>
<opset="empty_1018 "/>
</bind>
</comp>

<comp id="1569" class="1005" name="empty_1019_reg_1569">
<pin_list>
<pin id="1570" dir="0" index="0" bw="16" slack="0"/>
<pin id="1571" dir="1" index="1" bw="16" slack="0"/>
</pin_list>
<bind>
<opset="empty_1019 "/>
</bind>
</comp>

<comp id="1576" class="1005" name="empty_1020_reg_1576">
<pin_list>
<pin id="1577" dir="0" index="0" bw="16" slack="0"/>
<pin id="1578" dir="1" index="1" bw="16" slack="0"/>
</pin_list>
<bind>
<opset="empty_1020 "/>
</bind>
</comp>

<comp id="1583" class="1005" name="empty_1021_reg_1583">
<pin_list>
<pin id="1584" dir="0" index="0" bw="16" slack="0"/>
<pin id="1585" dir="1" index="1" bw="16" slack="0"/>
</pin_list>
<bind>
<opset="empty_1021 "/>
</bind>
</comp>

<comp id="1590" class="1005" name="empty_1022_reg_1590">
<pin_list>
<pin id="1591" dir="0" index="0" bw="16" slack="0"/>
<pin id="1592" dir="1" index="1" bw="16" slack="0"/>
</pin_list>
<bind>
<opset="empty_1022 "/>
</bind>
</comp>

<comp id="1597" class="1005" name="empty_1023_reg_1597">
<pin_list>
<pin id="1598" dir="0" index="0" bw="16" slack="0"/>
<pin id="1599" dir="1" index="1" bw="16" slack="0"/>
</pin_list>
<bind>
<opset="empty_1023 "/>
</bind>
</comp>

<comp id="1604" class="1005" name="empty_1024_reg_1604">
<pin_list>
<pin id="1605" dir="0" index="0" bw="16" slack="0"/>
<pin id="1606" dir="1" index="1" bw="16" slack="0"/>
</pin_list>
<bind>
<opset="empty_1024 "/>
</bind>
</comp>

<comp id="1611" class="1005" name="empty_1025_reg_1611">
<pin_list>
<pin id="1612" dir="0" index="0" bw="16" slack="0"/>
<pin id="1613" dir="1" index="1" bw="16" slack="0"/>
</pin_list>
<bind>
<opset="empty_1025 "/>
</bind>
</comp>

<comp id="1618" class="1005" name="empty_1026_reg_1618">
<pin_list>
<pin id="1619" dir="0" index="0" bw="16" slack="0"/>
<pin id="1620" dir="1" index="1" bw="16" slack="0"/>
</pin_list>
<bind>
<opset="empty_1026 "/>
</bind>
</comp>

<comp id="1625" class="1005" name="empty_1027_reg_1625">
<pin_list>
<pin id="1626" dir="0" index="0" bw="16" slack="0"/>
<pin id="1627" dir="1" index="1" bw="16" slack="0"/>
</pin_list>
<bind>
<opset="empty_1027 "/>
</bind>
</comp>

<comp id="1632" class="1005" name="empty_1028_reg_1632">
<pin_list>
<pin id="1633" dir="0" index="0" bw="16" slack="0"/>
<pin id="1634" dir="1" index="1" bw="16" slack="0"/>
</pin_list>
<bind>
<opset="empty_1028 "/>
</bind>
</comp>

<comp id="1639" class="1005" name="empty_1029_reg_1639">
<pin_list>
<pin id="1640" dir="0" index="0" bw="16" slack="0"/>
<pin id="1641" dir="1" index="1" bw="16" slack="0"/>
</pin_list>
<bind>
<opset="empty_1029 "/>
</bind>
</comp>

<comp id="1646" class="1005" name="empty_1030_reg_1646">
<pin_list>
<pin id="1647" dir="0" index="0" bw="16" slack="0"/>
<pin id="1648" dir="1" index="1" bw="16" slack="0"/>
</pin_list>
<bind>
<opset="empty_1030 "/>
</bind>
</comp>

<comp id="1653" class="1005" name="empty_1031_reg_1653">
<pin_list>
<pin id="1654" dir="0" index="0" bw="16" slack="0"/>
<pin id="1655" dir="1" index="1" bw="16" slack="0"/>
</pin_list>
<bind>
<opset="empty_1031 "/>
</bind>
</comp>

<comp id="1660" class="1005" name="empty_1032_reg_1660">
<pin_list>
<pin id="1661" dir="0" index="0" bw="16" slack="0"/>
<pin id="1662" dir="1" index="1" bw="16" slack="0"/>
</pin_list>
<bind>
<opset="empty_1032 "/>
</bind>
</comp>

<comp id="1667" class="1005" name="empty_1033_reg_1667">
<pin_list>
<pin id="1668" dir="0" index="0" bw="16" slack="0"/>
<pin id="1669" dir="1" index="1" bw="16" slack="0"/>
</pin_list>
<bind>
<opset="empty_1033 "/>
</bind>
</comp>

<comp id="1674" class="1005" name="empty_1034_reg_1674">
<pin_list>
<pin id="1675" dir="0" index="0" bw="16" slack="0"/>
<pin id="1676" dir="1" index="1" bw="16" slack="0"/>
</pin_list>
<bind>
<opset="empty_1034 "/>
</bind>
</comp>

<comp id="1681" class="1005" name="empty_1035_reg_1681">
<pin_list>
<pin id="1682" dir="0" index="0" bw="16" slack="0"/>
<pin id="1683" dir="1" index="1" bw="16" slack="0"/>
</pin_list>
<bind>
<opset="empty_1035 "/>
</bind>
</comp>

<comp id="1688" class="1005" name="empty_1036_reg_1688">
<pin_list>
<pin id="1689" dir="0" index="0" bw="16" slack="0"/>
<pin id="1690" dir="1" index="1" bw="16" slack="0"/>
</pin_list>
<bind>
<opset="empty_1036 "/>
</bind>
</comp>

<comp id="1695" class="1005" name="empty_1037_reg_1695">
<pin_list>
<pin id="1696" dir="0" index="0" bw="16" slack="0"/>
<pin id="1697" dir="1" index="1" bw="16" slack="0"/>
</pin_list>
<bind>
<opset="empty_1037 "/>
</bind>
</comp>

<comp id="1702" class="1005" name="empty_1038_reg_1702">
<pin_list>
<pin id="1703" dir="0" index="0" bw="16" slack="0"/>
<pin id="1704" dir="1" index="1" bw="16" slack="0"/>
</pin_list>
<bind>
<opset="empty_1038 "/>
</bind>
</comp>

<comp id="1709" class="1005" name="empty_1039_reg_1709">
<pin_list>
<pin id="1710" dir="0" index="0" bw="16" slack="0"/>
<pin id="1711" dir="1" index="1" bw="16" slack="0"/>
</pin_list>
<bind>
<opset="empty_1039 "/>
</bind>
</comp>

<comp id="1716" class="1005" name="empty_1040_reg_1716">
<pin_list>
<pin id="1717" dir="0" index="0" bw="16" slack="0"/>
<pin id="1718" dir="1" index="1" bw="16" slack="0"/>
</pin_list>
<bind>
<opset="empty_1040 "/>
</bind>
</comp>

<comp id="1723" class="1005" name="empty_1041_reg_1723">
<pin_list>
<pin id="1724" dir="0" index="0" bw="16" slack="0"/>
<pin id="1725" dir="1" index="1" bw="16" slack="0"/>
</pin_list>
<bind>
<opset="empty_1041 "/>
</bind>
</comp>

<comp id="1730" class="1005" name="empty_1042_reg_1730">
<pin_list>
<pin id="1731" dir="0" index="0" bw="16" slack="0"/>
<pin id="1732" dir="1" index="1" bw="16" slack="0"/>
</pin_list>
<bind>
<opset="empty_1042 "/>
</bind>
</comp>

<comp id="1737" class="1005" name="empty_1043_reg_1737">
<pin_list>
<pin id="1738" dir="0" index="0" bw="16" slack="0"/>
<pin id="1739" dir="1" index="1" bw="16" slack="0"/>
</pin_list>
<bind>
<opset="empty_1043 "/>
</bind>
</comp>

<comp id="1744" class="1005" name="index_11_reg_1744">
<pin_list>
<pin id="1745" dir="0" index="0" bw="6" slack="1"/>
<pin id="1746" dir="1" index="1" bw="6" slack="2147483647"/>
</pin_list>
<bind>
<opset="index_11 "/>
</bind>
</comp>

</comp_list>

<net_list>
<net id="261"><net_src comp="154" pin="0"/><net_sink comp="258" pin=0"/></net>

<net id="265"><net_src comp="154" pin="0"/><net_sink comp="262" pin=0"/></net>

<net id="269"><net_src comp="154" pin="0"/><net_sink comp="266" pin=0"/></net>

<net id="273"><net_src comp="154" pin="0"/><net_sink comp="270" pin=0"/></net>

<net id="277"><net_src comp="154" pin="0"/><net_sink comp="274" pin=0"/></net>

<net id="281"><net_src comp="154" pin="0"/><net_sink comp="278" pin=0"/></net>

<net id="285"><net_src comp="154" pin="0"/><net_sink comp="282" pin=0"/></net>

<net id="289"><net_src comp="154" pin="0"/><net_sink comp="286" pin=0"/></net>

<net id="293"><net_src comp="154" pin="0"/><net_sink comp="290" pin=0"/></net>

<net id="297"><net_src comp="154" pin="0"/><net_sink comp="294" pin=0"/></net>

<net id="301"><net_src comp="154" pin="0"/><net_sink comp="298" pin=0"/></net>

<net id="305"><net_src comp="154" pin="0"/><net_sink comp="302" pin=0"/></net>

<net id="309"><net_src comp="154" pin="0"/><net_sink comp="306" pin=0"/></net>

<net id="313"><net_src comp="154" pin="0"/><net_sink comp="310" pin=0"/></net>

<net id="317"><net_src comp="154" pin="0"/><net_sink comp="314" pin=0"/></net>

<net id="321"><net_src comp="154" pin="0"/><net_sink comp="318" pin=0"/></net>

<net id="325"><net_src comp="154" pin="0"/><net_sink comp="322" pin=0"/></net>

<net id="329"><net_src comp="154" pin="0"/><net_sink comp="326" pin=0"/></net>

<net id="333"><net_src comp="154" pin="0"/><net_sink comp="330" pin=0"/></net>

<net id="337"><net_src comp="154" pin="0"/><net_sink comp="334" pin=0"/></net>

<net id="341"><net_src comp="154" pin="0"/><net_sink comp="338" pin=0"/></net>

<net id="345"><net_src comp="154" pin="0"/><net_sink comp="342" pin=0"/></net>

<net id="349"><net_src comp="154" pin="0"/><net_sink comp="346" pin=0"/></net>

<net id="353"><net_src comp="154" pin="0"/><net_sink comp="350" pin=0"/></net>

<net id="357"><net_src comp="154" pin="0"/><net_sink comp="354" pin=0"/></net>

<net id="361"><net_src comp="154" pin="0"/><net_sink comp="358" pin=0"/></net>

<net id="365"><net_src comp="154" pin="0"/><net_sink comp="362" pin=0"/></net>

<net id="369"><net_src comp="154" pin="0"/><net_sink comp="366" pin=0"/></net>

<net id="373"><net_src comp="154" pin="0"/><net_sink comp="370" pin=0"/></net>

<net id="377"><net_src comp="154" pin="0"/><net_sink comp="374" pin=0"/></net>

<net id="381"><net_src comp="154" pin="0"/><net_sink comp="378" pin=0"/></net>

<net id="385"><net_src comp="154" pin="0"/><net_sink comp="382" pin=0"/></net>

<net id="389"><net_src comp="154" pin="0"/><net_sink comp="386" pin=0"/></net>

<net id="393"><net_src comp="154" pin="0"/><net_sink comp="390" pin=0"/></net>

<net id="397"><net_src comp="154" pin="0"/><net_sink comp="394" pin=0"/></net>

<net id="401"><net_src comp="154" pin="0"/><net_sink comp="398" pin=0"/></net>

<net id="405"><net_src comp="154" pin="0"/><net_sink comp="402" pin=0"/></net>

<net id="409"><net_src comp="154" pin="0"/><net_sink comp="406" pin=0"/></net>

<net id="413"><net_src comp="154" pin="0"/><net_sink comp="410" pin=0"/></net>

<net id="418"><net_src comp="166" pin="0"/><net_sink comp="414" pin=0"/></net>

<net id="419"><net_src comp="74" pin="0"/><net_sink comp="414" pin=1"/></net>

<net id="424"><net_src comp="166" pin="0"/><net_sink comp="420" pin=0"/></net>

<net id="425"><net_src comp="72" pin="0"/><net_sink comp="420" pin=1"/></net>

<net id="430"><net_src comp="166" pin="0"/><net_sink comp="426" pin=0"/></net>

<net id="431"><net_src comp="70" pin="0"/><net_sink comp="426" pin=1"/></net>

<net id="436"><net_src comp="166" pin="0"/><net_sink comp="432" pin=0"/></net>

<net id="437"><net_src comp="68" pin="0"/><net_sink comp="432" pin=1"/></net>

<net id="442"><net_src comp="166" pin="0"/><net_sink comp="438" pin=0"/></net>

<net id="443"><net_src comp="66" pin="0"/><net_sink comp="438" pin=1"/></net>

<net id="448"><net_src comp="166" pin="0"/><net_sink comp="444" pin=0"/></net>

<net id="449"><net_src comp="64" pin="0"/><net_sink comp="444" pin=1"/></net>

<net id="454"><net_src comp="166" pin="0"/><net_sink comp="450" pin=0"/></net>

<net id="455"><net_src comp="62" pin="0"/><net_sink comp="450" pin=1"/></net>

<net id="460"><net_src comp="166" pin="0"/><net_sink comp="456" pin=0"/></net>

<net id="461"><net_src comp="60" pin="0"/><net_sink comp="456" pin=1"/></net>

<net id="466"><net_src comp="166" pin="0"/><net_sink comp="462" pin=0"/></net>

<net id="467"><net_src comp="58" pin="0"/><net_sink comp="462" pin=1"/></net>

<net id="472"><net_src comp="166" pin="0"/><net_sink comp="468" pin=0"/></net>

<net id="473"><net_src comp="56" pin="0"/><net_sink comp="468" pin=1"/></net>

<net id="478"><net_src comp="166" pin="0"/><net_sink comp="474" pin=0"/></net>

<net id="479"><net_src comp="54" pin="0"/><net_sink comp="474" pin=1"/></net>

<net id="484"><net_src comp="166" pin="0"/><net_sink comp="480" pin=0"/></net>

<net id="485"><net_src comp="52" pin="0"/><net_sink comp="480" pin=1"/></net>

<net id="490"><net_src comp="166" pin="0"/><net_sink comp="486" pin=0"/></net>

<net id="491"><net_src comp="50" pin="0"/><net_sink comp="486" pin=1"/></net>

<net id="496"><net_src comp="166" pin="0"/><net_sink comp="492" pin=0"/></net>

<net id="497"><net_src comp="48" pin="0"/><net_sink comp="492" pin=1"/></net>

<net id="502"><net_src comp="166" pin="0"/><net_sink comp="498" pin=0"/></net>

<net id="503"><net_src comp="46" pin="0"/><net_sink comp="498" pin=1"/></net>

<net id="508"><net_src comp="166" pin="0"/><net_sink comp="504" pin=0"/></net>

<net id="509"><net_src comp="44" pin="0"/><net_sink comp="504" pin=1"/></net>

<net id="514"><net_src comp="166" pin="0"/><net_sink comp="510" pin=0"/></net>

<net id="515"><net_src comp="42" pin="0"/><net_sink comp="510" pin=1"/></net>

<net id="520"><net_src comp="166" pin="0"/><net_sink comp="516" pin=0"/></net>

<net id="521"><net_src comp="40" pin="0"/><net_sink comp="516" pin=1"/></net>

<net id="526"><net_src comp="166" pin="0"/><net_sink comp="522" pin=0"/></net>

<net id="527"><net_src comp="38" pin="0"/><net_sink comp="522" pin=1"/></net>

<net id="532"><net_src comp="166" pin="0"/><net_sink comp="528" pin=0"/></net>

<net id="533"><net_src comp="36" pin="0"/><net_sink comp="528" pin=1"/></net>

<net id="538"><net_src comp="166" pin="0"/><net_sink comp="534" pin=0"/></net>

<net id="539"><net_src comp="34" pin="0"/><net_sink comp="534" pin=1"/></net>

<net id="544"><net_src comp="166" pin="0"/><net_sink comp="540" pin=0"/></net>

<net id="545"><net_src comp="32" pin="0"/><net_sink comp="540" pin=1"/></net>

<net id="550"><net_src comp="166" pin="0"/><net_sink comp="546" pin=0"/></net>

<net id="551"><net_src comp="30" pin="0"/><net_sink comp="546" pin=1"/></net>

<net id="556"><net_src comp="166" pin="0"/><net_sink comp="552" pin=0"/></net>

<net id="557"><net_src comp="28" pin="0"/><net_sink comp="552" pin=1"/></net>

<net id="562"><net_src comp="166" pin="0"/><net_sink comp="558" pin=0"/></net>

<net id="563"><net_src comp="26" pin="0"/><net_sink comp="558" pin=1"/></net>

<net id="568"><net_src comp="166" pin="0"/><net_sink comp="564" pin=0"/></net>

<net id="569"><net_src comp="24" pin="0"/><net_sink comp="564" pin=1"/></net>

<net id="574"><net_src comp="166" pin="0"/><net_sink comp="570" pin=0"/></net>

<net id="575"><net_src comp="22" pin="0"/><net_sink comp="570" pin=1"/></net>

<net id="580"><net_src comp="166" pin="0"/><net_sink comp="576" pin=0"/></net>

<net id="581"><net_src comp="20" pin="0"/><net_sink comp="576" pin=1"/></net>

<net id="586"><net_src comp="166" pin="0"/><net_sink comp="582" pin=0"/></net>

<net id="587"><net_src comp="18" pin="0"/><net_sink comp="582" pin=1"/></net>

<net id="592"><net_src comp="166" pin="0"/><net_sink comp="588" pin=0"/></net>

<net id="593"><net_src comp="16" pin="0"/><net_sink comp="588" pin=1"/></net>

<net id="598"><net_src comp="166" pin="0"/><net_sink comp="594" pin=0"/></net>

<net id="599"><net_src comp="14" pin="0"/><net_sink comp="594" pin=1"/></net>

<net id="604"><net_src comp="166" pin="0"/><net_sink comp="600" pin=0"/></net>

<net id="605"><net_src comp="12" pin="0"/><net_sink comp="600" pin=1"/></net>

<net id="610"><net_src comp="166" pin="0"/><net_sink comp="606" pin=0"/></net>

<net id="611"><net_src comp="10" pin="0"/><net_sink comp="606" pin=1"/></net>

<net id="616"><net_src comp="166" pin="0"/><net_sink comp="612" pin=0"/></net>

<net id="617"><net_src comp="8" pin="0"/><net_sink comp="612" pin=1"/></net>

<net id="622"><net_src comp="166" pin="0"/><net_sink comp="618" pin=0"/></net>

<net id="623"><net_src comp="6" pin="0"/><net_sink comp="618" pin=1"/></net>

<net id="628"><net_src comp="166" pin="0"/><net_sink comp="624" pin=0"/></net>

<net id="629"><net_src comp="4" pin="0"/><net_sink comp="624" pin=1"/></net>

<net id="634"><net_src comp="166" pin="0"/><net_sink comp="630" pin=0"/></net>

<net id="635"><net_src comp="2" pin="0"/><net_sink comp="630" pin=1"/></net>

<net id="640"><net_src comp="166" pin="0"/><net_sink comp="636" pin=0"/></net>

<net id="641"><net_src comp="0" pin="0"/><net_sink comp="636" pin=1"/></net>

<net id="646"><net_src comp="254" pin="0"/><net_sink comp="642" pin=0"/></net>

<net id="647"><net_src comp="76" pin="0"/><net_sink comp="642" pin=1"/></net>

<net id="653"><net_src comp="256" pin="0"/><net_sink comp="648" pin=0"/></net>

<net id="654"><net_src comp="78" pin="0"/><net_sink comp="648" pin=1"/></net>

<net id="660"><net_src comp="256" pin="0"/><net_sink comp="655" pin=0"/></net>

<net id="661"><net_src comp="80" pin="0"/><net_sink comp="655" pin=1"/></net>

<net id="667"><net_src comp="256" pin="0"/><net_sink comp="662" pin=0"/></net>

<net id="668"><net_src comp="82" pin="0"/><net_sink comp="662" pin=1"/></net>

<net id="674"><net_src comp="256" pin="0"/><net_sink comp="669" pin=0"/></net>

<net id="675"><net_src comp="84" pin="0"/><net_sink comp="669" pin=1"/></net>

<net id="681"><net_src comp="256" pin="0"/><net_sink comp="676" pin=0"/></net>

<net id="682"><net_src comp="86" pin="0"/><net_sink comp="676" pin=1"/></net>

<net id="688"><net_src comp="256" pin="0"/><net_sink comp="683" pin=0"/></net>

<net id="689"><net_src comp="88" pin="0"/><net_sink comp="683" pin=1"/></net>

<net id="695"><net_src comp="256" pin="0"/><net_sink comp="690" pin=0"/></net>

<net id="696"><net_src comp="90" pin="0"/><net_sink comp="690" pin=1"/></net>

<net id="702"><net_src comp="256" pin="0"/><net_sink comp="697" pin=0"/></net>

<net id="703"><net_src comp="92" pin="0"/><net_sink comp="697" pin=1"/></net>

<net id="709"><net_src comp="256" pin="0"/><net_sink comp="704" pin=0"/></net>

<net id="710"><net_src comp="94" pin="0"/><net_sink comp="704" pin=1"/></net>

<net id="716"><net_src comp="256" pin="0"/><net_sink comp="711" pin=0"/></net>

<net id="717"><net_src comp="96" pin="0"/><net_sink comp="711" pin=1"/></net>

<net id="723"><net_src comp="256" pin="0"/><net_sink comp="718" pin=0"/></net>

<net id="724"><net_src comp="98" pin="0"/><net_sink comp="718" pin=1"/></net>

<net id="730"><net_src comp="256" pin="0"/><net_sink comp="725" pin=0"/></net>

<net id="731"><net_src comp="100" pin="0"/><net_sink comp="725" pin=1"/></net>

<net id="737"><net_src comp="256" pin="0"/><net_sink comp="732" pin=0"/></net>

<net id="738"><net_src comp="102" pin="0"/><net_sink comp="732" pin=1"/></net>

<net id="744"><net_src comp="256" pin="0"/><net_sink comp="739" pin=0"/></net>

<net id="745"><net_src comp="104" pin="0"/><net_sink comp="739" pin=1"/></net>

<net id="751"><net_src comp="256" pin="0"/><net_sink comp="746" pin=0"/></net>

<net id="752"><net_src comp="106" pin="0"/><net_sink comp="746" pin=1"/></net>

<net id="758"><net_src comp="256" pin="0"/><net_sink comp="753" pin=0"/></net>

<net id="759"><net_src comp="108" pin="0"/><net_sink comp="753" pin=1"/></net>

<net id="765"><net_src comp="256" pin="0"/><net_sink comp="760" pin=0"/></net>

<net id="766"><net_src comp="110" pin="0"/><net_sink comp="760" pin=1"/></net>

<net id="772"><net_src comp="256" pin="0"/><net_sink comp="767" pin=0"/></net>

<net id="773"><net_src comp="112" pin="0"/><net_sink comp="767" pin=1"/></net>

<net id="779"><net_src comp="256" pin="0"/><net_sink comp="774" pin=0"/></net>

<net id="780"><net_src comp="114" pin="0"/><net_sink comp="774" pin=1"/></net>

<net id="786"><net_src comp="256" pin="0"/><net_sink comp="781" pin=0"/></net>

<net id="787"><net_src comp="116" pin="0"/><net_sink comp="781" pin=1"/></net>

<net id="793"><net_src comp="256" pin="0"/><net_sink comp="788" pin=0"/></net>

<net id="794"><net_src comp="118" pin="0"/><net_sink comp="788" pin=1"/></net>

<net id="800"><net_src comp="256" pin="0"/><net_sink comp="795" pin=0"/></net>

<net id="801"><net_src comp="120" pin="0"/><net_sink comp="795" pin=1"/></net>

<net id="807"><net_src comp="256" pin="0"/><net_sink comp="802" pin=0"/></net>

<net id="808"><net_src comp="122" pin="0"/><net_sink comp="802" pin=1"/></net>

<net id="814"><net_src comp="256" pin="0"/><net_sink comp="809" pin=0"/></net>

<net id="815"><net_src comp="124" pin="0"/><net_sink comp="809" pin=1"/></net>

<net id="821"><net_src comp="256" pin="0"/><net_sink comp="816" pin=0"/></net>

<net id="822"><net_src comp="126" pin="0"/><net_sink comp="816" pin=1"/></net>

<net id="828"><net_src comp="256" pin="0"/><net_sink comp="823" pin=0"/></net>

<net id="829"><net_src comp="128" pin="0"/><net_sink comp="823" pin=1"/></net>

<net id="835"><net_src comp="256" pin="0"/><net_sink comp="830" pin=0"/></net>

<net id="836"><net_src comp="130" pin="0"/><net_sink comp="830" pin=1"/></net>

<net id="842"><net_src comp="256" pin="0"/><net_sink comp="837" pin=0"/></net>

<net id="843"><net_src comp="132" pin="0"/><net_sink comp="837" pin=1"/></net>

<net id="849"><net_src comp="256" pin="0"/><net_sink comp="844" pin=0"/></net>

<net id="850"><net_src comp="134" pin="0"/><net_sink comp="844" pin=1"/></net>

<net id="856"><net_src comp="256" pin="0"/><net_sink comp="851" pin=0"/></net>

<net id="857"><net_src comp="136" pin="0"/><net_sink comp="851" pin=1"/></net>

<net id="863"><net_src comp="256" pin="0"/><net_sink comp="858" pin=0"/></net>

<net id="864"><net_src comp="138" pin="0"/><net_sink comp="858" pin=1"/></net>

<net id="870"><net_src comp="256" pin="0"/><net_sink comp="865" pin=0"/></net>

<net id="871"><net_src comp="140" pin="0"/><net_sink comp="865" pin=1"/></net>

<net id="877"><net_src comp="256" pin="0"/><net_sink comp="872" pin=0"/></net>

<net id="878"><net_src comp="142" pin="0"/><net_sink comp="872" pin=1"/></net>

<net id="884"><net_src comp="256" pin="0"/><net_sink comp="879" pin=0"/></net>

<net id="885"><net_src comp="144" pin="0"/><net_sink comp="879" pin=1"/></net>

<net id="891"><net_src comp="256" pin="0"/><net_sink comp="886" pin=0"/></net>

<net id="892"><net_src comp="146" pin="0"/><net_sink comp="886" pin=1"/></net>

<net id="898"><net_src comp="256" pin="0"/><net_sink comp="893" pin=0"/></net>

<net id="899"><net_src comp="148" pin="0"/><net_sink comp="893" pin=1"/></net>

<net id="905"><net_src comp="256" pin="0"/><net_sink comp="900" pin=0"/></net>

<net id="906"><net_src comp="150" pin="0"/><net_sink comp="900" pin=1"/></net>

<net id="912"><net_src comp="256" pin="0"/><net_sink comp="907" pin=0"/></net>

<net id="913"><net_src comp="152" pin="0"/><net_sink comp="907" pin=1"/></net>

<net id="918"><net_src comp="636" pin="2"/><net_sink comp="914" pin=0"/></net>

<net id="923"><net_src comp="630" pin="2"/><net_sink comp="919" pin=0"/></net>

<net id="928"><net_src comp="624" pin="2"/><net_sink comp="924" pin=0"/></net>

<net id="933"><net_src comp="618" pin="2"/><net_sink comp="929" pin=0"/></net>

<net id="938"><net_src comp="612" pin="2"/><net_sink comp="934" pin=0"/></net>

<net id="943"><net_src comp="606" pin="2"/><net_sink comp="939" pin=0"/></net>

<net id="948"><net_src comp="600" pin="2"/><net_sink comp="944" pin=0"/></net>

<net id="953"><net_src comp="594" pin="2"/><net_sink comp="949" pin=0"/></net>

<net id="958"><net_src comp="588" pin="2"/><net_sink comp="954" pin=0"/></net>

<net id="963"><net_src comp="582" pin="2"/><net_sink comp="959" pin=0"/></net>

<net id="968"><net_src comp="576" pin="2"/><net_sink comp="964" pin=0"/></net>

<net id="973"><net_src comp="570" pin="2"/><net_sink comp="969" pin=0"/></net>

<net id="978"><net_src comp="564" pin="2"/><net_sink comp="974" pin=0"/></net>

<net id="983"><net_src comp="558" pin="2"/><net_sink comp="979" pin=0"/></net>

<net id="988"><net_src comp="552" pin="2"/><net_sink comp="984" pin=0"/></net>

<net id="993"><net_src comp="546" pin="2"/><net_sink comp="989" pin=0"/></net>

<net id="998"><net_src comp="540" pin="2"/><net_sink comp="994" pin=0"/></net>

<net id="1003"><net_src comp="534" pin="2"/><net_sink comp="999" pin=0"/></net>

<net id="1008"><net_src comp="528" pin="2"/><net_sink comp="1004" pin=0"/></net>

<net id="1013"><net_src comp="522" pin="2"/><net_sink comp="1009" pin=0"/></net>

<net id="1018"><net_src comp="516" pin="2"/><net_sink comp="1014" pin=0"/></net>

<net id="1023"><net_src comp="510" pin="2"/><net_sink comp="1019" pin=0"/></net>

<net id="1028"><net_src comp="504" pin="2"/><net_sink comp="1024" pin=0"/></net>

<net id="1033"><net_src comp="498" pin="2"/><net_sink comp="1029" pin=0"/></net>

<net id="1038"><net_src comp="492" pin="2"/><net_sink comp="1034" pin=0"/></net>

<net id="1043"><net_src comp="486" pin="2"/><net_sink comp="1039" pin=0"/></net>

<net id="1048"><net_src comp="480" pin="2"/><net_sink comp="1044" pin=0"/></net>

<net id="1053"><net_src comp="474" pin="2"/><net_sink comp="1049" pin=0"/></net>

<net id="1058"><net_src comp="468" pin="2"/><net_sink comp="1054" pin=0"/></net>

<net id="1063"><net_src comp="462" pin="2"/><net_sink comp="1059" pin=0"/></net>

<net id="1068"><net_src comp="456" pin="2"/><net_sink comp="1064" pin=0"/></net>

<net id="1073"><net_src comp="450" pin="2"/><net_sink comp="1069" pin=0"/></net>

<net id="1078"><net_src comp="444" pin="2"/><net_sink comp="1074" pin=0"/></net>

<net id="1083"><net_src comp="438" pin="2"/><net_sink comp="1079" pin=0"/></net>

<net id="1088"><net_src comp="432" pin="2"/><net_sink comp="1084" pin=0"/></net>

<net id="1093"><net_src comp="426" pin="2"/><net_sink comp="1089" pin=0"/></net>

<net id="1098"><net_src comp="420" pin="2"/><net_sink comp="1094" pin=0"/></net>

<net id="1103"><net_src comp="414" pin="2"/><net_sink comp="1099" pin=0"/></net>

<net id="1108"><net_src comp="168" pin="0"/><net_sink comp="1104" pin=0"/></net>

<net id="1116"><net_src comp="1109" pin="1"/><net_sink comp="1112" pin=0"/></net>

<net id="1117"><net_src comp="170" pin="0"/><net_sink comp="1112" pin=1"/></net>

<net id="1122"><net_src comp="1109" pin="1"/><net_sink comp="1118" pin=0"/></net>

<net id="1123"><net_src comp="172" pin="0"/><net_sink comp="1118" pin=1"/></net>

<net id="1128"><net_src comp="1118" pin="2"/><net_sink comp="1124" pin=0"/></net>

<net id="1133"><net_src comp="642" pin="2"/><net_sink comp="1129" pin=0"/></net>

<net id="1138"><net_src comp="642" pin="2"/><net_sink comp="1134" pin=0"/></net>

<net id="1143"><net_src comp="642" pin="2"/><net_sink comp="1139" pin=0"/></net>

<net id="1148"><net_src comp="642" pin="2"/><net_sink comp="1144" pin=0"/></net>

<net id="1153"><net_src comp="642" pin="2"/><net_sink comp="1149" pin=0"/></net>

<net id="1158"><net_src comp="642" pin="2"/><net_sink comp="1154" pin=0"/></net>

<net id="1163"><net_src comp="642" pin="2"/><net_sink comp="1159" pin=0"/></net>

<net id="1168"><net_src comp="642" pin="2"/><net_sink comp="1164" pin=0"/></net>

<net id="1173"><net_src comp="642" pin="2"/><net_sink comp="1169" pin=0"/></net>

<net id="1178"><net_src comp="642" pin="2"/><net_sink comp="1174" pin=0"/></net>

<net id="1183"><net_src comp="642" pin="2"/><net_sink comp="1179" pin=0"/></net>

<net id="1188"><net_src comp="642" pin="2"/><net_sink comp="1184" pin=0"/></net>

<net id="1193"><net_src comp="642" pin="2"/><net_sink comp="1189" pin=0"/></net>

<net id="1198"><net_src comp="642" pin="2"/><net_sink comp="1194" pin=0"/></net>

<net id="1203"><net_src comp="642" pin="2"/><net_sink comp="1199" pin=0"/></net>

<net id="1208"><net_src comp="642" pin="2"/><net_sink comp="1204" pin=0"/></net>

<net id="1213"><net_src comp="642" pin="2"/><net_sink comp="1209" pin=0"/></net>

<net id="1218"><net_src comp="642" pin="2"/><net_sink comp="1214" pin=0"/></net>

<net id="1223"><net_src comp="642" pin="2"/><net_sink comp="1219" pin=0"/></net>

<net id="1228"><net_src comp="642" pin="2"/><net_sink comp="1224" pin=0"/></net>

<net id="1233"><net_src comp="642" pin="2"/><net_sink comp="1229" pin=0"/></net>

<net id="1238"><net_src comp="642" pin="2"/><net_sink comp="1234" pin=0"/></net>

<net id="1243"><net_src comp="642" pin="2"/><net_sink comp="1239" pin=0"/></net>

<net id="1248"><net_src comp="642" pin="2"/><net_sink comp="1244" pin=0"/></net>

<net id="1253"><net_src comp="642" pin="2"/><net_sink comp="1249" pin=0"/></net>

<net id="1258"><net_src comp="642" pin="2"/><net_sink comp="1254" pin=0"/></net>

<net id="1263"><net_src comp="642" pin="2"/><net_sink comp="1259" pin=0"/></net>

<net id="1268"><net_src comp="642" pin="2"/><net_sink comp="1264" pin=0"/></net>

<net id="1273"><net_src comp="642" pin="2"/><net_sink comp="1269" pin=0"/></net>

<net id="1278"><net_src comp="642" pin="2"/><net_sink comp="1274" pin=0"/></net>

<net id="1283"><net_src comp="642" pin="2"/><net_sink comp="1279" pin=0"/></net>

<net id="1288"><net_src comp="642" pin="2"/><net_sink comp="1284" pin=0"/></net>

<net id="1293"><net_src comp="642" pin="2"/><net_sink comp="1289" pin=0"/></net>

<net id="1298"><net_src comp="642" pin="2"/><net_sink comp="1294" pin=0"/></net>

<net id="1303"><net_src comp="642" pin="2"/><net_sink comp="1299" pin=0"/></net>

<net id="1308"><net_src comp="642" pin="2"/><net_sink comp="1304" pin=0"/></net>

<net id="1313"><net_src comp="642" pin="2"/><net_sink comp="1309" pin=0"/></net>

<net id="1318"><net_src comp="642" pin="2"/><net_sink comp="1314" pin=0"/></net>

<net id="1322"><net_src comp="1319" pin="1"/><net_sink comp="907" pin=2"/></net>

<net id="1326"><net_src comp="1323" pin="1"/><net_sink comp="900" pin=2"/></net>

<net id="1330"><net_src comp="1327" pin="1"/><net_sink comp="893" pin=2"/></net>

<net id="1334"><net_src comp="1331" pin="1"/><net_sink comp="886" pin=2"/></net>

<net id="1338"><net_src comp="1335" pin="1"/><net_sink comp="879" pin=2"/></net>

<net id="1342"><net_src comp="1339" pin="1"/><net_sink comp="872" pin=2"/></net>

<net id="1346"><net_src comp="1343" pin="1"/><net_sink comp="865" pin=2"/></net>

<net id="1350"><net_src comp="1347" pin="1"/><net_sink comp="858" pin=2"/></net>

<net id="1354"><net_src comp="1351" pin="1"/><net_sink comp="851" pin=2"/></net>

<net id="1358"><net_src comp="1355" pin="1"/><net_sink comp="844" pin=2"/></net>

<net id="1362"><net_src comp="1359" pin="1"/><net_sink comp="837" pin=2"/></net>

<net id="1366"><net_src comp="1363" pin="1"/><net_sink comp="830" pin=2"/></net>

<net id="1370"><net_src comp="1367" pin="1"/><net_sink comp="823" pin=2"/></net>

<net id="1374"><net_src comp="1371" pin="1"/><net_sink comp="816" pin=2"/></net>

<net id="1378"><net_src comp="1375" pin="1"/><net_sink comp="809" pin=2"/></net>

<net id="1382"><net_src comp="1379" pin="1"/><net_sink comp="802" pin=2"/></net>

<net id="1386"><net_src comp="1383" pin="1"/><net_sink comp="795" pin=2"/></net>

<net id="1390"><net_src comp="1387" pin="1"/><net_sink comp="788" pin=2"/></net>

<net id="1394"><net_src comp="1391" pin="1"/><net_sink comp="781" pin=2"/></net>

<net id="1398"><net_src comp="1395" pin="1"/><net_sink comp="774" pin=2"/></net>

<net id="1402"><net_src comp="1399" pin="1"/><net_sink comp="767" pin=2"/></net>

<net id="1406"><net_src comp="1403" pin="1"/><net_sink comp="760" pin=2"/></net>

<net id="1410"><net_src comp="1407" pin="1"/><net_sink comp="753" pin=2"/></net>

<net id="1414"><net_src comp="1411" pin="1"/><net_sink comp="746" pin=2"/></net>

<net id="1418"><net_src comp="1415" pin="1"/><net_sink comp="739" pin=2"/></net>

<net id="1422"><net_src comp="1419" pin="1"/><net_sink comp="732" pin=2"/></net>

<net id="1426"><net_src comp="1423" pin="1"/><net_sink comp="725" pin=2"/></net>

<net id="1430"><net_src comp="1427" pin="1"/><net_sink comp="718" pin=2"/></net>

<net id="1434"><net_src comp="1431" pin="1"/><net_sink comp="711" pin=2"/></net>

<net id="1438"><net_src comp="1435" pin="1"/><net_sink comp="704" pin=2"/></net>

<net id="1442"><net_src comp="1439" pin="1"/><net_sink comp="697" pin=2"/></net>

<net id="1446"><net_src comp="1443" pin="1"/><net_sink comp="690" pin=2"/></net>

<net id="1450"><net_src comp="1447" pin="1"/><net_sink comp="683" pin=2"/></net>

<net id="1454"><net_src comp="1451" pin="1"/><net_sink comp="676" pin=2"/></net>

<net id="1458"><net_src comp="1455" pin="1"/><net_sink comp="669" pin=2"/></net>

<net id="1462"><net_src comp="1459" pin="1"/><net_sink comp="662" pin=2"/></net>

<net id="1466"><net_src comp="1463" pin="1"/><net_sink comp="655" pin=2"/></net>

<net id="1470"><net_src comp="1467" pin="1"/><net_sink comp="648" pin=2"/></net>

<net id="1474"><net_src comp="258" pin="1"/><net_sink comp="1471" pin=0"/></net>

<net id="1475"><net_src comp="1471" pin="1"/><net_sink comp="1104" pin=1"/></net>

<net id="1476"><net_src comp="1471" pin="1"/><net_sink comp="1109" pin=0"/></net>

<net id="1477"><net_src comp="1471" pin="1"/><net_sink comp="1124" pin=1"/></net>

<net id="1481"><net_src comp="262" pin="1"/><net_sink comp="1478" pin=0"/></net>

<net id="1482"><net_src comp="1478" pin="1"/><net_sink comp="1099" pin=1"/></net>

<net id="1483"><net_src comp="1478" pin="1"/><net_sink comp="1129" pin=1"/></net>

<net id="1484"><net_src comp="1478" pin="1"/><net_sink comp="1319" pin=0"/></net>

<net id="1488"><net_src comp="266" pin="1"/><net_sink comp="1485" pin=0"/></net>

<net id="1489"><net_src comp="1485" pin="1"/><net_sink comp="1094" pin=1"/></net>

<net id="1490"><net_src comp="1485" pin="1"/><net_sink comp="1134" pin=1"/></net>

<net id="1491"><net_src comp="1485" pin="1"/><net_sink comp="1323" pin=0"/></net>

<net id="1495"><net_src comp="270" pin="1"/><net_sink comp="1492" pin=0"/></net>

<net id="1496"><net_src comp="1492" pin="1"/><net_sink comp="1089" pin=1"/></net>

<net id="1497"><net_src comp="1492" pin="1"/><net_sink comp="1139" pin=1"/></net>

<net id="1498"><net_src comp="1492" pin="1"/><net_sink comp="1327" pin=0"/></net>

<net id="1502"><net_src comp="274" pin="1"/><net_sink comp="1499" pin=0"/></net>

<net id="1503"><net_src comp="1499" pin="1"/><net_sink comp="1084" pin=1"/></net>

<net id="1504"><net_src comp="1499" pin="1"/><net_sink comp="1144" pin=1"/></net>

<net id="1505"><net_src comp="1499" pin="1"/><net_sink comp="1331" pin=0"/></net>

<net id="1509"><net_src comp="278" pin="1"/><net_sink comp="1506" pin=0"/></net>

<net id="1510"><net_src comp="1506" pin="1"/><net_sink comp="1079" pin=1"/></net>

<net id="1511"><net_src comp="1506" pin="1"/><net_sink comp="1149" pin=1"/></net>

<net id="1512"><net_src comp="1506" pin="1"/><net_sink comp="1335" pin=0"/></net>

<net id="1516"><net_src comp="282" pin="1"/><net_sink comp="1513" pin=0"/></net>

<net id="1517"><net_src comp="1513" pin="1"/><net_sink comp="1074" pin=1"/></net>

<net id="1518"><net_src comp="1513" pin="1"/><net_sink comp="1154" pin=1"/></net>

<net id="1519"><net_src comp="1513" pin="1"/><net_sink comp="1339" pin=0"/></net>

<net id="1523"><net_src comp="286" pin="1"/><net_sink comp="1520" pin=0"/></net>

<net id="1524"><net_src comp="1520" pin="1"/><net_sink comp="1069" pin=1"/></net>

<net id="1525"><net_src comp="1520" pin="1"/><net_sink comp="1159" pin=1"/></net>

<net id="1526"><net_src comp="1520" pin="1"/><net_sink comp="1343" pin=0"/></net>

<net id="1530"><net_src comp="290" pin="1"/><net_sink comp="1527" pin=0"/></net>

<net id="1531"><net_src comp="1527" pin="1"/><net_sink comp="1064" pin=1"/></net>

<net id="1532"><net_src comp="1527" pin="1"/><net_sink comp="1164" pin=1"/></net>

<net id="1533"><net_src comp="1527" pin="1"/><net_sink comp="1347" pin=0"/></net>

<net id="1537"><net_src comp="294" pin="1"/><net_sink comp="1534" pin=0"/></net>

<net id="1538"><net_src comp="1534" pin="1"/><net_sink comp="1059" pin=1"/></net>

<net id="1539"><net_src comp="1534" pin="1"/><net_sink comp="1169" pin=1"/></net>

<net id="1540"><net_src comp="1534" pin="1"/><net_sink comp="1351" pin=0"/></net>

<net id="1544"><net_src comp="298" pin="1"/><net_sink comp="1541" pin=0"/></net>

<net id="1545"><net_src comp="1541" pin="1"/><net_sink comp="1054" pin=1"/></net>

<net id="1546"><net_src comp="1541" pin="1"/><net_sink comp="1174" pin=1"/></net>

<net id="1547"><net_src comp="1541" pin="1"/><net_sink comp="1355" pin=0"/></net>

<net id="1551"><net_src comp="302" pin="1"/><net_sink comp="1548" pin=0"/></net>

<net id="1552"><net_src comp="1548" pin="1"/><net_sink comp="1049" pin=1"/></net>

<net id="1553"><net_src comp="1548" pin="1"/><net_sink comp="1179" pin=1"/></net>

<net id="1554"><net_src comp="1548" pin="1"/><net_sink comp="1359" pin=0"/></net>

<net id="1558"><net_src comp="306" pin="1"/><net_sink comp="1555" pin=0"/></net>

<net id="1559"><net_src comp="1555" pin="1"/><net_sink comp="1044" pin=1"/></net>

<net id="1560"><net_src comp="1555" pin="1"/><net_sink comp="1184" pin=1"/></net>

<net id="1561"><net_src comp="1555" pin="1"/><net_sink comp="1363" pin=0"/></net>

<net id="1565"><net_src comp="310" pin="1"/><net_sink comp="1562" pin=0"/></net>

<net id="1566"><net_src comp="1562" pin="1"/><net_sink comp="1039" pin=1"/></net>

<net id="1567"><net_src comp="1562" pin="1"/><net_sink comp="1189" pin=1"/></net>

<net id="1568"><net_src comp="1562" pin="1"/><net_sink comp="1367" pin=0"/></net>

<net id="1572"><net_src comp="314" pin="1"/><net_sink comp="1569" pin=0"/></net>

<net id="1573"><net_src comp="1569" pin="1"/><net_sink comp="1034" pin=1"/></net>

<net id="1574"><net_src comp="1569" pin="1"/><net_sink comp="1194" pin=1"/></net>

<net id="1575"><net_src comp="1569" pin="1"/><net_sink comp="1371" pin=0"/></net>

<net id="1579"><net_src comp="318" pin="1"/><net_sink comp="1576" pin=0"/></net>

<net id="1580"><net_src comp="1576" pin="1"/><net_sink comp="1029" pin=1"/></net>

<net id="1581"><net_src comp="1576" pin="1"/><net_sink comp="1199" pin=1"/></net>

<net id="1582"><net_src comp="1576" pin="1"/><net_sink comp="1375" pin=0"/></net>

<net id="1586"><net_src comp="322" pin="1"/><net_sink comp="1583" pin=0"/></net>

<net id="1587"><net_src comp="1583" pin="1"/><net_sink comp="1024" pin=1"/></net>

<net id="1588"><net_src comp="1583" pin="1"/><net_sink comp="1204" pin=1"/></net>

<net id="1589"><net_src comp="1583" pin="1"/><net_sink comp="1379" pin=0"/></net>

<net id="1593"><net_src comp="326" pin="1"/><net_sink comp="1590" pin=0"/></net>

<net id="1594"><net_src comp="1590" pin="1"/><net_sink comp="1019" pin=1"/></net>

<net id="1595"><net_src comp="1590" pin="1"/><net_sink comp="1209" pin=1"/></net>

<net id="1596"><net_src comp="1590" pin="1"/><net_sink comp="1383" pin=0"/></net>

<net id="1600"><net_src comp="330" pin="1"/><net_sink comp="1597" pin=0"/></net>

<net id="1601"><net_src comp="1597" pin="1"/><net_sink comp="1014" pin=1"/></net>

<net id="1602"><net_src comp="1597" pin="1"/><net_sink comp="1214" pin=1"/></net>

<net id="1603"><net_src comp="1597" pin="1"/><net_sink comp="1387" pin=0"/></net>

<net id="1607"><net_src comp="334" pin="1"/><net_sink comp="1604" pin=0"/></net>

<net id="1608"><net_src comp="1604" pin="1"/><net_sink comp="1009" pin=1"/></net>

<net id="1609"><net_src comp="1604" pin="1"/><net_sink comp="1219" pin=1"/></net>

<net id="1610"><net_src comp="1604" pin="1"/><net_sink comp="1391" pin=0"/></net>

<net id="1614"><net_src comp="338" pin="1"/><net_sink comp="1611" pin=0"/></net>

<net id="1615"><net_src comp="1611" pin="1"/><net_sink comp="1004" pin=1"/></net>

<net id="1616"><net_src comp="1611" pin="1"/><net_sink comp="1224" pin=1"/></net>

<net id="1617"><net_src comp="1611" pin="1"/><net_sink comp="1395" pin=0"/></net>

<net id="1621"><net_src comp="342" pin="1"/><net_sink comp="1618" pin=0"/></net>

<net id="1622"><net_src comp="1618" pin="1"/><net_sink comp="999" pin=1"/></net>

<net id="1623"><net_src comp="1618" pin="1"/><net_sink comp="1229" pin=1"/></net>

<net id="1624"><net_src comp="1618" pin="1"/><net_sink comp="1399" pin=0"/></net>

<net id="1628"><net_src comp="346" pin="1"/><net_sink comp="1625" pin=0"/></net>

<net id="1629"><net_src comp="1625" pin="1"/><net_sink comp="994" pin=1"/></net>

<net id="1630"><net_src comp="1625" pin="1"/><net_sink comp="1234" pin=1"/></net>

<net id="1631"><net_src comp="1625" pin="1"/><net_sink comp="1403" pin=0"/></net>

<net id="1635"><net_src comp="350" pin="1"/><net_sink comp="1632" pin=0"/></net>

<net id="1636"><net_src comp="1632" pin="1"/><net_sink comp="989" pin=1"/></net>

<net id="1637"><net_src comp="1632" pin="1"/><net_sink comp="1239" pin=1"/></net>

<net id="1638"><net_src comp="1632" pin="1"/><net_sink comp="1407" pin=0"/></net>

<net id="1642"><net_src comp="354" pin="1"/><net_sink comp="1639" pin=0"/></net>

<net id="1643"><net_src comp="1639" pin="1"/><net_sink comp="984" pin=1"/></net>

<net id="1644"><net_src comp="1639" pin="1"/><net_sink comp="1244" pin=1"/></net>

<net id="1645"><net_src comp="1639" pin="1"/><net_sink comp="1411" pin=0"/></net>

<net id="1649"><net_src comp="358" pin="1"/><net_sink comp="1646" pin=0"/></net>

<net id="1650"><net_src comp="1646" pin="1"/><net_sink comp="979" pin=1"/></net>

<net id="1651"><net_src comp="1646" pin="1"/><net_sink comp="1249" pin=1"/></net>

<net id="1652"><net_src comp="1646" pin="1"/><net_sink comp="1415" pin=0"/></net>

<net id="1656"><net_src comp="362" pin="1"/><net_sink comp="1653" pin=0"/></net>

<net id="1657"><net_src comp="1653" pin="1"/><net_sink comp="974" pin=1"/></net>

<net id="1658"><net_src comp="1653" pin="1"/><net_sink comp="1254" pin=1"/></net>

<net id="1659"><net_src comp="1653" pin="1"/><net_sink comp="1419" pin=0"/></net>

<net id="1663"><net_src comp="366" pin="1"/><net_sink comp="1660" pin=0"/></net>

<net id="1664"><net_src comp="1660" pin="1"/><net_sink comp="969" pin=1"/></net>

<net id="1665"><net_src comp="1660" pin="1"/><net_sink comp="1259" pin=1"/></net>

<net id="1666"><net_src comp="1660" pin="1"/><net_sink comp="1423" pin=0"/></net>

<net id="1670"><net_src comp="370" pin="1"/><net_sink comp="1667" pin=0"/></net>

<net id="1671"><net_src comp="1667" pin="1"/><net_sink comp="964" pin=1"/></net>

<net id="1672"><net_src comp="1667" pin="1"/><net_sink comp="1264" pin=1"/></net>

<net id="1673"><net_src comp="1667" pin="1"/><net_sink comp="1427" pin=0"/></net>

<net id="1677"><net_src comp="374" pin="1"/><net_sink comp="1674" pin=0"/></net>

<net id="1678"><net_src comp="1674" pin="1"/><net_sink comp="959" pin=1"/></net>

<net id="1679"><net_src comp="1674" pin="1"/><net_sink comp="1269" pin=1"/></net>

<net id="1680"><net_src comp="1674" pin="1"/><net_sink comp="1431" pin=0"/></net>

<net id="1684"><net_src comp="378" pin="1"/><net_sink comp="1681" pin=0"/></net>

<net id="1685"><net_src comp="1681" pin="1"/><net_sink comp="954" pin=1"/></net>

<net id="1686"><net_src comp="1681" pin="1"/><net_sink comp="1274" pin=1"/></net>

<net id="1687"><net_src comp="1681" pin="1"/><net_sink comp="1435" pin=0"/></net>

<net id="1691"><net_src comp="382" pin="1"/><net_sink comp="1688" pin=0"/></net>

<net id="1692"><net_src comp="1688" pin="1"/><net_sink comp="949" pin=1"/></net>

<net id="1693"><net_src comp="1688" pin="1"/><net_sink comp="1279" pin=1"/></net>

<net id="1694"><net_src comp="1688" pin="1"/><net_sink comp="1439" pin=0"/></net>

<net id="1698"><net_src comp="386" pin="1"/><net_sink comp="1695" pin=0"/></net>

<net id="1699"><net_src comp="1695" pin="1"/><net_sink comp="944" pin=1"/></net>

<net id="1700"><net_src comp="1695" pin="1"/><net_sink comp="1284" pin=1"/></net>

<net id="1701"><net_src comp="1695" pin="1"/><net_sink comp="1443" pin=0"/></net>

<net id="1705"><net_src comp="390" pin="1"/><net_sink comp="1702" pin=0"/></net>

<net id="1706"><net_src comp="1702" pin="1"/><net_sink comp="939" pin=1"/></net>

<net id="1707"><net_src comp="1702" pin="1"/><net_sink comp="1289" pin=1"/></net>

<net id="1708"><net_src comp="1702" pin="1"/><net_sink comp="1447" pin=0"/></net>

<net id="1712"><net_src comp="394" pin="1"/><net_sink comp="1709" pin=0"/></net>

<net id="1713"><net_src comp="1709" pin="1"/><net_sink comp="934" pin=1"/></net>

<net id="1714"><net_src comp="1709" pin="1"/><net_sink comp="1294" pin=1"/></net>

<net id="1715"><net_src comp="1709" pin="1"/><net_sink comp="1451" pin=0"/></net>

<net id="1719"><net_src comp="398" pin="1"/><net_sink comp="1716" pin=0"/></net>

<net id="1720"><net_src comp="1716" pin="1"/><net_sink comp="929" pin=1"/></net>

<net id="1721"><net_src comp="1716" pin="1"/><net_sink comp="1299" pin=1"/></net>

<net id="1722"><net_src comp="1716" pin="1"/><net_sink comp="1455" pin=0"/></net>

<net id="1726"><net_src comp="402" pin="1"/><net_sink comp="1723" pin=0"/></net>

<net id="1727"><net_src comp="1723" pin="1"/><net_sink comp="924" pin=1"/></net>

<net id="1728"><net_src comp="1723" pin="1"/><net_sink comp="1304" pin=1"/></net>

<net id="1729"><net_src comp="1723" pin="1"/><net_sink comp="1459" pin=0"/></net>

<net id="1733"><net_src comp="406" pin="1"/><net_sink comp="1730" pin=0"/></net>

<net id="1734"><net_src comp="1730" pin="1"/><net_sink comp="919" pin=1"/></net>

<net id="1735"><net_src comp="1730" pin="1"/><net_sink comp="1309" pin=1"/></net>

<net id="1736"><net_src comp="1730" pin="1"/><net_sink comp="1463" pin=0"/></net>

<net id="1740"><net_src comp="410" pin="1"/><net_sink comp="1737" pin=0"/></net>

<net id="1741"><net_src comp="1737" pin="1"/><net_sink comp="914" pin=1"/></net>

<net id="1742"><net_src comp="1737" pin="1"/><net_sink comp="1314" pin=1"/></net>

<net id="1743"><net_src comp="1737" pin="1"/><net_sink comp="1467" pin=0"/></net>

<net id="1747"><net_src comp="1109" pin="1"/><net_sink comp="1744" pin=0"/></net>

</net_list>

</model> 
---------------- Datapath Model END ------------------

* FSMD analyzer results:
  - Output states:
	Port: p_out | {1 }
	Port: p_out1 | {1 }
	Port: p_out2 | {1 }
	Port: p_out3 | {1 }
	Port: p_out4 | {1 }
	Port: p_out5 | {1 }
	Port: p_out6 | {1 }
	Port: p_out7 | {1 }
	Port: p_out8 | {1 }
	Port: p_out9 | {1 }
	Port: p_out10 | {1 }
	Port: p_out11 | {1 }
	Port: p_out12 | {1 }
	Port: p_out13 | {1 }
	Port: p_out14 | {1 }
	Port: p_out15 | {1 }
	Port: p_out16 | {1 }
	Port: p_out17 | {1 }
	Port: p_out18 | {1 }
	Port: p_out19 | {1 }
	Port: p_out20 | {1 }
	Port: p_out21 | {1 }
	Port: p_out22 | {1 }
	Port: p_out23 | {1 }
	Port: p_out24 | {1 }
	Port: p_out25 | {1 }
	Port: p_out26 | {1 }
	Port: p_out27 | {1 }
	Port: p_out28 | {1 }
	Port: p_out29 | {1 }
	Port: p_out30 | {1 }
	Port: p_out31 | {1 }
	Port: p_out32 | {1 }
	Port: p_out33 | {1 }
	Port: p_out34 | {1 }
	Port: p_out35 | {1 }
	Port: p_out36 | {1 }
	Port: p_out37 | {1 }
 - Input state : 
	Port: (anonymous namespace)RunGSULayer0StreamParallelQ610_Pipeline_VITIS_LOOP_1765_1 : input_buffer_1156 | {1 }
	Port: (anonymous namespace)RunGSULayer0StreamParallelQ610_Pipeline_VITIS_LOOP_1765_1 : input_buffer | {1 }
	Port: (anonymous namespace)RunGSULayer0StreamParallelQ610_Pipeline_VITIS_LOOP_1765_1 : input_buffer_1120 | {1 }
	Port: (anonymous namespace)RunGSULayer0StreamParallelQ610_Pipeline_VITIS_LOOP_1765_1 : input_buffer_1121 | {1 }
	Port: (anonymous namespace)RunGSULayer0StreamParallelQ610_Pipeline_VITIS_LOOP_1765_1 : input_buffer_1122 | {1 }
	Port: (anonymous namespace)RunGSULayer0StreamParallelQ610_Pipeline_VITIS_LOOP_1765_1 : input_buffer_1123 | {1 }
	Port: (anonymous namespace)RunGSULayer0StreamParallelQ610_Pipeline_VITIS_LOOP_1765_1 : input_buffer_1124 | {1 }
	Port: (anonymous namespace)RunGSULayer0StreamParallelQ610_Pipeline_VITIS_LOOP_1765_1 : input_buffer_1125 | {1 }
	Port: (anonymous namespace)RunGSULayer0StreamParallelQ610_Pipeline_VITIS_LOOP_1765_1 : input_buffer_1126 | {1 }
	Port: (anonymous namespace)RunGSULayer0StreamParallelQ610_Pipeline_VITIS_LOOP_1765_1 : input_buffer_1127 | {1 }
	Port: (anonymous namespace)RunGSULayer0StreamParallelQ610_Pipeline_VITIS_LOOP_1765_1 : input_buffer_1128 | {1 }
	Port: (anonymous namespace)RunGSULayer0StreamParallelQ610_Pipeline_VITIS_LOOP_1765_1 : input_buffer_1129 | {1 }
	Port: (anonymous namespace)RunGSULayer0StreamParallelQ610_Pipeline_VITIS_LOOP_1765_1 : input_buffer_1130 | {1 }
	Port: (anonymous namespace)RunGSULayer0StreamParallelQ610_Pipeline_VITIS_LOOP_1765_1 : input_buffer_1131 | {1 }
	Port: (anonymous namespace)RunGSULayer0StreamParallelQ610_Pipeline_VITIS_LOOP_1765_1 : input_buffer_1132 | {1 }
	Port: (anonymous namespace)RunGSULayer0StreamParallelQ610_Pipeline_VITIS_LOOP_1765_1 : input_buffer_1133 | {1 }
	Port: (anonymous namespace)RunGSULayer0StreamParallelQ610_Pipeline_VITIS_LOOP_1765_1 : input_buffer_1134 | {1 }
	Port: (anonymous namespace)RunGSULayer0StreamParallelQ610_Pipeline_VITIS_LOOP_1765_1 : input_buffer_1135 | {1 }
	Port: (anonymous namespace)RunGSULayer0StreamParallelQ610_Pipeline_VITIS_LOOP_1765_1 : input_buffer_1136 | {1 }
	Port: (anonymous namespace)RunGSULayer0StreamParallelQ610_Pipeline_VITIS_LOOP_1765_1 : input_buffer_1137 | {1 }
	Port: (anonymous namespace)RunGSULayer0StreamParallelQ610_Pipeline_VITIS_LOOP_1765_1 : input_buffer_1138 | {1 }
	Port: (anonymous namespace)RunGSULayer0StreamParallelQ610_Pipeline_VITIS_LOOP_1765_1 : input_buffer_1139 | {1 }
	Port: (anonymous namespace)RunGSULayer0StreamParallelQ610_Pipeline_VITIS_LOOP_1765_1 : input_buffer_1140 | {1 }
	Port: (anonymous namespace)RunGSULayer0StreamParallelQ610_Pipeline_VITIS_LOOP_1765_1 : input_buffer_1141 | {1 }
	Port: (anonymous namespace)RunGSULayer0StreamParallelQ610_Pipeline_VITIS_LOOP_1765_1 : input_buffer_1142 | {1 }
	Port: (anonymous namespace)RunGSULayer0StreamParallelQ610_Pipeline_VITIS_LOOP_1765_1 : input_buffer_1143 | {1 }
	Port: (anonymous namespace)RunGSULayer0StreamParallelQ610_Pipeline_VITIS_LOOP_1765_1 : input_buffer_1144 | {1 }
	Port: (anonymous namespace)RunGSULayer0StreamParallelQ610_Pipeline_VITIS_LOOP_1765_1 : input_buffer_1145 | {1 }
	Port: (anonymous namespace)RunGSULayer0StreamParallelQ610_Pipeline_VITIS_LOOP_1765_1 : input_buffer_1146 | {1 }
	Port: (anonymous namespace)RunGSULayer0StreamParallelQ610_Pipeline_VITIS_LOOP_1765_1 : input_buffer_1147 | {1 }
	Port: (anonymous namespace)RunGSULayer0StreamParallelQ610_Pipeline_VITIS_LOOP_1765_1 : input_buffer_1148 | {1 }
	Port: (anonymous namespace)RunGSULayer0StreamParallelQ610_Pipeline_VITIS_LOOP_1765_1 : input_buffer_1149 | {1 }
	Port: (anonymous namespace)RunGSULayer0StreamParallelQ610_Pipeline_VITIS_LOOP_1765_1 : input_buffer_1150 | {1 }
	Port: (anonymous namespace)RunGSULayer0StreamParallelQ610_Pipeline_VITIS_LOOP_1765_1 : input_buffer_1151 | {1 }
	Port: (anonymous namespace)RunGSULayer0StreamParallelQ610_Pipeline_VITIS_LOOP_1765_1 : input_buffer_1152 | {1 }
	Port: (anonymous namespace)RunGSULayer0StreamParallelQ610_Pipeline_VITIS_LOOP_1765_1 : input_buffer_1153 | {1 }
	Port: (anonymous namespace)RunGSULayer0StreamParallelQ610_Pipeline_VITIS_LOOP_1765_1 : input_buffer_1154 | {1 }
	Port: (anonymous namespace)RunGSULayer0StreamParallelQ610_Pipeline_VITIS_LOOP_1765_1 : input_buffer_1155 | {1 }
	Port: (anonymous namespace)RunGSULayer0StreamParallelQ610_Pipeline_VITIS_LOOP_1765_1 : sequence_stream | {2 }
  - Chain level:
	State 1
		store_ln1765 : 1
		index_11 : 1
		icmp_ln1765 : 2
		add_ln1765 : 2
		br_ln1765 : 3
		switch_ln1767 : 2
		store_ln1765 : 3
		p_load113 : 1
		p_load112 : 1
		p_load111 : 1
		p_load110 : 1
		p_load109 : 1
		p_load108 : 1
		p_load107 : 1
		p_load106 : 1
		p_load105 : 1
		p_load104 : 1
		p_load103 : 1
		p_load102 : 1
		p_load101 : 1
		p_load100 : 1
		p_load99 : 1
		p_load98 : 1
		p_load97 : 1
		p_load96 : 1
		p_load95 : 1
		p_load94 : 1
		p_load93 : 1
		p_load92 : 1
		p_load91 : 1
		p_load90 : 1
		p_load89 : 1
		p_load88 : 1
		p_load87 : 1
		p_load86 : 1
		p_load85 : 1
		p_load84 : 1
		p_load83 : 1
		p_load82 : 1
		p_load81 : 1
		p_load80 : 1
		p_load79 : 1
		p_load78 : 1
		p_load77 : 1
		p_load : 1
		write_ln0 : 2
		write_ln0 : 2
		write_ln0 : 2
		write_ln0 : 2
		write_ln0 : 2
		write_ln0 : 2
		write_ln0 : 2
		write_ln0 : 2
		write_ln0 : 2
		write_ln0 : 2
		write_ln0 : 2
		write_ln0 : 2
		write_ln0 : 2
		write_ln0 : 2
		write_ln0 : 2
		write_ln0 : 2
		write_ln0 : 2
		write_ln0 : 2
		write_ln0 : 2
		write_ln0 : 2
		write_ln0 : 2
		write_ln0 : 2
		write_ln0 : 2
		write_ln0 : 2
		write_ln0 : 2
		write_ln0 : 2
		write_ln0 : 2
		write_ln0 : 2
		write_ln0 : 2
		write_ln0 : 2
		write_ln0 : 2
		write_ln0 : 2
		write_ln0 : 2
		write_ln0 : 2
		write_ln0 : 2
		write_ln0 : 2
		write_ln0 : 2
		write_ln0 : 2
	State 2


============================================================
+ Verbose Summary: Datapath Resource usage 
============================================================

* Functional unit list:
|----------|------------------------------------|---------|---------|
| Operation|           Functional Unit          |    FF   |   LUT   |
|----------|------------------------------------|---------|---------|
|   icmp   |         icmp_ln1765_fu_1112        |    0    |    14   |
|----------|------------------------------------|---------|---------|
|    add   |         add_ln1765_fu_1118         |    0    |    14   |
|----------|------------------------------------|---------|---------|
|          | input_buffer_1155_read_read_fu_414 |    0    |    0    |
|          | input_buffer_1154_read_read_fu_420 |    0    |    0    |
|          | input_buffer_1153_read_read_fu_426 |    0    |    0    |
|          | input_buffer_1152_read_read_fu_432 |    0    |    0    |
|          | input_buffer_1151_read_read_fu_438 |    0    |    0    |
|          | input_buffer_1150_read_read_fu_444 |    0    |    0    |
|          | input_buffer_1149_read_read_fu_450 |    0    |    0    |
|          | input_buffer_1148_read_read_fu_456 |    0    |    0    |
|          | input_buffer_1147_read_read_fu_462 |    0    |    0    |
|          | input_buffer_1146_read_read_fu_468 |    0    |    0    |
|          | input_buffer_1145_read_read_fu_474 |    0    |    0    |
|          | input_buffer_1144_read_read_fu_480 |    0    |    0    |
|          | input_buffer_1143_read_read_fu_486 |    0    |    0    |
|          | input_buffer_1142_read_read_fu_492 |    0    |    0    |
|          | input_buffer_1141_read_read_fu_498 |    0    |    0    |
|          | input_buffer_1140_read_read_fu_504 |    0    |    0    |
|          | input_buffer_1139_read_read_fu_510 |    0    |    0    |
|          | input_buffer_1138_read_read_fu_516 |    0    |    0    |
|          | input_buffer_1137_read_read_fu_522 |    0    |    0    |
|   read   | input_buffer_1136_read_read_fu_528 |    0    |    0    |
|          | input_buffer_1135_read_read_fu_534 |    0    |    0    |
|          | input_buffer_1134_read_read_fu_540 |    0    |    0    |
|          | input_buffer_1133_read_read_fu_546 |    0    |    0    |
|          | input_buffer_1132_read_read_fu_552 |    0    |    0    |
|          | input_buffer_1131_read_read_fu_558 |    0    |    0    |
|          | input_buffer_1130_read_read_fu_564 |    0    |    0    |
|          | input_buffer_1129_read_read_fu_570 |    0    |    0    |
|          | input_buffer_1128_read_read_fu_576 |    0    |    0    |
|          | input_buffer_1127_read_read_fu_582 |    0    |    0    |
|          | input_buffer_1126_read_read_fu_588 |    0    |    0    |
|          | input_buffer_1125_read_read_fu_594 |    0    |    0    |
|          | input_buffer_1124_read_read_fu_600 |    0    |    0    |
|          | input_buffer_1123_read_read_fu_606 |    0    |    0    |
|          | input_buffer_1122_read_read_fu_612 |    0    |    0    |
|          | input_buffer_1121_read_read_fu_618 |    0    |    0    |
|          | input_buffer_1120_read_read_fu_624 |    0    |    0    |
|          |    input_buffer_read_read_fu_630   |    0    |    0    |
|          | input_buffer_1156_read_read_fu_636 |    0    |    0    |
|          |  sequence_stream_read_read_fu_642  |    0    |    0    |
|----------|------------------------------------|---------|---------|
|          |       write_ln0_write_fu_648       |    0    |    0    |
|          |       write_ln0_write_fu_655       |    0    |    0    |
|          |       write_ln0_write_fu_662       |    0    |    0    |
|          |       write_ln0_write_fu_669       |    0    |    0    |
|          |       write_ln0_write_fu_676       |    0    |    0    |
|          |       write_ln0_write_fu_683       |    0    |    0    |
|          |       write_ln0_write_fu_690       |    0    |    0    |
|          |       write_ln0_write_fu_697       |    0    |    0    |
|          |       write_ln0_write_fu_704       |    0    |    0    |
|          |       write_ln0_write_fu_711       |    0    |    0    |
|          |       write_ln0_write_fu_718       |    0    |    0    |
|          |       write_ln0_write_fu_725       |    0    |    0    |
|          |       write_ln0_write_fu_732       |    0    |    0    |
|          |       write_ln0_write_fu_739       |    0    |    0    |
|          |       write_ln0_write_fu_746       |    0    |    0    |
|          |       write_ln0_write_fu_753       |    0    |    0    |
|          |       write_ln0_write_fu_760       |    0    |    0    |
|          |       write_ln0_write_fu_767       |    0    |    0    |
|   write  |       write_ln0_write_fu_774       |    0    |    0    |
|          |       write_ln0_write_fu_781       |    0    |    0    |
|          |       write_ln0_write_fu_788       |    0    |    0    |
|          |       write_ln0_write_fu_795       |    0    |    0    |
|          |       write_ln0_write_fu_802       |    0    |    0    |
|          |       write_ln0_write_fu_809       |    0    |    0    |
|          |       write_ln0_write_fu_816       |    0    |    0    |
|          |       write_ln0_write_fu_823       |    0    |    0    |
|          |       write_ln0_write_fu_830       |    0    |    0    |
|          |       write_ln0_write_fu_837       |    0    |    0    |
|          |       write_ln0_write_fu_844       |    0    |    0    |
|          |       write_ln0_write_fu_851       |    0    |    0    |
|          |       write_ln0_write_fu_858       |    0    |    0    |
|          |       write_ln0_write_fu_865       |    0    |    0    |
|          |       write_ln0_write_fu_872       |    0    |    0    |
|          |       write_ln0_write_fu_879       |    0    |    0    |
|          |       write_ln0_write_fu_886       |    0    |    0    |
|          |       write_ln0_write_fu_893       |    0    |    0    |
|          |       write_ln0_write_fu_900       |    0    |    0    |
|          |       write_ln0_write_fu_907       |    0    |    0    |
|----------|------------------------------------|---------|---------|
|   Total  |                                    |    0    |    28   |
|----------|------------------------------------|---------|---------|

Memories:
N/A

* Register list:
+-------------------+--------+
|                   |   FF   |
+-------------------+--------+
|empty_1007_reg_1485|   16   |
|empty_1008_reg_1492|   16   |
|empty_1009_reg_1499|   16   |
|empty_1010_reg_1506|   16   |
|empty_1011_reg_1513|   16   |
|empty_1012_reg_1520|   16   |
|empty_1013_reg_1527|   16   |
|empty_1014_reg_1534|   16   |
|empty_1015_reg_1541|   16   |
|empty_1016_reg_1548|   16   |
|empty_1017_reg_1555|   16   |
|empty_1018_reg_1562|   16   |
|empty_1019_reg_1569|   16   |
|empty_1020_reg_1576|   16   |
|empty_1021_reg_1583|   16   |
|empty_1022_reg_1590|   16   |
|empty_1023_reg_1597|   16   |
|empty_1024_reg_1604|   16   |
|empty_1025_reg_1611|   16   |
|empty_1026_reg_1618|   16   |
|empty_1027_reg_1625|   16   |
|empty_1028_reg_1632|   16   |
|empty_1029_reg_1639|   16   |
|empty_1030_reg_1646|   16   |
|empty_1031_reg_1653|   16   |
|empty_1032_reg_1660|   16   |
|empty_1033_reg_1667|   16   |
|empty_1034_reg_1674|   16   |
|empty_1035_reg_1681|   16   |
|empty_1036_reg_1688|   16   |
|empty_1037_reg_1695|   16   |
|empty_1038_reg_1702|   16   |
|empty_1039_reg_1709|   16   |
|empty_1040_reg_1716|   16   |
|empty_1041_reg_1723|   16   |
|empty_1042_reg_1730|   16   |
|empty_1043_reg_1737|   16   |
|   empty_reg_1478  |   16   |
| index_11_reg_1744 |    6   |
|   index_reg_1471  |    6   |
+-------------------+--------+
|       Total       |   620  |
+-------------------+--------+

* Multiplexer (MUX) list: 
|--------|------|------|------|--------|
|  Comp  |  Pin | Size |  BW  | S x BW |
|--------|------|------|------|--------|
|  Total |      |      |      |    0   |
|--------|------|------|------|--------|



* Summary:
+-----------+--------+--------+
|           |   FF   |   LUT  |
+-----------+--------+--------+
|  Function |    0   |   28   |
|   Memory  |    -   |    -   |
|Multiplexer|    -   |    -   |
|  Register |   620  |    -   |
+-----------+--------+--------+
|   Total   |   620  |   28   |
+-----------+--------+--------+
