

================================================================
== Vitis HLS Report for 'p_anonymous_namespace_RunGSUMacPhaseBand0Q610_Pipeline_VITIS_LOOP_1833_210'
================================================================
* Date:           Wed May 13 19:58:33 2026

* Version:        2023.2 (Build 4023990 on Oct 11 2023)
* Project:        subband_q610_zybo_z7_20_hls
* Solution:       solution1 (Vivado IP Flow Target)
* Product family: zynq
* Target device:  xc7z020-clg400-1


================================================================
== Performance Estimates
================================================================
+ Timing: 
    * Summary: 
    +--------+----------+----------+------------+
    |  Clock |  Target  | Estimated| Uncertainty|
    +--------+----------+----------+------------+
    |ap_clk  |  10.00 ns|  6.573 ns|     2.70 ns|
    +--------+----------+----------+------------+

+ Latency: 
    * Summary: 
    +---------+---------+----------+----------+-----+-----+---------+
    |  Latency (cycles) |  Latency (absolute) |  Interval | Pipeline|
    |   min   |   max   |    min   |    max   | min | max |   Type  |
    +---------+---------+----------+----------+-----+-----+---------+
    |       11|       11|  0.110 us|  0.110 us|   11|   11|       no|
    +---------+---------+----------+----------+-----+-----+---------+

    + Detail: 
        * Instance: 
        N/A

        * Loop: 
        +---------------------+---------+---------+----------+-----------+-----------+------+----------+
        |                     |  Latency (cycles) | Iteration|  Initiation Interval  | Trip |          |
        |      Loop Name      |   min   |   max   |  Latency |  achieved |   target  | Count| Pipelined|
        +---------------------+---------+---------+----------+-----------+-----------+------+----------+
        |- VITIS_LOOP_1833_2  |        9|        9|         4|          1|          1|     7|       yes|
        +---------------------+---------+---------+----------+-----------+-----------+------+----------+

============================================================
+ Verbose Summary: Synthesis Manager
============================================================
InlineROM: 1
ExposeGlobal: 0
============================================================
+ Verbose Summary: CDFG Model
============================================================
IsTopModel: 0
ResetActiveHigh: 1
IsCombinational: 0
IsDatapathOnly: 0
HasWiredReturn: 1
HasMFsm: 2
HasVarLatency: 1
IsPipeline: 0
IsRtlPipelined: 0
IsInstanceOverlapped: 0
IsDontTouch: 0
HasImplIP: 0
IsGatedGlobalClock: 0

+ Individual pipeline summary: 
  * Pipeline-0: initiation interval (II) = 1, depth = 4


============================================================
+ Verbose Summary: Schedule
============================================================
* Number of FSM states : 4
* Pipeline : 1
  Pipeline-0 : II = 1, D = 4, States = { 1 2 3 4 }
* Dataflow Pipeline: 0

* FSM state transitions: 
1 --> 2 
2 --> 3 
3 --> 4 
4 --> 

* FSM state operations: 

State 1 <SV = 0> <Delay = 6.57>
ST_1 : Operation 7 [1/1] (0.00ns)   --->   "%empty = alloca i32 1"   --->   Operation 7 'alloca' 'empty' <Predicate = true> <Delay = 0.00>
ST_1 : Operation 8 [1/1] (0.00ns)   --->   "%empty_717 = alloca i32 1"   --->   Operation 8 'alloca' 'empty_717' <Predicate = true> <Delay = 0.00>
ST_1 : Operation 9 [1/1] (0.00ns)   --->   "%empty_718 = alloca i32 1"   --->   Operation 9 'alloca' 'empty_718' <Predicate = true> <Delay = 0.00>
ST_1 : Operation 10 [1/1] (0.00ns)   --->   "%empty_719 = alloca i32 1"   --->   Operation 10 'alloca' 'empty_719' <Predicate = true> <Delay = 0.00>
ST_1 : Operation 11 [1/1] (0.00ns)   --->   "%empty_720 = alloca i32 1"   --->   Operation 11 'alloca' 'empty_720' <Predicate = true> <Delay = 0.00>
ST_1 : Operation 12 [1/1] (0.00ns)   --->   "%empty_721 = alloca i32 1"   --->   Operation 12 'alloca' 'empty_721' <Predicate = true> <Delay = 0.00>
ST_1 : Operation 13 [1/1] (0.00ns)   --->   "%empty_722 = alloca i32 1"   --->   Operation 13 'alloca' 'empty_722' <Predicate = true> <Delay = 0.00>
ST_1 : Operation 14 [1/1] (0.00ns)   --->   "%empty_723 = alloca i32 1"   --->   Operation 14 'alloca' 'empty_723' <Predicate = true> <Delay = 0.00>
ST_1 : Operation 15 [1/1] (0.00ns)   --->   "%empty_724 = alloca i32 1"   --->   Operation 15 'alloca' 'empty_724' <Predicate = true> <Delay = 0.00>
ST_1 : Operation 16 [1/1] (0.00ns)   --->   "%empty_725 = alloca i32 1"   --->   Operation 16 'alloca' 'empty_725' <Predicate = true> <Delay = 0.00>
ST_1 : Operation 17 [1/1] (0.00ns)   --->   "%empty_726 = alloca i32 1"   --->   Operation 17 'alloca' 'empty_726' <Predicate = true> <Delay = 0.00>
ST_1 : Operation 18 [1/1] (0.00ns)   --->   "%empty_727 = alloca i32 1"   --->   Operation 18 'alloca' 'empty_727' <Predicate = true> <Delay = 0.00>
ST_1 : Operation 19 [1/1] (0.00ns)   --->   "%empty_728 = alloca i32 1"   --->   Operation 19 'alloca' 'empty_728' <Predicate = true> <Delay = 0.00>
ST_1 : Operation 20 [1/1] (0.00ns)   --->   "%empty_729 = alloca i32 1"   --->   Operation 20 'alloca' 'empty_729' <Predicate = true> <Delay = 0.00>
ST_1 : Operation 21 [1/1] (0.00ns)   --->   "%empty_730 = alloca i32 1"   --->   Operation 21 'alloca' 'empty_730' <Predicate = true> <Delay = 0.00>
ST_1 : Operation 22 [1/1] (0.00ns)   --->   "%empty_731 = alloca i32 1"   --->   Operation 22 'alloca' 'empty_731' <Predicate = true> <Delay = 0.00>
ST_1 : Operation 23 [1/1] (0.00ns)   --->   "%empty_732 = alloca i32 1"   --->   Operation 23 'alloca' 'empty_732' <Predicate = true> <Delay = 0.00>
ST_1 : Operation 24 [1/1] (0.00ns)   --->   "%empty_733 = alloca i32 1"   --->   Operation 24 'alloca' 'empty_733' <Predicate = true> <Delay = 0.00>
ST_1 : Operation 25 [1/1] (0.00ns)   --->   "%empty_734 = alloca i32 1"   --->   Operation 25 'alloca' 'empty_734' <Predicate = true> <Delay = 0.00>
ST_1 : Operation 26 [1/1] (0.00ns)   --->   "%empty_735 = alloca i32 1"   --->   Operation 26 'alloca' 'empty_735' <Predicate = true> <Delay = 0.00>
ST_1 : Operation 27 [1/1] (0.00ns)   --->   "%empty_736 = alloca i32 1"   --->   Operation 27 'alloca' 'empty_736' <Predicate = true> <Delay = 0.00>
ST_1 : Operation 28 [1/1] (0.00ns)   --->   "%empty_737 = alloca i32 1"   --->   Operation 28 'alloca' 'empty_737' <Predicate = true> <Delay = 0.00>
ST_1 : Operation 29 [1/1] (0.00ns)   --->   "%empty_738 = alloca i32 1"   --->   Operation 29 'alloca' 'empty_738' <Predicate = true> <Delay = 0.00>
ST_1 : Operation 30 [1/1] (0.00ns)   --->   "%empty_739 = alloca i32 1"   --->   Operation 30 'alloca' 'empty_739' <Predicate = true> <Delay = 0.00>
ST_1 : Operation 31 [1/1] (0.00ns)   --->   "%empty_740 = alloca i32 1"   --->   Operation 31 'alloca' 'empty_740' <Predicate = true> <Delay = 0.00>
ST_1 : Operation 32 [1/1] (0.00ns)   --->   "%empty_741 = alloca i32 1"   --->   Operation 32 'alloca' 'empty_741' <Predicate = true> <Delay = 0.00>
ST_1 : Operation 33 [1/1] (0.00ns)   --->   "%empty_742 = alloca i32 1"   --->   Operation 33 'alloca' 'empty_742' <Predicate = true> <Delay = 0.00>
ST_1 : Operation 34 [1/1] (0.00ns)   --->   "%empty_743 = alloca i32 1"   --->   Operation 34 'alloca' 'empty_743' <Predicate = true> <Delay = 0.00>
ST_1 : Operation 35 [1/1] (0.00ns)   --->   "%empty_744 = alloca i32 1"   --->   Operation 35 'alloca' 'empty_744' <Predicate = true> <Delay = 0.00>
ST_1 : Operation 36 [1/1] (0.00ns)   --->   "%empty_745 = alloca i32 1"   --->   Operation 36 'alloca' 'empty_745' <Predicate = true> <Delay = 0.00>
ST_1 : Operation 37 [1/1] (0.00ns)   --->   "%empty_746 = alloca i32 1"   --->   Operation 37 'alloca' 'empty_746' <Predicate = true> <Delay = 0.00>
ST_1 : Operation 38 [1/1] (0.00ns)   --->   "%empty_747 = alloca i32 1"   --->   Operation 38 'alloca' 'empty_747' <Predicate = true> <Delay = 0.00>
ST_1 : Operation 39 [1/1] (0.00ns)   --->   "%index = alloca i32 1" [H:/subband_ref_q610_opt_stage4_latency_stepL2.cpp:1837->H:/subband_ref_q610_opt_stage4_latency_stepL2.cpp:1868]   --->   Operation 39 'alloca' 'index' <Predicate = true> <Delay = 0.00>
ST_1 : Operation 40 [1/1] (0.00ns)   --->   "%specbramwithbyteenable_ln0 = specbramwithbyteenable void @_ssdm_op_SpecBRAMWithByteEnable, i512 %SubbandBand0TopQ610_ap_int_const_ap_int_const_ap_int_const_ap_int_const_ap_i_3"   --->   Operation 40 'specbramwithbyteenable' 'specbramwithbyteenable_ln0' <Predicate = true> <Delay = 0.00>
ST_1 : Operation 41 [1/1] (0.00ns)   --->   "%specmemcore_ln0 = specmemcore void @_ssdm_op_SpecMemCore, i512 %SubbandBand0TopQ610_ap_int_const_ap_int_const_ap_int_const_ap_int_const_ap_i_3, i64 666, i64 22, i64 18446744073709551615"   --->   Operation 41 'specmemcore' 'specmemcore_ln0' <Predicate = true> <Delay = 0.00>
ST_1 : Operation 42 [1/1] (0.00ns)   --->   "%prev_hx_q610_223_val_read = read i11 @_ssdm_op_Read.ap_auto.i11, i11 %prev_hx_q610_223_val"   --->   Operation 42 'read' 'prev_hx_q610_223_val_read' <Predicate = true> <Delay = 0.00>
ST_1 : Operation 43 [1/1] (0.00ns)   --->   "%prev_hx_q610_191_val_read = read i11 @_ssdm_op_Read.ap_auto.i11, i11 %prev_hx_q610_191_val"   --->   Operation 43 'read' 'prev_hx_q610_191_val_read' <Predicate = true> <Delay = 0.00>
ST_1 : Operation 44 [1/1] (0.00ns)   --->   "%prev_hx_q610_159_val_read = read i11 @_ssdm_op_Read.ap_auto.i11, i11 %prev_hx_q610_159_val"   --->   Operation 44 'read' 'prev_hx_q610_159_val_read' <Predicate = true> <Delay = 0.00>
ST_1 : Operation 45 [1/1] (0.00ns)   --->   "%prev_hx_q610_127_val_read = read i11 @_ssdm_op_Read.ap_auto.i11, i11 %prev_hx_q610_127_val"   --->   Operation 45 'read' 'prev_hx_q610_127_val_read' <Predicate = true> <Delay = 0.00>
ST_1 : Operation 46 [1/1] (0.00ns)   --->   "%prev_hx_q610_95_val_read = read i11 @_ssdm_op_Read.ap_auto.i11, i11 %prev_hx_q610_95_val"   --->   Operation 46 'read' 'prev_hx_q610_95_val_read' <Predicate = true> <Delay = 0.00>
ST_1 : Operation 47 [1/1] (0.00ns)   --->   "%prev_hx_q610_63_val_read = read i11 @_ssdm_op_Read.ap_auto.i11, i11 %prev_hx_q610_63_val"   --->   Operation 47 'read' 'prev_hx_q610_63_val_read' <Predicate = true> <Delay = 0.00>
ST_1 : Operation 48 [1/1] (0.00ns)   --->   "%prev_hx_q610_31_val_read = read i11 @_ssdm_op_Read.ap_auto.i11, i11 %prev_hx_q610_31_val"   --->   Operation 48 'read' 'prev_hx_q610_31_val_read' <Predicate = true> <Delay = 0.00>
ST_1 : Operation 49 [1/1] (0.00ns)   --->   "%prev_hx_q610_222_val_read = read i11 @_ssdm_op_Read.ap_auto.i11, i11 %prev_hx_q610_222_val"   --->   Operation 49 'read' 'prev_hx_q610_222_val_read' <Predicate = true> <Delay = 0.00>
ST_1 : Operation 50 [1/1] (0.00ns)   --->   "%prev_hx_q610_190_val_read = read i11 @_ssdm_op_Read.ap_auto.i11, i11 %prev_hx_q610_190_val"   --->   Operation 50 'read' 'prev_hx_q610_190_val_read' <Predicate = true> <Delay = 0.00>
ST_1 : Operation 51 [1/1] (0.00ns)   --->   "%prev_hx_q610_158_val_read = read i11 @_ssdm_op_Read.ap_auto.i11, i11 %prev_hx_q610_158_val"   --->   Operation 51 'read' 'prev_hx_q610_158_val_read' <Predicate = true> <Delay = 0.00>
ST_1 : Operation 52 [1/1] (0.00ns)   --->   "%prev_hx_q610_126_val_read = read i11 @_ssdm_op_Read.ap_auto.i11, i11 %prev_hx_q610_126_val"   --->   Operation 52 'read' 'prev_hx_q610_126_val_read' <Predicate = true> <Delay = 0.00>
ST_1 : Operation 53 [1/1] (0.00ns)   --->   "%prev_hx_q610_94_val_read = read i11 @_ssdm_op_Read.ap_auto.i11, i11 %prev_hx_q610_94_val"   --->   Operation 53 'read' 'prev_hx_q610_94_val_read' <Predicate = true> <Delay = 0.00>
ST_1 : Operation 54 [1/1] (0.00ns)   --->   "%prev_hx_q610_62_val_read = read i11 @_ssdm_op_Read.ap_auto.i11, i11 %prev_hx_q610_62_val"   --->   Operation 54 'read' 'prev_hx_q610_62_val_read' <Predicate = true> <Delay = 0.00>
ST_1 : Operation 55 [1/1] (0.00ns)   --->   "%prev_hx_q610_30_val_read = read i11 @_ssdm_op_Read.ap_auto.i11, i11 %prev_hx_q610_30_val"   --->   Operation 55 'read' 'prev_hx_q610_30_val_read' <Predicate = true> <Delay = 0.00>
ST_1 : Operation 56 [1/1] (0.00ns)   --->   "%prev_hx_q610_221_val_read = read i11 @_ssdm_op_Read.ap_auto.i11, i11 %prev_hx_q610_221_val"   --->   Operation 56 'read' 'prev_hx_q610_221_val_read' <Predicate = true> <Delay = 0.00>
ST_1 : Operation 57 [1/1] (0.00ns)   --->   "%prev_hx_q610_189_val_read = read i11 @_ssdm_op_Read.ap_auto.i11, i11 %prev_hx_q610_189_val"   --->   Operation 57 'read' 'prev_hx_q610_189_val_read' <Predicate = true> <Delay = 0.00>
ST_1 : Operation 58 [1/1] (0.00ns)   --->   "%prev_hx_q610_157_val_read = read i11 @_ssdm_op_Read.ap_auto.i11, i11 %prev_hx_q610_157_val"   --->   Operation 58 'read' 'prev_hx_q610_157_val_read' <Predicate = true> <Delay = 0.00>
ST_1 : Operation 59 [1/1] (0.00ns)   --->   "%prev_hx_q610_125_val_read = read i11 @_ssdm_op_Read.ap_auto.i11, i11 %prev_hx_q610_125_val"   --->   Operation 59 'read' 'prev_hx_q610_125_val_read' <Predicate = true> <Delay = 0.00>
ST_1 : Operation 60 [1/1] (0.00ns)   --->   "%prev_hx_q610_93_val_read = read i11 @_ssdm_op_Read.ap_auto.i11, i11 %prev_hx_q610_93_val"   --->   Operation 60 'read' 'prev_hx_q610_93_val_read' <Predicate = true> <Delay = 0.00>
ST_1 : Operation 61 [1/1] (0.00ns)   --->   "%prev_hx_q610_61_val_read = read i11 @_ssdm_op_Read.ap_auto.i11, i11 %prev_hx_q610_61_val"   --->   Operation 61 'read' 'prev_hx_q610_61_val_read' <Predicate = true> <Delay = 0.00>
ST_1 : Operation 62 [1/1] (0.00ns)   --->   "%prev_hx_q610_29_val_read = read i11 @_ssdm_op_Read.ap_auto.i11, i11 %prev_hx_q610_29_val"   --->   Operation 62 'read' 'prev_hx_q610_29_val_read' <Predicate = true> <Delay = 0.00>
ST_1 : Operation 63 [1/1] (0.00ns)   --->   "%prev_hx_q610_220_val_read = read i11 @_ssdm_op_Read.ap_auto.i11, i11 %prev_hx_q610_220_val"   --->   Operation 63 'read' 'prev_hx_q610_220_val_read' <Predicate = true> <Delay = 0.00>
ST_1 : Operation 64 [1/1] (0.00ns)   --->   "%prev_hx_q610_188_val_read = read i11 @_ssdm_op_Read.ap_auto.i11, i11 %prev_hx_q610_188_val"   --->   Operation 64 'read' 'prev_hx_q610_188_val_read' <Predicate = true> <Delay = 0.00>
ST_1 : Operation 65 [1/1] (0.00ns)   --->   "%prev_hx_q610_156_val_read = read i11 @_ssdm_op_Read.ap_auto.i11, i11 %prev_hx_q610_156_val"   --->   Operation 65 'read' 'prev_hx_q610_156_val_read' <Predicate = true> <Delay = 0.00>
ST_1 : Operation 66 [1/1] (0.00ns)   --->   "%prev_hx_q610_124_val_read = read i11 @_ssdm_op_Read.ap_auto.i11, i11 %prev_hx_q610_124_val"   --->   Operation 66 'read' 'prev_hx_q610_124_val_read' <Predicate = true> <Delay = 0.00>
ST_1 : Operation 67 [1/1] (0.00ns)   --->   "%prev_hx_q610_92_val_read = read i11 @_ssdm_op_Read.ap_auto.i11, i11 %prev_hx_q610_92_val"   --->   Operation 67 'read' 'prev_hx_q610_92_val_read' <Predicate = true> <Delay = 0.00>
ST_1 : Operation 68 [1/1] (0.00ns)   --->   "%prev_hx_q610_60_val_read = read i11 @_ssdm_op_Read.ap_auto.i11, i11 %prev_hx_q610_60_val"   --->   Operation 68 'read' 'prev_hx_q610_60_val_read' <Predicate = true> <Delay = 0.00>
ST_1 : Operation 69 [1/1] (0.00ns)   --->   "%prev_hx_q610_28_val_read = read i11 @_ssdm_op_Read.ap_auto.i11, i11 %prev_hx_q610_28_val"   --->   Operation 69 'read' 'prev_hx_q610_28_val_read' <Predicate = true> <Delay = 0.00>
ST_1 : Operation 70 [1/1] (0.00ns)   --->   "%prev_hx_q610_219_val_read = read i11 @_ssdm_op_Read.ap_auto.i11, i11 %prev_hx_q610_219_val"   --->   Operation 70 'read' 'prev_hx_q610_219_val_read' <Predicate = true> <Delay = 0.00>
ST_1 : Operation 71 [1/1] (0.00ns)   --->   "%prev_hx_q610_187_val_read = read i11 @_ssdm_op_Read.ap_auto.i11, i11 %prev_hx_q610_187_val"   --->   Operation 71 'read' 'prev_hx_q610_187_val_read' <Predicate = true> <Delay = 0.00>
ST_1 : Operation 72 [1/1] (0.00ns)   --->   "%prev_hx_q610_155_val_read = read i11 @_ssdm_op_Read.ap_auto.i11, i11 %prev_hx_q610_155_val"   --->   Operation 72 'read' 'prev_hx_q610_155_val_read' <Predicate = true> <Delay = 0.00>
ST_1 : Operation 73 [1/1] (0.00ns)   --->   "%prev_hx_q610_123_val_read = read i11 @_ssdm_op_Read.ap_auto.i11, i11 %prev_hx_q610_123_val"   --->   Operation 73 'read' 'prev_hx_q610_123_val_read' <Predicate = true> <Delay = 0.00>
ST_1 : Operation 74 [1/1] (0.00ns)   --->   "%prev_hx_q610_91_val_read = read i11 @_ssdm_op_Read.ap_auto.i11, i11 %prev_hx_q610_91_val"   --->   Operation 74 'read' 'prev_hx_q610_91_val_read' <Predicate = true> <Delay = 0.00>
ST_1 : Operation 75 [1/1] (0.00ns)   --->   "%prev_hx_q610_59_val_read = read i11 @_ssdm_op_Read.ap_auto.i11, i11 %prev_hx_q610_59_val"   --->   Operation 75 'read' 'prev_hx_q610_59_val_read' <Predicate = true> <Delay = 0.00>
ST_1 : Operation 76 [1/1] (0.00ns)   --->   "%prev_hx_q610_27_val_read = read i11 @_ssdm_op_Read.ap_auto.i11, i11 %prev_hx_q610_27_val"   --->   Operation 76 'read' 'prev_hx_q610_27_val_read' <Predicate = true> <Delay = 0.00>
ST_1 : Operation 77 [1/1] (0.00ns)   --->   "%prev_hx_q610_218_val_read = read i11 @_ssdm_op_Read.ap_auto.i11, i11 %prev_hx_q610_218_val"   --->   Operation 77 'read' 'prev_hx_q610_218_val_read' <Predicate = true> <Delay = 0.00>
ST_1 : Operation 78 [1/1] (0.00ns)   --->   "%prev_hx_q610_186_val_read = read i11 @_ssdm_op_Read.ap_auto.i11, i11 %prev_hx_q610_186_val"   --->   Operation 78 'read' 'prev_hx_q610_186_val_read' <Predicate = true> <Delay = 0.00>
ST_1 : Operation 79 [1/1] (0.00ns)   --->   "%prev_hx_q610_154_val_read = read i11 @_ssdm_op_Read.ap_auto.i11, i11 %prev_hx_q610_154_val"   --->   Operation 79 'read' 'prev_hx_q610_154_val_read' <Predicate = true> <Delay = 0.00>
ST_1 : Operation 80 [1/1] (0.00ns)   --->   "%prev_hx_q610_122_val_read = read i11 @_ssdm_op_Read.ap_auto.i11, i11 %prev_hx_q610_122_val"   --->   Operation 80 'read' 'prev_hx_q610_122_val_read' <Predicate = true> <Delay = 0.00>
ST_1 : Operation 81 [1/1] (0.00ns)   --->   "%prev_hx_q610_90_val_read = read i11 @_ssdm_op_Read.ap_auto.i11, i11 %prev_hx_q610_90_val"   --->   Operation 81 'read' 'prev_hx_q610_90_val_read' <Predicate = true> <Delay = 0.00>
ST_1 : Operation 82 [1/1] (0.00ns)   --->   "%prev_hx_q610_58_val_read = read i11 @_ssdm_op_Read.ap_auto.i11, i11 %prev_hx_q610_58_val"   --->   Operation 82 'read' 'prev_hx_q610_58_val_read' <Predicate = true> <Delay = 0.00>
ST_1 : Operation 83 [1/1] (0.00ns)   --->   "%prev_hx_q610_26_val_read = read i11 @_ssdm_op_Read.ap_auto.i11, i11 %prev_hx_q610_26_val"   --->   Operation 83 'read' 'prev_hx_q610_26_val_read' <Predicate = true> <Delay = 0.00>
ST_1 : Operation 84 [1/1] (0.00ns)   --->   "%prev_hx_q610_217_val_read = read i11 @_ssdm_op_Read.ap_auto.i11, i11 %prev_hx_q610_217_val"   --->   Operation 84 'read' 'prev_hx_q610_217_val_read' <Predicate = true> <Delay = 0.00>
ST_1 : Operation 85 [1/1] (0.00ns)   --->   "%prev_hx_q610_185_val_read = read i11 @_ssdm_op_Read.ap_auto.i11, i11 %prev_hx_q610_185_val"   --->   Operation 85 'read' 'prev_hx_q610_185_val_read' <Predicate = true> <Delay = 0.00>
ST_1 : Operation 86 [1/1] (0.00ns)   --->   "%prev_hx_q610_153_val_read = read i11 @_ssdm_op_Read.ap_auto.i11, i11 %prev_hx_q610_153_val"   --->   Operation 86 'read' 'prev_hx_q610_153_val_read' <Predicate = true> <Delay = 0.00>
ST_1 : Operation 87 [1/1] (0.00ns)   --->   "%prev_hx_q610_121_val_read = read i11 @_ssdm_op_Read.ap_auto.i11, i11 %prev_hx_q610_121_val"   --->   Operation 87 'read' 'prev_hx_q610_121_val_read' <Predicate = true> <Delay = 0.00>
ST_1 : Operation 88 [1/1] (0.00ns)   --->   "%prev_hx_q610_89_val_read = read i11 @_ssdm_op_Read.ap_auto.i11, i11 %prev_hx_q610_89_val"   --->   Operation 88 'read' 'prev_hx_q610_89_val_read' <Predicate = true> <Delay = 0.00>
ST_1 : Operation 89 [1/1] (0.00ns)   --->   "%prev_hx_q610_57_val_read = read i11 @_ssdm_op_Read.ap_auto.i11, i11 %prev_hx_q610_57_val"   --->   Operation 89 'read' 'prev_hx_q610_57_val_read' <Predicate = true> <Delay = 0.00>
ST_1 : Operation 90 [1/1] (0.00ns)   --->   "%prev_hx_q610_25_val_read = read i11 @_ssdm_op_Read.ap_auto.i11, i11 %prev_hx_q610_25_val"   --->   Operation 90 'read' 'prev_hx_q610_25_val_read' <Predicate = true> <Delay = 0.00>
ST_1 : Operation 91 [1/1] (0.00ns)   --->   "%prev_hx_q610_216_val_read = read i11 @_ssdm_op_Read.ap_auto.i11, i11 %prev_hx_q610_216_val"   --->   Operation 91 'read' 'prev_hx_q610_216_val_read' <Predicate = true> <Delay = 0.00>
ST_1 : Operation 92 [1/1] (0.00ns)   --->   "%prev_hx_q610_184_val_read = read i11 @_ssdm_op_Read.ap_auto.i11, i11 %prev_hx_q610_184_val"   --->   Operation 92 'read' 'prev_hx_q610_184_val_read' <Predicate = true> <Delay = 0.00>
ST_1 : Operation 93 [1/1] (0.00ns)   --->   "%prev_hx_q610_152_val_read = read i11 @_ssdm_op_Read.ap_auto.i11, i11 %prev_hx_q610_152_val"   --->   Operation 93 'read' 'prev_hx_q610_152_val_read' <Predicate = true> <Delay = 0.00>
ST_1 : Operation 94 [1/1] (0.00ns)   --->   "%prev_hx_q610_120_val_read = read i11 @_ssdm_op_Read.ap_auto.i11, i11 %prev_hx_q610_120_val"   --->   Operation 94 'read' 'prev_hx_q610_120_val_read' <Predicate = true> <Delay = 0.00>
ST_1 : Operation 95 [1/1] (0.00ns)   --->   "%prev_hx_q610_88_val_read = read i11 @_ssdm_op_Read.ap_auto.i11, i11 %prev_hx_q610_88_val"   --->   Operation 95 'read' 'prev_hx_q610_88_val_read' <Predicate = true> <Delay = 0.00>
ST_1 : Operation 96 [1/1] (0.00ns)   --->   "%prev_hx_q610_56_val_read = read i11 @_ssdm_op_Read.ap_auto.i11, i11 %prev_hx_q610_56_val"   --->   Operation 96 'read' 'prev_hx_q610_56_val_read' <Predicate = true> <Delay = 0.00>
ST_1 : Operation 97 [1/1] (0.00ns)   --->   "%prev_hx_q610_24_val_read = read i11 @_ssdm_op_Read.ap_auto.i11, i11 %prev_hx_q610_24_val"   --->   Operation 97 'read' 'prev_hx_q610_24_val_read' <Predicate = true> <Delay = 0.00>
ST_1 : Operation 98 [1/1] (0.00ns)   --->   "%prev_hx_q610_215_val_read = read i11 @_ssdm_op_Read.ap_auto.i11, i11 %prev_hx_q610_215_val"   --->   Operation 98 'read' 'prev_hx_q610_215_val_read' <Predicate = true> <Delay = 0.00>
ST_1 : Operation 99 [1/1] (0.00ns)   --->   "%prev_hx_q610_183_val_read = read i11 @_ssdm_op_Read.ap_auto.i11, i11 %prev_hx_q610_183_val"   --->   Operation 99 'read' 'prev_hx_q610_183_val_read' <Predicate = true> <Delay = 0.00>
ST_1 : Operation 100 [1/1] (0.00ns)   --->   "%prev_hx_q610_151_val_read = read i11 @_ssdm_op_Read.ap_auto.i11, i11 %prev_hx_q610_151_val"   --->   Operation 100 'read' 'prev_hx_q610_151_val_read' <Predicate = true> <Delay = 0.00>
ST_1 : Operation 101 [1/1] (0.00ns)   --->   "%prev_hx_q610_119_val_read = read i11 @_ssdm_op_Read.ap_auto.i11, i11 %prev_hx_q610_119_val"   --->   Operation 101 'read' 'prev_hx_q610_119_val_read' <Predicate = true> <Delay = 0.00>
ST_1 : Operation 102 [1/1] (0.00ns)   --->   "%prev_hx_q610_87_val_read = read i11 @_ssdm_op_Read.ap_auto.i11, i11 %prev_hx_q610_87_val"   --->   Operation 102 'read' 'prev_hx_q610_87_val_read' <Predicate = true> <Delay = 0.00>
ST_1 : Operation 103 [1/1] (0.00ns)   --->   "%prev_hx_q610_55_val_read = read i11 @_ssdm_op_Read.ap_auto.i11, i11 %prev_hx_q610_55_val"   --->   Operation 103 'read' 'prev_hx_q610_55_val_read' <Predicate = true> <Delay = 0.00>
ST_1 : Operation 104 [1/1] (0.00ns)   --->   "%prev_hx_q610_23_val_read = read i11 @_ssdm_op_Read.ap_auto.i11, i11 %prev_hx_q610_23_val"   --->   Operation 104 'read' 'prev_hx_q610_23_val_read' <Predicate = true> <Delay = 0.00>
ST_1 : Operation 105 [1/1] (0.00ns)   --->   "%prev_hx_q610_214_val_read = read i11 @_ssdm_op_Read.ap_auto.i11, i11 %prev_hx_q610_214_val"   --->   Operation 105 'read' 'prev_hx_q610_214_val_read' <Predicate = true> <Delay = 0.00>
ST_1 : Operation 106 [1/1] (0.00ns)   --->   "%prev_hx_q610_182_val_read = read i11 @_ssdm_op_Read.ap_auto.i11, i11 %prev_hx_q610_182_val"   --->   Operation 106 'read' 'prev_hx_q610_182_val_read' <Predicate = true> <Delay = 0.00>
ST_1 : Operation 107 [1/1] (0.00ns)   --->   "%prev_hx_q610_150_val_read = read i11 @_ssdm_op_Read.ap_auto.i11, i11 %prev_hx_q610_150_val"   --->   Operation 107 'read' 'prev_hx_q610_150_val_read' <Predicate = true> <Delay = 0.00>
ST_1 : Operation 108 [1/1] (0.00ns)   --->   "%prev_hx_q610_118_val_read = read i11 @_ssdm_op_Read.ap_auto.i11, i11 %prev_hx_q610_118_val"   --->   Operation 108 'read' 'prev_hx_q610_118_val_read' <Predicate = true> <Delay = 0.00>
ST_1 : Operation 109 [1/1] (0.00ns)   --->   "%prev_hx_q610_86_val_read = read i11 @_ssdm_op_Read.ap_auto.i11, i11 %prev_hx_q610_86_val"   --->   Operation 109 'read' 'prev_hx_q610_86_val_read' <Predicate = true> <Delay = 0.00>
ST_1 : Operation 110 [1/1] (0.00ns)   --->   "%prev_hx_q610_54_val_read = read i11 @_ssdm_op_Read.ap_auto.i11, i11 %prev_hx_q610_54_val"   --->   Operation 110 'read' 'prev_hx_q610_54_val_read' <Predicate = true> <Delay = 0.00>
ST_1 : Operation 111 [1/1] (0.00ns)   --->   "%prev_hx_q610_22_val_read = read i11 @_ssdm_op_Read.ap_auto.i11, i11 %prev_hx_q610_22_val"   --->   Operation 111 'read' 'prev_hx_q610_22_val_read' <Predicate = true> <Delay = 0.00>
ST_1 : Operation 112 [1/1] (0.00ns)   --->   "%prev_hx_q610_213_val_read = read i11 @_ssdm_op_Read.ap_auto.i11, i11 %prev_hx_q610_213_val"   --->   Operation 112 'read' 'prev_hx_q610_213_val_read' <Predicate = true> <Delay = 0.00>
ST_1 : Operation 113 [1/1] (0.00ns)   --->   "%prev_hx_q610_181_val_read = read i11 @_ssdm_op_Read.ap_auto.i11, i11 %prev_hx_q610_181_val"   --->   Operation 113 'read' 'prev_hx_q610_181_val_read' <Predicate = true> <Delay = 0.00>
ST_1 : Operation 114 [1/1] (0.00ns)   --->   "%prev_hx_q610_149_val_read = read i11 @_ssdm_op_Read.ap_auto.i11, i11 %prev_hx_q610_149_val"   --->   Operation 114 'read' 'prev_hx_q610_149_val_read' <Predicate = true> <Delay = 0.00>
ST_1 : Operation 115 [1/1] (0.00ns)   --->   "%prev_hx_q610_117_val_read = read i11 @_ssdm_op_Read.ap_auto.i11, i11 %prev_hx_q610_117_val"   --->   Operation 115 'read' 'prev_hx_q610_117_val_read' <Predicate = true> <Delay = 0.00>
ST_1 : Operation 116 [1/1] (0.00ns)   --->   "%prev_hx_q610_85_val_read = read i11 @_ssdm_op_Read.ap_auto.i11, i11 %prev_hx_q610_85_val"   --->   Operation 116 'read' 'prev_hx_q610_85_val_read' <Predicate = true> <Delay = 0.00>
ST_1 : Operation 117 [1/1] (0.00ns)   --->   "%prev_hx_q610_53_val_read = read i11 @_ssdm_op_Read.ap_auto.i11, i11 %prev_hx_q610_53_val"   --->   Operation 117 'read' 'prev_hx_q610_53_val_read' <Predicate = true> <Delay = 0.00>
ST_1 : Operation 118 [1/1] (0.00ns)   --->   "%prev_hx_q610_21_val_read = read i11 @_ssdm_op_Read.ap_auto.i11, i11 %prev_hx_q610_21_val"   --->   Operation 118 'read' 'prev_hx_q610_21_val_read' <Predicate = true> <Delay = 0.00>
ST_1 : Operation 119 [1/1] (0.00ns)   --->   "%prev_hx_q610_212_val_read = read i11 @_ssdm_op_Read.ap_auto.i11, i11 %prev_hx_q610_212_val"   --->   Operation 119 'read' 'prev_hx_q610_212_val_read' <Predicate = true> <Delay = 0.00>
ST_1 : Operation 120 [1/1] (0.00ns)   --->   "%prev_hx_q610_180_val_read = read i11 @_ssdm_op_Read.ap_auto.i11, i11 %prev_hx_q610_180_val"   --->   Operation 120 'read' 'prev_hx_q610_180_val_read' <Predicate = true> <Delay = 0.00>
ST_1 : Operation 121 [1/1] (0.00ns)   --->   "%prev_hx_q610_148_val_read = read i11 @_ssdm_op_Read.ap_auto.i11, i11 %prev_hx_q610_148_val"   --->   Operation 121 'read' 'prev_hx_q610_148_val_read' <Predicate = true> <Delay = 0.00>
ST_1 : Operation 122 [1/1] (0.00ns)   --->   "%prev_hx_q610_116_val_read = read i11 @_ssdm_op_Read.ap_auto.i11, i11 %prev_hx_q610_116_val"   --->   Operation 122 'read' 'prev_hx_q610_116_val_read' <Predicate = true> <Delay = 0.00>
ST_1 : Operation 123 [1/1] (0.00ns)   --->   "%prev_hx_q610_84_val_read = read i11 @_ssdm_op_Read.ap_auto.i11, i11 %prev_hx_q610_84_val"   --->   Operation 123 'read' 'prev_hx_q610_84_val_read' <Predicate = true> <Delay = 0.00>
ST_1 : Operation 124 [1/1] (0.00ns)   --->   "%prev_hx_q610_52_val_read = read i11 @_ssdm_op_Read.ap_auto.i11, i11 %prev_hx_q610_52_val"   --->   Operation 124 'read' 'prev_hx_q610_52_val_read' <Predicate = true> <Delay = 0.00>
ST_1 : Operation 125 [1/1] (0.00ns)   --->   "%prev_hx_q610_20_val_read = read i11 @_ssdm_op_Read.ap_auto.i11, i11 %prev_hx_q610_20_val"   --->   Operation 125 'read' 'prev_hx_q610_20_val_read' <Predicate = true> <Delay = 0.00>
ST_1 : Operation 126 [1/1] (0.00ns)   --->   "%prev_hx_q610_211_val_read = read i11 @_ssdm_op_Read.ap_auto.i11, i11 %prev_hx_q610_211_val"   --->   Operation 126 'read' 'prev_hx_q610_211_val_read' <Predicate = true> <Delay = 0.00>
ST_1 : Operation 127 [1/1] (0.00ns)   --->   "%prev_hx_q610_179_val_read = read i11 @_ssdm_op_Read.ap_auto.i11, i11 %prev_hx_q610_179_val"   --->   Operation 127 'read' 'prev_hx_q610_179_val_read' <Predicate = true> <Delay = 0.00>
ST_1 : Operation 128 [1/1] (0.00ns)   --->   "%prev_hx_q610_147_val_read = read i11 @_ssdm_op_Read.ap_auto.i11, i11 %prev_hx_q610_147_val"   --->   Operation 128 'read' 'prev_hx_q610_147_val_read' <Predicate = true> <Delay = 0.00>
ST_1 : Operation 129 [1/1] (0.00ns)   --->   "%prev_hx_q610_115_val_read = read i11 @_ssdm_op_Read.ap_auto.i11, i11 %prev_hx_q610_115_val"   --->   Operation 129 'read' 'prev_hx_q610_115_val_read' <Predicate = true> <Delay = 0.00>
ST_1 : Operation 130 [1/1] (0.00ns)   --->   "%prev_hx_q610_83_val_read = read i11 @_ssdm_op_Read.ap_auto.i11, i11 %prev_hx_q610_83_val"   --->   Operation 130 'read' 'prev_hx_q610_83_val_read' <Predicate = true> <Delay = 0.00>
ST_1 : Operation 131 [1/1] (0.00ns)   --->   "%prev_hx_q610_51_val_read = read i11 @_ssdm_op_Read.ap_auto.i11, i11 %prev_hx_q610_51_val"   --->   Operation 131 'read' 'prev_hx_q610_51_val_read' <Predicate = true> <Delay = 0.00>
ST_1 : Operation 132 [1/1] (0.00ns)   --->   "%prev_hx_q610_19_val_read = read i11 @_ssdm_op_Read.ap_auto.i11, i11 %prev_hx_q610_19_val"   --->   Operation 132 'read' 'prev_hx_q610_19_val_read' <Predicate = true> <Delay = 0.00>
ST_1 : Operation 133 [1/1] (0.00ns)   --->   "%prev_hx_q610_210_val_read = read i11 @_ssdm_op_Read.ap_auto.i11, i11 %prev_hx_q610_210_val"   --->   Operation 133 'read' 'prev_hx_q610_210_val_read' <Predicate = true> <Delay = 0.00>
ST_1 : Operation 134 [1/1] (0.00ns)   --->   "%prev_hx_q610_178_val_read = read i11 @_ssdm_op_Read.ap_auto.i11, i11 %prev_hx_q610_178_val"   --->   Operation 134 'read' 'prev_hx_q610_178_val_read' <Predicate = true> <Delay = 0.00>
ST_1 : Operation 135 [1/1] (0.00ns)   --->   "%prev_hx_q610_146_val_read = read i11 @_ssdm_op_Read.ap_auto.i11, i11 %prev_hx_q610_146_val"   --->   Operation 135 'read' 'prev_hx_q610_146_val_read' <Predicate = true> <Delay = 0.00>
ST_1 : Operation 136 [1/1] (0.00ns)   --->   "%prev_hx_q610_114_val_read = read i11 @_ssdm_op_Read.ap_auto.i11, i11 %prev_hx_q610_114_val"   --->   Operation 136 'read' 'prev_hx_q610_114_val_read' <Predicate = true> <Delay = 0.00>
ST_1 : Operation 137 [1/1] (0.00ns)   --->   "%prev_hx_q610_82_val_read = read i11 @_ssdm_op_Read.ap_auto.i11, i11 %prev_hx_q610_82_val"   --->   Operation 137 'read' 'prev_hx_q610_82_val_read' <Predicate = true> <Delay = 0.00>
ST_1 : Operation 138 [1/1] (0.00ns)   --->   "%prev_hx_q610_50_val_read = read i11 @_ssdm_op_Read.ap_auto.i11, i11 %prev_hx_q610_50_val"   --->   Operation 138 'read' 'prev_hx_q610_50_val_read' <Predicate = true> <Delay = 0.00>
ST_1 : Operation 139 [1/1] (0.00ns)   --->   "%prev_hx_q610_18_val_read = read i11 @_ssdm_op_Read.ap_auto.i11, i11 %prev_hx_q610_18_val"   --->   Operation 139 'read' 'prev_hx_q610_18_val_read' <Predicate = true> <Delay = 0.00>
ST_1 : Operation 140 [1/1] (0.00ns)   --->   "%prev_hx_q610_209_val_read = read i11 @_ssdm_op_Read.ap_auto.i11, i11 %prev_hx_q610_209_val"   --->   Operation 140 'read' 'prev_hx_q610_209_val_read' <Predicate = true> <Delay = 0.00>
ST_1 : Operation 141 [1/1] (0.00ns)   --->   "%prev_hx_q610_177_val_read = read i11 @_ssdm_op_Read.ap_auto.i11, i11 %prev_hx_q610_177_val"   --->   Operation 141 'read' 'prev_hx_q610_177_val_read' <Predicate = true> <Delay = 0.00>
ST_1 : Operation 142 [1/1] (0.00ns)   --->   "%prev_hx_q610_145_val_read = read i11 @_ssdm_op_Read.ap_auto.i11, i11 %prev_hx_q610_145_val"   --->   Operation 142 'read' 'prev_hx_q610_145_val_read' <Predicate = true> <Delay = 0.00>
ST_1 : Operation 143 [1/1] (0.00ns)   --->   "%prev_hx_q610_113_val_read = read i11 @_ssdm_op_Read.ap_auto.i11, i11 %prev_hx_q610_113_val"   --->   Operation 143 'read' 'prev_hx_q610_113_val_read' <Predicate = true> <Delay = 0.00>
ST_1 : Operation 144 [1/1] (0.00ns)   --->   "%prev_hx_q610_81_val_read = read i11 @_ssdm_op_Read.ap_auto.i11, i11 %prev_hx_q610_81_val"   --->   Operation 144 'read' 'prev_hx_q610_81_val_read' <Predicate = true> <Delay = 0.00>
ST_1 : Operation 145 [1/1] (0.00ns)   --->   "%prev_hx_q610_49_val_read = read i11 @_ssdm_op_Read.ap_auto.i11, i11 %prev_hx_q610_49_val"   --->   Operation 145 'read' 'prev_hx_q610_49_val_read' <Predicate = true> <Delay = 0.00>
ST_1 : Operation 146 [1/1] (0.00ns)   --->   "%prev_hx_q610_17_val_read = read i11 @_ssdm_op_Read.ap_auto.i11, i11 %prev_hx_q610_17_val"   --->   Operation 146 'read' 'prev_hx_q610_17_val_read' <Predicate = true> <Delay = 0.00>
ST_1 : Operation 147 [1/1] (0.00ns)   --->   "%prev_hx_q610_208_val_read = read i11 @_ssdm_op_Read.ap_auto.i11, i11 %prev_hx_q610_208_val"   --->   Operation 147 'read' 'prev_hx_q610_208_val_read' <Predicate = true> <Delay = 0.00>
ST_1 : Operation 148 [1/1] (0.00ns)   --->   "%prev_hx_q610_176_val_read = read i11 @_ssdm_op_Read.ap_auto.i11, i11 %prev_hx_q610_176_val"   --->   Operation 148 'read' 'prev_hx_q610_176_val_read' <Predicate = true> <Delay = 0.00>
ST_1 : Operation 149 [1/1] (0.00ns)   --->   "%prev_hx_q610_144_val_read = read i11 @_ssdm_op_Read.ap_auto.i11, i11 %prev_hx_q610_144_val"   --->   Operation 149 'read' 'prev_hx_q610_144_val_read' <Predicate = true> <Delay = 0.00>
ST_1 : Operation 150 [1/1] (0.00ns)   --->   "%prev_hx_q610_112_val_read = read i11 @_ssdm_op_Read.ap_auto.i11, i11 %prev_hx_q610_112_val"   --->   Operation 150 'read' 'prev_hx_q610_112_val_read' <Predicate = true> <Delay = 0.00>
ST_1 : Operation 151 [1/1] (0.00ns)   --->   "%prev_hx_q610_80_val_read = read i11 @_ssdm_op_Read.ap_auto.i11, i11 %prev_hx_q610_80_val"   --->   Operation 151 'read' 'prev_hx_q610_80_val_read' <Predicate = true> <Delay = 0.00>
ST_1 : Operation 152 [1/1] (0.00ns)   --->   "%prev_hx_q610_48_val_read = read i11 @_ssdm_op_Read.ap_auto.i11, i11 %prev_hx_q610_48_val"   --->   Operation 152 'read' 'prev_hx_q610_48_val_read' <Predicate = true> <Delay = 0.00>
ST_1 : Operation 153 [1/1] (0.00ns)   --->   "%prev_hx_q610_16_val_read = read i11 @_ssdm_op_Read.ap_auto.i11, i11 %prev_hx_q610_16_val"   --->   Operation 153 'read' 'prev_hx_q610_16_val_read' <Predicate = true> <Delay = 0.00>
ST_1 : Operation 154 [1/1] (0.00ns)   --->   "%prev_hx_q610_207_val_read = read i11 @_ssdm_op_Read.ap_auto.i11, i11 %prev_hx_q610_207_val"   --->   Operation 154 'read' 'prev_hx_q610_207_val_read' <Predicate = true> <Delay = 0.00>
ST_1 : Operation 155 [1/1] (0.00ns)   --->   "%prev_hx_q610_175_val_read = read i11 @_ssdm_op_Read.ap_auto.i11, i11 %prev_hx_q610_175_val"   --->   Operation 155 'read' 'prev_hx_q610_175_val_read' <Predicate = true> <Delay = 0.00>
ST_1 : Operation 156 [1/1] (0.00ns)   --->   "%prev_hx_q610_143_val_read = read i11 @_ssdm_op_Read.ap_auto.i11, i11 %prev_hx_q610_143_val"   --->   Operation 156 'read' 'prev_hx_q610_143_val_read' <Predicate = true> <Delay = 0.00>
ST_1 : Operation 157 [1/1] (0.00ns)   --->   "%prev_hx_q610_111_val_read = read i11 @_ssdm_op_Read.ap_auto.i11, i11 %prev_hx_q610_111_val"   --->   Operation 157 'read' 'prev_hx_q610_111_val_read' <Predicate = true> <Delay = 0.00>
ST_1 : Operation 158 [1/1] (0.00ns)   --->   "%prev_hx_q610_79_val_read = read i11 @_ssdm_op_Read.ap_auto.i11, i11 %prev_hx_q610_79_val"   --->   Operation 158 'read' 'prev_hx_q610_79_val_read' <Predicate = true> <Delay = 0.00>
ST_1 : Operation 159 [1/1] (0.00ns)   --->   "%prev_hx_q610_47_val_read = read i11 @_ssdm_op_Read.ap_auto.i11, i11 %prev_hx_q610_47_val"   --->   Operation 159 'read' 'prev_hx_q610_47_val_read' <Predicate = true> <Delay = 0.00>
ST_1 : Operation 160 [1/1] (0.00ns)   --->   "%prev_hx_q610_15_val_read = read i11 @_ssdm_op_Read.ap_auto.i11, i11 %prev_hx_q610_15_val"   --->   Operation 160 'read' 'prev_hx_q610_15_val_read' <Predicate = true> <Delay = 0.00>
ST_1 : Operation 161 [1/1] (0.00ns)   --->   "%prev_hx_q610_206_val_read = read i11 @_ssdm_op_Read.ap_auto.i11, i11 %prev_hx_q610_206_val"   --->   Operation 161 'read' 'prev_hx_q610_206_val_read' <Predicate = true> <Delay = 0.00>
ST_1 : Operation 162 [1/1] (0.00ns)   --->   "%prev_hx_q610_174_val_read = read i11 @_ssdm_op_Read.ap_auto.i11, i11 %prev_hx_q610_174_val"   --->   Operation 162 'read' 'prev_hx_q610_174_val_read' <Predicate = true> <Delay = 0.00>
ST_1 : Operation 163 [1/1] (0.00ns)   --->   "%prev_hx_q610_142_val_read = read i11 @_ssdm_op_Read.ap_auto.i11, i11 %prev_hx_q610_142_val"   --->   Operation 163 'read' 'prev_hx_q610_142_val_read' <Predicate = true> <Delay = 0.00>
ST_1 : Operation 164 [1/1] (0.00ns)   --->   "%prev_hx_q610_110_val_read = read i11 @_ssdm_op_Read.ap_auto.i11, i11 %prev_hx_q610_110_val"   --->   Operation 164 'read' 'prev_hx_q610_110_val_read' <Predicate = true> <Delay = 0.00>
ST_1 : Operation 165 [1/1] (0.00ns)   --->   "%prev_hx_q610_78_val_read = read i11 @_ssdm_op_Read.ap_auto.i11, i11 %prev_hx_q610_78_val"   --->   Operation 165 'read' 'prev_hx_q610_78_val_read' <Predicate = true> <Delay = 0.00>
ST_1 : Operation 166 [1/1] (0.00ns)   --->   "%prev_hx_q610_46_val_read = read i11 @_ssdm_op_Read.ap_auto.i11, i11 %prev_hx_q610_46_val"   --->   Operation 166 'read' 'prev_hx_q610_46_val_read' <Predicate = true> <Delay = 0.00>
ST_1 : Operation 167 [1/1] (0.00ns)   --->   "%prev_hx_q610_14_val_read = read i11 @_ssdm_op_Read.ap_auto.i11, i11 %prev_hx_q610_14_val"   --->   Operation 167 'read' 'prev_hx_q610_14_val_read' <Predicate = true> <Delay = 0.00>
ST_1 : Operation 168 [1/1] (0.00ns)   --->   "%prev_hx_q610_205_val_read = read i11 @_ssdm_op_Read.ap_auto.i11, i11 %prev_hx_q610_205_val"   --->   Operation 168 'read' 'prev_hx_q610_205_val_read' <Predicate = true> <Delay = 0.00>
ST_1 : Operation 169 [1/1] (0.00ns)   --->   "%prev_hx_q610_173_val_read = read i11 @_ssdm_op_Read.ap_auto.i11, i11 %prev_hx_q610_173_val"   --->   Operation 169 'read' 'prev_hx_q610_173_val_read' <Predicate = true> <Delay = 0.00>
ST_1 : Operation 170 [1/1] (0.00ns)   --->   "%prev_hx_q610_141_val_read = read i11 @_ssdm_op_Read.ap_auto.i11, i11 %prev_hx_q610_141_val"   --->   Operation 170 'read' 'prev_hx_q610_141_val_read' <Predicate = true> <Delay = 0.00>
ST_1 : Operation 171 [1/1] (0.00ns)   --->   "%prev_hx_q610_109_val_read = read i11 @_ssdm_op_Read.ap_auto.i11, i11 %prev_hx_q610_109_val"   --->   Operation 171 'read' 'prev_hx_q610_109_val_read' <Predicate = true> <Delay = 0.00>
ST_1 : Operation 172 [1/1] (0.00ns)   --->   "%prev_hx_q610_77_val_read = read i11 @_ssdm_op_Read.ap_auto.i11, i11 %prev_hx_q610_77_val"   --->   Operation 172 'read' 'prev_hx_q610_77_val_read' <Predicate = true> <Delay = 0.00>
ST_1 : Operation 173 [1/1] (0.00ns)   --->   "%prev_hx_q610_45_val_read = read i11 @_ssdm_op_Read.ap_auto.i11, i11 %prev_hx_q610_45_val"   --->   Operation 173 'read' 'prev_hx_q610_45_val_read' <Predicate = true> <Delay = 0.00>
ST_1 : Operation 174 [1/1] (0.00ns)   --->   "%prev_hx_q610_13_val_read = read i11 @_ssdm_op_Read.ap_auto.i11, i11 %prev_hx_q610_13_val"   --->   Operation 174 'read' 'prev_hx_q610_13_val_read' <Predicate = true> <Delay = 0.00>
ST_1 : Operation 175 [1/1] (0.00ns)   --->   "%prev_hx_q610_204_val_read = read i11 @_ssdm_op_Read.ap_auto.i11, i11 %prev_hx_q610_204_val"   --->   Operation 175 'read' 'prev_hx_q610_204_val_read' <Predicate = true> <Delay = 0.00>
ST_1 : Operation 176 [1/1] (0.00ns)   --->   "%prev_hx_q610_172_val_read = read i11 @_ssdm_op_Read.ap_auto.i11, i11 %prev_hx_q610_172_val"   --->   Operation 176 'read' 'prev_hx_q610_172_val_read' <Predicate = true> <Delay = 0.00>
ST_1 : Operation 177 [1/1] (0.00ns)   --->   "%prev_hx_q610_140_val_read = read i11 @_ssdm_op_Read.ap_auto.i11, i11 %prev_hx_q610_140_val"   --->   Operation 177 'read' 'prev_hx_q610_140_val_read' <Predicate = true> <Delay = 0.00>
ST_1 : Operation 178 [1/1] (0.00ns)   --->   "%prev_hx_q610_108_val_read = read i11 @_ssdm_op_Read.ap_auto.i11, i11 %prev_hx_q610_108_val"   --->   Operation 178 'read' 'prev_hx_q610_108_val_read' <Predicate = true> <Delay = 0.00>
ST_1 : Operation 179 [1/1] (0.00ns)   --->   "%prev_hx_q610_76_val_read = read i11 @_ssdm_op_Read.ap_auto.i11, i11 %prev_hx_q610_76_val"   --->   Operation 179 'read' 'prev_hx_q610_76_val_read' <Predicate = true> <Delay = 0.00>
ST_1 : Operation 180 [1/1] (0.00ns)   --->   "%prev_hx_q610_44_val_read = read i11 @_ssdm_op_Read.ap_auto.i11, i11 %prev_hx_q610_44_val"   --->   Operation 180 'read' 'prev_hx_q610_44_val_read' <Predicate = true> <Delay = 0.00>
ST_1 : Operation 181 [1/1] (0.00ns)   --->   "%prev_hx_q610_12_val_read = read i11 @_ssdm_op_Read.ap_auto.i11, i11 %prev_hx_q610_12_val"   --->   Operation 181 'read' 'prev_hx_q610_12_val_read' <Predicate = true> <Delay = 0.00>
ST_1 : Operation 182 [1/1] (0.00ns)   --->   "%prev_hx_q610_203_val_read = read i11 @_ssdm_op_Read.ap_auto.i11, i11 %prev_hx_q610_203_val"   --->   Operation 182 'read' 'prev_hx_q610_203_val_read' <Predicate = true> <Delay = 0.00>
ST_1 : Operation 183 [1/1] (0.00ns)   --->   "%prev_hx_q610_171_val_read = read i11 @_ssdm_op_Read.ap_auto.i11, i11 %prev_hx_q610_171_val"   --->   Operation 183 'read' 'prev_hx_q610_171_val_read' <Predicate = true> <Delay = 0.00>
ST_1 : Operation 184 [1/1] (0.00ns)   --->   "%prev_hx_q610_139_val_read = read i11 @_ssdm_op_Read.ap_auto.i11, i11 %prev_hx_q610_139_val"   --->   Operation 184 'read' 'prev_hx_q610_139_val_read' <Predicate = true> <Delay = 0.00>
ST_1 : Operation 185 [1/1] (0.00ns)   --->   "%prev_hx_q610_107_val_read = read i11 @_ssdm_op_Read.ap_auto.i11, i11 %prev_hx_q610_107_val"   --->   Operation 185 'read' 'prev_hx_q610_107_val_read' <Predicate = true> <Delay = 0.00>
ST_1 : Operation 186 [1/1] (0.00ns)   --->   "%prev_hx_q610_75_val_read = read i11 @_ssdm_op_Read.ap_auto.i11, i11 %prev_hx_q610_75_val"   --->   Operation 186 'read' 'prev_hx_q610_75_val_read' <Predicate = true> <Delay = 0.00>
ST_1 : Operation 187 [1/1] (0.00ns)   --->   "%prev_hx_q610_43_val_read = read i11 @_ssdm_op_Read.ap_auto.i11, i11 %prev_hx_q610_43_val"   --->   Operation 187 'read' 'prev_hx_q610_43_val_read' <Predicate = true> <Delay = 0.00>
ST_1 : Operation 188 [1/1] (0.00ns)   --->   "%prev_hx_q610_11_val_read = read i11 @_ssdm_op_Read.ap_auto.i11, i11 %prev_hx_q610_11_val"   --->   Operation 188 'read' 'prev_hx_q610_11_val_read' <Predicate = true> <Delay = 0.00>
ST_1 : Operation 189 [1/1] (0.00ns)   --->   "%prev_hx_q610_202_val_read = read i11 @_ssdm_op_Read.ap_auto.i11, i11 %prev_hx_q610_202_val"   --->   Operation 189 'read' 'prev_hx_q610_202_val_read' <Predicate = true> <Delay = 0.00>
ST_1 : Operation 190 [1/1] (0.00ns)   --->   "%prev_hx_q610_170_val_read = read i11 @_ssdm_op_Read.ap_auto.i11, i11 %prev_hx_q610_170_val"   --->   Operation 190 'read' 'prev_hx_q610_170_val_read' <Predicate = true> <Delay = 0.00>
ST_1 : Operation 191 [1/1] (0.00ns)   --->   "%prev_hx_q610_138_val_read = read i11 @_ssdm_op_Read.ap_auto.i11, i11 %prev_hx_q610_138_val"   --->   Operation 191 'read' 'prev_hx_q610_138_val_read' <Predicate = true> <Delay = 0.00>
ST_1 : Operation 192 [1/1] (0.00ns)   --->   "%prev_hx_q610_106_val_read = read i11 @_ssdm_op_Read.ap_auto.i11, i11 %prev_hx_q610_106_val"   --->   Operation 192 'read' 'prev_hx_q610_106_val_read' <Predicate = true> <Delay = 0.00>
ST_1 : Operation 193 [1/1] (0.00ns)   --->   "%prev_hx_q610_74_val_read = read i11 @_ssdm_op_Read.ap_auto.i11, i11 %prev_hx_q610_74_val"   --->   Operation 193 'read' 'prev_hx_q610_74_val_read' <Predicate = true> <Delay = 0.00>
ST_1 : Operation 194 [1/1] (0.00ns)   --->   "%prev_hx_q610_42_val_read = read i11 @_ssdm_op_Read.ap_auto.i11, i11 %prev_hx_q610_42_val"   --->   Operation 194 'read' 'prev_hx_q610_42_val_read' <Predicate = true> <Delay = 0.00>
ST_1 : Operation 195 [1/1] (0.00ns)   --->   "%prev_hx_q610_10_val_read = read i11 @_ssdm_op_Read.ap_auto.i11, i11 %prev_hx_q610_10_val"   --->   Operation 195 'read' 'prev_hx_q610_10_val_read' <Predicate = true> <Delay = 0.00>
ST_1 : Operation 196 [1/1] (0.00ns)   --->   "%prev_hx_q610_201_val_read = read i11 @_ssdm_op_Read.ap_auto.i11, i11 %prev_hx_q610_201_val"   --->   Operation 196 'read' 'prev_hx_q610_201_val_read' <Predicate = true> <Delay = 0.00>
ST_1 : Operation 197 [1/1] (0.00ns)   --->   "%prev_hx_q610_169_val_read = read i11 @_ssdm_op_Read.ap_auto.i11, i11 %prev_hx_q610_169_val"   --->   Operation 197 'read' 'prev_hx_q610_169_val_read' <Predicate = true> <Delay = 0.00>
ST_1 : Operation 198 [1/1] (0.00ns)   --->   "%prev_hx_q610_137_val_read = read i11 @_ssdm_op_Read.ap_auto.i11, i11 %prev_hx_q610_137_val"   --->   Operation 198 'read' 'prev_hx_q610_137_val_read' <Predicate = true> <Delay = 0.00>
ST_1 : Operation 199 [1/1] (0.00ns)   --->   "%prev_hx_q610_105_val_read = read i11 @_ssdm_op_Read.ap_auto.i11, i11 %prev_hx_q610_105_val"   --->   Operation 199 'read' 'prev_hx_q610_105_val_read' <Predicate = true> <Delay = 0.00>
ST_1 : Operation 200 [1/1] (0.00ns)   --->   "%prev_hx_q610_73_val_read = read i11 @_ssdm_op_Read.ap_auto.i11, i11 %prev_hx_q610_73_val"   --->   Operation 200 'read' 'prev_hx_q610_73_val_read' <Predicate = true> <Delay = 0.00>
ST_1 : Operation 201 [1/1] (0.00ns)   --->   "%prev_hx_q610_41_val_read = read i11 @_ssdm_op_Read.ap_auto.i11, i11 %prev_hx_q610_41_val"   --->   Operation 201 'read' 'prev_hx_q610_41_val_read' <Predicate = true> <Delay = 0.00>
ST_1 : Operation 202 [1/1] (0.00ns)   --->   "%prev_hx_q610_9_val_read = read i11 @_ssdm_op_Read.ap_auto.i11, i11 %prev_hx_q610_9_val"   --->   Operation 202 'read' 'prev_hx_q610_9_val_read' <Predicate = true> <Delay = 0.00>
ST_1 : Operation 203 [1/1] (0.00ns)   --->   "%prev_hx_q610_200_val_read = read i11 @_ssdm_op_Read.ap_auto.i11, i11 %prev_hx_q610_200_val"   --->   Operation 203 'read' 'prev_hx_q610_200_val_read' <Predicate = true> <Delay = 0.00>
ST_1 : Operation 204 [1/1] (0.00ns)   --->   "%prev_hx_q610_168_val_read = read i11 @_ssdm_op_Read.ap_auto.i11, i11 %prev_hx_q610_168_val"   --->   Operation 204 'read' 'prev_hx_q610_168_val_read' <Predicate = true> <Delay = 0.00>
ST_1 : Operation 205 [1/1] (0.00ns)   --->   "%prev_hx_q610_136_val_read = read i11 @_ssdm_op_Read.ap_auto.i11, i11 %prev_hx_q610_136_val"   --->   Operation 205 'read' 'prev_hx_q610_136_val_read' <Predicate = true> <Delay = 0.00>
ST_1 : Operation 206 [1/1] (0.00ns)   --->   "%prev_hx_q610_104_val_read = read i11 @_ssdm_op_Read.ap_auto.i11, i11 %prev_hx_q610_104_val"   --->   Operation 206 'read' 'prev_hx_q610_104_val_read' <Predicate = true> <Delay = 0.00>
ST_1 : Operation 207 [1/1] (0.00ns)   --->   "%prev_hx_q610_72_val_read = read i11 @_ssdm_op_Read.ap_auto.i11, i11 %prev_hx_q610_72_val"   --->   Operation 207 'read' 'prev_hx_q610_72_val_read' <Predicate = true> <Delay = 0.00>
ST_1 : Operation 208 [1/1] (0.00ns)   --->   "%prev_hx_q610_40_val_read = read i11 @_ssdm_op_Read.ap_auto.i11, i11 %prev_hx_q610_40_val"   --->   Operation 208 'read' 'prev_hx_q610_40_val_read' <Predicate = true> <Delay = 0.00>
ST_1 : Operation 209 [1/1] (0.00ns)   --->   "%prev_hx_q610_8_val_read = read i11 @_ssdm_op_Read.ap_auto.i11, i11 %prev_hx_q610_8_val"   --->   Operation 209 'read' 'prev_hx_q610_8_val_read' <Predicate = true> <Delay = 0.00>
ST_1 : Operation 210 [1/1] (0.00ns)   --->   "%prev_hx_q610_199_val_read = read i11 @_ssdm_op_Read.ap_auto.i11, i11 %prev_hx_q610_199_val"   --->   Operation 210 'read' 'prev_hx_q610_199_val_read' <Predicate = true> <Delay = 0.00>
ST_1 : Operation 211 [1/1] (0.00ns)   --->   "%prev_hx_q610_167_val_read = read i11 @_ssdm_op_Read.ap_auto.i11, i11 %prev_hx_q610_167_val"   --->   Operation 211 'read' 'prev_hx_q610_167_val_read' <Predicate = true> <Delay = 0.00>
ST_1 : Operation 212 [1/1] (0.00ns)   --->   "%prev_hx_q610_135_val_read = read i11 @_ssdm_op_Read.ap_auto.i11, i11 %prev_hx_q610_135_val"   --->   Operation 212 'read' 'prev_hx_q610_135_val_read' <Predicate = true> <Delay = 0.00>
ST_1 : Operation 213 [1/1] (0.00ns)   --->   "%prev_hx_q610_103_val_read = read i11 @_ssdm_op_Read.ap_auto.i11, i11 %prev_hx_q610_103_val"   --->   Operation 213 'read' 'prev_hx_q610_103_val_read' <Predicate = true> <Delay = 0.00>
ST_1 : Operation 214 [1/1] (0.00ns)   --->   "%prev_hx_q610_71_val_read = read i11 @_ssdm_op_Read.ap_auto.i11, i11 %prev_hx_q610_71_val"   --->   Operation 214 'read' 'prev_hx_q610_71_val_read' <Predicate = true> <Delay = 0.00>
ST_1 : Operation 215 [1/1] (0.00ns)   --->   "%prev_hx_q610_39_val_read = read i11 @_ssdm_op_Read.ap_auto.i11, i11 %prev_hx_q610_39_val"   --->   Operation 215 'read' 'prev_hx_q610_39_val_read' <Predicate = true> <Delay = 0.00>
ST_1 : Operation 216 [1/1] (0.00ns)   --->   "%prev_hx_q610_7_val_read = read i11 @_ssdm_op_Read.ap_auto.i11, i11 %prev_hx_q610_7_val"   --->   Operation 216 'read' 'prev_hx_q610_7_val_read' <Predicate = true> <Delay = 0.00>
ST_1 : Operation 217 [1/1] (0.00ns)   --->   "%prev_hx_q610_198_val_read = read i11 @_ssdm_op_Read.ap_auto.i11, i11 %prev_hx_q610_198_val"   --->   Operation 217 'read' 'prev_hx_q610_198_val_read' <Predicate = true> <Delay = 0.00>
ST_1 : Operation 218 [1/1] (0.00ns)   --->   "%prev_hx_q610_166_val_read = read i11 @_ssdm_op_Read.ap_auto.i11, i11 %prev_hx_q610_166_val"   --->   Operation 218 'read' 'prev_hx_q610_166_val_read' <Predicate = true> <Delay = 0.00>
ST_1 : Operation 219 [1/1] (0.00ns)   --->   "%prev_hx_q610_134_val_read = read i11 @_ssdm_op_Read.ap_auto.i11, i11 %prev_hx_q610_134_val"   --->   Operation 219 'read' 'prev_hx_q610_134_val_read' <Predicate = true> <Delay = 0.00>
ST_1 : Operation 220 [1/1] (0.00ns)   --->   "%prev_hx_q610_102_val_read = read i11 @_ssdm_op_Read.ap_auto.i11, i11 %prev_hx_q610_102_val"   --->   Operation 220 'read' 'prev_hx_q610_102_val_read' <Predicate = true> <Delay = 0.00>
ST_1 : Operation 221 [1/1] (0.00ns)   --->   "%prev_hx_q610_70_val_read = read i11 @_ssdm_op_Read.ap_auto.i11, i11 %prev_hx_q610_70_val"   --->   Operation 221 'read' 'prev_hx_q610_70_val_read' <Predicate = true> <Delay = 0.00>
ST_1 : Operation 222 [1/1] (0.00ns)   --->   "%prev_hx_q610_38_val_read = read i11 @_ssdm_op_Read.ap_auto.i11, i11 %prev_hx_q610_38_val"   --->   Operation 222 'read' 'prev_hx_q610_38_val_read' <Predicate = true> <Delay = 0.00>
ST_1 : Operation 223 [1/1] (0.00ns)   --->   "%prev_hx_q610_6_val_read = read i11 @_ssdm_op_Read.ap_auto.i11, i11 %prev_hx_q610_6_val"   --->   Operation 223 'read' 'prev_hx_q610_6_val_read' <Predicate = true> <Delay = 0.00>
ST_1 : Operation 224 [1/1] (0.00ns)   --->   "%prev_hx_q610_197_val_read = read i11 @_ssdm_op_Read.ap_auto.i11, i11 %prev_hx_q610_197_val"   --->   Operation 224 'read' 'prev_hx_q610_197_val_read' <Predicate = true> <Delay = 0.00>
ST_1 : Operation 225 [1/1] (0.00ns)   --->   "%prev_hx_q610_165_val_read = read i11 @_ssdm_op_Read.ap_auto.i11, i11 %prev_hx_q610_165_val"   --->   Operation 225 'read' 'prev_hx_q610_165_val_read' <Predicate = true> <Delay = 0.00>
ST_1 : Operation 226 [1/1] (0.00ns)   --->   "%prev_hx_q610_133_val_read = read i11 @_ssdm_op_Read.ap_auto.i11, i11 %prev_hx_q610_133_val"   --->   Operation 226 'read' 'prev_hx_q610_133_val_read' <Predicate = true> <Delay = 0.00>
ST_1 : Operation 227 [1/1] (0.00ns)   --->   "%prev_hx_q610_101_val_read = read i11 @_ssdm_op_Read.ap_auto.i11, i11 %prev_hx_q610_101_val"   --->   Operation 227 'read' 'prev_hx_q610_101_val_read' <Predicate = true> <Delay = 0.00>
ST_1 : Operation 228 [1/1] (0.00ns)   --->   "%prev_hx_q610_69_val_read = read i11 @_ssdm_op_Read.ap_auto.i11, i11 %prev_hx_q610_69_val"   --->   Operation 228 'read' 'prev_hx_q610_69_val_read' <Predicate = true> <Delay = 0.00>
ST_1 : Operation 229 [1/1] (0.00ns)   --->   "%prev_hx_q610_37_val_read = read i11 @_ssdm_op_Read.ap_auto.i11, i11 %prev_hx_q610_37_val"   --->   Operation 229 'read' 'prev_hx_q610_37_val_read' <Predicate = true> <Delay = 0.00>
ST_1 : Operation 230 [1/1] (0.00ns)   --->   "%prev_hx_q610_5_val_read = read i11 @_ssdm_op_Read.ap_auto.i11, i11 %prev_hx_q610_5_val"   --->   Operation 230 'read' 'prev_hx_q610_5_val_read' <Predicate = true> <Delay = 0.00>
ST_1 : Operation 231 [1/1] (0.00ns)   --->   "%prev_hx_q610_196_val_read = read i11 @_ssdm_op_Read.ap_auto.i11, i11 %prev_hx_q610_196_val"   --->   Operation 231 'read' 'prev_hx_q610_196_val_read' <Predicate = true> <Delay = 0.00>
ST_1 : Operation 232 [1/1] (0.00ns)   --->   "%prev_hx_q610_164_val_read = read i11 @_ssdm_op_Read.ap_auto.i11, i11 %prev_hx_q610_164_val"   --->   Operation 232 'read' 'prev_hx_q610_164_val_read' <Predicate = true> <Delay = 0.00>
ST_1 : Operation 233 [1/1] (0.00ns)   --->   "%prev_hx_q610_132_val_read = read i11 @_ssdm_op_Read.ap_auto.i11, i11 %prev_hx_q610_132_val"   --->   Operation 233 'read' 'prev_hx_q610_132_val_read' <Predicate = true> <Delay = 0.00>
ST_1 : Operation 234 [1/1] (0.00ns)   --->   "%prev_hx_q610_100_val_read = read i11 @_ssdm_op_Read.ap_auto.i11, i11 %prev_hx_q610_100_val"   --->   Operation 234 'read' 'prev_hx_q610_100_val_read' <Predicate = true> <Delay = 0.00>
ST_1 : Operation 235 [1/1] (0.00ns)   --->   "%prev_hx_q610_68_val_read = read i11 @_ssdm_op_Read.ap_auto.i11, i11 %prev_hx_q610_68_val"   --->   Operation 235 'read' 'prev_hx_q610_68_val_read' <Predicate = true> <Delay = 0.00>
ST_1 : Operation 236 [1/1] (0.00ns)   --->   "%prev_hx_q610_36_val_read = read i11 @_ssdm_op_Read.ap_auto.i11, i11 %prev_hx_q610_36_val"   --->   Operation 236 'read' 'prev_hx_q610_36_val_read' <Predicate = true> <Delay = 0.00>
ST_1 : Operation 237 [1/1] (0.00ns)   --->   "%prev_hx_q610_4_val_read = read i11 @_ssdm_op_Read.ap_auto.i11, i11 %prev_hx_q610_4_val"   --->   Operation 237 'read' 'prev_hx_q610_4_val_read' <Predicate = true> <Delay = 0.00>
ST_1 : Operation 238 [1/1] (0.00ns)   --->   "%prev_hx_q610_195_val_read = read i11 @_ssdm_op_Read.ap_auto.i11, i11 %prev_hx_q610_195_val"   --->   Operation 238 'read' 'prev_hx_q610_195_val_read' <Predicate = true> <Delay = 0.00>
ST_1 : Operation 239 [1/1] (0.00ns)   --->   "%prev_hx_q610_163_val_read = read i11 @_ssdm_op_Read.ap_auto.i11, i11 %prev_hx_q610_163_val"   --->   Operation 239 'read' 'prev_hx_q610_163_val_read' <Predicate = true> <Delay = 0.00>
ST_1 : Operation 240 [1/1] (0.00ns)   --->   "%prev_hx_q610_131_val_read = read i11 @_ssdm_op_Read.ap_auto.i11, i11 %prev_hx_q610_131_val"   --->   Operation 240 'read' 'prev_hx_q610_131_val_read' <Predicate = true> <Delay = 0.00>
ST_1 : Operation 241 [1/1] (0.00ns)   --->   "%prev_hx_q610_99_val_read = read i11 @_ssdm_op_Read.ap_auto.i11, i11 %prev_hx_q610_99_val"   --->   Operation 241 'read' 'prev_hx_q610_99_val_read' <Predicate = true> <Delay = 0.00>
ST_1 : Operation 242 [1/1] (0.00ns)   --->   "%prev_hx_q610_67_val_read = read i11 @_ssdm_op_Read.ap_auto.i11, i11 %prev_hx_q610_67_val"   --->   Operation 242 'read' 'prev_hx_q610_67_val_read' <Predicate = true> <Delay = 0.00>
ST_1 : Operation 243 [1/1] (0.00ns)   --->   "%prev_hx_q610_35_val_read = read i11 @_ssdm_op_Read.ap_auto.i11, i11 %prev_hx_q610_35_val"   --->   Operation 243 'read' 'prev_hx_q610_35_val_read' <Predicate = true> <Delay = 0.00>
ST_1 : Operation 244 [1/1] (0.00ns)   --->   "%prev_hx_q610_3_val_read = read i11 @_ssdm_op_Read.ap_auto.i11, i11 %prev_hx_q610_3_val"   --->   Operation 244 'read' 'prev_hx_q610_3_val_read' <Predicate = true> <Delay = 0.00>
ST_1 : Operation 245 [1/1] (0.00ns)   --->   "%prev_hx_q610_194_val_read = read i11 @_ssdm_op_Read.ap_auto.i11, i11 %prev_hx_q610_194_val"   --->   Operation 245 'read' 'prev_hx_q610_194_val_read' <Predicate = true> <Delay = 0.00>
ST_1 : Operation 246 [1/1] (0.00ns)   --->   "%prev_hx_q610_162_val_read = read i11 @_ssdm_op_Read.ap_auto.i11, i11 %prev_hx_q610_162_val"   --->   Operation 246 'read' 'prev_hx_q610_162_val_read' <Predicate = true> <Delay = 0.00>
ST_1 : Operation 247 [1/1] (0.00ns)   --->   "%prev_hx_q610_130_val_read = read i11 @_ssdm_op_Read.ap_auto.i11, i11 %prev_hx_q610_130_val"   --->   Operation 247 'read' 'prev_hx_q610_130_val_read' <Predicate = true> <Delay = 0.00>
ST_1 : Operation 248 [1/1] (0.00ns)   --->   "%prev_hx_q610_98_val_read = read i11 @_ssdm_op_Read.ap_auto.i11, i11 %prev_hx_q610_98_val"   --->   Operation 248 'read' 'prev_hx_q610_98_val_read' <Predicate = true> <Delay = 0.00>
ST_1 : Operation 249 [1/1] (0.00ns)   --->   "%prev_hx_q610_66_val_read = read i11 @_ssdm_op_Read.ap_auto.i11, i11 %prev_hx_q610_66_val"   --->   Operation 249 'read' 'prev_hx_q610_66_val_read' <Predicate = true> <Delay = 0.00>
ST_1 : Operation 250 [1/1] (0.00ns)   --->   "%prev_hx_q610_34_val_read = read i11 @_ssdm_op_Read.ap_auto.i11, i11 %prev_hx_q610_34_val"   --->   Operation 250 'read' 'prev_hx_q610_34_val_read' <Predicate = true> <Delay = 0.00>
ST_1 : Operation 251 [1/1] (0.00ns)   --->   "%prev_hx_q610_2_val_read = read i11 @_ssdm_op_Read.ap_auto.i11, i11 %prev_hx_q610_2_val"   --->   Operation 251 'read' 'prev_hx_q610_2_val_read' <Predicate = true> <Delay = 0.00>
ST_1 : Operation 252 [1/1] (0.00ns)   --->   "%prev_hx_q610_193_val_read = read i11 @_ssdm_op_Read.ap_auto.i11, i11 %prev_hx_q610_193_val"   --->   Operation 252 'read' 'prev_hx_q610_193_val_read' <Predicate = true> <Delay = 0.00>
ST_1 : Operation 253 [1/1] (0.00ns)   --->   "%prev_hx_q610_161_val_read = read i11 @_ssdm_op_Read.ap_auto.i11, i11 %prev_hx_q610_161_val"   --->   Operation 253 'read' 'prev_hx_q610_161_val_read' <Predicate = true> <Delay = 0.00>
ST_1 : Operation 254 [1/1] (0.00ns)   --->   "%prev_hx_q610_129_val_read = read i11 @_ssdm_op_Read.ap_auto.i11, i11 %prev_hx_q610_129_val"   --->   Operation 254 'read' 'prev_hx_q610_129_val_read' <Predicate = true> <Delay = 0.00>
ST_1 : Operation 255 [1/1] (0.00ns)   --->   "%prev_hx_q610_97_val_read = read i11 @_ssdm_op_Read.ap_auto.i11, i11 %prev_hx_q610_97_val"   --->   Operation 255 'read' 'prev_hx_q610_97_val_read' <Predicate = true> <Delay = 0.00>
ST_1 : Operation 256 [1/1] (0.00ns)   --->   "%prev_hx_q610_65_val_read = read i11 @_ssdm_op_Read.ap_auto.i11, i11 %prev_hx_q610_65_val"   --->   Operation 256 'read' 'prev_hx_q610_65_val_read' <Predicate = true> <Delay = 0.00>
ST_1 : Operation 257 [1/1] (0.00ns)   --->   "%prev_hx_q610_33_val_read = read i11 @_ssdm_op_Read.ap_auto.i11, i11 %prev_hx_q610_33_val"   --->   Operation 257 'read' 'prev_hx_q610_33_val_read' <Predicate = true> <Delay = 0.00>
ST_1 : Operation 258 [1/1] (0.00ns)   --->   "%prev_hx_q610_1_val_read = read i11 @_ssdm_op_Read.ap_auto.i11, i11 %prev_hx_q610_1_val"   --->   Operation 258 'read' 'prev_hx_q610_1_val_read' <Predicate = true> <Delay = 0.00>
ST_1 : Operation 259 [1/1] (0.00ns)   --->   "%sub_ln1839_read = read i10 @_ssdm_op_Read.ap_auto.i10, i10 %sub_ln1839"   --->   Operation 259 'read' 'sub_ln1839_read' <Predicate = true> <Delay = 0.00>
ST_1 : Operation 260 [1/1] (0.00ns)   --->   "%prev_hx_q610_192_val_read = read i11 @_ssdm_op_Read.ap_auto.i11, i11 %prev_hx_q610_192_val"   --->   Operation 260 'read' 'prev_hx_q610_192_val_read' <Predicate = true> <Delay = 0.00>
ST_1 : Operation 261 [1/1] (0.00ns)   --->   "%prev_hx_q610_160_val_read = read i11 @_ssdm_op_Read.ap_auto.i11, i11 %prev_hx_q610_160_val"   --->   Operation 261 'read' 'prev_hx_q610_160_val_read' <Predicate = true> <Delay = 0.00>
ST_1 : Operation 262 [1/1] (0.00ns)   --->   "%prev_hx_q610_128_val_read = read i11 @_ssdm_op_Read.ap_auto.i11, i11 %prev_hx_q610_128_val"   --->   Operation 262 'read' 'prev_hx_q610_128_val_read' <Predicate = true> <Delay = 0.00>
ST_1 : Operation 263 [1/1] (0.00ns)   --->   "%prev_hx_q610_96_val_read = read i11 @_ssdm_op_Read.ap_auto.i11, i11 %prev_hx_q610_96_val"   --->   Operation 263 'read' 'prev_hx_q610_96_val_read' <Predicate = true> <Delay = 0.00>
ST_1 : Operation 264 [1/1] (0.00ns)   --->   "%prev_hx_q610_64_val_read = read i11 @_ssdm_op_Read.ap_auto.i11, i11 %prev_hx_q610_64_val"   --->   Operation 264 'read' 'prev_hx_q610_64_val_read' <Predicate = true> <Delay = 0.00>
ST_1 : Operation 265 [1/1] (0.00ns)   --->   "%prev_hx_q610_32_val_read = read i11 @_ssdm_op_Read.ap_auto.i11, i11 %prev_hx_q610_32_val"   --->   Operation 265 'read' 'prev_hx_q610_32_val_read' <Predicate = true> <Delay = 0.00>
ST_1 : Operation 266 [1/1] (0.00ns)   --->   "%prev_hx_q610_0_val_read = read i11 @_ssdm_op_Read.ap_auto.i11, i11 %prev_hx_q610_0_val"   --->   Operation 266 'read' 'prev_hx_q610_0_val_read' <Predicate = true> <Delay = 0.00>
ST_1 : Operation 267 [1/1] (1.58ns)   --->   "%store_ln1837 = store i8 0, i8 %index" [H:/subband_ref_q610_opt_stage4_latency_stepL2.cpp:1837->H:/subband_ref_q610_opt_stage4_latency_stepL2.cpp:1868]   --->   Operation 267 'store' 'store_ln1837' <Predicate = true> <Delay = 1.58>
ST_1 : Operation 268 [1/1] (1.58ns)   --->   "%store_ln0 = store i30 0, i30 %empty_747"   --->   Operation 268 'store' 'store_ln0' <Predicate = true> <Delay = 1.58>
ST_1 : Operation 269 [1/1] (1.58ns)   --->   "%store_ln0 = store i30 0, i30 %empty_746"   --->   Operation 269 'store' 'store_ln0' <Predicate = true> <Delay = 1.58>
ST_1 : Operation 270 [1/1] (1.58ns)   --->   "%store_ln0 = store i30 0, i30 %empty_745"   --->   Operation 270 'store' 'store_ln0' <Predicate = true> <Delay = 1.58>
ST_1 : Operation 271 [1/1] (1.58ns)   --->   "%store_ln0 = store i30 0, i30 %empty_744"   --->   Operation 271 'store' 'store_ln0' <Predicate = true> <Delay = 1.58>
ST_1 : Operation 272 [1/1] (1.58ns)   --->   "%store_ln0 = store i30 0, i30 %empty_743"   --->   Operation 272 'store' 'store_ln0' <Predicate = true> <Delay = 1.58>
ST_1 : Operation 273 [1/1] (1.58ns)   --->   "%store_ln0 = store i30 0, i30 %empty_742"   --->   Operation 273 'store' 'store_ln0' <Predicate = true> <Delay = 1.58>
ST_1 : Operation 274 [1/1] (1.58ns)   --->   "%store_ln0 = store i30 0, i30 %empty_741"   --->   Operation 274 'store' 'store_ln0' <Predicate = true> <Delay = 1.58>
ST_1 : Operation 275 [1/1] (1.58ns)   --->   "%store_ln0 = store i30 0, i30 %empty_740"   --->   Operation 275 'store' 'store_ln0' <Predicate = true> <Delay = 1.58>
ST_1 : Operation 276 [1/1] (1.58ns)   --->   "%store_ln0 = store i30 0, i30 %empty_739"   --->   Operation 276 'store' 'store_ln0' <Predicate = true> <Delay = 1.58>
ST_1 : Operation 277 [1/1] (1.58ns)   --->   "%store_ln0 = store i30 0, i30 %empty_738"   --->   Operation 277 'store' 'store_ln0' <Predicate = true> <Delay = 1.58>
ST_1 : Operation 278 [1/1] (1.58ns)   --->   "%store_ln0 = store i30 0, i30 %empty_737"   --->   Operation 278 'store' 'store_ln0' <Predicate = true> <Delay = 1.58>
ST_1 : Operation 279 [1/1] (1.58ns)   --->   "%store_ln0 = store i30 0, i30 %empty_736"   --->   Operation 279 'store' 'store_ln0' <Predicate = true> <Delay = 1.58>
ST_1 : Operation 280 [1/1] (1.58ns)   --->   "%store_ln0 = store i30 0, i30 %empty_735"   --->   Operation 280 'store' 'store_ln0' <Predicate = true> <Delay = 1.58>
ST_1 : Operation 281 [1/1] (1.58ns)   --->   "%store_ln0 = store i30 0, i30 %empty_734"   --->   Operation 281 'store' 'store_ln0' <Predicate = true> <Delay = 1.58>
ST_1 : Operation 282 [1/1] (1.58ns)   --->   "%store_ln0 = store i30 0, i30 %empty_733"   --->   Operation 282 'store' 'store_ln0' <Predicate = true> <Delay = 1.58>
ST_1 : Operation 283 [1/1] (1.58ns)   --->   "%store_ln0 = store i30 0, i30 %empty_732"   --->   Operation 283 'store' 'store_ln0' <Predicate = true> <Delay = 1.58>
ST_1 : Operation 284 [1/1] (1.58ns)   --->   "%store_ln0 = store i30 0, i30 %empty_731"   --->   Operation 284 'store' 'store_ln0' <Predicate = true> <Delay = 1.58>
ST_1 : Operation 285 [1/1] (1.58ns)   --->   "%store_ln0 = store i30 0, i30 %empty_730"   --->   Operation 285 'store' 'store_ln0' <Predicate = true> <Delay = 1.58>
ST_1 : Operation 286 [1/1] (1.58ns)   --->   "%store_ln0 = store i30 0, i30 %empty_729"   --->   Operation 286 'store' 'store_ln0' <Predicate = true> <Delay = 1.58>
ST_1 : Operation 287 [1/1] (1.58ns)   --->   "%store_ln0 = store i30 0, i30 %empty_728"   --->   Operation 287 'store' 'store_ln0' <Predicate = true> <Delay = 1.58>
ST_1 : Operation 288 [1/1] (1.58ns)   --->   "%store_ln0 = store i30 0, i30 %empty_727"   --->   Operation 288 'store' 'store_ln0' <Predicate = true> <Delay = 1.58>
ST_1 : Operation 289 [1/1] (1.58ns)   --->   "%store_ln0 = store i30 0, i30 %empty_726"   --->   Operation 289 'store' 'store_ln0' <Predicate = true> <Delay = 1.58>
ST_1 : Operation 290 [1/1] (1.58ns)   --->   "%store_ln0 = store i30 0, i30 %empty_725"   --->   Operation 290 'store' 'store_ln0' <Predicate = true> <Delay = 1.58>
ST_1 : Operation 291 [1/1] (1.58ns)   --->   "%store_ln0 = store i30 0, i30 %empty_724"   --->   Operation 291 'store' 'store_ln0' <Predicate = true> <Delay = 1.58>
ST_1 : Operation 292 [1/1] (1.58ns)   --->   "%store_ln0 = store i30 0, i30 %empty_723"   --->   Operation 292 'store' 'store_ln0' <Predicate = true> <Delay = 1.58>
ST_1 : Operation 293 [1/1] (1.58ns)   --->   "%store_ln0 = store i30 0, i30 %empty_722"   --->   Operation 293 'store' 'store_ln0' <Predicate = true> <Delay = 1.58>
ST_1 : Operation 294 [1/1] (1.58ns)   --->   "%store_ln0 = store i30 0, i30 %empty_721"   --->   Operation 294 'store' 'store_ln0' <Predicate = true> <Delay = 1.58>
ST_1 : Operation 295 [1/1] (1.58ns)   --->   "%store_ln0 = store i30 0, i30 %empty_720"   --->   Operation 295 'store' 'store_ln0' <Predicate = true> <Delay = 1.58>
ST_1 : Operation 296 [1/1] (1.58ns)   --->   "%store_ln0 = store i30 0, i30 %empty_719"   --->   Operation 296 'store' 'store_ln0' <Predicate = true> <Delay = 1.58>
ST_1 : Operation 297 [1/1] (1.58ns)   --->   "%store_ln0 = store i30 0, i30 %empty_718"   --->   Operation 297 'store' 'store_ln0' <Predicate = true> <Delay = 1.58>
ST_1 : Operation 298 [1/1] (1.58ns)   --->   "%store_ln0 = store i30 0, i30 %empty_717"   --->   Operation 298 'store' 'store_ln0' <Predicate = true> <Delay = 1.58>
ST_1 : Operation 299 [1/1] (1.58ns)   --->   "%store_ln0 = store i30 0, i30 %empty"   --->   Operation 299 'store' 'store_ln0' <Predicate = true> <Delay = 1.58>
ST_1 : Operation 300 [1/1] (0.00ns)   --->   "%br_ln0 = br void %for.body4.i.1"   --->   Operation 300 'br' 'br_ln0' <Predicate = true> <Delay = 0.00>
ST_1 : Operation 301 [1/1] (0.00ns)   --->   "%base_index = load i8 %index" [H:/subband_ref_q610_opt_stage4_latency_stepL2.cpp:1833->H:/subband_ref_q610_opt_stage4_latency_stepL2.cpp:1868]   --->   Operation 301 'load' 'base_index' <Predicate = true> <Delay = 0.00>
ST_1 : Operation 302 [1/1] (1.91ns)   --->   "%icmp_ln1833 = icmp_eq  i8 %base_index, i8 224" [H:/subband_ref_q610_opt_stage4_latency_stepL2.cpp:1833->H:/subband_ref_q610_opt_stage4_latency_stepL2.cpp:1868]   --->   Operation 302 'icmp' 'icmp_ln1833' <Predicate = true> <Delay = 1.91> <CoreInst = "Cmp">   --->   Core 9 'Cmp' <Latency = 0> <II = 1> <Delay = 1.91> <FuncUnit> <Opcode : 'icmp'> <InPorts = 2> <OutPorts = 1>
ST_1 : Operation 303 [1/1] (0.00ns)   --->   "%br_ln1833 = br i1 %icmp_ln1833, void %fpga_resource_hint.for.body4.i.1.115, void %for.body31.i.1.exitStub" [H:/subband_ref_q610_opt_stage4_latency_stepL2.cpp:1833->H:/subband_ref_q610_opt_stage4_latency_stepL2.cpp:1868]   --->   Operation 303 'br' 'br_ln1833' <Predicate = true> <Delay = 0.00>
ST_1 : Operation 304 [1/1] (0.00ns)   --->   "%lshr_ln1833_6 = partselect i3 @_ssdm_op_PartSelect.i3.i8.i32.i32, i8 %base_index, i32 5, i32 7" [H:/subband_ref_q610_opt_stage4_latency_stepL2.cpp:1833->H:/subband_ref_q610_opt_stage4_latency_stepL2.cpp:1868]   --->   Operation 304 'partselect' 'lshr_ln1833_6' <Predicate = (!icmp_ln1833)> <Delay = 0.00>
ST_1 : Operation 305 [1/1] (2.18ns)   --->   "%lhs = sparsemux i11 @_ssdm_op_SparseMux.ap_auto.7i11.i11.i8, i8 0, i11 %prev_hx_q610_0_val_read, i8 32, i11 %prev_hx_q610_32_val_read, i8 64, i11 %prev_hx_q610_64_val_read, i8 96, i11 %prev_hx_q610_96_val_read, i8 128, i11 %prev_hx_q610_128_val_read, i8 160, i11 %prev_hx_q610_160_val_read, i8 192, i11 %prev_hx_q610_192_val_read, i11 0, i8 %base_index" [H:/subband_ref_q610_opt_stage4_latency_stepL2.cpp:1625->H:/subband_ref_q610_opt_stage4_latency_stepL2.cpp:1839->H:/subband_ref_q610_opt_stage4_latency_stepL2.cpp:1868]   --->   Operation 305 'sparsemux' 'lhs' <Predicate = (!icmp_ln1833)> <Delay = 2.18> <CoreInst = "SparseMux">   --->   Core 135 'SparseMux' <Latency = 0> <II = 1> <Delay = 2.18> <FuncUnit> <Opcode : 'sparsemux'> <InPorts = 2> <OutPorts = 1>
ST_1 : Operation 306 [1/1] (0.00ns)   --->   "%zext_ln1839 = zext i3 %lshr_ln1833_6" [H:/subband_ref_q610_opt_stage4_latency_stepL2.cpp:1839->H:/subband_ref_q610_opt_stage4_latency_stepL2.cpp:1868]   --->   Operation 306 'zext' 'zext_ln1839' <Predicate = (!icmp_ln1833)> <Delay = 0.00>
ST_1 : Operation 307 [1/1] (1.73ns)   --->   "%add_ln1839 = add i10 %sub_ln1839_read, i10 %zext_ln1839" [H:/subband_ref_q610_opt_stage4_latency_stepL2.cpp:1839->H:/subband_ref_q610_opt_stage4_latency_stepL2.cpp:1868]   --->   Operation 307 'add' 'add_ln1839' <Predicate = (!icmp_ln1833)> <Delay = 1.73> <CoreInst = "Adder">   --->   Core 1 'Adder' <Latency = 0> <II = 1> <Delay = 1.73> <FuncUnit> <Opcode : 'add' 'sub'> <InPorts = 2> <OutPorts = 1>
ST_1 : Operation 308 [1/1] (0.00ns)   --->   "%zext_ln1839_6 = zext i10 %add_ln1839" [H:/subband_ref_q610_opt_stage4_latency_stepL2.cpp:1839->H:/subband_ref_q610_opt_stage4_latency_stepL2.cpp:1868]   --->   Operation 308 'zext' 'zext_ln1839_6' <Predicate = (!icmp_ln1833)> <Delay = 0.00>
ST_1 : Operation 309 [1/1] (0.00ns)   --->   "%SubbandBand0TopQ610_ap_int_const_ap_int_const_ap_int_const_ap_int_const_ap_i_33 = getelementptr i512 %SubbandBand0TopQ610_ap_int_const_ap_int_const_ap_int_const_ap_int_const_ap_i_3, i32 0, i32 %zext_ln1839_6" [H:/subband_ref_q610_opt_stage4_latency_stepL2.cpp:1839->H:/subband_ref_q610_opt_stage4_latency_stepL2.cpp:1868]   --->   Operation 309 'getelementptr' 'SubbandBand0TopQ610_ap_int_const_ap_int_const_ap_int_const_ap_int_const_ap_i_33' <Predicate = (!icmp_ln1833)> <Delay = 0.00>
ST_1 : Operation 310 [2/2] (3.25ns)   --->   "%SubbandBand0TopQ610_ap_int_const_ap_int_const_ap_int_const_ap_int_const_ap_i_34 = load i10 %SubbandBand0TopQ610_ap_int_const_ap_int_const_ap_int_const_ap_int_const_ap_i_33" [H:/subband_ref_q610_opt_stage4_latency_stepL2.cpp:1839->H:/subband_ref_q610_opt_stage4_latency_stepL2.cpp:1868]   --->   Operation 310 'load' 'SubbandBand0TopQ610_ap_int_const_ap_int_const_ap_int_const_ap_int_const_ap_i_34' <Predicate = (!icmp_ln1833)> <Delay = 3.25> <CoreInst = "RAM_2P_BRAM">   --->   Core 91 'RAM_2P_BRAM' <Latency = 1> <II = 1> <Delay = 3.25> <Storage> <Opcode : 'load' 'store'> <Ports = 2> <Width = 512> <Depth = 784> <RAM>
ST_1 : Operation 311 [1/1] (2.18ns)   --->   "%lhs_137 = sparsemux i11 @_ssdm_op_SparseMux.ap_auto.7i11.i11.i8, i8 0, i11 %prev_hx_q610_1_val_read, i8 32, i11 %prev_hx_q610_33_val_read, i8 64, i11 %prev_hx_q610_65_val_read, i8 96, i11 %prev_hx_q610_97_val_read, i8 128, i11 %prev_hx_q610_129_val_read, i8 160, i11 %prev_hx_q610_161_val_read, i8 192, i11 %prev_hx_q610_193_val_read, i11 0, i8 %base_index" [H:/subband_ref_q610_opt_stage4_latency_stepL2.cpp:1625->H:/subband_ref_q610_opt_stage4_latency_stepL2.cpp:1839->H:/subband_ref_q610_opt_stage4_latency_stepL2.cpp:1868]   --->   Operation 311 'sparsemux' 'lhs_137' <Predicate = (!icmp_ln1833)> <Delay = 2.18> <CoreInst = "SparseMux">   --->   Core 135 'SparseMux' <Latency = 0> <II = 1> <Delay = 2.18> <FuncUnit> <Opcode : 'sparsemux'> <InPorts = 2> <OutPorts = 1>
ST_1 : Operation 312 [1/1] (2.18ns)   --->   "%lhs_138 = sparsemux i11 @_ssdm_op_SparseMux.ap_auto.7i11.i11.i8, i8 0, i11 %prev_hx_q610_2_val_read, i8 32, i11 %prev_hx_q610_34_val_read, i8 64, i11 %prev_hx_q610_66_val_read, i8 96, i11 %prev_hx_q610_98_val_read, i8 128, i11 %prev_hx_q610_130_val_read, i8 160, i11 %prev_hx_q610_162_val_read, i8 192, i11 %prev_hx_q610_194_val_read, i11 0, i8 %base_index" [H:/subband_ref_q610_opt_stage4_latency_stepL2.cpp:1625->H:/subband_ref_q610_opt_stage4_latency_stepL2.cpp:1839->H:/subband_ref_q610_opt_stage4_latency_stepL2.cpp:1868]   --->   Operation 312 'sparsemux' 'lhs_138' <Predicate = (!icmp_ln1833)> <Delay = 2.18> <CoreInst = "SparseMux">   --->   Core 135 'SparseMux' <Latency = 0> <II = 1> <Delay = 2.18> <FuncUnit> <Opcode : 'sparsemux'> <InPorts = 2> <OutPorts = 1>
ST_1 : Operation 313 [1/1] (2.18ns)   --->   "%lhs_139 = sparsemux i11 @_ssdm_op_SparseMux.ap_auto.7i11.i11.i8, i8 0, i11 %prev_hx_q610_3_val_read, i8 32, i11 %prev_hx_q610_35_val_read, i8 64, i11 %prev_hx_q610_67_val_read, i8 96, i11 %prev_hx_q610_99_val_read, i8 128, i11 %prev_hx_q610_131_val_read, i8 160, i11 %prev_hx_q610_163_val_read, i8 192, i11 %prev_hx_q610_195_val_read, i11 0, i8 %base_index" [H:/subband_ref_q610_opt_stage4_latency_stepL2.cpp:1625->H:/subband_ref_q610_opt_stage4_latency_stepL2.cpp:1839->H:/subband_ref_q610_opt_stage4_latency_stepL2.cpp:1868]   --->   Operation 313 'sparsemux' 'lhs_139' <Predicate = (!icmp_ln1833)> <Delay = 2.18> <CoreInst = "SparseMux">   --->   Core 135 'SparseMux' <Latency = 0> <II = 1> <Delay = 2.18> <FuncUnit> <Opcode : 'sparsemux'> <InPorts = 2> <OutPorts = 1>
ST_1 : Operation 314 [1/1] (2.18ns)   --->   "%lhs_140 = sparsemux i11 @_ssdm_op_SparseMux.ap_auto.7i11.i11.i8, i8 0, i11 %prev_hx_q610_4_val_read, i8 32, i11 %prev_hx_q610_36_val_read, i8 64, i11 %prev_hx_q610_68_val_read, i8 96, i11 %prev_hx_q610_100_val_read, i8 128, i11 %prev_hx_q610_132_val_read, i8 160, i11 %prev_hx_q610_164_val_read, i8 192, i11 %prev_hx_q610_196_val_read, i11 0, i8 %base_index" [H:/subband_ref_q610_opt_stage4_latency_stepL2.cpp:1625->H:/subband_ref_q610_opt_stage4_latency_stepL2.cpp:1839->H:/subband_ref_q610_opt_stage4_latency_stepL2.cpp:1868]   --->   Operation 314 'sparsemux' 'lhs_140' <Predicate = (!icmp_ln1833)> <Delay = 2.18> <CoreInst = "SparseMux">   --->   Core 135 'SparseMux' <Latency = 0> <II = 1> <Delay = 2.18> <FuncUnit> <Opcode : 'sparsemux'> <InPorts = 2> <OutPorts = 1>
ST_1 : Operation 315 [1/1] (2.18ns)   --->   "%lhs_141 = sparsemux i11 @_ssdm_op_SparseMux.ap_auto.7i11.i11.i8, i8 0, i11 %prev_hx_q610_5_val_read, i8 32, i11 %prev_hx_q610_37_val_read, i8 64, i11 %prev_hx_q610_69_val_read, i8 96, i11 %prev_hx_q610_101_val_read, i8 128, i11 %prev_hx_q610_133_val_read, i8 160, i11 %prev_hx_q610_165_val_read, i8 192, i11 %prev_hx_q610_197_val_read, i11 0, i8 %base_index" [H:/subband_ref_q610_opt_stage4_latency_stepL2.cpp:1625->H:/subband_ref_q610_opt_stage4_latency_stepL2.cpp:1839->H:/subband_ref_q610_opt_stage4_latency_stepL2.cpp:1868]   --->   Operation 315 'sparsemux' 'lhs_141' <Predicate = (!icmp_ln1833)> <Delay = 2.18> <CoreInst = "SparseMux">   --->   Core 135 'SparseMux' <Latency = 0> <II = 1> <Delay = 2.18> <FuncUnit> <Opcode : 'sparsemux'> <InPorts = 2> <OutPorts = 1>
ST_1 : Operation 316 [1/1] (2.18ns)   --->   "%lhs_142 = sparsemux i11 @_ssdm_op_SparseMux.ap_auto.7i11.i11.i8, i8 0, i11 %prev_hx_q610_6_val_read, i8 32, i11 %prev_hx_q610_38_val_read, i8 64, i11 %prev_hx_q610_70_val_read, i8 96, i11 %prev_hx_q610_102_val_read, i8 128, i11 %prev_hx_q610_134_val_read, i8 160, i11 %prev_hx_q610_166_val_read, i8 192, i11 %prev_hx_q610_198_val_read, i11 0, i8 %base_index" [H:/subband_ref_q610_opt_stage4_latency_stepL2.cpp:1625->H:/subband_ref_q610_opt_stage4_latency_stepL2.cpp:1839->H:/subband_ref_q610_opt_stage4_latency_stepL2.cpp:1868]   --->   Operation 316 'sparsemux' 'lhs_142' <Predicate = (!icmp_ln1833)> <Delay = 2.18> <CoreInst = "SparseMux">   --->   Core 135 'SparseMux' <Latency = 0> <II = 1> <Delay = 2.18> <FuncUnit> <Opcode : 'sparsemux'> <InPorts = 2> <OutPorts = 1>
ST_1 : Operation 317 [1/1] (2.18ns)   --->   "%lhs_143 = sparsemux i11 @_ssdm_op_SparseMux.ap_auto.7i11.i11.i8, i8 0, i11 %prev_hx_q610_7_val_read, i8 32, i11 %prev_hx_q610_39_val_read, i8 64, i11 %prev_hx_q610_71_val_read, i8 96, i11 %prev_hx_q610_103_val_read, i8 128, i11 %prev_hx_q610_135_val_read, i8 160, i11 %prev_hx_q610_167_val_read, i8 192, i11 %prev_hx_q610_199_val_read, i11 0, i8 %base_index" [H:/subband_ref_q610_opt_stage4_latency_stepL2.cpp:1625->H:/subband_ref_q610_opt_stage4_latency_stepL2.cpp:1839->H:/subband_ref_q610_opt_stage4_latency_stepL2.cpp:1868]   --->   Operation 317 'sparsemux' 'lhs_143' <Predicate = (!icmp_ln1833)> <Delay = 2.18> <CoreInst = "SparseMux">   --->   Core 135 'SparseMux' <Latency = 0> <II = 1> <Delay = 2.18> <FuncUnit> <Opcode : 'sparsemux'> <InPorts = 2> <OutPorts = 1>
ST_1 : Operation 318 [1/1] (2.18ns)   --->   "%lhs_144 = sparsemux i11 @_ssdm_op_SparseMux.ap_auto.7i11.i11.i8, i8 0, i11 %prev_hx_q610_8_val_read, i8 32, i11 %prev_hx_q610_40_val_read, i8 64, i11 %prev_hx_q610_72_val_read, i8 96, i11 %prev_hx_q610_104_val_read, i8 128, i11 %prev_hx_q610_136_val_read, i8 160, i11 %prev_hx_q610_168_val_read, i8 192, i11 %prev_hx_q610_200_val_read, i11 0, i8 %base_index" [H:/subband_ref_q610_opt_stage4_latency_stepL2.cpp:1625->H:/subband_ref_q610_opt_stage4_latency_stepL2.cpp:1839->H:/subband_ref_q610_opt_stage4_latency_stepL2.cpp:1868]   --->   Operation 318 'sparsemux' 'lhs_144' <Predicate = (!icmp_ln1833)> <Delay = 2.18> <CoreInst = "SparseMux">   --->   Core 135 'SparseMux' <Latency = 0> <II = 1> <Delay = 2.18> <FuncUnit> <Opcode : 'sparsemux'> <InPorts = 2> <OutPorts = 1>
ST_1 : Operation 319 [1/1] (2.18ns)   --->   "%lhs_145 = sparsemux i11 @_ssdm_op_SparseMux.ap_auto.7i11.i11.i8, i8 0, i11 %prev_hx_q610_9_val_read, i8 32, i11 %prev_hx_q610_41_val_read, i8 64, i11 %prev_hx_q610_73_val_read, i8 96, i11 %prev_hx_q610_105_val_read, i8 128, i11 %prev_hx_q610_137_val_read, i8 160, i11 %prev_hx_q610_169_val_read, i8 192, i11 %prev_hx_q610_201_val_read, i11 0, i8 %base_index" [H:/subband_ref_q610_opt_stage4_latency_stepL2.cpp:1625->H:/subband_ref_q610_opt_stage4_latency_stepL2.cpp:1839->H:/subband_ref_q610_opt_stage4_latency_stepL2.cpp:1868]   --->   Operation 319 'sparsemux' 'lhs_145' <Predicate = (!icmp_ln1833)> <Delay = 2.18> <CoreInst = "SparseMux">   --->   Core 135 'SparseMux' <Latency = 0> <II = 1> <Delay = 2.18> <FuncUnit> <Opcode : 'sparsemux'> <InPorts = 2> <OutPorts = 1>
ST_1 : Operation 320 [1/1] (2.18ns)   --->   "%lhs_146 = sparsemux i11 @_ssdm_op_SparseMux.ap_auto.7i11.i11.i8, i8 0, i11 %prev_hx_q610_10_val_read, i8 32, i11 %prev_hx_q610_42_val_read, i8 64, i11 %prev_hx_q610_74_val_read, i8 96, i11 %prev_hx_q610_106_val_read, i8 128, i11 %prev_hx_q610_138_val_read, i8 160, i11 %prev_hx_q610_170_val_read, i8 192, i11 %prev_hx_q610_202_val_read, i11 0, i8 %base_index" [H:/subband_ref_q610_opt_stage4_latency_stepL2.cpp:1625->H:/subband_ref_q610_opt_stage4_latency_stepL2.cpp:1839->H:/subband_ref_q610_opt_stage4_latency_stepL2.cpp:1868]   --->   Operation 320 'sparsemux' 'lhs_146' <Predicate = (!icmp_ln1833)> <Delay = 2.18> <CoreInst = "SparseMux">   --->   Core 135 'SparseMux' <Latency = 0> <II = 1> <Delay = 2.18> <FuncUnit> <Opcode : 'sparsemux'> <InPorts = 2> <OutPorts = 1>
ST_1 : Operation 321 [1/1] (2.18ns)   --->   "%lhs_147 = sparsemux i11 @_ssdm_op_SparseMux.ap_auto.7i11.i11.i8, i8 0, i11 %prev_hx_q610_11_val_read, i8 32, i11 %prev_hx_q610_43_val_read, i8 64, i11 %prev_hx_q610_75_val_read, i8 96, i11 %prev_hx_q610_107_val_read, i8 128, i11 %prev_hx_q610_139_val_read, i8 160, i11 %prev_hx_q610_171_val_read, i8 192, i11 %prev_hx_q610_203_val_read, i11 0, i8 %base_index" [H:/subband_ref_q610_opt_stage4_latency_stepL2.cpp:1625->H:/subband_ref_q610_opt_stage4_latency_stepL2.cpp:1839->H:/subband_ref_q610_opt_stage4_latency_stepL2.cpp:1868]   --->   Operation 321 'sparsemux' 'lhs_147' <Predicate = (!icmp_ln1833)> <Delay = 2.18> <CoreInst = "SparseMux">   --->   Core 135 'SparseMux' <Latency = 0> <II = 1> <Delay = 2.18> <FuncUnit> <Opcode : 'sparsemux'> <InPorts = 2> <OutPorts = 1>
ST_1 : Operation 322 [1/1] (2.18ns)   --->   "%lhs_148 = sparsemux i11 @_ssdm_op_SparseMux.ap_auto.7i11.i11.i8, i8 0, i11 %prev_hx_q610_12_val_read, i8 32, i11 %prev_hx_q610_44_val_read, i8 64, i11 %prev_hx_q610_76_val_read, i8 96, i11 %prev_hx_q610_108_val_read, i8 128, i11 %prev_hx_q610_140_val_read, i8 160, i11 %prev_hx_q610_172_val_read, i8 192, i11 %prev_hx_q610_204_val_read, i11 0, i8 %base_index" [H:/subband_ref_q610_opt_stage4_latency_stepL2.cpp:1625->H:/subband_ref_q610_opt_stage4_latency_stepL2.cpp:1839->H:/subband_ref_q610_opt_stage4_latency_stepL2.cpp:1868]   --->   Operation 322 'sparsemux' 'lhs_148' <Predicate = (!icmp_ln1833)> <Delay = 2.18> <CoreInst = "SparseMux">   --->   Core 135 'SparseMux' <Latency = 0> <II = 1> <Delay = 2.18> <FuncUnit> <Opcode : 'sparsemux'> <InPorts = 2> <OutPorts = 1>
ST_1 : Operation 323 [1/1] (2.18ns)   --->   "%lhs_149 = sparsemux i11 @_ssdm_op_SparseMux.ap_auto.7i11.i11.i8, i8 0, i11 %prev_hx_q610_13_val_read, i8 32, i11 %prev_hx_q610_45_val_read, i8 64, i11 %prev_hx_q610_77_val_read, i8 96, i11 %prev_hx_q610_109_val_read, i8 128, i11 %prev_hx_q610_141_val_read, i8 160, i11 %prev_hx_q610_173_val_read, i8 192, i11 %prev_hx_q610_205_val_read, i11 0, i8 %base_index" [H:/subband_ref_q610_opt_stage4_latency_stepL2.cpp:1625->H:/subband_ref_q610_opt_stage4_latency_stepL2.cpp:1839->H:/subband_ref_q610_opt_stage4_latency_stepL2.cpp:1868]   --->   Operation 323 'sparsemux' 'lhs_149' <Predicate = (!icmp_ln1833)> <Delay = 2.18> <CoreInst = "SparseMux">   --->   Core 135 'SparseMux' <Latency = 0> <II = 1> <Delay = 2.18> <FuncUnit> <Opcode : 'sparsemux'> <InPorts = 2> <OutPorts = 1>
ST_1 : Operation 324 [1/1] (2.18ns)   --->   "%lhs_150 = sparsemux i11 @_ssdm_op_SparseMux.ap_auto.7i11.i11.i8, i8 0, i11 %prev_hx_q610_14_val_read, i8 32, i11 %prev_hx_q610_46_val_read, i8 64, i11 %prev_hx_q610_78_val_read, i8 96, i11 %prev_hx_q610_110_val_read, i8 128, i11 %prev_hx_q610_142_val_read, i8 160, i11 %prev_hx_q610_174_val_read, i8 192, i11 %prev_hx_q610_206_val_read, i11 0, i8 %base_index" [H:/subband_ref_q610_opt_stage4_latency_stepL2.cpp:1625->H:/subband_ref_q610_opt_stage4_latency_stepL2.cpp:1839->H:/subband_ref_q610_opt_stage4_latency_stepL2.cpp:1868]   --->   Operation 324 'sparsemux' 'lhs_150' <Predicate = (!icmp_ln1833)> <Delay = 2.18> <CoreInst = "SparseMux">   --->   Core 135 'SparseMux' <Latency = 0> <II = 1> <Delay = 2.18> <FuncUnit> <Opcode : 'sparsemux'> <InPorts = 2> <OutPorts = 1>
ST_1 : Operation 325 [1/1] (2.18ns)   --->   "%lhs_151 = sparsemux i11 @_ssdm_op_SparseMux.ap_auto.7i11.i11.i8, i8 0, i11 %prev_hx_q610_15_val_read, i8 32, i11 %prev_hx_q610_47_val_read, i8 64, i11 %prev_hx_q610_79_val_read, i8 96, i11 %prev_hx_q610_111_val_read, i8 128, i11 %prev_hx_q610_143_val_read, i8 160, i11 %prev_hx_q610_175_val_read, i8 192, i11 %prev_hx_q610_207_val_read, i11 0, i8 %base_index" [H:/subband_ref_q610_opt_stage4_latency_stepL2.cpp:1625->H:/subband_ref_q610_opt_stage4_latency_stepL2.cpp:1839->H:/subband_ref_q610_opt_stage4_latency_stepL2.cpp:1868]   --->   Operation 325 'sparsemux' 'lhs_151' <Predicate = (!icmp_ln1833)> <Delay = 2.18> <CoreInst = "SparseMux">   --->   Core 135 'SparseMux' <Latency = 0> <II = 1> <Delay = 2.18> <FuncUnit> <Opcode : 'sparsemux'> <InPorts = 2> <OutPorts = 1>
ST_1 : Operation 326 [1/1] (2.18ns)   --->   "%lhs_152 = sparsemux i11 @_ssdm_op_SparseMux.ap_auto.7i11.i11.i8, i8 0, i11 %prev_hx_q610_16_val_read, i8 32, i11 %prev_hx_q610_48_val_read, i8 64, i11 %prev_hx_q610_80_val_read, i8 96, i11 %prev_hx_q610_112_val_read, i8 128, i11 %prev_hx_q610_144_val_read, i8 160, i11 %prev_hx_q610_176_val_read, i8 192, i11 %prev_hx_q610_208_val_read, i11 0, i8 %base_index" [H:/subband_ref_q610_opt_stage4_latency_stepL2.cpp:1625->H:/subband_ref_q610_opt_stage4_latency_stepL2.cpp:1839->H:/subband_ref_q610_opt_stage4_latency_stepL2.cpp:1868]   --->   Operation 326 'sparsemux' 'lhs_152' <Predicate = (!icmp_ln1833)> <Delay = 2.18> <CoreInst = "SparseMux">   --->   Core 135 'SparseMux' <Latency = 0> <II = 1> <Delay = 2.18> <FuncUnit> <Opcode : 'sparsemux'> <InPorts = 2> <OutPorts = 1>
ST_1 : Operation 327 [1/1] (2.18ns)   --->   "%lhs_153 = sparsemux i11 @_ssdm_op_SparseMux.ap_auto.7i11.i11.i8, i8 0, i11 %prev_hx_q610_17_val_read, i8 32, i11 %prev_hx_q610_49_val_read, i8 64, i11 %prev_hx_q610_81_val_read, i8 96, i11 %prev_hx_q610_113_val_read, i8 128, i11 %prev_hx_q610_145_val_read, i8 160, i11 %prev_hx_q610_177_val_read, i8 192, i11 %prev_hx_q610_209_val_read, i11 0, i8 %base_index" [H:/subband_ref_q610_opt_stage4_latency_stepL2.cpp:1625->H:/subband_ref_q610_opt_stage4_latency_stepL2.cpp:1839->H:/subband_ref_q610_opt_stage4_latency_stepL2.cpp:1868]   --->   Operation 327 'sparsemux' 'lhs_153' <Predicate = (!icmp_ln1833)> <Delay = 2.18> <CoreInst = "SparseMux">   --->   Core 135 'SparseMux' <Latency = 0> <II = 1> <Delay = 2.18> <FuncUnit> <Opcode : 'sparsemux'> <InPorts = 2> <OutPorts = 1>
ST_1 : Operation 328 [1/1] (2.18ns)   --->   "%lhs_154 = sparsemux i11 @_ssdm_op_SparseMux.ap_auto.7i11.i11.i8, i8 0, i11 %prev_hx_q610_18_val_read, i8 32, i11 %prev_hx_q610_50_val_read, i8 64, i11 %prev_hx_q610_82_val_read, i8 96, i11 %prev_hx_q610_114_val_read, i8 128, i11 %prev_hx_q610_146_val_read, i8 160, i11 %prev_hx_q610_178_val_read, i8 192, i11 %prev_hx_q610_210_val_read, i11 0, i8 %base_index" [H:/subband_ref_q610_opt_stage4_latency_stepL2.cpp:1625->H:/subband_ref_q610_opt_stage4_latency_stepL2.cpp:1839->H:/subband_ref_q610_opt_stage4_latency_stepL2.cpp:1868]   --->   Operation 328 'sparsemux' 'lhs_154' <Predicate = (!icmp_ln1833)> <Delay = 2.18> <CoreInst = "SparseMux">   --->   Core 135 'SparseMux' <Latency = 0> <II = 1> <Delay = 2.18> <FuncUnit> <Opcode : 'sparsemux'> <InPorts = 2> <OutPorts = 1>
ST_1 : Operation 329 [1/1] (2.18ns)   --->   "%lhs_155 = sparsemux i11 @_ssdm_op_SparseMux.ap_auto.7i11.i11.i8, i8 0, i11 %prev_hx_q610_19_val_read, i8 32, i11 %prev_hx_q610_51_val_read, i8 64, i11 %prev_hx_q610_83_val_read, i8 96, i11 %prev_hx_q610_115_val_read, i8 128, i11 %prev_hx_q610_147_val_read, i8 160, i11 %prev_hx_q610_179_val_read, i8 192, i11 %prev_hx_q610_211_val_read, i11 0, i8 %base_index" [H:/subband_ref_q610_opt_stage4_latency_stepL2.cpp:1625->H:/subband_ref_q610_opt_stage4_latency_stepL2.cpp:1839->H:/subband_ref_q610_opt_stage4_latency_stepL2.cpp:1868]   --->   Operation 329 'sparsemux' 'lhs_155' <Predicate = (!icmp_ln1833)> <Delay = 2.18> <CoreInst = "SparseMux">   --->   Core 135 'SparseMux' <Latency = 0> <II = 1> <Delay = 2.18> <FuncUnit> <Opcode : 'sparsemux'> <InPorts = 2> <OutPorts = 1>
ST_1 : Operation 330 [1/1] (2.18ns)   --->   "%lhs_156 = sparsemux i11 @_ssdm_op_SparseMux.ap_auto.7i11.i11.i8, i8 0, i11 %prev_hx_q610_20_val_read, i8 32, i11 %prev_hx_q610_52_val_read, i8 64, i11 %prev_hx_q610_84_val_read, i8 96, i11 %prev_hx_q610_116_val_read, i8 128, i11 %prev_hx_q610_148_val_read, i8 160, i11 %prev_hx_q610_180_val_read, i8 192, i11 %prev_hx_q610_212_val_read, i11 0, i8 %base_index" [H:/subband_ref_q610_opt_stage4_latency_stepL2.cpp:1625->H:/subband_ref_q610_opt_stage4_latency_stepL2.cpp:1839->H:/subband_ref_q610_opt_stage4_latency_stepL2.cpp:1868]   --->   Operation 330 'sparsemux' 'lhs_156' <Predicate = (!icmp_ln1833)> <Delay = 2.18> <CoreInst = "SparseMux">   --->   Core 135 'SparseMux' <Latency = 0> <II = 1> <Delay = 2.18> <FuncUnit> <Opcode : 'sparsemux'> <InPorts = 2> <OutPorts = 1>
ST_1 : Operation 331 [1/1] (2.18ns)   --->   "%lhs_157 = sparsemux i11 @_ssdm_op_SparseMux.ap_auto.7i11.i11.i8, i8 0, i11 %prev_hx_q610_21_val_read, i8 32, i11 %prev_hx_q610_53_val_read, i8 64, i11 %prev_hx_q610_85_val_read, i8 96, i11 %prev_hx_q610_117_val_read, i8 128, i11 %prev_hx_q610_149_val_read, i8 160, i11 %prev_hx_q610_181_val_read, i8 192, i11 %prev_hx_q610_213_val_read, i11 0, i8 %base_index" [H:/subband_ref_q610_opt_stage4_latency_stepL2.cpp:1625->H:/subband_ref_q610_opt_stage4_latency_stepL2.cpp:1839->H:/subband_ref_q610_opt_stage4_latency_stepL2.cpp:1868]   --->   Operation 331 'sparsemux' 'lhs_157' <Predicate = (!icmp_ln1833)> <Delay = 2.18> <CoreInst = "SparseMux">   --->   Core 135 'SparseMux' <Latency = 0> <II = 1> <Delay = 2.18> <FuncUnit> <Opcode : 'sparsemux'> <InPorts = 2> <OutPorts = 1>
ST_1 : Operation 332 [1/1] (2.18ns)   --->   "%lhs_158 = sparsemux i11 @_ssdm_op_SparseMux.ap_auto.7i11.i11.i8, i8 0, i11 %prev_hx_q610_22_val_read, i8 32, i11 %prev_hx_q610_54_val_read, i8 64, i11 %prev_hx_q610_86_val_read, i8 96, i11 %prev_hx_q610_118_val_read, i8 128, i11 %prev_hx_q610_150_val_read, i8 160, i11 %prev_hx_q610_182_val_read, i8 192, i11 %prev_hx_q610_214_val_read, i11 0, i8 %base_index" [H:/subband_ref_q610_opt_stage4_latency_stepL2.cpp:1625->H:/subband_ref_q610_opt_stage4_latency_stepL2.cpp:1839->H:/subband_ref_q610_opt_stage4_latency_stepL2.cpp:1868]   --->   Operation 332 'sparsemux' 'lhs_158' <Predicate = (!icmp_ln1833)> <Delay = 2.18> <CoreInst = "SparseMux">   --->   Core 135 'SparseMux' <Latency = 0> <II = 1> <Delay = 2.18> <FuncUnit> <Opcode : 'sparsemux'> <InPorts = 2> <OutPorts = 1>
ST_1 : Operation 333 [1/1] (2.18ns)   --->   "%lhs_159 = sparsemux i11 @_ssdm_op_SparseMux.ap_auto.7i11.i11.i8, i8 0, i11 %prev_hx_q610_23_val_read, i8 32, i11 %prev_hx_q610_55_val_read, i8 64, i11 %prev_hx_q610_87_val_read, i8 96, i11 %prev_hx_q610_119_val_read, i8 128, i11 %prev_hx_q610_151_val_read, i8 160, i11 %prev_hx_q610_183_val_read, i8 192, i11 %prev_hx_q610_215_val_read, i11 0, i8 %base_index" [H:/subband_ref_q610_opt_stage4_latency_stepL2.cpp:1625->H:/subband_ref_q610_opt_stage4_latency_stepL2.cpp:1839->H:/subband_ref_q610_opt_stage4_latency_stepL2.cpp:1868]   --->   Operation 333 'sparsemux' 'lhs_159' <Predicate = (!icmp_ln1833)> <Delay = 2.18> <CoreInst = "SparseMux">   --->   Core 135 'SparseMux' <Latency = 0> <II = 1> <Delay = 2.18> <FuncUnit> <Opcode : 'sparsemux'> <InPorts = 2> <OutPorts = 1>
ST_1 : Operation 334 [1/1] (2.18ns)   --->   "%lhs_160 = sparsemux i11 @_ssdm_op_SparseMux.ap_auto.7i11.i11.i8, i8 0, i11 %prev_hx_q610_24_val_read, i8 32, i11 %prev_hx_q610_56_val_read, i8 64, i11 %prev_hx_q610_88_val_read, i8 96, i11 %prev_hx_q610_120_val_read, i8 128, i11 %prev_hx_q610_152_val_read, i8 160, i11 %prev_hx_q610_184_val_read, i8 192, i11 %prev_hx_q610_216_val_read, i11 0, i8 %base_index" [H:/subband_ref_q610_opt_stage4_latency_stepL2.cpp:1625->H:/subband_ref_q610_opt_stage4_latency_stepL2.cpp:1839->H:/subband_ref_q610_opt_stage4_latency_stepL2.cpp:1868]   --->   Operation 334 'sparsemux' 'lhs_160' <Predicate = (!icmp_ln1833)> <Delay = 2.18> <CoreInst = "SparseMux">   --->   Core 135 'SparseMux' <Latency = 0> <II = 1> <Delay = 2.18> <FuncUnit> <Opcode : 'sparsemux'> <InPorts = 2> <OutPorts = 1>
ST_1 : Operation 335 [1/1] (2.18ns)   --->   "%lhs_161 = sparsemux i11 @_ssdm_op_SparseMux.ap_auto.7i11.i11.i8, i8 0, i11 %prev_hx_q610_25_val_read, i8 32, i11 %prev_hx_q610_57_val_read, i8 64, i11 %prev_hx_q610_89_val_read, i8 96, i11 %prev_hx_q610_121_val_read, i8 128, i11 %prev_hx_q610_153_val_read, i8 160, i11 %prev_hx_q610_185_val_read, i8 192, i11 %prev_hx_q610_217_val_read, i11 0, i8 %base_index" [H:/subband_ref_q610_opt_stage4_latency_stepL2.cpp:1625->H:/subband_ref_q610_opt_stage4_latency_stepL2.cpp:1839->H:/subband_ref_q610_opt_stage4_latency_stepL2.cpp:1868]   --->   Operation 335 'sparsemux' 'lhs_161' <Predicate = (!icmp_ln1833)> <Delay = 2.18> <CoreInst = "SparseMux">   --->   Core 135 'SparseMux' <Latency = 0> <II = 1> <Delay = 2.18> <FuncUnit> <Opcode : 'sparsemux'> <InPorts = 2> <OutPorts = 1>
ST_1 : Operation 336 [1/1] (2.18ns)   --->   "%lhs_162 = sparsemux i11 @_ssdm_op_SparseMux.ap_auto.7i11.i11.i8, i8 0, i11 %prev_hx_q610_26_val_read, i8 32, i11 %prev_hx_q610_58_val_read, i8 64, i11 %prev_hx_q610_90_val_read, i8 96, i11 %prev_hx_q610_122_val_read, i8 128, i11 %prev_hx_q610_154_val_read, i8 160, i11 %prev_hx_q610_186_val_read, i8 192, i11 %prev_hx_q610_218_val_read, i11 0, i8 %base_index" [H:/subband_ref_q610_opt_stage4_latency_stepL2.cpp:1625->H:/subband_ref_q610_opt_stage4_latency_stepL2.cpp:1839->H:/subband_ref_q610_opt_stage4_latency_stepL2.cpp:1868]   --->   Operation 336 'sparsemux' 'lhs_162' <Predicate = (!icmp_ln1833)> <Delay = 2.18> <CoreInst = "SparseMux">   --->   Core 135 'SparseMux' <Latency = 0> <II = 1> <Delay = 2.18> <FuncUnit> <Opcode : 'sparsemux'> <InPorts = 2> <OutPorts = 1>
ST_1 : Operation 337 [1/1] (2.18ns)   --->   "%lhs_163 = sparsemux i11 @_ssdm_op_SparseMux.ap_auto.7i11.i11.i8, i8 0, i11 %prev_hx_q610_27_val_read, i8 32, i11 %prev_hx_q610_59_val_read, i8 64, i11 %prev_hx_q610_91_val_read, i8 96, i11 %prev_hx_q610_123_val_read, i8 128, i11 %prev_hx_q610_155_val_read, i8 160, i11 %prev_hx_q610_187_val_read, i8 192, i11 %prev_hx_q610_219_val_read, i11 0, i8 %base_index" [H:/subband_ref_q610_opt_stage4_latency_stepL2.cpp:1625->H:/subband_ref_q610_opt_stage4_latency_stepL2.cpp:1839->H:/subband_ref_q610_opt_stage4_latency_stepL2.cpp:1868]   --->   Operation 337 'sparsemux' 'lhs_163' <Predicate = (!icmp_ln1833)> <Delay = 2.18> <CoreInst = "SparseMux">   --->   Core 135 'SparseMux' <Latency = 0> <II = 1> <Delay = 2.18> <FuncUnit> <Opcode : 'sparsemux'> <InPorts = 2> <OutPorts = 1>
ST_1 : Operation 338 [1/1] (2.18ns)   --->   "%lhs_164 = sparsemux i11 @_ssdm_op_SparseMux.ap_auto.7i11.i11.i8, i8 0, i11 %prev_hx_q610_28_val_read, i8 32, i11 %prev_hx_q610_60_val_read, i8 64, i11 %prev_hx_q610_92_val_read, i8 96, i11 %prev_hx_q610_124_val_read, i8 128, i11 %prev_hx_q610_156_val_read, i8 160, i11 %prev_hx_q610_188_val_read, i8 192, i11 %prev_hx_q610_220_val_read, i11 0, i8 %base_index" [H:/subband_ref_q610_opt_stage4_latency_stepL2.cpp:1625->H:/subband_ref_q610_opt_stage4_latency_stepL2.cpp:1839->H:/subband_ref_q610_opt_stage4_latency_stepL2.cpp:1868]   --->   Operation 338 'sparsemux' 'lhs_164' <Predicate = (!icmp_ln1833)> <Delay = 2.18> <CoreInst = "SparseMux">   --->   Core 135 'SparseMux' <Latency = 0> <II = 1> <Delay = 2.18> <FuncUnit> <Opcode : 'sparsemux'> <InPorts = 2> <OutPorts = 1>
ST_1 : Operation 339 [1/1] (2.18ns)   --->   "%lhs_165 = sparsemux i11 @_ssdm_op_SparseMux.ap_auto.7i11.i11.i8, i8 0, i11 %prev_hx_q610_29_val_read, i8 32, i11 %prev_hx_q610_61_val_read, i8 64, i11 %prev_hx_q610_93_val_read, i8 96, i11 %prev_hx_q610_125_val_read, i8 128, i11 %prev_hx_q610_157_val_read, i8 160, i11 %prev_hx_q610_189_val_read, i8 192, i11 %prev_hx_q610_221_val_read, i11 0, i8 %base_index" [H:/subband_ref_q610_opt_stage4_latency_stepL2.cpp:1625->H:/subband_ref_q610_opt_stage4_latency_stepL2.cpp:1839->H:/subband_ref_q610_opt_stage4_latency_stepL2.cpp:1868]   --->   Operation 339 'sparsemux' 'lhs_165' <Predicate = (!icmp_ln1833)> <Delay = 2.18> <CoreInst = "SparseMux">   --->   Core 135 'SparseMux' <Latency = 0> <II = 1> <Delay = 2.18> <FuncUnit> <Opcode : 'sparsemux'> <InPorts = 2> <OutPorts = 1>
ST_1 : Operation 340 [1/1] (2.18ns)   --->   "%lhs_166 = sparsemux i11 @_ssdm_op_SparseMux.ap_auto.7i11.i11.i8, i8 0, i11 %prev_hx_q610_30_val_read, i8 32, i11 %prev_hx_q610_62_val_read, i8 64, i11 %prev_hx_q610_94_val_read, i8 96, i11 %prev_hx_q610_126_val_read, i8 128, i11 %prev_hx_q610_158_val_read, i8 160, i11 %prev_hx_q610_190_val_read, i8 192, i11 %prev_hx_q610_222_val_read, i11 0, i8 %base_index" [H:/subband_ref_q610_opt_stage4_latency_stepL2.cpp:1625->H:/subband_ref_q610_opt_stage4_latency_stepL2.cpp:1839->H:/subband_ref_q610_opt_stage4_latency_stepL2.cpp:1868]   --->   Operation 340 'sparsemux' 'lhs_166' <Predicate = (!icmp_ln1833)> <Delay = 2.18> <CoreInst = "SparseMux">   --->   Core 135 'SparseMux' <Latency = 0> <II = 1> <Delay = 2.18> <FuncUnit> <Opcode : 'sparsemux'> <InPorts = 2> <OutPorts = 1>
ST_1 : Operation 341 [1/1] (2.18ns)   --->   "%lhs_167 = sparsemux i11 @_ssdm_op_SparseMux.ap_auto.7i11.i11.i8, i8 0, i11 %prev_hx_q610_31_val_read, i8 32, i11 %prev_hx_q610_63_val_read, i8 64, i11 %prev_hx_q610_95_val_read, i8 96, i11 %prev_hx_q610_127_val_read, i8 128, i11 %prev_hx_q610_159_val_read, i8 160, i11 %prev_hx_q610_191_val_read, i8 192, i11 %prev_hx_q610_223_val_read, i11 0, i8 %base_index" [H:/subband_ref_q610_opt_stage4_latency_stepL2.cpp:1625->H:/subband_ref_q610_opt_stage4_latency_stepL2.cpp:1839->H:/subband_ref_q610_opt_stage4_latency_stepL2.cpp:1868]   --->   Operation 341 'sparsemux' 'lhs_167' <Predicate = (!icmp_ln1833)> <Delay = 2.18> <CoreInst = "SparseMux">   --->   Core 135 'SparseMux' <Latency = 0> <II = 1> <Delay = 2.18> <FuncUnit> <Opcode : 'sparsemux'> <InPorts = 2> <OutPorts = 1>
ST_1 : Operation 342 [1/1] (1.91ns)   --->   "%add_ln1833 = add i8 %base_index, i8 32" [H:/subband_ref_q610_opt_stage4_latency_stepL2.cpp:1833->H:/subband_ref_q610_opt_stage4_latency_stepL2.cpp:1868]   --->   Operation 342 'add' 'add_ln1833' <Predicate = (!icmp_ln1833)> <Delay = 1.91> <CoreInst = "Adder">   --->   Core 1 'Adder' <Latency = 0> <II = 1> <Delay = 1.91> <FuncUnit> <Opcode : 'add' 'sub'> <InPorts = 2> <OutPorts = 1>
ST_1 : Operation 343 [1/1] (1.58ns)   --->   "%store_ln1837 = store i8 %add_ln1833, i8 %index" [H:/subband_ref_q610_opt_stage4_latency_stepL2.cpp:1837->H:/subband_ref_q610_opt_stage4_latency_stepL2.cpp:1868]   --->   Operation 343 'store' 'store_ln1837' <Predicate = (!icmp_ln1833)> <Delay = 1.58>

State 2 <SV = 1> <Delay = 4.30>
ST_2 : Operation 344 [1/2] (3.25ns)   --->   "%SubbandBand0TopQ610_ap_int_const_ap_int_const_ap_int_const_ap_int_const_ap_i_34 = load i10 %SubbandBand0TopQ610_ap_int_const_ap_int_const_ap_int_const_ap_int_const_ap_i_33" [H:/subband_ref_q610_opt_stage4_latency_stepL2.cpp:1839->H:/subband_ref_q610_opt_stage4_latency_stepL2.cpp:1868]   --->   Operation 344 'load' 'SubbandBand0TopQ610_ap_int_const_ap_int_const_ap_int_const_ap_int_const_ap_i_34' <Predicate = true> <Delay = 3.25> <CoreInst = "RAM_2P_BRAM">   --->   Core 91 'RAM_2P_BRAM' <Latency = 1> <II = 1> <Delay = 3.25> <Storage> <Opcode : 'load' 'store'> <Ports = 2> <Width = 512> <Depth = 784> <RAM>
ST_2 : Operation 345 [1/1] (0.00ns)   --->   "%rhs = trunc i512 %SubbandBand0TopQ610_ap_int_const_ap_int_const_ap_int_const_ap_int_const_ap_i_34" [H:/subband_ref_q610_opt_stage4_latency_stepL2.cpp:1839->H:/subband_ref_q610_opt_stage4_latency_stepL2.cpp:1868]   --->   Operation 345 'trunc' 'rhs' <Predicate = true> <Delay = 0.00>
ST_2 : Operation 346 [1/1] (0.00ns)   --->   "%zext_ln1625 = zext i11 %lhs" [H:/subband_ref_q610_opt_stage4_latency_stepL2.cpp:1625->H:/subband_ref_q610_opt_stage4_latency_stepL2.cpp:1839->H:/subband_ref_q610_opt_stage4_latency_stepL2.cpp:1868]   --->   Operation 346 'zext' 'zext_ln1625' <Predicate = true> <Delay = 0.00>
ST_2 : Operation 347 [1/1] (0.00ns)   --->   "%sext_ln1625 = sext i16 %rhs" [H:/subband_ref_q610_opt_stage4_latency_stepL2.cpp:1625->H:/subband_ref_q610_opt_stage4_latency_stepL2.cpp:1839->H:/subband_ref_q610_opt_stage4_latency_stepL2.cpp:1868]   --->   Operation 347 'sext' 'sext_ln1625' <Predicate = true> <Delay = 0.00>
ST_2 : Operation 348 [3/3] (1.05ns) (grouped into DSP with root node add_ln1839_73)   --->   "%product_q20 = mul i27 %sext_ln1625, i27 %zext_ln1625" [H:/subband_ref_q610_opt_stage4_latency_stepL2.cpp:1625->H:/subband_ref_q610_opt_stage4_latency_stepL2.cpp:1839->H:/subband_ref_q610_opt_stage4_latency_stepL2.cpp:1868]   --->   Operation 348 'mul' 'product_q20' <Predicate = true> <Delay = 1.05> <CoreInst = "DSP48">   --->   Core 119 'DSP48' <Latency = 2> <II = 1> <Delay = 3.88> <IPBlock> <Opcode : '' 'add' 'sub' 'mul' 'select'> <InPorts = 0> <OutPorts = 1> <Sync> <CReg>
ST_2 : Operation 349 [1/1] (0.00ns)   --->   "%rhs_131 = partselect i16 @_ssdm_op_PartSelect.i16.i512.i32.i32, i512 %SubbandBand0TopQ610_ap_int_const_ap_int_const_ap_int_const_ap_int_const_ap_i_34, i32 16, i32 31" [H:/subband_ref_q610_opt_stage4_latency_stepL2.cpp:1839->H:/subband_ref_q610_opt_stage4_latency_stepL2.cpp:1868]   --->   Operation 349 'partselect' 'rhs_131' <Predicate = true> <Delay = 0.00>
ST_2 : Operation 350 [1/1] (0.00ns)   --->   "%zext_ln1625_63 = zext i11 %lhs_137" [H:/subband_ref_q610_opt_stage4_latency_stepL2.cpp:1625->H:/subband_ref_q610_opt_stage4_latency_stepL2.cpp:1839->H:/subband_ref_q610_opt_stage4_latency_stepL2.cpp:1868]   --->   Operation 350 'zext' 'zext_ln1625_63' <Predicate = true> <Delay = 0.00>
ST_2 : Operation 351 [1/1] (0.00ns)   --->   "%sext_ln1625_102 = sext i16 %rhs_131" [H:/subband_ref_q610_opt_stage4_latency_stepL2.cpp:1625->H:/subband_ref_q610_opt_stage4_latency_stepL2.cpp:1839->H:/subband_ref_q610_opt_stage4_latency_stepL2.cpp:1868]   --->   Operation 351 'sext' 'sext_ln1625_102' <Predicate = true> <Delay = 0.00>
ST_2 : Operation 352 [3/3] (1.05ns) (grouped into DSP with root node add_ln1839_74)   --->   "%product_q20_140 = mul i27 %sext_ln1625_102, i27 %zext_ln1625_63" [H:/subband_ref_q610_opt_stage4_latency_stepL2.cpp:1625->H:/subband_ref_q610_opt_stage4_latency_stepL2.cpp:1839->H:/subband_ref_q610_opt_stage4_latency_stepL2.cpp:1868]   --->   Operation 352 'mul' 'product_q20_140' <Predicate = true> <Delay = 1.05> <CoreInst = "DSP48">   --->   Core 119 'DSP48' <Latency = 2> <II = 1> <Delay = 3.88> <IPBlock> <Opcode : '' 'add' 'sub' 'mul' 'select'> <InPorts = 0> <OutPorts = 1> <Sync> <CReg>
ST_2 : Operation 353 [1/1] (0.00ns)   --->   "%rhs_132 = partselect i16 @_ssdm_op_PartSelect.i16.i512.i32.i32, i512 %SubbandBand0TopQ610_ap_int_const_ap_int_const_ap_int_const_ap_int_const_ap_i_34, i32 32, i32 47" [H:/subband_ref_q610_opt_stage4_latency_stepL2.cpp:1839->H:/subband_ref_q610_opt_stage4_latency_stepL2.cpp:1868]   --->   Operation 353 'partselect' 'rhs_132' <Predicate = true> <Delay = 0.00>
ST_2 : Operation 354 [1/1] (0.00ns)   --->   "%zext_ln1625_64 = zext i11 %lhs_138" [H:/subband_ref_q610_opt_stage4_latency_stepL2.cpp:1625->H:/subband_ref_q610_opt_stage4_latency_stepL2.cpp:1839->H:/subband_ref_q610_opt_stage4_latency_stepL2.cpp:1868]   --->   Operation 354 'zext' 'zext_ln1625_64' <Predicate = true> <Delay = 0.00>
ST_2 : Operation 355 [1/1] (0.00ns)   --->   "%sext_ln1625_103 = sext i16 %rhs_132" [H:/subband_ref_q610_opt_stage4_latency_stepL2.cpp:1625->H:/subband_ref_q610_opt_stage4_latency_stepL2.cpp:1839->H:/subband_ref_q610_opt_stage4_latency_stepL2.cpp:1868]   --->   Operation 355 'sext' 'sext_ln1625_103' <Predicate = true> <Delay = 0.00>
ST_2 : Operation 356 [3/3] (1.05ns) (grouped into DSP with root node add_ln1839_75)   --->   "%product_q20_141 = mul i27 %sext_ln1625_103, i27 %zext_ln1625_64" [H:/subband_ref_q610_opt_stage4_latency_stepL2.cpp:1625->H:/subband_ref_q610_opt_stage4_latency_stepL2.cpp:1839->H:/subband_ref_q610_opt_stage4_latency_stepL2.cpp:1868]   --->   Operation 356 'mul' 'product_q20_141' <Predicate = true> <Delay = 1.05> <CoreInst = "DSP48">   --->   Core 119 'DSP48' <Latency = 2> <II = 1> <Delay = 3.88> <IPBlock> <Opcode : '' 'add' 'sub' 'mul' 'select'> <InPorts = 0> <OutPorts = 1> <Sync> <CReg>
ST_2 : Operation 357 [1/1] (0.00ns)   --->   "%rhs_133 = partselect i16 @_ssdm_op_PartSelect.i16.i512.i32.i32, i512 %SubbandBand0TopQ610_ap_int_const_ap_int_const_ap_int_const_ap_int_const_ap_i_34, i32 48, i32 63" [H:/subband_ref_q610_opt_stage4_latency_stepL2.cpp:1839->H:/subband_ref_q610_opt_stage4_latency_stepL2.cpp:1868]   --->   Operation 357 'partselect' 'rhs_133' <Predicate = true> <Delay = 0.00>
ST_2 : Operation 358 [1/1] (0.00ns)   --->   "%zext_ln1625_65 = zext i11 %lhs_139" [H:/subband_ref_q610_opt_stage4_latency_stepL2.cpp:1625->H:/subband_ref_q610_opt_stage4_latency_stepL2.cpp:1839->H:/subband_ref_q610_opt_stage4_latency_stepL2.cpp:1868]   --->   Operation 358 'zext' 'zext_ln1625_65' <Predicate = true> <Delay = 0.00>
ST_2 : Operation 359 [1/1] (0.00ns)   --->   "%sext_ln1625_104 = sext i16 %rhs_133" [H:/subband_ref_q610_opt_stage4_latency_stepL2.cpp:1625->H:/subband_ref_q610_opt_stage4_latency_stepL2.cpp:1839->H:/subband_ref_q610_opt_stage4_latency_stepL2.cpp:1868]   --->   Operation 359 'sext' 'sext_ln1625_104' <Predicate = true> <Delay = 0.00>
ST_2 : Operation 360 [3/3] (1.05ns) (grouped into DSP with root node add_ln1839_76)   --->   "%product_q20_142 = mul i27 %sext_ln1625_104, i27 %zext_ln1625_65" [H:/subband_ref_q610_opt_stage4_latency_stepL2.cpp:1625->H:/subband_ref_q610_opt_stage4_latency_stepL2.cpp:1839->H:/subband_ref_q610_opt_stage4_latency_stepL2.cpp:1868]   --->   Operation 360 'mul' 'product_q20_142' <Predicate = true> <Delay = 1.05> <CoreInst = "DSP48">   --->   Core 119 'DSP48' <Latency = 2> <II = 1> <Delay = 3.88> <IPBlock> <Opcode : '' 'add' 'sub' 'mul' 'select'> <InPorts = 0> <OutPorts = 1> <Sync> <CReg>
ST_2 : Operation 361 [1/1] (0.00ns)   --->   "%rhs_134 = partselect i16 @_ssdm_op_PartSelect.i16.i512.i32.i32, i512 %SubbandBand0TopQ610_ap_int_const_ap_int_const_ap_int_const_ap_int_const_ap_i_34, i32 64, i32 79" [H:/subband_ref_q610_opt_stage4_latency_stepL2.cpp:1839->H:/subband_ref_q610_opt_stage4_latency_stepL2.cpp:1868]   --->   Operation 361 'partselect' 'rhs_134' <Predicate = true> <Delay = 0.00>
ST_2 : Operation 362 [1/1] (0.00ns)   --->   "%zext_ln1625_66 = zext i11 %lhs_140" [H:/subband_ref_q610_opt_stage4_latency_stepL2.cpp:1625->H:/subband_ref_q610_opt_stage4_latency_stepL2.cpp:1839->H:/subband_ref_q610_opt_stage4_latency_stepL2.cpp:1868]   --->   Operation 362 'zext' 'zext_ln1625_66' <Predicate = true> <Delay = 0.00>
ST_2 : Operation 363 [1/1] (0.00ns)   --->   "%sext_ln1625_105 = sext i16 %rhs_134" [H:/subband_ref_q610_opt_stage4_latency_stepL2.cpp:1625->H:/subband_ref_q610_opt_stage4_latency_stepL2.cpp:1839->H:/subband_ref_q610_opt_stage4_latency_stepL2.cpp:1868]   --->   Operation 363 'sext' 'sext_ln1625_105' <Predicate = true> <Delay = 0.00>
ST_2 : Operation 364 [3/3] (1.05ns) (grouped into DSP with root node add_ln1839_77)   --->   "%product_q20_143 = mul i27 %sext_ln1625_105, i27 %zext_ln1625_66" [H:/subband_ref_q610_opt_stage4_latency_stepL2.cpp:1625->H:/subband_ref_q610_opt_stage4_latency_stepL2.cpp:1839->H:/subband_ref_q610_opt_stage4_latency_stepL2.cpp:1868]   --->   Operation 364 'mul' 'product_q20_143' <Predicate = true> <Delay = 1.05> <CoreInst = "DSP48">   --->   Core 119 'DSP48' <Latency = 2> <II = 1> <Delay = 3.88> <IPBlock> <Opcode : '' 'add' 'sub' 'mul' 'select'> <InPorts = 0> <OutPorts = 1> <Sync> <CReg>
ST_2 : Operation 365 [1/1] (0.00ns)   --->   "%rhs_135 = partselect i16 @_ssdm_op_PartSelect.i16.i512.i32.i32, i512 %SubbandBand0TopQ610_ap_int_const_ap_int_const_ap_int_const_ap_int_const_ap_i_34, i32 80, i32 95" [H:/subband_ref_q610_opt_stage4_latency_stepL2.cpp:1839->H:/subband_ref_q610_opt_stage4_latency_stepL2.cpp:1868]   --->   Operation 365 'partselect' 'rhs_135' <Predicate = true> <Delay = 0.00>
ST_2 : Operation 366 [1/1] (0.00ns)   --->   "%zext_ln1625_67 = zext i11 %lhs_141" [H:/subband_ref_q610_opt_stage4_latency_stepL2.cpp:1625->H:/subband_ref_q610_opt_stage4_latency_stepL2.cpp:1839->H:/subband_ref_q610_opt_stage4_latency_stepL2.cpp:1868]   --->   Operation 366 'zext' 'zext_ln1625_67' <Predicate = true> <Delay = 0.00>
ST_2 : Operation 367 [1/1] (0.00ns)   --->   "%sext_ln1625_106 = sext i16 %rhs_135" [H:/subband_ref_q610_opt_stage4_latency_stepL2.cpp:1625->H:/subband_ref_q610_opt_stage4_latency_stepL2.cpp:1839->H:/subband_ref_q610_opt_stage4_latency_stepL2.cpp:1868]   --->   Operation 367 'sext' 'sext_ln1625_106' <Predicate = true> <Delay = 0.00>
ST_2 : Operation 368 [3/3] (1.05ns) (grouped into DSP with root node add_ln1839_78)   --->   "%product_q20_144 = mul i27 %sext_ln1625_106, i27 %zext_ln1625_67" [H:/subband_ref_q610_opt_stage4_latency_stepL2.cpp:1625->H:/subband_ref_q610_opt_stage4_latency_stepL2.cpp:1839->H:/subband_ref_q610_opt_stage4_latency_stepL2.cpp:1868]   --->   Operation 368 'mul' 'product_q20_144' <Predicate = true> <Delay = 1.05> <CoreInst = "DSP48">   --->   Core 119 'DSP48' <Latency = 2> <II = 1> <Delay = 3.88> <IPBlock> <Opcode : '' 'add' 'sub' 'mul' 'select'> <InPorts = 0> <OutPorts = 1> <Sync> <CReg>
ST_2 : Operation 369 [1/1] (0.00ns)   --->   "%rhs_136 = partselect i16 @_ssdm_op_PartSelect.i16.i512.i32.i32, i512 %SubbandBand0TopQ610_ap_int_const_ap_int_const_ap_int_const_ap_int_const_ap_i_34, i32 96, i32 111" [H:/subband_ref_q610_opt_stage4_latency_stepL2.cpp:1839->H:/subband_ref_q610_opt_stage4_latency_stepL2.cpp:1868]   --->   Operation 369 'partselect' 'rhs_136' <Predicate = true> <Delay = 0.00>
ST_2 : Operation 370 [1/1] (0.00ns)   --->   "%zext_ln1625_68 = zext i11 %lhs_142" [H:/subband_ref_q610_opt_stage4_latency_stepL2.cpp:1625->H:/subband_ref_q610_opt_stage4_latency_stepL2.cpp:1839->H:/subband_ref_q610_opt_stage4_latency_stepL2.cpp:1868]   --->   Operation 370 'zext' 'zext_ln1625_68' <Predicate = true> <Delay = 0.00>
ST_2 : Operation 371 [1/1] (0.00ns)   --->   "%sext_ln1625_107 = sext i16 %rhs_136" [H:/subband_ref_q610_opt_stage4_latency_stepL2.cpp:1625->H:/subband_ref_q610_opt_stage4_latency_stepL2.cpp:1839->H:/subband_ref_q610_opt_stage4_latency_stepL2.cpp:1868]   --->   Operation 371 'sext' 'sext_ln1625_107' <Predicate = true> <Delay = 0.00>
ST_2 : Operation 372 [3/3] (1.05ns) (grouped into DSP with root node add_ln1839_79)   --->   "%product_q20_145 = mul i27 %sext_ln1625_107, i27 %zext_ln1625_68" [H:/subband_ref_q610_opt_stage4_latency_stepL2.cpp:1625->H:/subband_ref_q610_opt_stage4_latency_stepL2.cpp:1839->H:/subband_ref_q610_opt_stage4_latency_stepL2.cpp:1868]   --->   Operation 372 'mul' 'product_q20_145' <Predicate = true> <Delay = 1.05> <CoreInst = "DSP48">   --->   Core 119 'DSP48' <Latency = 2> <II = 1> <Delay = 3.88> <IPBlock> <Opcode : '' 'add' 'sub' 'mul' 'select'> <InPorts = 0> <OutPorts = 1> <Sync> <CReg>
ST_2 : Operation 373 [1/1] (0.00ns)   --->   "%rhs_137 = partselect i16 @_ssdm_op_PartSelect.i16.i512.i32.i32, i512 %SubbandBand0TopQ610_ap_int_const_ap_int_const_ap_int_const_ap_int_const_ap_i_34, i32 112, i32 127" [H:/subband_ref_q610_opt_stage4_latency_stepL2.cpp:1839->H:/subband_ref_q610_opt_stage4_latency_stepL2.cpp:1868]   --->   Operation 373 'partselect' 'rhs_137' <Predicate = true> <Delay = 0.00>
ST_2 : Operation 374 [1/1] (0.00ns)   --->   "%zext_ln1625_69 = zext i11 %lhs_143" [H:/subband_ref_q610_opt_stage4_latency_stepL2.cpp:1625->H:/subband_ref_q610_opt_stage4_latency_stepL2.cpp:1839->H:/subband_ref_q610_opt_stage4_latency_stepL2.cpp:1868]   --->   Operation 374 'zext' 'zext_ln1625_69' <Predicate = true> <Delay = 0.00>
ST_2 : Operation 375 [1/1] (0.00ns)   --->   "%sext_ln1625_108 = sext i16 %rhs_137" [H:/subband_ref_q610_opt_stage4_latency_stepL2.cpp:1625->H:/subband_ref_q610_opt_stage4_latency_stepL2.cpp:1839->H:/subband_ref_q610_opt_stage4_latency_stepL2.cpp:1868]   --->   Operation 375 'sext' 'sext_ln1625_108' <Predicate = true> <Delay = 0.00>
ST_2 : Operation 376 [3/3] (1.05ns) (grouped into DSP with root node add_ln1839_80)   --->   "%product_q20_146 = mul i27 %sext_ln1625_108, i27 %zext_ln1625_69" [H:/subband_ref_q610_opt_stage4_latency_stepL2.cpp:1625->H:/subband_ref_q610_opt_stage4_latency_stepL2.cpp:1839->H:/subband_ref_q610_opt_stage4_latency_stepL2.cpp:1868]   --->   Operation 376 'mul' 'product_q20_146' <Predicate = true> <Delay = 1.05> <CoreInst = "DSP48">   --->   Core 119 'DSP48' <Latency = 2> <II = 1> <Delay = 3.88> <IPBlock> <Opcode : '' 'add' 'sub' 'mul' 'select'> <InPorts = 0> <OutPorts = 1> <Sync> <CReg>
ST_2 : Operation 377 [1/1] (0.00ns)   --->   "%rhs_138 = partselect i16 @_ssdm_op_PartSelect.i16.i512.i32.i32, i512 %SubbandBand0TopQ610_ap_int_const_ap_int_const_ap_int_const_ap_int_const_ap_i_34, i32 128, i32 143" [H:/subband_ref_q610_opt_stage4_latency_stepL2.cpp:1839->H:/subband_ref_q610_opt_stage4_latency_stepL2.cpp:1868]   --->   Operation 377 'partselect' 'rhs_138' <Predicate = true> <Delay = 0.00>
ST_2 : Operation 378 [1/1] (0.00ns)   --->   "%zext_ln1625_70 = zext i11 %lhs_144" [H:/subband_ref_q610_opt_stage4_latency_stepL2.cpp:1625->H:/subband_ref_q610_opt_stage4_latency_stepL2.cpp:1839->H:/subband_ref_q610_opt_stage4_latency_stepL2.cpp:1868]   --->   Operation 378 'zext' 'zext_ln1625_70' <Predicate = true> <Delay = 0.00>
ST_2 : Operation 379 [1/1] (0.00ns)   --->   "%sext_ln1625_109 = sext i16 %rhs_138" [H:/subband_ref_q610_opt_stage4_latency_stepL2.cpp:1625->H:/subband_ref_q610_opt_stage4_latency_stepL2.cpp:1839->H:/subband_ref_q610_opt_stage4_latency_stepL2.cpp:1868]   --->   Operation 379 'sext' 'sext_ln1625_109' <Predicate = true> <Delay = 0.00>
ST_2 : Operation 380 [3/3] (1.05ns) (grouped into DSP with root node add_ln1839_81)   --->   "%product_q20_147 = mul i27 %sext_ln1625_109, i27 %zext_ln1625_70" [H:/subband_ref_q610_opt_stage4_latency_stepL2.cpp:1625->H:/subband_ref_q610_opt_stage4_latency_stepL2.cpp:1839->H:/subband_ref_q610_opt_stage4_latency_stepL2.cpp:1868]   --->   Operation 380 'mul' 'product_q20_147' <Predicate = true> <Delay = 1.05> <CoreInst = "DSP48">   --->   Core 119 'DSP48' <Latency = 2> <II = 1> <Delay = 3.88> <IPBlock> <Opcode : '' 'add' 'sub' 'mul' 'select'> <InPorts = 0> <OutPorts = 1> <Sync> <CReg>
ST_2 : Operation 381 [1/1] (0.00ns)   --->   "%rhs_139 = partselect i16 @_ssdm_op_PartSelect.i16.i512.i32.i32, i512 %SubbandBand0TopQ610_ap_int_const_ap_int_const_ap_int_const_ap_int_const_ap_i_34, i32 144, i32 159" [H:/subband_ref_q610_opt_stage4_latency_stepL2.cpp:1839->H:/subband_ref_q610_opt_stage4_latency_stepL2.cpp:1868]   --->   Operation 381 'partselect' 'rhs_139' <Predicate = true> <Delay = 0.00>
ST_2 : Operation 382 [1/1] (0.00ns)   --->   "%zext_ln1625_71 = zext i11 %lhs_145" [H:/subband_ref_q610_opt_stage4_latency_stepL2.cpp:1625->H:/subband_ref_q610_opt_stage4_latency_stepL2.cpp:1839->H:/subband_ref_q610_opt_stage4_latency_stepL2.cpp:1868]   --->   Operation 382 'zext' 'zext_ln1625_71' <Predicate = true> <Delay = 0.00>
ST_2 : Operation 383 [1/1] (0.00ns)   --->   "%sext_ln1625_110 = sext i16 %rhs_139" [H:/subband_ref_q610_opt_stage4_latency_stepL2.cpp:1625->H:/subband_ref_q610_opt_stage4_latency_stepL2.cpp:1839->H:/subband_ref_q610_opt_stage4_latency_stepL2.cpp:1868]   --->   Operation 383 'sext' 'sext_ln1625_110' <Predicate = true> <Delay = 0.00>
ST_2 : Operation 384 [3/3] (1.05ns) (grouped into DSP with root node add_ln1839_82)   --->   "%product_q20_148 = mul i27 %sext_ln1625_110, i27 %zext_ln1625_71" [H:/subband_ref_q610_opt_stage4_latency_stepL2.cpp:1625->H:/subband_ref_q610_opt_stage4_latency_stepL2.cpp:1839->H:/subband_ref_q610_opt_stage4_latency_stepL2.cpp:1868]   --->   Operation 384 'mul' 'product_q20_148' <Predicate = true> <Delay = 1.05> <CoreInst = "DSP48">   --->   Core 119 'DSP48' <Latency = 2> <II = 1> <Delay = 3.88> <IPBlock> <Opcode : '' 'add' 'sub' 'mul' 'select'> <InPorts = 0> <OutPorts = 1> <Sync> <CReg>
ST_2 : Operation 385 [1/1] (0.00ns)   --->   "%rhs_140 = partselect i16 @_ssdm_op_PartSelect.i16.i512.i32.i32, i512 %SubbandBand0TopQ610_ap_int_const_ap_int_const_ap_int_const_ap_int_const_ap_i_34, i32 160, i32 175" [H:/subband_ref_q610_opt_stage4_latency_stepL2.cpp:1839->H:/subband_ref_q610_opt_stage4_latency_stepL2.cpp:1868]   --->   Operation 385 'partselect' 'rhs_140' <Predicate = true> <Delay = 0.00>
ST_2 : Operation 386 [1/1] (0.00ns)   --->   "%zext_ln1625_72 = zext i11 %lhs_146" [H:/subband_ref_q610_opt_stage4_latency_stepL2.cpp:1625->H:/subband_ref_q610_opt_stage4_latency_stepL2.cpp:1839->H:/subband_ref_q610_opt_stage4_latency_stepL2.cpp:1868]   --->   Operation 386 'zext' 'zext_ln1625_72' <Predicate = true> <Delay = 0.00>
ST_2 : Operation 387 [1/1] (0.00ns)   --->   "%sext_ln1625_111 = sext i16 %rhs_140" [H:/subband_ref_q610_opt_stage4_latency_stepL2.cpp:1625->H:/subband_ref_q610_opt_stage4_latency_stepL2.cpp:1839->H:/subband_ref_q610_opt_stage4_latency_stepL2.cpp:1868]   --->   Operation 387 'sext' 'sext_ln1625_111' <Predicate = true> <Delay = 0.00>
ST_2 : Operation 388 [3/3] (1.05ns) (grouped into DSP with root node add_ln1839_83)   --->   "%product_q20_149 = mul i27 %sext_ln1625_111, i27 %zext_ln1625_72" [H:/subband_ref_q610_opt_stage4_latency_stepL2.cpp:1625->H:/subband_ref_q610_opt_stage4_latency_stepL2.cpp:1839->H:/subband_ref_q610_opt_stage4_latency_stepL2.cpp:1868]   --->   Operation 388 'mul' 'product_q20_149' <Predicate = true> <Delay = 1.05> <CoreInst = "DSP48">   --->   Core 119 'DSP48' <Latency = 2> <II = 1> <Delay = 3.88> <IPBlock> <Opcode : '' 'add' 'sub' 'mul' 'select'> <InPorts = 0> <OutPorts = 1> <Sync> <CReg>
ST_2 : Operation 389 [1/1] (0.00ns)   --->   "%rhs_141 = partselect i16 @_ssdm_op_PartSelect.i16.i512.i32.i32, i512 %SubbandBand0TopQ610_ap_int_const_ap_int_const_ap_int_const_ap_int_const_ap_i_34, i32 176, i32 191" [H:/subband_ref_q610_opt_stage4_latency_stepL2.cpp:1839->H:/subband_ref_q610_opt_stage4_latency_stepL2.cpp:1868]   --->   Operation 389 'partselect' 'rhs_141' <Predicate = true> <Delay = 0.00>
ST_2 : Operation 390 [1/1] (0.00ns)   --->   "%zext_ln1625_73 = zext i11 %lhs_147" [H:/subband_ref_q610_opt_stage4_latency_stepL2.cpp:1625->H:/subband_ref_q610_opt_stage4_latency_stepL2.cpp:1839->H:/subband_ref_q610_opt_stage4_latency_stepL2.cpp:1868]   --->   Operation 390 'zext' 'zext_ln1625_73' <Predicate = true> <Delay = 0.00>
ST_2 : Operation 391 [1/1] (0.00ns)   --->   "%sext_ln1625_112 = sext i16 %rhs_141" [H:/subband_ref_q610_opt_stage4_latency_stepL2.cpp:1625->H:/subband_ref_q610_opt_stage4_latency_stepL2.cpp:1839->H:/subband_ref_q610_opt_stage4_latency_stepL2.cpp:1868]   --->   Operation 391 'sext' 'sext_ln1625_112' <Predicate = true> <Delay = 0.00>
ST_2 : Operation 392 [3/3] (1.05ns) (grouped into DSP with root node add_ln1839_84)   --->   "%product_q20_150 = mul i27 %sext_ln1625_112, i27 %zext_ln1625_73" [H:/subband_ref_q610_opt_stage4_latency_stepL2.cpp:1625->H:/subband_ref_q610_opt_stage4_latency_stepL2.cpp:1839->H:/subband_ref_q610_opt_stage4_latency_stepL2.cpp:1868]   --->   Operation 392 'mul' 'product_q20_150' <Predicate = true> <Delay = 1.05> <CoreInst = "DSP48">   --->   Core 119 'DSP48' <Latency = 2> <II = 1> <Delay = 3.88> <IPBlock> <Opcode : '' 'add' 'sub' 'mul' 'select'> <InPorts = 0> <OutPorts = 1> <Sync> <CReg>
ST_2 : Operation 393 [1/1] (0.00ns)   --->   "%rhs_142 = partselect i16 @_ssdm_op_PartSelect.i16.i512.i32.i32, i512 %SubbandBand0TopQ610_ap_int_const_ap_int_const_ap_int_const_ap_int_const_ap_i_34, i32 192, i32 207" [H:/subband_ref_q610_opt_stage4_latency_stepL2.cpp:1839->H:/subband_ref_q610_opt_stage4_latency_stepL2.cpp:1868]   --->   Operation 393 'partselect' 'rhs_142' <Predicate = true> <Delay = 0.00>
ST_2 : Operation 394 [1/1] (0.00ns)   --->   "%zext_ln1625_74 = zext i11 %lhs_148" [H:/subband_ref_q610_opt_stage4_latency_stepL2.cpp:1625->H:/subband_ref_q610_opt_stage4_latency_stepL2.cpp:1839->H:/subband_ref_q610_opt_stage4_latency_stepL2.cpp:1868]   --->   Operation 394 'zext' 'zext_ln1625_74' <Predicate = true> <Delay = 0.00>
ST_2 : Operation 395 [1/1] (0.00ns)   --->   "%sext_ln1625_113 = sext i16 %rhs_142" [H:/subband_ref_q610_opt_stage4_latency_stepL2.cpp:1625->H:/subband_ref_q610_opt_stage4_latency_stepL2.cpp:1839->H:/subband_ref_q610_opt_stage4_latency_stepL2.cpp:1868]   --->   Operation 395 'sext' 'sext_ln1625_113' <Predicate = true> <Delay = 0.00>
ST_2 : Operation 396 [3/3] (1.05ns) (grouped into DSP with root node add_ln1839_85)   --->   "%product_q20_151 = mul i27 %sext_ln1625_113, i27 %zext_ln1625_74" [H:/subband_ref_q610_opt_stage4_latency_stepL2.cpp:1625->H:/subband_ref_q610_opt_stage4_latency_stepL2.cpp:1839->H:/subband_ref_q610_opt_stage4_latency_stepL2.cpp:1868]   --->   Operation 396 'mul' 'product_q20_151' <Predicate = true> <Delay = 1.05> <CoreInst = "DSP48">   --->   Core 119 'DSP48' <Latency = 2> <II = 1> <Delay = 3.88> <IPBlock> <Opcode : '' 'add' 'sub' 'mul' 'select'> <InPorts = 0> <OutPorts = 1> <Sync> <CReg>
ST_2 : Operation 397 [1/1] (0.00ns)   --->   "%rhs_143 = partselect i16 @_ssdm_op_PartSelect.i16.i512.i32.i32, i512 %SubbandBand0TopQ610_ap_int_const_ap_int_const_ap_int_const_ap_int_const_ap_i_34, i32 208, i32 223" [H:/subband_ref_q610_opt_stage4_latency_stepL2.cpp:1839->H:/subband_ref_q610_opt_stage4_latency_stepL2.cpp:1868]   --->   Operation 397 'partselect' 'rhs_143' <Predicate = true> <Delay = 0.00>
ST_2 : Operation 398 [1/1] (0.00ns)   --->   "%zext_ln1625_75 = zext i11 %lhs_149" [H:/subband_ref_q610_opt_stage4_latency_stepL2.cpp:1625->H:/subband_ref_q610_opt_stage4_latency_stepL2.cpp:1839->H:/subband_ref_q610_opt_stage4_latency_stepL2.cpp:1868]   --->   Operation 398 'zext' 'zext_ln1625_75' <Predicate = true> <Delay = 0.00>
ST_2 : Operation 399 [1/1] (0.00ns)   --->   "%sext_ln1625_114 = sext i16 %rhs_143" [H:/subband_ref_q610_opt_stage4_latency_stepL2.cpp:1625->H:/subband_ref_q610_opt_stage4_latency_stepL2.cpp:1839->H:/subband_ref_q610_opt_stage4_latency_stepL2.cpp:1868]   --->   Operation 399 'sext' 'sext_ln1625_114' <Predicate = true> <Delay = 0.00>
ST_2 : Operation 400 [3/3] (1.05ns) (grouped into DSP with root node add_ln1839_86)   --->   "%product_q20_152 = mul i27 %sext_ln1625_114, i27 %zext_ln1625_75" [H:/subband_ref_q610_opt_stage4_latency_stepL2.cpp:1625->H:/subband_ref_q610_opt_stage4_latency_stepL2.cpp:1839->H:/subband_ref_q610_opt_stage4_latency_stepL2.cpp:1868]   --->   Operation 400 'mul' 'product_q20_152' <Predicate = true> <Delay = 1.05> <CoreInst = "DSP48">   --->   Core 119 'DSP48' <Latency = 2> <II = 1> <Delay = 3.88> <IPBlock> <Opcode : '' 'add' 'sub' 'mul' 'select'> <InPorts = 0> <OutPorts = 1> <Sync> <CReg>
ST_2 : Operation 401 [1/1] (0.00ns)   --->   "%rhs_144 = partselect i16 @_ssdm_op_PartSelect.i16.i512.i32.i32, i512 %SubbandBand0TopQ610_ap_int_const_ap_int_const_ap_int_const_ap_int_const_ap_i_34, i32 224, i32 239" [H:/subband_ref_q610_opt_stage4_latency_stepL2.cpp:1839->H:/subband_ref_q610_opt_stage4_latency_stepL2.cpp:1868]   --->   Operation 401 'partselect' 'rhs_144' <Predicate = true> <Delay = 0.00>
ST_2 : Operation 402 [1/1] (0.00ns)   --->   "%zext_ln1625_76 = zext i11 %lhs_150" [H:/subband_ref_q610_opt_stage4_latency_stepL2.cpp:1625->H:/subband_ref_q610_opt_stage4_latency_stepL2.cpp:1839->H:/subband_ref_q610_opt_stage4_latency_stepL2.cpp:1868]   --->   Operation 402 'zext' 'zext_ln1625_76' <Predicate = true> <Delay = 0.00>
ST_2 : Operation 403 [1/1] (0.00ns)   --->   "%sext_ln1625_115 = sext i16 %rhs_144" [H:/subband_ref_q610_opt_stage4_latency_stepL2.cpp:1625->H:/subband_ref_q610_opt_stage4_latency_stepL2.cpp:1839->H:/subband_ref_q610_opt_stage4_latency_stepL2.cpp:1868]   --->   Operation 403 'sext' 'sext_ln1625_115' <Predicate = true> <Delay = 0.00>
ST_2 : Operation 404 [3/3] (1.05ns) (grouped into DSP with root node add_ln1839_87)   --->   "%product_q20_153 = mul i27 %sext_ln1625_115, i27 %zext_ln1625_76" [H:/subband_ref_q610_opt_stage4_latency_stepL2.cpp:1625->H:/subband_ref_q610_opt_stage4_latency_stepL2.cpp:1839->H:/subband_ref_q610_opt_stage4_latency_stepL2.cpp:1868]   --->   Operation 404 'mul' 'product_q20_153' <Predicate = true> <Delay = 1.05> <CoreInst = "DSP48">   --->   Core 119 'DSP48' <Latency = 2> <II = 1> <Delay = 3.88> <IPBlock> <Opcode : '' 'add' 'sub' 'mul' 'select'> <InPorts = 0> <OutPorts = 1> <Sync> <CReg>
ST_2 : Operation 405 [1/1] (0.00ns)   --->   "%rhs_145 = partselect i16 @_ssdm_op_PartSelect.i16.i512.i32.i32, i512 %SubbandBand0TopQ610_ap_int_const_ap_int_const_ap_int_const_ap_int_const_ap_i_34, i32 240, i32 255" [H:/subband_ref_q610_opt_stage4_latency_stepL2.cpp:1839->H:/subband_ref_q610_opt_stage4_latency_stepL2.cpp:1868]   --->   Operation 405 'partselect' 'rhs_145' <Predicate = true> <Delay = 0.00>
ST_2 : Operation 406 [1/1] (0.00ns)   --->   "%zext_ln1625_77 = zext i11 %lhs_151" [H:/subband_ref_q610_opt_stage4_latency_stepL2.cpp:1625->H:/subband_ref_q610_opt_stage4_latency_stepL2.cpp:1839->H:/subband_ref_q610_opt_stage4_latency_stepL2.cpp:1868]   --->   Operation 406 'zext' 'zext_ln1625_77' <Predicate = true> <Delay = 0.00>
ST_2 : Operation 407 [1/1] (0.00ns)   --->   "%sext_ln1625_116 = sext i16 %rhs_145" [H:/subband_ref_q610_opt_stage4_latency_stepL2.cpp:1625->H:/subband_ref_q610_opt_stage4_latency_stepL2.cpp:1839->H:/subband_ref_q610_opt_stage4_latency_stepL2.cpp:1868]   --->   Operation 407 'sext' 'sext_ln1625_116' <Predicate = true> <Delay = 0.00>
ST_2 : Operation 408 [3/3] (1.05ns) (grouped into DSP with root node add_ln1839_88)   --->   "%product_q20_154 = mul i27 %sext_ln1625_116, i27 %zext_ln1625_77" [H:/subband_ref_q610_opt_stage4_latency_stepL2.cpp:1625->H:/subband_ref_q610_opt_stage4_latency_stepL2.cpp:1839->H:/subband_ref_q610_opt_stage4_latency_stepL2.cpp:1868]   --->   Operation 408 'mul' 'product_q20_154' <Predicate = true> <Delay = 1.05> <CoreInst = "DSP48">   --->   Core 119 'DSP48' <Latency = 2> <II = 1> <Delay = 3.88> <IPBlock> <Opcode : '' 'add' 'sub' 'mul' 'select'> <InPorts = 0> <OutPorts = 1> <Sync> <CReg>
ST_2 : Operation 409 [1/1] (0.00ns)   --->   "%rhs_146 = partselect i16 @_ssdm_op_PartSelect.i16.i512.i32.i32, i512 %SubbandBand0TopQ610_ap_int_const_ap_int_const_ap_int_const_ap_int_const_ap_i_34, i32 256, i32 271" [H:/subband_ref_q610_opt_stage4_latency_stepL2.cpp:1839->H:/subband_ref_q610_opt_stage4_latency_stepL2.cpp:1868]   --->   Operation 409 'partselect' 'rhs_146' <Predicate = true> <Delay = 0.00>
ST_2 : Operation 410 [1/1] (0.00ns)   --->   "%zext_ln1625_78 = zext i11 %lhs_152" [H:/subband_ref_q610_opt_stage4_latency_stepL2.cpp:1625->H:/subband_ref_q610_opt_stage4_latency_stepL2.cpp:1839->H:/subband_ref_q610_opt_stage4_latency_stepL2.cpp:1868]   --->   Operation 410 'zext' 'zext_ln1625_78' <Predicate = true> <Delay = 0.00>
ST_2 : Operation 411 [1/1] (0.00ns)   --->   "%sext_ln1625_117 = sext i16 %rhs_146" [H:/subband_ref_q610_opt_stage4_latency_stepL2.cpp:1625->H:/subband_ref_q610_opt_stage4_latency_stepL2.cpp:1839->H:/subband_ref_q610_opt_stage4_latency_stepL2.cpp:1868]   --->   Operation 411 'sext' 'sext_ln1625_117' <Predicate = true> <Delay = 0.00>
ST_2 : Operation 412 [3/3] (1.05ns) (grouped into DSP with root node add_ln1839_89)   --->   "%product_q20_155 = mul i27 %sext_ln1625_117, i27 %zext_ln1625_78" [H:/subband_ref_q610_opt_stage4_latency_stepL2.cpp:1625->H:/subband_ref_q610_opt_stage4_latency_stepL2.cpp:1839->H:/subband_ref_q610_opt_stage4_latency_stepL2.cpp:1868]   --->   Operation 412 'mul' 'product_q20_155' <Predicate = true> <Delay = 1.05> <CoreInst = "DSP48">   --->   Core 119 'DSP48' <Latency = 2> <II = 1> <Delay = 3.88> <IPBlock> <Opcode : '' 'add' 'sub' 'mul' 'select'> <InPorts = 0> <OutPorts = 1> <Sync> <CReg>
ST_2 : Operation 413 [1/1] (0.00ns)   --->   "%rhs_147 = partselect i16 @_ssdm_op_PartSelect.i16.i512.i32.i32, i512 %SubbandBand0TopQ610_ap_int_const_ap_int_const_ap_int_const_ap_int_const_ap_i_34, i32 272, i32 287" [H:/subband_ref_q610_opt_stage4_latency_stepL2.cpp:1839->H:/subband_ref_q610_opt_stage4_latency_stepL2.cpp:1868]   --->   Operation 413 'partselect' 'rhs_147' <Predicate = true> <Delay = 0.00>
ST_2 : Operation 414 [1/1] (0.00ns)   --->   "%zext_ln1625_79 = zext i11 %lhs_153" [H:/subband_ref_q610_opt_stage4_latency_stepL2.cpp:1625->H:/subband_ref_q610_opt_stage4_latency_stepL2.cpp:1839->H:/subband_ref_q610_opt_stage4_latency_stepL2.cpp:1868]   --->   Operation 414 'zext' 'zext_ln1625_79' <Predicate = true> <Delay = 0.00>
ST_2 : Operation 415 [1/1] (0.00ns)   --->   "%sext_ln1625_118 = sext i16 %rhs_147" [H:/subband_ref_q610_opt_stage4_latency_stepL2.cpp:1625->H:/subband_ref_q610_opt_stage4_latency_stepL2.cpp:1839->H:/subband_ref_q610_opt_stage4_latency_stepL2.cpp:1868]   --->   Operation 415 'sext' 'sext_ln1625_118' <Predicate = true> <Delay = 0.00>
ST_2 : Operation 416 [3/3] (1.05ns) (grouped into DSP with root node add_ln1839_90)   --->   "%product_q20_156 = mul i27 %sext_ln1625_118, i27 %zext_ln1625_79" [H:/subband_ref_q610_opt_stage4_latency_stepL2.cpp:1625->H:/subband_ref_q610_opt_stage4_latency_stepL2.cpp:1839->H:/subband_ref_q610_opt_stage4_latency_stepL2.cpp:1868]   --->   Operation 416 'mul' 'product_q20_156' <Predicate = true> <Delay = 1.05> <CoreInst = "DSP48">   --->   Core 119 'DSP48' <Latency = 2> <II = 1> <Delay = 3.88> <IPBlock> <Opcode : '' 'add' 'sub' 'mul' 'select'> <InPorts = 0> <OutPorts = 1> <Sync> <CReg>
ST_2 : Operation 417 [1/1] (0.00ns)   --->   "%rhs_148 = partselect i16 @_ssdm_op_PartSelect.i16.i512.i32.i32, i512 %SubbandBand0TopQ610_ap_int_const_ap_int_const_ap_int_const_ap_int_const_ap_i_34, i32 288, i32 303" [H:/subband_ref_q610_opt_stage4_latency_stepL2.cpp:1839->H:/subband_ref_q610_opt_stage4_latency_stepL2.cpp:1868]   --->   Operation 417 'partselect' 'rhs_148' <Predicate = true> <Delay = 0.00>
ST_2 : Operation 418 [1/1] (0.00ns)   --->   "%zext_ln1625_80 = zext i11 %lhs_154" [H:/subband_ref_q610_opt_stage4_latency_stepL2.cpp:1625->H:/subband_ref_q610_opt_stage4_latency_stepL2.cpp:1839->H:/subband_ref_q610_opt_stage4_latency_stepL2.cpp:1868]   --->   Operation 418 'zext' 'zext_ln1625_80' <Predicate = true> <Delay = 0.00>
ST_2 : Operation 419 [1/1] (0.00ns)   --->   "%sext_ln1625_119 = sext i16 %rhs_148" [H:/subband_ref_q610_opt_stage4_latency_stepL2.cpp:1625->H:/subband_ref_q610_opt_stage4_latency_stepL2.cpp:1839->H:/subband_ref_q610_opt_stage4_latency_stepL2.cpp:1868]   --->   Operation 419 'sext' 'sext_ln1625_119' <Predicate = true> <Delay = 0.00>
ST_2 : Operation 420 [3/3] (1.05ns) (grouped into DSP with root node add_ln1839_91)   --->   "%product_q20_157 = mul i27 %sext_ln1625_119, i27 %zext_ln1625_80" [H:/subband_ref_q610_opt_stage4_latency_stepL2.cpp:1625->H:/subband_ref_q610_opt_stage4_latency_stepL2.cpp:1839->H:/subband_ref_q610_opt_stage4_latency_stepL2.cpp:1868]   --->   Operation 420 'mul' 'product_q20_157' <Predicate = true> <Delay = 1.05> <CoreInst = "DSP48">   --->   Core 119 'DSP48' <Latency = 2> <II = 1> <Delay = 3.88> <IPBlock> <Opcode : '' 'add' 'sub' 'mul' 'select'> <InPorts = 0> <OutPorts = 1> <Sync> <CReg>
ST_2 : Operation 421 [1/1] (0.00ns)   --->   "%rhs_149 = partselect i16 @_ssdm_op_PartSelect.i16.i512.i32.i32, i512 %SubbandBand0TopQ610_ap_int_const_ap_int_const_ap_int_const_ap_int_const_ap_i_34, i32 304, i32 319" [H:/subband_ref_q610_opt_stage4_latency_stepL2.cpp:1839->H:/subband_ref_q610_opt_stage4_latency_stepL2.cpp:1868]   --->   Operation 421 'partselect' 'rhs_149' <Predicate = true> <Delay = 0.00>
ST_2 : Operation 422 [1/1] (0.00ns)   --->   "%zext_ln1625_81 = zext i11 %lhs_155" [H:/subband_ref_q610_opt_stage4_latency_stepL2.cpp:1625->H:/subband_ref_q610_opt_stage4_latency_stepL2.cpp:1839->H:/subband_ref_q610_opt_stage4_latency_stepL2.cpp:1868]   --->   Operation 422 'zext' 'zext_ln1625_81' <Predicate = true> <Delay = 0.00>
ST_2 : Operation 423 [1/1] (0.00ns)   --->   "%sext_ln1625_120 = sext i16 %rhs_149" [H:/subband_ref_q610_opt_stage4_latency_stepL2.cpp:1625->H:/subband_ref_q610_opt_stage4_latency_stepL2.cpp:1839->H:/subband_ref_q610_opt_stage4_latency_stepL2.cpp:1868]   --->   Operation 423 'sext' 'sext_ln1625_120' <Predicate = true> <Delay = 0.00>
ST_2 : Operation 424 [3/3] (1.05ns) (grouped into DSP with root node add_ln1839_92)   --->   "%product_q20_158 = mul i27 %sext_ln1625_120, i27 %zext_ln1625_81" [H:/subband_ref_q610_opt_stage4_latency_stepL2.cpp:1625->H:/subband_ref_q610_opt_stage4_latency_stepL2.cpp:1839->H:/subband_ref_q610_opt_stage4_latency_stepL2.cpp:1868]   --->   Operation 424 'mul' 'product_q20_158' <Predicate = true> <Delay = 1.05> <CoreInst = "DSP48">   --->   Core 119 'DSP48' <Latency = 2> <II = 1> <Delay = 3.88> <IPBlock> <Opcode : '' 'add' 'sub' 'mul' 'select'> <InPorts = 0> <OutPorts = 1> <Sync> <CReg>
ST_2 : Operation 425 [1/1] (0.00ns)   --->   "%rhs_150 = partselect i16 @_ssdm_op_PartSelect.i16.i512.i32.i32, i512 %SubbandBand0TopQ610_ap_int_const_ap_int_const_ap_int_const_ap_int_const_ap_i_34, i32 320, i32 335" [H:/subband_ref_q610_opt_stage4_latency_stepL2.cpp:1839->H:/subband_ref_q610_opt_stage4_latency_stepL2.cpp:1868]   --->   Operation 425 'partselect' 'rhs_150' <Predicate = true> <Delay = 0.00>
ST_2 : Operation 426 [1/1] (0.00ns)   --->   "%zext_ln1625_82 = zext i11 %lhs_156" [H:/subband_ref_q610_opt_stage4_latency_stepL2.cpp:1625->H:/subband_ref_q610_opt_stage4_latency_stepL2.cpp:1839->H:/subband_ref_q610_opt_stage4_latency_stepL2.cpp:1868]   --->   Operation 426 'zext' 'zext_ln1625_82' <Predicate = true> <Delay = 0.00>
ST_2 : Operation 427 [1/1] (0.00ns)   --->   "%sext_ln1625_121 = sext i16 %rhs_150" [H:/subband_ref_q610_opt_stage4_latency_stepL2.cpp:1625->H:/subband_ref_q610_opt_stage4_latency_stepL2.cpp:1839->H:/subband_ref_q610_opt_stage4_latency_stepL2.cpp:1868]   --->   Operation 427 'sext' 'sext_ln1625_121' <Predicate = true> <Delay = 0.00>
ST_2 : Operation 428 [3/3] (1.05ns) (grouped into DSP with root node add_ln1839_93)   --->   "%product_q20_159 = mul i27 %sext_ln1625_121, i27 %zext_ln1625_82" [H:/subband_ref_q610_opt_stage4_latency_stepL2.cpp:1625->H:/subband_ref_q610_opt_stage4_latency_stepL2.cpp:1839->H:/subband_ref_q610_opt_stage4_latency_stepL2.cpp:1868]   --->   Operation 428 'mul' 'product_q20_159' <Predicate = true> <Delay = 1.05> <CoreInst = "DSP48">   --->   Core 119 'DSP48' <Latency = 2> <II = 1> <Delay = 3.88> <IPBlock> <Opcode : '' 'add' 'sub' 'mul' 'select'> <InPorts = 0> <OutPorts = 1> <Sync> <CReg>
ST_2 : Operation 429 [1/1] (0.00ns)   --->   "%rhs_151 = partselect i16 @_ssdm_op_PartSelect.i16.i512.i32.i32, i512 %SubbandBand0TopQ610_ap_int_const_ap_int_const_ap_int_const_ap_int_const_ap_i_34, i32 336, i32 351" [H:/subband_ref_q610_opt_stage4_latency_stepL2.cpp:1839->H:/subband_ref_q610_opt_stage4_latency_stepL2.cpp:1868]   --->   Operation 429 'partselect' 'rhs_151' <Predicate = true> <Delay = 0.00>
ST_2 : Operation 430 [1/1] (0.00ns)   --->   "%zext_ln1625_83 = zext i11 %lhs_157" [H:/subband_ref_q610_opt_stage4_latency_stepL2.cpp:1625->H:/subband_ref_q610_opt_stage4_latency_stepL2.cpp:1839->H:/subband_ref_q610_opt_stage4_latency_stepL2.cpp:1868]   --->   Operation 430 'zext' 'zext_ln1625_83' <Predicate = true> <Delay = 0.00>
ST_2 : Operation 431 [1/1] (0.00ns)   --->   "%sext_ln1625_122 = sext i16 %rhs_151" [H:/subband_ref_q610_opt_stage4_latency_stepL2.cpp:1625->H:/subband_ref_q610_opt_stage4_latency_stepL2.cpp:1839->H:/subband_ref_q610_opt_stage4_latency_stepL2.cpp:1868]   --->   Operation 431 'sext' 'sext_ln1625_122' <Predicate = true> <Delay = 0.00>
ST_2 : Operation 432 [3/3] (1.05ns) (grouped into DSP with root node add_ln1839_94)   --->   "%product_q20_160 = mul i27 %sext_ln1625_122, i27 %zext_ln1625_83" [H:/subband_ref_q610_opt_stage4_latency_stepL2.cpp:1625->H:/subband_ref_q610_opt_stage4_latency_stepL2.cpp:1839->H:/subband_ref_q610_opt_stage4_latency_stepL2.cpp:1868]   --->   Operation 432 'mul' 'product_q20_160' <Predicate = true> <Delay = 1.05> <CoreInst = "DSP48">   --->   Core 119 'DSP48' <Latency = 2> <II = 1> <Delay = 3.88> <IPBlock> <Opcode : '' 'add' 'sub' 'mul' 'select'> <InPorts = 0> <OutPorts = 1> <Sync> <CReg>
ST_2 : Operation 433 [1/1] (0.00ns)   --->   "%rhs_152 = partselect i16 @_ssdm_op_PartSelect.i16.i512.i32.i32, i512 %SubbandBand0TopQ610_ap_int_const_ap_int_const_ap_int_const_ap_int_const_ap_i_34, i32 352, i32 367" [H:/subband_ref_q610_opt_stage4_latency_stepL2.cpp:1839->H:/subband_ref_q610_opt_stage4_latency_stepL2.cpp:1868]   --->   Operation 433 'partselect' 'rhs_152' <Predicate = true> <Delay = 0.00>
ST_2 : Operation 434 [1/1] (0.00ns)   --->   "%zext_ln1625_84 = zext i11 %lhs_158" [H:/subband_ref_q610_opt_stage4_latency_stepL2.cpp:1625->H:/subband_ref_q610_opt_stage4_latency_stepL2.cpp:1839->H:/subband_ref_q610_opt_stage4_latency_stepL2.cpp:1868]   --->   Operation 434 'zext' 'zext_ln1625_84' <Predicate = true> <Delay = 0.00>
ST_2 : Operation 435 [1/1] (0.00ns)   --->   "%sext_ln1625_123 = sext i16 %rhs_152" [H:/subband_ref_q610_opt_stage4_latency_stepL2.cpp:1625->H:/subband_ref_q610_opt_stage4_latency_stepL2.cpp:1839->H:/subband_ref_q610_opt_stage4_latency_stepL2.cpp:1868]   --->   Operation 435 'sext' 'sext_ln1625_123' <Predicate = true> <Delay = 0.00>
ST_2 : Operation 436 [3/3] (1.05ns) (grouped into DSP with root node add_ln1839_95)   --->   "%product_q20_161 = mul i27 %sext_ln1625_123, i27 %zext_ln1625_84" [H:/subband_ref_q610_opt_stage4_latency_stepL2.cpp:1625->H:/subband_ref_q610_opt_stage4_latency_stepL2.cpp:1839->H:/subband_ref_q610_opt_stage4_latency_stepL2.cpp:1868]   --->   Operation 436 'mul' 'product_q20_161' <Predicate = true> <Delay = 1.05> <CoreInst = "DSP48">   --->   Core 119 'DSP48' <Latency = 2> <II = 1> <Delay = 3.88> <IPBlock> <Opcode : '' 'add' 'sub' 'mul' 'select'> <InPorts = 0> <OutPorts = 1> <Sync> <CReg>
ST_2 : Operation 437 [1/1] (0.00ns)   --->   "%rhs_153 = partselect i16 @_ssdm_op_PartSelect.i16.i512.i32.i32, i512 %SubbandBand0TopQ610_ap_int_const_ap_int_const_ap_int_const_ap_int_const_ap_i_34, i32 368, i32 383" [H:/subband_ref_q610_opt_stage4_latency_stepL2.cpp:1839->H:/subband_ref_q610_opt_stage4_latency_stepL2.cpp:1868]   --->   Operation 437 'partselect' 'rhs_153' <Predicate = true> <Delay = 0.00>
ST_2 : Operation 438 [1/1] (0.00ns)   --->   "%zext_ln1625_85 = zext i11 %lhs_159" [H:/subband_ref_q610_opt_stage4_latency_stepL2.cpp:1625->H:/subband_ref_q610_opt_stage4_latency_stepL2.cpp:1839->H:/subband_ref_q610_opt_stage4_latency_stepL2.cpp:1868]   --->   Operation 438 'zext' 'zext_ln1625_85' <Predicate = true> <Delay = 0.00>
ST_2 : Operation 439 [1/1] (0.00ns)   --->   "%sext_ln1625_124 = sext i16 %rhs_153" [H:/subband_ref_q610_opt_stage4_latency_stepL2.cpp:1625->H:/subband_ref_q610_opt_stage4_latency_stepL2.cpp:1839->H:/subband_ref_q610_opt_stage4_latency_stepL2.cpp:1868]   --->   Operation 439 'sext' 'sext_ln1625_124' <Predicate = true> <Delay = 0.00>
ST_2 : Operation 440 [3/3] (1.05ns) (grouped into DSP with root node add_ln1839_96)   --->   "%product_q20_162 = mul i27 %sext_ln1625_124, i27 %zext_ln1625_85" [H:/subband_ref_q610_opt_stage4_latency_stepL2.cpp:1625->H:/subband_ref_q610_opt_stage4_latency_stepL2.cpp:1839->H:/subband_ref_q610_opt_stage4_latency_stepL2.cpp:1868]   --->   Operation 440 'mul' 'product_q20_162' <Predicate = true> <Delay = 1.05> <CoreInst = "DSP48">   --->   Core 119 'DSP48' <Latency = 2> <II = 1> <Delay = 3.88> <IPBlock> <Opcode : '' 'add' 'sub' 'mul' 'select'> <InPorts = 0> <OutPorts = 1> <Sync> <CReg>
ST_2 : Operation 441 [1/1] (0.00ns)   --->   "%rhs_154 = partselect i16 @_ssdm_op_PartSelect.i16.i512.i32.i32, i512 %SubbandBand0TopQ610_ap_int_const_ap_int_const_ap_int_const_ap_int_const_ap_i_34, i32 384, i32 399" [H:/subband_ref_q610_opt_stage4_latency_stepL2.cpp:1839->H:/subband_ref_q610_opt_stage4_latency_stepL2.cpp:1868]   --->   Operation 441 'partselect' 'rhs_154' <Predicate = true> <Delay = 0.00>
ST_2 : Operation 442 [1/1] (0.00ns)   --->   "%zext_ln1625_86 = zext i11 %lhs_160" [H:/subband_ref_q610_opt_stage4_latency_stepL2.cpp:1625->H:/subband_ref_q610_opt_stage4_latency_stepL2.cpp:1839->H:/subband_ref_q610_opt_stage4_latency_stepL2.cpp:1868]   --->   Operation 442 'zext' 'zext_ln1625_86' <Predicate = true> <Delay = 0.00>
ST_2 : Operation 443 [1/1] (0.00ns)   --->   "%sext_ln1625_125 = sext i16 %rhs_154" [H:/subband_ref_q610_opt_stage4_latency_stepL2.cpp:1625->H:/subband_ref_q610_opt_stage4_latency_stepL2.cpp:1839->H:/subband_ref_q610_opt_stage4_latency_stepL2.cpp:1868]   --->   Operation 443 'sext' 'sext_ln1625_125' <Predicate = true> <Delay = 0.00>
ST_2 : Operation 444 [3/3] (1.05ns) (grouped into DSP with root node add_ln1839_97)   --->   "%product_q20_163 = mul i27 %sext_ln1625_125, i27 %zext_ln1625_86" [H:/subband_ref_q610_opt_stage4_latency_stepL2.cpp:1625->H:/subband_ref_q610_opt_stage4_latency_stepL2.cpp:1839->H:/subband_ref_q610_opt_stage4_latency_stepL2.cpp:1868]   --->   Operation 444 'mul' 'product_q20_163' <Predicate = true> <Delay = 1.05> <CoreInst = "DSP48">   --->   Core 119 'DSP48' <Latency = 2> <II = 1> <Delay = 3.88> <IPBlock> <Opcode : '' 'add' 'sub' 'mul' 'select'> <InPorts = 0> <OutPorts = 1> <Sync> <CReg>
ST_2 : Operation 445 [1/1] (0.00ns)   --->   "%rhs_155 = partselect i16 @_ssdm_op_PartSelect.i16.i512.i32.i32, i512 %SubbandBand0TopQ610_ap_int_const_ap_int_const_ap_int_const_ap_int_const_ap_i_34, i32 400, i32 415" [H:/subband_ref_q610_opt_stage4_latency_stepL2.cpp:1839->H:/subband_ref_q610_opt_stage4_latency_stepL2.cpp:1868]   --->   Operation 445 'partselect' 'rhs_155' <Predicate = true> <Delay = 0.00>
ST_2 : Operation 446 [1/1] (0.00ns)   --->   "%zext_ln1625_87 = zext i11 %lhs_161" [H:/subband_ref_q610_opt_stage4_latency_stepL2.cpp:1625->H:/subband_ref_q610_opt_stage4_latency_stepL2.cpp:1839->H:/subband_ref_q610_opt_stage4_latency_stepL2.cpp:1868]   --->   Operation 446 'zext' 'zext_ln1625_87' <Predicate = true> <Delay = 0.00>
ST_2 : Operation 447 [1/1] (0.00ns)   --->   "%sext_ln1625_126 = sext i16 %rhs_155" [H:/subband_ref_q610_opt_stage4_latency_stepL2.cpp:1625->H:/subband_ref_q610_opt_stage4_latency_stepL2.cpp:1839->H:/subband_ref_q610_opt_stage4_latency_stepL2.cpp:1868]   --->   Operation 447 'sext' 'sext_ln1625_126' <Predicate = true> <Delay = 0.00>
ST_2 : Operation 448 [3/3] (1.05ns) (grouped into DSP with root node add_ln1839_98)   --->   "%product_q20_164 = mul i27 %sext_ln1625_126, i27 %zext_ln1625_87" [H:/subband_ref_q610_opt_stage4_latency_stepL2.cpp:1625->H:/subband_ref_q610_opt_stage4_latency_stepL2.cpp:1839->H:/subband_ref_q610_opt_stage4_latency_stepL2.cpp:1868]   --->   Operation 448 'mul' 'product_q20_164' <Predicate = true> <Delay = 1.05> <CoreInst = "DSP48">   --->   Core 119 'DSP48' <Latency = 2> <II = 1> <Delay = 3.88> <IPBlock> <Opcode : '' 'add' 'sub' 'mul' 'select'> <InPorts = 0> <OutPorts = 1> <Sync> <CReg>
ST_2 : Operation 449 [1/1] (0.00ns)   --->   "%rhs_156 = partselect i16 @_ssdm_op_PartSelect.i16.i512.i32.i32, i512 %SubbandBand0TopQ610_ap_int_const_ap_int_const_ap_int_const_ap_int_const_ap_i_34, i32 416, i32 431" [H:/subband_ref_q610_opt_stage4_latency_stepL2.cpp:1839->H:/subband_ref_q610_opt_stage4_latency_stepL2.cpp:1868]   --->   Operation 449 'partselect' 'rhs_156' <Predicate = true> <Delay = 0.00>
ST_2 : Operation 450 [1/1] (0.00ns)   --->   "%zext_ln1625_88 = zext i11 %lhs_162" [H:/subband_ref_q610_opt_stage4_latency_stepL2.cpp:1625->H:/subband_ref_q610_opt_stage4_latency_stepL2.cpp:1839->H:/subband_ref_q610_opt_stage4_latency_stepL2.cpp:1868]   --->   Operation 450 'zext' 'zext_ln1625_88' <Predicate = true> <Delay = 0.00>
ST_2 : Operation 451 [1/1] (0.00ns)   --->   "%sext_ln1625_127 = sext i16 %rhs_156" [H:/subband_ref_q610_opt_stage4_latency_stepL2.cpp:1625->H:/subband_ref_q610_opt_stage4_latency_stepL2.cpp:1839->H:/subband_ref_q610_opt_stage4_latency_stepL2.cpp:1868]   --->   Operation 451 'sext' 'sext_ln1625_127' <Predicate = true> <Delay = 0.00>
ST_2 : Operation 452 [3/3] (1.05ns) (grouped into DSP with root node add_ln1839_99)   --->   "%product_q20_165 = mul i27 %sext_ln1625_127, i27 %zext_ln1625_88" [H:/subband_ref_q610_opt_stage4_latency_stepL2.cpp:1625->H:/subband_ref_q610_opt_stage4_latency_stepL2.cpp:1839->H:/subband_ref_q610_opt_stage4_latency_stepL2.cpp:1868]   --->   Operation 452 'mul' 'product_q20_165' <Predicate = true> <Delay = 1.05> <CoreInst = "DSP48">   --->   Core 119 'DSP48' <Latency = 2> <II = 1> <Delay = 3.88> <IPBlock> <Opcode : '' 'add' 'sub' 'mul' 'select'> <InPorts = 0> <OutPorts = 1> <Sync> <CReg>
ST_2 : Operation 453 [1/1] (0.00ns)   --->   "%rhs_157 = partselect i16 @_ssdm_op_PartSelect.i16.i512.i32.i32, i512 %SubbandBand0TopQ610_ap_int_const_ap_int_const_ap_int_const_ap_int_const_ap_i_34, i32 432, i32 447" [H:/subband_ref_q610_opt_stage4_latency_stepL2.cpp:1839->H:/subband_ref_q610_opt_stage4_latency_stepL2.cpp:1868]   --->   Operation 453 'partselect' 'rhs_157' <Predicate = true> <Delay = 0.00>
ST_2 : Operation 454 [1/1] (0.00ns)   --->   "%zext_ln1625_89 = zext i11 %lhs_163" [H:/subband_ref_q610_opt_stage4_latency_stepL2.cpp:1625->H:/subband_ref_q610_opt_stage4_latency_stepL2.cpp:1839->H:/subband_ref_q610_opt_stage4_latency_stepL2.cpp:1868]   --->   Operation 454 'zext' 'zext_ln1625_89' <Predicate = true> <Delay = 0.00>
ST_2 : Operation 455 [1/1] (0.00ns)   --->   "%sext_ln1625_128 = sext i16 %rhs_157" [H:/subband_ref_q610_opt_stage4_latency_stepL2.cpp:1625->H:/subband_ref_q610_opt_stage4_latency_stepL2.cpp:1839->H:/subband_ref_q610_opt_stage4_latency_stepL2.cpp:1868]   --->   Operation 455 'sext' 'sext_ln1625_128' <Predicate = true> <Delay = 0.00>
ST_2 : Operation 456 [3/3] (1.05ns) (grouped into DSP with root node add_ln1839_100)   --->   "%product_q20_166 = mul i27 %sext_ln1625_128, i27 %zext_ln1625_89" [H:/subband_ref_q610_opt_stage4_latency_stepL2.cpp:1625->H:/subband_ref_q610_opt_stage4_latency_stepL2.cpp:1839->H:/subband_ref_q610_opt_stage4_latency_stepL2.cpp:1868]   --->   Operation 456 'mul' 'product_q20_166' <Predicate = true> <Delay = 1.05> <CoreInst = "DSP48">   --->   Core 119 'DSP48' <Latency = 2> <II = 1> <Delay = 3.88> <IPBlock> <Opcode : '' 'add' 'sub' 'mul' 'select'> <InPorts = 0> <OutPorts = 1> <Sync> <CReg>
ST_2 : Operation 457 [1/1] (0.00ns)   --->   "%rhs_158 = partselect i16 @_ssdm_op_PartSelect.i16.i512.i32.i32, i512 %SubbandBand0TopQ610_ap_int_const_ap_int_const_ap_int_const_ap_int_const_ap_i_34, i32 448, i32 463" [H:/subband_ref_q610_opt_stage4_latency_stepL2.cpp:1839->H:/subband_ref_q610_opt_stage4_latency_stepL2.cpp:1868]   --->   Operation 457 'partselect' 'rhs_158' <Predicate = true> <Delay = 0.00>
ST_2 : Operation 458 [1/1] (0.00ns)   --->   "%zext_ln1625_90 = zext i11 %lhs_164" [H:/subband_ref_q610_opt_stage4_latency_stepL2.cpp:1625->H:/subband_ref_q610_opt_stage4_latency_stepL2.cpp:1839->H:/subband_ref_q610_opt_stage4_latency_stepL2.cpp:1868]   --->   Operation 458 'zext' 'zext_ln1625_90' <Predicate = true> <Delay = 0.00>
ST_2 : Operation 459 [1/1] (0.00ns)   --->   "%sext_ln1625_129 = sext i16 %rhs_158" [H:/subband_ref_q610_opt_stage4_latency_stepL2.cpp:1625->H:/subband_ref_q610_opt_stage4_latency_stepL2.cpp:1839->H:/subband_ref_q610_opt_stage4_latency_stepL2.cpp:1868]   --->   Operation 459 'sext' 'sext_ln1625_129' <Predicate = true> <Delay = 0.00>
ST_2 : Operation 460 [3/3] (1.05ns) (grouped into DSP with root node add_ln1839_101)   --->   "%product_q20_167 = mul i27 %sext_ln1625_129, i27 %zext_ln1625_90" [H:/subband_ref_q610_opt_stage4_latency_stepL2.cpp:1625->H:/subband_ref_q610_opt_stage4_latency_stepL2.cpp:1839->H:/subband_ref_q610_opt_stage4_latency_stepL2.cpp:1868]   --->   Operation 460 'mul' 'product_q20_167' <Predicate = true> <Delay = 1.05> <CoreInst = "DSP48">   --->   Core 119 'DSP48' <Latency = 2> <II = 1> <Delay = 3.88> <IPBlock> <Opcode : '' 'add' 'sub' 'mul' 'select'> <InPorts = 0> <OutPorts = 1> <Sync> <CReg>
ST_2 : Operation 461 [1/1] (0.00ns)   --->   "%rhs_159 = partselect i16 @_ssdm_op_PartSelect.i16.i512.i32.i32, i512 %SubbandBand0TopQ610_ap_int_const_ap_int_const_ap_int_const_ap_int_const_ap_i_34, i32 464, i32 479" [H:/subband_ref_q610_opt_stage4_latency_stepL2.cpp:1839->H:/subband_ref_q610_opt_stage4_latency_stepL2.cpp:1868]   --->   Operation 461 'partselect' 'rhs_159' <Predicate = true> <Delay = 0.00>
ST_2 : Operation 462 [1/1] (0.00ns)   --->   "%zext_ln1625_91 = zext i11 %lhs_165" [H:/subband_ref_q610_opt_stage4_latency_stepL2.cpp:1625->H:/subband_ref_q610_opt_stage4_latency_stepL2.cpp:1839->H:/subband_ref_q610_opt_stage4_latency_stepL2.cpp:1868]   --->   Operation 462 'zext' 'zext_ln1625_91' <Predicate = true> <Delay = 0.00>
ST_2 : Operation 463 [1/1] (0.00ns)   --->   "%sext_ln1625_130 = sext i16 %rhs_159" [H:/subband_ref_q610_opt_stage4_latency_stepL2.cpp:1625->H:/subband_ref_q610_opt_stage4_latency_stepL2.cpp:1839->H:/subband_ref_q610_opt_stage4_latency_stepL2.cpp:1868]   --->   Operation 463 'sext' 'sext_ln1625_130' <Predicate = true> <Delay = 0.00>
ST_2 : Operation 464 [3/3] (1.05ns) (grouped into DSP with root node add_ln1839_102)   --->   "%product_q20_168 = mul i27 %sext_ln1625_130, i27 %zext_ln1625_91" [H:/subband_ref_q610_opt_stage4_latency_stepL2.cpp:1625->H:/subband_ref_q610_opt_stage4_latency_stepL2.cpp:1839->H:/subband_ref_q610_opt_stage4_latency_stepL2.cpp:1868]   --->   Operation 464 'mul' 'product_q20_168' <Predicate = true> <Delay = 1.05> <CoreInst = "DSP48">   --->   Core 119 'DSP48' <Latency = 2> <II = 1> <Delay = 3.88> <IPBlock> <Opcode : '' 'add' 'sub' 'mul' 'select'> <InPorts = 0> <OutPorts = 1> <Sync> <CReg>
ST_2 : Operation 465 [1/1] (0.00ns)   --->   "%rhs_160 = partselect i16 @_ssdm_op_PartSelect.i16.i512.i32.i32, i512 %SubbandBand0TopQ610_ap_int_const_ap_int_const_ap_int_const_ap_int_const_ap_i_34, i32 480, i32 495" [H:/subband_ref_q610_opt_stage4_latency_stepL2.cpp:1839->H:/subband_ref_q610_opt_stage4_latency_stepL2.cpp:1868]   --->   Operation 465 'partselect' 'rhs_160' <Predicate = true> <Delay = 0.00>
ST_2 : Operation 466 [1/1] (0.00ns)   --->   "%zext_ln1625_92 = zext i11 %lhs_166" [H:/subband_ref_q610_opt_stage4_latency_stepL2.cpp:1625->H:/subband_ref_q610_opt_stage4_latency_stepL2.cpp:1839->H:/subband_ref_q610_opt_stage4_latency_stepL2.cpp:1868]   --->   Operation 466 'zext' 'zext_ln1625_92' <Predicate = true> <Delay = 0.00>
ST_2 : Operation 467 [1/1] (0.00ns)   --->   "%sext_ln1625_131 = sext i16 %rhs_160" [H:/subband_ref_q610_opt_stage4_latency_stepL2.cpp:1625->H:/subband_ref_q610_opt_stage4_latency_stepL2.cpp:1839->H:/subband_ref_q610_opt_stage4_latency_stepL2.cpp:1868]   --->   Operation 467 'sext' 'sext_ln1625_131' <Predicate = true> <Delay = 0.00>
ST_2 : Operation 468 [3/3] (1.05ns) (grouped into DSP with root node add_ln1839_103)   --->   "%product_q20_169 = mul i27 %sext_ln1625_131, i27 %zext_ln1625_92" [H:/subband_ref_q610_opt_stage4_latency_stepL2.cpp:1625->H:/subband_ref_q610_opt_stage4_latency_stepL2.cpp:1839->H:/subband_ref_q610_opt_stage4_latency_stepL2.cpp:1868]   --->   Operation 468 'mul' 'product_q20_169' <Predicate = true> <Delay = 1.05> <CoreInst = "DSP48">   --->   Core 119 'DSP48' <Latency = 2> <II = 1> <Delay = 3.88> <IPBlock> <Opcode : '' 'add' 'sub' 'mul' 'select'> <InPorts = 0> <OutPorts = 1> <Sync> <CReg>
ST_2 : Operation 469 [1/1] (0.00ns)   --->   "%rhs_161 = partselect i16 @_ssdm_op_PartSelect.i16.i512.i32.i32, i512 %SubbandBand0TopQ610_ap_int_const_ap_int_const_ap_int_const_ap_int_const_ap_i_34, i32 496, i32 511" [H:/subband_ref_q610_opt_stage4_latency_stepL2.cpp:1839->H:/subband_ref_q610_opt_stage4_latency_stepL2.cpp:1868]   --->   Operation 469 'partselect' 'rhs_161' <Predicate = true> <Delay = 0.00>
ST_2 : Operation 470 [1/1] (0.00ns)   --->   "%zext_ln1625_93 = zext i11 %lhs_167" [H:/subband_ref_q610_opt_stage4_latency_stepL2.cpp:1625->H:/subband_ref_q610_opt_stage4_latency_stepL2.cpp:1839->H:/subband_ref_q610_opt_stage4_latency_stepL2.cpp:1868]   --->   Operation 470 'zext' 'zext_ln1625_93' <Predicate = true> <Delay = 0.00>
ST_2 : Operation 471 [1/1] (0.00ns)   --->   "%sext_ln1625_132 = sext i16 %rhs_161" [H:/subband_ref_q610_opt_stage4_latency_stepL2.cpp:1625->H:/subband_ref_q610_opt_stage4_latency_stepL2.cpp:1839->H:/subband_ref_q610_opt_stage4_latency_stepL2.cpp:1868]   --->   Operation 471 'sext' 'sext_ln1625_132' <Predicate = true> <Delay = 0.00>
ST_2 : Operation 472 [3/3] (1.05ns) (grouped into DSP with root node add_ln1839_104)   --->   "%product_q20_170 = mul i27 %sext_ln1625_132, i27 %zext_ln1625_93" [H:/subband_ref_q610_opt_stage4_latency_stepL2.cpp:1625->H:/subband_ref_q610_opt_stage4_latency_stepL2.cpp:1839->H:/subband_ref_q610_opt_stage4_latency_stepL2.cpp:1868]   --->   Operation 472 'mul' 'product_q20_170' <Predicate = true> <Delay = 1.05> <CoreInst = "DSP48">   --->   Core 119 'DSP48' <Latency = 2> <II = 1> <Delay = 3.88> <IPBlock> <Opcode : '' 'add' 'sub' 'mul' 'select'> <InPorts = 0> <OutPorts = 1> <Sync> <CReg>

State 3 <SV = 2> <Delay = 1.05>
ST_3 : Operation 473 [2/3] (1.05ns) (grouped into DSP with root node add_ln1839_73)   --->   "%product_q20 = mul i27 %sext_ln1625, i27 %zext_ln1625" [H:/subband_ref_q610_opt_stage4_latency_stepL2.cpp:1625->H:/subband_ref_q610_opt_stage4_latency_stepL2.cpp:1839->H:/subband_ref_q610_opt_stage4_latency_stepL2.cpp:1868]   --->   Operation 473 'mul' 'product_q20' <Predicate = true> <Delay = 1.05> <CoreInst = "DSP48">   --->   Core 119 'DSP48' <Latency = 2> <II = 1> <Delay = 3.88> <IPBlock> <Opcode : '' 'add' 'sub' 'mul' 'select'> <InPorts = 0> <OutPorts = 1> <Sync> <CReg>
ST_3 : Operation 474 [2/3] (1.05ns) (grouped into DSP with root node add_ln1839_74)   --->   "%product_q20_140 = mul i27 %sext_ln1625_102, i27 %zext_ln1625_63" [H:/subband_ref_q610_opt_stage4_latency_stepL2.cpp:1625->H:/subband_ref_q610_opt_stage4_latency_stepL2.cpp:1839->H:/subband_ref_q610_opt_stage4_latency_stepL2.cpp:1868]   --->   Operation 474 'mul' 'product_q20_140' <Predicate = true> <Delay = 1.05> <CoreInst = "DSP48">   --->   Core 119 'DSP48' <Latency = 2> <II = 1> <Delay = 3.88> <IPBlock> <Opcode : '' 'add' 'sub' 'mul' 'select'> <InPorts = 0> <OutPorts = 1> <Sync> <CReg>
ST_3 : Operation 475 [2/3] (1.05ns) (grouped into DSP with root node add_ln1839_75)   --->   "%product_q20_141 = mul i27 %sext_ln1625_103, i27 %zext_ln1625_64" [H:/subband_ref_q610_opt_stage4_latency_stepL2.cpp:1625->H:/subband_ref_q610_opt_stage4_latency_stepL2.cpp:1839->H:/subband_ref_q610_opt_stage4_latency_stepL2.cpp:1868]   --->   Operation 475 'mul' 'product_q20_141' <Predicate = true> <Delay = 1.05> <CoreInst = "DSP48">   --->   Core 119 'DSP48' <Latency = 2> <II = 1> <Delay = 3.88> <IPBlock> <Opcode : '' 'add' 'sub' 'mul' 'select'> <InPorts = 0> <OutPorts = 1> <Sync> <CReg>
ST_3 : Operation 476 [2/3] (1.05ns) (grouped into DSP with root node add_ln1839_76)   --->   "%product_q20_142 = mul i27 %sext_ln1625_104, i27 %zext_ln1625_65" [H:/subband_ref_q610_opt_stage4_latency_stepL2.cpp:1625->H:/subband_ref_q610_opt_stage4_latency_stepL2.cpp:1839->H:/subband_ref_q610_opt_stage4_latency_stepL2.cpp:1868]   --->   Operation 476 'mul' 'product_q20_142' <Predicate = true> <Delay = 1.05> <CoreInst = "DSP48">   --->   Core 119 'DSP48' <Latency = 2> <II = 1> <Delay = 3.88> <IPBlock> <Opcode : '' 'add' 'sub' 'mul' 'select'> <InPorts = 0> <OutPorts = 1> <Sync> <CReg>
ST_3 : Operation 477 [2/3] (1.05ns) (grouped into DSP with root node add_ln1839_77)   --->   "%product_q20_143 = mul i27 %sext_ln1625_105, i27 %zext_ln1625_66" [H:/subband_ref_q610_opt_stage4_latency_stepL2.cpp:1625->H:/subband_ref_q610_opt_stage4_latency_stepL2.cpp:1839->H:/subband_ref_q610_opt_stage4_latency_stepL2.cpp:1868]   --->   Operation 477 'mul' 'product_q20_143' <Predicate = true> <Delay = 1.05> <CoreInst = "DSP48">   --->   Core 119 'DSP48' <Latency = 2> <II = 1> <Delay = 3.88> <IPBlock> <Opcode : '' 'add' 'sub' 'mul' 'select'> <InPorts = 0> <OutPorts = 1> <Sync> <CReg>
ST_3 : Operation 478 [2/3] (1.05ns) (grouped into DSP with root node add_ln1839_78)   --->   "%product_q20_144 = mul i27 %sext_ln1625_106, i27 %zext_ln1625_67" [H:/subband_ref_q610_opt_stage4_latency_stepL2.cpp:1625->H:/subband_ref_q610_opt_stage4_latency_stepL2.cpp:1839->H:/subband_ref_q610_opt_stage4_latency_stepL2.cpp:1868]   --->   Operation 478 'mul' 'product_q20_144' <Predicate = true> <Delay = 1.05> <CoreInst = "DSP48">   --->   Core 119 'DSP48' <Latency = 2> <II = 1> <Delay = 3.88> <IPBlock> <Opcode : '' 'add' 'sub' 'mul' 'select'> <InPorts = 0> <OutPorts = 1> <Sync> <CReg>
ST_3 : Operation 479 [2/3] (1.05ns) (grouped into DSP with root node add_ln1839_79)   --->   "%product_q20_145 = mul i27 %sext_ln1625_107, i27 %zext_ln1625_68" [H:/subband_ref_q610_opt_stage4_latency_stepL2.cpp:1625->H:/subband_ref_q610_opt_stage4_latency_stepL2.cpp:1839->H:/subband_ref_q610_opt_stage4_latency_stepL2.cpp:1868]   --->   Operation 479 'mul' 'product_q20_145' <Predicate = true> <Delay = 1.05> <CoreInst = "DSP48">   --->   Core 119 'DSP48' <Latency = 2> <II = 1> <Delay = 3.88> <IPBlock> <Opcode : '' 'add' 'sub' 'mul' 'select'> <InPorts = 0> <OutPorts = 1> <Sync> <CReg>
ST_3 : Operation 480 [2/3] (1.05ns) (grouped into DSP with root node add_ln1839_80)   --->   "%product_q20_146 = mul i27 %sext_ln1625_108, i27 %zext_ln1625_69" [H:/subband_ref_q610_opt_stage4_latency_stepL2.cpp:1625->H:/subband_ref_q610_opt_stage4_latency_stepL2.cpp:1839->H:/subband_ref_q610_opt_stage4_latency_stepL2.cpp:1868]   --->   Operation 480 'mul' 'product_q20_146' <Predicate = true> <Delay = 1.05> <CoreInst = "DSP48">   --->   Core 119 'DSP48' <Latency = 2> <II = 1> <Delay = 3.88> <IPBlock> <Opcode : '' 'add' 'sub' 'mul' 'select'> <InPorts = 0> <OutPorts = 1> <Sync> <CReg>
ST_3 : Operation 481 [2/3] (1.05ns) (grouped into DSP with root node add_ln1839_81)   --->   "%product_q20_147 = mul i27 %sext_ln1625_109, i27 %zext_ln1625_70" [H:/subband_ref_q610_opt_stage4_latency_stepL2.cpp:1625->H:/subband_ref_q610_opt_stage4_latency_stepL2.cpp:1839->H:/subband_ref_q610_opt_stage4_latency_stepL2.cpp:1868]   --->   Operation 481 'mul' 'product_q20_147' <Predicate = true> <Delay = 1.05> <CoreInst = "DSP48">   --->   Core 119 'DSP48' <Latency = 2> <II = 1> <Delay = 3.88> <IPBlock> <Opcode : '' 'add' 'sub' 'mul' 'select'> <InPorts = 0> <OutPorts = 1> <Sync> <CReg>
ST_3 : Operation 482 [2/3] (1.05ns) (grouped into DSP with root node add_ln1839_82)   --->   "%product_q20_148 = mul i27 %sext_ln1625_110, i27 %zext_ln1625_71" [H:/subband_ref_q610_opt_stage4_latency_stepL2.cpp:1625->H:/subband_ref_q610_opt_stage4_latency_stepL2.cpp:1839->H:/subband_ref_q610_opt_stage4_latency_stepL2.cpp:1868]   --->   Operation 482 'mul' 'product_q20_148' <Predicate = true> <Delay = 1.05> <CoreInst = "DSP48">   --->   Core 119 'DSP48' <Latency = 2> <II = 1> <Delay = 3.88> <IPBlock> <Opcode : '' 'add' 'sub' 'mul' 'select'> <InPorts = 0> <OutPorts = 1> <Sync> <CReg>
ST_3 : Operation 483 [2/3] (1.05ns) (grouped into DSP with root node add_ln1839_83)   --->   "%product_q20_149 = mul i27 %sext_ln1625_111, i27 %zext_ln1625_72" [H:/subband_ref_q610_opt_stage4_latency_stepL2.cpp:1625->H:/subband_ref_q610_opt_stage4_latency_stepL2.cpp:1839->H:/subband_ref_q610_opt_stage4_latency_stepL2.cpp:1868]   --->   Operation 483 'mul' 'product_q20_149' <Predicate = true> <Delay = 1.05> <CoreInst = "DSP48">   --->   Core 119 'DSP48' <Latency = 2> <II = 1> <Delay = 3.88> <IPBlock> <Opcode : '' 'add' 'sub' 'mul' 'select'> <InPorts = 0> <OutPorts = 1> <Sync> <CReg>
ST_3 : Operation 484 [2/3] (1.05ns) (grouped into DSP with root node add_ln1839_84)   --->   "%product_q20_150 = mul i27 %sext_ln1625_112, i27 %zext_ln1625_73" [H:/subband_ref_q610_opt_stage4_latency_stepL2.cpp:1625->H:/subband_ref_q610_opt_stage4_latency_stepL2.cpp:1839->H:/subband_ref_q610_opt_stage4_latency_stepL2.cpp:1868]   --->   Operation 484 'mul' 'product_q20_150' <Predicate = true> <Delay = 1.05> <CoreInst = "DSP48">   --->   Core 119 'DSP48' <Latency = 2> <II = 1> <Delay = 3.88> <IPBlock> <Opcode : '' 'add' 'sub' 'mul' 'select'> <InPorts = 0> <OutPorts = 1> <Sync> <CReg>
ST_3 : Operation 485 [2/3] (1.05ns) (grouped into DSP with root node add_ln1839_85)   --->   "%product_q20_151 = mul i27 %sext_ln1625_113, i27 %zext_ln1625_74" [H:/subband_ref_q610_opt_stage4_latency_stepL2.cpp:1625->H:/subband_ref_q610_opt_stage4_latency_stepL2.cpp:1839->H:/subband_ref_q610_opt_stage4_latency_stepL2.cpp:1868]   --->   Operation 485 'mul' 'product_q20_151' <Predicate = true> <Delay = 1.05> <CoreInst = "DSP48">   --->   Core 119 'DSP48' <Latency = 2> <II = 1> <Delay = 3.88> <IPBlock> <Opcode : '' 'add' 'sub' 'mul' 'select'> <InPorts = 0> <OutPorts = 1> <Sync> <CReg>
ST_3 : Operation 486 [2/3] (1.05ns) (grouped into DSP with root node add_ln1839_86)   --->   "%product_q20_152 = mul i27 %sext_ln1625_114, i27 %zext_ln1625_75" [H:/subband_ref_q610_opt_stage4_latency_stepL2.cpp:1625->H:/subband_ref_q610_opt_stage4_latency_stepL2.cpp:1839->H:/subband_ref_q610_opt_stage4_latency_stepL2.cpp:1868]   --->   Operation 486 'mul' 'product_q20_152' <Predicate = true> <Delay = 1.05> <CoreInst = "DSP48">   --->   Core 119 'DSP48' <Latency = 2> <II = 1> <Delay = 3.88> <IPBlock> <Opcode : '' 'add' 'sub' 'mul' 'select'> <InPorts = 0> <OutPorts = 1> <Sync> <CReg>
ST_3 : Operation 487 [2/3] (1.05ns) (grouped into DSP with root node add_ln1839_87)   --->   "%product_q20_153 = mul i27 %sext_ln1625_115, i27 %zext_ln1625_76" [H:/subband_ref_q610_opt_stage4_latency_stepL2.cpp:1625->H:/subband_ref_q610_opt_stage4_latency_stepL2.cpp:1839->H:/subband_ref_q610_opt_stage4_latency_stepL2.cpp:1868]   --->   Operation 487 'mul' 'product_q20_153' <Predicate = true> <Delay = 1.05> <CoreInst = "DSP48">   --->   Core 119 'DSP48' <Latency = 2> <II = 1> <Delay = 3.88> <IPBlock> <Opcode : '' 'add' 'sub' 'mul' 'select'> <InPorts = 0> <OutPorts = 1> <Sync> <CReg>
ST_3 : Operation 488 [2/3] (1.05ns) (grouped into DSP with root node add_ln1839_88)   --->   "%product_q20_154 = mul i27 %sext_ln1625_116, i27 %zext_ln1625_77" [H:/subband_ref_q610_opt_stage4_latency_stepL2.cpp:1625->H:/subband_ref_q610_opt_stage4_latency_stepL2.cpp:1839->H:/subband_ref_q610_opt_stage4_latency_stepL2.cpp:1868]   --->   Operation 488 'mul' 'product_q20_154' <Predicate = true> <Delay = 1.05> <CoreInst = "DSP48">   --->   Core 119 'DSP48' <Latency = 2> <II = 1> <Delay = 3.88> <IPBlock> <Opcode : '' 'add' 'sub' 'mul' 'select'> <InPorts = 0> <OutPorts = 1> <Sync> <CReg>
ST_3 : Operation 489 [2/3] (1.05ns) (grouped into DSP with root node add_ln1839_89)   --->   "%product_q20_155 = mul i27 %sext_ln1625_117, i27 %zext_ln1625_78" [H:/subband_ref_q610_opt_stage4_latency_stepL2.cpp:1625->H:/subband_ref_q610_opt_stage4_latency_stepL2.cpp:1839->H:/subband_ref_q610_opt_stage4_latency_stepL2.cpp:1868]   --->   Operation 489 'mul' 'product_q20_155' <Predicate = true> <Delay = 1.05> <CoreInst = "DSP48">   --->   Core 119 'DSP48' <Latency = 2> <II = 1> <Delay = 3.88> <IPBlock> <Opcode : '' 'add' 'sub' 'mul' 'select'> <InPorts = 0> <OutPorts = 1> <Sync> <CReg>
ST_3 : Operation 490 [2/3] (1.05ns) (grouped into DSP with root node add_ln1839_90)   --->   "%product_q20_156 = mul i27 %sext_ln1625_118, i27 %zext_ln1625_79" [H:/subband_ref_q610_opt_stage4_latency_stepL2.cpp:1625->H:/subband_ref_q610_opt_stage4_latency_stepL2.cpp:1839->H:/subband_ref_q610_opt_stage4_latency_stepL2.cpp:1868]   --->   Operation 490 'mul' 'product_q20_156' <Predicate = true> <Delay = 1.05> <CoreInst = "DSP48">   --->   Core 119 'DSP48' <Latency = 2> <II = 1> <Delay = 3.88> <IPBlock> <Opcode : '' 'add' 'sub' 'mul' 'select'> <InPorts = 0> <OutPorts = 1> <Sync> <CReg>
ST_3 : Operation 491 [2/3] (1.05ns) (grouped into DSP with root node add_ln1839_91)   --->   "%product_q20_157 = mul i27 %sext_ln1625_119, i27 %zext_ln1625_80" [H:/subband_ref_q610_opt_stage4_latency_stepL2.cpp:1625->H:/subband_ref_q610_opt_stage4_latency_stepL2.cpp:1839->H:/subband_ref_q610_opt_stage4_latency_stepL2.cpp:1868]   --->   Operation 491 'mul' 'product_q20_157' <Predicate = true> <Delay = 1.05> <CoreInst = "DSP48">   --->   Core 119 'DSP48' <Latency = 2> <II = 1> <Delay = 3.88> <IPBlock> <Opcode : '' 'add' 'sub' 'mul' 'select'> <InPorts = 0> <OutPorts = 1> <Sync> <CReg>
ST_3 : Operation 492 [2/3] (1.05ns) (grouped into DSP with root node add_ln1839_92)   --->   "%product_q20_158 = mul i27 %sext_ln1625_120, i27 %zext_ln1625_81" [H:/subband_ref_q610_opt_stage4_latency_stepL2.cpp:1625->H:/subband_ref_q610_opt_stage4_latency_stepL2.cpp:1839->H:/subband_ref_q610_opt_stage4_latency_stepL2.cpp:1868]   --->   Operation 492 'mul' 'product_q20_158' <Predicate = true> <Delay = 1.05> <CoreInst = "DSP48">   --->   Core 119 'DSP48' <Latency = 2> <II = 1> <Delay = 3.88> <IPBlock> <Opcode : '' 'add' 'sub' 'mul' 'select'> <InPorts = 0> <OutPorts = 1> <Sync> <CReg>
ST_3 : Operation 493 [2/3] (1.05ns) (grouped into DSP with root node add_ln1839_93)   --->   "%product_q20_159 = mul i27 %sext_ln1625_121, i27 %zext_ln1625_82" [H:/subband_ref_q610_opt_stage4_latency_stepL2.cpp:1625->H:/subband_ref_q610_opt_stage4_latency_stepL2.cpp:1839->H:/subband_ref_q610_opt_stage4_latency_stepL2.cpp:1868]   --->   Operation 493 'mul' 'product_q20_159' <Predicate = true> <Delay = 1.05> <CoreInst = "DSP48">   --->   Core 119 'DSP48' <Latency = 2> <II = 1> <Delay = 3.88> <IPBlock> <Opcode : '' 'add' 'sub' 'mul' 'select'> <InPorts = 0> <OutPorts = 1> <Sync> <CReg>
ST_3 : Operation 494 [2/3] (1.05ns) (grouped into DSP with root node add_ln1839_94)   --->   "%product_q20_160 = mul i27 %sext_ln1625_122, i27 %zext_ln1625_83" [H:/subband_ref_q610_opt_stage4_latency_stepL2.cpp:1625->H:/subband_ref_q610_opt_stage4_latency_stepL2.cpp:1839->H:/subband_ref_q610_opt_stage4_latency_stepL2.cpp:1868]   --->   Operation 494 'mul' 'product_q20_160' <Predicate = true> <Delay = 1.05> <CoreInst = "DSP48">   --->   Core 119 'DSP48' <Latency = 2> <II = 1> <Delay = 3.88> <IPBlock> <Opcode : '' 'add' 'sub' 'mul' 'select'> <InPorts = 0> <OutPorts = 1> <Sync> <CReg>
ST_3 : Operation 495 [2/3] (1.05ns) (grouped into DSP with root node add_ln1839_95)   --->   "%product_q20_161 = mul i27 %sext_ln1625_123, i27 %zext_ln1625_84" [H:/subband_ref_q610_opt_stage4_latency_stepL2.cpp:1625->H:/subband_ref_q610_opt_stage4_latency_stepL2.cpp:1839->H:/subband_ref_q610_opt_stage4_latency_stepL2.cpp:1868]   --->   Operation 495 'mul' 'product_q20_161' <Predicate = true> <Delay = 1.05> <CoreInst = "DSP48">   --->   Core 119 'DSP48' <Latency = 2> <II = 1> <Delay = 3.88> <IPBlock> <Opcode : '' 'add' 'sub' 'mul' 'select'> <InPorts = 0> <OutPorts = 1> <Sync> <CReg>
ST_3 : Operation 496 [2/3] (1.05ns) (grouped into DSP with root node add_ln1839_96)   --->   "%product_q20_162 = mul i27 %sext_ln1625_124, i27 %zext_ln1625_85" [H:/subband_ref_q610_opt_stage4_latency_stepL2.cpp:1625->H:/subband_ref_q610_opt_stage4_latency_stepL2.cpp:1839->H:/subband_ref_q610_opt_stage4_latency_stepL2.cpp:1868]   --->   Operation 496 'mul' 'product_q20_162' <Predicate = true> <Delay = 1.05> <CoreInst = "DSP48">   --->   Core 119 'DSP48' <Latency = 2> <II = 1> <Delay = 3.88> <IPBlock> <Opcode : '' 'add' 'sub' 'mul' 'select'> <InPorts = 0> <OutPorts = 1> <Sync> <CReg>
ST_3 : Operation 497 [2/3] (1.05ns) (grouped into DSP with root node add_ln1839_97)   --->   "%product_q20_163 = mul i27 %sext_ln1625_125, i27 %zext_ln1625_86" [H:/subband_ref_q610_opt_stage4_latency_stepL2.cpp:1625->H:/subband_ref_q610_opt_stage4_latency_stepL2.cpp:1839->H:/subband_ref_q610_opt_stage4_latency_stepL2.cpp:1868]   --->   Operation 497 'mul' 'product_q20_163' <Predicate = true> <Delay = 1.05> <CoreInst = "DSP48">   --->   Core 119 'DSP48' <Latency = 2> <II = 1> <Delay = 3.88> <IPBlock> <Opcode : '' 'add' 'sub' 'mul' 'select'> <InPorts = 0> <OutPorts = 1> <Sync> <CReg>
ST_3 : Operation 498 [2/3] (1.05ns) (grouped into DSP with root node add_ln1839_98)   --->   "%product_q20_164 = mul i27 %sext_ln1625_126, i27 %zext_ln1625_87" [H:/subband_ref_q610_opt_stage4_latency_stepL2.cpp:1625->H:/subband_ref_q610_opt_stage4_latency_stepL2.cpp:1839->H:/subband_ref_q610_opt_stage4_latency_stepL2.cpp:1868]   --->   Operation 498 'mul' 'product_q20_164' <Predicate = true> <Delay = 1.05> <CoreInst = "DSP48">   --->   Core 119 'DSP48' <Latency = 2> <II = 1> <Delay = 3.88> <IPBlock> <Opcode : '' 'add' 'sub' 'mul' 'select'> <InPorts = 0> <OutPorts = 1> <Sync> <CReg>
ST_3 : Operation 499 [2/3] (1.05ns) (grouped into DSP with root node add_ln1839_99)   --->   "%product_q20_165 = mul i27 %sext_ln1625_127, i27 %zext_ln1625_88" [H:/subband_ref_q610_opt_stage4_latency_stepL2.cpp:1625->H:/subband_ref_q610_opt_stage4_latency_stepL2.cpp:1839->H:/subband_ref_q610_opt_stage4_latency_stepL2.cpp:1868]   --->   Operation 499 'mul' 'product_q20_165' <Predicate = true> <Delay = 1.05> <CoreInst = "DSP48">   --->   Core 119 'DSP48' <Latency = 2> <II = 1> <Delay = 3.88> <IPBlock> <Opcode : '' 'add' 'sub' 'mul' 'select'> <InPorts = 0> <OutPorts = 1> <Sync> <CReg>
ST_3 : Operation 500 [2/3] (1.05ns) (grouped into DSP with root node add_ln1839_100)   --->   "%product_q20_166 = mul i27 %sext_ln1625_128, i27 %zext_ln1625_89" [H:/subband_ref_q610_opt_stage4_latency_stepL2.cpp:1625->H:/subband_ref_q610_opt_stage4_latency_stepL2.cpp:1839->H:/subband_ref_q610_opt_stage4_latency_stepL2.cpp:1868]   --->   Operation 500 'mul' 'product_q20_166' <Predicate = true> <Delay = 1.05> <CoreInst = "DSP48">   --->   Core 119 'DSP48' <Latency = 2> <II = 1> <Delay = 3.88> <IPBlock> <Opcode : '' 'add' 'sub' 'mul' 'select'> <InPorts = 0> <OutPorts = 1> <Sync> <CReg>
ST_3 : Operation 501 [2/3] (1.05ns) (grouped into DSP with root node add_ln1839_101)   --->   "%product_q20_167 = mul i27 %sext_ln1625_129, i27 %zext_ln1625_90" [H:/subband_ref_q610_opt_stage4_latency_stepL2.cpp:1625->H:/subband_ref_q610_opt_stage4_latency_stepL2.cpp:1839->H:/subband_ref_q610_opt_stage4_latency_stepL2.cpp:1868]   --->   Operation 501 'mul' 'product_q20_167' <Predicate = true> <Delay = 1.05> <CoreInst = "DSP48">   --->   Core 119 'DSP48' <Latency = 2> <II = 1> <Delay = 3.88> <IPBlock> <Opcode : '' 'add' 'sub' 'mul' 'select'> <InPorts = 0> <OutPorts = 1> <Sync> <CReg>
ST_3 : Operation 502 [2/3] (1.05ns) (grouped into DSP with root node add_ln1839_102)   --->   "%product_q20_168 = mul i27 %sext_ln1625_130, i27 %zext_ln1625_91" [H:/subband_ref_q610_opt_stage4_latency_stepL2.cpp:1625->H:/subband_ref_q610_opt_stage4_latency_stepL2.cpp:1839->H:/subband_ref_q610_opt_stage4_latency_stepL2.cpp:1868]   --->   Operation 502 'mul' 'product_q20_168' <Predicate = true> <Delay = 1.05> <CoreInst = "DSP48">   --->   Core 119 'DSP48' <Latency = 2> <II = 1> <Delay = 3.88> <IPBlock> <Opcode : '' 'add' 'sub' 'mul' 'select'> <InPorts = 0> <OutPorts = 1> <Sync> <CReg>
ST_3 : Operation 503 [2/3] (1.05ns) (grouped into DSP with root node add_ln1839_103)   --->   "%product_q20_169 = mul i27 %sext_ln1625_131, i27 %zext_ln1625_92" [H:/subband_ref_q610_opt_stage4_latency_stepL2.cpp:1625->H:/subband_ref_q610_opt_stage4_latency_stepL2.cpp:1839->H:/subband_ref_q610_opt_stage4_latency_stepL2.cpp:1868]   --->   Operation 503 'mul' 'product_q20_169' <Predicate = true> <Delay = 1.05> <CoreInst = "DSP48">   --->   Core 119 'DSP48' <Latency = 2> <II = 1> <Delay = 3.88> <IPBlock> <Opcode : '' 'add' 'sub' 'mul' 'select'> <InPorts = 0> <OutPorts = 1> <Sync> <CReg>
ST_3 : Operation 504 [2/3] (1.05ns) (grouped into DSP with root node add_ln1839_104)   --->   "%product_q20_170 = mul i27 %sext_ln1625_132, i27 %zext_ln1625_93" [H:/subband_ref_q610_opt_stage4_latency_stepL2.cpp:1625->H:/subband_ref_q610_opt_stage4_latency_stepL2.cpp:1839->H:/subband_ref_q610_opt_stage4_latency_stepL2.cpp:1868]   --->   Operation 504 'mul' 'product_q20_170' <Predicate = true> <Delay = 1.05> <CoreInst = "DSP48">   --->   Core 119 'DSP48' <Latency = 2> <II = 1> <Delay = 3.88> <IPBlock> <Opcode : '' 'add' 'sub' 'mul' 'select'> <InPorts = 0> <OutPorts = 1> <Sync> <CReg>
ST_3 : Operation 765 [1/1] (0.00ns)   --->   "%p_load291 = load i30 %empty"   --->   Operation 765 'load' 'p_load291' <Predicate = (icmp_ln1833)> <Delay = 0.00>
ST_3 : Operation 766 [1/1] (0.00ns)   --->   "%p_load289 = load i30 %empty_717"   --->   Operation 766 'load' 'p_load289' <Predicate = (icmp_ln1833)> <Delay = 0.00>
ST_3 : Operation 767 [1/1] (0.00ns)   --->   "%p_load287 = load i30 %empty_718"   --->   Operation 767 'load' 'p_load287' <Predicate = (icmp_ln1833)> <Delay = 0.00>
ST_3 : Operation 768 [1/1] (0.00ns)   --->   "%p_load285 = load i30 %empty_719"   --->   Operation 768 'load' 'p_load285' <Predicate = (icmp_ln1833)> <Delay = 0.00>
ST_3 : Operation 769 [1/1] (0.00ns)   --->   "%p_load283 = load i30 %empty_720"   --->   Operation 769 'load' 'p_load283' <Predicate = (icmp_ln1833)> <Delay = 0.00>
ST_3 : Operation 770 [1/1] (0.00ns)   --->   "%p_load281 = load i30 %empty_721"   --->   Operation 770 'load' 'p_load281' <Predicate = (icmp_ln1833)> <Delay = 0.00>
ST_3 : Operation 771 [1/1] (0.00ns)   --->   "%p_load279 = load i30 %empty_722"   --->   Operation 771 'load' 'p_load279' <Predicate = (icmp_ln1833)> <Delay = 0.00>
ST_3 : Operation 772 [1/1] (0.00ns)   --->   "%p_load277 = load i30 %empty_723"   --->   Operation 772 'load' 'p_load277' <Predicate = (icmp_ln1833)> <Delay = 0.00>
ST_3 : Operation 773 [1/1] (0.00ns)   --->   "%p_load275 = load i30 %empty_724"   --->   Operation 773 'load' 'p_load275' <Predicate = (icmp_ln1833)> <Delay = 0.00>
ST_3 : Operation 774 [1/1] (0.00ns)   --->   "%p_load273 = load i30 %empty_725"   --->   Operation 774 'load' 'p_load273' <Predicate = (icmp_ln1833)> <Delay = 0.00>
ST_3 : Operation 775 [1/1] (0.00ns)   --->   "%p_load271 = load i30 %empty_726"   --->   Operation 775 'load' 'p_load271' <Predicate = (icmp_ln1833)> <Delay = 0.00>
ST_3 : Operation 776 [1/1] (0.00ns)   --->   "%p_load269 = load i30 %empty_727"   --->   Operation 776 'load' 'p_load269' <Predicate = (icmp_ln1833)> <Delay = 0.00>
ST_3 : Operation 777 [1/1] (0.00ns)   --->   "%p_load267 = load i30 %empty_728"   --->   Operation 777 'load' 'p_load267' <Predicate = (icmp_ln1833)> <Delay = 0.00>
ST_3 : Operation 778 [1/1] (0.00ns)   --->   "%p_load265 = load i30 %empty_729"   --->   Operation 778 'load' 'p_load265' <Predicate = (icmp_ln1833)> <Delay = 0.00>
ST_3 : Operation 779 [1/1] (0.00ns)   --->   "%p_load263 = load i30 %empty_730"   --->   Operation 779 'load' 'p_load263' <Predicate = (icmp_ln1833)> <Delay = 0.00>
ST_3 : Operation 780 [1/1] (0.00ns)   --->   "%p_load261 = load i30 %empty_731"   --->   Operation 780 'load' 'p_load261' <Predicate = (icmp_ln1833)> <Delay = 0.00>
ST_3 : Operation 781 [1/1] (0.00ns)   --->   "%p_load259 = load i30 %empty_732"   --->   Operation 781 'load' 'p_load259' <Predicate = (icmp_ln1833)> <Delay = 0.00>
ST_3 : Operation 782 [1/1] (0.00ns)   --->   "%p_load257 = load i30 %empty_733"   --->   Operation 782 'load' 'p_load257' <Predicate = (icmp_ln1833)> <Delay = 0.00>
ST_3 : Operation 783 [1/1] (0.00ns)   --->   "%p_load255 = load i30 %empty_734"   --->   Operation 783 'load' 'p_load255' <Predicate = (icmp_ln1833)> <Delay = 0.00>
ST_3 : Operation 784 [1/1] (0.00ns)   --->   "%p_load253 = load i30 %empty_735"   --->   Operation 784 'load' 'p_load253' <Predicate = (icmp_ln1833)> <Delay = 0.00>
ST_3 : Operation 785 [1/1] (0.00ns)   --->   "%p_load251 = load i30 %empty_736"   --->   Operation 785 'load' 'p_load251' <Predicate = (icmp_ln1833)> <Delay = 0.00>
ST_3 : Operation 786 [1/1] (0.00ns)   --->   "%p_load249 = load i30 %empty_737"   --->   Operation 786 'load' 'p_load249' <Predicate = (icmp_ln1833)> <Delay = 0.00>
ST_3 : Operation 787 [1/1] (0.00ns)   --->   "%p_load247 = load i30 %empty_738"   --->   Operation 787 'load' 'p_load247' <Predicate = (icmp_ln1833)> <Delay = 0.00>
ST_3 : Operation 788 [1/1] (0.00ns)   --->   "%p_load245 = load i30 %empty_739"   --->   Operation 788 'load' 'p_load245' <Predicate = (icmp_ln1833)> <Delay = 0.00>
ST_3 : Operation 789 [1/1] (0.00ns)   --->   "%p_load243 = load i30 %empty_740"   --->   Operation 789 'load' 'p_load243' <Predicate = (icmp_ln1833)> <Delay = 0.00>
ST_3 : Operation 790 [1/1] (0.00ns)   --->   "%p_load241 = load i30 %empty_741"   --->   Operation 790 'load' 'p_load241' <Predicate = (icmp_ln1833)> <Delay = 0.00>
ST_3 : Operation 791 [1/1] (0.00ns)   --->   "%p_load239 = load i30 %empty_742"   --->   Operation 791 'load' 'p_load239' <Predicate = (icmp_ln1833)> <Delay = 0.00>
ST_3 : Operation 792 [1/1] (0.00ns)   --->   "%p_load237 = load i30 %empty_743"   --->   Operation 792 'load' 'p_load237' <Predicate = (icmp_ln1833)> <Delay = 0.00>
ST_3 : Operation 793 [1/1] (0.00ns)   --->   "%p_load235 = load i30 %empty_744"   --->   Operation 793 'load' 'p_load235' <Predicate = (icmp_ln1833)> <Delay = 0.00>
ST_3 : Operation 794 [1/1] (0.00ns)   --->   "%p_load233 = load i30 %empty_745"   --->   Operation 794 'load' 'p_load233' <Predicate = (icmp_ln1833)> <Delay = 0.00>
ST_3 : Operation 795 [1/1] (0.00ns)   --->   "%p_load231 = load i30 %empty_746"   --->   Operation 795 'load' 'p_load231' <Predicate = (icmp_ln1833)> <Delay = 0.00>
ST_3 : Operation 796 [1/1] (0.00ns)   --->   "%p_load229 = load i30 %empty_747"   --->   Operation 796 'load' 'p_load229' <Predicate = (icmp_ln1833)> <Delay = 0.00>
ST_3 : Operation 797 [1/1] (0.00ns)   --->   "%write_ln0 = write void @_ssdm_op_Write.ap_auto.i30P0A, i30 %p_out, i30 %p_load229"   --->   Operation 797 'write' 'write_ln0' <Predicate = (icmp_ln1833)> <Delay = 0.00>
ST_3 : Operation 798 [1/1] (0.00ns)   --->   "%write_ln0 = write void @_ssdm_op_Write.ap_auto.i30P0A, i30 %p_out1, i30 %p_load231"   --->   Operation 798 'write' 'write_ln0' <Predicate = (icmp_ln1833)> <Delay = 0.00>
ST_3 : Operation 799 [1/1] (0.00ns)   --->   "%write_ln0 = write void @_ssdm_op_Write.ap_auto.i30P0A, i30 %p_out2, i30 %p_load233"   --->   Operation 799 'write' 'write_ln0' <Predicate = (icmp_ln1833)> <Delay = 0.00>
ST_3 : Operation 800 [1/1] (0.00ns)   --->   "%write_ln0 = write void @_ssdm_op_Write.ap_auto.i30P0A, i30 %p_out3, i30 %p_load235"   --->   Operation 800 'write' 'write_ln0' <Predicate = (icmp_ln1833)> <Delay = 0.00>
ST_3 : Operation 801 [1/1] (0.00ns)   --->   "%write_ln0 = write void @_ssdm_op_Write.ap_auto.i30P0A, i30 %p_out4, i30 %p_load237"   --->   Operation 801 'write' 'write_ln0' <Predicate = (icmp_ln1833)> <Delay = 0.00>
ST_3 : Operation 802 [1/1] (0.00ns)   --->   "%write_ln0 = write void @_ssdm_op_Write.ap_auto.i30P0A, i30 %p_out5, i30 %p_load239"   --->   Operation 802 'write' 'write_ln0' <Predicate = (icmp_ln1833)> <Delay = 0.00>
ST_3 : Operation 803 [1/1] (0.00ns)   --->   "%write_ln0 = write void @_ssdm_op_Write.ap_auto.i30P0A, i30 %p_out6, i30 %p_load241"   --->   Operation 803 'write' 'write_ln0' <Predicate = (icmp_ln1833)> <Delay = 0.00>
ST_3 : Operation 804 [1/1] (0.00ns)   --->   "%write_ln0 = write void @_ssdm_op_Write.ap_auto.i30P0A, i30 %p_out7, i30 %p_load243"   --->   Operation 804 'write' 'write_ln0' <Predicate = (icmp_ln1833)> <Delay = 0.00>
ST_3 : Operation 805 [1/1] (0.00ns)   --->   "%write_ln0 = write void @_ssdm_op_Write.ap_auto.i30P0A, i30 %p_out8, i30 %p_load245"   --->   Operation 805 'write' 'write_ln0' <Predicate = (icmp_ln1833)> <Delay = 0.00>
ST_3 : Operation 806 [1/1] (0.00ns)   --->   "%write_ln0 = write void @_ssdm_op_Write.ap_auto.i30P0A, i30 %p_out9, i30 %p_load247"   --->   Operation 806 'write' 'write_ln0' <Predicate = (icmp_ln1833)> <Delay = 0.00>
ST_3 : Operation 807 [1/1] (0.00ns)   --->   "%write_ln0 = write void @_ssdm_op_Write.ap_auto.i30P0A, i30 %p_out10, i30 %p_load249"   --->   Operation 807 'write' 'write_ln0' <Predicate = (icmp_ln1833)> <Delay = 0.00>
ST_3 : Operation 808 [1/1] (0.00ns)   --->   "%write_ln0 = write void @_ssdm_op_Write.ap_auto.i30P0A, i30 %p_out11, i30 %p_load251"   --->   Operation 808 'write' 'write_ln0' <Predicate = (icmp_ln1833)> <Delay = 0.00>
ST_3 : Operation 809 [1/1] (0.00ns)   --->   "%write_ln0 = write void @_ssdm_op_Write.ap_auto.i30P0A, i30 %p_out12, i30 %p_load253"   --->   Operation 809 'write' 'write_ln0' <Predicate = (icmp_ln1833)> <Delay = 0.00>
ST_3 : Operation 810 [1/1] (0.00ns)   --->   "%write_ln0 = write void @_ssdm_op_Write.ap_auto.i30P0A, i30 %p_out13, i30 %p_load255"   --->   Operation 810 'write' 'write_ln0' <Predicate = (icmp_ln1833)> <Delay = 0.00>
ST_3 : Operation 811 [1/1] (0.00ns)   --->   "%write_ln0 = write void @_ssdm_op_Write.ap_auto.i30P0A, i30 %p_out14, i30 %p_load257"   --->   Operation 811 'write' 'write_ln0' <Predicate = (icmp_ln1833)> <Delay = 0.00>
ST_3 : Operation 812 [1/1] (0.00ns)   --->   "%write_ln0 = write void @_ssdm_op_Write.ap_auto.i30P0A, i30 %p_out15, i30 %p_load259"   --->   Operation 812 'write' 'write_ln0' <Predicate = (icmp_ln1833)> <Delay = 0.00>
ST_3 : Operation 813 [1/1] (0.00ns)   --->   "%write_ln0 = write void @_ssdm_op_Write.ap_auto.i30P0A, i30 %p_out16, i30 %p_load261"   --->   Operation 813 'write' 'write_ln0' <Predicate = (icmp_ln1833)> <Delay = 0.00>
ST_3 : Operation 814 [1/1] (0.00ns)   --->   "%write_ln0 = write void @_ssdm_op_Write.ap_auto.i30P0A, i30 %p_out17, i30 %p_load263"   --->   Operation 814 'write' 'write_ln0' <Predicate = (icmp_ln1833)> <Delay = 0.00>
ST_3 : Operation 815 [1/1] (0.00ns)   --->   "%write_ln0 = write void @_ssdm_op_Write.ap_auto.i30P0A, i30 %p_out18, i30 %p_load265"   --->   Operation 815 'write' 'write_ln0' <Predicate = (icmp_ln1833)> <Delay = 0.00>
ST_3 : Operation 816 [1/1] (0.00ns)   --->   "%write_ln0 = write void @_ssdm_op_Write.ap_auto.i30P0A, i30 %p_out19, i30 %p_load267"   --->   Operation 816 'write' 'write_ln0' <Predicate = (icmp_ln1833)> <Delay = 0.00>
ST_3 : Operation 817 [1/1] (0.00ns)   --->   "%write_ln0 = write void @_ssdm_op_Write.ap_auto.i30P0A, i30 %p_out20, i30 %p_load269"   --->   Operation 817 'write' 'write_ln0' <Predicate = (icmp_ln1833)> <Delay = 0.00>
ST_3 : Operation 818 [1/1] (0.00ns)   --->   "%write_ln0 = write void @_ssdm_op_Write.ap_auto.i30P0A, i30 %p_out21, i30 %p_load271"   --->   Operation 818 'write' 'write_ln0' <Predicate = (icmp_ln1833)> <Delay = 0.00>
ST_3 : Operation 819 [1/1] (0.00ns)   --->   "%write_ln0 = write void @_ssdm_op_Write.ap_auto.i30P0A, i30 %p_out22, i30 %p_load273"   --->   Operation 819 'write' 'write_ln0' <Predicate = (icmp_ln1833)> <Delay = 0.00>
ST_3 : Operation 820 [1/1] (0.00ns)   --->   "%write_ln0 = write void @_ssdm_op_Write.ap_auto.i30P0A, i30 %p_out23, i30 %p_load275"   --->   Operation 820 'write' 'write_ln0' <Predicate = (icmp_ln1833)> <Delay = 0.00>
ST_3 : Operation 821 [1/1] (0.00ns)   --->   "%write_ln0 = write void @_ssdm_op_Write.ap_auto.i30P0A, i30 %p_out24, i30 %p_load277"   --->   Operation 821 'write' 'write_ln0' <Predicate = (icmp_ln1833)> <Delay = 0.00>
ST_3 : Operation 822 [1/1] (0.00ns)   --->   "%write_ln0 = write void @_ssdm_op_Write.ap_auto.i30P0A, i30 %p_out25, i30 %p_load279"   --->   Operation 822 'write' 'write_ln0' <Predicate = (icmp_ln1833)> <Delay = 0.00>
ST_3 : Operation 823 [1/1] (0.00ns)   --->   "%write_ln0 = write void @_ssdm_op_Write.ap_auto.i30P0A, i30 %p_out26, i30 %p_load281"   --->   Operation 823 'write' 'write_ln0' <Predicate = (icmp_ln1833)> <Delay = 0.00>
ST_3 : Operation 824 [1/1] (0.00ns)   --->   "%write_ln0 = write void @_ssdm_op_Write.ap_auto.i30P0A, i30 %p_out27, i30 %p_load283"   --->   Operation 824 'write' 'write_ln0' <Predicate = (icmp_ln1833)> <Delay = 0.00>
ST_3 : Operation 825 [1/1] (0.00ns)   --->   "%write_ln0 = write void @_ssdm_op_Write.ap_auto.i30P0A, i30 %p_out28, i30 %p_load285"   --->   Operation 825 'write' 'write_ln0' <Predicate = (icmp_ln1833)> <Delay = 0.00>
ST_3 : Operation 826 [1/1] (0.00ns)   --->   "%write_ln0 = write void @_ssdm_op_Write.ap_auto.i30P0A, i30 %p_out29, i30 %p_load287"   --->   Operation 826 'write' 'write_ln0' <Predicate = (icmp_ln1833)> <Delay = 0.00>
ST_3 : Operation 827 [1/1] (0.00ns)   --->   "%write_ln0 = write void @_ssdm_op_Write.ap_auto.i30P0A, i30 %p_out30, i30 %p_load289"   --->   Operation 827 'write' 'write_ln0' <Predicate = (icmp_ln1833)> <Delay = 0.00>
ST_3 : Operation 828 [1/1] (0.00ns)   --->   "%write_ln0 = write void @_ssdm_op_Write.ap_auto.i30P0A, i30 %p_out31, i30 %p_load291"   --->   Operation 828 'write' 'write_ln0' <Predicate = (icmp_ln1833)> <Delay = 0.00>
ST_3 : Operation 829 [1/1] (0.00ns)   --->   "%ret_ln0 = ret"   --->   Operation 829 'ret' 'ret_ln0' <Predicate = (icmp_ln1833)> <Delay = 0.00>

State 4 <SV = 3> <Delay = 4.60>
ST_4 : Operation 505 [1/1] (0.00ns)   --->   "%p_load290 = load i30 %empty" [H:/subband_ref_q610_opt_stage4_latency_stepL2.cpp:1839->H:/subband_ref_q610_opt_stage4_latency_stepL2.cpp:1868]   --->   Operation 505 'load' 'p_load290' <Predicate = true> <Delay = 0.00>
ST_4 : Operation 506 [1/1] (0.00ns)   --->   "%p_load288 = load i30 %empty_717" [H:/subband_ref_q610_opt_stage4_latency_stepL2.cpp:1839->H:/subband_ref_q610_opt_stage4_latency_stepL2.cpp:1868]   --->   Operation 506 'load' 'p_load288' <Predicate = true> <Delay = 0.00>
ST_4 : Operation 507 [1/1] (0.00ns)   --->   "%p_load286 = load i30 %empty_718" [H:/subband_ref_q610_opt_stage4_latency_stepL2.cpp:1839->H:/subband_ref_q610_opt_stage4_latency_stepL2.cpp:1868]   --->   Operation 507 'load' 'p_load286' <Predicate = true> <Delay = 0.00>
ST_4 : Operation 508 [1/1] (0.00ns)   --->   "%p_load284 = load i30 %empty_719" [H:/subband_ref_q610_opt_stage4_latency_stepL2.cpp:1839->H:/subband_ref_q610_opt_stage4_latency_stepL2.cpp:1868]   --->   Operation 508 'load' 'p_load284' <Predicate = true> <Delay = 0.00>
ST_4 : Operation 509 [1/1] (0.00ns)   --->   "%p_load282 = load i30 %empty_720" [H:/subband_ref_q610_opt_stage4_latency_stepL2.cpp:1839->H:/subband_ref_q610_opt_stage4_latency_stepL2.cpp:1868]   --->   Operation 509 'load' 'p_load282' <Predicate = true> <Delay = 0.00>
ST_4 : Operation 510 [1/1] (0.00ns)   --->   "%p_load280 = load i30 %empty_721" [H:/subband_ref_q610_opt_stage4_latency_stepL2.cpp:1839->H:/subband_ref_q610_opt_stage4_latency_stepL2.cpp:1868]   --->   Operation 510 'load' 'p_load280' <Predicate = true> <Delay = 0.00>
ST_4 : Operation 511 [1/1] (0.00ns)   --->   "%p_load278 = load i30 %empty_722" [H:/subband_ref_q610_opt_stage4_latency_stepL2.cpp:1839->H:/subband_ref_q610_opt_stage4_latency_stepL2.cpp:1868]   --->   Operation 511 'load' 'p_load278' <Predicate = true> <Delay = 0.00>
ST_4 : Operation 512 [1/1] (0.00ns)   --->   "%p_load276 = load i30 %empty_723" [H:/subband_ref_q610_opt_stage4_latency_stepL2.cpp:1839->H:/subband_ref_q610_opt_stage4_latency_stepL2.cpp:1868]   --->   Operation 512 'load' 'p_load276' <Predicate = true> <Delay = 0.00>
ST_4 : Operation 513 [1/1] (0.00ns)   --->   "%p_load274 = load i30 %empty_724" [H:/subband_ref_q610_opt_stage4_latency_stepL2.cpp:1839->H:/subband_ref_q610_opt_stage4_latency_stepL2.cpp:1868]   --->   Operation 513 'load' 'p_load274' <Predicate = true> <Delay = 0.00>
ST_4 : Operation 514 [1/1] (0.00ns)   --->   "%p_load272 = load i30 %empty_725" [H:/subband_ref_q610_opt_stage4_latency_stepL2.cpp:1839->H:/subband_ref_q610_opt_stage4_latency_stepL2.cpp:1868]   --->   Operation 514 'load' 'p_load272' <Predicate = true> <Delay = 0.00>
ST_4 : Operation 515 [1/1] (0.00ns)   --->   "%p_load270 = load i30 %empty_726" [H:/subband_ref_q610_opt_stage4_latency_stepL2.cpp:1839->H:/subband_ref_q610_opt_stage4_latency_stepL2.cpp:1868]   --->   Operation 515 'load' 'p_load270' <Predicate = true> <Delay = 0.00>
ST_4 : Operation 516 [1/1] (0.00ns)   --->   "%p_load268 = load i30 %empty_727" [H:/subband_ref_q610_opt_stage4_latency_stepL2.cpp:1839->H:/subband_ref_q610_opt_stage4_latency_stepL2.cpp:1868]   --->   Operation 516 'load' 'p_load268' <Predicate = true> <Delay = 0.00>
ST_4 : Operation 517 [1/1] (0.00ns)   --->   "%p_load266 = load i30 %empty_728" [H:/subband_ref_q610_opt_stage4_latency_stepL2.cpp:1839->H:/subband_ref_q610_opt_stage4_latency_stepL2.cpp:1868]   --->   Operation 517 'load' 'p_load266' <Predicate = true> <Delay = 0.00>
ST_4 : Operation 518 [1/1] (0.00ns)   --->   "%p_load264 = load i30 %empty_729" [H:/subband_ref_q610_opt_stage4_latency_stepL2.cpp:1839->H:/subband_ref_q610_opt_stage4_latency_stepL2.cpp:1868]   --->   Operation 518 'load' 'p_load264' <Predicate = true> <Delay = 0.00>
ST_4 : Operation 519 [1/1] (0.00ns)   --->   "%p_load262 = load i30 %empty_730" [H:/subband_ref_q610_opt_stage4_latency_stepL2.cpp:1839->H:/subband_ref_q610_opt_stage4_latency_stepL2.cpp:1868]   --->   Operation 519 'load' 'p_load262' <Predicate = true> <Delay = 0.00>
ST_4 : Operation 520 [1/1] (0.00ns)   --->   "%p_load260 = load i30 %empty_731" [H:/subband_ref_q610_opt_stage4_latency_stepL2.cpp:1839->H:/subband_ref_q610_opt_stage4_latency_stepL2.cpp:1868]   --->   Operation 520 'load' 'p_load260' <Predicate = true> <Delay = 0.00>
ST_4 : Operation 521 [1/1] (0.00ns)   --->   "%p_load258 = load i30 %empty_732" [H:/subband_ref_q610_opt_stage4_latency_stepL2.cpp:1839->H:/subband_ref_q610_opt_stage4_latency_stepL2.cpp:1868]   --->   Operation 521 'load' 'p_load258' <Predicate = true> <Delay = 0.00>
ST_4 : Operation 522 [1/1] (0.00ns)   --->   "%p_load256 = load i30 %empty_733" [H:/subband_ref_q610_opt_stage4_latency_stepL2.cpp:1839->H:/subband_ref_q610_opt_stage4_latency_stepL2.cpp:1868]   --->   Operation 522 'load' 'p_load256' <Predicate = true> <Delay = 0.00>
ST_4 : Operation 523 [1/1] (0.00ns)   --->   "%p_load254 = load i30 %empty_734" [H:/subband_ref_q610_opt_stage4_latency_stepL2.cpp:1839->H:/subband_ref_q610_opt_stage4_latency_stepL2.cpp:1868]   --->   Operation 523 'load' 'p_load254' <Predicate = true> <Delay = 0.00>
ST_4 : Operation 524 [1/1] (0.00ns)   --->   "%p_load252 = load i30 %empty_735" [H:/subband_ref_q610_opt_stage4_latency_stepL2.cpp:1839->H:/subband_ref_q610_opt_stage4_latency_stepL2.cpp:1868]   --->   Operation 524 'load' 'p_load252' <Predicate = true> <Delay = 0.00>
ST_4 : Operation 525 [1/1] (0.00ns)   --->   "%p_load250 = load i30 %empty_736" [H:/subband_ref_q610_opt_stage4_latency_stepL2.cpp:1839->H:/subband_ref_q610_opt_stage4_latency_stepL2.cpp:1868]   --->   Operation 525 'load' 'p_load250' <Predicate = true> <Delay = 0.00>
ST_4 : Operation 526 [1/1] (0.00ns)   --->   "%p_load248 = load i30 %empty_737" [H:/subband_ref_q610_opt_stage4_latency_stepL2.cpp:1839->H:/subband_ref_q610_opt_stage4_latency_stepL2.cpp:1868]   --->   Operation 526 'load' 'p_load248' <Predicate = true> <Delay = 0.00>
ST_4 : Operation 527 [1/1] (0.00ns)   --->   "%p_load246 = load i30 %empty_738" [H:/subband_ref_q610_opt_stage4_latency_stepL2.cpp:1839->H:/subband_ref_q610_opt_stage4_latency_stepL2.cpp:1868]   --->   Operation 527 'load' 'p_load246' <Predicate = true> <Delay = 0.00>
ST_4 : Operation 528 [1/1] (0.00ns)   --->   "%p_load244 = load i30 %empty_739" [H:/subband_ref_q610_opt_stage4_latency_stepL2.cpp:1839->H:/subband_ref_q610_opt_stage4_latency_stepL2.cpp:1868]   --->   Operation 528 'load' 'p_load244' <Predicate = true> <Delay = 0.00>
ST_4 : Operation 529 [1/1] (0.00ns)   --->   "%p_load242 = load i30 %empty_740" [H:/subband_ref_q610_opt_stage4_latency_stepL2.cpp:1839->H:/subband_ref_q610_opt_stage4_latency_stepL2.cpp:1868]   --->   Operation 529 'load' 'p_load242' <Predicate = true> <Delay = 0.00>
ST_4 : Operation 530 [1/1] (0.00ns)   --->   "%p_load240 = load i30 %empty_741" [H:/subband_ref_q610_opt_stage4_latency_stepL2.cpp:1839->H:/subband_ref_q610_opt_stage4_latency_stepL2.cpp:1868]   --->   Operation 530 'load' 'p_load240' <Predicate = true> <Delay = 0.00>
ST_4 : Operation 531 [1/1] (0.00ns)   --->   "%p_load238 = load i30 %empty_742" [H:/subband_ref_q610_opt_stage4_latency_stepL2.cpp:1839->H:/subband_ref_q610_opt_stage4_latency_stepL2.cpp:1868]   --->   Operation 531 'load' 'p_load238' <Predicate = true> <Delay = 0.00>
ST_4 : Operation 532 [1/1] (0.00ns)   --->   "%p_load236 = load i30 %empty_743" [H:/subband_ref_q610_opt_stage4_latency_stepL2.cpp:1839->H:/subband_ref_q610_opt_stage4_latency_stepL2.cpp:1868]   --->   Operation 532 'load' 'p_load236' <Predicate = true> <Delay = 0.00>
ST_4 : Operation 533 [1/1] (0.00ns)   --->   "%p_load234 = load i30 %empty_744" [H:/subband_ref_q610_opt_stage4_latency_stepL2.cpp:1839->H:/subband_ref_q610_opt_stage4_latency_stepL2.cpp:1868]   --->   Operation 533 'load' 'p_load234' <Predicate = true> <Delay = 0.00>
ST_4 : Operation 534 [1/1] (0.00ns)   --->   "%p_load232 = load i30 %empty_745" [H:/subband_ref_q610_opt_stage4_latency_stepL2.cpp:1839->H:/subband_ref_q610_opt_stage4_latency_stepL2.cpp:1868]   --->   Operation 534 'load' 'p_load232' <Predicate = true> <Delay = 0.00>
ST_4 : Operation 535 [1/1] (0.00ns)   --->   "%p_load230 = load i30 %empty_746" [H:/subband_ref_q610_opt_stage4_latency_stepL2.cpp:1839->H:/subband_ref_q610_opt_stage4_latency_stepL2.cpp:1868]   --->   Operation 535 'load' 'p_load230' <Predicate = true> <Delay = 0.00>
ST_4 : Operation 536 [1/1] (0.00ns)   --->   "%p_load = load i30 %empty_747" [H:/subband_ref_q610_opt_stage4_latency_stepL2.cpp:1839->H:/subband_ref_q610_opt_stage4_latency_stepL2.cpp:1868]   --->   Operation 536 'load' 'p_load' <Predicate = true> <Delay = 0.00>
ST_4 : Operation 537 [1/1] (0.00ns)   --->   "%specpipeline_ln1834 = specpipeline void @_ssdm_op_SpecPipeline, i32 1, i32 0, i32 0, i32 0, void @empty_25" [H:/subband_ref_q610_opt_stage4_latency_stepL2.cpp:1834->H:/subband_ref_q610_opt_stage4_latency_stepL2.cpp:1868]   --->   Operation 537 'specpipeline' 'specpipeline_ln1834' <Predicate = true> <Delay = 0.00>
ST_4 : Operation 538 [1/1] (0.00ns)   --->   "%speclooptripcount_ln1833 = speclooptripcount void @_ssdm_op_SpecLoopTripCount, i64 7, i64 7, i64 7" [H:/subband_ref_q610_opt_stage4_latency_stepL2.cpp:1833->H:/subband_ref_q610_opt_stage4_latency_stepL2.cpp:1868]   --->   Operation 538 'speclooptripcount' 'speclooptripcount_ln1833' <Predicate = true> <Delay = 0.00>
ST_4 : Operation 539 [1/1] (0.00ns)   --->   "%specloopname_ln1833 = specloopname void @_ssdm_op_SpecLoopName, void @empty_204" [H:/subband_ref_q610_opt_stage4_latency_stepL2.cpp:1833->H:/subband_ref_q610_opt_stage4_latency_stepL2.cpp:1868]   --->   Operation 539 'specloopname' 'specloopname_ln1833' <Predicate = true> <Delay = 0.00>
ST_4 : Operation 540 [1/1] (0.00ns)   --->   "%rbegin72 = specregionbegin i32 @_ssdm_op_SpecRegionBegin, void @empty_77" [H:/subband_ref_q610_opt_stage4_latency_stepL2.cpp:1623->H:/subband_ref_q610_opt_stage4_latency_stepL2.cpp:1839->H:/subband_ref_q610_opt_stage4_latency_stepL2.cpp:1868]   --->   Operation 540 'specregionbegin' 'rbegin72' <Predicate = true> <Delay = 0.00>
ST_4 : Operation 541 [1/3] (0.00ns) (grouped into DSP with root node add_ln1839_73)   --->   "%product_q20 = mul i27 %sext_ln1625, i27 %zext_ln1625" [H:/subband_ref_q610_opt_stage4_latency_stepL2.cpp:1625->H:/subband_ref_q610_opt_stage4_latency_stepL2.cpp:1839->H:/subband_ref_q610_opt_stage4_latency_stepL2.cpp:1868]   --->   Operation 541 'mul' 'product_q20' <Predicate = true> <Delay = 0.00> <CoreInst = "DSP48">   --->   Core 119 'DSP48' <Latency = 2> <II = 1> <Delay = 3.88> <IPBlock> <Opcode : '' 'add' 'sub' 'mul' 'select'> <InPorts = 0> <OutPorts = 1> <Sync> <CReg>
ST_4 : Operation 542 [1/1] (0.00ns)   --->   "%specfucore_ln1624 = specfucore void @_ssdm_op_SpecFUCore, i27 %product_q20, i64 12, i64 3, i64 2" [H:/subband_ref_q610_opt_stage4_latency_stepL2.cpp:1624->H:/subband_ref_q610_opt_stage4_latency_stepL2.cpp:1839->H:/subband_ref_q610_opt_stage4_latency_stepL2.cpp:1868]   --->   Operation 542 'specfucore' 'specfucore_ln1624' <Predicate = true> <Delay = 0.00>
ST_4 : Operation 543 [1/1] (0.00ns) (grouped into DSP with root node add_ln1839_73)   --->   "%sext_ln1623 = sext i27 %product_q20" [H:/subband_ref_q610_opt_stage4_latency_stepL2.cpp:1623->H:/subband_ref_q610_opt_stage4_latency_stepL2.cpp:1839->H:/subband_ref_q610_opt_stage4_latency_stepL2.cpp:1868]   --->   Operation 543 'sext' 'sext_ln1623' <Predicate = true> <Delay = 0.00>
ST_4 : Operation 544 [1/1] (0.00ns)   --->   "%rend669 = specregionend i32 @_ssdm_op_SpecRegionEnd, void @empty_77, i32 %rbegin72" [H:/subband_ref_q610_opt_stage4_latency_stepL2.cpp:1625->H:/subband_ref_q610_opt_stage4_latency_stepL2.cpp:1839->H:/subband_ref_q610_opt_stage4_latency_stepL2.cpp:1868]   --->   Operation 544 'specregionend' 'rend669' <Predicate = true> <Delay = 0.00>
ST_4 : Operation 545 [1/1] (3.02ns) (root node of the DSP)   --->   "%add_ln1839_73 = add i30 %sext_ln1623, i30 %p_load290" [H:/subband_ref_q610_opt_stage4_latency_stepL2.cpp:1839->H:/subband_ref_q610_opt_stage4_latency_stepL2.cpp:1868]   --->   Operation 545 'add' 'add_ln1839_73' <Predicate = true> <Delay = 3.02> <CoreInst = "DSP48">   --->   Core 119 'DSP48' <Latency = 2> <II = 1> <Delay = 3.88> <IPBlock> <Opcode : '' 'add' 'sub' 'mul' 'select'> <InPorts = 0> <OutPorts = 1> <Sync> <CReg>
ST_4 : Operation 546 [1/1] (0.00ns)   --->   "%rbegin73 = specregionbegin i32 @_ssdm_op_SpecRegionBegin, void @empty_76" [H:/subband_ref_q610_opt_stage4_latency_stepL2.cpp:1623->H:/subband_ref_q610_opt_stage4_latency_stepL2.cpp:1839->H:/subband_ref_q610_opt_stage4_latency_stepL2.cpp:1868]   --->   Operation 546 'specregionbegin' 'rbegin73' <Predicate = true> <Delay = 0.00>
ST_4 : Operation 547 [1/3] (0.00ns) (grouped into DSP with root node add_ln1839_74)   --->   "%product_q20_140 = mul i27 %sext_ln1625_102, i27 %zext_ln1625_63" [H:/subband_ref_q610_opt_stage4_latency_stepL2.cpp:1625->H:/subband_ref_q610_opt_stage4_latency_stepL2.cpp:1839->H:/subband_ref_q610_opt_stage4_latency_stepL2.cpp:1868]   --->   Operation 547 'mul' 'product_q20_140' <Predicate = true> <Delay = 0.00> <CoreInst = "DSP48">   --->   Core 119 'DSP48' <Latency = 2> <II = 1> <Delay = 3.88> <IPBlock> <Opcode : '' 'add' 'sub' 'mul' 'select'> <InPorts = 0> <OutPorts = 1> <Sync> <CReg>
ST_4 : Operation 548 [1/1] (0.00ns)   --->   "%specfucore_ln1624 = specfucore void @_ssdm_op_SpecFUCore, i27 %product_q20_140, i64 12, i64 3, i64 2" [H:/subband_ref_q610_opt_stage4_latency_stepL2.cpp:1624->H:/subband_ref_q610_opt_stage4_latency_stepL2.cpp:1839->H:/subband_ref_q610_opt_stage4_latency_stepL2.cpp:1868]   --->   Operation 548 'specfucore' 'specfucore_ln1624' <Predicate = true> <Delay = 0.00>
ST_4 : Operation 549 [1/1] (0.00ns) (grouped into DSP with root node add_ln1839_74)   --->   "%sext_ln1623_70 = sext i27 %product_q20_140" [H:/subband_ref_q610_opt_stage4_latency_stepL2.cpp:1623->H:/subband_ref_q610_opt_stage4_latency_stepL2.cpp:1839->H:/subband_ref_q610_opt_stage4_latency_stepL2.cpp:1868]   --->   Operation 549 'sext' 'sext_ln1623_70' <Predicate = true> <Delay = 0.00>
ST_4 : Operation 550 [1/1] (0.00ns)   --->   "%rend667 = specregionend i32 @_ssdm_op_SpecRegionEnd, void @empty_76, i32 %rbegin73" [H:/subband_ref_q610_opt_stage4_latency_stepL2.cpp:1625->H:/subband_ref_q610_opt_stage4_latency_stepL2.cpp:1839->H:/subband_ref_q610_opt_stage4_latency_stepL2.cpp:1868]   --->   Operation 550 'specregionend' 'rend667' <Predicate = true> <Delay = 0.00>
ST_4 : Operation 551 [1/1] (3.02ns) (root node of the DSP)   --->   "%add_ln1839_74 = add i30 %sext_ln1623_70, i30 %p_load288" [H:/subband_ref_q610_opt_stage4_latency_stepL2.cpp:1839->H:/subband_ref_q610_opt_stage4_latency_stepL2.cpp:1868]   --->   Operation 551 'add' 'add_ln1839_74' <Predicate = true> <Delay = 3.02> <CoreInst = "DSP48">   --->   Core 119 'DSP48' <Latency = 2> <II = 1> <Delay = 3.88> <IPBlock> <Opcode : '' 'add' 'sub' 'mul' 'select'> <InPorts = 0> <OutPorts = 1> <Sync> <CReg>
ST_4 : Operation 552 [1/1] (0.00ns)   --->   "%rbegin74 = specregionbegin i32 @_ssdm_op_SpecRegionBegin, void @empty_75" [H:/subband_ref_q610_opt_stage4_latency_stepL2.cpp:1623->H:/subband_ref_q610_opt_stage4_latency_stepL2.cpp:1839->H:/subband_ref_q610_opt_stage4_latency_stepL2.cpp:1868]   --->   Operation 552 'specregionbegin' 'rbegin74' <Predicate = true> <Delay = 0.00>
ST_4 : Operation 553 [1/3] (0.00ns) (grouped into DSP with root node add_ln1839_75)   --->   "%product_q20_141 = mul i27 %sext_ln1625_103, i27 %zext_ln1625_64" [H:/subband_ref_q610_opt_stage4_latency_stepL2.cpp:1625->H:/subband_ref_q610_opt_stage4_latency_stepL2.cpp:1839->H:/subband_ref_q610_opt_stage4_latency_stepL2.cpp:1868]   --->   Operation 553 'mul' 'product_q20_141' <Predicate = true> <Delay = 0.00> <CoreInst = "DSP48">   --->   Core 119 'DSP48' <Latency = 2> <II = 1> <Delay = 3.88> <IPBlock> <Opcode : '' 'add' 'sub' 'mul' 'select'> <InPorts = 0> <OutPorts = 1> <Sync> <CReg>
ST_4 : Operation 554 [1/1] (0.00ns)   --->   "%specfucore_ln1624 = specfucore void @_ssdm_op_SpecFUCore, i27 %product_q20_141, i64 12, i64 3, i64 2" [H:/subband_ref_q610_opt_stage4_latency_stepL2.cpp:1624->H:/subband_ref_q610_opt_stage4_latency_stepL2.cpp:1839->H:/subband_ref_q610_opt_stage4_latency_stepL2.cpp:1868]   --->   Operation 554 'specfucore' 'specfucore_ln1624' <Predicate = true> <Delay = 0.00>
ST_4 : Operation 555 [1/1] (0.00ns) (grouped into DSP with root node add_ln1839_75)   --->   "%sext_ln1623_71 = sext i27 %product_q20_141" [H:/subband_ref_q610_opt_stage4_latency_stepL2.cpp:1623->H:/subband_ref_q610_opt_stage4_latency_stepL2.cpp:1839->H:/subband_ref_q610_opt_stage4_latency_stepL2.cpp:1868]   --->   Operation 555 'sext' 'sext_ln1623_71' <Predicate = true> <Delay = 0.00>
ST_4 : Operation 556 [1/1] (0.00ns)   --->   "%rend665 = specregionend i32 @_ssdm_op_SpecRegionEnd, void @empty_75, i32 %rbegin74" [H:/subband_ref_q610_opt_stage4_latency_stepL2.cpp:1625->H:/subband_ref_q610_opt_stage4_latency_stepL2.cpp:1839->H:/subband_ref_q610_opt_stage4_latency_stepL2.cpp:1868]   --->   Operation 556 'specregionend' 'rend665' <Predicate = true> <Delay = 0.00>
ST_4 : Operation 557 [1/1] (3.02ns) (root node of the DSP)   --->   "%add_ln1839_75 = add i30 %sext_ln1623_71, i30 %p_load286" [H:/subband_ref_q610_opt_stage4_latency_stepL2.cpp:1839->H:/subband_ref_q610_opt_stage4_latency_stepL2.cpp:1868]   --->   Operation 557 'add' 'add_ln1839_75' <Predicate = true> <Delay = 3.02> <CoreInst = "DSP48">   --->   Core 119 'DSP48' <Latency = 2> <II = 1> <Delay = 3.88> <IPBlock> <Opcode : '' 'add' 'sub' 'mul' 'select'> <InPorts = 0> <OutPorts = 1> <Sync> <CReg>
ST_4 : Operation 558 [1/1] (0.00ns)   --->   "%rbegin75 = specregionbegin i32 @_ssdm_op_SpecRegionBegin, void @empty_74" [H:/subband_ref_q610_opt_stage4_latency_stepL2.cpp:1623->H:/subband_ref_q610_opt_stage4_latency_stepL2.cpp:1839->H:/subband_ref_q610_opt_stage4_latency_stepL2.cpp:1868]   --->   Operation 558 'specregionbegin' 'rbegin75' <Predicate = true> <Delay = 0.00>
ST_4 : Operation 559 [1/3] (0.00ns) (grouped into DSP with root node add_ln1839_76)   --->   "%product_q20_142 = mul i27 %sext_ln1625_104, i27 %zext_ln1625_65" [H:/subband_ref_q610_opt_stage4_latency_stepL2.cpp:1625->H:/subband_ref_q610_opt_stage4_latency_stepL2.cpp:1839->H:/subband_ref_q610_opt_stage4_latency_stepL2.cpp:1868]   --->   Operation 559 'mul' 'product_q20_142' <Predicate = true> <Delay = 0.00> <CoreInst = "DSP48">   --->   Core 119 'DSP48' <Latency = 2> <II = 1> <Delay = 3.88> <IPBlock> <Opcode : '' 'add' 'sub' 'mul' 'select'> <InPorts = 0> <OutPorts = 1> <Sync> <CReg>
ST_4 : Operation 560 [1/1] (0.00ns)   --->   "%specfucore_ln1624 = specfucore void @_ssdm_op_SpecFUCore, i27 %product_q20_142, i64 12, i64 3, i64 2" [H:/subband_ref_q610_opt_stage4_latency_stepL2.cpp:1624->H:/subband_ref_q610_opt_stage4_latency_stepL2.cpp:1839->H:/subband_ref_q610_opt_stage4_latency_stepL2.cpp:1868]   --->   Operation 560 'specfucore' 'specfucore_ln1624' <Predicate = true> <Delay = 0.00>
ST_4 : Operation 561 [1/1] (0.00ns) (grouped into DSP with root node add_ln1839_76)   --->   "%sext_ln1623_72 = sext i27 %product_q20_142" [H:/subband_ref_q610_opt_stage4_latency_stepL2.cpp:1623->H:/subband_ref_q610_opt_stage4_latency_stepL2.cpp:1839->H:/subband_ref_q610_opt_stage4_latency_stepL2.cpp:1868]   --->   Operation 561 'sext' 'sext_ln1623_72' <Predicate = true> <Delay = 0.00>
ST_4 : Operation 562 [1/1] (0.00ns)   --->   "%rend663 = specregionend i32 @_ssdm_op_SpecRegionEnd, void @empty_74, i32 %rbegin75" [H:/subband_ref_q610_opt_stage4_latency_stepL2.cpp:1625->H:/subband_ref_q610_opt_stage4_latency_stepL2.cpp:1839->H:/subband_ref_q610_opt_stage4_latency_stepL2.cpp:1868]   --->   Operation 562 'specregionend' 'rend663' <Predicate = true> <Delay = 0.00>
ST_4 : Operation 563 [1/1] (3.02ns) (root node of the DSP)   --->   "%add_ln1839_76 = add i30 %sext_ln1623_72, i30 %p_load284" [H:/subband_ref_q610_opt_stage4_latency_stepL2.cpp:1839->H:/subband_ref_q610_opt_stage4_latency_stepL2.cpp:1868]   --->   Operation 563 'add' 'add_ln1839_76' <Predicate = true> <Delay = 3.02> <CoreInst = "DSP48">   --->   Core 119 'DSP48' <Latency = 2> <II = 1> <Delay = 3.88> <IPBlock> <Opcode : '' 'add' 'sub' 'mul' 'select'> <InPorts = 0> <OutPorts = 1> <Sync> <CReg>
ST_4 : Operation 564 [1/1] (0.00ns)   --->   "%rbegin76 = specregionbegin i32 @_ssdm_op_SpecRegionBegin, void @empty_73" [H:/subband_ref_q610_opt_stage4_latency_stepL2.cpp:1623->H:/subband_ref_q610_opt_stage4_latency_stepL2.cpp:1839->H:/subband_ref_q610_opt_stage4_latency_stepL2.cpp:1868]   --->   Operation 564 'specregionbegin' 'rbegin76' <Predicate = true> <Delay = 0.00>
ST_4 : Operation 565 [1/3] (0.00ns) (grouped into DSP with root node add_ln1839_77)   --->   "%product_q20_143 = mul i27 %sext_ln1625_105, i27 %zext_ln1625_66" [H:/subband_ref_q610_opt_stage4_latency_stepL2.cpp:1625->H:/subband_ref_q610_opt_stage4_latency_stepL2.cpp:1839->H:/subband_ref_q610_opt_stage4_latency_stepL2.cpp:1868]   --->   Operation 565 'mul' 'product_q20_143' <Predicate = true> <Delay = 0.00> <CoreInst = "DSP48">   --->   Core 119 'DSP48' <Latency = 2> <II = 1> <Delay = 3.88> <IPBlock> <Opcode : '' 'add' 'sub' 'mul' 'select'> <InPorts = 0> <OutPorts = 1> <Sync> <CReg>
ST_4 : Operation 566 [1/1] (0.00ns)   --->   "%specfucore_ln1624 = specfucore void @_ssdm_op_SpecFUCore, i27 %product_q20_143, i64 12, i64 3, i64 2" [H:/subband_ref_q610_opt_stage4_latency_stepL2.cpp:1624->H:/subband_ref_q610_opt_stage4_latency_stepL2.cpp:1839->H:/subband_ref_q610_opt_stage4_latency_stepL2.cpp:1868]   --->   Operation 566 'specfucore' 'specfucore_ln1624' <Predicate = true> <Delay = 0.00>
ST_4 : Operation 567 [1/1] (0.00ns) (grouped into DSP with root node add_ln1839_77)   --->   "%sext_ln1623_73 = sext i27 %product_q20_143" [H:/subband_ref_q610_opt_stage4_latency_stepL2.cpp:1623->H:/subband_ref_q610_opt_stage4_latency_stepL2.cpp:1839->H:/subband_ref_q610_opt_stage4_latency_stepL2.cpp:1868]   --->   Operation 567 'sext' 'sext_ln1623_73' <Predicate = true> <Delay = 0.00>
ST_4 : Operation 568 [1/1] (0.00ns)   --->   "%rend661 = specregionend i32 @_ssdm_op_SpecRegionEnd, void @empty_73, i32 %rbegin76" [H:/subband_ref_q610_opt_stage4_latency_stepL2.cpp:1625->H:/subband_ref_q610_opt_stage4_latency_stepL2.cpp:1839->H:/subband_ref_q610_opt_stage4_latency_stepL2.cpp:1868]   --->   Operation 568 'specregionend' 'rend661' <Predicate = true> <Delay = 0.00>
ST_4 : Operation 569 [1/1] (3.02ns) (root node of the DSP)   --->   "%add_ln1839_77 = add i30 %sext_ln1623_73, i30 %p_load282" [H:/subband_ref_q610_opt_stage4_latency_stepL2.cpp:1839->H:/subband_ref_q610_opt_stage4_latency_stepL2.cpp:1868]   --->   Operation 569 'add' 'add_ln1839_77' <Predicate = true> <Delay = 3.02> <CoreInst = "DSP48">   --->   Core 119 'DSP48' <Latency = 2> <II = 1> <Delay = 3.88> <IPBlock> <Opcode : '' 'add' 'sub' 'mul' 'select'> <InPorts = 0> <OutPorts = 1> <Sync> <CReg>
ST_4 : Operation 570 [1/1] (0.00ns)   --->   "%rbegin77 = specregionbegin i32 @_ssdm_op_SpecRegionBegin, void @empty_72" [H:/subband_ref_q610_opt_stage4_latency_stepL2.cpp:1623->H:/subband_ref_q610_opt_stage4_latency_stepL2.cpp:1839->H:/subband_ref_q610_opt_stage4_latency_stepL2.cpp:1868]   --->   Operation 570 'specregionbegin' 'rbegin77' <Predicate = true> <Delay = 0.00>
ST_4 : Operation 571 [1/3] (0.00ns) (grouped into DSP with root node add_ln1839_78)   --->   "%product_q20_144 = mul i27 %sext_ln1625_106, i27 %zext_ln1625_67" [H:/subband_ref_q610_opt_stage4_latency_stepL2.cpp:1625->H:/subband_ref_q610_opt_stage4_latency_stepL2.cpp:1839->H:/subband_ref_q610_opt_stage4_latency_stepL2.cpp:1868]   --->   Operation 571 'mul' 'product_q20_144' <Predicate = true> <Delay = 0.00> <CoreInst = "DSP48">   --->   Core 119 'DSP48' <Latency = 2> <II = 1> <Delay = 3.88> <IPBlock> <Opcode : '' 'add' 'sub' 'mul' 'select'> <InPorts = 0> <OutPorts = 1> <Sync> <CReg>
ST_4 : Operation 572 [1/1] (0.00ns)   --->   "%specfucore_ln1624 = specfucore void @_ssdm_op_SpecFUCore, i27 %product_q20_144, i64 12, i64 3, i64 2" [H:/subband_ref_q610_opt_stage4_latency_stepL2.cpp:1624->H:/subband_ref_q610_opt_stage4_latency_stepL2.cpp:1839->H:/subband_ref_q610_opt_stage4_latency_stepL2.cpp:1868]   --->   Operation 572 'specfucore' 'specfucore_ln1624' <Predicate = true> <Delay = 0.00>
ST_4 : Operation 573 [1/1] (0.00ns) (grouped into DSP with root node add_ln1839_78)   --->   "%sext_ln1623_74 = sext i27 %product_q20_144" [H:/subband_ref_q610_opt_stage4_latency_stepL2.cpp:1623->H:/subband_ref_q610_opt_stage4_latency_stepL2.cpp:1839->H:/subband_ref_q610_opt_stage4_latency_stepL2.cpp:1868]   --->   Operation 573 'sext' 'sext_ln1623_74' <Predicate = true> <Delay = 0.00>
ST_4 : Operation 574 [1/1] (0.00ns)   --->   "%rend659 = specregionend i32 @_ssdm_op_SpecRegionEnd, void @empty_72, i32 %rbegin77" [H:/subband_ref_q610_opt_stage4_latency_stepL2.cpp:1625->H:/subband_ref_q610_opt_stage4_latency_stepL2.cpp:1839->H:/subband_ref_q610_opt_stage4_latency_stepL2.cpp:1868]   --->   Operation 574 'specregionend' 'rend659' <Predicate = true> <Delay = 0.00>
ST_4 : Operation 575 [1/1] (3.02ns) (root node of the DSP)   --->   "%add_ln1839_78 = add i30 %sext_ln1623_74, i30 %p_load280" [H:/subband_ref_q610_opt_stage4_latency_stepL2.cpp:1839->H:/subband_ref_q610_opt_stage4_latency_stepL2.cpp:1868]   --->   Operation 575 'add' 'add_ln1839_78' <Predicate = true> <Delay = 3.02> <CoreInst = "DSP48">   --->   Core 119 'DSP48' <Latency = 2> <II = 1> <Delay = 3.88> <IPBlock> <Opcode : '' 'add' 'sub' 'mul' 'select'> <InPorts = 0> <OutPorts = 1> <Sync> <CReg>
ST_4 : Operation 576 [1/1] (0.00ns)   --->   "%rbegin78 = specregionbegin i32 @_ssdm_op_SpecRegionBegin, void @empty_71" [H:/subband_ref_q610_opt_stage4_latency_stepL2.cpp:1623->H:/subband_ref_q610_opt_stage4_latency_stepL2.cpp:1839->H:/subband_ref_q610_opt_stage4_latency_stepL2.cpp:1868]   --->   Operation 576 'specregionbegin' 'rbegin78' <Predicate = true> <Delay = 0.00>
ST_4 : Operation 577 [1/3] (0.00ns) (grouped into DSP with root node add_ln1839_79)   --->   "%product_q20_145 = mul i27 %sext_ln1625_107, i27 %zext_ln1625_68" [H:/subband_ref_q610_opt_stage4_latency_stepL2.cpp:1625->H:/subband_ref_q610_opt_stage4_latency_stepL2.cpp:1839->H:/subband_ref_q610_opt_stage4_latency_stepL2.cpp:1868]   --->   Operation 577 'mul' 'product_q20_145' <Predicate = true> <Delay = 0.00> <CoreInst = "DSP48">   --->   Core 119 'DSP48' <Latency = 2> <II = 1> <Delay = 3.88> <IPBlock> <Opcode : '' 'add' 'sub' 'mul' 'select'> <InPorts = 0> <OutPorts = 1> <Sync> <CReg>
ST_4 : Operation 578 [1/1] (0.00ns)   --->   "%specfucore_ln1624 = specfucore void @_ssdm_op_SpecFUCore, i27 %product_q20_145, i64 12, i64 3, i64 2" [H:/subband_ref_q610_opt_stage4_latency_stepL2.cpp:1624->H:/subband_ref_q610_opt_stage4_latency_stepL2.cpp:1839->H:/subband_ref_q610_opt_stage4_latency_stepL2.cpp:1868]   --->   Operation 578 'specfucore' 'specfucore_ln1624' <Predicate = true> <Delay = 0.00>
ST_4 : Operation 579 [1/1] (0.00ns) (grouped into DSP with root node add_ln1839_79)   --->   "%sext_ln1623_75 = sext i27 %product_q20_145" [H:/subband_ref_q610_opt_stage4_latency_stepL2.cpp:1623->H:/subband_ref_q610_opt_stage4_latency_stepL2.cpp:1839->H:/subband_ref_q610_opt_stage4_latency_stepL2.cpp:1868]   --->   Operation 579 'sext' 'sext_ln1623_75' <Predicate = true> <Delay = 0.00>
ST_4 : Operation 580 [1/1] (0.00ns)   --->   "%rend657 = specregionend i32 @_ssdm_op_SpecRegionEnd, void @empty_71, i32 %rbegin78" [H:/subband_ref_q610_opt_stage4_latency_stepL2.cpp:1625->H:/subband_ref_q610_opt_stage4_latency_stepL2.cpp:1839->H:/subband_ref_q610_opt_stage4_latency_stepL2.cpp:1868]   --->   Operation 580 'specregionend' 'rend657' <Predicate = true> <Delay = 0.00>
ST_4 : Operation 581 [1/1] (3.02ns) (root node of the DSP)   --->   "%add_ln1839_79 = add i30 %sext_ln1623_75, i30 %p_load278" [H:/subband_ref_q610_opt_stage4_latency_stepL2.cpp:1839->H:/subband_ref_q610_opt_stage4_latency_stepL2.cpp:1868]   --->   Operation 581 'add' 'add_ln1839_79' <Predicate = true> <Delay = 3.02> <CoreInst = "DSP48">   --->   Core 119 'DSP48' <Latency = 2> <II = 1> <Delay = 3.88> <IPBlock> <Opcode : '' 'add' 'sub' 'mul' 'select'> <InPorts = 0> <OutPorts = 1> <Sync> <CReg>
ST_4 : Operation 582 [1/1] (0.00ns)   --->   "%rbegin79 = specregionbegin i32 @_ssdm_op_SpecRegionBegin, void @empty_70" [H:/subband_ref_q610_opt_stage4_latency_stepL2.cpp:1623->H:/subband_ref_q610_opt_stage4_latency_stepL2.cpp:1839->H:/subband_ref_q610_opt_stage4_latency_stepL2.cpp:1868]   --->   Operation 582 'specregionbegin' 'rbegin79' <Predicate = true> <Delay = 0.00>
ST_4 : Operation 583 [1/3] (0.00ns) (grouped into DSP with root node add_ln1839_80)   --->   "%product_q20_146 = mul i27 %sext_ln1625_108, i27 %zext_ln1625_69" [H:/subband_ref_q610_opt_stage4_latency_stepL2.cpp:1625->H:/subband_ref_q610_opt_stage4_latency_stepL2.cpp:1839->H:/subband_ref_q610_opt_stage4_latency_stepL2.cpp:1868]   --->   Operation 583 'mul' 'product_q20_146' <Predicate = true> <Delay = 0.00> <CoreInst = "DSP48">   --->   Core 119 'DSP48' <Latency = 2> <II = 1> <Delay = 3.88> <IPBlock> <Opcode : '' 'add' 'sub' 'mul' 'select'> <InPorts = 0> <OutPorts = 1> <Sync> <CReg>
ST_4 : Operation 584 [1/1] (0.00ns)   --->   "%specfucore_ln1624 = specfucore void @_ssdm_op_SpecFUCore, i27 %product_q20_146, i64 12, i64 3, i64 2" [H:/subband_ref_q610_opt_stage4_latency_stepL2.cpp:1624->H:/subband_ref_q610_opt_stage4_latency_stepL2.cpp:1839->H:/subband_ref_q610_opt_stage4_latency_stepL2.cpp:1868]   --->   Operation 584 'specfucore' 'specfucore_ln1624' <Predicate = true> <Delay = 0.00>
ST_4 : Operation 585 [1/1] (0.00ns) (grouped into DSP with root node add_ln1839_80)   --->   "%sext_ln1623_76 = sext i27 %product_q20_146" [H:/subband_ref_q610_opt_stage4_latency_stepL2.cpp:1623->H:/subband_ref_q610_opt_stage4_latency_stepL2.cpp:1839->H:/subband_ref_q610_opt_stage4_latency_stepL2.cpp:1868]   --->   Operation 585 'sext' 'sext_ln1623_76' <Predicate = true> <Delay = 0.00>
ST_4 : Operation 586 [1/1] (0.00ns)   --->   "%rend655 = specregionend i32 @_ssdm_op_SpecRegionEnd, void @empty_70, i32 %rbegin79" [H:/subband_ref_q610_opt_stage4_latency_stepL2.cpp:1625->H:/subband_ref_q610_opt_stage4_latency_stepL2.cpp:1839->H:/subband_ref_q610_opt_stage4_latency_stepL2.cpp:1868]   --->   Operation 586 'specregionend' 'rend655' <Predicate = true> <Delay = 0.00>
ST_4 : Operation 587 [1/1] (3.02ns) (root node of the DSP)   --->   "%add_ln1839_80 = add i30 %sext_ln1623_76, i30 %p_load276" [H:/subband_ref_q610_opt_stage4_latency_stepL2.cpp:1839->H:/subband_ref_q610_opt_stage4_latency_stepL2.cpp:1868]   --->   Operation 587 'add' 'add_ln1839_80' <Predicate = true> <Delay = 3.02> <CoreInst = "DSP48">   --->   Core 119 'DSP48' <Latency = 2> <II = 1> <Delay = 3.88> <IPBlock> <Opcode : '' 'add' 'sub' 'mul' 'select'> <InPorts = 0> <OutPorts = 1> <Sync> <CReg>
ST_4 : Operation 588 [1/1] (0.00ns)   --->   "%rbegin80 = specregionbegin i32 @_ssdm_op_SpecRegionBegin, void @empty_69" [H:/subband_ref_q610_opt_stage4_latency_stepL2.cpp:1623->H:/subband_ref_q610_opt_stage4_latency_stepL2.cpp:1839->H:/subband_ref_q610_opt_stage4_latency_stepL2.cpp:1868]   --->   Operation 588 'specregionbegin' 'rbegin80' <Predicate = true> <Delay = 0.00>
ST_4 : Operation 589 [1/3] (0.00ns) (grouped into DSP with root node add_ln1839_81)   --->   "%product_q20_147 = mul i27 %sext_ln1625_109, i27 %zext_ln1625_70" [H:/subband_ref_q610_opt_stage4_latency_stepL2.cpp:1625->H:/subband_ref_q610_opt_stage4_latency_stepL2.cpp:1839->H:/subband_ref_q610_opt_stage4_latency_stepL2.cpp:1868]   --->   Operation 589 'mul' 'product_q20_147' <Predicate = true> <Delay = 0.00> <CoreInst = "DSP48">   --->   Core 119 'DSP48' <Latency = 2> <II = 1> <Delay = 3.88> <IPBlock> <Opcode : '' 'add' 'sub' 'mul' 'select'> <InPorts = 0> <OutPorts = 1> <Sync> <CReg>
ST_4 : Operation 590 [1/1] (0.00ns)   --->   "%specfucore_ln1624 = specfucore void @_ssdm_op_SpecFUCore, i27 %product_q20_147, i64 12, i64 3, i64 2" [H:/subband_ref_q610_opt_stage4_latency_stepL2.cpp:1624->H:/subband_ref_q610_opt_stage4_latency_stepL2.cpp:1839->H:/subband_ref_q610_opt_stage4_latency_stepL2.cpp:1868]   --->   Operation 590 'specfucore' 'specfucore_ln1624' <Predicate = true> <Delay = 0.00>
ST_4 : Operation 591 [1/1] (0.00ns) (grouped into DSP with root node add_ln1839_81)   --->   "%sext_ln1623_77 = sext i27 %product_q20_147" [H:/subband_ref_q610_opt_stage4_latency_stepL2.cpp:1623->H:/subband_ref_q610_opt_stage4_latency_stepL2.cpp:1839->H:/subband_ref_q610_opt_stage4_latency_stepL2.cpp:1868]   --->   Operation 591 'sext' 'sext_ln1623_77' <Predicate = true> <Delay = 0.00>
ST_4 : Operation 592 [1/1] (0.00ns)   --->   "%rend653 = specregionend i32 @_ssdm_op_SpecRegionEnd, void @empty_69, i32 %rbegin80" [H:/subband_ref_q610_opt_stage4_latency_stepL2.cpp:1625->H:/subband_ref_q610_opt_stage4_latency_stepL2.cpp:1839->H:/subband_ref_q610_opt_stage4_latency_stepL2.cpp:1868]   --->   Operation 592 'specregionend' 'rend653' <Predicate = true> <Delay = 0.00>
ST_4 : Operation 593 [1/1] (3.02ns) (root node of the DSP)   --->   "%add_ln1839_81 = add i30 %sext_ln1623_77, i30 %p_load274" [H:/subband_ref_q610_opt_stage4_latency_stepL2.cpp:1839->H:/subband_ref_q610_opt_stage4_latency_stepL2.cpp:1868]   --->   Operation 593 'add' 'add_ln1839_81' <Predicate = true> <Delay = 3.02> <CoreInst = "DSP48">   --->   Core 119 'DSP48' <Latency = 2> <II = 1> <Delay = 3.88> <IPBlock> <Opcode : '' 'add' 'sub' 'mul' 'select'> <InPorts = 0> <OutPorts = 1> <Sync> <CReg>
ST_4 : Operation 594 [1/1] (0.00ns)   --->   "%rbegin81 = specregionbegin i32 @_ssdm_op_SpecRegionBegin, void @empty_68" [H:/subband_ref_q610_opt_stage4_latency_stepL2.cpp:1623->H:/subband_ref_q610_opt_stage4_latency_stepL2.cpp:1839->H:/subband_ref_q610_opt_stage4_latency_stepL2.cpp:1868]   --->   Operation 594 'specregionbegin' 'rbegin81' <Predicate = true> <Delay = 0.00>
ST_4 : Operation 595 [1/3] (0.00ns) (grouped into DSP with root node add_ln1839_82)   --->   "%product_q20_148 = mul i27 %sext_ln1625_110, i27 %zext_ln1625_71" [H:/subband_ref_q610_opt_stage4_latency_stepL2.cpp:1625->H:/subband_ref_q610_opt_stage4_latency_stepL2.cpp:1839->H:/subband_ref_q610_opt_stage4_latency_stepL2.cpp:1868]   --->   Operation 595 'mul' 'product_q20_148' <Predicate = true> <Delay = 0.00> <CoreInst = "DSP48">   --->   Core 119 'DSP48' <Latency = 2> <II = 1> <Delay = 3.88> <IPBlock> <Opcode : '' 'add' 'sub' 'mul' 'select'> <InPorts = 0> <OutPorts = 1> <Sync> <CReg>
ST_4 : Operation 596 [1/1] (0.00ns)   --->   "%specfucore_ln1624 = specfucore void @_ssdm_op_SpecFUCore, i27 %product_q20_148, i64 12, i64 3, i64 2" [H:/subband_ref_q610_opt_stage4_latency_stepL2.cpp:1624->H:/subband_ref_q610_opt_stage4_latency_stepL2.cpp:1839->H:/subband_ref_q610_opt_stage4_latency_stepL2.cpp:1868]   --->   Operation 596 'specfucore' 'specfucore_ln1624' <Predicate = true> <Delay = 0.00>
ST_4 : Operation 597 [1/1] (0.00ns) (grouped into DSP with root node add_ln1839_82)   --->   "%sext_ln1623_78 = sext i27 %product_q20_148" [H:/subband_ref_q610_opt_stage4_latency_stepL2.cpp:1623->H:/subband_ref_q610_opt_stage4_latency_stepL2.cpp:1839->H:/subband_ref_q610_opt_stage4_latency_stepL2.cpp:1868]   --->   Operation 597 'sext' 'sext_ln1623_78' <Predicate = true> <Delay = 0.00>
ST_4 : Operation 598 [1/1] (0.00ns)   --->   "%rend651 = specregionend i32 @_ssdm_op_SpecRegionEnd, void @empty_68, i32 %rbegin81" [H:/subband_ref_q610_opt_stage4_latency_stepL2.cpp:1625->H:/subband_ref_q610_opt_stage4_latency_stepL2.cpp:1839->H:/subband_ref_q610_opt_stage4_latency_stepL2.cpp:1868]   --->   Operation 598 'specregionend' 'rend651' <Predicate = true> <Delay = 0.00>
ST_4 : Operation 599 [1/1] (3.02ns) (root node of the DSP)   --->   "%add_ln1839_82 = add i30 %sext_ln1623_78, i30 %p_load272" [H:/subband_ref_q610_opt_stage4_latency_stepL2.cpp:1839->H:/subband_ref_q610_opt_stage4_latency_stepL2.cpp:1868]   --->   Operation 599 'add' 'add_ln1839_82' <Predicate = true> <Delay = 3.02> <CoreInst = "DSP48">   --->   Core 119 'DSP48' <Latency = 2> <II = 1> <Delay = 3.88> <IPBlock> <Opcode : '' 'add' 'sub' 'mul' 'select'> <InPorts = 0> <OutPorts = 1> <Sync> <CReg>
ST_4 : Operation 600 [1/1] (0.00ns)   --->   "%rbegin82 = specregionbegin i32 @_ssdm_op_SpecRegionBegin, void @empty_67" [H:/subband_ref_q610_opt_stage4_latency_stepL2.cpp:1623->H:/subband_ref_q610_opt_stage4_latency_stepL2.cpp:1839->H:/subband_ref_q610_opt_stage4_latency_stepL2.cpp:1868]   --->   Operation 600 'specregionbegin' 'rbegin82' <Predicate = true> <Delay = 0.00>
ST_4 : Operation 601 [1/3] (0.00ns) (grouped into DSP with root node add_ln1839_83)   --->   "%product_q20_149 = mul i27 %sext_ln1625_111, i27 %zext_ln1625_72" [H:/subband_ref_q610_opt_stage4_latency_stepL2.cpp:1625->H:/subband_ref_q610_opt_stage4_latency_stepL2.cpp:1839->H:/subband_ref_q610_opt_stage4_latency_stepL2.cpp:1868]   --->   Operation 601 'mul' 'product_q20_149' <Predicate = true> <Delay = 0.00> <CoreInst = "DSP48">   --->   Core 119 'DSP48' <Latency = 2> <II = 1> <Delay = 3.88> <IPBlock> <Opcode : '' 'add' 'sub' 'mul' 'select'> <InPorts = 0> <OutPorts = 1> <Sync> <CReg>
ST_4 : Operation 602 [1/1] (0.00ns)   --->   "%specfucore_ln1624 = specfucore void @_ssdm_op_SpecFUCore, i27 %product_q20_149, i64 12, i64 3, i64 2" [H:/subband_ref_q610_opt_stage4_latency_stepL2.cpp:1624->H:/subband_ref_q610_opt_stage4_latency_stepL2.cpp:1839->H:/subband_ref_q610_opt_stage4_latency_stepL2.cpp:1868]   --->   Operation 602 'specfucore' 'specfucore_ln1624' <Predicate = true> <Delay = 0.00>
ST_4 : Operation 603 [1/1] (0.00ns) (grouped into DSP with root node add_ln1839_83)   --->   "%sext_ln1623_79 = sext i27 %product_q20_149" [H:/subband_ref_q610_opt_stage4_latency_stepL2.cpp:1623->H:/subband_ref_q610_opt_stage4_latency_stepL2.cpp:1839->H:/subband_ref_q610_opt_stage4_latency_stepL2.cpp:1868]   --->   Operation 603 'sext' 'sext_ln1623_79' <Predicate = true> <Delay = 0.00>
ST_4 : Operation 604 [1/1] (0.00ns)   --->   "%rend649 = specregionend i32 @_ssdm_op_SpecRegionEnd, void @empty_67, i32 %rbegin82" [H:/subband_ref_q610_opt_stage4_latency_stepL2.cpp:1625->H:/subband_ref_q610_opt_stage4_latency_stepL2.cpp:1839->H:/subband_ref_q610_opt_stage4_latency_stepL2.cpp:1868]   --->   Operation 604 'specregionend' 'rend649' <Predicate = true> <Delay = 0.00>
ST_4 : Operation 605 [1/1] (3.02ns) (root node of the DSP)   --->   "%add_ln1839_83 = add i30 %sext_ln1623_79, i30 %p_load270" [H:/subband_ref_q610_opt_stage4_latency_stepL2.cpp:1839->H:/subband_ref_q610_opt_stage4_latency_stepL2.cpp:1868]   --->   Operation 605 'add' 'add_ln1839_83' <Predicate = true> <Delay = 3.02> <CoreInst = "DSP48">   --->   Core 119 'DSP48' <Latency = 2> <II = 1> <Delay = 3.88> <IPBlock> <Opcode : '' 'add' 'sub' 'mul' 'select'> <InPorts = 0> <OutPorts = 1> <Sync> <CReg>
ST_4 : Operation 606 [1/1] (0.00ns)   --->   "%rbegin83 = specregionbegin i32 @_ssdm_op_SpecRegionBegin, void @empty_66" [H:/subband_ref_q610_opt_stage4_latency_stepL2.cpp:1623->H:/subband_ref_q610_opt_stage4_latency_stepL2.cpp:1839->H:/subband_ref_q610_opt_stage4_latency_stepL2.cpp:1868]   --->   Operation 606 'specregionbegin' 'rbegin83' <Predicate = true> <Delay = 0.00>
ST_4 : Operation 607 [1/3] (0.00ns) (grouped into DSP with root node add_ln1839_84)   --->   "%product_q20_150 = mul i27 %sext_ln1625_112, i27 %zext_ln1625_73" [H:/subband_ref_q610_opt_stage4_latency_stepL2.cpp:1625->H:/subband_ref_q610_opt_stage4_latency_stepL2.cpp:1839->H:/subband_ref_q610_opt_stage4_latency_stepL2.cpp:1868]   --->   Operation 607 'mul' 'product_q20_150' <Predicate = true> <Delay = 0.00> <CoreInst = "DSP48">   --->   Core 119 'DSP48' <Latency = 2> <II = 1> <Delay = 3.88> <IPBlock> <Opcode : '' 'add' 'sub' 'mul' 'select'> <InPorts = 0> <OutPorts = 1> <Sync> <CReg>
ST_4 : Operation 608 [1/1] (0.00ns)   --->   "%specfucore_ln1624 = specfucore void @_ssdm_op_SpecFUCore, i27 %product_q20_150, i64 12, i64 3, i64 2" [H:/subband_ref_q610_opt_stage4_latency_stepL2.cpp:1624->H:/subband_ref_q610_opt_stage4_latency_stepL2.cpp:1839->H:/subband_ref_q610_opt_stage4_latency_stepL2.cpp:1868]   --->   Operation 608 'specfucore' 'specfucore_ln1624' <Predicate = true> <Delay = 0.00>
ST_4 : Operation 609 [1/1] (0.00ns) (grouped into DSP with root node add_ln1839_84)   --->   "%sext_ln1623_80 = sext i27 %product_q20_150" [H:/subband_ref_q610_opt_stage4_latency_stepL2.cpp:1623->H:/subband_ref_q610_opt_stage4_latency_stepL2.cpp:1839->H:/subband_ref_q610_opt_stage4_latency_stepL2.cpp:1868]   --->   Operation 609 'sext' 'sext_ln1623_80' <Predicate = true> <Delay = 0.00>
ST_4 : Operation 610 [1/1] (0.00ns)   --->   "%rend647 = specregionend i32 @_ssdm_op_SpecRegionEnd, void @empty_66, i32 %rbegin83" [H:/subband_ref_q610_opt_stage4_latency_stepL2.cpp:1625->H:/subband_ref_q610_opt_stage4_latency_stepL2.cpp:1839->H:/subband_ref_q610_opt_stage4_latency_stepL2.cpp:1868]   --->   Operation 610 'specregionend' 'rend647' <Predicate = true> <Delay = 0.00>
ST_4 : Operation 611 [1/1] (3.02ns) (root node of the DSP)   --->   "%add_ln1839_84 = add i30 %sext_ln1623_80, i30 %p_load268" [H:/subband_ref_q610_opt_stage4_latency_stepL2.cpp:1839->H:/subband_ref_q610_opt_stage4_latency_stepL2.cpp:1868]   --->   Operation 611 'add' 'add_ln1839_84' <Predicate = true> <Delay = 3.02> <CoreInst = "DSP48">   --->   Core 119 'DSP48' <Latency = 2> <II = 1> <Delay = 3.88> <IPBlock> <Opcode : '' 'add' 'sub' 'mul' 'select'> <InPorts = 0> <OutPorts = 1> <Sync> <CReg>
ST_4 : Operation 612 [1/1] (0.00ns)   --->   "%rbegin84 = specregionbegin i32 @_ssdm_op_SpecRegionBegin, void @empty_65" [H:/subband_ref_q610_opt_stage4_latency_stepL2.cpp:1623->H:/subband_ref_q610_opt_stage4_latency_stepL2.cpp:1839->H:/subband_ref_q610_opt_stage4_latency_stepL2.cpp:1868]   --->   Operation 612 'specregionbegin' 'rbegin84' <Predicate = true> <Delay = 0.00>
ST_4 : Operation 613 [1/3] (0.00ns) (grouped into DSP with root node add_ln1839_85)   --->   "%product_q20_151 = mul i27 %sext_ln1625_113, i27 %zext_ln1625_74" [H:/subband_ref_q610_opt_stage4_latency_stepL2.cpp:1625->H:/subband_ref_q610_opt_stage4_latency_stepL2.cpp:1839->H:/subband_ref_q610_opt_stage4_latency_stepL2.cpp:1868]   --->   Operation 613 'mul' 'product_q20_151' <Predicate = true> <Delay = 0.00> <CoreInst = "DSP48">   --->   Core 119 'DSP48' <Latency = 2> <II = 1> <Delay = 3.88> <IPBlock> <Opcode : '' 'add' 'sub' 'mul' 'select'> <InPorts = 0> <OutPorts = 1> <Sync> <CReg>
ST_4 : Operation 614 [1/1] (0.00ns)   --->   "%specfucore_ln1624 = specfucore void @_ssdm_op_SpecFUCore, i27 %product_q20_151, i64 12, i64 3, i64 2" [H:/subband_ref_q610_opt_stage4_latency_stepL2.cpp:1624->H:/subband_ref_q610_opt_stage4_latency_stepL2.cpp:1839->H:/subband_ref_q610_opt_stage4_latency_stepL2.cpp:1868]   --->   Operation 614 'specfucore' 'specfucore_ln1624' <Predicate = true> <Delay = 0.00>
ST_4 : Operation 615 [1/1] (0.00ns) (grouped into DSP with root node add_ln1839_85)   --->   "%sext_ln1623_81 = sext i27 %product_q20_151" [H:/subband_ref_q610_opt_stage4_latency_stepL2.cpp:1623->H:/subband_ref_q610_opt_stage4_latency_stepL2.cpp:1839->H:/subband_ref_q610_opt_stage4_latency_stepL2.cpp:1868]   --->   Operation 615 'sext' 'sext_ln1623_81' <Predicate = true> <Delay = 0.00>
ST_4 : Operation 616 [1/1] (0.00ns)   --->   "%rend645 = specregionend i32 @_ssdm_op_SpecRegionEnd, void @empty_65, i32 %rbegin84" [H:/subband_ref_q610_opt_stage4_latency_stepL2.cpp:1625->H:/subband_ref_q610_opt_stage4_latency_stepL2.cpp:1839->H:/subband_ref_q610_opt_stage4_latency_stepL2.cpp:1868]   --->   Operation 616 'specregionend' 'rend645' <Predicate = true> <Delay = 0.00>
ST_4 : Operation 617 [1/1] (3.02ns) (root node of the DSP)   --->   "%add_ln1839_85 = add i30 %sext_ln1623_81, i30 %p_load266" [H:/subband_ref_q610_opt_stage4_latency_stepL2.cpp:1839->H:/subband_ref_q610_opt_stage4_latency_stepL2.cpp:1868]   --->   Operation 617 'add' 'add_ln1839_85' <Predicate = true> <Delay = 3.02> <CoreInst = "DSP48">   --->   Core 119 'DSP48' <Latency = 2> <II = 1> <Delay = 3.88> <IPBlock> <Opcode : '' 'add' 'sub' 'mul' 'select'> <InPorts = 0> <OutPorts = 1> <Sync> <CReg>
ST_4 : Operation 618 [1/1] (0.00ns)   --->   "%rbegin85 = specregionbegin i32 @_ssdm_op_SpecRegionBegin, void @empty_64" [H:/subband_ref_q610_opt_stage4_latency_stepL2.cpp:1623->H:/subband_ref_q610_opt_stage4_latency_stepL2.cpp:1839->H:/subband_ref_q610_opt_stage4_latency_stepL2.cpp:1868]   --->   Operation 618 'specregionbegin' 'rbegin85' <Predicate = true> <Delay = 0.00>
ST_4 : Operation 619 [1/3] (0.00ns) (grouped into DSP with root node add_ln1839_86)   --->   "%product_q20_152 = mul i27 %sext_ln1625_114, i27 %zext_ln1625_75" [H:/subband_ref_q610_opt_stage4_latency_stepL2.cpp:1625->H:/subband_ref_q610_opt_stage4_latency_stepL2.cpp:1839->H:/subband_ref_q610_opt_stage4_latency_stepL2.cpp:1868]   --->   Operation 619 'mul' 'product_q20_152' <Predicate = true> <Delay = 0.00> <CoreInst = "DSP48">   --->   Core 119 'DSP48' <Latency = 2> <II = 1> <Delay = 3.88> <IPBlock> <Opcode : '' 'add' 'sub' 'mul' 'select'> <InPorts = 0> <OutPorts = 1> <Sync> <CReg>
ST_4 : Operation 620 [1/1] (0.00ns)   --->   "%specfucore_ln1624 = specfucore void @_ssdm_op_SpecFUCore, i27 %product_q20_152, i64 12, i64 3, i64 2" [H:/subband_ref_q610_opt_stage4_latency_stepL2.cpp:1624->H:/subband_ref_q610_opt_stage4_latency_stepL2.cpp:1839->H:/subband_ref_q610_opt_stage4_latency_stepL2.cpp:1868]   --->   Operation 620 'specfucore' 'specfucore_ln1624' <Predicate = true> <Delay = 0.00>
ST_4 : Operation 621 [1/1] (0.00ns) (grouped into DSP with root node add_ln1839_86)   --->   "%sext_ln1623_82 = sext i27 %product_q20_152" [H:/subband_ref_q610_opt_stage4_latency_stepL2.cpp:1623->H:/subband_ref_q610_opt_stage4_latency_stepL2.cpp:1839->H:/subband_ref_q610_opt_stage4_latency_stepL2.cpp:1868]   --->   Operation 621 'sext' 'sext_ln1623_82' <Predicate = true> <Delay = 0.00>
ST_4 : Operation 622 [1/1] (0.00ns)   --->   "%rend643 = specregionend i32 @_ssdm_op_SpecRegionEnd, void @empty_64, i32 %rbegin85" [H:/subband_ref_q610_opt_stage4_latency_stepL2.cpp:1625->H:/subband_ref_q610_opt_stage4_latency_stepL2.cpp:1839->H:/subband_ref_q610_opt_stage4_latency_stepL2.cpp:1868]   --->   Operation 622 'specregionend' 'rend643' <Predicate = true> <Delay = 0.00>
ST_4 : Operation 623 [1/1] (3.02ns) (root node of the DSP)   --->   "%add_ln1839_86 = add i30 %sext_ln1623_82, i30 %p_load264" [H:/subband_ref_q610_opt_stage4_latency_stepL2.cpp:1839->H:/subband_ref_q610_opt_stage4_latency_stepL2.cpp:1868]   --->   Operation 623 'add' 'add_ln1839_86' <Predicate = true> <Delay = 3.02> <CoreInst = "DSP48">   --->   Core 119 'DSP48' <Latency = 2> <II = 1> <Delay = 3.88> <IPBlock> <Opcode : '' 'add' 'sub' 'mul' 'select'> <InPorts = 0> <OutPorts = 1> <Sync> <CReg>
ST_4 : Operation 624 [1/1] (0.00ns)   --->   "%rbegin86 = specregionbegin i32 @_ssdm_op_SpecRegionBegin, void @empty_63" [H:/subband_ref_q610_opt_stage4_latency_stepL2.cpp:1623->H:/subband_ref_q610_opt_stage4_latency_stepL2.cpp:1839->H:/subband_ref_q610_opt_stage4_latency_stepL2.cpp:1868]   --->   Operation 624 'specregionbegin' 'rbegin86' <Predicate = true> <Delay = 0.00>
ST_4 : Operation 625 [1/3] (0.00ns) (grouped into DSP with root node add_ln1839_87)   --->   "%product_q20_153 = mul i27 %sext_ln1625_115, i27 %zext_ln1625_76" [H:/subband_ref_q610_opt_stage4_latency_stepL2.cpp:1625->H:/subband_ref_q610_opt_stage4_latency_stepL2.cpp:1839->H:/subband_ref_q610_opt_stage4_latency_stepL2.cpp:1868]   --->   Operation 625 'mul' 'product_q20_153' <Predicate = true> <Delay = 0.00> <CoreInst = "DSP48">   --->   Core 119 'DSP48' <Latency = 2> <II = 1> <Delay = 3.88> <IPBlock> <Opcode : '' 'add' 'sub' 'mul' 'select'> <InPorts = 0> <OutPorts = 1> <Sync> <CReg>
ST_4 : Operation 626 [1/1] (0.00ns)   --->   "%specfucore_ln1624 = specfucore void @_ssdm_op_SpecFUCore, i27 %product_q20_153, i64 12, i64 3, i64 2" [H:/subband_ref_q610_opt_stage4_latency_stepL2.cpp:1624->H:/subband_ref_q610_opt_stage4_latency_stepL2.cpp:1839->H:/subband_ref_q610_opt_stage4_latency_stepL2.cpp:1868]   --->   Operation 626 'specfucore' 'specfucore_ln1624' <Predicate = true> <Delay = 0.00>
ST_4 : Operation 627 [1/1] (0.00ns) (grouped into DSP with root node add_ln1839_87)   --->   "%sext_ln1623_83 = sext i27 %product_q20_153" [H:/subband_ref_q610_opt_stage4_latency_stepL2.cpp:1623->H:/subband_ref_q610_opt_stage4_latency_stepL2.cpp:1839->H:/subband_ref_q610_opt_stage4_latency_stepL2.cpp:1868]   --->   Operation 627 'sext' 'sext_ln1623_83' <Predicate = true> <Delay = 0.00>
ST_4 : Operation 628 [1/1] (0.00ns)   --->   "%rend641 = specregionend i32 @_ssdm_op_SpecRegionEnd, void @empty_63, i32 %rbegin86" [H:/subband_ref_q610_opt_stage4_latency_stepL2.cpp:1625->H:/subband_ref_q610_opt_stage4_latency_stepL2.cpp:1839->H:/subband_ref_q610_opt_stage4_latency_stepL2.cpp:1868]   --->   Operation 628 'specregionend' 'rend641' <Predicate = true> <Delay = 0.00>
ST_4 : Operation 629 [1/1] (3.02ns) (root node of the DSP)   --->   "%add_ln1839_87 = add i30 %sext_ln1623_83, i30 %p_load262" [H:/subband_ref_q610_opt_stage4_latency_stepL2.cpp:1839->H:/subband_ref_q610_opt_stage4_latency_stepL2.cpp:1868]   --->   Operation 629 'add' 'add_ln1839_87' <Predicate = true> <Delay = 3.02> <CoreInst = "DSP48">   --->   Core 119 'DSP48' <Latency = 2> <II = 1> <Delay = 3.88> <IPBlock> <Opcode : '' 'add' 'sub' 'mul' 'select'> <InPorts = 0> <OutPorts = 1> <Sync> <CReg>
ST_4 : Operation 630 [1/1] (0.00ns)   --->   "%rbegin = specregionbegin i32 @_ssdm_op_SpecRegionBegin, void @empty_62" [H:/subband_ref_q610_opt_stage4_latency_stepL2.cpp:1623->H:/subband_ref_q610_opt_stage4_latency_stepL2.cpp:1839->H:/subband_ref_q610_opt_stage4_latency_stepL2.cpp:1868]   --->   Operation 630 'specregionbegin' 'rbegin' <Predicate = true> <Delay = 0.00>
ST_4 : Operation 631 [1/3] (0.00ns) (grouped into DSP with root node add_ln1839_88)   --->   "%product_q20_154 = mul i27 %sext_ln1625_116, i27 %zext_ln1625_77" [H:/subband_ref_q610_opt_stage4_latency_stepL2.cpp:1625->H:/subband_ref_q610_opt_stage4_latency_stepL2.cpp:1839->H:/subband_ref_q610_opt_stage4_latency_stepL2.cpp:1868]   --->   Operation 631 'mul' 'product_q20_154' <Predicate = true> <Delay = 0.00> <CoreInst = "DSP48">   --->   Core 119 'DSP48' <Latency = 2> <II = 1> <Delay = 3.88> <IPBlock> <Opcode : '' 'add' 'sub' 'mul' 'select'> <InPorts = 0> <OutPorts = 1> <Sync> <CReg>
ST_4 : Operation 632 [1/1] (0.00ns)   --->   "%specfucore_ln1624 = specfucore void @_ssdm_op_SpecFUCore, i27 %product_q20_154, i64 12, i64 3, i64 2" [H:/subband_ref_q610_opt_stage4_latency_stepL2.cpp:1624->H:/subband_ref_q610_opt_stage4_latency_stepL2.cpp:1839->H:/subband_ref_q610_opt_stage4_latency_stepL2.cpp:1868]   --->   Operation 632 'specfucore' 'specfucore_ln1624' <Predicate = true> <Delay = 0.00>
ST_4 : Operation 633 [1/1] (0.00ns) (grouped into DSP with root node add_ln1839_88)   --->   "%sext_ln1623_84 = sext i27 %product_q20_154" [H:/subband_ref_q610_opt_stage4_latency_stepL2.cpp:1623->H:/subband_ref_q610_opt_stage4_latency_stepL2.cpp:1839->H:/subband_ref_q610_opt_stage4_latency_stepL2.cpp:1868]   --->   Operation 633 'sext' 'sext_ln1623_84' <Predicate = true> <Delay = 0.00>
ST_4 : Operation 634 [1/1] (0.00ns)   --->   "%rend = specregionend i32 @_ssdm_op_SpecRegionEnd, void @empty_62, i32 %rbegin" [H:/subband_ref_q610_opt_stage4_latency_stepL2.cpp:1625->H:/subband_ref_q610_opt_stage4_latency_stepL2.cpp:1839->H:/subband_ref_q610_opt_stage4_latency_stepL2.cpp:1868]   --->   Operation 634 'specregionend' 'rend' <Predicate = true> <Delay = 0.00>
ST_4 : Operation 635 [1/1] (3.02ns) (root node of the DSP)   --->   "%add_ln1839_88 = add i30 %sext_ln1623_84, i30 %p_load260" [H:/subband_ref_q610_opt_stage4_latency_stepL2.cpp:1839->H:/subband_ref_q610_opt_stage4_latency_stepL2.cpp:1868]   --->   Operation 635 'add' 'add_ln1839_88' <Predicate = true> <Delay = 3.02> <CoreInst = "DSP48">   --->   Core 119 'DSP48' <Latency = 2> <II = 1> <Delay = 3.88> <IPBlock> <Opcode : '' 'add' 'sub' 'mul' 'select'> <InPorts = 0> <OutPorts = 1> <Sync> <CReg>
ST_4 : Operation 636 [1/1] (0.00ns)   --->   "%rbegin87 = specregionbegin i32 @_ssdm_op_SpecRegionBegin, void @empty_61" [H:/subband_ref_q610_opt_stage4_latency_stepL2.cpp:1623->H:/subband_ref_q610_opt_stage4_latency_stepL2.cpp:1839->H:/subband_ref_q610_opt_stage4_latency_stepL2.cpp:1868]   --->   Operation 636 'specregionbegin' 'rbegin87' <Predicate = true> <Delay = 0.00>
ST_4 : Operation 637 [1/3] (0.00ns) (grouped into DSP with root node add_ln1839_89)   --->   "%product_q20_155 = mul i27 %sext_ln1625_117, i27 %zext_ln1625_78" [H:/subband_ref_q610_opt_stage4_latency_stepL2.cpp:1625->H:/subband_ref_q610_opt_stage4_latency_stepL2.cpp:1839->H:/subband_ref_q610_opt_stage4_latency_stepL2.cpp:1868]   --->   Operation 637 'mul' 'product_q20_155' <Predicate = true> <Delay = 0.00> <CoreInst = "DSP48">   --->   Core 119 'DSP48' <Latency = 2> <II = 1> <Delay = 3.88> <IPBlock> <Opcode : '' 'add' 'sub' 'mul' 'select'> <InPorts = 0> <OutPorts = 1> <Sync> <CReg>
ST_4 : Operation 638 [1/1] (0.00ns)   --->   "%specfucore_ln1624 = specfucore void @_ssdm_op_SpecFUCore, i27 %product_q20_155, i64 12, i64 3, i64 2" [H:/subband_ref_q610_opt_stage4_latency_stepL2.cpp:1624->H:/subband_ref_q610_opt_stage4_latency_stepL2.cpp:1839->H:/subband_ref_q610_opt_stage4_latency_stepL2.cpp:1868]   --->   Operation 638 'specfucore' 'specfucore_ln1624' <Predicate = true> <Delay = 0.00>
ST_4 : Operation 639 [1/1] (0.00ns) (grouped into DSP with root node add_ln1839_89)   --->   "%sext_ln1623_85 = sext i27 %product_q20_155" [H:/subband_ref_q610_opt_stage4_latency_stepL2.cpp:1623->H:/subband_ref_q610_opt_stage4_latency_stepL2.cpp:1839->H:/subband_ref_q610_opt_stage4_latency_stepL2.cpp:1868]   --->   Operation 639 'sext' 'sext_ln1623_85' <Predicate = true> <Delay = 0.00>
ST_4 : Operation 640 [1/1] (0.00ns)   --->   "%rend701 = specregionend i32 @_ssdm_op_SpecRegionEnd, void @empty_61, i32 %rbegin87" [H:/subband_ref_q610_opt_stage4_latency_stepL2.cpp:1625->H:/subband_ref_q610_opt_stage4_latency_stepL2.cpp:1839->H:/subband_ref_q610_opt_stage4_latency_stepL2.cpp:1868]   --->   Operation 640 'specregionend' 'rend701' <Predicate = true> <Delay = 0.00>
ST_4 : Operation 641 [1/1] (3.02ns) (root node of the DSP)   --->   "%add_ln1839_89 = add i30 %sext_ln1623_85, i30 %p_load258" [H:/subband_ref_q610_opt_stage4_latency_stepL2.cpp:1839->H:/subband_ref_q610_opt_stage4_latency_stepL2.cpp:1868]   --->   Operation 641 'add' 'add_ln1839_89' <Predicate = true> <Delay = 3.02> <CoreInst = "DSP48">   --->   Core 119 'DSP48' <Latency = 2> <II = 1> <Delay = 3.88> <IPBlock> <Opcode : '' 'add' 'sub' 'mul' 'select'> <InPorts = 0> <OutPorts = 1> <Sync> <CReg>
ST_4 : Operation 642 [1/1] (0.00ns)   --->   "%rbegin88 = specregionbegin i32 @_ssdm_op_SpecRegionBegin, void @empty_60" [H:/subband_ref_q610_opt_stage4_latency_stepL2.cpp:1623->H:/subband_ref_q610_opt_stage4_latency_stepL2.cpp:1839->H:/subband_ref_q610_opt_stage4_latency_stepL2.cpp:1868]   --->   Operation 642 'specregionbegin' 'rbegin88' <Predicate = true> <Delay = 0.00>
ST_4 : Operation 643 [1/3] (0.00ns) (grouped into DSP with root node add_ln1839_90)   --->   "%product_q20_156 = mul i27 %sext_ln1625_118, i27 %zext_ln1625_79" [H:/subband_ref_q610_opt_stage4_latency_stepL2.cpp:1625->H:/subband_ref_q610_opt_stage4_latency_stepL2.cpp:1839->H:/subband_ref_q610_opt_stage4_latency_stepL2.cpp:1868]   --->   Operation 643 'mul' 'product_q20_156' <Predicate = true> <Delay = 0.00> <CoreInst = "DSP48">   --->   Core 119 'DSP48' <Latency = 2> <II = 1> <Delay = 3.88> <IPBlock> <Opcode : '' 'add' 'sub' 'mul' 'select'> <InPorts = 0> <OutPorts = 1> <Sync> <CReg>
ST_4 : Operation 644 [1/1] (0.00ns)   --->   "%specfucore_ln1624 = specfucore void @_ssdm_op_SpecFUCore, i27 %product_q20_156, i64 12, i64 3, i64 2" [H:/subband_ref_q610_opt_stage4_latency_stepL2.cpp:1624->H:/subband_ref_q610_opt_stage4_latency_stepL2.cpp:1839->H:/subband_ref_q610_opt_stage4_latency_stepL2.cpp:1868]   --->   Operation 644 'specfucore' 'specfucore_ln1624' <Predicate = true> <Delay = 0.00>
ST_4 : Operation 645 [1/1] (0.00ns) (grouped into DSP with root node add_ln1839_90)   --->   "%sext_ln1623_86 = sext i27 %product_q20_156" [H:/subband_ref_q610_opt_stage4_latency_stepL2.cpp:1623->H:/subband_ref_q610_opt_stage4_latency_stepL2.cpp:1839->H:/subband_ref_q610_opt_stage4_latency_stepL2.cpp:1868]   --->   Operation 645 'sext' 'sext_ln1623_86' <Predicate = true> <Delay = 0.00>
ST_4 : Operation 646 [1/1] (0.00ns)   --->   "%rend699 = specregionend i32 @_ssdm_op_SpecRegionEnd, void @empty_60, i32 %rbegin88" [H:/subband_ref_q610_opt_stage4_latency_stepL2.cpp:1625->H:/subband_ref_q610_opt_stage4_latency_stepL2.cpp:1839->H:/subband_ref_q610_opt_stage4_latency_stepL2.cpp:1868]   --->   Operation 646 'specregionend' 'rend699' <Predicate = true> <Delay = 0.00>
ST_4 : Operation 647 [1/1] (3.02ns) (root node of the DSP)   --->   "%add_ln1839_90 = add i30 %sext_ln1623_86, i30 %p_load256" [H:/subband_ref_q610_opt_stage4_latency_stepL2.cpp:1839->H:/subband_ref_q610_opt_stage4_latency_stepL2.cpp:1868]   --->   Operation 647 'add' 'add_ln1839_90' <Predicate = true> <Delay = 3.02> <CoreInst = "DSP48">   --->   Core 119 'DSP48' <Latency = 2> <II = 1> <Delay = 3.88> <IPBlock> <Opcode : '' 'add' 'sub' 'mul' 'select'> <InPorts = 0> <OutPorts = 1> <Sync> <CReg>
ST_4 : Operation 648 [1/1] (0.00ns)   --->   "%rbegin89 = specregionbegin i32 @_ssdm_op_SpecRegionBegin, void @empty_59" [H:/subband_ref_q610_opt_stage4_latency_stepL2.cpp:1623->H:/subband_ref_q610_opt_stage4_latency_stepL2.cpp:1839->H:/subband_ref_q610_opt_stage4_latency_stepL2.cpp:1868]   --->   Operation 648 'specregionbegin' 'rbegin89' <Predicate = true> <Delay = 0.00>
ST_4 : Operation 649 [1/3] (0.00ns) (grouped into DSP with root node add_ln1839_91)   --->   "%product_q20_157 = mul i27 %sext_ln1625_119, i27 %zext_ln1625_80" [H:/subband_ref_q610_opt_stage4_latency_stepL2.cpp:1625->H:/subband_ref_q610_opt_stage4_latency_stepL2.cpp:1839->H:/subband_ref_q610_opt_stage4_latency_stepL2.cpp:1868]   --->   Operation 649 'mul' 'product_q20_157' <Predicate = true> <Delay = 0.00> <CoreInst = "DSP48">   --->   Core 119 'DSP48' <Latency = 2> <II = 1> <Delay = 3.88> <IPBlock> <Opcode : '' 'add' 'sub' 'mul' 'select'> <InPorts = 0> <OutPorts = 1> <Sync> <CReg>
ST_4 : Operation 650 [1/1] (0.00ns)   --->   "%specfucore_ln1624 = specfucore void @_ssdm_op_SpecFUCore, i27 %product_q20_157, i64 12, i64 3, i64 2" [H:/subband_ref_q610_opt_stage4_latency_stepL2.cpp:1624->H:/subband_ref_q610_opt_stage4_latency_stepL2.cpp:1839->H:/subband_ref_q610_opt_stage4_latency_stepL2.cpp:1868]   --->   Operation 650 'specfucore' 'specfucore_ln1624' <Predicate = true> <Delay = 0.00>
ST_4 : Operation 651 [1/1] (0.00ns) (grouped into DSP with root node add_ln1839_91)   --->   "%sext_ln1623_87 = sext i27 %product_q20_157" [H:/subband_ref_q610_opt_stage4_latency_stepL2.cpp:1623->H:/subband_ref_q610_opt_stage4_latency_stepL2.cpp:1839->H:/subband_ref_q610_opt_stage4_latency_stepL2.cpp:1868]   --->   Operation 651 'sext' 'sext_ln1623_87' <Predicate = true> <Delay = 0.00>
ST_4 : Operation 652 [1/1] (0.00ns)   --->   "%rend697 = specregionend i32 @_ssdm_op_SpecRegionEnd, void @empty_59, i32 %rbegin89" [H:/subband_ref_q610_opt_stage4_latency_stepL2.cpp:1625->H:/subband_ref_q610_opt_stage4_latency_stepL2.cpp:1839->H:/subband_ref_q610_opt_stage4_latency_stepL2.cpp:1868]   --->   Operation 652 'specregionend' 'rend697' <Predicate = true> <Delay = 0.00>
ST_4 : Operation 653 [1/1] (3.02ns) (root node of the DSP)   --->   "%add_ln1839_91 = add i30 %sext_ln1623_87, i30 %p_load254" [H:/subband_ref_q610_opt_stage4_latency_stepL2.cpp:1839->H:/subband_ref_q610_opt_stage4_latency_stepL2.cpp:1868]   --->   Operation 653 'add' 'add_ln1839_91' <Predicate = true> <Delay = 3.02> <CoreInst = "DSP48">   --->   Core 119 'DSP48' <Latency = 2> <II = 1> <Delay = 3.88> <IPBlock> <Opcode : '' 'add' 'sub' 'mul' 'select'> <InPorts = 0> <OutPorts = 1> <Sync> <CReg>
ST_4 : Operation 654 [1/1] (0.00ns)   --->   "%rbegin90 = specregionbegin i32 @_ssdm_op_SpecRegionBegin, void @empty_58" [H:/subband_ref_q610_opt_stage4_latency_stepL2.cpp:1623->H:/subband_ref_q610_opt_stage4_latency_stepL2.cpp:1839->H:/subband_ref_q610_opt_stage4_latency_stepL2.cpp:1868]   --->   Operation 654 'specregionbegin' 'rbegin90' <Predicate = true> <Delay = 0.00>
ST_4 : Operation 655 [1/3] (0.00ns) (grouped into DSP with root node add_ln1839_92)   --->   "%product_q20_158 = mul i27 %sext_ln1625_120, i27 %zext_ln1625_81" [H:/subband_ref_q610_opt_stage4_latency_stepL2.cpp:1625->H:/subband_ref_q610_opt_stage4_latency_stepL2.cpp:1839->H:/subband_ref_q610_opt_stage4_latency_stepL2.cpp:1868]   --->   Operation 655 'mul' 'product_q20_158' <Predicate = true> <Delay = 0.00> <CoreInst = "DSP48">   --->   Core 119 'DSP48' <Latency = 2> <II = 1> <Delay = 3.88> <IPBlock> <Opcode : '' 'add' 'sub' 'mul' 'select'> <InPorts = 0> <OutPorts = 1> <Sync> <CReg>
ST_4 : Operation 656 [1/1] (0.00ns)   --->   "%specfucore_ln1624 = specfucore void @_ssdm_op_SpecFUCore, i27 %product_q20_158, i64 12, i64 3, i64 2" [H:/subband_ref_q610_opt_stage4_latency_stepL2.cpp:1624->H:/subband_ref_q610_opt_stage4_latency_stepL2.cpp:1839->H:/subband_ref_q610_opt_stage4_latency_stepL2.cpp:1868]   --->   Operation 656 'specfucore' 'specfucore_ln1624' <Predicate = true> <Delay = 0.00>
ST_4 : Operation 657 [1/1] (0.00ns) (grouped into DSP with root node add_ln1839_92)   --->   "%sext_ln1623_88 = sext i27 %product_q20_158" [H:/subband_ref_q610_opt_stage4_latency_stepL2.cpp:1623->H:/subband_ref_q610_opt_stage4_latency_stepL2.cpp:1839->H:/subband_ref_q610_opt_stage4_latency_stepL2.cpp:1868]   --->   Operation 657 'sext' 'sext_ln1623_88' <Predicate = true> <Delay = 0.00>
ST_4 : Operation 658 [1/1] (0.00ns)   --->   "%rend695 = specregionend i32 @_ssdm_op_SpecRegionEnd, void @empty_58, i32 %rbegin90" [H:/subband_ref_q610_opt_stage4_latency_stepL2.cpp:1625->H:/subband_ref_q610_opt_stage4_latency_stepL2.cpp:1839->H:/subband_ref_q610_opt_stage4_latency_stepL2.cpp:1868]   --->   Operation 658 'specregionend' 'rend695' <Predicate = true> <Delay = 0.00>
ST_4 : Operation 659 [1/1] (3.02ns) (root node of the DSP)   --->   "%add_ln1839_92 = add i30 %sext_ln1623_88, i30 %p_load252" [H:/subband_ref_q610_opt_stage4_latency_stepL2.cpp:1839->H:/subband_ref_q610_opt_stage4_latency_stepL2.cpp:1868]   --->   Operation 659 'add' 'add_ln1839_92' <Predicate = true> <Delay = 3.02> <CoreInst = "DSP48">   --->   Core 119 'DSP48' <Latency = 2> <II = 1> <Delay = 3.88> <IPBlock> <Opcode : '' 'add' 'sub' 'mul' 'select'> <InPorts = 0> <OutPorts = 1> <Sync> <CReg>
ST_4 : Operation 660 [1/1] (0.00ns)   --->   "%rbegin91 = specregionbegin i32 @_ssdm_op_SpecRegionBegin, void @empty_57" [H:/subband_ref_q610_opt_stage4_latency_stepL2.cpp:1623->H:/subband_ref_q610_opt_stage4_latency_stepL2.cpp:1839->H:/subband_ref_q610_opt_stage4_latency_stepL2.cpp:1868]   --->   Operation 660 'specregionbegin' 'rbegin91' <Predicate = true> <Delay = 0.00>
ST_4 : Operation 661 [1/3] (0.00ns) (grouped into DSP with root node add_ln1839_93)   --->   "%product_q20_159 = mul i27 %sext_ln1625_121, i27 %zext_ln1625_82" [H:/subband_ref_q610_opt_stage4_latency_stepL2.cpp:1625->H:/subband_ref_q610_opt_stage4_latency_stepL2.cpp:1839->H:/subband_ref_q610_opt_stage4_latency_stepL2.cpp:1868]   --->   Operation 661 'mul' 'product_q20_159' <Predicate = true> <Delay = 0.00> <CoreInst = "DSP48">   --->   Core 119 'DSP48' <Latency = 2> <II = 1> <Delay = 3.88> <IPBlock> <Opcode : '' 'add' 'sub' 'mul' 'select'> <InPorts = 0> <OutPorts = 1> <Sync> <CReg>
ST_4 : Operation 662 [1/1] (0.00ns)   --->   "%specfucore_ln1624 = specfucore void @_ssdm_op_SpecFUCore, i27 %product_q20_159, i64 12, i64 3, i64 2" [H:/subband_ref_q610_opt_stage4_latency_stepL2.cpp:1624->H:/subband_ref_q610_opt_stage4_latency_stepL2.cpp:1839->H:/subband_ref_q610_opt_stage4_latency_stepL2.cpp:1868]   --->   Operation 662 'specfucore' 'specfucore_ln1624' <Predicate = true> <Delay = 0.00>
ST_4 : Operation 663 [1/1] (0.00ns) (grouped into DSP with root node add_ln1839_93)   --->   "%sext_ln1623_89 = sext i27 %product_q20_159" [H:/subband_ref_q610_opt_stage4_latency_stepL2.cpp:1623->H:/subband_ref_q610_opt_stage4_latency_stepL2.cpp:1839->H:/subband_ref_q610_opt_stage4_latency_stepL2.cpp:1868]   --->   Operation 663 'sext' 'sext_ln1623_89' <Predicate = true> <Delay = 0.00>
ST_4 : Operation 664 [1/1] (0.00ns)   --->   "%rend693 = specregionend i32 @_ssdm_op_SpecRegionEnd, void @empty_57, i32 %rbegin91" [H:/subband_ref_q610_opt_stage4_latency_stepL2.cpp:1625->H:/subband_ref_q610_opt_stage4_latency_stepL2.cpp:1839->H:/subband_ref_q610_opt_stage4_latency_stepL2.cpp:1868]   --->   Operation 664 'specregionend' 'rend693' <Predicate = true> <Delay = 0.00>
ST_4 : Operation 665 [1/1] (3.02ns) (root node of the DSP)   --->   "%add_ln1839_93 = add i30 %sext_ln1623_89, i30 %p_load250" [H:/subband_ref_q610_opt_stage4_latency_stepL2.cpp:1839->H:/subband_ref_q610_opt_stage4_latency_stepL2.cpp:1868]   --->   Operation 665 'add' 'add_ln1839_93' <Predicate = true> <Delay = 3.02> <CoreInst = "DSP48">   --->   Core 119 'DSP48' <Latency = 2> <II = 1> <Delay = 3.88> <IPBlock> <Opcode : '' 'add' 'sub' 'mul' 'select'> <InPorts = 0> <OutPorts = 1> <Sync> <CReg>
ST_4 : Operation 666 [1/1] (0.00ns)   --->   "%rbegin92 = specregionbegin i32 @_ssdm_op_SpecRegionBegin, void @empty_56" [H:/subband_ref_q610_opt_stage4_latency_stepL2.cpp:1623->H:/subband_ref_q610_opt_stage4_latency_stepL2.cpp:1839->H:/subband_ref_q610_opt_stage4_latency_stepL2.cpp:1868]   --->   Operation 666 'specregionbegin' 'rbegin92' <Predicate = true> <Delay = 0.00>
ST_4 : Operation 667 [1/3] (0.00ns) (grouped into DSP with root node add_ln1839_94)   --->   "%product_q20_160 = mul i27 %sext_ln1625_122, i27 %zext_ln1625_83" [H:/subband_ref_q610_opt_stage4_latency_stepL2.cpp:1625->H:/subband_ref_q610_opt_stage4_latency_stepL2.cpp:1839->H:/subband_ref_q610_opt_stage4_latency_stepL2.cpp:1868]   --->   Operation 667 'mul' 'product_q20_160' <Predicate = true> <Delay = 0.00> <CoreInst = "DSP48">   --->   Core 119 'DSP48' <Latency = 2> <II = 1> <Delay = 3.88> <IPBlock> <Opcode : '' 'add' 'sub' 'mul' 'select'> <InPorts = 0> <OutPorts = 1> <Sync> <CReg>
ST_4 : Operation 668 [1/1] (0.00ns)   --->   "%specfucore_ln1624 = specfucore void @_ssdm_op_SpecFUCore, i27 %product_q20_160, i64 12, i64 3, i64 2" [H:/subband_ref_q610_opt_stage4_latency_stepL2.cpp:1624->H:/subband_ref_q610_opt_stage4_latency_stepL2.cpp:1839->H:/subband_ref_q610_opt_stage4_latency_stepL2.cpp:1868]   --->   Operation 668 'specfucore' 'specfucore_ln1624' <Predicate = true> <Delay = 0.00>
ST_4 : Operation 669 [1/1] (0.00ns) (grouped into DSP with root node add_ln1839_94)   --->   "%sext_ln1623_90 = sext i27 %product_q20_160" [H:/subband_ref_q610_opt_stage4_latency_stepL2.cpp:1623->H:/subband_ref_q610_opt_stage4_latency_stepL2.cpp:1839->H:/subband_ref_q610_opt_stage4_latency_stepL2.cpp:1868]   --->   Operation 669 'sext' 'sext_ln1623_90' <Predicate = true> <Delay = 0.00>
ST_4 : Operation 670 [1/1] (0.00ns)   --->   "%rend691 = specregionend i32 @_ssdm_op_SpecRegionEnd, void @empty_56, i32 %rbegin92" [H:/subband_ref_q610_opt_stage4_latency_stepL2.cpp:1625->H:/subband_ref_q610_opt_stage4_latency_stepL2.cpp:1839->H:/subband_ref_q610_opt_stage4_latency_stepL2.cpp:1868]   --->   Operation 670 'specregionend' 'rend691' <Predicate = true> <Delay = 0.00>
ST_4 : Operation 671 [1/1] (3.02ns) (root node of the DSP)   --->   "%add_ln1839_94 = add i30 %sext_ln1623_90, i30 %p_load248" [H:/subband_ref_q610_opt_stage4_latency_stepL2.cpp:1839->H:/subband_ref_q610_opt_stage4_latency_stepL2.cpp:1868]   --->   Operation 671 'add' 'add_ln1839_94' <Predicate = true> <Delay = 3.02> <CoreInst = "DSP48">   --->   Core 119 'DSP48' <Latency = 2> <II = 1> <Delay = 3.88> <IPBlock> <Opcode : '' 'add' 'sub' 'mul' 'select'> <InPorts = 0> <OutPorts = 1> <Sync> <CReg>
ST_4 : Operation 672 [1/1] (0.00ns)   --->   "%rbegin93 = specregionbegin i32 @_ssdm_op_SpecRegionBegin, void @empty_55" [H:/subband_ref_q610_opt_stage4_latency_stepL2.cpp:1623->H:/subband_ref_q610_opt_stage4_latency_stepL2.cpp:1839->H:/subband_ref_q610_opt_stage4_latency_stepL2.cpp:1868]   --->   Operation 672 'specregionbegin' 'rbegin93' <Predicate = true> <Delay = 0.00>
ST_4 : Operation 673 [1/3] (0.00ns) (grouped into DSP with root node add_ln1839_95)   --->   "%product_q20_161 = mul i27 %sext_ln1625_123, i27 %zext_ln1625_84" [H:/subband_ref_q610_opt_stage4_latency_stepL2.cpp:1625->H:/subband_ref_q610_opt_stage4_latency_stepL2.cpp:1839->H:/subband_ref_q610_opt_stage4_latency_stepL2.cpp:1868]   --->   Operation 673 'mul' 'product_q20_161' <Predicate = true> <Delay = 0.00> <CoreInst = "DSP48">   --->   Core 119 'DSP48' <Latency = 2> <II = 1> <Delay = 3.88> <IPBlock> <Opcode : '' 'add' 'sub' 'mul' 'select'> <InPorts = 0> <OutPorts = 1> <Sync> <CReg>
ST_4 : Operation 674 [1/1] (0.00ns)   --->   "%specfucore_ln1624 = specfucore void @_ssdm_op_SpecFUCore, i27 %product_q20_161, i64 12, i64 3, i64 2" [H:/subband_ref_q610_opt_stage4_latency_stepL2.cpp:1624->H:/subband_ref_q610_opt_stage4_latency_stepL2.cpp:1839->H:/subband_ref_q610_opt_stage4_latency_stepL2.cpp:1868]   --->   Operation 674 'specfucore' 'specfucore_ln1624' <Predicate = true> <Delay = 0.00>
ST_4 : Operation 675 [1/1] (0.00ns) (grouped into DSP with root node add_ln1839_95)   --->   "%sext_ln1623_91 = sext i27 %product_q20_161" [H:/subband_ref_q610_opt_stage4_latency_stepL2.cpp:1623->H:/subband_ref_q610_opt_stage4_latency_stepL2.cpp:1839->H:/subband_ref_q610_opt_stage4_latency_stepL2.cpp:1868]   --->   Operation 675 'sext' 'sext_ln1623_91' <Predicate = true> <Delay = 0.00>
ST_4 : Operation 676 [1/1] (0.00ns)   --->   "%rend689 = specregionend i32 @_ssdm_op_SpecRegionEnd, void @empty_55, i32 %rbegin93" [H:/subband_ref_q610_opt_stage4_latency_stepL2.cpp:1625->H:/subband_ref_q610_opt_stage4_latency_stepL2.cpp:1839->H:/subband_ref_q610_opt_stage4_latency_stepL2.cpp:1868]   --->   Operation 676 'specregionend' 'rend689' <Predicate = true> <Delay = 0.00>
ST_4 : Operation 677 [1/1] (3.02ns) (root node of the DSP)   --->   "%add_ln1839_95 = add i30 %sext_ln1623_91, i30 %p_load246" [H:/subband_ref_q610_opt_stage4_latency_stepL2.cpp:1839->H:/subband_ref_q610_opt_stage4_latency_stepL2.cpp:1868]   --->   Operation 677 'add' 'add_ln1839_95' <Predicate = true> <Delay = 3.02> <CoreInst = "DSP48">   --->   Core 119 'DSP48' <Latency = 2> <II = 1> <Delay = 3.88> <IPBlock> <Opcode : '' 'add' 'sub' 'mul' 'select'> <InPorts = 0> <OutPorts = 1> <Sync> <CReg>
ST_4 : Operation 678 [1/1] (0.00ns)   --->   "%rbegin94 = specregionbegin i32 @_ssdm_op_SpecRegionBegin, void @empty_54" [H:/subband_ref_q610_opt_stage4_latency_stepL2.cpp:1623->H:/subband_ref_q610_opt_stage4_latency_stepL2.cpp:1839->H:/subband_ref_q610_opt_stage4_latency_stepL2.cpp:1868]   --->   Operation 678 'specregionbegin' 'rbegin94' <Predicate = true> <Delay = 0.00>
ST_4 : Operation 679 [1/3] (0.00ns) (grouped into DSP with root node add_ln1839_96)   --->   "%product_q20_162 = mul i27 %sext_ln1625_124, i27 %zext_ln1625_85" [H:/subband_ref_q610_opt_stage4_latency_stepL2.cpp:1625->H:/subband_ref_q610_opt_stage4_latency_stepL2.cpp:1839->H:/subband_ref_q610_opt_stage4_latency_stepL2.cpp:1868]   --->   Operation 679 'mul' 'product_q20_162' <Predicate = true> <Delay = 0.00> <CoreInst = "DSP48">   --->   Core 119 'DSP48' <Latency = 2> <II = 1> <Delay = 3.88> <IPBlock> <Opcode : '' 'add' 'sub' 'mul' 'select'> <InPorts = 0> <OutPorts = 1> <Sync> <CReg>
ST_4 : Operation 680 [1/1] (0.00ns)   --->   "%specfucore_ln1624 = specfucore void @_ssdm_op_SpecFUCore, i27 %product_q20_162, i64 12, i64 3, i64 2" [H:/subband_ref_q610_opt_stage4_latency_stepL2.cpp:1624->H:/subband_ref_q610_opt_stage4_latency_stepL2.cpp:1839->H:/subband_ref_q610_opt_stage4_latency_stepL2.cpp:1868]   --->   Operation 680 'specfucore' 'specfucore_ln1624' <Predicate = true> <Delay = 0.00>
ST_4 : Operation 681 [1/1] (0.00ns) (grouped into DSP with root node add_ln1839_96)   --->   "%sext_ln1623_92 = sext i27 %product_q20_162" [H:/subband_ref_q610_opt_stage4_latency_stepL2.cpp:1623->H:/subband_ref_q610_opt_stage4_latency_stepL2.cpp:1839->H:/subband_ref_q610_opt_stage4_latency_stepL2.cpp:1868]   --->   Operation 681 'sext' 'sext_ln1623_92' <Predicate = true> <Delay = 0.00>
ST_4 : Operation 682 [1/1] (0.00ns)   --->   "%rend687 = specregionend i32 @_ssdm_op_SpecRegionEnd, void @empty_54, i32 %rbegin94" [H:/subband_ref_q610_opt_stage4_latency_stepL2.cpp:1625->H:/subband_ref_q610_opt_stage4_latency_stepL2.cpp:1839->H:/subband_ref_q610_opt_stage4_latency_stepL2.cpp:1868]   --->   Operation 682 'specregionend' 'rend687' <Predicate = true> <Delay = 0.00>
ST_4 : Operation 683 [1/1] (3.02ns) (root node of the DSP)   --->   "%add_ln1839_96 = add i30 %sext_ln1623_92, i30 %p_load244" [H:/subband_ref_q610_opt_stage4_latency_stepL2.cpp:1839->H:/subband_ref_q610_opt_stage4_latency_stepL2.cpp:1868]   --->   Operation 683 'add' 'add_ln1839_96' <Predicate = true> <Delay = 3.02> <CoreInst = "DSP48">   --->   Core 119 'DSP48' <Latency = 2> <II = 1> <Delay = 3.88> <IPBlock> <Opcode : '' 'add' 'sub' 'mul' 'select'> <InPorts = 0> <OutPorts = 1> <Sync> <CReg>
ST_4 : Operation 684 [1/1] (0.00ns)   --->   "%rbegin95 = specregionbegin i32 @_ssdm_op_SpecRegionBegin, void @empty_53" [H:/subband_ref_q610_opt_stage4_latency_stepL2.cpp:1623->H:/subband_ref_q610_opt_stage4_latency_stepL2.cpp:1839->H:/subband_ref_q610_opt_stage4_latency_stepL2.cpp:1868]   --->   Operation 684 'specregionbegin' 'rbegin95' <Predicate = true> <Delay = 0.00>
ST_4 : Operation 685 [1/3] (0.00ns) (grouped into DSP with root node add_ln1839_97)   --->   "%product_q20_163 = mul i27 %sext_ln1625_125, i27 %zext_ln1625_86" [H:/subband_ref_q610_opt_stage4_latency_stepL2.cpp:1625->H:/subband_ref_q610_opt_stage4_latency_stepL2.cpp:1839->H:/subband_ref_q610_opt_stage4_latency_stepL2.cpp:1868]   --->   Operation 685 'mul' 'product_q20_163' <Predicate = true> <Delay = 0.00> <CoreInst = "DSP48">   --->   Core 119 'DSP48' <Latency = 2> <II = 1> <Delay = 3.88> <IPBlock> <Opcode : '' 'add' 'sub' 'mul' 'select'> <InPorts = 0> <OutPorts = 1> <Sync> <CReg>
ST_4 : Operation 686 [1/1] (0.00ns)   --->   "%specfucore_ln1624 = specfucore void @_ssdm_op_SpecFUCore, i27 %product_q20_163, i64 12, i64 3, i64 2" [H:/subband_ref_q610_opt_stage4_latency_stepL2.cpp:1624->H:/subband_ref_q610_opt_stage4_latency_stepL2.cpp:1839->H:/subband_ref_q610_opt_stage4_latency_stepL2.cpp:1868]   --->   Operation 686 'specfucore' 'specfucore_ln1624' <Predicate = true> <Delay = 0.00>
ST_4 : Operation 687 [1/1] (0.00ns) (grouped into DSP with root node add_ln1839_97)   --->   "%sext_ln1623_93 = sext i27 %product_q20_163" [H:/subband_ref_q610_opt_stage4_latency_stepL2.cpp:1623->H:/subband_ref_q610_opt_stage4_latency_stepL2.cpp:1839->H:/subband_ref_q610_opt_stage4_latency_stepL2.cpp:1868]   --->   Operation 687 'sext' 'sext_ln1623_93' <Predicate = true> <Delay = 0.00>
ST_4 : Operation 688 [1/1] (0.00ns)   --->   "%rend685 = specregionend i32 @_ssdm_op_SpecRegionEnd, void @empty_53, i32 %rbegin95" [H:/subband_ref_q610_opt_stage4_latency_stepL2.cpp:1625->H:/subband_ref_q610_opt_stage4_latency_stepL2.cpp:1839->H:/subband_ref_q610_opt_stage4_latency_stepL2.cpp:1868]   --->   Operation 688 'specregionend' 'rend685' <Predicate = true> <Delay = 0.00>
ST_4 : Operation 689 [1/1] (3.02ns) (root node of the DSP)   --->   "%add_ln1839_97 = add i30 %sext_ln1623_93, i30 %p_load242" [H:/subband_ref_q610_opt_stage4_latency_stepL2.cpp:1839->H:/subband_ref_q610_opt_stage4_latency_stepL2.cpp:1868]   --->   Operation 689 'add' 'add_ln1839_97' <Predicate = true> <Delay = 3.02> <CoreInst = "DSP48">   --->   Core 119 'DSP48' <Latency = 2> <II = 1> <Delay = 3.88> <IPBlock> <Opcode : '' 'add' 'sub' 'mul' 'select'> <InPorts = 0> <OutPorts = 1> <Sync> <CReg>
ST_4 : Operation 690 [1/1] (0.00ns)   --->   "%rbegin96 = specregionbegin i32 @_ssdm_op_SpecRegionBegin, void @empty_52" [H:/subband_ref_q610_opt_stage4_latency_stepL2.cpp:1623->H:/subband_ref_q610_opt_stage4_latency_stepL2.cpp:1839->H:/subband_ref_q610_opt_stage4_latency_stepL2.cpp:1868]   --->   Operation 690 'specregionbegin' 'rbegin96' <Predicate = true> <Delay = 0.00>
ST_4 : Operation 691 [1/3] (0.00ns) (grouped into DSP with root node add_ln1839_98)   --->   "%product_q20_164 = mul i27 %sext_ln1625_126, i27 %zext_ln1625_87" [H:/subband_ref_q610_opt_stage4_latency_stepL2.cpp:1625->H:/subband_ref_q610_opt_stage4_latency_stepL2.cpp:1839->H:/subband_ref_q610_opt_stage4_latency_stepL2.cpp:1868]   --->   Operation 691 'mul' 'product_q20_164' <Predicate = true> <Delay = 0.00> <CoreInst = "DSP48">   --->   Core 119 'DSP48' <Latency = 2> <II = 1> <Delay = 3.88> <IPBlock> <Opcode : '' 'add' 'sub' 'mul' 'select'> <InPorts = 0> <OutPorts = 1> <Sync> <CReg>
ST_4 : Operation 692 [1/1] (0.00ns)   --->   "%specfucore_ln1624 = specfucore void @_ssdm_op_SpecFUCore, i27 %product_q20_164, i64 12, i64 3, i64 2" [H:/subband_ref_q610_opt_stage4_latency_stepL2.cpp:1624->H:/subband_ref_q610_opt_stage4_latency_stepL2.cpp:1839->H:/subband_ref_q610_opt_stage4_latency_stepL2.cpp:1868]   --->   Operation 692 'specfucore' 'specfucore_ln1624' <Predicate = true> <Delay = 0.00>
ST_4 : Operation 693 [1/1] (0.00ns) (grouped into DSP with root node add_ln1839_98)   --->   "%sext_ln1623_94 = sext i27 %product_q20_164" [H:/subband_ref_q610_opt_stage4_latency_stepL2.cpp:1623->H:/subband_ref_q610_opt_stage4_latency_stepL2.cpp:1839->H:/subband_ref_q610_opt_stage4_latency_stepL2.cpp:1868]   --->   Operation 693 'sext' 'sext_ln1623_94' <Predicate = true> <Delay = 0.00>
ST_4 : Operation 694 [1/1] (0.00ns)   --->   "%rend683 = specregionend i32 @_ssdm_op_SpecRegionEnd, void @empty_52, i32 %rbegin96" [H:/subband_ref_q610_opt_stage4_latency_stepL2.cpp:1625->H:/subband_ref_q610_opt_stage4_latency_stepL2.cpp:1839->H:/subband_ref_q610_opt_stage4_latency_stepL2.cpp:1868]   --->   Operation 694 'specregionend' 'rend683' <Predicate = true> <Delay = 0.00>
ST_4 : Operation 695 [1/1] (3.02ns) (root node of the DSP)   --->   "%add_ln1839_98 = add i30 %sext_ln1623_94, i30 %p_load240" [H:/subband_ref_q610_opt_stage4_latency_stepL2.cpp:1839->H:/subband_ref_q610_opt_stage4_latency_stepL2.cpp:1868]   --->   Operation 695 'add' 'add_ln1839_98' <Predicate = true> <Delay = 3.02> <CoreInst = "DSP48">   --->   Core 119 'DSP48' <Latency = 2> <II = 1> <Delay = 3.88> <IPBlock> <Opcode : '' 'add' 'sub' 'mul' 'select'> <InPorts = 0> <OutPorts = 1> <Sync> <CReg>
ST_4 : Operation 696 [1/1] (0.00ns)   --->   "%rbegin97 = specregionbegin i32 @_ssdm_op_SpecRegionBegin, void @empty_51" [H:/subband_ref_q610_opt_stage4_latency_stepL2.cpp:1623->H:/subband_ref_q610_opt_stage4_latency_stepL2.cpp:1839->H:/subband_ref_q610_opt_stage4_latency_stepL2.cpp:1868]   --->   Operation 696 'specregionbegin' 'rbegin97' <Predicate = true> <Delay = 0.00>
ST_4 : Operation 697 [1/3] (0.00ns) (grouped into DSP with root node add_ln1839_99)   --->   "%product_q20_165 = mul i27 %sext_ln1625_127, i27 %zext_ln1625_88" [H:/subband_ref_q610_opt_stage4_latency_stepL2.cpp:1625->H:/subband_ref_q610_opt_stage4_latency_stepL2.cpp:1839->H:/subband_ref_q610_opt_stage4_latency_stepL2.cpp:1868]   --->   Operation 697 'mul' 'product_q20_165' <Predicate = true> <Delay = 0.00> <CoreInst = "DSP48">   --->   Core 119 'DSP48' <Latency = 2> <II = 1> <Delay = 3.88> <IPBlock> <Opcode : '' 'add' 'sub' 'mul' 'select'> <InPorts = 0> <OutPorts = 1> <Sync> <CReg>
ST_4 : Operation 698 [1/1] (0.00ns)   --->   "%specfucore_ln1624 = specfucore void @_ssdm_op_SpecFUCore, i27 %product_q20_165, i64 12, i64 3, i64 2" [H:/subband_ref_q610_opt_stage4_latency_stepL2.cpp:1624->H:/subband_ref_q610_opt_stage4_latency_stepL2.cpp:1839->H:/subband_ref_q610_opt_stage4_latency_stepL2.cpp:1868]   --->   Operation 698 'specfucore' 'specfucore_ln1624' <Predicate = true> <Delay = 0.00>
ST_4 : Operation 699 [1/1] (0.00ns) (grouped into DSP with root node add_ln1839_99)   --->   "%sext_ln1623_95 = sext i27 %product_q20_165" [H:/subband_ref_q610_opt_stage4_latency_stepL2.cpp:1623->H:/subband_ref_q610_opt_stage4_latency_stepL2.cpp:1839->H:/subband_ref_q610_opt_stage4_latency_stepL2.cpp:1868]   --->   Operation 699 'sext' 'sext_ln1623_95' <Predicate = true> <Delay = 0.00>
ST_4 : Operation 700 [1/1] (0.00ns)   --->   "%rend681 = specregionend i32 @_ssdm_op_SpecRegionEnd, void @empty_51, i32 %rbegin97" [H:/subband_ref_q610_opt_stage4_latency_stepL2.cpp:1625->H:/subband_ref_q610_opt_stage4_latency_stepL2.cpp:1839->H:/subband_ref_q610_opt_stage4_latency_stepL2.cpp:1868]   --->   Operation 700 'specregionend' 'rend681' <Predicate = true> <Delay = 0.00>
ST_4 : Operation 701 [1/1] (3.02ns) (root node of the DSP)   --->   "%add_ln1839_99 = add i30 %sext_ln1623_95, i30 %p_load238" [H:/subband_ref_q610_opt_stage4_latency_stepL2.cpp:1839->H:/subband_ref_q610_opt_stage4_latency_stepL2.cpp:1868]   --->   Operation 701 'add' 'add_ln1839_99' <Predicate = true> <Delay = 3.02> <CoreInst = "DSP48">   --->   Core 119 'DSP48' <Latency = 2> <II = 1> <Delay = 3.88> <IPBlock> <Opcode : '' 'add' 'sub' 'mul' 'select'> <InPorts = 0> <OutPorts = 1> <Sync> <CReg>
ST_4 : Operation 702 [1/1] (0.00ns)   --->   "%rbegin98 = specregionbegin i32 @_ssdm_op_SpecRegionBegin, void @empty_50" [H:/subband_ref_q610_opt_stage4_latency_stepL2.cpp:1623->H:/subband_ref_q610_opt_stage4_latency_stepL2.cpp:1839->H:/subband_ref_q610_opt_stage4_latency_stepL2.cpp:1868]   --->   Operation 702 'specregionbegin' 'rbegin98' <Predicate = true> <Delay = 0.00>
ST_4 : Operation 703 [1/3] (0.00ns) (grouped into DSP with root node add_ln1839_100)   --->   "%product_q20_166 = mul i27 %sext_ln1625_128, i27 %zext_ln1625_89" [H:/subband_ref_q610_opt_stage4_latency_stepL2.cpp:1625->H:/subband_ref_q610_opt_stage4_latency_stepL2.cpp:1839->H:/subband_ref_q610_opt_stage4_latency_stepL2.cpp:1868]   --->   Operation 703 'mul' 'product_q20_166' <Predicate = true> <Delay = 0.00> <CoreInst = "DSP48">   --->   Core 119 'DSP48' <Latency = 2> <II = 1> <Delay = 3.88> <IPBlock> <Opcode : '' 'add' 'sub' 'mul' 'select'> <InPorts = 0> <OutPorts = 1> <Sync> <CReg>
ST_4 : Operation 704 [1/1] (0.00ns)   --->   "%specfucore_ln1624 = specfucore void @_ssdm_op_SpecFUCore, i27 %product_q20_166, i64 12, i64 3, i64 2" [H:/subband_ref_q610_opt_stage4_latency_stepL2.cpp:1624->H:/subband_ref_q610_opt_stage4_latency_stepL2.cpp:1839->H:/subband_ref_q610_opt_stage4_latency_stepL2.cpp:1868]   --->   Operation 704 'specfucore' 'specfucore_ln1624' <Predicate = true> <Delay = 0.00>
ST_4 : Operation 705 [1/1] (0.00ns) (grouped into DSP with root node add_ln1839_100)   --->   "%sext_ln1623_96 = sext i27 %product_q20_166" [H:/subband_ref_q610_opt_stage4_latency_stepL2.cpp:1623->H:/subband_ref_q610_opt_stage4_latency_stepL2.cpp:1839->H:/subband_ref_q610_opt_stage4_latency_stepL2.cpp:1868]   --->   Operation 705 'sext' 'sext_ln1623_96' <Predicate = true> <Delay = 0.00>
ST_4 : Operation 706 [1/1] (0.00ns)   --->   "%rend679 = specregionend i32 @_ssdm_op_SpecRegionEnd, void @empty_50, i32 %rbegin98" [H:/subband_ref_q610_opt_stage4_latency_stepL2.cpp:1625->H:/subband_ref_q610_opt_stage4_latency_stepL2.cpp:1839->H:/subband_ref_q610_opt_stage4_latency_stepL2.cpp:1868]   --->   Operation 706 'specregionend' 'rend679' <Predicate = true> <Delay = 0.00>
ST_4 : Operation 707 [1/1] (3.02ns) (root node of the DSP)   --->   "%add_ln1839_100 = add i30 %sext_ln1623_96, i30 %p_load236" [H:/subband_ref_q610_opt_stage4_latency_stepL2.cpp:1839->H:/subband_ref_q610_opt_stage4_latency_stepL2.cpp:1868]   --->   Operation 707 'add' 'add_ln1839_100' <Predicate = true> <Delay = 3.02> <CoreInst = "DSP48">   --->   Core 119 'DSP48' <Latency = 2> <II = 1> <Delay = 3.88> <IPBlock> <Opcode : '' 'add' 'sub' 'mul' 'select'> <InPorts = 0> <OutPorts = 1> <Sync> <CReg>
ST_4 : Operation 708 [1/1] (0.00ns)   --->   "%rbegin99 = specregionbegin i32 @_ssdm_op_SpecRegionBegin, void @empty_49" [H:/subband_ref_q610_opt_stage4_latency_stepL2.cpp:1623->H:/subband_ref_q610_opt_stage4_latency_stepL2.cpp:1839->H:/subband_ref_q610_opt_stage4_latency_stepL2.cpp:1868]   --->   Operation 708 'specregionbegin' 'rbegin99' <Predicate = true> <Delay = 0.00>
ST_4 : Operation 709 [1/3] (0.00ns) (grouped into DSP with root node add_ln1839_101)   --->   "%product_q20_167 = mul i27 %sext_ln1625_129, i27 %zext_ln1625_90" [H:/subband_ref_q610_opt_stage4_latency_stepL2.cpp:1625->H:/subband_ref_q610_opt_stage4_latency_stepL2.cpp:1839->H:/subband_ref_q610_opt_stage4_latency_stepL2.cpp:1868]   --->   Operation 709 'mul' 'product_q20_167' <Predicate = true> <Delay = 0.00> <CoreInst = "DSP48">   --->   Core 119 'DSP48' <Latency = 2> <II = 1> <Delay = 3.88> <IPBlock> <Opcode : '' 'add' 'sub' 'mul' 'select'> <InPorts = 0> <OutPorts = 1> <Sync> <CReg>
ST_4 : Operation 710 [1/1] (0.00ns)   --->   "%specfucore_ln1624 = specfucore void @_ssdm_op_SpecFUCore, i27 %product_q20_167, i64 12, i64 3, i64 2" [H:/subband_ref_q610_opt_stage4_latency_stepL2.cpp:1624->H:/subband_ref_q610_opt_stage4_latency_stepL2.cpp:1839->H:/subband_ref_q610_opt_stage4_latency_stepL2.cpp:1868]   --->   Operation 710 'specfucore' 'specfucore_ln1624' <Predicate = true> <Delay = 0.00>
ST_4 : Operation 711 [1/1] (0.00ns) (grouped into DSP with root node add_ln1839_101)   --->   "%sext_ln1623_97 = sext i27 %product_q20_167" [H:/subband_ref_q610_opt_stage4_latency_stepL2.cpp:1623->H:/subband_ref_q610_opt_stage4_latency_stepL2.cpp:1839->H:/subband_ref_q610_opt_stage4_latency_stepL2.cpp:1868]   --->   Operation 711 'sext' 'sext_ln1623_97' <Predicate = true> <Delay = 0.00>
ST_4 : Operation 712 [1/1] (0.00ns)   --->   "%rend677 = specregionend i32 @_ssdm_op_SpecRegionEnd, void @empty_49, i32 %rbegin99" [H:/subband_ref_q610_opt_stage4_latency_stepL2.cpp:1625->H:/subband_ref_q610_opt_stage4_latency_stepL2.cpp:1839->H:/subband_ref_q610_opt_stage4_latency_stepL2.cpp:1868]   --->   Operation 712 'specregionend' 'rend677' <Predicate = true> <Delay = 0.00>
ST_4 : Operation 713 [1/1] (3.02ns) (root node of the DSP)   --->   "%add_ln1839_101 = add i30 %sext_ln1623_97, i30 %p_load234" [H:/subband_ref_q610_opt_stage4_latency_stepL2.cpp:1839->H:/subband_ref_q610_opt_stage4_latency_stepL2.cpp:1868]   --->   Operation 713 'add' 'add_ln1839_101' <Predicate = true> <Delay = 3.02> <CoreInst = "DSP48">   --->   Core 119 'DSP48' <Latency = 2> <II = 1> <Delay = 3.88> <IPBlock> <Opcode : '' 'add' 'sub' 'mul' 'select'> <InPorts = 0> <OutPorts = 1> <Sync> <CReg>
ST_4 : Operation 714 [1/1] (0.00ns)   --->   "%rbegin100 = specregionbegin i32 @_ssdm_op_SpecRegionBegin, void @empty_48" [H:/subband_ref_q610_opt_stage4_latency_stepL2.cpp:1623->H:/subband_ref_q610_opt_stage4_latency_stepL2.cpp:1839->H:/subband_ref_q610_opt_stage4_latency_stepL2.cpp:1868]   --->   Operation 714 'specregionbegin' 'rbegin100' <Predicate = true> <Delay = 0.00>
ST_4 : Operation 715 [1/3] (0.00ns) (grouped into DSP with root node add_ln1839_102)   --->   "%product_q20_168 = mul i27 %sext_ln1625_130, i27 %zext_ln1625_91" [H:/subband_ref_q610_opt_stage4_latency_stepL2.cpp:1625->H:/subband_ref_q610_opt_stage4_latency_stepL2.cpp:1839->H:/subband_ref_q610_opt_stage4_latency_stepL2.cpp:1868]   --->   Operation 715 'mul' 'product_q20_168' <Predicate = true> <Delay = 0.00> <CoreInst = "DSP48">   --->   Core 119 'DSP48' <Latency = 2> <II = 1> <Delay = 3.88> <IPBlock> <Opcode : '' 'add' 'sub' 'mul' 'select'> <InPorts = 0> <OutPorts = 1> <Sync> <CReg>
ST_4 : Operation 716 [1/1] (0.00ns)   --->   "%specfucore_ln1624 = specfucore void @_ssdm_op_SpecFUCore, i27 %product_q20_168, i64 12, i64 3, i64 2" [H:/subband_ref_q610_opt_stage4_latency_stepL2.cpp:1624->H:/subband_ref_q610_opt_stage4_latency_stepL2.cpp:1839->H:/subband_ref_q610_opt_stage4_latency_stepL2.cpp:1868]   --->   Operation 716 'specfucore' 'specfucore_ln1624' <Predicate = true> <Delay = 0.00>
ST_4 : Operation 717 [1/1] (0.00ns) (grouped into DSP with root node add_ln1839_102)   --->   "%sext_ln1623_98 = sext i27 %product_q20_168" [H:/subband_ref_q610_opt_stage4_latency_stepL2.cpp:1623->H:/subband_ref_q610_opt_stage4_latency_stepL2.cpp:1839->H:/subband_ref_q610_opt_stage4_latency_stepL2.cpp:1868]   --->   Operation 717 'sext' 'sext_ln1623_98' <Predicate = true> <Delay = 0.00>
ST_4 : Operation 718 [1/1] (0.00ns)   --->   "%rend675 = specregionend i32 @_ssdm_op_SpecRegionEnd, void @empty_48, i32 %rbegin100" [H:/subband_ref_q610_opt_stage4_latency_stepL2.cpp:1625->H:/subband_ref_q610_opt_stage4_latency_stepL2.cpp:1839->H:/subband_ref_q610_opt_stage4_latency_stepL2.cpp:1868]   --->   Operation 718 'specregionend' 'rend675' <Predicate = true> <Delay = 0.00>
ST_4 : Operation 719 [1/1] (3.02ns) (root node of the DSP)   --->   "%add_ln1839_102 = add i30 %sext_ln1623_98, i30 %p_load232" [H:/subband_ref_q610_opt_stage4_latency_stepL2.cpp:1839->H:/subband_ref_q610_opt_stage4_latency_stepL2.cpp:1868]   --->   Operation 719 'add' 'add_ln1839_102' <Predicate = true> <Delay = 3.02> <CoreInst = "DSP48">   --->   Core 119 'DSP48' <Latency = 2> <II = 1> <Delay = 3.88> <IPBlock> <Opcode : '' 'add' 'sub' 'mul' 'select'> <InPorts = 0> <OutPorts = 1> <Sync> <CReg>
ST_4 : Operation 720 [1/1] (0.00ns)   --->   "%rbegin101 = specregionbegin i32 @_ssdm_op_SpecRegionBegin, void @empty_47" [H:/subband_ref_q610_opt_stage4_latency_stepL2.cpp:1623->H:/subband_ref_q610_opt_stage4_latency_stepL2.cpp:1839->H:/subband_ref_q610_opt_stage4_latency_stepL2.cpp:1868]   --->   Operation 720 'specregionbegin' 'rbegin101' <Predicate = true> <Delay = 0.00>
ST_4 : Operation 721 [1/3] (0.00ns) (grouped into DSP with root node add_ln1839_103)   --->   "%product_q20_169 = mul i27 %sext_ln1625_131, i27 %zext_ln1625_92" [H:/subband_ref_q610_opt_stage4_latency_stepL2.cpp:1625->H:/subband_ref_q610_opt_stage4_latency_stepL2.cpp:1839->H:/subband_ref_q610_opt_stage4_latency_stepL2.cpp:1868]   --->   Operation 721 'mul' 'product_q20_169' <Predicate = true> <Delay = 0.00> <CoreInst = "DSP48">   --->   Core 119 'DSP48' <Latency = 2> <II = 1> <Delay = 3.88> <IPBlock> <Opcode : '' 'add' 'sub' 'mul' 'select'> <InPorts = 0> <OutPorts = 1> <Sync> <CReg>
ST_4 : Operation 722 [1/1] (0.00ns)   --->   "%specfucore_ln1624 = specfucore void @_ssdm_op_SpecFUCore, i27 %product_q20_169, i64 12, i64 3, i64 2" [H:/subband_ref_q610_opt_stage4_latency_stepL2.cpp:1624->H:/subband_ref_q610_opt_stage4_latency_stepL2.cpp:1839->H:/subband_ref_q610_opt_stage4_latency_stepL2.cpp:1868]   --->   Operation 722 'specfucore' 'specfucore_ln1624' <Predicate = true> <Delay = 0.00>
ST_4 : Operation 723 [1/1] (0.00ns) (grouped into DSP with root node add_ln1839_103)   --->   "%sext_ln1623_99 = sext i27 %product_q20_169" [H:/subband_ref_q610_opt_stage4_latency_stepL2.cpp:1623->H:/subband_ref_q610_opt_stage4_latency_stepL2.cpp:1839->H:/subband_ref_q610_opt_stage4_latency_stepL2.cpp:1868]   --->   Operation 723 'sext' 'sext_ln1623_99' <Predicate = true> <Delay = 0.00>
ST_4 : Operation 724 [1/1] (0.00ns)   --->   "%rend673 = specregionend i32 @_ssdm_op_SpecRegionEnd, void @empty_47, i32 %rbegin101" [H:/subband_ref_q610_opt_stage4_latency_stepL2.cpp:1625->H:/subband_ref_q610_opt_stage4_latency_stepL2.cpp:1839->H:/subband_ref_q610_opt_stage4_latency_stepL2.cpp:1868]   --->   Operation 724 'specregionend' 'rend673' <Predicate = true> <Delay = 0.00>
ST_4 : Operation 725 [1/1] (3.02ns) (root node of the DSP)   --->   "%add_ln1839_103 = add i30 %sext_ln1623_99, i30 %p_load230" [H:/subband_ref_q610_opt_stage4_latency_stepL2.cpp:1839->H:/subband_ref_q610_opt_stage4_latency_stepL2.cpp:1868]   --->   Operation 725 'add' 'add_ln1839_103' <Predicate = true> <Delay = 3.02> <CoreInst = "DSP48">   --->   Core 119 'DSP48' <Latency = 2> <II = 1> <Delay = 3.88> <IPBlock> <Opcode : '' 'add' 'sub' 'mul' 'select'> <InPorts = 0> <OutPorts = 1> <Sync> <CReg>
ST_4 : Operation 726 [1/1] (0.00ns)   --->   "%rbegin102 = specregionbegin i32 @_ssdm_op_SpecRegionBegin, void @empty_46" [H:/subband_ref_q610_opt_stage4_latency_stepL2.cpp:1623->H:/subband_ref_q610_opt_stage4_latency_stepL2.cpp:1839->H:/subband_ref_q610_opt_stage4_latency_stepL2.cpp:1868]   --->   Operation 726 'specregionbegin' 'rbegin102' <Predicate = true> <Delay = 0.00>
ST_4 : Operation 727 [1/3] (0.00ns) (grouped into DSP with root node add_ln1839_104)   --->   "%product_q20_170 = mul i27 %sext_ln1625_132, i27 %zext_ln1625_93" [H:/subband_ref_q610_opt_stage4_latency_stepL2.cpp:1625->H:/subband_ref_q610_opt_stage4_latency_stepL2.cpp:1839->H:/subband_ref_q610_opt_stage4_latency_stepL2.cpp:1868]   --->   Operation 727 'mul' 'product_q20_170' <Predicate = true> <Delay = 0.00> <CoreInst = "DSP48">   --->   Core 119 'DSP48' <Latency = 2> <II = 1> <Delay = 3.88> <IPBlock> <Opcode : '' 'add' 'sub' 'mul' 'select'> <InPorts = 0> <OutPorts = 1> <Sync> <CReg>
ST_4 : Operation 728 [1/1] (0.00ns)   --->   "%specfucore_ln1624 = specfucore void @_ssdm_op_SpecFUCore, i27 %product_q20_170, i64 12, i64 3, i64 2" [H:/subband_ref_q610_opt_stage4_latency_stepL2.cpp:1624->H:/subband_ref_q610_opt_stage4_latency_stepL2.cpp:1839->H:/subband_ref_q610_opt_stage4_latency_stepL2.cpp:1868]   --->   Operation 728 'specfucore' 'specfucore_ln1624' <Predicate = true> <Delay = 0.00>
ST_4 : Operation 729 [1/1] (0.00ns) (grouped into DSP with root node add_ln1839_104)   --->   "%sext_ln1623_100 = sext i27 %product_q20_170" [H:/subband_ref_q610_opt_stage4_latency_stepL2.cpp:1623->H:/subband_ref_q610_opt_stage4_latency_stepL2.cpp:1839->H:/subband_ref_q610_opt_stage4_latency_stepL2.cpp:1868]   --->   Operation 729 'sext' 'sext_ln1623_100' <Predicate = true> <Delay = 0.00>
ST_4 : Operation 730 [1/1] (0.00ns)   --->   "%rend671 = specregionend i32 @_ssdm_op_SpecRegionEnd, void @empty_46, i32 %rbegin102" [H:/subband_ref_q610_opt_stage4_latency_stepL2.cpp:1625->H:/subband_ref_q610_opt_stage4_latency_stepL2.cpp:1839->H:/subband_ref_q610_opt_stage4_latency_stepL2.cpp:1868]   --->   Operation 730 'specregionend' 'rend671' <Predicate = true> <Delay = 0.00>
ST_4 : Operation 731 [1/1] (3.02ns) (root node of the DSP)   --->   "%add_ln1839_104 = add i30 %sext_ln1623_100, i30 %p_load" [H:/subband_ref_q610_opt_stage4_latency_stepL2.cpp:1839->H:/subband_ref_q610_opt_stage4_latency_stepL2.cpp:1868]   --->   Operation 731 'add' 'add_ln1839_104' <Predicate = true> <Delay = 3.02> <CoreInst = "DSP48">   --->   Core 119 'DSP48' <Latency = 2> <II = 1> <Delay = 3.88> <IPBlock> <Opcode : '' 'add' 'sub' 'mul' 'select'> <InPorts = 0> <OutPorts = 1> <Sync> <CReg>
ST_4 : Operation 732 [1/1] (1.58ns)   --->   "%store_ln1839 = store i30 %add_ln1839_104, i30 %empty_747" [H:/subband_ref_q610_opt_stage4_latency_stepL2.cpp:1839->H:/subband_ref_q610_opt_stage4_latency_stepL2.cpp:1868]   --->   Operation 732 'store' 'store_ln1839' <Predicate = true> <Delay = 1.58>
ST_4 : Operation 733 [1/1] (1.58ns)   --->   "%store_ln1839 = store i30 %add_ln1839_103, i30 %empty_746" [H:/subband_ref_q610_opt_stage4_latency_stepL2.cpp:1839->H:/subband_ref_q610_opt_stage4_latency_stepL2.cpp:1868]   --->   Operation 733 'store' 'store_ln1839' <Predicate = true> <Delay = 1.58>
ST_4 : Operation 734 [1/1] (1.58ns)   --->   "%store_ln1839 = store i30 %add_ln1839_102, i30 %empty_745" [H:/subband_ref_q610_opt_stage4_latency_stepL2.cpp:1839->H:/subband_ref_q610_opt_stage4_latency_stepL2.cpp:1868]   --->   Operation 734 'store' 'store_ln1839' <Predicate = true> <Delay = 1.58>
ST_4 : Operation 735 [1/1] (1.58ns)   --->   "%store_ln1839 = store i30 %add_ln1839_101, i30 %empty_744" [H:/subband_ref_q610_opt_stage4_latency_stepL2.cpp:1839->H:/subband_ref_q610_opt_stage4_latency_stepL2.cpp:1868]   --->   Operation 735 'store' 'store_ln1839' <Predicate = true> <Delay = 1.58>
ST_4 : Operation 736 [1/1] (1.58ns)   --->   "%store_ln1839 = store i30 %add_ln1839_100, i30 %empty_743" [H:/subband_ref_q610_opt_stage4_latency_stepL2.cpp:1839->H:/subband_ref_q610_opt_stage4_latency_stepL2.cpp:1868]   --->   Operation 736 'store' 'store_ln1839' <Predicate = true> <Delay = 1.58>
ST_4 : Operation 737 [1/1] (1.58ns)   --->   "%store_ln1839 = store i30 %add_ln1839_99, i30 %empty_742" [H:/subband_ref_q610_opt_stage4_latency_stepL2.cpp:1839->H:/subband_ref_q610_opt_stage4_latency_stepL2.cpp:1868]   --->   Operation 737 'store' 'store_ln1839' <Predicate = true> <Delay = 1.58>
ST_4 : Operation 738 [1/1] (1.58ns)   --->   "%store_ln1839 = store i30 %add_ln1839_98, i30 %empty_741" [H:/subband_ref_q610_opt_stage4_latency_stepL2.cpp:1839->H:/subband_ref_q610_opt_stage4_latency_stepL2.cpp:1868]   --->   Operation 738 'store' 'store_ln1839' <Predicate = true> <Delay = 1.58>
ST_4 : Operation 739 [1/1] (1.58ns)   --->   "%store_ln1839 = store i30 %add_ln1839_97, i30 %empty_740" [H:/subband_ref_q610_opt_stage4_latency_stepL2.cpp:1839->H:/subband_ref_q610_opt_stage4_latency_stepL2.cpp:1868]   --->   Operation 739 'store' 'store_ln1839' <Predicate = true> <Delay = 1.58>
ST_4 : Operation 740 [1/1] (1.58ns)   --->   "%store_ln1839 = store i30 %add_ln1839_96, i30 %empty_739" [H:/subband_ref_q610_opt_stage4_latency_stepL2.cpp:1839->H:/subband_ref_q610_opt_stage4_latency_stepL2.cpp:1868]   --->   Operation 740 'store' 'store_ln1839' <Predicate = true> <Delay = 1.58>
ST_4 : Operation 741 [1/1] (1.58ns)   --->   "%store_ln1839 = store i30 %add_ln1839_95, i30 %empty_738" [H:/subband_ref_q610_opt_stage4_latency_stepL2.cpp:1839->H:/subband_ref_q610_opt_stage4_latency_stepL2.cpp:1868]   --->   Operation 741 'store' 'store_ln1839' <Predicate = true> <Delay = 1.58>
ST_4 : Operation 742 [1/1] (1.58ns)   --->   "%store_ln1839 = store i30 %add_ln1839_94, i30 %empty_737" [H:/subband_ref_q610_opt_stage4_latency_stepL2.cpp:1839->H:/subband_ref_q610_opt_stage4_latency_stepL2.cpp:1868]   --->   Operation 742 'store' 'store_ln1839' <Predicate = true> <Delay = 1.58>
ST_4 : Operation 743 [1/1] (1.58ns)   --->   "%store_ln1839 = store i30 %add_ln1839_93, i30 %empty_736" [H:/subband_ref_q610_opt_stage4_latency_stepL2.cpp:1839->H:/subband_ref_q610_opt_stage4_latency_stepL2.cpp:1868]   --->   Operation 743 'store' 'store_ln1839' <Predicate = true> <Delay = 1.58>
ST_4 : Operation 744 [1/1] (1.58ns)   --->   "%store_ln1839 = store i30 %add_ln1839_92, i30 %empty_735" [H:/subband_ref_q610_opt_stage4_latency_stepL2.cpp:1839->H:/subband_ref_q610_opt_stage4_latency_stepL2.cpp:1868]   --->   Operation 744 'store' 'store_ln1839' <Predicate = true> <Delay = 1.58>
ST_4 : Operation 745 [1/1] (1.58ns)   --->   "%store_ln1839 = store i30 %add_ln1839_91, i30 %empty_734" [H:/subband_ref_q610_opt_stage4_latency_stepL2.cpp:1839->H:/subband_ref_q610_opt_stage4_latency_stepL2.cpp:1868]   --->   Operation 745 'store' 'store_ln1839' <Predicate = true> <Delay = 1.58>
ST_4 : Operation 746 [1/1] (1.58ns)   --->   "%store_ln1839 = store i30 %add_ln1839_90, i30 %empty_733" [H:/subband_ref_q610_opt_stage4_latency_stepL2.cpp:1839->H:/subband_ref_q610_opt_stage4_latency_stepL2.cpp:1868]   --->   Operation 746 'store' 'store_ln1839' <Predicate = true> <Delay = 1.58>
ST_4 : Operation 747 [1/1] (1.58ns)   --->   "%store_ln1839 = store i30 %add_ln1839_89, i30 %empty_732" [H:/subband_ref_q610_opt_stage4_latency_stepL2.cpp:1839->H:/subband_ref_q610_opt_stage4_latency_stepL2.cpp:1868]   --->   Operation 747 'store' 'store_ln1839' <Predicate = true> <Delay = 1.58>
ST_4 : Operation 748 [1/1] (1.58ns)   --->   "%store_ln1839 = store i30 %add_ln1839_88, i30 %empty_731" [H:/subband_ref_q610_opt_stage4_latency_stepL2.cpp:1839->H:/subband_ref_q610_opt_stage4_latency_stepL2.cpp:1868]   --->   Operation 748 'store' 'store_ln1839' <Predicate = true> <Delay = 1.58>
ST_4 : Operation 749 [1/1] (1.58ns)   --->   "%store_ln1839 = store i30 %add_ln1839_87, i30 %empty_730" [H:/subband_ref_q610_opt_stage4_latency_stepL2.cpp:1839->H:/subband_ref_q610_opt_stage4_latency_stepL2.cpp:1868]   --->   Operation 749 'store' 'store_ln1839' <Predicate = true> <Delay = 1.58>
ST_4 : Operation 750 [1/1] (1.58ns)   --->   "%store_ln1839 = store i30 %add_ln1839_86, i30 %empty_729" [H:/subband_ref_q610_opt_stage4_latency_stepL2.cpp:1839->H:/subband_ref_q610_opt_stage4_latency_stepL2.cpp:1868]   --->   Operation 750 'store' 'store_ln1839' <Predicate = true> <Delay = 1.58>
ST_4 : Operation 751 [1/1] (1.58ns)   --->   "%store_ln1839 = store i30 %add_ln1839_85, i30 %empty_728" [H:/subband_ref_q610_opt_stage4_latency_stepL2.cpp:1839->H:/subband_ref_q610_opt_stage4_latency_stepL2.cpp:1868]   --->   Operation 751 'store' 'store_ln1839' <Predicate = true> <Delay = 1.58>
ST_4 : Operation 752 [1/1] (1.58ns)   --->   "%store_ln1839 = store i30 %add_ln1839_84, i30 %empty_727" [H:/subband_ref_q610_opt_stage4_latency_stepL2.cpp:1839->H:/subband_ref_q610_opt_stage4_latency_stepL2.cpp:1868]   --->   Operation 752 'store' 'store_ln1839' <Predicate = true> <Delay = 1.58>
ST_4 : Operation 753 [1/1] (1.58ns)   --->   "%store_ln1839 = store i30 %add_ln1839_83, i30 %empty_726" [H:/subband_ref_q610_opt_stage4_latency_stepL2.cpp:1839->H:/subband_ref_q610_opt_stage4_latency_stepL2.cpp:1868]   --->   Operation 753 'store' 'store_ln1839' <Predicate = true> <Delay = 1.58>
ST_4 : Operation 754 [1/1] (1.58ns)   --->   "%store_ln1839 = store i30 %add_ln1839_82, i30 %empty_725" [H:/subband_ref_q610_opt_stage4_latency_stepL2.cpp:1839->H:/subband_ref_q610_opt_stage4_latency_stepL2.cpp:1868]   --->   Operation 754 'store' 'store_ln1839' <Predicate = true> <Delay = 1.58>
ST_4 : Operation 755 [1/1] (1.58ns)   --->   "%store_ln1839 = store i30 %add_ln1839_81, i30 %empty_724" [H:/subband_ref_q610_opt_stage4_latency_stepL2.cpp:1839->H:/subband_ref_q610_opt_stage4_latency_stepL2.cpp:1868]   --->   Operation 755 'store' 'store_ln1839' <Predicate = true> <Delay = 1.58>
ST_4 : Operation 756 [1/1] (1.58ns)   --->   "%store_ln1839 = store i30 %add_ln1839_80, i30 %empty_723" [H:/subband_ref_q610_opt_stage4_latency_stepL2.cpp:1839->H:/subband_ref_q610_opt_stage4_latency_stepL2.cpp:1868]   --->   Operation 756 'store' 'store_ln1839' <Predicate = true> <Delay = 1.58>
ST_4 : Operation 757 [1/1] (1.58ns)   --->   "%store_ln1839 = store i30 %add_ln1839_79, i30 %empty_722" [H:/subband_ref_q610_opt_stage4_latency_stepL2.cpp:1839->H:/subband_ref_q610_opt_stage4_latency_stepL2.cpp:1868]   --->   Operation 757 'store' 'store_ln1839' <Predicate = true> <Delay = 1.58>
ST_4 : Operation 758 [1/1] (1.58ns)   --->   "%store_ln1839 = store i30 %add_ln1839_78, i30 %empty_721" [H:/subband_ref_q610_opt_stage4_latency_stepL2.cpp:1839->H:/subband_ref_q610_opt_stage4_latency_stepL2.cpp:1868]   --->   Operation 758 'store' 'store_ln1839' <Predicate = true> <Delay = 1.58>
ST_4 : Operation 759 [1/1] (1.58ns)   --->   "%store_ln1839 = store i30 %add_ln1839_77, i30 %empty_720" [H:/subband_ref_q610_opt_stage4_latency_stepL2.cpp:1839->H:/subband_ref_q610_opt_stage4_latency_stepL2.cpp:1868]   --->   Operation 759 'store' 'store_ln1839' <Predicate = true> <Delay = 1.58>
ST_4 : Operation 760 [1/1] (1.58ns)   --->   "%store_ln1839 = store i30 %add_ln1839_76, i30 %empty_719" [H:/subband_ref_q610_opt_stage4_latency_stepL2.cpp:1839->H:/subband_ref_q610_opt_stage4_latency_stepL2.cpp:1868]   --->   Operation 760 'store' 'store_ln1839' <Predicate = true> <Delay = 1.58>
ST_4 : Operation 761 [1/1] (1.58ns)   --->   "%store_ln1839 = store i30 %add_ln1839_75, i30 %empty_718" [H:/subband_ref_q610_opt_stage4_latency_stepL2.cpp:1839->H:/subband_ref_q610_opt_stage4_latency_stepL2.cpp:1868]   --->   Operation 761 'store' 'store_ln1839' <Predicate = true> <Delay = 1.58>
ST_4 : Operation 762 [1/1] (1.58ns)   --->   "%store_ln1839 = store i30 %add_ln1839_74, i30 %empty_717" [H:/subband_ref_q610_opt_stage4_latency_stepL2.cpp:1839->H:/subband_ref_q610_opt_stage4_latency_stepL2.cpp:1868]   --->   Operation 762 'store' 'store_ln1839' <Predicate = true> <Delay = 1.58>
ST_4 : Operation 763 [1/1] (1.58ns)   --->   "%store_ln1839 = store i30 %add_ln1839_73, i30 %empty" [H:/subband_ref_q610_opt_stage4_latency_stepL2.cpp:1839->H:/subband_ref_q610_opt_stage4_latency_stepL2.cpp:1868]   --->   Operation 763 'store' 'store_ln1839' <Predicate = true> <Delay = 1.58>
ST_4 : Operation 764 [1/1] (0.00ns)   --->   "%br_ln1833 = br void %for.body4.i.1" [H:/subband_ref_q610_opt_stage4_latency_stepL2.cpp:1833->H:/subband_ref_q610_opt_stage4_latency_stepL2.cpp:1868]   --->   Operation 764 'br' 'br_ln1833' <Predicate = true> <Delay = 0.00>


============================================================
+ Verbose Summary: Timing violations
============================================================
Target clock period: 10.000ns, clock uncertainty: 2.700ns.

 <State 1>: 6.573ns
The critical path consists of the following:
	'store' operation 0 bit ('store_ln1837', H:/subband_ref_q610_opt_stage4_latency_stepL2.cpp:1837->H:/subband_ref_q610_opt_stage4_latency_stepL2.cpp:1868) of constant 0 on local variable 'index', H:/subband_ref_q610_opt_stage4_latency_stepL2.cpp:1837->H:/subband_ref_q610_opt_stage4_latency_stepL2.cpp:1868 [519]  (1.588 ns)
	'load' operation 8 bit ('base_index', H:/subband_ref_q610_opt_stage4_latency_stepL2.cpp:1833->H:/subband_ref_q610_opt_stage4_latency_stepL2.cpp:1868) on local variable 'index', H:/subband_ref_q610_opt_stage4_latency_stepL2.cpp:1837->H:/subband_ref_q610_opt_stage4_latency_stepL2.cpp:1868 [554]  (0.000 ns)
	'add' operation 10 bit ('add_ln1839', H:/subband_ref_q610_opt_stage4_latency_stepL2.cpp:1839->H:/subband_ref_q610_opt_stage4_latency_stepL2.cpp:1868) [596]  (1.731 ns)
	'getelementptr' operation 10 bit ('SubbandBand0TopQ610_ap_int_const_ap_int_const_ap_int_const_ap_int_const_ap_i_33', H:/subband_ref_q610_opt_stage4_latency_stepL2.cpp:1839->H:/subband_ref_q610_opt_stage4_latency_stepL2.cpp:1868) [598]  (0.000 ns)
	'load' operation 512 bit ('SubbandBand0TopQ610_ap_int_const_ap_int_const_ap_int_const_ap_int_const_ap_i_34', H:/subband_ref_q610_opt_stage4_latency_stepL2.cpp:1839->H:/subband_ref_q610_opt_stage4_latency_stepL2.cpp:1868) on array 'SubbandBand0TopQ610_ap_int_const_ap_int_const_ap_int_const_ap_int_const_ap_i_3' [599]  (3.254 ns)

 <State 2>: 4.304ns
The critical path consists of the following:
	'load' operation 512 bit ('SubbandBand0TopQ610_ap_int_const_ap_int_const_ap_int_const_ap_int_const_ap_i_34', H:/subband_ref_q610_opt_stage4_latency_stepL2.cpp:1839->H:/subband_ref_q610_opt_stage4_latency_stepL2.cpp:1868) on array 'SubbandBand0TopQ610_ap_int_const_ap_int_const_ap_int_const_ap_int_const_ap_i_3' [599]  (3.254 ns)
	'mul' operation 27 bit of DSP[608] ('product_q20', H:/subband_ref_q610_opt_stage4_latency_stepL2.cpp:1625->H:/subband_ref_q610_opt_stage4_latency_stepL2.cpp:1839->H:/subband_ref_q610_opt_stage4_latency_stepL2.cpp:1868) [604]  (1.050 ns)

 <State 3>: 1.050ns
The critical path consists of the following:
	'mul' operation 27 bit of DSP[608] ('product_q20', H:/subband_ref_q610_opt_stage4_latency_stepL2.cpp:1625->H:/subband_ref_q610_opt_stage4_latency_stepL2.cpp:1839->H:/subband_ref_q610_opt_stage4_latency_stepL2.cpp:1868) [604]  (1.050 ns)

 <State 4>: 4.608ns
The critical path consists of the following:
	'load' operation 30 bit ('p_load', H:/subband_ref_q610_opt_stage4_latency_stepL2.cpp:1839->H:/subband_ref_q610_opt_stage4_latency_stepL2.cpp:1868) on local variable 'empty_747' [589]  (0.000 ns)
	'add' operation 30 bit of DSP[918] ('add_ln1839_104', H:/subband_ref_q610_opt_stage4_latency_stepL2.cpp:1839->H:/subband_ref_q610_opt_stage4_latency_stepL2.cpp:1868) [918]  (3.020 ns)
	'store' operation 0 bit ('store_ln1839', H:/subband_ref_q610_opt_stage4_latency_stepL2.cpp:1839->H:/subband_ref_q610_opt_stage4_latency_stepL2.cpp:1868) of variable 'add_ln1839_104', H:/subband_ref_q610_opt_stage4_latency_stepL2.cpp:1839->H:/subband_ref_q610_opt_stage4_latency_stepL2.cpp:1868 on local variable 'empty_747' [921]  (1.588 ns)


============================================================
+ Verbose Summary: Binding
============================================================
N/A
* FSMD analyzer results:
  - Output states:
 - Input state : 
  - Chain level:
	State 1
	State 2
	State 3
	State 4


============================================================
+ Verbose Summary: Datapath Resource usage 
============================================================
N/A
