

================================================================
== Vitis HLS Report for 'p_anonymous_namespace_RunGSUMacPhaseBand0Q610_Pipeline_VITIS_LOOP_1833_2_1'
================================================================
* Date:           Wed May 13 19:58:31 2026

* Version:        2023.2 (Build 4023990 on Oct 11 2023)
* Project:        subband_q610_zybo_z7_20_hls
* Solution:       solution1 (Vivado IP Flow Target)
* Product family: zynq
* Target device:  xc7z020-clg400-1


================================================================
== Performance Estimates
================================================================
+ Timing: 
    * Summary: 
    +--------+----------+----------+------------+
    |  Clock |  Target  | Estimated| Uncertainty|
    +--------+----------+----------+------------+
    |ap_clk  |  10.00 ns|  6.573 ns|     2.70 ns|
    +--------+----------+----------+------------+

+ Latency: 
    * Summary: 
    +---------+---------+----------+----------+-----+-----+---------+
    |  Latency (cycles) |  Latency (absolute) |  Interval | Pipeline|
    |   min   |   max   |    min   |    max   | min | max |   Type  |
    +---------+---------+----------+----------+-----+-----+---------+
    |       11|       11|  0.110 us|  0.110 us|   11|   11|       no|
    +---------+---------+----------+----------+-----+-----+---------+

    + Detail: 
        * Instance: 
        N/A

        * Loop: 
        +---------------------+---------+---------+----------+-----------+-----------+------+----------+
        |                     |  Latency (cycles) | Iteration|  Initiation Interval  | Trip |          |
        |      Loop Name      |   min   |   max   |  Latency |  achieved |   target  | Count| Pipelined|
        +---------------------+---------+---------+----------+-----------+-----------+------+----------+
        |- VITIS_LOOP_1833_2  |        9|        9|         4|          1|          1|     7|       yes|
        +---------------------+---------+---------+----------+-----------+-----------+------+----------+

============================================================
+ Verbose Summary: Synthesis Manager
============================================================
InlineROM: 1
ExposeGlobal: 0
============================================================
+ Verbose Summary: CDFG Model
============================================================
IsTopModel: 0
ResetActiveHigh: 1
IsCombinational: 0
IsDatapathOnly: 0
HasWiredReturn: 1
HasMFsm: 2
HasVarLatency: 1
IsPipeline: 0
IsRtlPipelined: 0
IsInstanceOverlapped: 0
IsDontTouch: 0
HasImplIP: 0
IsGatedGlobalClock: 0

+ Individual pipeline summary: 
  * Pipeline-0: initiation interval (II) = 1, depth = 4


============================================================
+ Verbose Summary: Schedule
============================================================
* Number of FSM states : 4
* Pipeline : 1
  Pipeline-0 : II = 1, D = 4, States = { 1 2 3 4 }
* Dataflow Pipeline: 0

* FSM state transitions: 
1 --> 2 
2 --> 3 
3 --> 4 
4 --> 

* FSM state operations: 

State 1 <SV = 0> <Delay = 6.57>
ST_1 : Operation 7 [1/1] (0.00ns)   --->   "%empty = alloca i32 1"   --->   Operation 7 'alloca' 'empty' <Predicate = true> <Delay = 0.00>
ST_1 : Operation 8 [1/1] (0.00ns)   --->   "%empty_748 = alloca i32 1"   --->   Operation 8 'alloca' 'empty_748' <Predicate = true> <Delay = 0.00>
ST_1 : Operation 9 [1/1] (0.00ns)   --->   "%empty_749 = alloca i32 1"   --->   Operation 9 'alloca' 'empty_749' <Predicate = true> <Delay = 0.00>
ST_1 : Operation 10 [1/1] (0.00ns)   --->   "%empty_750 = alloca i32 1"   --->   Operation 10 'alloca' 'empty_750' <Predicate = true> <Delay = 0.00>
ST_1 : Operation 11 [1/1] (0.00ns)   --->   "%empty_751 = alloca i32 1"   --->   Operation 11 'alloca' 'empty_751' <Predicate = true> <Delay = 0.00>
ST_1 : Operation 12 [1/1] (0.00ns)   --->   "%empty_752 = alloca i32 1"   --->   Operation 12 'alloca' 'empty_752' <Predicate = true> <Delay = 0.00>
ST_1 : Operation 13 [1/1] (0.00ns)   --->   "%empty_753 = alloca i32 1"   --->   Operation 13 'alloca' 'empty_753' <Predicate = true> <Delay = 0.00>
ST_1 : Operation 14 [1/1] (0.00ns)   --->   "%empty_754 = alloca i32 1"   --->   Operation 14 'alloca' 'empty_754' <Predicate = true> <Delay = 0.00>
ST_1 : Operation 15 [1/1] (0.00ns)   --->   "%empty_755 = alloca i32 1"   --->   Operation 15 'alloca' 'empty_755' <Predicate = true> <Delay = 0.00>
ST_1 : Operation 16 [1/1] (0.00ns)   --->   "%empty_756 = alloca i32 1"   --->   Operation 16 'alloca' 'empty_756' <Predicate = true> <Delay = 0.00>
ST_1 : Operation 17 [1/1] (0.00ns)   --->   "%empty_757 = alloca i32 1"   --->   Operation 17 'alloca' 'empty_757' <Predicate = true> <Delay = 0.00>
ST_1 : Operation 18 [1/1] (0.00ns)   --->   "%empty_758 = alloca i32 1"   --->   Operation 18 'alloca' 'empty_758' <Predicate = true> <Delay = 0.00>
ST_1 : Operation 19 [1/1] (0.00ns)   --->   "%empty_759 = alloca i32 1"   --->   Operation 19 'alloca' 'empty_759' <Predicate = true> <Delay = 0.00>
ST_1 : Operation 20 [1/1] (0.00ns)   --->   "%empty_760 = alloca i32 1"   --->   Operation 20 'alloca' 'empty_760' <Predicate = true> <Delay = 0.00>
ST_1 : Operation 21 [1/1] (0.00ns)   --->   "%empty_761 = alloca i32 1"   --->   Operation 21 'alloca' 'empty_761' <Predicate = true> <Delay = 0.00>
ST_1 : Operation 22 [1/1] (0.00ns)   --->   "%empty_762 = alloca i32 1"   --->   Operation 22 'alloca' 'empty_762' <Predicate = true> <Delay = 0.00>
ST_1 : Operation 23 [1/1] (0.00ns)   --->   "%empty_763 = alloca i32 1"   --->   Operation 23 'alloca' 'empty_763' <Predicate = true> <Delay = 0.00>
ST_1 : Operation 24 [1/1] (0.00ns)   --->   "%empty_764 = alloca i32 1"   --->   Operation 24 'alloca' 'empty_764' <Predicate = true> <Delay = 0.00>
ST_1 : Operation 25 [1/1] (0.00ns)   --->   "%empty_765 = alloca i32 1"   --->   Operation 25 'alloca' 'empty_765' <Predicate = true> <Delay = 0.00>
ST_1 : Operation 26 [1/1] (0.00ns)   --->   "%empty_766 = alloca i32 1"   --->   Operation 26 'alloca' 'empty_766' <Predicate = true> <Delay = 0.00>
ST_1 : Operation 27 [1/1] (0.00ns)   --->   "%empty_767 = alloca i32 1"   --->   Operation 27 'alloca' 'empty_767' <Predicate = true> <Delay = 0.00>
ST_1 : Operation 28 [1/1] (0.00ns)   --->   "%empty_768 = alloca i32 1"   --->   Operation 28 'alloca' 'empty_768' <Predicate = true> <Delay = 0.00>
ST_1 : Operation 29 [1/1] (0.00ns)   --->   "%empty_769 = alloca i32 1"   --->   Operation 29 'alloca' 'empty_769' <Predicate = true> <Delay = 0.00>
ST_1 : Operation 30 [1/1] (0.00ns)   --->   "%empty_770 = alloca i32 1"   --->   Operation 30 'alloca' 'empty_770' <Predicate = true> <Delay = 0.00>
ST_1 : Operation 31 [1/1] (0.00ns)   --->   "%empty_771 = alloca i32 1"   --->   Operation 31 'alloca' 'empty_771' <Predicate = true> <Delay = 0.00>
ST_1 : Operation 32 [1/1] (0.00ns)   --->   "%empty_772 = alloca i32 1"   --->   Operation 32 'alloca' 'empty_772' <Predicate = true> <Delay = 0.00>
ST_1 : Operation 33 [1/1] (0.00ns)   --->   "%empty_773 = alloca i32 1"   --->   Operation 33 'alloca' 'empty_773' <Predicate = true> <Delay = 0.00>
ST_1 : Operation 34 [1/1] (0.00ns)   --->   "%empty_774 = alloca i32 1"   --->   Operation 34 'alloca' 'empty_774' <Predicate = true> <Delay = 0.00>
ST_1 : Operation 35 [1/1] (0.00ns)   --->   "%empty_775 = alloca i32 1"   --->   Operation 35 'alloca' 'empty_775' <Predicate = true> <Delay = 0.00>
ST_1 : Operation 36 [1/1] (0.00ns)   --->   "%empty_776 = alloca i32 1"   --->   Operation 36 'alloca' 'empty_776' <Predicate = true> <Delay = 0.00>
ST_1 : Operation 37 [1/1] (0.00ns)   --->   "%empty_777 = alloca i32 1"   --->   Operation 37 'alloca' 'empty_777' <Predicate = true> <Delay = 0.00>
ST_1 : Operation 38 [1/1] (0.00ns)   --->   "%empty_778 = alloca i32 1"   --->   Operation 38 'alloca' 'empty_778' <Predicate = true> <Delay = 0.00>
ST_1 : Operation 39 [1/1] (0.00ns)   --->   "%index = alloca i32 1" [H:/subband_ref_q610_opt_stage4_latency_stepL2.cpp:1837->H:/subband_ref_q610_opt_stage4_latency_stepL2.cpp:1866]   --->   Operation 39 'alloca' 'index' <Predicate = true> <Delay = 0.00>
ST_1 : Operation 40 [1/1] (0.00ns)   --->   "%specbramwithbyteenable_ln0 = specbramwithbyteenable void @_ssdm_op_SpecBRAMWithByteEnable, i512 %SubbandBand0TopQ610_ap_int_const_ap_int_const_ap_int_const_ap_int_const_ap_i_2"   --->   Operation 40 'specbramwithbyteenable' 'specbramwithbyteenable_ln0' <Predicate = true> <Delay = 0.00>
ST_1 : Operation 41 [1/1] (0.00ns)   --->   "%specmemcore_ln0 = specmemcore void @_ssdm_op_SpecMemCore, i512 %SubbandBand0TopQ610_ap_int_const_ap_int_const_ap_int_const_ap_int_const_ap_i_2, i64 666, i64 22, i64 18446744073709551615"   --->   Operation 41 'specmemcore' 'specmemcore_ln0' <Predicate = true> <Delay = 0.00>
ST_1 : Operation 42 [1/1] (0.00ns)   --->   "%input_ptr_223_val_read = read i16 @_ssdm_op_Read.ap_auto.i16, i16 %input_ptr_223_val"   --->   Operation 42 'read' 'input_ptr_223_val_read' <Predicate = true> <Delay = 0.00>
ST_1 : Operation 43 [1/1] (0.00ns)   --->   "%input_ptr_191_val_read = read i16 @_ssdm_op_Read.ap_auto.i16, i16 %input_ptr_191_val"   --->   Operation 43 'read' 'input_ptr_191_val_read' <Predicate = true> <Delay = 0.00>
ST_1 : Operation 44 [1/1] (0.00ns)   --->   "%input_ptr_159_val_read = read i16 @_ssdm_op_Read.ap_auto.i16, i16 %input_ptr_159_val"   --->   Operation 44 'read' 'input_ptr_159_val_read' <Predicate = true> <Delay = 0.00>
ST_1 : Operation 45 [1/1] (0.00ns)   --->   "%input_ptr_127_val_read = read i16 @_ssdm_op_Read.ap_auto.i16, i16 %input_ptr_127_val"   --->   Operation 45 'read' 'input_ptr_127_val_read' <Predicate = true> <Delay = 0.00>
ST_1 : Operation 46 [1/1] (0.00ns)   --->   "%input_ptr_95_val_read = read i16 @_ssdm_op_Read.ap_auto.i16, i16 %input_ptr_95_val"   --->   Operation 46 'read' 'input_ptr_95_val_read' <Predicate = true> <Delay = 0.00>
ST_1 : Operation 47 [1/1] (0.00ns)   --->   "%input_ptr_63_val_read = read i16 @_ssdm_op_Read.ap_auto.i16, i16 %input_ptr_63_val"   --->   Operation 47 'read' 'input_ptr_63_val_read' <Predicate = true> <Delay = 0.00>
ST_1 : Operation 48 [1/1] (0.00ns)   --->   "%input_ptr_31_val_read = read i16 @_ssdm_op_Read.ap_auto.i16, i16 %input_ptr_31_val"   --->   Operation 48 'read' 'input_ptr_31_val_read' <Predicate = true> <Delay = 0.00>
ST_1 : Operation 49 [1/1] (0.00ns)   --->   "%input_ptr_222_val_read = read i16 @_ssdm_op_Read.ap_auto.i16, i16 %input_ptr_222_val"   --->   Operation 49 'read' 'input_ptr_222_val_read' <Predicate = true> <Delay = 0.00>
ST_1 : Operation 50 [1/1] (0.00ns)   --->   "%input_ptr_190_val_read = read i16 @_ssdm_op_Read.ap_auto.i16, i16 %input_ptr_190_val"   --->   Operation 50 'read' 'input_ptr_190_val_read' <Predicate = true> <Delay = 0.00>
ST_1 : Operation 51 [1/1] (0.00ns)   --->   "%input_ptr_158_val_read = read i16 @_ssdm_op_Read.ap_auto.i16, i16 %input_ptr_158_val"   --->   Operation 51 'read' 'input_ptr_158_val_read' <Predicate = true> <Delay = 0.00>
ST_1 : Operation 52 [1/1] (0.00ns)   --->   "%input_ptr_126_val_read = read i16 @_ssdm_op_Read.ap_auto.i16, i16 %input_ptr_126_val"   --->   Operation 52 'read' 'input_ptr_126_val_read' <Predicate = true> <Delay = 0.00>
ST_1 : Operation 53 [1/1] (0.00ns)   --->   "%input_ptr_94_val_read = read i16 @_ssdm_op_Read.ap_auto.i16, i16 %input_ptr_94_val"   --->   Operation 53 'read' 'input_ptr_94_val_read' <Predicate = true> <Delay = 0.00>
ST_1 : Operation 54 [1/1] (0.00ns)   --->   "%input_ptr_62_val_read = read i16 @_ssdm_op_Read.ap_auto.i16, i16 %input_ptr_62_val"   --->   Operation 54 'read' 'input_ptr_62_val_read' <Predicate = true> <Delay = 0.00>
ST_1 : Operation 55 [1/1] (0.00ns)   --->   "%input_ptr_30_val_read = read i16 @_ssdm_op_Read.ap_auto.i16, i16 %input_ptr_30_val"   --->   Operation 55 'read' 'input_ptr_30_val_read' <Predicate = true> <Delay = 0.00>
ST_1 : Operation 56 [1/1] (0.00ns)   --->   "%input_ptr_221_val_read = read i16 @_ssdm_op_Read.ap_auto.i16, i16 %input_ptr_221_val"   --->   Operation 56 'read' 'input_ptr_221_val_read' <Predicate = true> <Delay = 0.00>
ST_1 : Operation 57 [1/1] (0.00ns)   --->   "%input_ptr_189_val_read = read i16 @_ssdm_op_Read.ap_auto.i16, i16 %input_ptr_189_val"   --->   Operation 57 'read' 'input_ptr_189_val_read' <Predicate = true> <Delay = 0.00>
ST_1 : Operation 58 [1/1] (0.00ns)   --->   "%input_ptr_157_val_read = read i16 @_ssdm_op_Read.ap_auto.i16, i16 %input_ptr_157_val"   --->   Operation 58 'read' 'input_ptr_157_val_read' <Predicate = true> <Delay = 0.00>
ST_1 : Operation 59 [1/1] (0.00ns)   --->   "%input_ptr_125_val_read = read i16 @_ssdm_op_Read.ap_auto.i16, i16 %input_ptr_125_val"   --->   Operation 59 'read' 'input_ptr_125_val_read' <Predicate = true> <Delay = 0.00>
ST_1 : Operation 60 [1/1] (0.00ns)   --->   "%input_ptr_93_val_read = read i16 @_ssdm_op_Read.ap_auto.i16, i16 %input_ptr_93_val"   --->   Operation 60 'read' 'input_ptr_93_val_read' <Predicate = true> <Delay = 0.00>
ST_1 : Operation 61 [1/1] (0.00ns)   --->   "%input_ptr_61_val_read = read i16 @_ssdm_op_Read.ap_auto.i16, i16 %input_ptr_61_val"   --->   Operation 61 'read' 'input_ptr_61_val_read' <Predicate = true> <Delay = 0.00>
ST_1 : Operation 62 [1/1] (0.00ns)   --->   "%input_ptr_29_val_read = read i16 @_ssdm_op_Read.ap_auto.i16, i16 %input_ptr_29_val"   --->   Operation 62 'read' 'input_ptr_29_val_read' <Predicate = true> <Delay = 0.00>
ST_1 : Operation 63 [1/1] (0.00ns)   --->   "%input_ptr_220_val_read = read i16 @_ssdm_op_Read.ap_auto.i16, i16 %input_ptr_220_val"   --->   Operation 63 'read' 'input_ptr_220_val_read' <Predicate = true> <Delay = 0.00>
ST_1 : Operation 64 [1/1] (0.00ns)   --->   "%input_ptr_188_val_read = read i16 @_ssdm_op_Read.ap_auto.i16, i16 %input_ptr_188_val"   --->   Operation 64 'read' 'input_ptr_188_val_read' <Predicate = true> <Delay = 0.00>
ST_1 : Operation 65 [1/1] (0.00ns)   --->   "%input_ptr_156_val_read = read i16 @_ssdm_op_Read.ap_auto.i16, i16 %input_ptr_156_val"   --->   Operation 65 'read' 'input_ptr_156_val_read' <Predicate = true> <Delay = 0.00>
ST_1 : Operation 66 [1/1] (0.00ns)   --->   "%input_ptr_124_val_read = read i16 @_ssdm_op_Read.ap_auto.i16, i16 %input_ptr_124_val"   --->   Operation 66 'read' 'input_ptr_124_val_read' <Predicate = true> <Delay = 0.00>
ST_1 : Operation 67 [1/1] (0.00ns)   --->   "%input_ptr_92_val_read = read i16 @_ssdm_op_Read.ap_auto.i16, i16 %input_ptr_92_val"   --->   Operation 67 'read' 'input_ptr_92_val_read' <Predicate = true> <Delay = 0.00>
ST_1 : Operation 68 [1/1] (0.00ns)   --->   "%input_ptr_60_val_read = read i16 @_ssdm_op_Read.ap_auto.i16, i16 %input_ptr_60_val"   --->   Operation 68 'read' 'input_ptr_60_val_read' <Predicate = true> <Delay = 0.00>
ST_1 : Operation 69 [1/1] (0.00ns)   --->   "%input_ptr_28_val_read = read i16 @_ssdm_op_Read.ap_auto.i16, i16 %input_ptr_28_val"   --->   Operation 69 'read' 'input_ptr_28_val_read' <Predicate = true> <Delay = 0.00>
ST_1 : Operation 70 [1/1] (0.00ns)   --->   "%input_ptr_219_val_read = read i16 @_ssdm_op_Read.ap_auto.i16, i16 %input_ptr_219_val"   --->   Operation 70 'read' 'input_ptr_219_val_read' <Predicate = true> <Delay = 0.00>
ST_1 : Operation 71 [1/1] (0.00ns)   --->   "%input_ptr_187_val_read = read i16 @_ssdm_op_Read.ap_auto.i16, i16 %input_ptr_187_val"   --->   Operation 71 'read' 'input_ptr_187_val_read' <Predicate = true> <Delay = 0.00>
ST_1 : Operation 72 [1/1] (0.00ns)   --->   "%input_ptr_155_val_read = read i16 @_ssdm_op_Read.ap_auto.i16, i16 %input_ptr_155_val"   --->   Operation 72 'read' 'input_ptr_155_val_read' <Predicate = true> <Delay = 0.00>
ST_1 : Operation 73 [1/1] (0.00ns)   --->   "%input_ptr_123_val_read = read i16 @_ssdm_op_Read.ap_auto.i16, i16 %input_ptr_123_val"   --->   Operation 73 'read' 'input_ptr_123_val_read' <Predicate = true> <Delay = 0.00>
ST_1 : Operation 74 [1/1] (0.00ns)   --->   "%input_ptr_91_val_read = read i16 @_ssdm_op_Read.ap_auto.i16, i16 %input_ptr_91_val"   --->   Operation 74 'read' 'input_ptr_91_val_read' <Predicate = true> <Delay = 0.00>
ST_1 : Operation 75 [1/1] (0.00ns)   --->   "%input_ptr_59_val_read = read i16 @_ssdm_op_Read.ap_auto.i16, i16 %input_ptr_59_val"   --->   Operation 75 'read' 'input_ptr_59_val_read' <Predicate = true> <Delay = 0.00>
ST_1 : Operation 76 [1/1] (0.00ns)   --->   "%input_ptr_27_val_read = read i16 @_ssdm_op_Read.ap_auto.i16, i16 %input_ptr_27_val"   --->   Operation 76 'read' 'input_ptr_27_val_read' <Predicate = true> <Delay = 0.00>
ST_1 : Operation 77 [1/1] (0.00ns)   --->   "%input_ptr_218_val_read = read i16 @_ssdm_op_Read.ap_auto.i16, i16 %input_ptr_218_val"   --->   Operation 77 'read' 'input_ptr_218_val_read' <Predicate = true> <Delay = 0.00>
ST_1 : Operation 78 [1/1] (0.00ns)   --->   "%input_ptr_186_val_read = read i16 @_ssdm_op_Read.ap_auto.i16, i16 %input_ptr_186_val"   --->   Operation 78 'read' 'input_ptr_186_val_read' <Predicate = true> <Delay = 0.00>
ST_1 : Operation 79 [1/1] (0.00ns)   --->   "%input_ptr_154_val_read = read i16 @_ssdm_op_Read.ap_auto.i16, i16 %input_ptr_154_val"   --->   Operation 79 'read' 'input_ptr_154_val_read' <Predicate = true> <Delay = 0.00>
ST_1 : Operation 80 [1/1] (0.00ns)   --->   "%input_ptr_122_val_read = read i16 @_ssdm_op_Read.ap_auto.i16, i16 %input_ptr_122_val"   --->   Operation 80 'read' 'input_ptr_122_val_read' <Predicate = true> <Delay = 0.00>
ST_1 : Operation 81 [1/1] (0.00ns)   --->   "%input_ptr_90_val_read = read i16 @_ssdm_op_Read.ap_auto.i16, i16 %input_ptr_90_val"   --->   Operation 81 'read' 'input_ptr_90_val_read' <Predicate = true> <Delay = 0.00>
ST_1 : Operation 82 [1/1] (0.00ns)   --->   "%input_ptr_58_val_read = read i16 @_ssdm_op_Read.ap_auto.i16, i16 %input_ptr_58_val"   --->   Operation 82 'read' 'input_ptr_58_val_read' <Predicate = true> <Delay = 0.00>
ST_1 : Operation 83 [1/1] (0.00ns)   --->   "%input_ptr_26_val_read = read i16 @_ssdm_op_Read.ap_auto.i16, i16 %input_ptr_26_val"   --->   Operation 83 'read' 'input_ptr_26_val_read' <Predicate = true> <Delay = 0.00>
ST_1 : Operation 84 [1/1] (0.00ns)   --->   "%input_ptr_217_val_read = read i16 @_ssdm_op_Read.ap_auto.i16, i16 %input_ptr_217_val"   --->   Operation 84 'read' 'input_ptr_217_val_read' <Predicate = true> <Delay = 0.00>
ST_1 : Operation 85 [1/1] (0.00ns)   --->   "%input_ptr_185_val_read = read i16 @_ssdm_op_Read.ap_auto.i16, i16 %input_ptr_185_val"   --->   Operation 85 'read' 'input_ptr_185_val_read' <Predicate = true> <Delay = 0.00>
ST_1 : Operation 86 [1/1] (0.00ns)   --->   "%input_ptr_153_val_read = read i16 @_ssdm_op_Read.ap_auto.i16, i16 %input_ptr_153_val"   --->   Operation 86 'read' 'input_ptr_153_val_read' <Predicate = true> <Delay = 0.00>
ST_1 : Operation 87 [1/1] (0.00ns)   --->   "%input_ptr_121_val_read = read i16 @_ssdm_op_Read.ap_auto.i16, i16 %input_ptr_121_val"   --->   Operation 87 'read' 'input_ptr_121_val_read' <Predicate = true> <Delay = 0.00>
ST_1 : Operation 88 [1/1] (0.00ns)   --->   "%input_ptr_89_val_read = read i16 @_ssdm_op_Read.ap_auto.i16, i16 %input_ptr_89_val"   --->   Operation 88 'read' 'input_ptr_89_val_read' <Predicate = true> <Delay = 0.00>
ST_1 : Operation 89 [1/1] (0.00ns)   --->   "%input_ptr_57_val_read = read i16 @_ssdm_op_Read.ap_auto.i16, i16 %input_ptr_57_val"   --->   Operation 89 'read' 'input_ptr_57_val_read' <Predicate = true> <Delay = 0.00>
ST_1 : Operation 90 [1/1] (0.00ns)   --->   "%input_ptr_25_val_read = read i16 @_ssdm_op_Read.ap_auto.i16, i16 %input_ptr_25_val"   --->   Operation 90 'read' 'input_ptr_25_val_read' <Predicate = true> <Delay = 0.00>
ST_1 : Operation 91 [1/1] (0.00ns)   --->   "%input_ptr_216_val_read = read i16 @_ssdm_op_Read.ap_auto.i16, i16 %input_ptr_216_val"   --->   Operation 91 'read' 'input_ptr_216_val_read' <Predicate = true> <Delay = 0.00>
ST_1 : Operation 92 [1/1] (0.00ns)   --->   "%input_ptr_184_val_read = read i16 @_ssdm_op_Read.ap_auto.i16, i16 %input_ptr_184_val"   --->   Operation 92 'read' 'input_ptr_184_val_read' <Predicate = true> <Delay = 0.00>
ST_1 : Operation 93 [1/1] (0.00ns)   --->   "%input_ptr_152_val_read = read i16 @_ssdm_op_Read.ap_auto.i16, i16 %input_ptr_152_val"   --->   Operation 93 'read' 'input_ptr_152_val_read' <Predicate = true> <Delay = 0.00>
ST_1 : Operation 94 [1/1] (0.00ns)   --->   "%input_ptr_120_val_read = read i16 @_ssdm_op_Read.ap_auto.i16, i16 %input_ptr_120_val"   --->   Operation 94 'read' 'input_ptr_120_val_read' <Predicate = true> <Delay = 0.00>
ST_1 : Operation 95 [1/1] (0.00ns)   --->   "%input_ptr_88_val_read = read i16 @_ssdm_op_Read.ap_auto.i16, i16 %input_ptr_88_val"   --->   Operation 95 'read' 'input_ptr_88_val_read' <Predicate = true> <Delay = 0.00>
ST_1 : Operation 96 [1/1] (0.00ns)   --->   "%input_ptr_56_val_read = read i16 @_ssdm_op_Read.ap_auto.i16, i16 %input_ptr_56_val"   --->   Operation 96 'read' 'input_ptr_56_val_read' <Predicate = true> <Delay = 0.00>
ST_1 : Operation 97 [1/1] (0.00ns)   --->   "%input_ptr_24_val_read = read i16 @_ssdm_op_Read.ap_auto.i16, i16 %input_ptr_24_val"   --->   Operation 97 'read' 'input_ptr_24_val_read' <Predicate = true> <Delay = 0.00>
ST_1 : Operation 98 [1/1] (0.00ns)   --->   "%input_ptr_215_val_read = read i16 @_ssdm_op_Read.ap_auto.i16, i16 %input_ptr_215_val"   --->   Operation 98 'read' 'input_ptr_215_val_read' <Predicate = true> <Delay = 0.00>
ST_1 : Operation 99 [1/1] (0.00ns)   --->   "%input_ptr_183_val_read = read i16 @_ssdm_op_Read.ap_auto.i16, i16 %input_ptr_183_val"   --->   Operation 99 'read' 'input_ptr_183_val_read' <Predicate = true> <Delay = 0.00>
ST_1 : Operation 100 [1/1] (0.00ns)   --->   "%input_ptr_151_val_read = read i16 @_ssdm_op_Read.ap_auto.i16, i16 %input_ptr_151_val"   --->   Operation 100 'read' 'input_ptr_151_val_read' <Predicate = true> <Delay = 0.00>
ST_1 : Operation 101 [1/1] (0.00ns)   --->   "%input_ptr_119_val_read = read i16 @_ssdm_op_Read.ap_auto.i16, i16 %input_ptr_119_val"   --->   Operation 101 'read' 'input_ptr_119_val_read' <Predicate = true> <Delay = 0.00>
ST_1 : Operation 102 [1/1] (0.00ns)   --->   "%input_ptr_87_val_read = read i16 @_ssdm_op_Read.ap_auto.i16, i16 %input_ptr_87_val"   --->   Operation 102 'read' 'input_ptr_87_val_read' <Predicate = true> <Delay = 0.00>
ST_1 : Operation 103 [1/1] (0.00ns)   --->   "%input_ptr_55_val_read = read i16 @_ssdm_op_Read.ap_auto.i16, i16 %input_ptr_55_val"   --->   Operation 103 'read' 'input_ptr_55_val_read' <Predicate = true> <Delay = 0.00>
ST_1 : Operation 104 [1/1] (0.00ns)   --->   "%input_ptr_23_val_read = read i16 @_ssdm_op_Read.ap_auto.i16, i16 %input_ptr_23_val"   --->   Operation 104 'read' 'input_ptr_23_val_read' <Predicate = true> <Delay = 0.00>
ST_1 : Operation 105 [1/1] (0.00ns)   --->   "%input_ptr_214_val_read = read i16 @_ssdm_op_Read.ap_auto.i16, i16 %input_ptr_214_val"   --->   Operation 105 'read' 'input_ptr_214_val_read' <Predicate = true> <Delay = 0.00>
ST_1 : Operation 106 [1/1] (0.00ns)   --->   "%input_ptr_182_val_read = read i16 @_ssdm_op_Read.ap_auto.i16, i16 %input_ptr_182_val"   --->   Operation 106 'read' 'input_ptr_182_val_read' <Predicate = true> <Delay = 0.00>
ST_1 : Operation 107 [1/1] (0.00ns)   --->   "%input_ptr_150_val_read = read i16 @_ssdm_op_Read.ap_auto.i16, i16 %input_ptr_150_val"   --->   Operation 107 'read' 'input_ptr_150_val_read' <Predicate = true> <Delay = 0.00>
ST_1 : Operation 108 [1/1] (0.00ns)   --->   "%input_ptr_118_val_read = read i16 @_ssdm_op_Read.ap_auto.i16, i16 %input_ptr_118_val"   --->   Operation 108 'read' 'input_ptr_118_val_read' <Predicate = true> <Delay = 0.00>
ST_1 : Operation 109 [1/1] (0.00ns)   --->   "%input_ptr_86_val_read = read i16 @_ssdm_op_Read.ap_auto.i16, i16 %input_ptr_86_val"   --->   Operation 109 'read' 'input_ptr_86_val_read' <Predicate = true> <Delay = 0.00>
ST_1 : Operation 110 [1/1] (0.00ns)   --->   "%input_ptr_54_val_read = read i16 @_ssdm_op_Read.ap_auto.i16, i16 %input_ptr_54_val"   --->   Operation 110 'read' 'input_ptr_54_val_read' <Predicate = true> <Delay = 0.00>
ST_1 : Operation 111 [1/1] (0.00ns)   --->   "%input_ptr_22_val_read = read i16 @_ssdm_op_Read.ap_auto.i16, i16 %input_ptr_22_val"   --->   Operation 111 'read' 'input_ptr_22_val_read' <Predicate = true> <Delay = 0.00>
ST_1 : Operation 112 [1/1] (0.00ns)   --->   "%input_ptr_213_val_read = read i16 @_ssdm_op_Read.ap_auto.i16, i16 %input_ptr_213_val"   --->   Operation 112 'read' 'input_ptr_213_val_read' <Predicate = true> <Delay = 0.00>
ST_1 : Operation 113 [1/1] (0.00ns)   --->   "%input_ptr_181_val_read = read i16 @_ssdm_op_Read.ap_auto.i16, i16 %input_ptr_181_val"   --->   Operation 113 'read' 'input_ptr_181_val_read' <Predicate = true> <Delay = 0.00>
ST_1 : Operation 114 [1/1] (0.00ns)   --->   "%input_ptr_149_val_read = read i16 @_ssdm_op_Read.ap_auto.i16, i16 %input_ptr_149_val"   --->   Operation 114 'read' 'input_ptr_149_val_read' <Predicate = true> <Delay = 0.00>
ST_1 : Operation 115 [1/1] (0.00ns)   --->   "%input_ptr_117_val_read = read i16 @_ssdm_op_Read.ap_auto.i16, i16 %input_ptr_117_val"   --->   Operation 115 'read' 'input_ptr_117_val_read' <Predicate = true> <Delay = 0.00>
ST_1 : Operation 116 [1/1] (0.00ns)   --->   "%input_ptr_85_val_read = read i16 @_ssdm_op_Read.ap_auto.i16, i16 %input_ptr_85_val"   --->   Operation 116 'read' 'input_ptr_85_val_read' <Predicate = true> <Delay = 0.00>
ST_1 : Operation 117 [1/1] (0.00ns)   --->   "%input_ptr_53_val_read = read i16 @_ssdm_op_Read.ap_auto.i16, i16 %input_ptr_53_val"   --->   Operation 117 'read' 'input_ptr_53_val_read' <Predicate = true> <Delay = 0.00>
ST_1 : Operation 118 [1/1] (0.00ns)   --->   "%input_ptr_21_val_read = read i16 @_ssdm_op_Read.ap_auto.i16, i16 %input_ptr_21_val"   --->   Operation 118 'read' 'input_ptr_21_val_read' <Predicate = true> <Delay = 0.00>
ST_1 : Operation 119 [1/1] (0.00ns)   --->   "%input_ptr_212_val_read = read i16 @_ssdm_op_Read.ap_auto.i16, i16 %input_ptr_212_val"   --->   Operation 119 'read' 'input_ptr_212_val_read' <Predicate = true> <Delay = 0.00>
ST_1 : Operation 120 [1/1] (0.00ns)   --->   "%input_ptr_180_val_read = read i16 @_ssdm_op_Read.ap_auto.i16, i16 %input_ptr_180_val"   --->   Operation 120 'read' 'input_ptr_180_val_read' <Predicate = true> <Delay = 0.00>
ST_1 : Operation 121 [1/1] (0.00ns)   --->   "%input_ptr_148_val_read = read i16 @_ssdm_op_Read.ap_auto.i16, i16 %input_ptr_148_val"   --->   Operation 121 'read' 'input_ptr_148_val_read' <Predicate = true> <Delay = 0.00>
ST_1 : Operation 122 [1/1] (0.00ns)   --->   "%input_ptr_116_val_read = read i16 @_ssdm_op_Read.ap_auto.i16, i16 %input_ptr_116_val"   --->   Operation 122 'read' 'input_ptr_116_val_read' <Predicate = true> <Delay = 0.00>
ST_1 : Operation 123 [1/1] (0.00ns)   --->   "%input_ptr_84_val_read = read i16 @_ssdm_op_Read.ap_auto.i16, i16 %input_ptr_84_val"   --->   Operation 123 'read' 'input_ptr_84_val_read' <Predicate = true> <Delay = 0.00>
ST_1 : Operation 124 [1/1] (0.00ns)   --->   "%input_ptr_52_val_read = read i16 @_ssdm_op_Read.ap_auto.i16, i16 %input_ptr_52_val"   --->   Operation 124 'read' 'input_ptr_52_val_read' <Predicate = true> <Delay = 0.00>
ST_1 : Operation 125 [1/1] (0.00ns)   --->   "%input_ptr_20_val_read = read i16 @_ssdm_op_Read.ap_auto.i16, i16 %input_ptr_20_val"   --->   Operation 125 'read' 'input_ptr_20_val_read' <Predicate = true> <Delay = 0.00>
ST_1 : Operation 126 [1/1] (0.00ns)   --->   "%input_ptr_211_val_read = read i16 @_ssdm_op_Read.ap_auto.i16, i16 %input_ptr_211_val"   --->   Operation 126 'read' 'input_ptr_211_val_read' <Predicate = true> <Delay = 0.00>
ST_1 : Operation 127 [1/1] (0.00ns)   --->   "%input_ptr_179_val_read = read i16 @_ssdm_op_Read.ap_auto.i16, i16 %input_ptr_179_val"   --->   Operation 127 'read' 'input_ptr_179_val_read' <Predicate = true> <Delay = 0.00>
ST_1 : Operation 128 [1/1] (0.00ns)   --->   "%input_ptr_147_val_read = read i16 @_ssdm_op_Read.ap_auto.i16, i16 %input_ptr_147_val"   --->   Operation 128 'read' 'input_ptr_147_val_read' <Predicate = true> <Delay = 0.00>
ST_1 : Operation 129 [1/1] (0.00ns)   --->   "%input_ptr_115_val_read = read i16 @_ssdm_op_Read.ap_auto.i16, i16 %input_ptr_115_val"   --->   Operation 129 'read' 'input_ptr_115_val_read' <Predicate = true> <Delay = 0.00>
ST_1 : Operation 130 [1/1] (0.00ns)   --->   "%input_ptr_83_val_read = read i16 @_ssdm_op_Read.ap_auto.i16, i16 %input_ptr_83_val"   --->   Operation 130 'read' 'input_ptr_83_val_read' <Predicate = true> <Delay = 0.00>
ST_1 : Operation 131 [1/1] (0.00ns)   --->   "%input_ptr_51_val_read = read i16 @_ssdm_op_Read.ap_auto.i16, i16 %input_ptr_51_val"   --->   Operation 131 'read' 'input_ptr_51_val_read' <Predicate = true> <Delay = 0.00>
ST_1 : Operation 132 [1/1] (0.00ns)   --->   "%input_ptr_19_val_read = read i16 @_ssdm_op_Read.ap_auto.i16, i16 %input_ptr_19_val"   --->   Operation 132 'read' 'input_ptr_19_val_read' <Predicate = true> <Delay = 0.00>
ST_1 : Operation 133 [1/1] (0.00ns)   --->   "%input_ptr_210_val_read = read i16 @_ssdm_op_Read.ap_auto.i16, i16 %input_ptr_210_val"   --->   Operation 133 'read' 'input_ptr_210_val_read' <Predicate = true> <Delay = 0.00>
ST_1 : Operation 134 [1/1] (0.00ns)   --->   "%input_ptr_178_val_read = read i16 @_ssdm_op_Read.ap_auto.i16, i16 %input_ptr_178_val"   --->   Operation 134 'read' 'input_ptr_178_val_read' <Predicate = true> <Delay = 0.00>
ST_1 : Operation 135 [1/1] (0.00ns)   --->   "%input_ptr_146_val_read = read i16 @_ssdm_op_Read.ap_auto.i16, i16 %input_ptr_146_val"   --->   Operation 135 'read' 'input_ptr_146_val_read' <Predicate = true> <Delay = 0.00>
ST_1 : Operation 136 [1/1] (0.00ns)   --->   "%input_ptr_114_val_read = read i16 @_ssdm_op_Read.ap_auto.i16, i16 %input_ptr_114_val"   --->   Operation 136 'read' 'input_ptr_114_val_read' <Predicate = true> <Delay = 0.00>
ST_1 : Operation 137 [1/1] (0.00ns)   --->   "%input_ptr_82_val_read = read i16 @_ssdm_op_Read.ap_auto.i16, i16 %input_ptr_82_val"   --->   Operation 137 'read' 'input_ptr_82_val_read' <Predicate = true> <Delay = 0.00>
ST_1 : Operation 138 [1/1] (0.00ns)   --->   "%input_ptr_50_val_read = read i16 @_ssdm_op_Read.ap_auto.i16, i16 %input_ptr_50_val"   --->   Operation 138 'read' 'input_ptr_50_val_read' <Predicate = true> <Delay = 0.00>
ST_1 : Operation 139 [1/1] (0.00ns)   --->   "%input_ptr_18_val_read = read i16 @_ssdm_op_Read.ap_auto.i16, i16 %input_ptr_18_val"   --->   Operation 139 'read' 'input_ptr_18_val_read' <Predicate = true> <Delay = 0.00>
ST_1 : Operation 140 [1/1] (0.00ns)   --->   "%input_ptr_209_val_read = read i16 @_ssdm_op_Read.ap_auto.i16, i16 %input_ptr_209_val"   --->   Operation 140 'read' 'input_ptr_209_val_read' <Predicate = true> <Delay = 0.00>
ST_1 : Operation 141 [1/1] (0.00ns)   --->   "%input_ptr_177_val_read = read i16 @_ssdm_op_Read.ap_auto.i16, i16 %input_ptr_177_val"   --->   Operation 141 'read' 'input_ptr_177_val_read' <Predicate = true> <Delay = 0.00>
ST_1 : Operation 142 [1/1] (0.00ns)   --->   "%input_ptr_145_val_read = read i16 @_ssdm_op_Read.ap_auto.i16, i16 %input_ptr_145_val"   --->   Operation 142 'read' 'input_ptr_145_val_read' <Predicate = true> <Delay = 0.00>
ST_1 : Operation 143 [1/1] (0.00ns)   --->   "%input_ptr_113_val_read = read i16 @_ssdm_op_Read.ap_auto.i16, i16 %input_ptr_113_val"   --->   Operation 143 'read' 'input_ptr_113_val_read' <Predicate = true> <Delay = 0.00>
ST_1 : Operation 144 [1/1] (0.00ns)   --->   "%input_ptr_81_val_read = read i16 @_ssdm_op_Read.ap_auto.i16, i16 %input_ptr_81_val"   --->   Operation 144 'read' 'input_ptr_81_val_read' <Predicate = true> <Delay = 0.00>
ST_1 : Operation 145 [1/1] (0.00ns)   --->   "%input_ptr_49_val_read = read i16 @_ssdm_op_Read.ap_auto.i16, i16 %input_ptr_49_val"   --->   Operation 145 'read' 'input_ptr_49_val_read' <Predicate = true> <Delay = 0.00>
ST_1 : Operation 146 [1/1] (0.00ns)   --->   "%input_ptr_17_val_read = read i16 @_ssdm_op_Read.ap_auto.i16, i16 %input_ptr_17_val"   --->   Operation 146 'read' 'input_ptr_17_val_read' <Predicate = true> <Delay = 0.00>
ST_1 : Operation 147 [1/1] (0.00ns)   --->   "%input_ptr_208_val_read = read i16 @_ssdm_op_Read.ap_auto.i16, i16 %input_ptr_208_val"   --->   Operation 147 'read' 'input_ptr_208_val_read' <Predicate = true> <Delay = 0.00>
ST_1 : Operation 148 [1/1] (0.00ns)   --->   "%input_ptr_176_val_read = read i16 @_ssdm_op_Read.ap_auto.i16, i16 %input_ptr_176_val"   --->   Operation 148 'read' 'input_ptr_176_val_read' <Predicate = true> <Delay = 0.00>
ST_1 : Operation 149 [1/1] (0.00ns)   --->   "%input_ptr_144_val_read = read i16 @_ssdm_op_Read.ap_auto.i16, i16 %input_ptr_144_val"   --->   Operation 149 'read' 'input_ptr_144_val_read' <Predicate = true> <Delay = 0.00>
ST_1 : Operation 150 [1/1] (0.00ns)   --->   "%input_ptr_112_val_read = read i16 @_ssdm_op_Read.ap_auto.i16, i16 %input_ptr_112_val"   --->   Operation 150 'read' 'input_ptr_112_val_read' <Predicate = true> <Delay = 0.00>
ST_1 : Operation 151 [1/1] (0.00ns)   --->   "%input_ptr_80_val_read = read i16 @_ssdm_op_Read.ap_auto.i16, i16 %input_ptr_80_val"   --->   Operation 151 'read' 'input_ptr_80_val_read' <Predicate = true> <Delay = 0.00>
ST_1 : Operation 152 [1/1] (0.00ns)   --->   "%input_ptr_48_val_read = read i16 @_ssdm_op_Read.ap_auto.i16, i16 %input_ptr_48_val"   --->   Operation 152 'read' 'input_ptr_48_val_read' <Predicate = true> <Delay = 0.00>
ST_1 : Operation 153 [1/1] (0.00ns)   --->   "%input_ptr_16_val_read = read i16 @_ssdm_op_Read.ap_auto.i16, i16 %input_ptr_16_val"   --->   Operation 153 'read' 'input_ptr_16_val_read' <Predicate = true> <Delay = 0.00>
ST_1 : Operation 154 [1/1] (0.00ns)   --->   "%input_ptr_207_val_read = read i16 @_ssdm_op_Read.ap_auto.i16, i16 %input_ptr_207_val"   --->   Operation 154 'read' 'input_ptr_207_val_read' <Predicate = true> <Delay = 0.00>
ST_1 : Operation 155 [1/1] (0.00ns)   --->   "%input_ptr_175_val_read = read i16 @_ssdm_op_Read.ap_auto.i16, i16 %input_ptr_175_val"   --->   Operation 155 'read' 'input_ptr_175_val_read' <Predicate = true> <Delay = 0.00>
ST_1 : Operation 156 [1/1] (0.00ns)   --->   "%input_ptr_143_val_read = read i16 @_ssdm_op_Read.ap_auto.i16, i16 %input_ptr_143_val"   --->   Operation 156 'read' 'input_ptr_143_val_read' <Predicate = true> <Delay = 0.00>
ST_1 : Operation 157 [1/1] (0.00ns)   --->   "%input_ptr_111_val_read = read i16 @_ssdm_op_Read.ap_auto.i16, i16 %input_ptr_111_val"   --->   Operation 157 'read' 'input_ptr_111_val_read' <Predicate = true> <Delay = 0.00>
ST_1 : Operation 158 [1/1] (0.00ns)   --->   "%input_ptr_79_val_read = read i16 @_ssdm_op_Read.ap_auto.i16, i16 %input_ptr_79_val"   --->   Operation 158 'read' 'input_ptr_79_val_read' <Predicate = true> <Delay = 0.00>
ST_1 : Operation 159 [1/1] (0.00ns)   --->   "%input_ptr_47_val_read = read i16 @_ssdm_op_Read.ap_auto.i16, i16 %input_ptr_47_val"   --->   Operation 159 'read' 'input_ptr_47_val_read' <Predicate = true> <Delay = 0.00>
ST_1 : Operation 160 [1/1] (0.00ns)   --->   "%input_ptr_15_val_read = read i16 @_ssdm_op_Read.ap_auto.i16, i16 %input_ptr_15_val"   --->   Operation 160 'read' 'input_ptr_15_val_read' <Predicate = true> <Delay = 0.00>
ST_1 : Operation 161 [1/1] (0.00ns)   --->   "%input_ptr_206_val_read = read i16 @_ssdm_op_Read.ap_auto.i16, i16 %input_ptr_206_val"   --->   Operation 161 'read' 'input_ptr_206_val_read' <Predicate = true> <Delay = 0.00>
ST_1 : Operation 162 [1/1] (0.00ns)   --->   "%input_ptr_174_val_read = read i16 @_ssdm_op_Read.ap_auto.i16, i16 %input_ptr_174_val"   --->   Operation 162 'read' 'input_ptr_174_val_read' <Predicate = true> <Delay = 0.00>
ST_1 : Operation 163 [1/1] (0.00ns)   --->   "%input_ptr_142_val_read = read i16 @_ssdm_op_Read.ap_auto.i16, i16 %input_ptr_142_val"   --->   Operation 163 'read' 'input_ptr_142_val_read' <Predicate = true> <Delay = 0.00>
ST_1 : Operation 164 [1/1] (0.00ns)   --->   "%input_ptr_110_val_read = read i16 @_ssdm_op_Read.ap_auto.i16, i16 %input_ptr_110_val"   --->   Operation 164 'read' 'input_ptr_110_val_read' <Predicate = true> <Delay = 0.00>
ST_1 : Operation 165 [1/1] (0.00ns)   --->   "%input_ptr_78_val_read = read i16 @_ssdm_op_Read.ap_auto.i16, i16 %input_ptr_78_val"   --->   Operation 165 'read' 'input_ptr_78_val_read' <Predicate = true> <Delay = 0.00>
ST_1 : Operation 166 [1/1] (0.00ns)   --->   "%input_ptr_46_val_read = read i16 @_ssdm_op_Read.ap_auto.i16, i16 %input_ptr_46_val"   --->   Operation 166 'read' 'input_ptr_46_val_read' <Predicate = true> <Delay = 0.00>
ST_1 : Operation 167 [1/1] (0.00ns)   --->   "%input_ptr_14_val_read = read i16 @_ssdm_op_Read.ap_auto.i16, i16 %input_ptr_14_val"   --->   Operation 167 'read' 'input_ptr_14_val_read' <Predicate = true> <Delay = 0.00>
ST_1 : Operation 168 [1/1] (0.00ns)   --->   "%input_ptr_205_val_read = read i16 @_ssdm_op_Read.ap_auto.i16, i16 %input_ptr_205_val"   --->   Operation 168 'read' 'input_ptr_205_val_read' <Predicate = true> <Delay = 0.00>
ST_1 : Operation 169 [1/1] (0.00ns)   --->   "%input_ptr_173_val_read = read i16 @_ssdm_op_Read.ap_auto.i16, i16 %input_ptr_173_val"   --->   Operation 169 'read' 'input_ptr_173_val_read' <Predicate = true> <Delay = 0.00>
ST_1 : Operation 170 [1/1] (0.00ns)   --->   "%input_ptr_141_val_read = read i16 @_ssdm_op_Read.ap_auto.i16, i16 %input_ptr_141_val"   --->   Operation 170 'read' 'input_ptr_141_val_read' <Predicate = true> <Delay = 0.00>
ST_1 : Operation 171 [1/1] (0.00ns)   --->   "%input_ptr_109_val_read = read i16 @_ssdm_op_Read.ap_auto.i16, i16 %input_ptr_109_val"   --->   Operation 171 'read' 'input_ptr_109_val_read' <Predicate = true> <Delay = 0.00>
ST_1 : Operation 172 [1/1] (0.00ns)   --->   "%input_ptr_77_val_read = read i16 @_ssdm_op_Read.ap_auto.i16, i16 %input_ptr_77_val"   --->   Operation 172 'read' 'input_ptr_77_val_read' <Predicate = true> <Delay = 0.00>
ST_1 : Operation 173 [1/1] (0.00ns)   --->   "%input_ptr_45_val_read = read i16 @_ssdm_op_Read.ap_auto.i16, i16 %input_ptr_45_val"   --->   Operation 173 'read' 'input_ptr_45_val_read' <Predicate = true> <Delay = 0.00>
ST_1 : Operation 174 [1/1] (0.00ns)   --->   "%input_ptr_13_val_read = read i16 @_ssdm_op_Read.ap_auto.i16, i16 %input_ptr_13_val"   --->   Operation 174 'read' 'input_ptr_13_val_read' <Predicate = true> <Delay = 0.00>
ST_1 : Operation 175 [1/1] (0.00ns)   --->   "%input_ptr_204_val_read = read i16 @_ssdm_op_Read.ap_auto.i16, i16 %input_ptr_204_val"   --->   Operation 175 'read' 'input_ptr_204_val_read' <Predicate = true> <Delay = 0.00>
ST_1 : Operation 176 [1/1] (0.00ns)   --->   "%input_ptr_172_val_read = read i16 @_ssdm_op_Read.ap_auto.i16, i16 %input_ptr_172_val"   --->   Operation 176 'read' 'input_ptr_172_val_read' <Predicate = true> <Delay = 0.00>
ST_1 : Operation 177 [1/1] (0.00ns)   --->   "%input_ptr_140_val_read = read i16 @_ssdm_op_Read.ap_auto.i16, i16 %input_ptr_140_val"   --->   Operation 177 'read' 'input_ptr_140_val_read' <Predicate = true> <Delay = 0.00>
ST_1 : Operation 178 [1/1] (0.00ns)   --->   "%input_ptr_108_val_read = read i16 @_ssdm_op_Read.ap_auto.i16, i16 %input_ptr_108_val"   --->   Operation 178 'read' 'input_ptr_108_val_read' <Predicate = true> <Delay = 0.00>
ST_1 : Operation 179 [1/1] (0.00ns)   --->   "%input_ptr_76_val_read = read i16 @_ssdm_op_Read.ap_auto.i16, i16 %input_ptr_76_val"   --->   Operation 179 'read' 'input_ptr_76_val_read' <Predicate = true> <Delay = 0.00>
ST_1 : Operation 180 [1/1] (0.00ns)   --->   "%input_ptr_44_val_read = read i16 @_ssdm_op_Read.ap_auto.i16, i16 %input_ptr_44_val"   --->   Operation 180 'read' 'input_ptr_44_val_read' <Predicate = true> <Delay = 0.00>
ST_1 : Operation 181 [1/1] (0.00ns)   --->   "%input_ptr_12_val_read = read i16 @_ssdm_op_Read.ap_auto.i16, i16 %input_ptr_12_val"   --->   Operation 181 'read' 'input_ptr_12_val_read' <Predicate = true> <Delay = 0.00>
ST_1 : Operation 182 [1/1] (0.00ns)   --->   "%input_ptr_203_val_read = read i16 @_ssdm_op_Read.ap_auto.i16, i16 %input_ptr_203_val"   --->   Operation 182 'read' 'input_ptr_203_val_read' <Predicate = true> <Delay = 0.00>
ST_1 : Operation 183 [1/1] (0.00ns)   --->   "%input_ptr_171_val_read = read i16 @_ssdm_op_Read.ap_auto.i16, i16 %input_ptr_171_val"   --->   Operation 183 'read' 'input_ptr_171_val_read' <Predicate = true> <Delay = 0.00>
ST_1 : Operation 184 [1/1] (0.00ns)   --->   "%input_ptr_139_val_read = read i16 @_ssdm_op_Read.ap_auto.i16, i16 %input_ptr_139_val"   --->   Operation 184 'read' 'input_ptr_139_val_read' <Predicate = true> <Delay = 0.00>
ST_1 : Operation 185 [1/1] (0.00ns)   --->   "%input_ptr_107_val_read = read i16 @_ssdm_op_Read.ap_auto.i16, i16 %input_ptr_107_val"   --->   Operation 185 'read' 'input_ptr_107_val_read' <Predicate = true> <Delay = 0.00>
ST_1 : Operation 186 [1/1] (0.00ns)   --->   "%input_ptr_75_val_read = read i16 @_ssdm_op_Read.ap_auto.i16, i16 %input_ptr_75_val"   --->   Operation 186 'read' 'input_ptr_75_val_read' <Predicate = true> <Delay = 0.00>
ST_1 : Operation 187 [1/1] (0.00ns)   --->   "%input_ptr_43_val_read = read i16 @_ssdm_op_Read.ap_auto.i16, i16 %input_ptr_43_val"   --->   Operation 187 'read' 'input_ptr_43_val_read' <Predicate = true> <Delay = 0.00>
ST_1 : Operation 188 [1/1] (0.00ns)   --->   "%input_ptr_11_val_read = read i16 @_ssdm_op_Read.ap_auto.i16, i16 %input_ptr_11_val"   --->   Operation 188 'read' 'input_ptr_11_val_read' <Predicate = true> <Delay = 0.00>
ST_1 : Operation 189 [1/1] (0.00ns)   --->   "%input_ptr_202_val_read = read i16 @_ssdm_op_Read.ap_auto.i16, i16 %input_ptr_202_val"   --->   Operation 189 'read' 'input_ptr_202_val_read' <Predicate = true> <Delay = 0.00>
ST_1 : Operation 190 [1/1] (0.00ns)   --->   "%input_ptr_170_val_read = read i16 @_ssdm_op_Read.ap_auto.i16, i16 %input_ptr_170_val"   --->   Operation 190 'read' 'input_ptr_170_val_read' <Predicate = true> <Delay = 0.00>
ST_1 : Operation 191 [1/1] (0.00ns)   --->   "%input_ptr_138_val_read = read i16 @_ssdm_op_Read.ap_auto.i16, i16 %input_ptr_138_val"   --->   Operation 191 'read' 'input_ptr_138_val_read' <Predicate = true> <Delay = 0.00>
ST_1 : Operation 192 [1/1] (0.00ns)   --->   "%input_ptr_106_val_read = read i16 @_ssdm_op_Read.ap_auto.i16, i16 %input_ptr_106_val"   --->   Operation 192 'read' 'input_ptr_106_val_read' <Predicate = true> <Delay = 0.00>
ST_1 : Operation 193 [1/1] (0.00ns)   --->   "%input_ptr_74_val_read = read i16 @_ssdm_op_Read.ap_auto.i16, i16 %input_ptr_74_val"   --->   Operation 193 'read' 'input_ptr_74_val_read' <Predicate = true> <Delay = 0.00>
ST_1 : Operation 194 [1/1] (0.00ns)   --->   "%input_ptr_42_val_read = read i16 @_ssdm_op_Read.ap_auto.i16, i16 %input_ptr_42_val"   --->   Operation 194 'read' 'input_ptr_42_val_read' <Predicate = true> <Delay = 0.00>
ST_1 : Operation 195 [1/1] (0.00ns)   --->   "%input_ptr_10_val_read = read i16 @_ssdm_op_Read.ap_auto.i16, i16 %input_ptr_10_val"   --->   Operation 195 'read' 'input_ptr_10_val_read' <Predicate = true> <Delay = 0.00>
ST_1 : Operation 196 [1/1] (0.00ns)   --->   "%input_ptr_201_val_read = read i16 @_ssdm_op_Read.ap_auto.i16, i16 %input_ptr_201_val"   --->   Operation 196 'read' 'input_ptr_201_val_read' <Predicate = true> <Delay = 0.00>
ST_1 : Operation 197 [1/1] (0.00ns)   --->   "%input_ptr_169_val_read = read i16 @_ssdm_op_Read.ap_auto.i16, i16 %input_ptr_169_val"   --->   Operation 197 'read' 'input_ptr_169_val_read' <Predicate = true> <Delay = 0.00>
ST_1 : Operation 198 [1/1] (0.00ns)   --->   "%input_ptr_137_val_read = read i16 @_ssdm_op_Read.ap_auto.i16, i16 %input_ptr_137_val"   --->   Operation 198 'read' 'input_ptr_137_val_read' <Predicate = true> <Delay = 0.00>
ST_1 : Operation 199 [1/1] (0.00ns)   --->   "%input_ptr_105_val_read = read i16 @_ssdm_op_Read.ap_auto.i16, i16 %input_ptr_105_val"   --->   Operation 199 'read' 'input_ptr_105_val_read' <Predicate = true> <Delay = 0.00>
ST_1 : Operation 200 [1/1] (0.00ns)   --->   "%input_ptr_73_val_read = read i16 @_ssdm_op_Read.ap_auto.i16, i16 %input_ptr_73_val"   --->   Operation 200 'read' 'input_ptr_73_val_read' <Predicate = true> <Delay = 0.00>
ST_1 : Operation 201 [1/1] (0.00ns)   --->   "%input_ptr_41_val_read = read i16 @_ssdm_op_Read.ap_auto.i16, i16 %input_ptr_41_val"   --->   Operation 201 'read' 'input_ptr_41_val_read' <Predicate = true> <Delay = 0.00>
ST_1 : Operation 202 [1/1] (0.00ns)   --->   "%input_ptr_9_val_read = read i16 @_ssdm_op_Read.ap_auto.i16, i16 %input_ptr_9_val"   --->   Operation 202 'read' 'input_ptr_9_val_read' <Predicate = true> <Delay = 0.00>
ST_1 : Operation 203 [1/1] (0.00ns)   --->   "%input_ptr_200_val_read = read i16 @_ssdm_op_Read.ap_auto.i16, i16 %input_ptr_200_val"   --->   Operation 203 'read' 'input_ptr_200_val_read' <Predicate = true> <Delay = 0.00>
ST_1 : Operation 204 [1/1] (0.00ns)   --->   "%input_ptr_168_val_read = read i16 @_ssdm_op_Read.ap_auto.i16, i16 %input_ptr_168_val"   --->   Operation 204 'read' 'input_ptr_168_val_read' <Predicate = true> <Delay = 0.00>
ST_1 : Operation 205 [1/1] (0.00ns)   --->   "%input_ptr_136_val_read = read i16 @_ssdm_op_Read.ap_auto.i16, i16 %input_ptr_136_val"   --->   Operation 205 'read' 'input_ptr_136_val_read' <Predicate = true> <Delay = 0.00>
ST_1 : Operation 206 [1/1] (0.00ns)   --->   "%input_ptr_104_val_read = read i16 @_ssdm_op_Read.ap_auto.i16, i16 %input_ptr_104_val"   --->   Operation 206 'read' 'input_ptr_104_val_read' <Predicate = true> <Delay = 0.00>
ST_1 : Operation 207 [1/1] (0.00ns)   --->   "%input_ptr_72_val_read = read i16 @_ssdm_op_Read.ap_auto.i16, i16 %input_ptr_72_val"   --->   Operation 207 'read' 'input_ptr_72_val_read' <Predicate = true> <Delay = 0.00>
ST_1 : Operation 208 [1/1] (0.00ns)   --->   "%input_ptr_40_val_read = read i16 @_ssdm_op_Read.ap_auto.i16, i16 %input_ptr_40_val"   --->   Operation 208 'read' 'input_ptr_40_val_read' <Predicate = true> <Delay = 0.00>
ST_1 : Operation 209 [1/1] (0.00ns)   --->   "%input_ptr_8_val_read = read i16 @_ssdm_op_Read.ap_auto.i16, i16 %input_ptr_8_val"   --->   Operation 209 'read' 'input_ptr_8_val_read' <Predicate = true> <Delay = 0.00>
ST_1 : Operation 210 [1/1] (0.00ns)   --->   "%input_ptr_199_val_read = read i16 @_ssdm_op_Read.ap_auto.i16, i16 %input_ptr_199_val"   --->   Operation 210 'read' 'input_ptr_199_val_read' <Predicate = true> <Delay = 0.00>
ST_1 : Operation 211 [1/1] (0.00ns)   --->   "%input_ptr_167_val_read = read i16 @_ssdm_op_Read.ap_auto.i16, i16 %input_ptr_167_val"   --->   Operation 211 'read' 'input_ptr_167_val_read' <Predicate = true> <Delay = 0.00>
ST_1 : Operation 212 [1/1] (0.00ns)   --->   "%input_ptr_135_val_read = read i16 @_ssdm_op_Read.ap_auto.i16, i16 %input_ptr_135_val"   --->   Operation 212 'read' 'input_ptr_135_val_read' <Predicate = true> <Delay = 0.00>
ST_1 : Operation 213 [1/1] (0.00ns)   --->   "%input_ptr_103_val_read = read i16 @_ssdm_op_Read.ap_auto.i16, i16 %input_ptr_103_val"   --->   Operation 213 'read' 'input_ptr_103_val_read' <Predicate = true> <Delay = 0.00>
ST_1 : Operation 214 [1/1] (0.00ns)   --->   "%input_ptr_71_val_read = read i16 @_ssdm_op_Read.ap_auto.i16, i16 %input_ptr_71_val"   --->   Operation 214 'read' 'input_ptr_71_val_read' <Predicate = true> <Delay = 0.00>
ST_1 : Operation 215 [1/1] (0.00ns)   --->   "%input_ptr_39_val_read = read i16 @_ssdm_op_Read.ap_auto.i16, i16 %input_ptr_39_val"   --->   Operation 215 'read' 'input_ptr_39_val_read' <Predicate = true> <Delay = 0.00>
ST_1 : Operation 216 [1/1] (0.00ns)   --->   "%input_ptr_7_val_read = read i16 @_ssdm_op_Read.ap_auto.i16, i16 %input_ptr_7_val"   --->   Operation 216 'read' 'input_ptr_7_val_read' <Predicate = true> <Delay = 0.00>
ST_1 : Operation 217 [1/1] (0.00ns)   --->   "%input_ptr_198_val_read = read i16 @_ssdm_op_Read.ap_auto.i16, i16 %input_ptr_198_val"   --->   Operation 217 'read' 'input_ptr_198_val_read' <Predicate = true> <Delay = 0.00>
ST_1 : Operation 218 [1/1] (0.00ns)   --->   "%input_ptr_166_val_read = read i16 @_ssdm_op_Read.ap_auto.i16, i16 %input_ptr_166_val"   --->   Operation 218 'read' 'input_ptr_166_val_read' <Predicate = true> <Delay = 0.00>
ST_1 : Operation 219 [1/1] (0.00ns)   --->   "%input_ptr_134_val_read = read i16 @_ssdm_op_Read.ap_auto.i16, i16 %input_ptr_134_val"   --->   Operation 219 'read' 'input_ptr_134_val_read' <Predicate = true> <Delay = 0.00>
ST_1 : Operation 220 [1/1] (0.00ns)   --->   "%input_ptr_102_val_read = read i16 @_ssdm_op_Read.ap_auto.i16, i16 %input_ptr_102_val"   --->   Operation 220 'read' 'input_ptr_102_val_read' <Predicate = true> <Delay = 0.00>
ST_1 : Operation 221 [1/1] (0.00ns)   --->   "%input_ptr_70_val_read = read i16 @_ssdm_op_Read.ap_auto.i16, i16 %input_ptr_70_val"   --->   Operation 221 'read' 'input_ptr_70_val_read' <Predicate = true> <Delay = 0.00>
ST_1 : Operation 222 [1/1] (0.00ns)   --->   "%input_ptr_38_val_read = read i16 @_ssdm_op_Read.ap_auto.i16, i16 %input_ptr_38_val"   --->   Operation 222 'read' 'input_ptr_38_val_read' <Predicate = true> <Delay = 0.00>
ST_1 : Operation 223 [1/1] (0.00ns)   --->   "%input_ptr_6_val_read = read i16 @_ssdm_op_Read.ap_auto.i16, i16 %input_ptr_6_val"   --->   Operation 223 'read' 'input_ptr_6_val_read' <Predicate = true> <Delay = 0.00>
ST_1 : Operation 224 [1/1] (0.00ns)   --->   "%input_ptr_197_val_read = read i16 @_ssdm_op_Read.ap_auto.i16, i16 %input_ptr_197_val"   --->   Operation 224 'read' 'input_ptr_197_val_read' <Predicate = true> <Delay = 0.00>
ST_1 : Operation 225 [1/1] (0.00ns)   --->   "%input_ptr_165_val_read = read i16 @_ssdm_op_Read.ap_auto.i16, i16 %input_ptr_165_val"   --->   Operation 225 'read' 'input_ptr_165_val_read' <Predicate = true> <Delay = 0.00>
ST_1 : Operation 226 [1/1] (0.00ns)   --->   "%input_ptr_133_val_read = read i16 @_ssdm_op_Read.ap_auto.i16, i16 %input_ptr_133_val"   --->   Operation 226 'read' 'input_ptr_133_val_read' <Predicate = true> <Delay = 0.00>
ST_1 : Operation 227 [1/1] (0.00ns)   --->   "%input_ptr_101_val_read = read i16 @_ssdm_op_Read.ap_auto.i16, i16 %input_ptr_101_val"   --->   Operation 227 'read' 'input_ptr_101_val_read' <Predicate = true> <Delay = 0.00>
ST_1 : Operation 228 [1/1] (0.00ns)   --->   "%input_ptr_69_val_read = read i16 @_ssdm_op_Read.ap_auto.i16, i16 %input_ptr_69_val"   --->   Operation 228 'read' 'input_ptr_69_val_read' <Predicate = true> <Delay = 0.00>
ST_1 : Operation 229 [1/1] (0.00ns)   --->   "%input_ptr_37_val_read = read i16 @_ssdm_op_Read.ap_auto.i16, i16 %input_ptr_37_val"   --->   Operation 229 'read' 'input_ptr_37_val_read' <Predicate = true> <Delay = 0.00>
ST_1 : Operation 230 [1/1] (0.00ns)   --->   "%input_ptr_5_val_read = read i16 @_ssdm_op_Read.ap_auto.i16, i16 %input_ptr_5_val"   --->   Operation 230 'read' 'input_ptr_5_val_read' <Predicate = true> <Delay = 0.00>
ST_1 : Operation 231 [1/1] (0.00ns)   --->   "%input_ptr_196_val_read = read i16 @_ssdm_op_Read.ap_auto.i16, i16 %input_ptr_196_val"   --->   Operation 231 'read' 'input_ptr_196_val_read' <Predicate = true> <Delay = 0.00>
ST_1 : Operation 232 [1/1] (0.00ns)   --->   "%input_ptr_164_val_read = read i16 @_ssdm_op_Read.ap_auto.i16, i16 %input_ptr_164_val"   --->   Operation 232 'read' 'input_ptr_164_val_read' <Predicate = true> <Delay = 0.00>
ST_1 : Operation 233 [1/1] (0.00ns)   --->   "%input_ptr_132_val_read = read i16 @_ssdm_op_Read.ap_auto.i16, i16 %input_ptr_132_val"   --->   Operation 233 'read' 'input_ptr_132_val_read' <Predicate = true> <Delay = 0.00>
ST_1 : Operation 234 [1/1] (0.00ns)   --->   "%input_ptr_100_val_read = read i16 @_ssdm_op_Read.ap_auto.i16, i16 %input_ptr_100_val"   --->   Operation 234 'read' 'input_ptr_100_val_read' <Predicate = true> <Delay = 0.00>
ST_1 : Operation 235 [1/1] (0.00ns)   --->   "%input_ptr_68_val_read = read i16 @_ssdm_op_Read.ap_auto.i16, i16 %input_ptr_68_val"   --->   Operation 235 'read' 'input_ptr_68_val_read' <Predicate = true> <Delay = 0.00>
ST_1 : Operation 236 [1/1] (0.00ns)   --->   "%input_ptr_36_val_read = read i16 @_ssdm_op_Read.ap_auto.i16, i16 %input_ptr_36_val"   --->   Operation 236 'read' 'input_ptr_36_val_read' <Predicate = true> <Delay = 0.00>
ST_1 : Operation 237 [1/1] (0.00ns)   --->   "%input_ptr_4_val_read = read i16 @_ssdm_op_Read.ap_auto.i16, i16 %input_ptr_4_val"   --->   Operation 237 'read' 'input_ptr_4_val_read' <Predicate = true> <Delay = 0.00>
ST_1 : Operation 238 [1/1] (0.00ns)   --->   "%input_ptr_195_val_read = read i16 @_ssdm_op_Read.ap_auto.i16, i16 %input_ptr_195_val"   --->   Operation 238 'read' 'input_ptr_195_val_read' <Predicate = true> <Delay = 0.00>
ST_1 : Operation 239 [1/1] (0.00ns)   --->   "%input_ptr_163_val_read = read i16 @_ssdm_op_Read.ap_auto.i16, i16 %input_ptr_163_val"   --->   Operation 239 'read' 'input_ptr_163_val_read' <Predicate = true> <Delay = 0.00>
ST_1 : Operation 240 [1/1] (0.00ns)   --->   "%input_ptr_131_val_read = read i16 @_ssdm_op_Read.ap_auto.i16, i16 %input_ptr_131_val"   --->   Operation 240 'read' 'input_ptr_131_val_read' <Predicate = true> <Delay = 0.00>
ST_1 : Operation 241 [1/1] (0.00ns)   --->   "%input_ptr_99_val_read = read i16 @_ssdm_op_Read.ap_auto.i16, i16 %input_ptr_99_val"   --->   Operation 241 'read' 'input_ptr_99_val_read' <Predicate = true> <Delay = 0.00>
ST_1 : Operation 242 [1/1] (0.00ns)   --->   "%input_ptr_67_val_read = read i16 @_ssdm_op_Read.ap_auto.i16, i16 %input_ptr_67_val"   --->   Operation 242 'read' 'input_ptr_67_val_read' <Predicate = true> <Delay = 0.00>
ST_1 : Operation 243 [1/1] (0.00ns)   --->   "%input_ptr_35_val_read = read i16 @_ssdm_op_Read.ap_auto.i16, i16 %input_ptr_35_val"   --->   Operation 243 'read' 'input_ptr_35_val_read' <Predicate = true> <Delay = 0.00>
ST_1 : Operation 244 [1/1] (0.00ns)   --->   "%input_ptr_3_val_read = read i16 @_ssdm_op_Read.ap_auto.i16, i16 %input_ptr_3_val"   --->   Operation 244 'read' 'input_ptr_3_val_read' <Predicate = true> <Delay = 0.00>
ST_1 : Operation 245 [1/1] (0.00ns)   --->   "%input_ptr_194_val_read = read i16 @_ssdm_op_Read.ap_auto.i16, i16 %input_ptr_194_val"   --->   Operation 245 'read' 'input_ptr_194_val_read' <Predicate = true> <Delay = 0.00>
ST_1 : Operation 246 [1/1] (0.00ns)   --->   "%input_ptr_162_val_read = read i16 @_ssdm_op_Read.ap_auto.i16, i16 %input_ptr_162_val"   --->   Operation 246 'read' 'input_ptr_162_val_read' <Predicate = true> <Delay = 0.00>
ST_1 : Operation 247 [1/1] (0.00ns)   --->   "%input_ptr_130_val_read = read i16 @_ssdm_op_Read.ap_auto.i16, i16 %input_ptr_130_val"   --->   Operation 247 'read' 'input_ptr_130_val_read' <Predicate = true> <Delay = 0.00>
ST_1 : Operation 248 [1/1] (0.00ns)   --->   "%input_ptr_98_val_read = read i16 @_ssdm_op_Read.ap_auto.i16, i16 %input_ptr_98_val"   --->   Operation 248 'read' 'input_ptr_98_val_read' <Predicate = true> <Delay = 0.00>
ST_1 : Operation 249 [1/1] (0.00ns)   --->   "%input_ptr_66_val_read = read i16 @_ssdm_op_Read.ap_auto.i16, i16 %input_ptr_66_val"   --->   Operation 249 'read' 'input_ptr_66_val_read' <Predicate = true> <Delay = 0.00>
ST_1 : Operation 250 [1/1] (0.00ns)   --->   "%input_ptr_34_val_read = read i16 @_ssdm_op_Read.ap_auto.i16, i16 %input_ptr_34_val"   --->   Operation 250 'read' 'input_ptr_34_val_read' <Predicate = true> <Delay = 0.00>
ST_1 : Operation 251 [1/1] (0.00ns)   --->   "%input_ptr_2_val_read = read i16 @_ssdm_op_Read.ap_auto.i16, i16 %input_ptr_2_val"   --->   Operation 251 'read' 'input_ptr_2_val_read' <Predicate = true> <Delay = 0.00>
ST_1 : Operation 252 [1/1] (0.00ns)   --->   "%input_ptr_193_val_read = read i16 @_ssdm_op_Read.ap_auto.i16, i16 %input_ptr_193_val"   --->   Operation 252 'read' 'input_ptr_193_val_read' <Predicate = true> <Delay = 0.00>
ST_1 : Operation 253 [1/1] (0.00ns)   --->   "%input_ptr_161_val_read = read i16 @_ssdm_op_Read.ap_auto.i16, i16 %input_ptr_161_val"   --->   Operation 253 'read' 'input_ptr_161_val_read' <Predicate = true> <Delay = 0.00>
ST_1 : Operation 254 [1/1] (0.00ns)   --->   "%input_ptr_129_val_read = read i16 @_ssdm_op_Read.ap_auto.i16, i16 %input_ptr_129_val"   --->   Operation 254 'read' 'input_ptr_129_val_read' <Predicate = true> <Delay = 0.00>
ST_1 : Operation 255 [1/1] (0.00ns)   --->   "%input_ptr_97_val_read = read i16 @_ssdm_op_Read.ap_auto.i16, i16 %input_ptr_97_val"   --->   Operation 255 'read' 'input_ptr_97_val_read' <Predicate = true> <Delay = 0.00>
ST_1 : Operation 256 [1/1] (0.00ns)   --->   "%input_ptr_65_val_read = read i16 @_ssdm_op_Read.ap_auto.i16, i16 %input_ptr_65_val"   --->   Operation 256 'read' 'input_ptr_65_val_read' <Predicate = true> <Delay = 0.00>
ST_1 : Operation 257 [1/1] (0.00ns)   --->   "%input_ptr_33_val_read = read i16 @_ssdm_op_Read.ap_auto.i16, i16 %input_ptr_33_val"   --->   Operation 257 'read' 'input_ptr_33_val_read' <Predicate = true> <Delay = 0.00>
ST_1 : Operation 258 [1/1] (0.00ns)   --->   "%input_ptr_1_val_read = read i16 @_ssdm_op_Read.ap_auto.i16, i16 %input_ptr_1_val"   --->   Operation 258 'read' 'input_ptr_1_val_read' <Predicate = true> <Delay = 0.00>
ST_1 : Operation 259 [1/1] (0.00ns)   --->   "%sub_ln1839_read = read i10 @_ssdm_op_Read.ap_auto.i10, i10 %sub_ln1839"   --->   Operation 259 'read' 'sub_ln1839_read' <Predicate = true> <Delay = 0.00>
ST_1 : Operation 260 [1/1] (0.00ns)   --->   "%input_ptr_192_val_read = read i16 @_ssdm_op_Read.ap_auto.i16, i16 %input_ptr_192_val"   --->   Operation 260 'read' 'input_ptr_192_val_read' <Predicate = true> <Delay = 0.00>
ST_1 : Operation 261 [1/1] (0.00ns)   --->   "%input_ptr_160_val_read = read i16 @_ssdm_op_Read.ap_auto.i16, i16 %input_ptr_160_val"   --->   Operation 261 'read' 'input_ptr_160_val_read' <Predicate = true> <Delay = 0.00>
ST_1 : Operation 262 [1/1] (0.00ns)   --->   "%input_ptr_128_val_read = read i16 @_ssdm_op_Read.ap_auto.i16, i16 %input_ptr_128_val"   --->   Operation 262 'read' 'input_ptr_128_val_read' <Predicate = true> <Delay = 0.00>
ST_1 : Operation 263 [1/1] (0.00ns)   --->   "%input_ptr_96_val_read = read i16 @_ssdm_op_Read.ap_auto.i16, i16 %input_ptr_96_val"   --->   Operation 263 'read' 'input_ptr_96_val_read' <Predicate = true> <Delay = 0.00>
ST_1 : Operation 264 [1/1] (0.00ns)   --->   "%input_ptr_64_val_read = read i16 @_ssdm_op_Read.ap_auto.i16, i16 %input_ptr_64_val"   --->   Operation 264 'read' 'input_ptr_64_val_read' <Predicate = true> <Delay = 0.00>
ST_1 : Operation 265 [1/1] (0.00ns)   --->   "%input_ptr_32_val_read = read i16 @_ssdm_op_Read.ap_auto.i16, i16 %input_ptr_32_val"   --->   Operation 265 'read' 'input_ptr_32_val_read' <Predicate = true> <Delay = 0.00>
ST_1 : Operation 266 [1/1] (0.00ns)   --->   "%input_ptr_0_val_read = read i16 @_ssdm_op_Read.ap_auto.i16, i16 %input_ptr_0_val"   --->   Operation 266 'read' 'input_ptr_0_val_read' <Predicate = true> <Delay = 0.00>
ST_1 : Operation 267 [1/1] (1.58ns)   --->   "%store_ln1837 = store i8 0, i8 %index" [H:/subband_ref_q610_opt_stage4_latency_stepL2.cpp:1837->H:/subband_ref_q610_opt_stage4_latency_stepL2.cpp:1866]   --->   Operation 267 'store' 'store_ln1837' <Predicate = true> <Delay = 1.58>
ST_1 : Operation 268 [1/1] (1.58ns)   --->   "%store_ln0 = store i34 0, i34 %empty_778"   --->   Operation 268 'store' 'store_ln0' <Predicate = true> <Delay = 1.58>
ST_1 : Operation 269 [1/1] (1.58ns)   --->   "%store_ln0 = store i34 0, i34 %empty_777"   --->   Operation 269 'store' 'store_ln0' <Predicate = true> <Delay = 1.58>
ST_1 : Operation 270 [1/1] (1.58ns)   --->   "%store_ln0 = store i34 0, i34 %empty_776"   --->   Operation 270 'store' 'store_ln0' <Predicate = true> <Delay = 1.58>
ST_1 : Operation 271 [1/1] (1.58ns)   --->   "%store_ln0 = store i34 0, i34 %empty_775"   --->   Operation 271 'store' 'store_ln0' <Predicate = true> <Delay = 1.58>
ST_1 : Operation 272 [1/1] (1.58ns)   --->   "%store_ln0 = store i34 0, i34 %empty_774"   --->   Operation 272 'store' 'store_ln0' <Predicate = true> <Delay = 1.58>
ST_1 : Operation 273 [1/1] (1.58ns)   --->   "%store_ln0 = store i34 0, i34 %empty_773"   --->   Operation 273 'store' 'store_ln0' <Predicate = true> <Delay = 1.58>
ST_1 : Operation 274 [1/1] (1.58ns)   --->   "%store_ln0 = store i34 0, i34 %empty_772"   --->   Operation 274 'store' 'store_ln0' <Predicate = true> <Delay = 1.58>
ST_1 : Operation 275 [1/1] (1.58ns)   --->   "%store_ln0 = store i34 0, i34 %empty_771"   --->   Operation 275 'store' 'store_ln0' <Predicate = true> <Delay = 1.58>
ST_1 : Operation 276 [1/1] (1.58ns)   --->   "%store_ln0 = store i34 0, i34 %empty_770"   --->   Operation 276 'store' 'store_ln0' <Predicate = true> <Delay = 1.58>
ST_1 : Operation 277 [1/1] (1.58ns)   --->   "%store_ln0 = store i34 0, i34 %empty_769"   --->   Operation 277 'store' 'store_ln0' <Predicate = true> <Delay = 1.58>
ST_1 : Operation 278 [1/1] (1.58ns)   --->   "%store_ln0 = store i34 0, i34 %empty_768"   --->   Operation 278 'store' 'store_ln0' <Predicate = true> <Delay = 1.58>
ST_1 : Operation 279 [1/1] (1.58ns)   --->   "%store_ln0 = store i34 0, i34 %empty_767"   --->   Operation 279 'store' 'store_ln0' <Predicate = true> <Delay = 1.58>
ST_1 : Operation 280 [1/1] (1.58ns)   --->   "%store_ln0 = store i34 0, i34 %empty_766"   --->   Operation 280 'store' 'store_ln0' <Predicate = true> <Delay = 1.58>
ST_1 : Operation 281 [1/1] (1.58ns)   --->   "%store_ln0 = store i34 0, i34 %empty_765"   --->   Operation 281 'store' 'store_ln0' <Predicate = true> <Delay = 1.58>
ST_1 : Operation 282 [1/1] (1.58ns)   --->   "%store_ln0 = store i34 0, i34 %empty_764"   --->   Operation 282 'store' 'store_ln0' <Predicate = true> <Delay = 1.58>
ST_1 : Operation 283 [1/1] (1.58ns)   --->   "%store_ln0 = store i34 0, i34 %empty_763"   --->   Operation 283 'store' 'store_ln0' <Predicate = true> <Delay = 1.58>
ST_1 : Operation 284 [1/1] (1.58ns)   --->   "%store_ln0 = store i34 0, i34 %empty_762"   --->   Operation 284 'store' 'store_ln0' <Predicate = true> <Delay = 1.58>
ST_1 : Operation 285 [1/1] (1.58ns)   --->   "%store_ln0 = store i34 0, i34 %empty_761"   --->   Operation 285 'store' 'store_ln0' <Predicate = true> <Delay = 1.58>
ST_1 : Operation 286 [1/1] (1.58ns)   --->   "%store_ln0 = store i34 0, i34 %empty_760"   --->   Operation 286 'store' 'store_ln0' <Predicate = true> <Delay = 1.58>
ST_1 : Operation 287 [1/1] (1.58ns)   --->   "%store_ln0 = store i34 0, i34 %empty_759"   --->   Operation 287 'store' 'store_ln0' <Predicate = true> <Delay = 1.58>
ST_1 : Operation 288 [1/1] (1.58ns)   --->   "%store_ln0 = store i34 0, i34 %empty_758"   --->   Operation 288 'store' 'store_ln0' <Predicate = true> <Delay = 1.58>
ST_1 : Operation 289 [1/1] (1.58ns)   --->   "%store_ln0 = store i34 0, i34 %empty_757"   --->   Operation 289 'store' 'store_ln0' <Predicate = true> <Delay = 1.58>
ST_1 : Operation 290 [1/1] (1.58ns)   --->   "%store_ln0 = store i34 0, i34 %empty_756"   --->   Operation 290 'store' 'store_ln0' <Predicate = true> <Delay = 1.58>
ST_1 : Operation 291 [1/1] (1.58ns)   --->   "%store_ln0 = store i34 0, i34 %empty_755"   --->   Operation 291 'store' 'store_ln0' <Predicate = true> <Delay = 1.58>
ST_1 : Operation 292 [1/1] (1.58ns)   --->   "%store_ln0 = store i34 0, i34 %empty_754"   --->   Operation 292 'store' 'store_ln0' <Predicate = true> <Delay = 1.58>
ST_1 : Operation 293 [1/1] (1.58ns)   --->   "%store_ln0 = store i34 0, i34 %empty_753"   --->   Operation 293 'store' 'store_ln0' <Predicate = true> <Delay = 1.58>
ST_1 : Operation 294 [1/1] (1.58ns)   --->   "%store_ln0 = store i34 0, i34 %empty_752"   --->   Operation 294 'store' 'store_ln0' <Predicate = true> <Delay = 1.58>
ST_1 : Operation 295 [1/1] (1.58ns)   --->   "%store_ln0 = store i34 0, i34 %empty_751"   --->   Operation 295 'store' 'store_ln0' <Predicate = true> <Delay = 1.58>
ST_1 : Operation 296 [1/1] (1.58ns)   --->   "%store_ln0 = store i34 0, i34 %empty_750"   --->   Operation 296 'store' 'store_ln0' <Predicate = true> <Delay = 1.58>
ST_1 : Operation 297 [1/1] (1.58ns)   --->   "%store_ln0 = store i34 0, i34 %empty_749"   --->   Operation 297 'store' 'store_ln0' <Predicate = true> <Delay = 1.58>
ST_1 : Operation 298 [1/1] (1.58ns)   --->   "%store_ln0 = store i34 0, i34 %empty_748"   --->   Operation 298 'store' 'store_ln0' <Predicate = true> <Delay = 1.58>
ST_1 : Operation 299 [1/1] (1.58ns)   --->   "%store_ln0 = store i34 0, i34 %empty"   --->   Operation 299 'store' 'store_ln0' <Predicate = true> <Delay = 1.58>
ST_1 : Operation 300 [1/1] (0.00ns)   --->   "%br_ln0 = br void %for.body4.i52"   --->   Operation 300 'br' 'br_ln0' <Predicate = true> <Delay = 0.00>
ST_1 : Operation 301 [1/1] (0.00ns)   --->   "%base_index = load i8 %index" [H:/subband_ref_q610_opt_stage4_latency_stepL2.cpp:1833->H:/subband_ref_q610_opt_stage4_latency_stepL2.cpp:1866]   --->   Operation 301 'load' 'base_index' <Predicate = true> <Delay = 0.00>
ST_1 : Operation 302 [1/1] (1.91ns)   --->   "%icmp_ln1833 = icmp_eq  i8 %base_index, i8 224" [H:/subband_ref_q610_opt_stage4_latency_stepL2.cpp:1833->H:/subband_ref_q610_opt_stage4_latency_stepL2.cpp:1866]   --->   Operation 302 'icmp' 'icmp_ln1833' <Predicate = true> <Delay = 1.91> <CoreInst = "Cmp">   --->   Core 9 'Cmp' <Latency = 0> <II = 1> <Delay = 1.91> <FuncUnit> <Opcode : 'icmp'> <InPorts = 2> <OutPorts = 1>
ST_1 : Operation 303 [1/1] (0.00ns)   --->   "%br_ln1833 = br i1 %icmp_ln1833, void %fpga_resource_hint.for.body4.i52.211, void %for.body4.i.preheader.exitStub" [H:/subband_ref_q610_opt_stage4_latency_stepL2.cpp:1833->H:/subband_ref_q610_opt_stage4_latency_stepL2.cpp:1866]   --->   Operation 303 'br' 'br_ln1833' <Predicate = true> <Delay = 0.00>
ST_1 : Operation 304 [1/1] (0.00ns)   --->   "%lshr_ln2 = partselect i3 @_ssdm_op_PartSelect.i3.i8.i32.i32, i8 %base_index, i32 5, i32 7" [H:/subband_ref_q610_opt_stage4_latency_stepL2.cpp:1833->H:/subband_ref_q610_opt_stage4_latency_stepL2.cpp:1866]   --->   Operation 304 'partselect' 'lshr_ln2' <Predicate = (!icmp_ln1833)> <Delay = 0.00>
ST_1 : Operation 305 [1/1] (2.18ns)   --->   "%lhs = sparsemux i16 @_ssdm_op_SparseMux.ap_auto.7i16.i16.i8, i8 0, i16 %input_ptr_0_val_read, i8 32, i16 %input_ptr_32_val_read, i8 64, i16 %input_ptr_64_val_read, i8 96, i16 %input_ptr_96_val_read, i8 128, i16 %input_ptr_128_val_read, i8 160, i16 %input_ptr_160_val_read, i8 192, i16 %input_ptr_192_val_read, i16 0, i8 %base_index" [H:/subband_ref_q610_opt_stage4_latency_stepL2.cpp:1833->H:/subband_ref_q610_opt_stage4_latency_stepL2.cpp:1866]   --->   Operation 305 'sparsemux' 'lhs' <Predicate = (!icmp_ln1833)> <Delay = 2.18> <CoreInst = "SparseMux">   --->   Core 135 'SparseMux' <Latency = 0> <II = 1> <Delay = 2.18> <FuncUnit> <Opcode : 'sparsemux'> <InPorts = 2> <OutPorts = 1>
ST_1 : Operation 306 [1/1] (0.00ns)   --->   "%zext_ln1839 = zext i3 %lshr_ln2" [H:/subband_ref_q610_opt_stage4_latency_stepL2.cpp:1839->H:/subband_ref_q610_opt_stage4_latency_stepL2.cpp:1866]   --->   Operation 306 'zext' 'zext_ln1839' <Predicate = (!icmp_ln1833)> <Delay = 0.00>
ST_1 : Operation 307 [1/1] (1.73ns)   --->   "%add_ln1839_101 = add i10 %sub_ln1839_read, i10 %zext_ln1839" [H:/subband_ref_q610_opt_stage4_latency_stepL2.cpp:1839->H:/subband_ref_q610_opt_stage4_latency_stepL2.cpp:1866]   --->   Operation 307 'add' 'add_ln1839_101' <Predicate = (!icmp_ln1833)> <Delay = 1.73> <CoreInst = "Adder">   --->   Core 1 'Adder' <Latency = 0> <II = 1> <Delay = 1.73> <FuncUnit> <Opcode : 'add' 'sub'> <InPorts = 2> <OutPorts = 1>
ST_1 : Operation 308 [1/1] (0.00ns)   --->   "%zext_ln1839_7 = zext i10 %add_ln1839_101" [H:/subband_ref_q610_opt_stage4_latency_stepL2.cpp:1839->H:/subband_ref_q610_opt_stage4_latency_stepL2.cpp:1866]   --->   Operation 308 'zext' 'zext_ln1839_7' <Predicate = (!icmp_ln1833)> <Delay = 0.00>
ST_1 : Operation 309 [1/1] (0.00ns)   --->   "%SubbandBand0TopQ610_ap_int_const_ap_int_const_ap_int_const_ap_int_const_ap_i_35 = getelementptr i512 %SubbandBand0TopQ610_ap_int_const_ap_int_const_ap_int_const_ap_int_const_ap_i_2, i32 0, i32 %zext_ln1839_7" [H:/subband_ref_q610_opt_stage4_latency_stepL2.cpp:1839->H:/subband_ref_q610_opt_stage4_latency_stepL2.cpp:1866]   --->   Operation 309 'getelementptr' 'SubbandBand0TopQ610_ap_int_const_ap_int_const_ap_int_const_ap_int_const_ap_i_35' <Predicate = (!icmp_ln1833)> <Delay = 0.00>
ST_1 : Operation 310 [2/2] (3.25ns)   --->   "%SubbandBand0TopQ610_ap_int_const_ap_int_const_ap_int_const_ap_int_const_ap_i_36 = load i10 %SubbandBand0TopQ610_ap_int_const_ap_int_const_ap_int_const_ap_int_const_ap_i_35" [H:/subband_ref_q610_opt_stage4_latency_stepL2.cpp:1839->H:/subband_ref_q610_opt_stage4_latency_stepL2.cpp:1866]   --->   Operation 310 'load' 'SubbandBand0TopQ610_ap_int_const_ap_int_const_ap_int_const_ap_int_const_ap_i_36' <Predicate = (!icmp_ln1833)> <Delay = 3.25> <CoreInst = "RAM_2P_BRAM">   --->   Core 91 'RAM_2P_BRAM' <Latency = 1> <II = 1> <Delay = 3.25> <Storage> <Opcode : 'load' 'store'> <Ports = 2> <Width = 512> <Depth = 784> <RAM>
ST_1 : Operation 311 [1/1] (2.18ns)   --->   "%lhs_168 = sparsemux i16 @_ssdm_op_SparseMux.ap_auto.7i16.i16.i8, i8 0, i16 %input_ptr_1_val_read, i8 32, i16 %input_ptr_33_val_read, i8 64, i16 %input_ptr_65_val_read, i8 96, i16 %input_ptr_97_val_read, i8 128, i16 %input_ptr_129_val_read, i8 160, i16 %input_ptr_161_val_read, i8 192, i16 %input_ptr_193_val_read, i16 0, i8 %base_index" [H:/subband_ref_q610_opt_stage4_latency_stepL2.cpp:1833->H:/subband_ref_q610_opt_stage4_latency_stepL2.cpp:1866]   --->   Operation 311 'sparsemux' 'lhs_168' <Predicate = (!icmp_ln1833)> <Delay = 2.18> <CoreInst = "SparseMux">   --->   Core 135 'SparseMux' <Latency = 0> <II = 1> <Delay = 2.18> <FuncUnit> <Opcode : 'sparsemux'> <InPorts = 2> <OutPorts = 1>
ST_1 : Operation 312 [1/1] (2.18ns)   --->   "%lhs_169 = sparsemux i16 @_ssdm_op_SparseMux.ap_auto.7i16.i16.i8, i8 0, i16 %input_ptr_2_val_read, i8 32, i16 %input_ptr_34_val_read, i8 64, i16 %input_ptr_66_val_read, i8 96, i16 %input_ptr_98_val_read, i8 128, i16 %input_ptr_130_val_read, i8 160, i16 %input_ptr_162_val_read, i8 192, i16 %input_ptr_194_val_read, i16 0, i8 %base_index" [H:/subband_ref_q610_opt_stage4_latency_stepL2.cpp:1833->H:/subband_ref_q610_opt_stage4_latency_stepL2.cpp:1866]   --->   Operation 312 'sparsemux' 'lhs_169' <Predicate = (!icmp_ln1833)> <Delay = 2.18> <CoreInst = "SparseMux">   --->   Core 135 'SparseMux' <Latency = 0> <II = 1> <Delay = 2.18> <FuncUnit> <Opcode : 'sparsemux'> <InPorts = 2> <OutPorts = 1>
ST_1 : Operation 313 [1/1] (2.18ns)   --->   "%lhs_170 = sparsemux i16 @_ssdm_op_SparseMux.ap_auto.7i16.i16.i8, i8 0, i16 %input_ptr_3_val_read, i8 32, i16 %input_ptr_35_val_read, i8 64, i16 %input_ptr_67_val_read, i8 96, i16 %input_ptr_99_val_read, i8 128, i16 %input_ptr_131_val_read, i8 160, i16 %input_ptr_163_val_read, i8 192, i16 %input_ptr_195_val_read, i16 0, i8 %base_index" [H:/subband_ref_q610_opt_stage4_latency_stepL2.cpp:1833->H:/subband_ref_q610_opt_stage4_latency_stepL2.cpp:1866]   --->   Operation 313 'sparsemux' 'lhs_170' <Predicate = (!icmp_ln1833)> <Delay = 2.18> <CoreInst = "SparseMux">   --->   Core 135 'SparseMux' <Latency = 0> <II = 1> <Delay = 2.18> <FuncUnit> <Opcode : 'sparsemux'> <InPorts = 2> <OutPorts = 1>
ST_1 : Operation 314 [1/1] (2.18ns)   --->   "%lhs_171 = sparsemux i16 @_ssdm_op_SparseMux.ap_auto.7i16.i16.i8, i8 0, i16 %input_ptr_4_val_read, i8 32, i16 %input_ptr_36_val_read, i8 64, i16 %input_ptr_68_val_read, i8 96, i16 %input_ptr_100_val_read, i8 128, i16 %input_ptr_132_val_read, i8 160, i16 %input_ptr_164_val_read, i8 192, i16 %input_ptr_196_val_read, i16 0, i8 %base_index" [H:/subband_ref_q610_opt_stage4_latency_stepL2.cpp:1833->H:/subband_ref_q610_opt_stage4_latency_stepL2.cpp:1866]   --->   Operation 314 'sparsemux' 'lhs_171' <Predicate = (!icmp_ln1833)> <Delay = 2.18> <CoreInst = "SparseMux">   --->   Core 135 'SparseMux' <Latency = 0> <II = 1> <Delay = 2.18> <FuncUnit> <Opcode : 'sparsemux'> <InPorts = 2> <OutPorts = 1>
ST_1 : Operation 315 [1/1] (2.18ns)   --->   "%lhs_172 = sparsemux i16 @_ssdm_op_SparseMux.ap_auto.7i16.i16.i8, i8 0, i16 %input_ptr_5_val_read, i8 32, i16 %input_ptr_37_val_read, i8 64, i16 %input_ptr_69_val_read, i8 96, i16 %input_ptr_101_val_read, i8 128, i16 %input_ptr_133_val_read, i8 160, i16 %input_ptr_165_val_read, i8 192, i16 %input_ptr_197_val_read, i16 0, i8 %base_index" [H:/subband_ref_q610_opt_stage4_latency_stepL2.cpp:1833->H:/subband_ref_q610_opt_stage4_latency_stepL2.cpp:1866]   --->   Operation 315 'sparsemux' 'lhs_172' <Predicate = (!icmp_ln1833)> <Delay = 2.18> <CoreInst = "SparseMux">   --->   Core 135 'SparseMux' <Latency = 0> <II = 1> <Delay = 2.18> <FuncUnit> <Opcode : 'sparsemux'> <InPorts = 2> <OutPorts = 1>
ST_1 : Operation 316 [1/1] (2.18ns)   --->   "%lhs_173 = sparsemux i16 @_ssdm_op_SparseMux.ap_auto.7i16.i16.i8, i8 0, i16 %input_ptr_6_val_read, i8 32, i16 %input_ptr_38_val_read, i8 64, i16 %input_ptr_70_val_read, i8 96, i16 %input_ptr_102_val_read, i8 128, i16 %input_ptr_134_val_read, i8 160, i16 %input_ptr_166_val_read, i8 192, i16 %input_ptr_198_val_read, i16 0, i8 %base_index" [H:/subband_ref_q610_opt_stage4_latency_stepL2.cpp:1833->H:/subband_ref_q610_opt_stage4_latency_stepL2.cpp:1866]   --->   Operation 316 'sparsemux' 'lhs_173' <Predicate = (!icmp_ln1833)> <Delay = 2.18> <CoreInst = "SparseMux">   --->   Core 135 'SparseMux' <Latency = 0> <II = 1> <Delay = 2.18> <FuncUnit> <Opcode : 'sparsemux'> <InPorts = 2> <OutPorts = 1>
ST_1 : Operation 317 [1/1] (2.18ns)   --->   "%lhs_174 = sparsemux i16 @_ssdm_op_SparseMux.ap_auto.7i16.i16.i8, i8 0, i16 %input_ptr_7_val_read, i8 32, i16 %input_ptr_39_val_read, i8 64, i16 %input_ptr_71_val_read, i8 96, i16 %input_ptr_103_val_read, i8 128, i16 %input_ptr_135_val_read, i8 160, i16 %input_ptr_167_val_read, i8 192, i16 %input_ptr_199_val_read, i16 0, i8 %base_index" [H:/subband_ref_q610_opt_stage4_latency_stepL2.cpp:1833->H:/subband_ref_q610_opt_stage4_latency_stepL2.cpp:1866]   --->   Operation 317 'sparsemux' 'lhs_174' <Predicate = (!icmp_ln1833)> <Delay = 2.18> <CoreInst = "SparseMux">   --->   Core 135 'SparseMux' <Latency = 0> <II = 1> <Delay = 2.18> <FuncUnit> <Opcode : 'sparsemux'> <InPorts = 2> <OutPorts = 1>
ST_1 : Operation 318 [1/1] (2.18ns)   --->   "%lhs_175 = sparsemux i16 @_ssdm_op_SparseMux.ap_auto.7i16.i16.i8, i8 0, i16 %input_ptr_8_val_read, i8 32, i16 %input_ptr_40_val_read, i8 64, i16 %input_ptr_72_val_read, i8 96, i16 %input_ptr_104_val_read, i8 128, i16 %input_ptr_136_val_read, i8 160, i16 %input_ptr_168_val_read, i8 192, i16 %input_ptr_200_val_read, i16 0, i8 %base_index" [H:/subband_ref_q610_opt_stage4_latency_stepL2.cpp:1833->H:/subband_ref_q610_opt_stage4_latency_stepL2.cpp:1866]   --->   Operation 318 'sparsemux' 'lhs_175' <Predicate = (!icmp_ln1833)> <Delay = 2.18> <CoreInst = "SparseMux">   --->   Core 135 'SparseMux' <Latency = 0> <II = 1> <Delay = 2.18> <FuncUnit> <Opcode : 'sparsemux'> <InPorts = 2> <OutPorts = 1>
ST_1 : Operation 319 [1/1] (2.18ns)   --->   "%lhs_176 = sparsemux i16 @_ssdm_op_SparseMux.ap_auto.7i16.i16.i8, i8 0, i16 %input_ptr_9_val_read, i8 32, i16 %input_ptr_41_val_read, i8 64, i16 %input_ptr_73_val_read, i8 96, i16 %input_ptr_105_val_read, i8 128, i16 %input_ptr_137_val_read, i8 160, i16 %input_ptr_169_val_read, i8 192, i16 %input_ptr_201_val_read, i16 0, i8 %base_index" [H:/subband_ref_q610_opt_stage4_latency_stepL2.cpp:1833->H:/subband_ref_q610_opt_stage4_latency_stepL2.cpp:1866]   --->   Operation 319 'sparsemux' 'lhs_176' <Predicate = (!icmp_ln1833)> <Delay = 2.18> <CoreInst = "SparseMux">   --->   Core 135 'SparseMux' <Latency = 0> <II = 1> <Delay = 2.18> <FuncUnit> <Opcode : 'sparsemux'> <InPorts = 2> <OutPorts = 1>
ST_1 : Operation 320 [1/1] (2.18ns)   --->   "%lhs_177 = sparsemux i16 @_ssdm_op_SparseMux.ap_auto.7i16.i16.i8, i8 0, i16 %input_ptr_10_val_read, i8 32, i16 %input_ptr_42_val_read, i8 64, i16 %input_ptr_74_val_read, i8 96, i16 %input_ptr_106_val_read, i8 128, i16 %input_ptr_138_val_read, i8 160, i16 %input_ptr_170_val_read, i8 192, i16 %input_ptr_202_val_read, i16 0, i8 %base_index" [H:/subband_ref_q610_opt_stage4_latency_stepL2.cpp:1833->H:/subband_ref_q610_opt_stage4_latency_stepL2.cpp:1866]   --->   Operation 320 'sparsemux' 'lhs_177' <Predicate = (!icmp_ln1833)> <Delay = 2.18> <CoreInst = "SparseMux">   --->   Core 135 'SparseMux' <Latency = 0> <II = 1> <Delay = 2.18> <FuncUnit> <Opcode : 'sparsemux'> <InPorts = 2> <OutPorts = 1>
ST_1 : Operation 321 [1/1] (2.18ns)   --->   "%lhs_178 = sparsemux i16 @_ssdm_op_SparseMux.ap_auto.7i16.i16.i8, i8 0, i16 %input_ptr_11_val_read, i8 32, i16 %input_ptr_43_val_read, i8 64, i16 %input_ptr_75_val_read, i8 96, i16 %input_ptr_107_val_read, i8 128, i16 %input_ptr_139_val_read, i8 160, i16 %input_ptr_171_val_read, i8 192, i16 %input_ptr_203_val_read, i16 0, i8 %base_index" [H:/subband_ref_q610_opt_stage4_latency_stepL2.cpp:1833->H:/subband_ref_q610_opt_stage4_latency_stepL2.cpp:1866]   --->   Operation 321 'sparsemux' 'lhs_178' <Predicate = (!icmp_ln1833)> <Delay = 2.18> <CoreInst = "SparseMux">   --->   Core 135 'SparseMux' <Latency = 0> <II = 1> <Delay = 2.18> <FuncUnit> <Opcode : 'sparsemux'> <InPorts = 2> <OutPorts = 1>
ST_1 : Operation 322 [1/1] (2.18ns)   --->   "%lhs_179 = sparsemux i16 @_ssdm_op_SparseMux.ap_auto.7i16.i16.i8, i8 0, i16 %input_ptr_12_val_read, i8 32, i16 %input_ptr_44_val_read, i8 64, i16 %input_ptr_76_val_read, i8 96, i16 %input_ptr_108_val_read, i8 128, i16 %input_ptr_140_val_read, i8 160, i16 %input_ptr_172_val_read, i8 192, i16 %input_ptr_204_val_read, i16 0, i8 %base_index" [H:/subband_ref_q610_opt_stage4_latency_stepL2.cpp:1833->H:/subband_ref_q610_opt_stage4_latency_stepL2.cpp:1866]   --->   Operation 322 'sparsemux' 'lhs_179' <Predicate = (!icmp_ln1833)> <Delay = 2.18> <CoreInst = "SparseMux">   --->   Core 135 'SparseMux' <Latency = 0> <II = 1> <Delay = 2.18> <FuncUnit> <Opcode : 'sparsemux'> <InPorts = 2> <OutPorts = 1>
ST_1 : Operation 323 [1/1] (2.18ns)   --->   "%lhs_180 = sparsemux i16 @_ssdm_op_SparseMux.ap_auto.7i16.i16.i8, i8 0, i16 %input_ptr_13_val_read, i8 32, i16 %input_ptr_45_val_read, i8 64, i16 %input_ptr_77_val_read, i8 96, i16 %input_ptr_109_val_read, i8 128, i16 %input_ptr_141_val_read, i8 160, i16 %input_ptr_173_val_read, i8 192, i16 %input_ptr_205_val_read, i16 0, i8 %base_index" [H:/subband_ref_q610_opt_stage4_latency_stepL2.cpp:1833->H:/subband_ref_q610_opt_stage4_latency_stepL2.cpp:1866]   --->   Operation 323 'sparsemux' 'lhs_180' <Predicate = (!icmp_ln1833)> <Delay = 2.18> <CoreInst = "SparseMux">   --->   Core 135 'SparseMux' <Latency = 0> <II = 1> <Delay = 2.18> <FuncUnit> <Opcode : 'sparsemux'> <InPorts = 2> <OutPorts = 1>
ST_1 : Operation 324 [1/1] (2.18ns)   --->   "%lhs_181 = sparsemux i16 @_ssdm_op_SparseMux.ap_auto.7i16.i16.i8, i8 0, i16 %input_ptr_14_val_read, i8 32, i16 %input_ptr_46_val_read, i8 64, i16 %input_ptr_78_val_read, i8 96, i16 %input_ptr_110_val_read, i8 128, i16 %input_ptr_142_val_read, i8 160, i16 %input_ptr_174_val_read, i8 192, i16 %input_ptr_206_val_read, i16 0, i8 %base_index" [H:/subband_ref_q610_opt_stage4_latency_stepL2.cpp:1833->H:/subband_ref_q610_opt_stage4_latency_stepL2.cpp:1866]   --->   Operation 324 'sparsemux' 'lhs_181' <Predicate = (!icmp_ln1833)> <Delay = 2.18> <CoreInst = "SparseMux">   --->   Core 135 'SparseMux' <Latency = 0> <II = 1> <Delay = 2.18> <FuncUnit> <Opcode : 'sparsemux'> <InPorts = 2> <OutPorts = 1>
ST_1 : Operation 325 [1/1] (2.18ns)   --->   "%lhs_182 = sparsemux i16 @_ssdm_op_SparseMux.ap_auto.7i16.i16.i8, i8 0, i16 %input_ptr_15_val_read, i8 32, i16 %input_ptr_47_val_read, i8 64, i16 %input_ptr_79_val_read, i8 96, i16 %input_ptr_111_val_read, i8 128, i16 %input_ptr_143_val_read, i8 160, i16 %input_ptr_175_val_read, i8 192, i16 %input_ptr_207_val_read, i16 0, i8 %base_index" [H:/subband_ref_q610_opt_stage4_latency_stepL2.cpp:1833->H:/subband_ref_q610_opt_stage4_latency_stepL2.cpp:1866]   --->   Operation 325 'sparsemux' 'lhs_182' <Predicate = (!icmp_ln1833)> <Delay = 2.18> <CoreInst = "SparseMux">   --->   Core 135 'SparseMux' <Latency = 0> <II = 1> <Delay = 2.18> <FuncUnit> <Opcode : 'sparsemux'> <InPorts = 2> <OutPorts = 1>
ST_1 : Operation 326 [1/1] (2.18ns)   --->   "%lhs_183 = sparsemux i16 @_ssdm_op_SparseMux.ap_auto.7i16.i16.i8, i8 0, i16 %input_ptr_16_val_read, i8 32, i16 %input_ptr_48_val_read, i8 64, i16 %input_ptr_80_val_read, i8 96, i16 %input_ptr_112_val_read, i8 128, i16 %input_ptr_144_val_read, i8 160, i16 %input_ptr_176_val_read, i8 192, i16 %input_ptr_208_val_read, i16 0, i8 %base_index" [H:/subband_ref_q610_opt_stage4_latency_stepL2.cpp:1833->H:/subband_ref_q610_opt_stage4_latency_stepL2.cpp:1866]   --->   Operation 326 'sparsemux' 'lhs_183' <Predicate = (!icmp_ln1833)> <Delay = 2.18> <CoreInst = "SparseMux">   --->   Core 135 'SparseMux' <Latency = 0> <II = 1> <Delay = 2.18> <FuncUnit> <Opcode : 'sparsemux'> <InPorts = 2> <OutPorts = 1>
ST_1 : Operation 327 [1/1] (2.18ns)   --->   "%lhs_184 = sparsemux i16 @_ssdm_op_SparseMux.ap_auto.7i16.i16.i8, i8 0, i16 %input_ptr_17_val_read, i8 32, i16 %input_ptr_49_val_read, i8 64, i16 %input_ptr_81_val_read, i8 96, i16 %input_ptr_113_val_read, i8 128, i16 %input_ptr_145_val_read, i8 160, i16 %input_ptr_177_val_read, i8 192, i16 %input_ptr_209_val_read, i16 0, i8 %base_index" [H:/subband_ref_q610_opt_stage4_latency_stepL2.cpp:1833->H:/subband_ref_q610_opt_stage4_latency_stepL2.cpp:1866]   --->   Operation 327 'sparsemux' 'lhs_184' <Predicate = (!icmp_ln1833)> <Delay = 2.18> <CoreInst = "SparseMux">   --->   Core 135 'SparseMux' <Latency = 0> <II = 1> <Delay = 2.18> <FuncUnit> <Opcode : 'sparsemux'> <InPorts = 2> <OutPorts = 1>
ST_1 : Operation 328 [1/1] (2.18ns)   --->   "%lhs_185 = sparsemux i16 @_ssdm_op_SparseMux.ap_auto.7i16.i16.i8, i8 0, i16 %input_ptr_18_val_read, i8 32, i16 %input_ptr_50_val_read, i8 64, i16 %input_ptr_82_val_read, i8 96, i16 %input_ptr_114_val_read, i8 128, i16 %input_ptr_146_val_read, i8 160, i16 %input_ptr_178_val_read, i8 192, i16 %input_ptr_210_val_read, i16 0, i8 %base_index" [H:/subband_ref_q610_opt_stage4_latency_stepL2.cpp:1833->H:/subband_ref_q610_opt_stage4_latency_stepL2.cpp:1866]   --->   Operation 328 'sparsemux' 'lhs_185' <Predicate = (!icmp_ln1833)> <Delay = 2.18> <CoreInst = "SparseMux">   --->   Core 135 'SparseMux' <Latency = 0> <II = 1> <Delay = 2.18> <FuncUnit> <Opcode : 'sparsemux'> <InPorts = 2> <OutPorts = 1>
ST_1 : Operation 329 [1/1] (2.18ns)   --->   "%lhs_186 = sparsemux i16 @_ssdm_op_SparseMux.ap_auto.7i16.i16.i8, i8 0, i16 %input_ptr_19_val_read, i8 32, i16 %input_ptr_51_val_read, i8 64, i16 %input_ptr_83_val_read, i8 96, i16 %input_ptr_115_val_read, i8 128, i16 %input_ptr_147_val_read, i8 160, i16 %input_ptr_179_val_read, i8 192, i16 %input_ptr_211_val_read, i16 0, i8 %base_index" [H:/subband_ref_q610_opt_stage4_latency_stepL2.cpp:1833->H:/subband_ref_q610_opt_stage4_latency_stepL2.cpp:1866]   --->   Operation 329 'sparsemux' 'lhs_186' <Predicate = (!icmp_ln1833)> <Delay = 2.18> <CoreInst = "SparseMux">   --->   Core 135 'SparseMux' <Latency = 0> <II = 1> <Delay = 2.18> <FuncUnit> <Opcode : 'sparsemux'> <InPorts = 2> <OutPorts = 1>
ST_1 : Operation 330 [1/1] (2.18ns)   --->   "%lhs_187 = sparsemux i16 @_ssdm_op_SparseMux.ap_auto.7i16.i16.i8, i8 0, i16 %input_ptr_20_val_read, i8 32, i16 %input_ptr_52_val_read, i8 64, i16 %input_ptr_84_val_read, i8 96, i16 %input_ptr_116_val_read, i8 128, i16 %input_ptr_148_val_read, i8 160, i16 %input_ptr_180_val_read, i8 192, i16 %input_ptr_212_val_read, i16 0, i8 %base_index" [H:/subband_ref_q610_opt_stage4_latency_stepL2.cpp:1833->H:/subband_ref_q610_opt_stage4_latency_stepL2.cpp:1866]   --->   Operation 330 'sparsemux' 'lhs_187' <Predicate = (!icmp_ln1833)> <Delay = 2.18> <CoreInst = "SparseMux">   --->   Core 135 'SparseMux' <Latency = 0> <II = 1> <Delay = 2.18> <FuncUnit> <Opcode : 'sparsemux'> <InPorts = 2> <OutPorts = 1>
ST_1 : Operation 331 [1/1] (2.18ns)   --->   "%lhs_188 = sparsemux i16 @_ssdm_op_SparseMux.ap_auto.7i16.i16.i8, i8 0, i16 %input_ptr_21_val_read, i8 32, i16 %input_ptr_53_val_read, i8 64, i16 %input_ptr_85_val_read, i8 96, i16 %input_ptr_117_val_read, i8 128, i16 %input_ptr_149_val_read, i8 160, i16 %input_ptr_181_val_read, i8 192, i16 %input_ptr_213_val_read, i16 0, i8 %base_index" [H:/subband_ref_q610_opt_stage4_latency_stepL2.cpp:1833->H:/subband_ref_q610_opt_stage4_latency_stepL2.cpp:1866]   --->   Operation 331 'sparsemux' 'lhs_188' <Predicate = (!icmp_ln1833)> <Delay = 2.18> <CoreInst = "SparseMux">   --->   Core 135 'SparseMux' <Latency = 0> <II = 1> <Delay = 2.18> <FuncUnit> <Opcode : 'sparsemux'> <InPorts = 2> <OutPorts = 1>
ST_1 : Operation 332 [1/1] (2.18ns)   --->   "%lhs_189 = sparsemux i16 @_ssdm_op_SparseMux.ap_auto.7i16.i16.i8, i8 0, i16 %input_ptr_22_val_read, i8 32, i16 %input_ptr_54_val_read, i8 64, i16 %input_ptr_86_val_read, i8 96, i16 %input_ptr_118_val_read, i8 128, i16 %input_ptr_150_val_read, i8 160, i16 %input_ptr_182_val_read, i8 192, i16 %input_ptr_214_val_read, i16 0, i8 %base_index" [H:/subband_ref_q610_opt_stage4_latency_stepL2.cpp:1833->H:/subband_ref_q610_opt_stage4_latency_stepL2.cpp:1866]   --->   Operation 332 'sparsemux' 'lhs_189' <Predicate = (!icmp_ln1833)> <Delay = 2.18> <CoreInst = "SparseMux">   --->   Core 135 'SparseMux' <Latency = 0> <II = 1> <Delay = 2.18> <FuncUnit> <Opcode : 'sparsemux'> <InPorts = 2> <OutPorts = 1>
ST_1 : Operation 333 [1/1] (2.18ns)   --->   "%lhs_190 = sparsemux i16 @_ssdm_op_SparseMux.ap_auto.7i16.i16.i8, i8 0, i16 %input_ptr_23_val_read, i8 32, i16 %input_ptr_55_val_read, i8 64, i16 %input_ptr_87_val_read, i8 96, i16 %input_ptr_119_val_read, i8 128, i16 %input_ptr_151_val_read, i8 160, i16 %input_ptr_183_val_read, i8 192, i16 %input_ptr_215_val_read, i16 0, i8 %base_index" [H:/subband_ref_q610_opt_stage4_latency_stepL2.cpp:1833->H:/subband_ref_q610_opt_stage4_latency_stepL2.cpp:1866]   --->   Operation 333 'sparsemux' 'lhs_190' <Predicate = (!icmp_ln1833)> <Delay = 2.18> <CoreInst = "SparseMux">   --->   Core 135 'SparseMux' <Latency = 0> <II = 1> <Delay = 2.18> <FuncUnit> <Opcode : 'sparsemux'> <InPorts = 2> <OutPorts = 1>
ST_1 : Operation 334 [1/1] (2.18ns)   --->   "%lhs_191 = sparsemux i16 @_ssdm_op_SparseMux.ap_auto.7i16.i16.i8, i8 0, i16 %input_ptr_24_val_read, i8 32, i16 %input_ptr_56_val_read, i8 64, i16 %input_ptr_88_val_read, i8 96, i16 %input_ptr_120_val_read, i8 128, i16 %input_ptr_152_val_read, i8 160, i16 %input_ptr_184_val_read, i8 192, i16 %input_ptr_216_val_read, i16 0, i8 %base_index" [H:/subband_ref_q610_opt_stage4_latency_stepL2.cpp:1833->H:/subband_ref_q610_opt_stage4_latency_stepL2.cpp:1866]   --->   Operation 334 'sparsemux' 'lhs_191' <Predicate = (!icmp_ln1833)> <Delay = 2.18> <CoreInst = "SparseMux">   --->   Core 135 'SparseMux' <Latency = 0> <II = 1> <Delay = 2.18> <FuncUnit> <Opcode : 'sparsemux'> <InPorts = 2> <OutPorts = 1>
ST_1 : Operation 335 [1/1] (2.18ns)   --->   "%lhs_192 = sparsemux i16 @_ssdm_op_SparseMux.ap_auto.7i16.i16.i8, i8 0, i16 %input_ptr_25_val_read, i8 32, i16 %input_ptr_57_val_read, i8 64, i16 %input_ptr_89_val_read, i8 96, i16 %input_ptr_121_val_read, i8 128, i16 %input_ptr_153_val_read, i8 160, i16 %input_ptr_185_val_read, i8 192, i16 %input_ptr_217_val_read, i16 0, i8 %base_index" [H:/subband_ref_q610_opt_stage4_latency_stepL2.cpp:1833->H:/subband_ref_q610_opt_stage4_latency_stepL2.cpp:1866]   --->   Operation 335 'sparsemux' 'lhs_192' <Predicate = (!icmp_ln1833)> <Delay = 2.18> <CoreInst = "SparseMux">   --->   Core 135 'SparseMux' <Latency = 0> <II = 1> <Delay = 2.18> <FuncUnit> <Opcode : 'sparsemux'> <InPorts = 2> <OutPorts = 1>
ST_1 : Operation 336 [1/1] (2.18ns)   --->   "%lhs_193 = sparsemux i16 @_ssdm_op_SparseMux.ap_auto.7i16.i16.i8, i8 0, i16 %input_ptr_26_val_read, i8 32, i16 %input_ptr_58_val_read, i8 64, i16 %input_ptr_90_val_read, i8 96, i16 %input_ptr_122_val_read, i8 128, i16 %input_ptr_154_val_read, i8 160, i16 %input_ptr_186_val_read, i8 192, i16 %input_ptr_218_val_read, i16 0, i8 %base_index" [H:/subband_ref_q610_opt_stage4_latency_stepL2.cpp:1833->H:/subband_ref_q610_opt_stage4_latency_stepL2.cpp:1866]   --->   Operation 336 'sparsemux' 'lhs_193' <Predicate = (!icmp_ln1833)> <Delay = 2.18> <CoreInst = "SparseMux">   --->   Core 135 'SparseMux' <Latency = 0> <II = 1> <Delay = 2.18> <FuncUnit> <Opcode : 'sparsemux'> <InPorts = 2> <OutPorts = 1>
ST_1 : Operation 337 [1/1] (2.18ns)   --->   "%lhs_194 = sparsemux i16 @_ssdm_op_SparseMux.ap_auto.7i16.i16.i8, i8 0, i16 %input_ptr_27_val_read, i8 32, i16 %input_ptr_59_val_read, i8 64, i16 %input_ptr_91_val_read, i8 96, i16 %input_ptr_123_val_read, i8 128, i16 %input_ptr_155_val_read, i8 160, i16 %input_ptr_187_val_read, i8 192, i16 %input_ptr_219_val_read, i16 0, i8 %base_index" [H:/subband_ref_q610_opt_stage4_latency_stepL2.cpp:1833->H:/subband_ref_q610_opt_stage4_latency_stepL2.cpp:1866]   --->   Operation 337 'sparsemux' 'lhs_194' <Predicate = (!icmp_ln1833)> <Delay = 2.18> <CoreInst = "SparseMux">   --->   Core 135 'SparseMux' <Latency = 0> <II = 1> <Delay = 2.18> <FuncUnit> <Opcode : 'sparsemux'> <InPorts = 2> <OutPorts = 1>
ST_1 : Operation 338 [1/1] (2.18ns)   --->   "%lhs_195 = sparsemux i16 @_ssdm_op_SparseMux.ap_auto.7i16.i16.i8, i8 0, i16 %input_ptr_28_val_read, i8 32, i16 %input_ptr_60_val_read, i8 64, i16 %input_ptr_92_val_read, i8 96, i16 %input_ptr_124_val_read, i8 128, i16 %input_ptr_156_val_read, i8 160, i16 %input_ptr_188_val_read, i8 192, i16 %input_ptr_220_val_read, i16 0, i8 %base_index" [H:/subband_ref_q610_opt_stage4_latency_stepL2.cpp:1833->H:/subband_ref_q610_opt_stage4_latency_stepL2.cpp:1866]   --->   Operation 338 'sparsemux' 'lhs_195' <Predicate = (!icmp_ln1833)> <Delay = 2.18> <CoreInst = "SparseMux">   --->   Core 135 'SparseMux' <Latency = 0> <II = 1> <Delay = 2.18> <FuncUnit> <Opcode : 'sparsemux'> <InPorts = 2> <OutPorts = 1>
ST_1 : Operation 339 [1/1] (2.18ns)   --->   "%lhs_196 = sparsemux i16 @_ssdm_op_SparseMux.ap_auto.7i16.i16.i8, i8 0, i16 %input_ptr_29_val_read, i8 32, i16 %input_ptr_61_val_read, i8 64, i16 %input_ptr_93_val_read, i8 96, i16 %input_ptr_125_val_read, i8 128, i16 %input_ptr_157_val_read, i8 160, i16 %input_ptr_189_val_read, i8 192, i16 %input_ptr_221_val_read, i16 0, i8 %base_index" [H:/subband_ref_q610_opt_stage4_latency_stepL2.cpp:1833->H:/subband_ref_q610_opt_stage4_latency_stepL2.cpp:1866]   --->   Operation 339 'sparsemux' 'lhs_196' <Predicate = (!icmp_ln1833)> <Delay = 2.18> <CoreInst = "SparseMux">   --->   Core 135 'SparseMux' <Latency = 0> <II = 1> <Delay = 2.18> <FuncUnit> <Opcode : 'sparsemux'> <InPorts = 2> <OutPorts = 1>
ST_1 : Operation 340 [1/1] (2.18ns)   --->   "%lhs_197 = sparsemux i16 @_ssdm_op_SparseMux.ap_auto.7i16.i16.i8, i8 0, i16 %input_ptr_30_val_read, i8 32, i16 %input_ptr_62_val_read, i8 64, i16 %input_ptr_94_val_read, i8 96, i16 %input_ptr_126_val_read, i8 128, i16 %input_ptr_158_val_read, i8 160, i16 %input_ptr_190_val_read, i8 192, i16 %input_ptr_222_val_read, i16 0, i8 %base_index" [H:/subband_ref_q610_opt_stage4_latency_stepL2.cpp:1833->H:/subband_ref_q610_opt_stage4_latency_stepL2.cpp:1866]   --->   Operation 340 'sparsemux' 'lhs_197' <Predicate = (!icmp_ln1833)> <Delay = 2.18> <CoreInst = "SparseMux">   --->   Core 135 'SparseMux' <Latency = 0> <II = 1> <Delay = 2.18> <FuncUnit> <Opcode : 'sparsemux'> <InPorts = 2> <OutPorts = 1>
ST_1 : Operation 341 [1/1] (2.18ns)   --->   "%lhs_198 = sparsemux i16 @_ssdm_op_SparseMux.ap_auto.7i16.i16.i8, i8 0, i16 %input_ptr_31_val_read, i8 32, i16 %input_ptr_63_val_read, i8 64, i16 %input_ptr_95_val_read, i8 96, i16 %input_ptr_127_val_read, i8 128, i16 %input_ptr_159_val_read, i8 160, i16 %input_ptr_191_val_read, i8 192, i16 %input_ptr_223_val_read, i16 0, i8 %base_index" [H:/subband_ref_q610_opt_stage4_latency_stepL2.cpp:1833->H:/subband_ref_q610_opt_stage4_latency_stepL2.cpp:1866]   --->   Operation 341 'sparsemux' 'lhs_198' <Predicate = (!icmp_ln1833)> <Delay = 2.18> <CoreInst = "SparseMux">   --->   Core 135 'SparseMux' <Latency = 0> <II = 1> <Delay = 2.18> <FuncUnit> <Opcode : 'sparsemux'> <InPorts = 2> <OutPorts = 1>
ST_1 : Operation 342 [1/1] (1.91ns)   --->   "%add_ln1833 = add i8 %base_index, i8 32" [H:/subband_ref_q610_opt_stage4_latency_stepL2.cpp:1833->H:/subband_ref_q610_opt_stage4_latency_stepL2.cpp:1866]   --->   Operation 342 'add' 'add_ln1833' <Predicate = (!icmp_ln1833)> <Delay = 1.91> <CoreInst = "Adder">   --->   Core 1 'Adder' <Latency = 0> <II = 1> <Delay = 1.91> <FuncUnit> <Opcode : 'add' 'sub'> <InPorts = 2> <OutPorts = 1>
ST_1 : Operation 343 [1/1] (1.58ns)   --->   "%store_ln1837 = store i8 %add_ln1833, i8 %index" [H:/subband_ref_q610_opt_stage4_latency_stepL2.cpp:1837->H:/subband_ref_q610_opt_stage4_latency_stepL2.cpp:1866]   --->   Operation 343 'store' 'store_ln1837' <Predicate = (!icmp_ln1833)> <Delay = 1.58>

State 2 <SV = 1> <Delay = 4.30>
ST_2 : Operation 344 [1/2] (3.25ns)   --->   "%SubbandBand0TopQ610_ap_int_const_ap_int_const_ap_int_const_ap_int_const_ap_i_36 = load i10 %SubbandBand0TopQ610_ap_int_const_ap_int_const_ap_int_const_ap_int_const_ap_i_35" [H:/subband_ref_q610_opt_stage4_latency_stepL2.cpp:1839->H:/subband_ref_q610_opt_stage4_latency_stepL2.cpp:1866]   --->   Operation 344 'load' 'SubbandBand0TopQ610_ap_int_const_ap_int_const_ap_int_const_ap_int_const_ap_i_36' <Predicate = true> <Delay = 3.25> <CoreInst = "RAM_2P_BRAM">   --->   Core 91 'RAM_2P_BRAM' <Latency = 1> <II = 1> <Delay = 3.25> <Storage> <Opcode : 'load' 'store'> <Ports = 2> <Width = 512> <Depth = 784> <RAM>
ST_2 : Operation 345 [1/1] (0.00ns)   --->   "%rhs = trunc i512 %SubbandBand0TopQ610_ap_int_const_ap_int_const_ap_int_const_ap_int_const_ap_i_36" [H:/subband_ref_q610_opt_stage4_latency_stepL2.cpp:1839->H:/subband_ref_q610_opt_stage4_latency_stepL2.cpp:1866]   --->   Operation 345 'trunc' 'rhs' <Predicate = true> <Delay = 0.00>
ST_2 : Operation 346 [1/1] (0.00ns)   --->   "%sext_ln1625 = sext i16 %lhs" [H:/subband_ref_q610_opt_stage4_latency_stepL2.cpp:1625->H:/subband_ref_q610_opt_stage4_latency_stepL2.cpp:1839->H:/subband_ref_q610_opt_stage4_latency_stepL2.cpp:1866]   --->   Operation 346 'sext' 'sext_ln1625' <Predicate = true> <Delay = 0.00>
ST_2 : Operation 347 [1/1] (0.00ns)   --->   "%sext_ln1625_91 = sext i16 %rhs" [H:/subband_ref_q610_opt_stage4_latency_stepL2.cpp:1625->H:/subband_ref_q610_opt_stage4_latency_stepL2.cpp:1839->H:/subband_ref_q610_opt_stage4_latency_stepL2.cpp:1866]   --->   Operation 347 'sext' 'sext_ln1625_91' <Predicate = true> <Delay = 0.00>
ST_2 : Operation 348 [3/3] (1.05ns) (grouped into DSP with root node total_q20)   --->   "%product_q20 = mul i32 %sext_ln1625_91, i32 %sext_ln1625" [H:/subband_ref_q610_opt_stage4_latency_stepL2.cpp:1625->H:/subband_ref_q610_opt_stage4_latency_stepL2.cpp:1839->H:/subband_ref_q610_opt_stage4_latency_stepL2.cpp:1866]   --->   Operation 348 'mul' 'product_q20' <Predicate = true> <Delay = 1.05> <CoreInst = "DSP48">   --->   Core 119 'DSP48' <Latency = 2> <II = 1> <Delay = 3.88> <IPBlock> <Opcode : '' 'add' 'sub' 'mul' 'select'> <InPorts = 0> <OutPorts = 1> <Sync> <CReg>
ST_2 : Operation 349 [1/1] (0.00ns)   --->   "%rhs_162 = partselect i16 @_ssdm_op_PartSelect.i16.i512.i32.i32, i512 %SubbandBand0TopQ610_ap_int_const_ap_int_const_ap_int_const_ap_int_const_ap_i_36, i32 16, i32 31" [H:/subband_ref_q610_opt_stage4_latency_stepL2.cpp:1839->H:/subband_ref_q610_opt_stage4_latency_stepL2.cpp:1866]   --->   Operation 349 'partselect' 'rhs_162' <Predicate = true> <Delay = 0.00>
ST_2 : Operation 350 [1/1] (0.00ns)   --->   "%sext_ln1625_92 = sext i16 %lhs_168" [H:/subband_ref_q610_opt_stage4_latency_stepL2.cpp:1625->H:/subband_ref_q610_opt_stage4_latency_stepL2.cpp:1839->H:/subband_ref_q610_opt_stage4_latency_stepL2.cpp:1866]   --->   Operation 350 'sext' 'sext_ln1625_92' <Predicate = true> <Delay = 0.00>
ST_2 : Operation 351 [1/1] (0.00ns)   --->   "%sext_ln1625_93 = sext i16 %rhs_162" [H:/subband_ref_q610_opt_stage4_latency_stepL2.cpp:1625->H:/subband_ref_q610_opt_stage4_latency_stepL2.cpp:1839->H:/subband_ref_q610_opt_stage4_latency_stepL2.cpp:1866]   --->   Operation 351 'sext' 'sext_ln1625_93' <Predicate = true> <Delay = 0.00>
ST_2 : Operation 352 [3/3] (1.05ns) (grouped into DSP with root node add_ln1839)   --->   "%product_q20_171 = mul i32 %sext_ln1625_93, i32 %sext_ln1625_92" [H:/subband_ref_q610_opt_stage4_latency_stepL2.cpp:1625->H:/subband_ref_q610_opt_stage4_latency_stepL2.cpp:1839->H:/subband_ref_q610_opt_stage4_latency_stepL2.cpp:1866]   --->   Operation 352 'mul' 'product_q20_171' <Predicate = true> <Delay = 1.05> <CoreInst = "DSP48">   --->   Core 119 'DSP48' <Latency = 2> <II = 1> <Delay = 3.88> <IPBlock> <Opcode : '' 'add' 'sub' 'mul' 'select'> <InPorts = 0> <OutPorts = 1> <Sync> <CReg>
ST_2 : Operation 353 [1/1] (0.00ns)   --->   "%rhs_163 = partselect i16 @_ssdm_op_PartSelect.i16.i512.i32.i32, i512 %SubbandBand0TopQ610_ap_int_const_ap_int_const_ap_int_const_ap_int_const_ap_i_36, i32 32, i32 47" [H:/subband_ref_q610_opt_stage4_latency_stepL2.cpp:1839->H:/subband_ref_q610_opt_stage4_latency_stepL2.cpp:1866]   --->   Operation 353 'partselect' 'rhs_163' <Predicate = true> <Delay = 0.00>
ST_2 : Operation 354 [1/1] (0.00ns)   --->   "%sext_ln1625_94 = sext i16 %lhs_169" [H:/subband_ref_q610_opt_stage4_latency_stepL2.cpp:1625->H:/subband_ref_q610_opt_stage4_latency_stepL2.cpp:1839->H:/subband_ref_q610_opt_stage4_latency_stepL2.cpp:1866]   --->   Operation 354 'sext' 'sext_ln1625_94' <Predicate = true> <Delay = 0.00>
ST_2 : Operation 355 [1/1] (0.00ns)   --->   "%sext_ln1625_95 = sext i16 %rhs_163" [H:/subband_ref_q610_opt_stage4_latency_stepL2.cpp:1625->H:/subband_ref_q610_opt_stage4_latency_stepL2.cpp:1839->H:/subband_ref_q610_opt_stage4_latency_stepL2.cpp:1866]   --->   Operation 355 'sext' 'sext_ln1625_95' <Predicate = true> <Delay = 0.00>
ST_2 : Operation 356 [3/3] (1.05ns) (grouped into DSP with root node add_ln1839_71)   --->   "%product_q20_172 = mul i32 %sext_ln1625_95, i32 %sext_ln1625_94" [H:/subband_ref_q610_opt_stage4_latency_stepL2.cpp:1625->H:/subband_ref_q610_opt_stage4_latency_stepL2.cpp:1839->H:/subband_ref_q610_opt_stage4_latency_stepL2.cpp:1866]   --->   Operation 356 'mul' 'product_q20_172' <Predicate = true> <Delay = 1.05> <CoreInst = "DSP48">   --->   Core 119 'DSP48' <Latency = 2> <II = 1> <Delay = 3.88> <IPBlock> <Opcode : '' 'add' 'sub' 'mul' 'select'> <InPorts = 0> <OutPorts = 1> <Sync> <CReg>
ST_2 : Operation 357 [1/1] (0.00ns)   --->   "%rhs_164 = partselect i16 @_ssdm_op_PartSelect.i16.i512.i32.i32, i512 %SubbandBand0TopQ610_ap_int_const_ap_int_const_ap_int_const_ap_int_const_ap_i_36, i32 48, i32 63" [H:/subband_ref_q610_opt_stage4_latency_stepL2.cpp:1839->H:/subband_ref_q610_opt_stage4_latency_stepL2.cpp:1866]   --->   Operation 357 'partselect' 'rhs_164' <Predicate = true> <Delay = 0.00>
ST_2 : Operation 358 [1/1] (0.00ns)   --->   "%sext_ln1625_96 = sext i16 %lhs_170" [H:/subband_ref_q610_opt_stage4_latency_stepL2.cpp:1625->H:/subband_ref_q610_opt_stage4_latency_stepL2.cpp:1839->H:/subband_ref_q610_opt_stage4_latency_stepL2.cpp:1866]   --->   Operation 358 'sext' 'sext_ln1625_96' <Predicate = true> <Delay = 0.00>
ST_2 : Operation 359 [1/1] (0.00ns)   --->   "%sext_ln1625_97 = sext i16 %rhs_164" [H:/subband_ref_q610_opt_stage4_latency_stepL2.cpp:1625->H:/subband_ref_q610_opt_stage4_latency_stepL2.cpp:1839->H:/subband_ref_q610_opt_stage4_latency_stepL2.cpp:1866]   --->   Operation 359 'sext' 'sext_ln1625_97' <Predicate = true> <Delay = 0.00>
ST_2 : Operation 360 [3/3] (1.05ns) (grouped into DSP with root node add_ln1839_72)   --->   "%product_q20_173 = mul i32 %sext_ln1625_97, i32 %sext_ln1625_96" [H:/subband_ref_q610_opt_stage4_latency_stepL2.cpp:1625->H:/subband_ref_q610_opt_stage4_latency_stepL2.cpp:1839->H:/subband_ref_q610_opt_stage4_latency_stepL2.cpp:1866]   --->   Operation 360 'mul' 'product_q20_173' <Predicate = true> <Delay = 1.05> <CoreInst = "DSP48">   --->   Core 119 'DSP48' <Latency = 2> <II = 1> <Delay = 3.88> <IPBlock> <Opcode : '' 'add' 'sub' 'mul' 'select'> <InPorts = 0> <OutPorts = 1> <Sync> <CReg>
ST_2 : Operation 361 [1/1] (0.00ns)   --->   "%rhs_165 = partselect i16 @_ssdm_op_PartSelect.i16.i512.i32.i32, i512 %SubbandBand0TopQ610_ap_int_const_ap_int_const_ap_int_const_ap_int_const_ap_i_36, i32 64, i32 79" [H:/subband_ref_q610_opt_stage4_latency_stepL2.cpp:1839->H:/subband_ref_q610_opt_stage4_latency_stepL2.cpp:1866]   --->   Operation 361 'partselect' 'rhs_165' <Predicate = true> <Delay = 0.00>
ST_2 : Operation 362 [1/1] (0.00ns)   --->   "%sext_ln1625_98 = sext i16 %lhs_171" [H:/subband_ref_q610_opt_stage4_latency_stepL2.cpp:1625->H:/subband_ref_q610_opt_stage4_latency_stepL2.cpp:1839->H:/subband_ref_q610_opt_stage4_latency_stepL2.cpp:1866]   --->   Operation 362 'sext' 'sext_ln1625_98' <Predicate = true> <Delay = 0.00>
ST_2 : Operation 363 [1/1] (0.00ns)   --->   "%sext_ln1625_99 = sext i16 %rhs_165" [H:/subband_ref_q610_opt_stage4_latency_stepL2.cpp:1625->H:/subband_ref_q610_opt_stage4_latency_stepL2.cpp:1839->H:/subband_ref_q610_opt_stage4_latency_stepL2.cpp:1866]   --->   Operation 363 'sext' 'sext_ln1625_99' <Predicate = true> <Delay = 0.00>
ST_2 : Operation 364 [3/3] (1.05ns) (grouped into DSP with root node add_ln1839_73)   --->   "%product_q20_174 = mul i32 %sext_ln1625_99, i32 %sext_ln1625_98" [H:/subband_ref_q610_opt_stage4_latency_stepL2.cpp:1625->H:/subband_ref_q610_opt_stage4_latency_stepL2.cpp:1839->H:/subband_ref_q610_opt_stage4_latency_stepL2.cpp:1866]   --->   Operation 364 'mul' 'product_q20_174' <Predicate = true> <Delay = 1.05> <CoreInst = "DSP48">   --->   Core 119 'DSP48' <Latency = 2> <II = 1> <Delay = 3.88> <IPBlock> <Opcode : '' 'add' 'sub' 'mul' 'select'> <InPorts = 0> <OutPorts = 1> <Sync> <CReg>
ST_2 : Operation 365 [1/1] (0.00ns)   --->   "%rhs_166 = partselect i16 @_ssdm_op_PartSelect.i16.i512.i32.i32, i512 %SubbandBand0TopQ610_ap_int_const_ap_int_const_ap_int_const_ap_int_const_ap_i_36, i32 80, i32 95" [H:/subband_ref_q610_opt_stage4_latency_stepL2.cpp:1839->H:/subband_ref_q610_opt_stage4_latency_stepL2.cpp:1866]   --->   Operation 365 'partselect' 'rhs_166' <Predicate = true> <Delay = 0.00>
ST_2 : Operation 366 [1/1] (0.00ns)   --->   "%sext_ln1625_100 = sext i16 %lhs_172" [H:/subband_ref_q610_opt_stage4_latency_stepL2.cpp:1625->H:/subband_ref_q610_opt_stage4_latency_stepL2.cpp:1839->H:/subband_ref_q610_opt_stage4_latency_stepL2.cpp:1866]   --->   Operation 366 'sext' 'sext_ln1625_100' <Predicate = true> <Delay = 0.00>
ST_2 : Operation 367 [1/1] (0.00ns)   --->   "%sext_ln1625_101 = sext i16 %rhs_166" [H:/subband_ref_q610_opt_stage4_latency_stepL2.cpp:1625->H:/subband_ref_q610_opt_stage4_latency_stepL2.cpp:1839->H:/subband_ref_q610_opt_stage4_latency_stepL2.cpp:1866]   --->   Operation 367 'sext' 'sext_ln1625_101' <Predicate = true> <Delay = 0.00>
ST_2 : Operation 368 [3/3] (1.05ns) (grouped into DSP with root node add_ln1839_74)   --->   "%product_q20_175 = mul i32 %sext_ln1625_101, i32 %sext_ln1625_100" [H:/subband_ref_q610_opt_stage4_latency_stepL2.cpp:1625->H:/subband_ref_q610_opt_stage4_latency_stepL2.cpp:1839->H:/subband_ref_q610_opt_stage4_latency_stepL2.cpp:1866]   --->   Operation 368 'mul' 'product_q20_175' <Predicate = true> <Delay = 1.05> <CoreInst = "DSP48">   --->   Core 119 'DSP48' <Latency = 2> <II = 1> <Delay = 3.88> <IPBlock> <Opcode : '' 'add' 'sub' 'mul' 'select'> <InPorts = 0> <OutPorts = 1> <Sync> <CReg>
ST_2 : Operation 369 [1/1] (0.00ns)   --->   "%rhs_167 = partselect i16 @_ssdm_op_PartSelect.i16.i512.i32.i32, i512 %SubbandBand0TopQ610_ap_int_const_ap_int_const_ap_int_const_ap_int_const_ap_i_36, i32 96, i32 111" [H:/subband_ref_q610_opt_stage4_latency_stepL2.cpp:1839->H:/subband_ref_q610_opt_stage4_latency_stepL2.cpp:1866]   --->   Operation 369 'partselect' 'rhs_167' <Predicate = true> <Delay = 0.00>
ST_2 : Operation 370 [1/1] (0.00ns)   --->   "%sext_ln1625_102 = sext i16 %lhs_173" [H:/subband_ref_q610_opt_stage4_latency_stepL2.cpp:1625->H:/subband_ref_q610_opt_stage4_latency_stepL2.cpp:1839->H:/subband_ref_q610_opt_stage4_latency_stepL2.cpp:1866]   --->   Operation 370 'sext' 'sext_ln1625_102' <Predicate = true> <Delay = 0.00>
ST_2 : Operation 371 [1/1] (0.00ns)   --->   "%sext_ln1625_103 = sext i16 %rhs_167" [H:/subband_ref_q610_opt_stage4_latency_stepL2.cpp:1625->H:/subband_ref_q610_opt_stage4_latency_stepL2.cpp:1839->H:/subband_ref_q610_opt_stage4_latency_stepL2.cpp:1866]   --->   Operation 371 'sext' 'sext_ln1625_103' <Predicate = true> <Delay = 0.00>
ST_2 : Operation 372 [3/3] (1.05ns) (grouped into DSP with root node add_ln1839_75)   --->   "%product_q20_176 = mul i32 %sext_ln1625_103, i32 %sext_ln1625_102" [H:/subband_ref_q610_opt_stage4_latency_stepL2.cpp:1625->H:/subband_ref_q610_opt_stage4_latency_stepL2.cpp:1839->H:/subband_ref_q610_opt_stage4_latency_stepL2.cpp:1866]   --->   Operation 372 'mul' 'product_q20_176' <Predicate = true> <Delay = 1.05> <CoreInst = "DSP48">   --->   Core 119 'DSP48' <Latency = 2> <II = 1> <Delay = 3.88> <IPBlock> <Opcode : '' 'add' 'sub' 'mul' 'select'> <InPorts = 0> <OutPorts = 1> <Sync> <CReg>
ST_2 : Operation 373 [1/1] (0.00ns)   --->   "%rhs_168 = partselect i16 @_ssdm_op_PartSelect.i16.i512.i32.i32, i512 %SubbandBand0TopQ610_ap_int_const_ap_int_const_ap_int_const_ap_int_const_ap_i_36, i32 112, i32 127" [H:/subband_ref_q610_opt_stage4_latency_stepL2.cpp:1839->H:/subband_ref_q610_opt_stage4_latency_stepL2.cpp:1866]   --->   Operation 373 'partselect' 'rhs_168' <Predicate = true> <Delay = 0.00>
ST_2 : Operation 374 [1/1] (0.00ns)   --->   "%sext_ln1625_104 = sext i16 %lhs_174" [H:/subband_ref_q610_opt_stage4_latency_stepL2.cpp:1625->H:/subband_ref_q610_opt_stage4_latency_stepL2.cpp:1839->H:/subband_ref_q610_opt_stage4_latency_stepL2.cpp:1866]   --->   Operation 374 'sext' 'sext_ln1625_104' <Predicate = true> <Delay = 0.00>
ST_2 : Operation 375 [1/1] (0.00ns)   --->   "%sext_ln1625_105 = sext i16 %rhs_168" [H:/subband_ref_q610_opt_stage4_latency_stepL2.cpp:1625->H:/subband_ref_q610_opt_stage4_latency_stepL2.cpp:1839->H:/subband_ref_q610_opt_stage4_latency_stepL2.cpp:1866]   --->   Operation 375 'sext' 'sext_ln1625_105' <Predicate = true> <Delay = 0.00>
ST_2 : Operation 376 [3/3] (1.05ns) (grouped into DSP with root node add_ln1839_76)   --->   "%product_q20_177 = mul i32 %sext_ln1625_105, i32 %sext_ln1625_104" [H:/subband_ref_q610_opt_stage4_latency_stepL2.cpp:1625->H:/subband_ref_q610_opt_stage4_latency_stepL2.cpp:1839->H:/subband_ref_q610_opt_stage4_latency_stepL2.cpp:1866]   --->   Operation 376 'mul' 'product_q20_177' <Predicate = true> <Delay = 1.05> <CoreInst = "DSP48">   --->   Core 119 'DSP48' <Latency = 2> <II = 1> <Delay = 3.88> <IPBlock> <Opcode : '' 'add' 'sub' 'mul' 'select'> <InPorts = 0> <OutPorts = 1> <Sync> <CReg>
ST_2 : Operation 377 [1/1] (0.00ns)   --->   "%rhs_169 = partselect i16 @_ssdm_op_PartSelect.i16.i512.i32.i32, i512 %SubbandBand0TopQ610_ap_int_const_ap_int_const_ap_int_const_ap_int_const_ap_i_36, i32 128, i32 143" [H:/subband_ref_q610_opt_stage4_latency_stepL2.cpp:1839->H:/subband_ref_q610_opt_stage4_latency_stepL2.cpp:1866]   --->   Operation 377 'partselect' 'rhs_169' <Predicate = true> <Delay = 0.00>
ST_2 : Operation 378 [1/1] (0.00ns)   --->   "%sext_ln1625_106 = sext i16 %lhs_175" [H:/subband_ref_q610_opt_stage4_latency_stepL2.cpp:1625->H:/subband_ref_q610_opt_stage4_latency_stepL2.cpp:1839->H:/subband_ref_q610_opt_stage4_latency_stepL2.cpp:1866]   --->   Operation 378 'sext' 'sext_ln1625_106' <Predicate = true> <Delay = 0.00>
ST_2 : Operation 379 [1/1] (0.00ns)   --->   "%sext_ln1625_107 = sext i16 %rhs_169" [H:/subband_ref_q610_opt_stage4_latency_stepL2.cpp:1625->H:/subband_ref_q610_opt_stage4_latency_stepL2.cpp:1839->H:/subband_ref_q610_opt_stage4_latency_stepL2.cpp:1866]   --->   Operation 379 'sext' 'sext_ln1625_107' <Predicate = true> <Delay = 0.00>
ST_2 : Operation 380 [3/3] (1.05ns) (grouped into DSP with root node add_ln1839_77)   --->   "%product_q20_178 = mul i32 %sext_ln1625_107, i32 %sext_ln1625_106" [H:/subband_ref_q610_opt_stage4_latency_stepL2.cpp:1625->H:/subband_ref_q610_opt_stage4_latency_stepL2.cpp:1839->H:/subband_ref_q610_opt_stage4_latency_stepL2.cpp:1866]   --->   Operation 380 'mul' 'product_q20_178' <Predicate = true> <Delay = 1.05> <CoreInst = "DSP48">   --->   Core 119 'DSP48' <Latency = 2> <II = 1> <Delay = 3.88> <IPBlock> <Opcode : '' 'add' 'sub' 'mul' 'select'> <InPorts = 0> <OutPorts = 1> <Sync> <CReg>
ST_2 : Operation 381 [1/1] (0.00ns)   --->   "%rhs_170 = partselect i16 @_ssdm_op_PartSelect.i16.i512.i32.i32, i512 %SubbandBand0TopQ610_ap_int_const_ap_int_const_ap_int_const_ap_int_const_ap_i_36, i32 144, i32 159" [H:/subband_ref_q610_opt_stage4_latency_stepL2.cpp:1839->H:/subband_ref_q610_opt_stage4_latency_stepL2.cpp:1866]   --->   Operation 381 'partselect' 'rhs_170' <Predicate = true> <Delay = 0.00>
ST_2 : Operation 382 [1/1] (0.00ns)   --->   "%sext_ln1625_108 = sext i16 %lhs_176" [H:/subband_ref_q610_opt_stage4_latency_stepL2.cpp:1625->H:/subband_ref_q610_opt_stage4_latency_stepL2.cpp:1839->H:/subband_ref_q610_opt_stage4_latency_stepL2.cpp:1866]   --->   Operation 382 'sext' 'sext_ln1625_108' <Predicate = true> <Delay = 0.00>
ST_2 : Operation 383 [1/1] (0.00ns)   --->   "%sext_ln1625_109 = sext i16 %rhs_170" [H:/subband_ref_q610_opt_stage4_latency_stepL2.cpp:1625->H:/subband_ref_q610_opt_stage4_latency_stepL2.cpp:1839->H:/subband_ref_q610_opt_stage4_latency_stepL2.cpp:1866]   --->   Operation 383 'sext' 'sext_ln1625_109' <Predicate = true> <Delay = 0.00>
ST_2 : Operation 384 [3/3] (1.05ns) (grouped into DSP with root node add_ln1839_78)   --->   "%product_q20_179 = mul i32 %sext_ln1625_109, i32 %sext_ln1625_108" [H:/subband_ref_q610_opt_stage4_latency_stepL2.cpp:1625->H:/subband_ref_q610_opt_stage4_latency_stepL2.cpp:1839->H:/subband_ref_q610_opt_stage4_latency_stepL2.cpp:1866]   --->   Operation 384 'mul' 'product_q20_179' <Predicate = true> <Delay = 1.05> <CoreInst = "DSP48">   --->   Core 119 'DSP48' <Latency = 2> <II = 1> <Delay = 3.88> <IPBlock> <Opcode : '' 'add' 'sub' 'mul' 'select'> <InPorts = 0> <OutPorts = 1> <Sync> <CReg>
ST_2 : Operation 385 [1/1] (0.00ns)   --->   "%rhs_171 = partselect i16 @_ssdm_op_PartSelect.i16.i512.i32.i32, i512 %SubbandBand0TopQ610_ap_int_const_ap_int_const_ap_int_const_ap_int_const_ap_i_36, i32 160, i32 175" [H:/subband_ref_q610_opt_stage4_latency_stepL2.cpp:1839->H:/subband_ref_q610_opt_stage4_latency_stepL2.cpp:1866]   --->   Operation 385 'partselect' 'rhs_171' <Predicate = true> <Delay = 0.00>
ST_2 : Operation 386 [1/1] (0.00ns)   --->   "%sext_ln1625_110 = sext i16 %lhs_177" [H:/subband_ref_q610_opt_stage4_latency_stepL2.cpp:1625->H:/subband_ref_q610_opt_stage4_latency_stepL2.cpp:1839->H:/subband_ref_q610_opt_stage4_latency_stepL2.cpp:1866]   --->   Operation 386 'sext' 'sext_ln1625_110' <Predicate = true> <Delay = 0.00>
ST_2 : Operation 387 [1/1] (0.00ns)   --->   "%sext_ln1625_111 = sext i16 %rhs_171" [H:/subband_ref_q610_opt_stage4_latency_stepL2.cpp:1625->H:/subband_ref_q610_opt_stage4_latency_stepL2.cpp:1839->H:/subband_ref_q610_opt_stage4_latency_stepL2.cpp:1866]   --->   Operation 387 'sext' 'sext_ln1625_111' <Predicate = true> <Delay = 0.00>
ST_2 : Operation 388 [3/3] (1.05ns) (grouped into DSP with root node add_ln1839_79)   --->   "%product_q20_180 = mul i32 %sext_ln1625_111, i32 %sext_ln1625_110" [H:/subband_ref_q610_opt_stage4_latency_stepL2.cpp:1625->H:/subband_ref_q610_opt_stage4_latency_stepL2.cpp:1839->H:/subband_ref_q610_opt_stage4_latency_stepL2.cpp:1866]   --->   Operation 388 'mul' 'product_q20_180' <Predicate = true> <Delay = 1.05> <CoreInst = "DSP48">   --->   Core 119 'DSP48' <Latency = 2> <II = 1> <Delay = 3.88> <IPBlock> <Opcode : '' 'add' 'sub' 'mul' 'select'> <InPorts = 0> <OutPorts = 1> <Sync> <CReg>
ST_2 : Operation 389 [1/1] (0.00ns)   --->   "%rhs_172 = partselect i16 @_ssdm_op_PartSelect.i16.i512.i32.i32, i512 %SubbandBand0TopQ610_ap_int_const_ap_int_const_ap_int_const_ap_int_const_ap_i_36, i32 176, i32 191" [H:/subband_ref_q610_opt_stage4_latency_stepL2.cpp:1839->H:/subband_ref_q610_opt_stage4_latency_stepL2.cpp:1866]   --->   Operation 389 'partselect' 'rhs_172' <Predicate = true> <Delay = 0.00>
ST_2 : Operation 390 [1/1] (0.00ns)   --->   "%sext_ln1625_112 = sext i16 %lhs_178" [H:/subband_ref_q610_opt_stage4_latency_stepL2.cpp:1625->H:/subband_ref_q610_opt_stage4_latency_stepL2.cpp:1839->H:/subband_ref_q610_opt_stage4_latency_stepL2.cpp:1866]   --->   Operation 390 'sext' 'sext_ln1625_112' <Predicate = true> <Delay = 0.00>
ST_2 : Operation 391 [1/1] (0.00ns)   --->   "%sext_ln1625_113 = sext i16 %rhs_172" [H:/subband_ref_q610_opt_stage4_latency_stepL2.cpp:1625->H:/subband_ref_q610_opt_stage4_latency_stepL2.cpp:1839->H:/subband_ref_q610_opt_stage4_latency_stepL2.cpp:1866]   --->   Operation 391 'sext' 'sext_ln1625_113' <Predicate = true> <Delay = 0.00>
ST_2 : Operation 392 [3/3] (1.05ns) (grouped into DSP with root node add_ln1839_80)   --->   "%product_q20_181 = mul i32 %sext_ln1625_113, i32 %sext_ln1625_112" [H:/subband_ref_q610_opt_stage4_latency_stepL2.cpp:1625->H:/subband_ref_q610_opt_stage4_latency_stepL2.cpp:1839->H:/subband_ref_q610_opt_stage4_latency_stepL2.cpp:1866]   --->   Operation 392 'mul' 'product_q20_181' <Predicate = true> <Delay = 1.05> <CoreInst = "DSP48">   --->   Core 119 'DSP48' <Latency = 2> <II = 1> <Delay = 3.88> <IPBlock> <Opcode : '' 'add' 'sub' 'mul' 'select'> <InPorts = 0> <OutPorts = 1> <Sync> <CReg>
ST_2 : Operation 393 [1/1] (0.00ns)   --->   "%rhs_173 = partselect i16 @_ssdm_op_PartSelect.i16.i512.i32.i32, i512 %SubbandBand0TopQ610_ap_int_const_ap_int_const_ap_int_const_ap_int_const_ap_i_36, i32 192, i32 207" [H:/subband_ref_q610_opt_stage4_latency_stepL2.cpp:1839->H:/subband_ref_q610_opt_stage4_latency_stepL2.cpp:1866]   --->   Operation 393 'partselect' 'rhs_173' <Predicate = true> <Delay = 0.00>
ST_2 : Operation 394 [1/1] (0.00ns)   --->   "%sext_ln1625_114 = sext i16 %lhs_179" [H:/subband_ref_q610_opt_stage4_latency_stepL2.cpp:1625->H:/subband_ref_q610_opt_stage4_latency_stepL2.cpp:1839->H:/subband_ref_q610_opt_stage4_latency_stepL2.cpp:1866]   --->   Operation 394 'sext' 'sext_ln1625_114' <Predicate = true> <Delay = 0.00>
ST_2 : Operation 395 [1/1] (0.00ns)   --->   "%sext_ln1625_115 = sext i16 %rhs_173" [H:/subband_ref_q610_opt_stage4_latency_stepL2.cpp:1625->H:/subband_ref_q610_opt_stage4_latency_stepL2.cpp:1839->H:/subband_ref_q610_opt_stage4_latency_stepL2.cpp:1866]   --->   Operation 395 'sext' 'sext_ln1625_115' <Predicate = true> <Delay = 0.00>
ST_2 : Operation 396 [3/3] (1.05ns) (grouped into DSP with root node add_ln1839_81)   --->   "%product_q20_182 = mul i32 %sext_ln1625_115, i32 %sext_ln1625_114" [H:/subband_ref_q610_opt_stage4_latency_stepL2.cpp:1625->H:/subband_ref_q610_opt_stage4_latency_stepL2.cpp:1839->H:/subband_ref_q610_opt_stage4_latency_stepL2.cpp:1866]   --->   Operation 396 'mul' 'product_q20_182' <Predicate = true> <Delay = 1.05> <CoreInst = "DSP48">   --->   Core 119 'DSP48' <Latency = 2> <II = 1> <Delay = 3.88> <IPBlock> <Opcode : '' 'add' 'sub' 'mul' 'select'> <InPorts = 0> <OutPorts = 1> <Sync> <CReg>
ST_2 : Operation 397 [1/1] (0.00ns)   --->   "%rhs_174 = partselect i16 @_ssdm_op_PartSelect.i16.i512.i32.i32, i512 %SubbandBand0TopQ610_ap_int_const_ap_int_const_ap_int_const_ap_int_const_ap_i_36, i32 208, i32 223" [H:/subband_ref_q610_opt_stage4_latency_stepL2.cpp:1839->H:/subband_ref_q610_opt_stage4_latency_stepL2.cpp:1866]   --->   Operation 397 'partselect' 'rhs_174' <Predicate = true> <Delay = 0.00>
ST_2 : Operation 398 [1/1] (0.00ns)   --->   "%sext_ln1625_116 = sext i16 %lhs_180" [H:/subband_ref_q610_opt_stage4_latency_stepL2.cpp:1625->H:/subband_ref_q610_opt_stage4_latency_stepL2.cpp:1839->H:/subband_ref_q610_opt_stage4_latency_stepL2.cpp:1866]   --->   Operation 398 'sext' 'sext_ln1625_116' <Predicate = true> <Delay = 0.00>
ST_2 : Operation 399 [1/1] (0.00ns)   --->   "%sext_ln1625_117 = sext i16 %rhs_174" [H:/subband_ref_q610_opt_stage4_latency_stepL2.cpp:1625->H:/subband_ref_q610_opt_stage4_latency_stepL2.cpp:1839->H:/subband_ref_q610_opt_stage4_latency_stepL2.cpp:1866]   --->   Operation 399 'sext' 'sext_ln1625_117' <Predicate = true> <Delay = 0.00>
ST_2 : Operation 400 [3/3] (1.05ns) (grouped into DSP with root node add_ln1839_82)   --->   "%product_q20_183 = mul i32 %sext_ln1625_117, i32 %sext_ln1625_116" [H:/subband_ref_q610_opt_stage4_latency_stepL2.cpp:1625->H:/subband_ref_q610_opt_stage4_latency_stepL2.cpp:1839->H:/subband_ref_q610_opt_stage4_latency_stepL2.cpp:1866]   --->   Operation 400 'mul' 'product_q20_183' <Predicate = true> <Delay = 1.05> <CoreInst = "DSP48">   --->   Core 119 'DSP48' <Latency = 2> <II = 1> <Delay = 3.88> <IPBlock> <Opcode : '' 'add' 'sub' 'mul' 'select'> <InPorts = 0> <OutPorts = 1> <Sync> <CReg>
ST_2 : Operation 401 [1/1] (0.00ns)   --->   "%rhs_175 = partselect i16 @_ssdm_op_PartSelect.i16.i512.i32.i32, i512 %SubbandBand0TopQ610_ap_int_const_ap_int_const_ap_int_const_ap_int_const_ap_i_36, i32 224, i32 239" [H:/subband_ref_q610_opt_stage4_latency_stepL2.cpp:1839->H:/subband_ref_q610_opt_stage4_latency_stepL2.cpp:1866]   --->   Operation 401 'partselect' 'rhs_175' <Predicate = true> <Delay = 0.00>
ST_2 : Operation 402 [1/1] (0.00ns)   --->   "%sext_ln1625_118 = sext i16 %lhs_181" [H:/subband_ref_q610_opt_stage4_latency_stepL2.cpp:1625->H:/subband_ref_q610_opt_stage4_latency_stepL2.cpp:1839->H:/subband_ref_q610_opt_stage4_latency_stepL2.cpp:1866]   --->   Operation 402 'sext' 'sext_ln1625_118' <Predicate = true> <Delay = 0.00>
ST_2 : Operation 403 [1/1] (0.00ns)   --->   "%sext_ln1625_119 = sext i16 %rhs_175" [H:/subband_ref_q610_opt_stage4_latency_stepL2.cpp:1625->H:/subband_ref_q610_opt_stage4_latency_stepL2.cpp:1839->H:/subband_ref_q610_opt_stage4_latency_stepL2.cpp:1866]   --->   Operation 403 'sext' 'sext_ln1625_119' <Predicate = true> <Delay = 0.00>
ST_2 : Operation 404 [3/3] (1.05ns) (grouped into DSP with root node add_ln1839_83)   --->   "%product_q20_184 = mul i32 %sext_ln1625_119, i32 %sext_ln1625_118" [H:/subband_ref_q610_opt_stage4_latency_stepL2.cpp:1625->H:/subband_ref_q610_opt_stage4_latency_stepL2.cpp:1839->H:/subband_ref_q610_opt_stage4_latency_stepL2.cpp:1866]   --->   Operation 404 'mul' 'product_q20_184' <Predicate = true> <Delay = 1.05> <CoreInst = "DSP48">   --->   Core 119 'DSP48' <Latency = 2> <II = 1> <Delay = 3.88> <IPBlock> <Opcode : '' 'add' 'sub' 'mul' 'select'> <InPorts = 0> <OutPorts = 1> <Sync> <CReg>
ST_2 : Operation 405 [1/1] (0.00ns)   --->   "%rhs_176 = partselect i16 @_ssdm_op_PartSelect.i16.i512.i32.i32, i512 %SubbandBand0TopQ610_ap_int_const_ap_int_const_ap_int_const_ap_int_const_ap_i_36, i32 240, i32 255" [H:/subband_ref_q610_opt_stage4_latency_stepL2.cpp:1839->H:/subband_ref_q610_opt_stage4_latency_stepL2.cpp:1866]   --->   Operation 405 'partselect' 'rhs_176' <Predicate = true> <Delay = 0.00>
ST_2 : Operation 406 [1/1] (0.00ns)   --->   "%sext_ln1625_120 = sext i16 %lhs_182" [H:/subband_ref_q610_opt_stage4_latency_stepL2.cpp:1625->H:/subband_ref_q610_opt_stage4_latency_stepL2.cpp:1839->H:/subband_ref_q610_opt_stage4_latency_stepL2.cpp:1866]   --->   Operation 406 'sext' 'sext_ln1625_120' <Predicate = true> <Delay = 0.00>
ST_2 : Operation 407 [1/1] (0.00ns)   --->   "%sext_ln1625_121 = sext i16 %rhs_176" [H:/subband_ref_q610_opt_stage4_latency_stepL2.cpp:1625->H:/subband_ref_q610_opt_stage4_latency_stepL2.cpp:1839->H:/subband_ref_q610_opt_stage4_latency_stepL2.cpp:1866]   --->   Operation 407 'sext' 'sext_ln1625_121' <Predicate = true> <Delay = 0.00>
ST_2 : Operation 408 [3/3] (1.05ns) (grouped into DSP with root node add_ln1839_84)   --->   "%product_q20_185 = mul i32 %sext_ln1625_121, i32 %sext_ln1625_120" [H:/subband_ref_q610_opt_stage4_latency_stepL2.cpp:1625->H:/subband_ref_q610_opt_stage4_latency_stepL2.cpp:1839->H:/subband_ref_q610_opt_stage4_latency_stepL2.cpp:1866]   --->   Operation 408 'mul' 'product_q20_185' <Predicate = true> <Delay = 1.05> <CoreInst = "DSP48">   --->   Core 119 'DSP48' <Latency = 2> <II = 1> <Delay = 3.88> <IPBlock> <Opcode : '' 'add' 'sub' 'mul' 'select'> <InPorts = 0> <OutPorts = 1> <Sync> <CReg>
ST_2 : Operation 409 [1/1] (0.00ns)   --->   "%rhs_177 = partselect i16 @_ssdm_op_PartSelect.i16.i512.i32.i32, i512 %SubbandBand0TopQ610_ap_int_const_ap_int_const_ap_int_const_ap_int_const_ap_i_36, i32 256, i32 271" [H:/subband_ref_q610_opt_stage4_latency_stepL2.cpp:1839->H:/subband_ref_q610_opt_stage4_latency_stepL2.cpp:1866]   --->   Operation 409 'partselect' 'rhs_177' <Predicate = true> <Delay = 0.00>
ST_2 : Operation 410 [1/1] (0.00ns)   --->   "%sext_ln1625_122 = sext i16 %lhs_183" [H:/subband_ref_q610_opt_stage4_latency_stepL2.cpp:1625->H:/subband_ref_q610_opt_stage4_latency_stepL2.cpp:1839->H:/subband_ref_q610_opt_stage4_latency_stepL2.cpp:1866]   --->   Operation 410 'sext' 'sext_ln1625_122' <Predicate = true> <Delay = 0.00>
ST_2 : Operation 411 [1/1] (0.00ns)   --->   "%sext_ln1625_123 = sext i16 %rhs_177" [H:/subband_ref_q610_opt_stage4_latency_stepL2.cpp:1625->H:/subband_ref_q610_opt_stage4_latency_stepL2.cpp:1839->H:/subband_ref_q610_opt_stage4_latency_stepL2.cpp:1866]   --->   Operation 411 'sext' 'sext_ln1625_123' <Predicate = true> <Delay = 0.00>
ST_2 : Operation 412 [3/3] (1.05ns) (grouped into DSP with root node add_ln1839_85)   --->   "%product_q20_186 = mul i32 %sext_ln1625_123, i32 %sext_ln1625_122" [H:/subband_ref_q610_opt_stage4_latency_stepL2.cpp:1625->H:/subband_ref_q610_opt_stage4_latency_stepL2.cpp:1839->H:/subband_ref_q610_opt_stage4_latency_stepL2.cpp:1866]   --->   Operation 412 'mul' 'product_q20_186' <Predicate = true> <Delay = 1.05> <CoreInst = "DSP48">   --->   Core 119 'DSP48' <Latency = 2> <II = 1> <Delay = 3.88> <IPBlock> <Opcode : '' 'add' 'sub' 'mul' 'select'> <InPorts = 0> <OutPorts = 1> <Sync> <CReg>
ST_2 : Operation 413 [1/1] (0.00ns)   --->   "%rhs_178 = partselect i16 @_ssdm_op_PartSelect.i16.i512.i32.i32, i512 %SubbandBand0TopQ610_ap_int_const_ap_int_const_ap_int_const_ap_int_const_ap_i_36, i32 272, i32 287" [H:/subband_ref_q610_opt_stage4_latency_stepL2.cpp:1839->H:/subband_ref_q610_opt_stage4_latency_stepL2.cpp:1866]   --->   Operation 413 'partselect' 'rhs_178' <Predicate = true> <Delay = 0.00>
ST_2 : Operation 414 [1/1] (0.00ns)   --->   "%sext_ln1625_124 = sext i16 %lhs_184" [H:/subband_ref_q610_opt_stage4_latency_stepL2.cpp:1625->H:/subband_ref_q610_opt_stage4_latency_stepL2.cpp:1839->H:/subband_ref_q610_opt_stage4_latency_stepL2.cpp:1866]   --->   Operation 414 'sext' 'sext_ln1625_124' <Predicate = true> <Delay = 0.00>
ST_2 : Operation 415 [1/1] (0.00ns)   --->   "%sext_ln1625_125 = sext i16 %rhs_178" [H:/subband_ref_q610_opt_stage4_latency_stepL2.cpp:1625->H:/subband_ref_q610_opt_stage4_latency_stepL2.cpp:1839->H:/subband_ref_q610_opt_stage4_latency_stepL2.cpp:1866]   --->   Operation 415 'sext' 'sext_ln1625_125' <Predicate = true> <Delay = 0.00>
ST_2 : Operation 416 [3/3] (1.05ns) (grouped into DSP with root node add_ln1839_86)   --->   "%product_q20_187 = mul i32 %sext_ln1625_125, i32 %sext_ln1625_124" [H:/subband_ref_q610_opt_stage4_latency_stepL2.cpp:1625->H:/subband_ref_q610_opt_stage4_latency_stepL2.cpp:1839->H:/subband_ref_q610_opt_stage4_latency_stepL2.cpp:1866]   --->   Operation 416 'mul' 'product_q20_187' <Predicate = true> <Delay = 1.05> <CoreInst = "DSP48">   --->   Core 119 'DSP48' <Latency = 2> <II = 1> <Delay = 3.88> <IPBlock> <Opcode : '' 'add' 'sub' 'mul' 'select'> <InPorts = 0> <OutPorts = 1> <Sync> <CReg>
ST_2 : Operation 417 [1/1] (0.00ns)   --->   "%rhs_179 = partselect i16 @_ssdm_op_PartSelect.i16.i512.i32.i32, i512 %SubbandBand0TopQ610_ap_int_const_ap_int_const_ap_int_const_ap_int_const_ap_i_36, i32 288, i32 303" [H:/subband_ref_q610_opt_stage4_latency_stepL2.cpp:1839->H:/subband_ref_q610_opt_stage4_latency_stepL2.cpp:1866]   --->   Operation 417 'partselect' 'rhs_179' <Predicate = true> <Delay = 0.00>
ST_2 : Operation 418 [1/1] (0.00ns)   --->   "%sext_ln1625_126 = sext i16 %lhs_185" [H:/subband_ref_q610_opt_stage4_latency_stepL2.cpp:1625->H:/subband_ref_q610_opt_stage4_latency_stepL2.cpp:1839->H:/subband_ref_q610_opt_stage4_latency_stepL2.cpp:1866]   --->   Operation 418 'sext' 'sext_ln1625_126' <Predicate = true> <Delay = 0.00>
ST_2 : Operation 419 [1/1] (0.00ns)   --->   "%sext_ln1625_127 = sext i16 %rhs_179" [H:/subband_ref_q610_opt_stage4_latency_stepL2.cpp:1625->H:/subband_ref_q610_opt_stage4_latency_stepL2.cpp:1839->H:/subband_ref_q610_opt_stage4_latency_stepL2.cpp:1866]   --->   Operation 419 'sext' 'sext_ln1625_127' <Predicate = true> <Delay = 0.00>
ST_2 : Operation 420 [3/3] (1.05ns) (grouped into DSP with root node add_ln1839_87)   --->   "%product_q20_188 = mul i32 %sext_ln1625_127, i32 %sext_ln1625_126" [H:/subband_ref_q610_opt_stage4_latency_stepL2.cpp:1625->H:/subband_ref_q610_opt_stage4_latency_stepL2.cpp:1839->H:/subband_ref_q610_opt_stage4_latency_stepL2.cpp:1866]   --->   Operation 420 'mul' 'product_q20_188' <Predicate = true> <Delay = 1.05> <CoreInst = "DSP48">   --->   Core 119 'DSP48' <Latency = 2> <II = 1> <Delay = 3.88> <IPBlock> <Opcode : '' 'add' 'sub' 'mul' 'select'> <InPorts = 0> <OutPorts = 1> <Sync> <CReg>
ST_2 : Operation 421 [1/1] (0.00ns)   --->   "%rhs_180 = partselect i16 @_ssdm_op_PartSelect.i16.i512.i32.i32, i512 %SubbandBand0TopQ610_ap_int_const_ap_int_const_ap_int_const_ap_int_const_ap_i_36, i32 304, i32 319" [H:/subband_ref_q610_opt_stage4_latency_stepL2.cpp:1839->H:/subband_ref_q610_opt_stage4_latency_stepL2.cpp:1866]   --->   Operation 421 'partselect' 'rhs_180' <Predicate = true> <Delay = 0.00>
ST_2 : Operation 422 [1/1] (0.00ns)   --->   "%sext_ln1625_128 = sext i16 %lhs_186" [H:/subband_ref_q610_opt_stage4_latency_stepL2.cpp:1625->H:/subband_ref_q610_opt_stage4_latency_stepL2.cpp:1839->H:/subband_ref_q610_opt_stage4_latency_stepL2.cpp:1866]   --->   Operation 422 'sext' 'sext_ln1625_128' <Predicate = true> <Delay = 0.00>
ST_2 : Operation 423 [1/1] (0.00ns)   --->   "%sext_ln1625_129 = sext i16 %rhs_180" [H:/subband_ref_q610_opt_stage4_latency_stepL2.cpp:1625->H:/subband_ref_q610_opt_stage4_latency_stepL2.cpp:1839->H:/subband_ref_q610_opt_stage4_latency_stepL2.cpp:1866]   --->   Operation 423 'sext' 'sext_ln1625_129' <Predicate = true> <Delay = 0.00>
ST_2 : Operation 424 [3/3] (1.05ns) (grouped into DSP with root node add_ln1839_88)   --->   "%product_q20_189 = mul i32 %sext_ln1625_129, i32 %sext_ln1625_128" [H:/subband_ref_q610_opt_stage4_latency_stepL2.cpp:1625->H:/subband_ref_q610_opt_stage4_latency_stepL2.cpp:1839->H:/subband_ref_q610_opt_stage4_latency_stepL2.cpp:1866]   --->   Operation 424 'mul' 'product_q20_189' <Predicate = true> <Delay = 1.05> <CoreInst = "DSP48">   --->   Core 119 'DSP48' <Latency = 2> <II = 1> <Delay = 3.88> <IPBlock> <Opcode : '' 'add' 'sub' 'mul' 'select'> <InPorts = 0> <OutPorts = 1> <Sync> <CReg>
ST_2 : Operation 425 [1/1] (0.00ns)   --->   "%rhs_181 = partselect i16 @_ssdm_op_PartSelect.i16.i512.i32.i32, i512 %SubbandBand0TopQ610_ap_int_const_ap_int_const_ap_int_const_ap_int_const_ap_i_36, i32 320, i32 335" [H:/subband_ref_q610_opt_stage4_latency_stepL2.cpp:1839->H:/subband_ref_q610_opt_stage4_latency_stepL2.cpp:1866]   --->   Operation 425 'partselect' 'rhs_181' <Predicate = true> <Delay = 0.00>
ST_2 : Operation 426 [1/1] (0.00ns)   --->   "%sext_ln1625_130 = sext i16 %lhs_187" [H:/subband_ref_q610_opt_stage4_latency_stepL2.cpp:1625->H:/subband_ref_q610_opt_stage4_latency_stepL2.cpp:1839->H:/subband_ref_q610_opt_stage4_latency_stepL2.cpp:1866]   --->   Operation 426 'sext' 'sext_ln1625_130' <Predicate = true> <Delay = 0.00>
ST_2 : Operation 427 [1/1] (0.00ns)   --->   "%sext_ln1625_131 = sext i16 %rhs_181" [H:/subband_ref_q610_opt_stage4_latency_stepL2.cpp:1625->H:/subband_ref_q610_opt_stage4_latency_stepL2.cpp:1839->H:/subband_ref_q610_opt_stage4_latency_stepL2.cpp:1866]   --->   Operation 427 'sext' 'sext_ln1625_131' <Predicate = true> <Delay = 0.00>
ST_2 : Operation 428 [3/3] (1.05ns) (grouped into DSP with root node add_ln1839_89)   --->   "%product_q20_190 = mul i32 %sext_ln1625_131, i32 %sext_ln1625_130" [H:/subband_ref_q610_opt_stage4_latency_stepL2.cpp:1625->H:/subband_ref_q610_opt_stage4_latency_stepL2.cpp:1839->H:/subband_ref_q610_opt_stage4_latency_stepL2.cpp:1866]   --->   Operation 428 'mul' 'product_q20_190' <Predicate = true> <Delay = 1.05> <CoreInst = "DSP48">   --->   Core 119 'DSP48' <Latency = 2> <II = 1> <Delay = 3.88> <IPBlock> <Opcode : '' 'add' 'sub' 'mul' 'select'> <InPorts = 0> <OutPorts = 1> <Sync> <CReg>
ST_2 : Operation 429 [1/1] (0.00ns)   --->   "%rhs_182 = partselect i16 @_ssdm_op_PartSelect.i16.i512.i32.i32, i512 %SubbandBand0TopQ610_ap_int_const_ap_int_const_ap_int_const_ap_int_const_ap_i_36, i32 336, i32 351" [H:/subband_ref_q610_opt_stage4_latency_stepL2.cpp:1839->H:/subband_ref_q610_opt_stage4_latency_stepL2.cpp:1866]   --->   Operation 429 'partselect' 'rhs_182' <Predicate = true> <Delay = 0.00>
ST_2 : Operation 430 [1/1] (0.00ns)   --->   "%sext_ln1625_132 = sext i16 %lhs_188" [H:/subband_ref_q610_opt_stage4_latency_stepL2.cpp:1625->H:/subband_ref_q610_opt_stage4_latency_stepL2.cpp:1839->H:/subband_ref_q610_opt_stage4_latency_stepL2.cpp:1866]   --->   Operation 430 'sext' 'sext_ln1625_132' <Predicate = true> <Delay = 0.00>
ST_2 : Operation 431 [1/1] (0.00ns)   --->   "%sext_ln1625_133 = sext i16 %rhs_182" [H:/subband_ref_q610_opt_stage4_latency_stepL2.cpp:1625->H:/subband_ref_q610_opt_stage4_latency_stepL2.cpp:1839->H:/subband_ref_q610_opt_stage4_latency_stepL2.cpp:1866]   --->   Operation 431 'sext' 'sext_ln1625_133' <Predicate = true> <Delay = 0.00>
ST_2 : Operation 432 [3/3] (1.05ns) (grouped into DSP with root node add_ln1839_90)   --->   "%product_q20_191 = mul i32 %sext_ln1625_133, i32 %sext_ln1625_132" [H:/subband_ref_q610_opt_stage4_latency_stepL2.cpp:1625->H:/subband_ref_q610_opt_stage4_latency_stepL2.cpp:1839->H:/subband_ref_q610_opt_stage4_latency_stepL2.cpp:1866]   --->   Operation 432 'mul' 'product_q20_191' <Predicate = true> <Delay = 1.05> <CoreInst = "DSP48">   --->   Core 119 'DSP48' <Latency = 2> <II = 1> <Delay = 3.88> <IPBlock> <Opcode : '' 'add' 'sub' 'mul' 'select'> <InPorts = 0> <OutPorts = 1> <Sync> <CReg>
ST_2 : Operation 433 [1/1] (0.00ns)   --->   "%rhs_183 = partselect i16 @_ssdm_op_PartSelect.i16.i512.i32.i32, i512 %SubbandBand0TopQ610_ap_int_const_ap_int_const_ap_int_const_ap_int_const_ap_i_36, i32 352, i32 367" [H:/subband_ref_q610_opt_stage4_latency_stepL2.cpp:1839->H:/subband_ref_q610_opt_stage4_latency_stepL2.cpp:1866]   --->   Operation 433 'partselect' 'rhs_183' <Predicate = true> <Delay = 0.00>
ST_2 : Operation 434 [1/1] (0.00ns)   --->   "%sext_ln1625_134 = sext i16 %lhs_189" [H:/subband_ref_q610_opt_stage4_latency_stepL2.cpp:1625->H:/subband_ref_q610_opt_stage4_latency_stepL2.cpp:1839->H:/subband_ref_q610_opt_stage4_latency_stepL2.cpp:1866]   --->   Operation 434 'sext' 'sext_ln1625_134' <Predicate = true> <Delay = 0.00>
ST_2 : Operation 435 [1/1] (0.00ns)   --->   "%sext_ln1625_135 = sext i16 %rhs_183" [H:/subband_ref_q610_opt_stage4_latency_stepL2.cpp:1625->H:/subband_ref_q610_opt_stage4_latency_stepL2.cpp:1839->H:/subband_ref_q610_opt_stage4_latency_stepL2.cpp:1866]   --->   Operation 435 'sext' 'sext_ln1625_135' <Predicate = true> <Delay = 0.00>
ST_2 : Operation 436 [3/3] (1.05ns) (grouped into DSP with root node add_ln1839_91)   --->   "%product_q20_192 = mul i32 %sext_ln1625_135, i32 %sext_ln1625_134" [H:/subband_ref_q610_opt_stage4_latency_stepL2.cpp:1625->H:/subband_ref_q610_opt_stage4_latency_stepL2.cpp:1839->H:/subband_ref_q610_opt_stage4_latency_stepL2.cpp:1866]   --->   Operation 436 'mul' 'product_q20_192' <Predicate = true> <Delay = 1.05> <CoreInst = "DSP48">   --->   Core 119 'DSP48' <Latency = 2> <II = 1> <Delay = 3.88> <IPBlock> <Opcode : '' 'add' 'sub' 'mul' 'select'> <InPorts = 0> <OutPorts = 1> <Sync> <CReg>
ST_2 : Operation 437 [1/1] (0.00ns)   --->   "%rhs_184 = partselect i16 @_ssdm_op_PartSelect.i16.i512.i32.i32, i512 %SubbandBand0TopQ610_ap_int_const_ap_int_const_ap_int_const_ap_int_const_ap_i_36, i32 368, i32 383" [H:/subband_ref_q610_opt_stage4_latency_stepL2.cpp:1839->H:/subband_ref_q610_opt_stage4_latency_stepL2.cpp:1866]   --->   Operation 437 'partselect' 'rhs_184' <Predicate = true> <Delay = 0.00>
ST_2 : Operation 438 [1/1] (0.00ns)   --->   "%sext_ln1625_136 = sext i16 %lhs_190" [H:/subband_ref_q610_opt_stage4_latency_stepL2.cpp:1625->H:/subband_ref_q610_opt_stage4_latency_stepL2.cpp:1839->H:/subband_ref_q610_opt_stage4_latency_stepL2.cpp:1866]   --->   Operation 438 'sext' 'sext_ln1625_136' <Predicate = true> <Delay = 0.00>
ST_2 : Operation 439 [1/1] (0.00ns)   --->   "%sext_ln1625_137 = sext i16 %rhs_184" [H:/subband_ref_q610_opt_stage4_latency_stepL2.cpp:1625->H:/subband_ref_q610_opt_stage4_latency_stepL2.cpp:1839->H:/subband_ref_q610_opt_stage4_latency_stepL2.cpp:1866]   --->   Operation 439 'sext' 'sext_ln1625_137' <Predicate = true> <Delay = 0.00>
ST_2 : Operation 440 [3/3] (1.05ns) (grouped into DSP with root node add_ln1839_92)   --->   "%product_q20_193 = mul i32 %sext_ln1625_137, i32 %sext_ln1625_136" [H:/subband_ref_q610_opt_stage4_latency_stepL2.cpp:1625->H:/subband_ref_q610_opt_stage4_latency_stepL2.cpp:1839->H:/subband_ref_q610_opt_stage4_latency_stepL2.cpp:1866]   --->   Operation 440 'mul' 'product_q20_193' <Predicate = true> <Delay = 1.05> <CoreInst = "DSP48">   --->   Core 119 'DSP48' <Latency = 2> <II = 1> <Delay = 3.88> <IPBlock> <Opcode : '' 'add' 'sub' 'mul' 'select'> <InPorts = 0> <OutPorts = 1> <Sync> <CReg>
ST_2 : Operation 441 [1/1] (0.00ns)   --->   "%rhs_185 = partselect i16 @_ssdm_op_PartSelect.i16.i512.i32.i32, i512 %SubbandBand0TopQ610_ap_int_const_ap_int_const_ap_int_const_ap_int_const_ap_i_36, i32 384, i32 399" [H:/subband_ref_q610_opt_stage4_latency_stepL2.cpp:1839->H:/subband_ref_q610_opt_stage4_latency_stepL2.cpp:1866]   --->   Operation 441 'partselect' 'rhs_185' <Predicate = true> <Delay = 0.00>
ST_2 : Operation 442 [1/1] (0.00ns)   --->   "%sext_ln1625_138 = sext i16 %lhs_191" [H:/subband_ref_q610_opt_stage4_latency_stepL2.cpp:1625->H:/subband_ref_q610_opt_stage4_latency_stepL2.cpp:1839->H:/subband_ref_q610_opt_stage4_latency_stepL2.cpp:1866]   --->   Operation 442 'sext' 'sext_ln1625_138' <Predicate = true> <Delay = 0.00>
ST_2 : Operation 443 [1/1] (0.00ns)   --->   "%sext_ln1625_139 = sext i16 %rhs_185" [H:/subband_ref_q610_opt_stage4_latency_stepL2.cpp:1625->H:/subband_ref_q610_opt_stage4_latency_stepL2.cpp:1839->H:/subband_ref_q610_opt_stage4_latency_stepL2.cpp:1866]   --->   Operation 443 'sext' 'sext_ln1625_139' <Predicate = true> <Delay = 0.00>
ST_2 : Operation 444 [3/3] (1.05ns) (grouped into DSP with root node add_ln1839_93)   --->   "%product_q20_194 = mul i32 %sext_ln1625_139, i32 %sext_ln1625_138" [H:/subband_ref_q610_opt_stage4_latency_stepL2.cpp:1625->H:/subband_ref_q610_opt_stage4_latency_stepL2.cpp:1839->H:/subband_ref_q610_opt_stage4_latency_stepL2.cpp:1866]   --->   Operation 444 'mul' 'product_q20_194' <Predicate = true> <Delay = 1.05> <CoreInst = "DSP48">   --->   Core 119 'DSP48' <Latency = 2> <II = 1> <Delay = 3.88> <IPBlock> <Opcode : '' 'add' 'sub' 'mul' 'select'> <InPorts = 0> <OutPorts = 1> <Sync> <CReg>
ST_2 : Operation 445 [1/1] (0.00ns)   --->   "%rhs_186 = partselect i16 @_ssdm_op_PartSelect.i16.i512.i32.i32, i512 %SubbandBand0TopQ610_ap_int_const_ap_int_const_ap_int_const_ap_int_const_ap_i_36, i32 400, i32 415" [H:/subband_ref_q610_opt_stage4_latency_stepL2.cpp:1839->H:/subband_ref_q610_opt_stage4_latency_stepL2.cpp:1866]   --->   Operation 445 'partselect' 'rhs_186' <Predicate = true> <Delay = 0.00>
ST_2 : Operation 446 [1/1] (0.00ns)   --->   "%sext_ln1625_140 = sext i16 %lhs_192" [H:/subband_ref_q610_opt_stage4_latency_stepL2.cpp:1625->H:/subband_ref_q610_opt_stage4_latency_stepL2.cpp:1839->H:/subband_ref_q610_opt_stage4_latency_stepL2.cpp:1866]   --->   Operation 446 'sext' 'sext_ln1625_140' <Predicate = true> <Delay = 0.00>
ST_2 : Operation 447 [1/1] (0.00ns)   --->   "%sext_ln1625_141 = sext i16 %rhs_186" [H:/subband_ref_q610_opt_stage4_latency_stepL2.cpp:1625->H:/subband_ref_q610_opt_stage4_latency_stepL2.cpp:1839->H:/subband_ref_q610_opt_stage4_latency_stepL2.cpp:1866]   --->   Operation 447 'sext' 'sext_ln1625_141' <Predicate = true> <Delay = 0.00>
ST_2 : Operation 448 [3/3] (1.05ns) (grouped into DSP with root node add_ln1839_94)   --->   "%product_q20_195 = mul i32 %sext_ln1625_141, i32 %sext_ln1625_140" [H:/subband_ref_q610_opt_stage4_latency_stepL2.cpp:1625->H:/subband_ref_q610_opt_stage4_latency_stepL2.cpp:1839->H:/subband_ref_q610_opt_stage4_latency_stepL2.cpp:1866]   --->   Operation 448 'mul' 'product_q20_195' <Predicate = true> <Delay = 1.05> <CoreInst = "DSP48">   --->   Core 119 'DSP48' <Latency = 2> <II = 1> <Delay = 3.88> <IPBlock> <Opcode : '' 'add' 'sub' 'mul' 'select'> <InPorts = 0> <OutPorts = 1> <Sync> <CReg>
ST_2 : Operation 449 [1/1] (0.00ns)   --->   "%rhs_187 = partselect i16 @_ssdm_op_PartSelect.i16.i512.i32.i32, i512 %SubbandBand0TopQ610_ap_int_const_ap_int_const_ap_int_const_ap_int_const_ap_i_36, i32 416, i32 431" [H:/subband_ref_q610_opt_stage4_latency_stepL2.cpp:1839->H:/subband_ref_q610_opt_stage4_latency_stepL2.cpp:1866]   --->   Operation 449 'partselect' 'rhs_187' <Predicate = true> <Delay = 0.00>
ST_2 : Operation 450 [1/1] (0.00ns)   --->   "%sext_ln1625_142 = sext i16 %lhs_193" [H:/subband_ref_q610_opt_stage4_latency_stepL2.cpp:1625->H:/subband_ref_q610_opt_stage4_latency_stepL2.cpp:1839->H:/subband_ref_q610_opt_stage4_latency_stepL2.cpp:1866]   --->   Operation 450 'sext' 'sext_ln1625_142' <Predicate = true> <Delay = 0.00>
ST_2 : Operation 451 [1/1] (0.00ns)   --->   "%sext_ln1625_143 = sext i16 %rhs_187" [H:/subband_ref_q610_opt_stage4_latency_stepL2.cpp:1625->H:/subband_ref_q610_opt_stage4_latency_stepL2.cpp:1839->H:/subband_ref_q610_opt_stage4_latency_stepL2.cpp:1866]   --->   Operation 451 'sext' 'sext_ln1625_143' <Predicate = true> <Delay = 0.00>
ST_2 : Operation 452 [3/3] (1.05ns) (grouped into DSP with root node add_ln1839_95)   --->   "%product_q20_196 = mul i32 %sext_ln1625_143, i32 %sext_ln1625_142" [H:/subband_ref_q610_opt_stage4_latency_stepL2.cpp:1625->H:/subband_ref_q610_opt_stage4_latency_stepL2.cpp:1839->H:/subband_ref_q610_opt_stage4_latency_stepL2.cpp:1866]   --->   Operation 452 'mul' 'product_q20_196' <Predicate = true> <Delay = 1.05> <CoreInst = "DSP48">   --->   Core 119 'DSP48' <Latency = 2> <II = 1> <Delay = 3.88> <IPBlock> <Opcode : '' 'add' 'sub' 'mul' 'select'> <InPorts = 0> <OutPorts = 1> <Sync> <CReg>
ST_2 : Operation 453 [1/1] (0.00ns)   --->   "%rhs_188 = partselect i16 @_ssdm_op_PartSelect.i16.i512.i32.i32, i512 %SubbandBand0TopQ610_ap_int_const_ap_int_const_ap_int_const_ap_int_const_ap_i_36, i32 432, i32 447" [H:/subband_ref_q610_opt_stage4_latency_stepL2.cpp:1839->H:/subband_ref_q610_opt_stage4_latency_stepL2.cpp:1866]   --->   Operation 453 'partselect' 'rhs_188' <Predicate = true> <Delay = 0.00>
ST_2 : Operation 454 [1/1] (0.00ns)   --->   "%sext_ln1625_144 = sext i16 %lhs_194" [H:/subband_ref_q610_opt_stage4_latency_stepL2.cpp:1625->H:/subband_ref_q610_opt_stage4_latency_stepL2.cpp:1839->H:/subband_ref_q610_opt_stage4_latency_stepL2.cpp:1866]   --->   Operation 454 'sext' 'sext_ln1625_144' <Predicate = true> <Delay = 0.00>
ST_2 : Operation 455 [1/1] (0.00ns)   --->   "%sext_ln1625_145 = sext i16 %rhs_188" [H:/subband_ref_q610_opt_stage4_latency_stepL2.cpp:1625->H:/subband_ref_q610_opt_stage4_latency_stepL2.cpp:1839->H:/subband_ref_q610_opt_stage4_latency_stepL2.cpp:1866]   --->   Operation 455 'sext' 'sext_ln1625_145' <Predicate = true> <Delay = 0.00>
ST_2 : Operation 456 [3/3] (1.05ns) (grouped into DSP with root node add_ln1839_96)   --->   "%product_q20_197 = mul i32 %sext_ln1625_145, i32 %sext_ln1625_144" [H:/subband_ref_q610_opt_stage4_latency_stepL2.cpp:1625->H:/subband_ref_q610_opt_stage4_latency_stepL2.cpp:1839->H:/subband_ref_q610_opt_stage4_latency_stepL2.cpp:1866]   --->   Operation 456 'mul' 'product_q20_197' <Predicate = true> <Delay = 1.05> <CoreInst = "DSP48">   --->   Core 119 'DSP48' <Latency = 2> <II = 1> <Delay = 3.88> <IPBlock> <Opcode : '' 'add' 'sub' 'mul' 'select'> <InPorts = 0> <OutPorts = 1> <Sync> <CReg>
ST_2 : Operation 457 [1/1] (0.00ns)   --->   "%rhs_189 = partselect i16 @_ssdm_op_PartSelect.i16.i512.i32.i32, i512 %SubbandBand0TopQ610_ap_int_const_ap_int_const_ap_int_const_ap_int_const_ap_i_36, i32 448, i32 463" [H:/subband_ref_q610_opt_stage4_latency_stepL2.cpp:1839->H:/subband_ref_q610_opt_stage4_latency_stepL2.cpp:1866]   --->   Operation 457 'partselect' 'rhs_189' <Predicate = true> <Delay = 0.00>
ST_2 : Operation 458 [1/1] (0.00ns)   --->   "%sext_ln1625_146 = sext i16 %lhs_195" [H:/subband_ref_q610_opt_stage4_latency_stepL2.cpp:1625->H:/subband_ref_q610_opt_stage4_latency_stepL2.cpp:1839->H:/subband_ref_q610_opt_stage4_latency_stepL2.cpp:1866]   --->   Operation 458 'sext' 'sext_ln1625_146' <Predicate = true> <Delay = 0.00>
ST_2 : Operation 459 [1/1] (0.00ns)   --->   "%sext_ln1625_147 = sext i16 %rhs_189" [H:/subband_ref_q610_opt_stage4_latency_stepL2.cpp:1625->H:/subband_ref_q610_opt_stage4_latency_stepL2.cpp:1839->H:/subband_ref_q610_opt_stage4_latency_stepL2.cpp:1866]   --->   Operation 459 'sext' 'sext_ln1625_147' <Predicate = true> <Delay = 0.00>
ST_2 : Operation 460 [3/3] (1.05ns) (grouped into DSP with root node add_ln1839_97)   --->   "%product_q20_198 = mul i32 %sext_ln1625_147, i32 %sext_ln1625_146" [H:/subband_ref_q610_opt_stage4_latency_stepL2.cpp:1625->H:/subband_ref_q610_opt_stage4_latency_stepL2.cpp:1839->H:/subband_ref_q610_opt_stage4_latency_stepL2.cpp:1866]   --->   Operation 460 'mul' 'product_q20_198' <Predicate = true> <Delay = 1.05> <CoreInst = "DSP48">   --->   Core 119 'DSP48' <Latency = 2> <II = 1> <Delay = 3.88> <IPBlock> <Opcode : '' 'add' 'sub' 'mul' 'select'> <InPorts = 0> <OutPorts = 1> <Sync> <CReg>
ST_2 : Operation 461 [1/1] (0.00ns)   --->   "%rhs_190 = partselect i16 @_ssdm_op_PartSelect.i16.i512.i32.i32, i512 %SubbandBand0TopQ610_ap_int_const_ap_int_const_ap_int_const_ap_int_const_ap_i_36, i32 464, i32 479" [H:/subband_ref_q610_opt_stage4_latency_stepL2.cpp:1839->H:/subband_ref_q610_opt_stage4_latency_stepL2.cpp:1866]   --->   Operation 461 'partselect' 'rhs_190' <Predicate = true> <Delay = 0.00>
ST_2 : Operation 462 [1/1] (0.00ns)   --->   "%sext_ln1625_148 = sext i16 %lhs_196" [H:/subband_ref_q610_opt_stage4_latency_stepL2.cpp:1625->H:/subband_ref_q610_opt_stage4_latency_stepL2.cpp:1839->H:/subband_ref_q610_opt_stage4_latency_stepL2.cpp:1866]   --->   Operation 462 'sext' 'sext_ln1625_148' <Predicate = true> <Delay = 0.00>
ST_2 : Operation 463 [1/1] (0.00ns)   --->   "%sext_ln1625_149 = sext i16 %rhs_190" [H:/subband_ref_q610_opt_stage4_latency_stepL2.cpp:1625->H:/subband_ref_q610_opt_stage4_latency_stepL2.cpp:1839->H:/subband_ref_q610_opt_stage4_latency_stepL2.cpp:1866]   --->   Operation 463 'sext' 'sext_ln1625_149' <Predicate = true> <Delay = 0.00>
ST_2 : Operation 464 [3/3] (1.05ns) (grouped into DSP with root node add_ln1839_98)   --->   "%product_q20_199 = mul i32 %sext_ln1625_149, i32 %sext_ln1625_148" [H:/subband_ref_q610_opt_stage4_latency_stepL2.cpp:1625->H:/subband_ref_q610_opt_stage4_latency_stepL2.cpp:1839->H:/subband_ref_q610_opt_stage4_latency_stepL2.cpp:1866]   --->   Operation 464 'mul' 'product_q20_199' <Predicate = true> <Delay = 1.05> <CoreInst = "DSP48">   --->   Core 119 'DSP48' <Latency = 2> <II = 1> <Delay = 3.88> <IPBlock> <Opcode : '' 'add' 'sub' 'mul' 'select'> <InPorts = 0> <OutPorts = 1> <Sync> <CReg>
ST_2 : Operation 465 [1/1] (0.00ns)   --->   "%rhs_191 = partselect i16 @_ssdm_op_PartSelect.i16.i512.i32.i32, i512 %SubbandBand0TopQ610_ap_int_const_ap_int_const_ap_int_const_ap_int_const_ap_i_36, i32 480, i32 495" [H:/subband_ref_q610_opt_stage4_latency_stepL2.cpp:1839->H:/subband_ref_q610_opt_stage4_latency_stepL2.cpp:1866]   --->   Operation 465 'partselect' 'rhs_191' <Predicate = true> <Delay = 0.00>
ST_2 : Operation 466 [1/1] (0.00ns)   --->   "%sext_ln1625_150 = sext i16 %lhs_197" [H:/subband_ref_q610_opt_stage4_latency_stepL2.cpp:1625->H:/subband_ref_q610_opt_stage4_latency_stepL2.cpp:1839->H:/subband_ref_q610_opt_stage4_latency_stepL2.cpp:1866]   --->   Operation 466 'sext' 'sext_ln1625_150' <Predicate = true> <Delay = 0.00>
ST_2 : Operation 467 [1/1] (0.00ns)   --->   "%sext_ln1625_151 = sext i16 %rhs_191" [H:/subband_ref_q610_opt_stage4_latency_stepL2.cpp:1625->H:/subband_ref_q610_opt_stage4_latency_stepL2.cpp:1839->H:/subband_ref_q610_opt_stage4_latency_stepL2.cpp:1866]   --->   Operation 467 'sext' 'sext_ln1625_151' <Predicate = true> <Delay = 0.00>
ST_2 : Operation 468 [3/3] (1.05ns) (grouped into DSP with root node add_ln1839_99)   --->   "%product_q20_200 = mul i32 %sext_ln1625_151, i32 %sext_ln1625_150" [H:/subband_ref_q610_opt_stage4_latency_stepL2.cpp:1625->H:/subband_ref_q610_opt_stage4_latency_stepL2.cpp:1839->H:/subband_ref_q610_opt_stage4_latency_stepL2.cpp:1866]   --->   Operation 468 'mul' 'product_q20_200' <Predicate = true> <Delay = 1.05> <CoreInst = "DSP48">   --->   Core 119 'DSP48' <Latency = 2> <II = 1> <Delay = 3.88> <IPBlock> <Opcode : '' 'add' 'sub' 'mul' 'select'> <InPorts = 0> <OutPorts = 1> <Sync> <CReg>
ST_2 : Operation 469 [1/1] (0.00ns)   --->   "%rhs_192 = partselect i16 @_ssdm_op_PartSelect.i16.i512.i32.i32, i512 %SubbandBand0TopQ610_ap_int_const_ap_int_const_ap_int_const_ap_int_const_ap_i_36, i32 496, i32 511" [H:/subband_ref_q610_opt_stage4_latency_stepL2.cpp:1839->H:/subband_ref_q610_opt_stage4_latency_stepL2.cpp:1866]   --->   Operation 469 'partselect' 'rhs_192' <Predicate = true> <Delay = 0.00>
ST_2 : Operation 470 [1/1] (0.00ns)   --->   "%sext_ln1625_152 = sext i16 %lhs_198" [H:/subband_ref_q610_opt_stage4_latency_stepL2.cpp:1625->H:/subband_ref_q610_opt_stage4_latency_stepL2.cpp:1839->H:/subband_ref_q610_opt_stage4_latency_stepL2.cpp:1866]   --->   Operation 470 'sext' 'sext_ln1625_152' <Predicate = true> <Delay = 0.00>
ST_2 : Operation 471 [1/1] (0.00ns)   --->   "%sext_ln1625_153 = sext i16 %rhs_192" [H:/subband_ref_q610_opt_stage4_latency_stepL2.cpp:1625->H:/subband_ref_q610_opt_stage4_latency_stepL2.cpp:1839->H:/subband_ref_q610_opt_stage4_latency_stepL2.cpp:1866]   --->   Operation 471 'sext' 'sext_ln1625_153' <Predicate = true> <Delay = 0.00>
ST_2 : Operation 472 [3/3] (1.05ns) (grouped into DSP with root node add_ln1839_100)   --->   "%product_q20_201 = mul i32 %sext_ln1625_153, i32 %sext_ln1625_152" [H:/subband_ref_q610_opt_stage4_latency_stepL2.cpp:1625->H:/subband_ref_q610_opt_stage4_latency_stepL2.cpp:1839->H:/subband_ref_q610_opt_stage4_latency_stepL2.cpp:1866]   --->   Operation 472 'mul' 'product_q20_201' <Predicate = true> <Delay = 1.05> <CoreInst = "DSP48">   --->   Core 119 'DSP48' <Latency = 2> <II = 1> <Delay = 3.88> <IPBlock> <Opcode : '' 'add' 'sub' 'mul' 'select'> <InPorts = 0> <OutPorts = 1> <Sync> <CReg>

State 3 <SV = 2> <Delay = 1.05>
ST_3 : Operation 473 [2/3] (1.05ns) (grouped into DSP with root node total_q20)   --->   "%product_q20 = mul i32 %sext_ln1625_91, i32 %sext_ln1625" [H:/subband_ref_q610_opt_stage4_latency_stepL2.cpp:1625->H:/subband_ref_q610_opt_stage4_latency_stepL2.cpp:1839->H:/subband_ref_q610_opt_stage4_latency_stepL2.cpp:1866]   --->   Operation 473 'mul' 'product_q20' <Predicate = true> <Delay = 1.05> <CoreInst = "DSP48">   --->   Core 119 'DSP48' <Latency = 2> <II = 1> <Delay = 3.88> <IPBlock> <Opcode : '' 'add' 'sub' 'mul' 'select'> <InPorts = 0> <OutPorts = 1> <Sync> <CReg>
ST_3 : Operation 474 [2/3] (1.05ns) (grouped into DSP with root node add_ln1839)   --->   "%product_q20_171 = mul i32 %sext_ln1625_93, i32 %sext_ln1625_92" [H:/subband_ref_q610_opt_stage4_latency_stepL2.cpp:1625->H:/subband_ref_q610_opt_stage4_latency_stepL2.cpp:1839->H:/subband_ref_q610_opt_stage4_latency_stepL2.cpp:1866]   --->   Operation 474 'mul' 'product_q20_171' <Predicate = true> <Delay = 1.05> <CoreInst = "DSP48">   --->   Core 119 'DSP48' <Latency = 2> <II = 1> <Delay = 3.88> <IPBlock> <Opcode : '' 'add' 'sub' 'mul' 'select'> <InPorts = 0> <OutPorts = 1> <Sync> <CReg>
ST_3 : Operation 475 [2/3] (1.05ns) (grouped into DSP with root node add_ln1839_71)   --->   "%product_q20_172 = mul i32 %sext_ln1625_95, i32 %sext_ln1625_94" [H:/subband_ref_q610_opt_stage4_latency_stepL2.cpp:1625->H:/subband_ref_q610_opt_stage4_latency_stepL2.cpp:1839->H:/subband_ref_q610_opt_stage4_latency_stepL2.cpp:1866]   --->   Operation 475 'mul' 'product_q20_172' <Predicate = true> <Delay = 1.05> <CoreInst = "DSP48">   --->   Core 119 'DSP48' <Latency = 2> <II = 1> <Delay = 3.88> <IPBlock> <Opcode : '' 'add' 'sub' 'mul' 'select'> <InPorts = 0> <OutPorts = 1> <Sync> <CReg>
ST_3 : Operation 476 [2/3] (1.05ns) (grouped into DSP with root node add_ln1839_72)   --->   "%product_q20_173 = mul i32 %sext_ln1625_97, i32 %sext_ln1625_96" [H:/subband_ref_q610_opt_stage4_latency_stepL2.cpp:1625->H:/subband_ref_q610_opt_stage4_latency_stepL2.cpp:1839->H:/subband_ref_q610_opt_stage4_latency_stepL2.cpp:1866]   --->   Operation 476 'mul' 'product_q20_173' <Predicate = true> <Delay = 1.05> <CoreInst = "DSP48">   --->   Core 119 'DSP48' <Latency = 2> <II = 1> <Delay = 3.88> <IPBlock> <Opcode : '' 'add' 'sub' 'mul' 'select'> <InPorts = 0> <OutPorts = 1> <Sync> <CReg>
ST_3 : Operation 477 [2/3] (1.05ns) (grouped into DSP with root node add_ln1839_73)   --->   "%product_q20_174 = mul i32 %sext_ln1625_99, i32 %sext_ln1625_98" [H:/subband_ref_q610_opt_stage4_latency_stepL2.cpp:1625->H:/subband_ref_q610_opt_stage4_latency_stepL2.cpp:1839->H:/subband_ref_q610_opt_stage4_latency_stepL2.cpp:1866]   --->   Operation 477 'mul' 'product_q20_174' <Predicate = true> <Delay = 1.05> <CoreInst = "DSP48">   --->   Core 119 'DSP48' <Latency = 2> <II = 1> <Delay = 3.88> <IPBlock> <Opcode : '' 'add' 'sub' 'mul' 'select'> <InPorts = 0> <OutPorts = 1> <Sync> <CReg>
ST_3 : Operation 478 [2/3] (1.05ns) (grouped into DSP with root node add_ln1839_74)   --->   "%product_q20_175 = mul i32 %sext_ln1625_101, i32 %sext_ln1625_100" [H:/subband_ref_q610_opt_stage4_latency_stepL2.cpp:1625->H:/subband_ref_q610_opt_stage4_latency_stepL2.cpp:1839->H:/subband_ref_q610_opt_stage4_latency_stepL2.cpp:1866]   --->   Operation 478 'mul' 'product_q20_175' <Predicate = true> <Delay = 1.05> <CoreInst = "DSP48">   --->   Core 119 'DSP48' <Latency = 2> <II = 1> <Delay = 3.88> <IPBlock> <Opcode : '' 'add' 'sub' 'mul' 'select'> <InPorts = 0> <OutPorts = 1> <Sync> <CReg>
ST_3 : Operation 479 [2/3] (1.05ns) (grouped into DSP with root node add_ln1839_75)   --->   "%product_q20_176 = mul i32 %sext_ln1625_103, i32 %sext_ln1625_102" [H:/subband_ref_q610_opt_stage4_latency_stepL2.cpp:1625->H:/subband_ref_q610_opt_stage4_latency_stepL2.cpp:1839->H:/subband_ref_q610_opt_stage4_latency_stepL2.cpp:1866]   --->   Operation 479 'mul' 'product_q20_176' <Predicate = true> <Delay = 1.05> <CoreInst = "DSP48">   --->   Core 119 'DSP48' <Latency = 2> <II = 1> <Delay = 3.88> <IPBlock> <Opcode : '' 'add' 'sub' 'mul' 'select'> <InPorts = 0> <OutPorts = 1> <Sync> <CReg>
ST_3 : Operation 480 [2/3] (1.05ns) (grouped into DSP with root node add_ln1839_76)   --->   "%product_q20_177 = mul i32 %sext_ln1625_105, i32 %sext_ln1625_104" [H:/subband_ref_q610_opt_stage4_latency_stepL2.cpp:1625->H:/subband_ref_q610_opt_stage4_latency_stepL2.cpp:1839->H:/subband_ref_q610_opt_stage4_latency_stepL2.cpp:1866]   --->   Operation 480 'mul' 'product_q20_177' <Predicate = true> <Delay = 1.05> <CoreInst = "DSP48">   --->   Core 119 'DSP48' <Latency = 2> <II = 1> <Delay = 3.88> <IPBlock> <Opcode : '' 'add' 'sub' 'mul' 'select'> <InPorts = 0> <OutPorts = 1> <Sync> <CReg>
ST_3 : Operation 481 [2/3] (1.05ns) (grouped into DSP with root node add_ln1839_77)   --->   "%product_q20_178 = mul i32 %sext_ln1625_107, i32 %sext_ln1625_106" [H:/subband_ref_q610_opt_stage4_latency_stepL2.cpp:1625->H:/subband_ref_q610_opt_stage4_latency_stepL2.cpp:1839->H:/subband_ref_q610_opt_stage4_latency_stepL2.cpp:1866]   --->   Operation 481 'mul' 'product_q20_178' <Predicate = true> <Delay = 1.05> <CoreInst = "DSP48">   --->   Core 119 'DSP48' <Latency = 2> <II = 1> <Delay = 3.88> <IPBlock> <Opcode : '' 'add' 'sub' 'mul' 'select'> <InPorts = 0> <OutPorts = 1> <Sync> <CReg>
ST_3 : Operation 482 [2/3] (1.05ns) (grouped into DSP with root node add_ln1839_78)   --->   "%product_q20_179 = mul i32 %sext_ln1625_109, i32 %sext_ln1625_108" [H:/subband_ref_q610_opt_stage4_latency_stepL2.cpp:1625->H:/subband_ref_q610_opt_stage4_latency_stepL2.cpp:1839->H:/subband_ref_q610_opt_stage4_latency_stepL2.cpp:1866]   --->   Operation 482 'mul' 'product_q20_179' <Predicate = true> <Delay = 1.05> <CoreInst = "DSP48">   --->   Core 119 'DSP48' <Latency = 2> <II = 1> <Delay = 3.88> <IPBlock> <Opcode : '' 'add' 'sub' 'mul' 'select'> <InPorts = 0> <OutPorts = 1> <Sync> <CReg>
ST_3 : Operation 483 [2/3] (1.05ns) (grouped into DSP with root node add_ln1839_79)   --->   "%product_q20_180 = mul i32 %sext_ln1625_111, i32 %sext_ln1625_110" [H:/subband_ref_q610_opt_stage4_latency_stepL2.cpp:1625->H:/subband_ref_q610_opt_stage4_latency_stepL2.cpp:1839->H:/subband_ref_q610_opt_stage4_latency_stepL2.cpp:1866]   --->   Operation 483 'mul' 'product_q20_180' <Predicate = true> <Delay = 1.05> <CoreInst = "DSP48">   --->   Core 119 'DSP48' <Latency = 2> <II = 1> <Delay = 3.88> <IPBlock> <Opcode : '' 'add' 'sub' 'mul' 'select'> <InPorts = 0> <OutPorts = 1> <Sync> <CReg>
ST_3 : Operation 484 [2/3] (1.05ns) (grouped into DSP with root node add_ln1839_80)   --->   "%product_q20_181 = mul i32 %sext_ln1625_113, i32 %sext_ln1625_112" [H:/subband_ref_q610_opt_stage4_latency_stepL2.cpp:1625->H:/subband_ref_q610_opt_stage4_latency_stepL2.cpp:1839->H:/subband_ref_q610_opt_stage4_latency_stepL2.cpp:1866]   --->   Operation 484 'mul' 'product_q20_181' <Predicate = true> <Delay = 1.05> <CoreInst = "DSP48">   --->   Core 119 'DSP48' <Latency = 2> <II = 1> <Delay = 3.88> <IPBlock> <Opcode : '' 'add' 'sub' 'mul' 'select'> <InPorts = 0> <OutPorts = 1> <Sync> <CReg>
ST_3 : Operation 485 [2/3] (1.05ns) (grouped into DSP with root node add_ln1839_81)   --->   "%product_q20_182 = mul i32 %sext_ln1625_115, i32 %sext_ln1625_114" [H:/subband_ref_q610_opt_stage4_latency_stepL2.cpp:1625->H:/subband_ref_q610_opt_stage4_latency_stepL2.cpp:1839->H:/subband_ref_q610_opt_stage4_latency_stepL2.cpp:1866]   --->   Operation 485 'mul' 'product_q20_182' <Predicate = true> <Delay = 1.05> <CoreInst = "DSP48">   --->   Core 119 'DSP48' <Latency = 2> <II = 1> <Delay = 3.88> <IPBlock> <Opcode : '' 'add' 'sub' 'mul' 'select'> <InPorts = 0> <OutPorts = 1> <Sync> <CReg>
ST_3 : Operation 486 [2/3] (1.05ns) (grouped into DSP with root node add_ln1839_82)   --->   "%product_q20_183 = mul i32 %sext_ln1625_117, i32 %sext_ln1625_116" [H:/subband_ref_q610_opt_stage4_latency_stepL2.cpp:1625->H:/subband_ref_q610_opt_stage4_latency_stepL2.cpp:1839->H:/subband_ref_q610_opt_stage4_latency_stepL2.cpp:1866]   --->   Operation 486 'mul' 'product_q20_183' <Predicate = true> <Delay = 1.05> <CoreInst = "DSP48">   --->   Core 119 'DSP48' <Latency = 2> <II = 1> <Delay = 3.88> <IPBlock> <Opcode : '' 'add' 'sub' 'mul' 'select'> <InPorts = 0> <OutPorts = 1> <Sync> <CReg>
ST_3 : Operation 487 [2/3] (1.05ns) (grouped into DSP with root node add_ln1839_83)   --->   "%product_q20_184 = mul i32 %sext_ln1625_119, i32 %sext_ln1625_118" [H:/subband_ref_q610_opt_stage4_latency_stepL2.cpp:1625->H:/subband_ref_q610_opt_stage4_latency_stepL2.cpp:1839->H:/subband_ref_q610_opt_stage4_latency_stepL2.cpp:1866]   --->   Operation 487 'mul' 'product_q20_184' <Predicate = true> <Delay = 1.05> <CoreInst = "DSP48">   --->   Core 119 'DSP48' <Latency = 2> <II = 1> <Delay = 3.88> <IPBlock> <Opcode : '' 'add' 'sub' 'mul' 'select'> <InPorts = 0> <OutPorts = 1> <Sync> <CReg>
ST_3 : Operation 488 [2/3] (1.05ns) (grouped into DSP with root node add_ln1839_84)   --->   "%product_q20_185 = mul i32 %sext_ln1625_121, i32 %sext_ln1625_120" [H:/subband_ref_q610_opt_stage4_latency_stepL2.cpp:1625->H:/subband_ref_q610_opt_stage4_latency_stepL2.cpp:1839->H:/subband_ref_q610_opt_stage4_latency_stepL2.cpp:1866]   --->   Operation 488 'mul' 'product_q20_185' <Predicate = true> <Delay = 1.05> <CoreInst = "DSP48">   --->   Core 119 'DSP48' <Latency = 2> <II = 1> <Delay = 3.88> <IPBlock> <Opcode : '' 'add' 'sub' 'mul' 'select'> <InPorts = 0> <OutPorts = 1> <Sync> <CReg>
ST_3 : Operation 489 [2/3] (1.05ns) (grouped into DSP with root node add_ln1839_85)   --->   "%product_q20_186 = mul i32 %sext_ln1625_123, i32 %sext_ln1625_122" [H:/subband_ref_q610_opt_stage4_latency_stepL2.cpp:1625->H:/subband_ref_q610_opt_stage4_latency_stepL2.cpp:1839->H:/subband_ref_q610_opt_stage4_latency_stepL2.cpp:1866]   --->   Operation 489 'mul' 'product_q20_186' <Predicate = true> <Delay = 1.05> <CoreInst = "DSP48">   --->   Core 119 'DSP48' <Latency = 2> <II = 1> <Delay = 3.88> <IPBlock> <Opcode : '' 'add' 'sub' 'mul' 'select'> <InPorts = 0> <OutPorts = 1> <Sync> <CReg>
ST_3 : Operation 490 [2/3] (1.05ns) (grouped into DSP with root node add_ln1839_86)   --->   "%product_q20_187 = mul i32 %sext_ln1625_125, i32 %sext_ln1625_124" [H:/subband_ref_q610_opt_stage4_latency_stepL2.cpp:1625->H:/subband_ref_q610_opt_stage4_latency_stepL2.cpp:1839->H:/subband_ref_q610_opt_stage4_latency_stepL2.cpp:1866]   --->   Operation 490 'mul' 'product_q20_187' <Predicate = true> <Delay = 1.05> <CoreInst = "DSP48">   --->   Core 119 'DSP48' <Latency = 2> <II = 1> <Delay = 3.88> <IPBlock> <Opcode : '' 'add' 'sub' 'mul' 'select'> <InPorts = 0> <OutPorts = 1> <Sync> <CReg>
ST_3 : Operation 491 [2/3] (1.05ns) (grouped into DSP with root node add_ln1839_87)   --->   "%product_q20_188 = mul i32 %sext_ln1625_127, i32 %sext_ln1625_126" [H:/subband_ref_q610_opt_stage4_latency_stepL2.cpp:1625->H:/subband_ref_q610_opt_stage4_latency_stepL2.cpp:1839->H:/subband_ref_q610_opt_stage4_latency_stepL2.cpp:1866]   --->   Operation 491 'mul' 'product_q20_188' <Predicate = true> <Delay = 1.05> <CoreInst = "DSP48">   --->   Core 119 'DSP48' <Latency = 2> <II = 1> <Delay = 3.88> <IPBlock> <Opcode : '' 'add' 'sub' 'mul' 'select'> <InPorts = 0> <OutPorts = 1> <Sync> <CReg>
ST_3 : Operation 492 [2/3] (1.05ns) (grouped into DSP with root node add_ln1839_88)   --->   "%product_q20_189 = mul i32 %sext_ln1625_129, i32 %sext_ln1625_128" [H:/subband_ref_q610_opt_stage4_latency_stepL2.cpp:1625->H:/subband_ref_q610_opt_stage4_latency_stepL2.cpp:1839->H:/subband_ref_q610_opt_stage4_latency_stepL2.cpp:1866]   --->   Operation 492 'mul' 'product_q20_189' <Predicate = true> <Delay = 1.05> <CoreInst = "DSP48">   --->   Core 119 'DSP48' <Latency = 2> <II = 1> <Delay = 3.88> <IPBlock> <Opcode : '' 'add' 'sub' 'mul' 'select'> <InPorts = 0> <OutPorts = 1> <Sync> <CReg>
ST_3 : Operation 493 [2/3] (1.05ns) (grouped into DSP with root node add_ln1839_89)   --->   "%product_q20_190 = mul i32 %sext_ln1625_131, i32 %sext_ln1625_130" [H:/subband_ref_q610_opt_stage4_latency_stepL2.cpp:1625->H:/subband_ref_q610_opt_stage4_latency_stepL2.cpp:1839->H:/subband_ref_q610_opt_stage4_latency_stepL2.cpp:1866]   --->   Operation 493 'mul' 'product_q20_190' <Predicate = true> <Delay = 1.05> <CoreInst = "DSP48">   --->   Core 119 'DSP48' <Latency = 2> <II = 1> <Delay = 3.88> <IPBlock> <Opcode : '' 'add' 'sub' 'mul' 'select'> <InPorts = 0> <OutPorts = 1> <Sync> <CReg>
ST_3 : Operation 494 [2/3] (1.05ns) (grouped into DSP with root node add_ln1839_90)   --->   "%product_q20_191 = mul i32 %sext_ln1625_133, i32 %sext_ln1625_132" [H:/subband_ref_q610_opt_stage4_latency_stepL2.cpp:1625->H:/subband_ref_q610_opt_stage4_latency_stepL2.cpp:1839->H:/subband_ref_q610_opt_stage4_latency_stepL2.cpp:1866]   --->   Operation 494 'mul' 'product_q20_191' <Predicate = true> <Delay = 1.05> <CoreInst = "DSP48">   --->   Core 119 'DSP48' <Latency = 2> <II = 1> <Delay = 3.88> <IPBlock> <Opcode : '' 'add' 'sub' 'mul' 'select'> <InPorts = 0> <OutPorts = 1> <Sync> <CReg>
ST_3 : Operation 495 [2/3] (1.05ns) (grouped into DSP with root node add_ln1839_91)   --->   "%product_q20_192 = mul i32 %sext_ln1625_135, i32 %sext_ln1625_134" [H:/subband_ref_q610_opt_stage4_latency_stepL2.cpp:1625->H:/subband_ref_q610_opt_stage4_latency_stepL2.cpp:1839->H:/subband_ref_q610_opt_stage4_latency_stepL2.cpp:1866]   --->   Operation 495 'mul' 'product_q20_192' <Predicate = true> <Delay = 1.05> <CoreInst = "DSP48">   --->   Core 119 'DSP48' <Latency = 2> <II = 1> <Delay = 3.88> <IPBlock> <Opcode : '' 'add' 'sub' 'mul' 'select'> <InPorts = 0> <OutPorts = 1> <Sync> <CReg>
ST_3 : Operation 496 [2/3] (1.05ns) (grouped into DSP with root node add_ln1839_92)   --->   "%product_q20_193 = mul i32 %sext_ln1625_137, i32 %sext_ln1625_136" [H:/subband_ref_q610_opt_stage4_latency_stepL2.cpp:1625->H:/subband_ref_q610_opt_stage4_latency_stepL2.cpp:1839->H:/subband_ref_q610_opt_stage4_latency_stepL2.cpp:1866]   --->   Operation 496 'mul' 'product_q20_193' <Predicate = true> <Delay = 1.05> <CoreInst = "DSP48">   --->   Core 119 'DSP48' <Latency = 2> <II = 1> <Delay = 3.88> <IPBlock> <Opcode : '' 'add' 'sub' 'mul' 'select'> <InPorts = 0> <OutPorts = 1> <Sync> <CReg>
ST_3 : Operation 497 [2/3] (1.05ns) (grouped into DSP with root node add_ln1839_93)   --->   "%product_q20_194 = mul i32 %sext_ln1625_139, i32 %sext_ln1625_138" [H:/subband_ref_q610_opt_stage4_latency_stepL2.cpp:1625->H:/subband_ref_q610_opt_stage4_latency_stepL2.cpp:1839->H:/subband_ref_q610_opt_stage4_latency_stepL2.cpp:1866]   --->   Operation 497 'mul' 'product_q20_194' <Predicate = true> <Delay = 1.05> <CoreInst = "DSP48">   --->   Core 119 'DSP48' <Latency = 2> <II = 1> <Delay = 3.88> <IPBlock> <Opcode : '' 'add' 'sub' 'mul' 'select'> <InPorts = 0> <OutPorts = 1> <Sync> <CReg>
ST_3 : Operation 498 [2/3] (1.05ns) (grouped into DSP with root node add_ln1839_94)   --->   "%product_q20_195 = mul i32 %sext_ln1625_141, i32 %sext_ln1625_140" [H:/subband_ref_q610_opt_stage4_latency_stepL2.cpp:1625->H:/subband_ref_q610_opt_stage4_latency_stepL2.cpp:1839->H:/subband_ref_q610_opt_stage4_latency_stepL2.cpp:1866]   --->   Operation 498 'mul' 'product_q20_195' <Predicate = true> <Delay = 1.05> <CoreInst = "DSP48">   --->   Core 119 'DSP48' <Latency = 2> <II = 1> <Delay = 3.88> <IPBlock> <Opcode : '' 'add' 'sub' 'mul' 'select'> <InPorts = 0> <OutPorts = 1> <Sync> <CReg>
ST_3 : Operation 499 [2/3] (1.05ns) (grouped into DSP with root node add_ln1839_95)   --->   "%product_q20_196 = mul i32 %sext_ln1625_143, i32 %sext_ln1625_142" [H:/subband_ref_q610_opt_stage4_latency_stepL2.cpp:1625->H:/subband_ref_q610_opt_stage4_latency_stepL2.cpp:1839->H:/subband_ref_q610_opt_stage4_latency_stepL2.cpp:1866]   --->   Operation 499 'mul' 'product_q20_196' <Predicate = true> <Delay = 1.05> <CoreInst = "DSP48">   --->   Core 119 'DSP48' <Latency = 2> <II = 1> <Delay = 3.88> <IPBlock> <Opcode : '' 'add' 'sub' 'mul' 'select'> <InPorts = 0> <OutPorts = 1> <Sync> <CReg>
ST_3 : Operation 500 [2/3] (1.05ns) (grouped into DSP with root node add_ln1839_96)   --->   "%product_q20_197 = mul i32 %sext_ln1625_145, i32 %sext_ln1625_144" [H:/subband_ref_q610_opt_stage4_latency_stepL2.cpp:1625->H:/subband_ref_q610_opt_stage4_latency_stepL2.cpp:1839->H:/subband_ref_q610_opt_stage4_latency_stepL2.cpp:1866]   --->   Operation 500 'mul' 'product_q20_197' <Predicate = true> <Delay = 1.05> <CoreInst = "DSP48">   --->   Core 119 'DSP48' <Latency = 2> <II = 1> <Delay = 3.88> <IPBlock> <Opcode : '' 'add' 'sub' 'mul' 'select'> <InPorts = 0> <OutPorts = 1> <Sync> <CReg>
ST_3 : Operation 501 [2/3] (1.05ns) (grouped into DSP with root node add_ln1839_97)   --->   "%product_q20_198 = mul i32 %sext_ln1625_147, i32 %sext_ln1625_146" [H:/subband_ref_q610_opt_stage4_latency_stepL2.cpp:1625->H:/subband_ref_q610_opt_stage4_latency_stepL2.cpp:1839->H:/subband_ref_q610_opt_stage4_latency_stepL2.cpp:1866]   --->   Operation 501 'mul' 'product_q20_198' <Predicate = true> <Delay = 1.05> <CoreInst = "DSP48">   --->   Core 119 'DSP48' <Latency = 2> <II = 1> <Delay = 3.88> <IPBlock> <Opcode : '' 'add' 'sub' 'mul' 'select'> <InPorts = 0> <OutPorts = 1> <Sync> <CReg>
ST_3 : Operation 502 [2/3] (1.05ns) (grouped into DSP with root node add_ln1839_98)   --->   "%product_q20_199 = mul i32 %sext_ln1625_149, i32 %sext_ln1625_148" [H:/subband_ref_q610_opt_stage4_latency_stepL2.cpp:1625->H:/subband_ref_q610_opt_stage4_latency_stepL2.cpp:1839->H:/subband_ref_q610_opt_stage4_latency_stepL2.cpp:1866]   --->   Operation 502 'mul' 'product_q20_199' <Predicate = true> <Delay = 1.05> <CoreInst = "DSP48">   --->   Core 119 'DSP48' <Latency = 2> <II = 1> <Delay = 3.88> <IPBlock> <Opcode : '' 'add' 'sub' 'mul' 'select'> <InPorts = 0> <OutPorts = 1> <Sync> <CReg>
ST_3 : Operation 503 [2/3] (1.05ns) (grouped into DSP with root node add_ln1839_99)   --->   "%product_q20_200 = mul i32 %sext_ln1625_151, i32 %sext_ln1625_150" [H:/subband_ref_q610_opt_stage4_latency_stepL2.cpp:1625->H:/subband_ref_q610_opt_stage4_latency_stepL2.cpp:1839->H:/subband_ref_q610_opt_stage4_latency_stepL2.cpp:1866]   --->   Operation 503 'mul' 'product_q20_200' <Predicate = true> <Delay = 1.05> <CoreInst = "DSP48">   --->   Core 119 'DSP48' <Latency = 2> <II = 1> <Delay = 3.88> <IPBlock> <Opcode : '' 'add' 'sub' 'mul' 'select'> <InPorts = 0> <OutPorts = 1> <Sync> <CReg>
ST_3 : Operation 504 [2/3] (1.05ns) (grouped into DSP with root node add_ln1839_100)   --->   "%product_q20_201 = mul i32 %sext_ln1625_153, i32 %sext_ln1625_152" [H:/subband_ref_q610_opt_stage4_latency_stepL2.cpp:1625->H:/subband_ref_q610_opt_stage4_latency_stepL2.cpp:1839->H:/subband_ref_q610_opt_stage4_latency_stepL2.cpp:1866]   --->   Operation 504 'mul' 'product_q20_201' <Predicate = true> <Delay = 1.05> <CoreInst = "DSP48">   --->   Core 119 'DSP48' <Latency = 2> <II = 1> <Delay = 3.88> <IPBlock> <Opcode : '' 'add' 'sub' 'mul' 'select'> <InPorts = 0> <OutPorts = 1> <Sync> <CReg>
ST_3 : Operation 765 [1/1] (0.00ns)   --->   "%p_load291 = load i34 %empty"   --->   Operation 765 'load' 'p_load291' <Predicate = (icmp_ln1833)> <Delay = 0.00>
ST_3 : Operation 766 [1/1] (0.00ns)   --->   "%p_load289 = load i34 %empty_748"   --->   Operation 766 'load' 'p_load289' <Predicate = (icmp_ln1833)> <Delay = 0.00>
ST_3 : Operation 767 [1/1] (0.00ns)   --->   "%p_load287 = load i34 %empty_749"   --->   Operation 767 'load' 'p_load287' <Predicate = (icmp_ln1833)> <Delay = 0.00>
ST_3 : Operation 768 [1/1] (0.00ns)   --->   "%p_load285 = load i34 %empty_750"   --->   Operation 768 'load' 'p_load285' <Predicate = (icmp_ln1833)> <Delay = 0.00>
ST_3 : Operation 769 [1/1] (0.00ns)   --->   "%p_load283 = load i34 %empty_751"   --->   Operation 769 'load' 'p_load283' <Predicate = (icmp_ln1833)> <Delay = 0.00>
ST_3 : Operation 770 [1/1] (0.00ns)   --->   "%p_load281 = load i34 %empty_752"   --->   Operation 770 'load' 'p_load281' <Predicate = (icmp_ln1833)> <Delay = 0.00>
ST_3 : Operation 771 [1/1] (0.00ns)   --->   "%p_load279 = load i34 %empty_753"   --->   Operation 771 'load' 'p_load279' <Predicate = (icmp_ln1833)> <Delay = 0.00>
ST_3 : Operation 772 [1/1] (0.00ns)   --->   "%p_load277 = load i34 %empty_754"   --->   Operation 772 'load' 'p_load277' <Predicate = (icmp_ln1833)> <Delay = 0.00>
ST_3 : Operation 773 [1/1] (0.00ns)   --->   "%p_load275 = load i34 %empty_755"   --->   Operation 773 'load' 'p_load275' <Predicate = (icmp_ln1833)> <Delay = 0.00>
ST_3 : Operation 774 [1/1] (0.00ns)   --->   "%p_load273 = load i34 %empty_756"   --->   Operation 774 'load' 'p_load273' <Predicate = (icmp_ln1833)> <Delay = 0.00>
ST_3 : Operation 775 [1/1] (0.00ns)   --->   "%p_load271 = load i34 %empty_757"   --->   Operation 775 'load' 'p_load271' <Predicate = (icmp_ln1833)> <Delay = 0.00>
ST_3 : Operation 776 [1/1] (0.00ns)   --->   "%p_load269 = load i34 %empty_758"   --->   Operation 776 'load' 'p_load269' <Predicate = (icmp_ln1833)> <Delay = 0.00>
ST_3 : Operation 777 [1/1] (0.00ns)   --->   "%p_load267 = load i34 %empty_759"   --->   Operation 777 'load' 'p_load267' <Predicate = (icmp_ln1833)> <Delay = 0.00>
ST_3 : Operation 778 [1/1] (0.00ns)   --->   "%p_load265 = load i34 %empty_760"   --->   Operation 778 'load' 'p_load265' <Predicate = (icmp_ln1833)> <Delay = 0.00>
ST_3 : Operation 779 [1/1] (0.00ns)   --->   "%p_load263 = load i34 %empty_761"   --->   Operation 779 'load' 'p_load263' <Predicate = (icmp_ln1833)> <Delay = 0.00>
ST_3 : Operation 780 [1/1] (0.00ns)   --->   "%p_load261 = load i34 %empty_762"   --->   Operation 780 'load' 'p_load261' <Predicate = (icmp_ln1833)> <Delay = 0.00>
ST_3 : Operation 781 [1/1] (0.00ns)   --->   "%p_load259 = load i34 %empty_763"   --->   Operation 781 'load' 'p_load259' <Predicate = (icmp_ln1833)> <Delay = 0.00>
ST_3 : Operation 782 [1/1] (0.00ns)   --->   "%p_load257 = load i34 %empty_764"   --->   Operation 782 'load' 'p_load257' <Predicate = (icmp_ln1833)> <Delay = 0.00>
ST_3 : Operation 783 [1/1] (0.00ns)   --->   "%p_load255 = load i34 %empty_765"   --->   Operation 783 'load' 'p_load255' <Predicate = (icmp_ln1833)> <Delay = 0.00>
ST_3 : Operation 784 [1/1] (0.00ns)   --->   "%p_load253 = load i34 %empty_766"   --->   Operation 784 'load' 'p_load253' <Predicate = (icmp_ln1833)> <Delay = 0.00>
ST_3 : Operation 785 [1/1] (0.00ns)   --->   "%p_load251 = load i34 %empty_767"   --->   Operation 785 'load' 'p_load251' <Predicate = (icmp_ln1833)> <Delay = 0.00>
ST_3 : Operation 786 [1/1] (0.00ns)   --->   "%p_load249 = load i34 %empty_768"   --->   Operation 786 'load' 'p_load249' <Predicate = (icmp_ln1833)> <Delay = 0.00>
ST_3 : Operation 787 [1/1] (0.00ns)   --->   "%p_load247 = load i34 %empty_769"   --->   Operation 787 'load' 'p_load247' <Predicate = (icmp_ln1833)> <Delay = 0.00>
ST_3 : Operation 788 [1/1] (0.00ns)   --->   "%p_load245 = load i34 %empty_770"   --->   Operation 788 'load' 'p_load245' <Predicate = (icmp_ln1833)> <Delay = 0.00>
ST_3 : Operation 789 [1/1] (0.00ns)   --->   "%p_load243 = load i34 %empty_771"   --->   Operation 789 'load' 'p_load243' <Predicate = (icmp_ln1833)> <Delay = 0.00>
ST_3 : Operation 790 [1/1] (0.00ns)   --->   "%p_load241 = load i34 %empty_772"   --->   Operation 790 'load' 'p_load241' <Predicate = (icmp_ln1833)> <Delay = 0.00>
ST_3 : Operation 791 [1/1] (0.00ns)   --->   "%p_load239 = load i34 %empty_773"   --->   Operation 791 'load' 'p_load239' <Predicate = (icmp_ln1833)> <Delay = 0.00>
ST_3 : Operation 792 [1/1] (0.00ns)   --->   "%p_load237 = load i34 %empty_774"   --->   Operation 792 'load' 'p_load237' <Predicate = (icmp_ln1833)> <Delay = 0.00>
ST_3 : Operation 793 [1/1] (0.00ns)   --->   "%p_load235 = load i34 %empty_775"   --->   Operation 793 'load' 'p_load235' <Predicate = (icmp_ln1833)> <Delay = 0.00>
ST_3 : Operation 794 [1/1] (0.00ns)   --->   "%p_load233 = load i34 %empty_776"   --->   Operation 794 'load' 'p_load233' <Predicate = (icmp_ln1833)> <Delay = 0.00>
ST_3 : Operation 795 [1/1] (0.00ns)   --->   "%p_load231 = load i34 %empty_777"   --->   Operation 795 'load' 'p_load231' <Predicate = (icmp_ln1833)> <Delay = 0.00>
ST_3 : Operation 796 [1/1] (0.00ns)   --->   "%p_load229 = load i34 %empty_778"   --->   Operation 796 'load' 'p_load229' <Predicate = (icmp_ln1833)> <Delay = 0.00>
ST_3 : Operation 797 [1/1] (0.00ns)   --->   "%write_ln0 = write void @_ssdm_op_Write.ap_auto.i34P0A, i34 %p_out, i34 %p_load229"   --->   Operation 797 'write' 'write_ln0' <Predicate = (icmp_ln1833)> <Delay = 0.00>
ST_3 : Operation 798 [1/1] (0.00ns)   --->   "%write_ln0 = write void @_ssdm_op_Write.ap_auto.i34P0A, i34 %p_out1, i34 %p_load231"   --->   Operation 798 'write' 'write_ln0' <Predicate = (icmp_ln1833)> <Delay = 0.00>
ST_3 : Operation 799 [1/1] (0.00ns)   --->   "%write_ln0 = write void @_ssdm_op_Write.ap_auto.i34P0A, i34 %p_out2, i34 %p_load233"   --->   Operation 799 'write' 'write_ln0' <Predicate = (icmp_ln1833)> <Delay = 0.00>
ST_3 : Operation 800 [1/1] (0.00ns)   --->   "%write_ln0 = write void @_ssdm_op_Write.ap_auto.i34P0A, i34 %p_out3, i34 %p_load235"   --->   Operation 800 'write' 'write_ln0' <Predicate = (icmp_ln1833)> <Delay = 0.00>
ST_3 : Operation 801 [1/1] (0.00ns)   --->   "%write_ln0 = write void @_ssdm_op_Write.ap_auto.i34P0A, i34 %p_out4, i34 %p_load237"   --->   Operation 801 'write' 'write_ln0' <Predicate = (icmp_ln1833)> <Delay = 0.00>
ST_3 : Operation 802 [1/1] (0.00ns)   --->   "%write_ln0 = write void @_ssdm_op_Write.ap_auto.i34P0A, i34 %p_out5, i34 %p_load239"   --->   Operation 802 'write' 'write_ln0' <Predicate = (icmp_ln1833)> <Delay = 0.00>
ST_3 : Operation 803 [1/1] (0.00ns)   --->   "%write_ln0 = write void @_ssdm_op_Write.ap_auto.i34P0A, i34 %p_out6, i34 %p_load241"   --->   Operation 803 'write' 'write_ln0' <Predicate = (icmp_ln1833)> <Delay = 0.00>
ST_3 : Operation 804 [1/1] (0.00ns)   --->   "%write_ln0 = write void @_ssdm_op_Write.ap_auto.i34P0A, i34 %p_out7, i34 %p_load243"   --->   Operation 804 'write' 'write_ln0' <Predicate = (icmp_ln1833)> <Delay = 0.00>
ST_3 : Operation 805 [1/1] (0.00ns)   --->   "%write_ln0 = write void @_ssdm_op_Write.ap_auto.i34P0A, i34 %p_out8, i34 %p_load245"   --->   Operation 805 'write' 'write_ln0' <Predicate = (icmp_ln1833)> <Delay = 0.00>
ST_3 : Operation 806 [1/1] (0.00ns)   --->   "%write_ln0 = write void @_ssdm_op_Write.ap_auto.i34P0A, i34 %p_out9, i34 %p_load247"   --->   Operation 806 'write' 'write_ln0' <Predicate = (icmp_ln1833)> <Delay = 0.00>
ST_3 : Operation 807 [1/1] (0.00ns)   --->   "%write_ln0 = write void @_ssdm_op_Write.ap_auto.i34P0A, i34 %p_out10, i34 %p_load249"   --->   Operation 807 'write' 'write_ln0' <Predicate = (icmp_ln1833)> <Delay = 0.00>
ST_3 : Operation 808 [1/1] (0.00ns)   --->   "%write_ln0 = write void @_ssdm_op_Write.ap_auto.i34P0A, i34 %p_out11, i34 %p_load251"   --->   Operation 808 'write' 'write_ln0' <Predicate = (icmp_ln1833)> <Delay = 0.00>
ST_3 : Operation 809 [1/1] (0.00ns)   --->   "%write_ln0 = write void @_ssdm_op_Write.ap_auto.i34P0A, i34 %p_out12, i34 %p_load253"   --->   Operation 809 'write' 'write_ln0' <Predicate = (icmp_ln1833)> <Delay = 0.00>
ST_3 : Operation 810 [1/1] (0.00ns)   --->   "%write_ln0 = write void @_ssdm_op_Write.ap_auto.i34P0A, i34 %p_out13, i34 %p_load255"   --->   Operation 810 'write' 'write_ln0' <Predicate = (icmp_ln1833)> <Delay = 0.00>
ST_3 : Operation 811 [1/1] (0.00ns)   --->   "%write_ln0 = write void @_ssdm_op_Write.ap_auto.i34P0A, i34 %p_out14, i34 %p_load257"   --->   Operation 811 'write' 'write_ln0' <Predicate = (icmp_ln1833)> <Delay = 0.00>
ST_3 : Operation 812 [1/1] (0.00ns)   --->   "%write_ln0 = write void @_ssdm_op_Write.ap_auto.i34P0A, i34 %p_out15, i34 %p_load259"   --->   Operation 812 'write' 'write_ln0' <Predicate = (icmp_ln1833)> <Delay = 0.00>
ST_3 : Operation 813 [1/1] (0.00ns)   --->   "%write_ln0 = write void @_ssdm_op_Write.ap_auto.i34P0A, i34 %p_out16, i34 %p_load261"   --->   Operation 813 'write' 'write_ln0' <Predicate = (icmp_ln1833)> <Delay = 0.00>
ST_3 : Operation 814 [1/1] (0.00ns)   --->   "%write_ln0 = write void @_ssdm_op_Write.ap_auto.i34P0A, i34 %p_out17, i34 %p_load263"   --->   Operation 814 'write' 'write_ln0' <Predicate = (icmp_ln1833)> <Delay = 0.00>
ST_3 : Operation 815 [1/1] (0.00ns)   --->   "%write_ln0 = write void @_ssdm_op_Write.ap_auto.i34P0A, i34 %p_out18, i34 %p_load265"   --->   Operation 815 'write' 'write_ln0' <Predicate = (icmp_ln1833)> <Delay = 0.00>
ST_3 : Operation 816 [1/1] (0.00ns)   --->   "%write_ln0 = write void @_ssdm_op_Write.ap_auto.i34P0A, i34 %p_out19, i34 %p_load267"   --->   Operation 816 'write' 'write_ln0' <Predicate = (icmp_ln1833)> <Delay = 0.00>
ST_3 : Operation 817 [1/1] (0.00ns)   --->   "%write_ln0 = write void @_ssdm_op_Write.ap_auto.i34P0A, i34 %p_out20, i34 %p_load269"   --->   Operation 817 'write' 'write_ln0' <Predicate = (icmp_ln1833)> <Delay = 0.00>
ST_3 : Operation 818 [1/1] (0.00ns)   --->   "%write_ln0 = write void @_ssdm_op_Write.ap_auto.i34P0A, i34 %p_out21, i34 %p_load271"   --->   Operation 818 'write' 'write_ln0' <Predicate = (icmp_ln1833)> <Delay = 0.00>
ST_3 : Operation 819 [1/1] (0.00ns)   --->   "%write_ln0 = write void @_ssdm_op_Write.ap_auto.i34P0A, i34 %p_out22, i34 %p_load273"   --->   Operation 819 'write' 'write_ln0' <Predicate = (icmp_ln1833)> <Delay = 0.00>
ST_3 : Operation 820 [1/1] (0.00ns)   --->   "%write_ln0 = write void @_ssdm_op_Write.ap_auto.i34P0A, i34 %p_out23, i34 %p_load275"   --->   Operation 820 'write' 'write_ln0' <Predicate = (icmp_ln1833)> <Delay = 0.00>
ST_3 : Operation 821 [1/1] (0.00ns)   --->   "%write_ln0 = write void @_ssdm_op_Write.ap_auto.i34P0A, i34 %p_out24, i34 %p_load277"   --->   Operation 821 'write' 'write_ln0' <Predicate = (icmp_ln1833)> <Delay = 0.00>
ST_3 : Operation 822 [1/1] (0.00ns)   --->   "%write_ln0 = write void @_ssdm_op_Write.ap_auto.i34P0A, i34 %p_out25, i34 %p_load279"   --->   Operation 822 'write' 'write_ln0' <Predicate = (icmp_ln1833)> <Delay = 0.00>
ST_3 : Operation 823 [1/1] (0.00ns)   --->   "%write_ln0 = write void @_ssdm_op_Write.ap_auto.i34P0A, i34 %p_out26, i34 %p_load281"   --->   Operation 823 'write' 'write_ln0' <Predicate = (icmp_ln1833)> <Delay = 0.00>
ST_3 : Operation 824 [1/1] (0.00ns)   --->   "%write_ln0 = write void @_ssdm_op_Write.ap_auto.i34P0A, i34 %p_out27, i34 %p_load283"   --->   Operation 824 'write' 'write_ln0' <Predicate = (icmp_ln1833)> <Delay = 0.00>
ST_3 : Operation 825 [1/1] (0.00ns)   --->   "%write_ln0 = write void @_ssdm_op_Write.ap_auto.i34P0A, i34 %p_out28, i34 %p_load285"   --->   Operation 825 'write' 'write_ln0' <Predicate = (icmp_ln1833)> <Delay = 0.00>
ST_3 : Operation 826 [1/1] (0.00ns)   --->   "%write_ln0 = write void @_ssdm_op_Write.ap_auto.i34P0A, i34 %p_out29, i34 %p_load287"   --->   Operation 826 'write' 'write_ln0' <Predicate = (icmp_ln1833)> <Delay = 0.00>
ST_3 : Operation 827 [1/1] (0.00ns)   --->   "%write_ln0 = write void @_ssdm_op_Write.ap_auto.i34P0A, i34 %p_out30, i34 %p_load289"   --->   Operation 827 'write' 'write_ln0' <Predicate = (icmp_ln1833)> <Delay = 0.00>
ST_3 : Operation 828 [1/1] (0.00ns)   --->   "%write_ln0 = write void @_ssdm_op_Write.ap_auto.i34P0A, i34 %p_out31, i34 %p_load291"   --->   Operation 828 'write' 'write_ln0' <Predicate = (icmp_ln1833)> <Delay = 0.00>
ST_3 : Operation 829 [1/1] (0.00ns)   --->   "%ret_ln0 = ret"   --->   Operation 829 'ret' 'ret_ln0' <Predicate = (icmp_ln1833)> <Delay = 0.00>

State 4 <SV = 3> <Delay = 4.60>
ST_4 : Operation 505 [1/1] (0.00ns)   --->   "%p_load290 = load i34 %empty" [H:/subband_ref_q610_opt_stage4_latency_stepL2.cpp:1839->H:/subband_ref_q610_opt_stage4_latency_stepL2.cpp:1866]   --->   Operation 505 'load' 'p_load290' <Predicate = true> <Delay = 0.00>
ST_4 : Operation 506 [1/1] (0.00ns)   --->   "%p_load288 = load i34 %empty_748" [H:/subband_ref_q610_opt_stage4_latency_stepL2.cpp:1839->H:/subband_ref_q610_opt_stage4_latency_stepL2.cpp:1866]   --->   Operation 506 'load' 'p_load288' <Predicate = true> <Delay = 0.00>
ST_4 : Operation 507 [1/1] (0.00ns)   --->   "%p_load286 = load i34 %empty_749" [H:/subband_ref_q610_opt_stage4_latency_stepL2.cpp:1839->H:/subband_ref_q610_opt_stage4_latency_stepL2.cpp:1866]   --->   Operation 507 'load' 'p_load286' <Predicate = true> <Delay = 0.00>
ST_4 : Operation 508 [1/1] (0.00ns)   --->   "%p_load284 = load i34 %empty_750" [H:/subband_ref_q610_opt_stage4_latency_stepL2.cpp:1839->H:/subband_ref_q610_opt_stage4_latency_stepL2.cpp:1866]   --->   Operation 508 'load' 'p_load284' <Predicate = true> <Delay = 0.00>
ST_4 : Operation 509 [1/1] (0.00ns)   --->   "%p_load282 = load i34 %empty_751" [H:/subband_ref_q610_opt_stage4_latency_stepL2.cpp:1839->H:/subband_ref_q610_opt_stage4_latency_stepL2.cpp:1866]   --->   Operation 509 'load' 'p_load282' <Predicate = true> <Delay = 0.00>
ST_4 : Operation 510 [1/1] (0.00ns)   --->   "%p_load280 = load i34 %empty_752" [H:/subband_ref_q610_opt_stage4_latency_stepL2.cpp:1839->H:/subband_ref_q610_opt_stage4_latency_stepL2.cpp:1866]   --->   Operation 510 'load' 'p_load280' <Predicate = true> <Delay = 0.00>
ST_4 : Operation 511 [1/1] (0.00ns)   --->   "%p_load278 = load i34 %empty_753" [H:/subband_ref_q610_opt_stage4_latency_stepL2.cpp:1839->H:/subband_ref_q610_opt_stage4_latency_stepL2.cpp:1866]   --->   Operation 511 'load' 'p_load278' <Predicate = true> <Delay = 0.00>
ST_4 : Operation 512 [1/1] (0.00ns)   --->   "%p_load276 = load i34 %empty_754" [H:/subband_ref_q610_opt_stage4_latency_stepL2.cpp:1839->H:/subband_ref_q610_opt_stage4_latency_stepL2.cpp:1866]   --->   Operation 512 'load' 'p_load276' <Predicate = true> <Delay = 0.00>
ST_4 : Operation 513 [1/1] (0.00ns)   --->   "%p_load274 = load i34 %empty_755" [H:/subband_ref_q610_opt_stage4_latency_stepL2.cpp:1839->H:/subband_ref_q610_opt_stage4_latency_stepL2.cpp:1866]   --->   Operation 513 'load' 'p_load274' <Predicate = true> <Delay = 0.00>
ST_4 : Operation 514 [1/1] (0.00ns)   --->   "%p_load272 = load i34 %empty_756" [H:/subband_ref_q610_opt_stage4_latency_stepL2.cpp:1839->H:/subband_ref_q610_opt_stage4_latency_stepL2.cpp:1866]   --->   Operation 514 'load' 'p_load272' <Predicate = true> <Delay = 0.00>
ST_4 : Operation 515 [1/1] (0.00ns)   --->   "%p_load270 = load i34 %empty_757" [H:/subband_ref_q610_opt_stage4_latency_stepL2.cpp:1839->H:/subband_ref_q610_opt_stage4_latency_stepL2.cpp:1866]   --->   Operation 515 'load' 'p_load270' <Predicate = true> <Delay = 0.00>
ST_4 : Operation 516 [1/1] (0.00ns)   --->   "%p_load268 = load i34 %empty_758" [H:/subband_ref_q610_opt_stage4_latency_stepL2.cpp:1839->H:/subband_ref_q610_opt_stage4_latency_stepL2.cpp:1866]   --->   Operation 516 'load' 'p_load268' <Predicate = true> <Delay = 0.00>
ST_4 : Operation 517 [1/1] (0.00ns)   --->   "%p_load266 = load i34 %empty_759" [H:/subband_ref_q610_opt_stage4_latency_stepL2.cpp:1839->H:/subband_ref_q610_opt_stage4_latency_stepL2.cpp:1866]   --->   Operation 517 'load' 'p_load266' <Predicate = true> <Delay = 0.00>
ST_4 : Operation 518 [1/1] (0.00ns)   --->   "%p_load264 = load i34 %empty_760" [H:/subband_ref_q610_opt_stage4_latency_stepL2.cpp:1839->H:/subband_ref_q610_opt_stage4_latency_stepL2.cpp:1866]   --->   Operation 518 'load' 'p_load264' <Predicate = true> <Delay = 0.00>
ST_4 : Operation 519 [1/1] (0.00ns)   --->   "%p_load262 = load i34 %empty_761" [H:/subband_ref_q610_opt_stage4_latency_stepL2.cpp:1839->H:/subband_ref_q610_opt_stage4_latency_stepL2.cpp:1866]   --->   Operation 519 'load' 'p_load262' <Predicate = true> <Delay = 0.00>
ST_4 : Operation 520 [1/1] (0.00ns)   --->   "%p_load260 = load i34 %empty_762" [H:/subband_ref_q610_opt_stage4_latency_stepL2.cpp:1839->H:/subband_ref_q610_opt_stage4_latency_stepL2.cpp:1866]   --->   Operation 520 'load' 'p_load260' <Predicate = true> <Delay = 0.00>
ST_4 : Operation 521 [1/1] (0.00ns)   --->   "%p_load258 = load i34 %empty_763" [H:/subband_ref_q610_opt_stage4_latency_stepL2.cpp:1839->H:/subband_ref_q610_opt_stage4_latency_stepL2.cpp:1866]   --->   Operation 521 'load' 'p_load258' <Predicate = true> <Delay = 0.00>
ST_4 : Operation 522 [1/1] (0.00ns)   --->   "%p_load256 = load i34 %empty_764" [H:/subband_ref_q610_opt_stage4_latency_stepL2.cpp:1839->H:/subband_ref_q610_opt_stage4_latency_stepL2.cpp:1866]   --->   Operation 522 'load' 'p_load256' <Predicate = true> <Delay = 0.00>
ST_4 : Operation 523 [1/1] (0.00ns)   --->   "%p_load254 = load i34 %empty_765" [H:/subband_ref_q610_opt_stage4_latency_stepL2.cpp:1839->H:/subband_ref_q610_opt_stage4_latency_stepL2.cpp:1866]   --->   Operation 523 'load' 'p_load254' <Predicate = true> <Delay = 0.00>
ST_4 : Operation 524 [1/1] (0.00ns)   --->   "%p_load252 = load i34 %empty_766" [H:/subband_ref_q610_opt_stage4_latency_stepL2.cpp:1839->H:/subband_ref_q610_opt_stage4_latency_stepL2.cpp:1866]   --->   Operation 524 'load' 'p_load252' <Predicate = true> <Delay = 0.00>
ST_4 : Operation 525 [1/1] (0.00ns)   --->   "%p_load250 = load i34 %empty_767" [H:/subband_ref_q610_opt_stage4_latency_stepL2.cpp:1839->H:/subband_ref_q610_opt_stage4_latency_stepL2.cpp:1866]   --->   Operation 525 'load' 'p_load250' <Predicate = true> <Delay = 0.00>
ST_4 : Operation 526 [1/1] (0.00ns)   --->   "%p_load248 = load i34 %empty_768" [H:/subband_ref_q610_opt_stage4_latency_stepL2.cpp:1839->H:/subband_ref_q610_opt_stage4_latency_stepL2.cpp:1866]   --->   Operation 526 'load' 'p_load248' <Predicate = true> <Delay = 0.00>
ST_4 : Operation 527 [1/1] (0.00ns)   --->   "%p_load246 = load i34 %empty_769" [H:/subband_ref_q610_opt_stage4_latency_stepL2.cpp:1839->H:/subband_ref_q610_opt_stage4_latency_stepL2.cpp:1866]   --->   Operation 527 'load' 'p_load246' <Predicate = true> <Delay = 0.00>
ST_4 : Operation 528 [1/1] (0.00ns)   --->   "%p_load244 = load i34 %empty_770" [H:/subband_ref_q610_opt_stage4_latency_stepL2.cpp:1839->H:/subband_ref_q610_opt_stage4_latency_stepL2.cpp:1866]   --->   Operation 528 'load' 'p_load244' <Predicate = true> <Delay = 0.00>
ST_4 : Operation 529 [1/1] (0.00ns)   --->   "%p_load242 = load i34 %empty_771" [H:/subband_ref_q610_opt_stage4_latency_stepL2.cpp:1839->H:/subband_ref_q610_opt_stage4_latency_stepL2.cpp:1866]   --->   Operation 529 'load' 'p_load242' <Predicate = true> <Delay = 0.00>
ST_4 : Operation 530 [1/1] (0.00ns)   --->   "%p_load240 = load i34 %empty_772" [H:/subband_ref_q610_opt_stage4_latency_stepL2.cpp:1839->H:/subband_ref_q610_opt_stage4_latency_stepL2.cpp:1866]   --->   Operation 530 'load' 'p_load240' <Predicate = true> <Delay = 0.00>
ST_4 : Operation 531 [1/1] (0.00ns)   --->   "%p_load238 = load i34 %empty_773" [H:/subband_ref_q610_opt_stage4_latency_stepL2.cpp:1839->H:/subband_ref_q610_opt_stage4_latency_stepL2.cpp:1866]   --->   Operation 531 'load' 'p_load238' <Predicate = true> <Delay = 0.00>
ST_4 : Operation 532 [1/1] (0.00ns)   --->   "%p_load236 = load i34 %empty_774" [H:/subband_ref_q610_opt_stage4_latency_stepL2.cpp:1839->H:/subband_ref_q610_opt_stage4_latency_stepL2.cpp:1866]   --->   Operation 532 'load' 'p_load236' <Predicate = true> <Delay = 0.00>
ST_4 : Operation 533 [1/1] (0.00ns)   --->   "%p_load234 = load i34 %empty_775" [H:/subband_ref_q610_opt_stage4_latency_stepL2.cpp:1839->H:/subband_ref_q610_opt_stage4_latency_stepL2.cpp:1866]   --->   Operation 533 'load' 'p_load234' <Predicate = true> <Delay = 0.00>
ST_4 : Operation 534 [1/1] (0.00ns)   --->   "%p_load232 = load i34 %empty_776" [H:/subband_ref_q610_opt_stage4_latency_stepL2.cpp:1839->H:/subband_ref_q610_opt_stage4_latency_stepL2.cpp:1866]   --->   Operation 534 'load' 'p_load232' <Predicate = true> <Delay = 0.00>
ST_4 : Operation 535 [1/1] (0.00ns)   --->   "%p_load230 = load i34 %empty_777" [H:/subband_ref_q610_opt_stage4_latency_stepL2.cpp:1839->H:/subband_ref_q610_opt_stage4_latency_stepL2.cpp:1866]   --->   Operation 535 'load' 'p_load230' <Predicate = true> <Delay = 0.00>
ST_4 : Operation 536 [1/1] (0.00ns)   --->   "%p_load = load i34 %empty_778" [H:/subband_ref_q610_opt_stage4_latency_stepL2.cpp:1839->H:/subband_ref_q610_opt_stage4_latency_stepL2.cpp:1866]   --->   Operation 536 'load' 'p_load' <Predicate = true> <Delay = 0.00>
ST_4 : Operation 537 [1/1] (0.00ns)   --->   "%specpipeline_ln1834 = specpipeline void @_ssdm_op_SpecPipeline, i32 1, i32 0, i32 0, i32 0, void @empty_25" [H:/subband_ref_q610_opt_stage4_latency_stepL2.cpp:1834->H:/subband_ref_q610_opt_stage4_latency_stepL2.cpp:1866]   --->   Operation 537 'specpipeline' 'specpipeline_ln1834' <Predicate = true> <Delay = 0.00>
ST_4 : Operation 538 [1/1] (0.00ns)   --->   "%speclooptripcount_ln1833 = speclooptripcount void @_ssdm_op_SpecLoopTripCount, i64 7, i64 7, i64 7" [H:/subband_ref_q610_opt_stage4_latency_stepL2.cpp:1833->H:/subband_ref_q610_opt_stage4_latency_stepL2.cpp:1866]   --->   Operation 538 'speclooptripcount' 'speclooptripcount_ln1833' <Predicate = true> <Delay = 0.00>
ST_4 : Operation 539 [1/1] (0.00ns)   --->   "%specloopname_ln1833 = specloopname void @_ssdm_op_SpecLoopName, void @empty_204" [H:/subband_ref_q610_opt_stage4_latency_stepL2.cpp:1833->H:/subband_ref_q610_opt_stage4_latency_stepL2.cpp:1866]   --->   Operation 539 'specloopname' 'specloopname_ln1833' <Predicate = true> <Delay = 0.00>
ST_4 : Operation 540 [1/1] (0.00ns)   --->   "%rbegin72 = specregionbegin i32 @_ssdm_op_SpecRegionBegin, void @empty_172" [H:/subband_ref_q610_opt_stage4_latency_stepL2.cpp:1623->H:/subband_ref_q610_opt_stage4_latency_stepL2.cpp:1839->H:/subband_ref_q610_opt_stage4_latency_stepL2.cpp:1866]   --->   Operation 540 'specregionbegin' 'rbegin72' <Predicate = true> <Delay = 0.00>
ST_4 : Operation 541 [1/3] (0.00ns) (grouped into DSP with root node total_q20)   --->   "%product_q20 = mul i32 %sext_ln1625_91, i32 %sext_ln1625" [H:/subband_ref_q610_opt_stage4_latency_stepL2.cpp:1625->H:/subband_ref_q610_opt_stage4_latency_stepL2.cpp:1839->H:/subband_ref_q610_opt_stage4_latency_stepL2.cpp:1866]   --->   Operation 541 'mul' 'product_q20' <Predicate = true> <Delay = 0.00> <CoreInst = "DSP48">   --->   Core 119 'DSP48' <Latency = 2> <II = 1> <Delay = 3.88> <IPBlock> <Opcode : '' 'add' 'sub' 'mul' 'select'> <InPorts = 0> <OutPorts = 1> <Sync> <CReg>
ST_4 : Operation 542 [1/1] (0.00ns)   --->   "%specfucore_ln1624 = specfucore void @_ssdm_op_SpecFUCore, i32 %product_q20, i64 12, i64 3, i64 2" [H:/subband_ref_q610_opt_stage4_latency_stepL2.cpp:1624->H:/subband_ref_q610_opt_stage4_latency_stepL2.cpp:1839->H:/subband_ref_q610_opt_stage4_latency_stepL2.cpp:1866]   --->   Operation 542 'specfucore' 'specfucore_ln1624' <Predicate = true> <Delay = 0.00>
ST_4 : Operation 543 [1/1] (0.00ns) (grouped into DSP with root node total_q20)   --->   "%sext_ln1623 = sext i32 %product_q20" [H:/subband_ref_q610_opt_stage4_latency_stepL2.cpp:1623->H:/subband_ref_q610_opt_stage4_latency_stepL2.cpp:1839->H:/subband_ref_q610_opt_stage4_latency_stepL2.cpp:1866]   --->   Operation 543 'sext' 'sext_ln1623' <Predicate = true> <Delay = 0.00>
ST_4 : Operation 544 [1/1] (0.00ns)   --->   "%rend893 = specregionend i32 @_ssdm_op_SpecRegionEnd, void @empty_172, i32 %rbegin72" [H:/subband_ref_q610_opt_stage4_latency_stepL2.cpp:1625->H:/subband_ref_q610_opt_stage4_latency_stepL2.cpp:1839->H:/subband_ref_q610_opt_stage4_latency_stepL2.cpp:1866]   --->   Operation 544 'specregionend' 'rend893' <Predicate = true> <Delay = 0.00>
ST_4 : Operation 545 [1/1] (3.02ns) (root node of the DSP)   --->   "%total_q20 = add i34 %sext_ln1623, i34 %p_load290" [H:/subband_ref_q610_opt_stage4_latency_stepL2.cpp:1839->H:/subband_ref_q610_opt_stage4_latency_stepL2.cpp:1866]   --->   Operation 545 'add' 'total_q20' <Predicate = true> <Delay = 3.02> <CoreInst = "DSP48">   --->   Core 119 'DSP48' <Latency = 2> <II = 1> <Delay = 3.88> <IPBlock> <Opcode : '' 'add' 'sub' 'mul' 'select'> <InPorts = 0> <OutPorts = 1> <Sync> <CReg>
ST_4 : Operation 546 [1/1] (0.00ns)   --->   "%rbegin73 = specregionbegin i32 @_ssdm_op_SpecRegionBegin, void @empty_171" [H:/subband_ref_q610_opt_stage4_latency_stepL2.cpp:1623->H:/subband_ref_q610_opt_stage4_latency_stepL2.cpp:1839->H:/subband_ref_q610_opt_stage4_latency_stepL2.cpp:1866]   --->   Operation 546 'specregionbegin' 'rbegin73' <Predicate = true> <Delay = 0.00>
ST_4 : Operation 547 [1/3] (0.00ns) (grouped into DSP with root node add_ln1839)   --->   "%product_q20_171 = mul i32 %sext_ln1625_93, i32 %sext_ln1625_92" [H:/subband_ref_q610_opt_stage4_latency_stepL2.cpp:1625->H:/subband_ref_q610_opt_stage4_latency_stepL2.cpp:1839->H:/subband_ref_q610_opt_stage4_latency_stepL2.cpp:1866]   --->   Operation 547 'mul' 'product_q20_171' <Predicate = true> <Delay = 0.00> <CoreInst = "DSP48">   --->   Core 119 'DSP48' <Latency = 2> <II = 1> <Delay = 3.88> <IPBlock> <Opcode : '' 'add' 'sub' 'mul' 'select'> <InPorts = 0> <OutPorts = 1> <Sync> <CReg>
ST_4 : Operation 548 [1/1] (0.00ns)   --->   "%specfucore_ln1624 = specfucore void @_ssdm_op_SpecFUCore, i32 %product_q20_171, i64 12, i64 3, i64 2" [H:/subband_ref_q610_opt_stage4_latency_stepL2.cpp:1624->H:/subband_ref_q610_opt_stage4_latency_stepL2.cpp:1839->H:/subband_ref_q610_opt_stage4_latency_stepL2.cpp:1866]   --->   Operation 548 'specfucore' 'specfucore_ln1624' <Predicate = true> <Delay = 0.00>
ST_4 : Operation 549 [1/1] (0.00ns) (grouped into DSP with root node add_ln1839)   --->   "%sext_ln1623_71 = sext i32 %product_q20_171" [H:/subband_ref_q610_opt_stage4_latency_stepL2.cpp:1623->H:/subband_ref_q610_opt_stage4_latency_stepL2.cpp:1839->H:/subband_ref_q610_opt_stage4_latency_stepL2.cpp:1866]   --->   Operation 549 'sext' 'sext_ln1623_71' <Predicate = true> <Delay = 0.00>
ST_4 : Operation 550 [1/1] (0.00ns)   --->   "%rend891 = specregionend i32 @_ssdm_op_SpecRegionEnd, void @empty_171, i32 %rbegin73" [H:/subband_ref_q610_opt_stage4_latency_stepL2.cpp:1625->H:/subband_ref_q610_opt_stage4_latency_stepL2.cpp:1839->H:/subband_ref_q610_opt_stage4_latency_stepL2.cpp:1866]   --->   Operation 550 'specregionend' 'rend891' <Predicate = true> <Delay = 0.00>
ST_4 : Operation 551 [1/1] (3.02ns) (root node of the DSP)   --->   "%add_ln1839 = add i34 %sext_ln1623_71, i34 %p_load288" [H:/subband_ref_q610_opt_stage4_latency_stepL2.cpp:1839->H:/subband_ref_q610_opt_stage4_latency_stepL2.cpp:1866]   --->   Operation 551 'add' 'add_ln1839' <Predicate = true> <Delay = 3.02> <CoreInst = "DSP48">   --->   Core 119 'DSP48' <Latency = 2> <II = 1> <Delay = 3.88> <IPBlock> <Opcode : '' 'add' 'sub' 'mul' 'select'> <InPorts = 0> <OutPorts = 1> <Sync> <CReg>
ST_4 : Operation 552 [1/1] (0.00ns)   --->   "%rbegin74 = specregionbegin i32 @_ssdm_op_SpecRegionBegin, void @empty_170" [H:/subband_ref_q610_opt_stage4_latency_stepL2.cpp:1623->H:/subband_ref_q610_opt_stage4_latency_stepL2.cpp:1839->H:/subband_ref_q610_opt_stage4_latency_stepL2.cpp:1866]   --->   Operation 552 'specregionbegin' 'rbegin74' <Predicate = true> <Delay = 0.00>
ST_4 : Operation 553 [1/3] (0.00ns) (grouped into DSP with root node add_ln1839_71)   --->   "%product_q20_172 = mul i32 %sext_ln1625_95, i32 %sext_ln1625_94" [H:/subband_ref_q610_opt_stage4_latency_stepL2.cpp:1625->H:/subband_ref_q610_opt_stage4_latency_stepL2.cpp:1839->H:/subband_ref_q610_opt_stage4_latency_stepL2.cpp:1866]   --->   Operation 553 'mul' 'product_q20_172' <Predicate = true> <Delay = 0.00> <CoreInst = "DSP48">   --->   Core 119 'DSP48' <Latency = 2> <II = 1> <Delay = 3.88> <IPBlock> <Opcode : '' 'add' 'sub' 'mul' 'select'> <InPorts = 0> <OutPorts = 1> <Sync> <CReg>
ST_4 : Operation 554 [1/1] (0.00ns)   --->   "%specfucore_ln1624 = specfucore void @_ssdm_op_SpecFUCore, i32 %product_q20_172, i64 12, i64 3, i64 2" [H:/subband_ref_q610_opt_stage4_latency_stepL2.cpp:1624->H:/subband_ref_q610_opt_stage4_latency_stepL2.cpp:1839->H:/subband_ref_q610_opt_stage4_latency_stepL2.cpp:1866]   --->   Operation 554 'specfucore' 'specfucore_ln1624' <Predicate = true> <Delay = 0.00>
ST_4 : Operation 555 [1/1] (0.00ns) (grouped into DSP with root node add_ln1839_71)   --->   "%sext_ln1623_72 = sext i32 %product_q20_172" [H:/subband_ref_q610_opt_stage4_latency_stepL2.cpp:1623->H:/subband_ref_q610_opt_stage4_latency_stepL2.cpp:1839->H:/subband_ref_q610_opt_stage4_latency_stepL2.cpp:1866]   --->   Operation 555 'sext' 'sext_ln1623_72' <Predicate = true> <Delay = 0.00>
ST_4 : Operation 556 [1/1] (0.00ns)   --->   "%rend889 = specregionend i32 @_ssdm_op_SpecRegionEnd, void @empty_170, i32 %rbegin74" [H:/subband_ref_q610_opt_stage4_latency_stepL2.cpp:1625->H:/subband_ref_q610_opt_stage4_latency_stepL2.cpp:1839->H:/subband_ref_q610_opt_stage4_latency_stepL2.cpp:1866]   --->   Operation 556 'specregionend' 'rend889' <Predicate = true> <Delay = 0.00>
ST_4 : Operation 557 [1/1] (3.02ns) (root node of the DSP)   --->   "%add_ln1839_71 = add i34 %sext_ln1623_72, i34 %p_load286" [H:/subband_ref_q610_opt_stage4_latency_stepL2.cpp:1839->H:/subband_ref_q610_opt_stage4_latency_stepL2.cpp:1866]   --->   Operation 557 'add' 'add_ln1839_71' <Predicate = true> <Delay = 3.02> <CoreInst = "DSP48">   --->   Core 119 'DSP48' <Latency = 2> <II = 1> <Delay = 3.88> <IPBlock> <Opcode : '' 'add' 'sub' 'mul' 'select'> <InPorts = 0> <OutPorts = 1> <Sync> <CReg>
ST_4 : Operation 558 [1/1] (0.00ns)   --->   "%rbegin75 = specregionbegin i32 @_ssdm_op_SpecRegionBegin, void @empty_169" [H:/subband_ref_q610_opt_stage4_latency_stepL2.cpp:1623->H:/subband_ref_q610_opt_stage4_latency_stepL2.cpp:1839->H:/subband_ref_q610_opt_stage4_latency_stepL2.cpp:1866]   --->   Operation 558 'specregionbegin' 'rbegin75' <Predicate = true> <Delay = 0.00>
ST_4 : Operation 559 [1/3] (0.00ns) (grouped into DSP with root node add_ln1839_72)   --->   "%product_q20_173 = mul i32 %sext_ln1625_97, i32 %sext_ln1625_96" [H:/subband_ref_q610_opt_stage4_latency_stepL2.cpp:1625->H:/subband_ref_q610_opt_stage4_latency_stepL2.cpp:1839->H:/subband_ref_q610_opt_stage4_latency_stepL2.cpp:1866]   --->   Operation 559 'mul' 'product_q20_173' <Predicate = true> <Delay = 0.00> <CoreInst = "DSP48">   --->   Core 119 'DSP48' <Latency = 2> <II = 1> <Delay = 3.88> <IPBlock> <Opcode : '' 'add' 'sub' 'mul' 'select'> <InPorts = 0> <OutPorts = 1> <Sync> <CReg>
ST_4 : Operation 560 [1/1] (0.00ns)   --->   "%specfucore_ln1624 = specfucore void @_ssdm_op_SpecFUCore, i32 %product_q20_173, i64 12, i64 3, i64 2" [H:/subband_ref_q610_opt_stage4_latency_stepL2.cpp:1624->H:/subband_ref_q610_opt_stage4_latency_stepL2.cpp:1839->H:/subband_ref_q610_opt_stage4_latency_stepL2.cpp:1866]   --->   Operation 560 'specfucore' 'specfucore_ln1624' <Predicate = true> <Delay = 0.00>
ST_4 : Operation 561 [1/1] (0.00ns) (grouped into DSP with root node add_ln1839_72)   --->   "%sext_ln1623_73 = sext i32 %product_q20_173" [H:/subband_ref_q610_opt_stage4_latency_stepL2.cpp:1623->H:/subband_ref_q610_opt_stage4_latency_stepL2.cpp:1839->H:/subband_ref_q610_opt_stage4_latency_stepL2.cpp:1866]   --->   Operation 561 'sext' 'sext_ln1623_73' <Predicate = true> <Delay = 0.00>
ST_4 : Operation 562 [1/1] (0.00ns)   --->   "%rend887 = specregionend i32 @_ssdm_op_SpecRegionEnd, void @empty_169, i32 %rbegin75" [H:/subband_ref_q610_opt_stage4_latency_stepL2.cpp:1625->H:/subband_ref_q610_opt_stage4_latency_stepL2.cpp:1839->H:/subband_ref_q610_opt_stage4_latency_stepL2.cpp:1866]   --->   Operation 562 'specregionend' 'rend887' <Predicate = true> <Delay = 0.00>
ST_4 : Operation 563 [1/1] (3.02ns) (root node of the DSP)   --->   "%add_ln1839_72 = add i34 %sext_ln1623_73, i34 %p_load284" [H:/subband_ref_q610_opt_stage4_latency_stepL2.cpp:1839->H:/subband_ref_q610_opt_stage4_latency_stepL2.cpp:1866]   --->   Operation 563 'add' 'add_ln1839_72' <Predicate = true> <Delay = 3.02> <CoreInst = "DSP48">   --->   Core 119 'DSP48' <Latency = 2> <II = 1> <Delay = 3.88> <IPBlock> <Opcode : '' 'add' 'sub' 'mul' 'select'> <InPorts = 0> <OutPorts = 1> <Sync> <CReg>
ST_4 : Operation 564 [1/1] (0.00ns)   --->   "%rbegin76 = specregionbegin i32 @_ssdm_op_SpecRegionBegin, void @empty_168" [H:/subband_ref_q610_opt_stage4_latency_stepL2.cpp:1623->H:/subband_ref_q610_opt_stage4_latency_stepL2.cpp:1839->H:/subband_ref_q610_opt_stage4_latency_stepL2.cpp:1866]   --->   Operation 564 'specregionbegin' 'rbegin76' <Predicate = true> <Delay = 0.00>
ST_4 : Operation 565 [1/3] (0.00ns) (grouped into DSP with root node add_ln1839_73)   --->   "%product_q20_174 = mul i32 %sext_ln1625_99, i32 %sext_ln1625_98" [H:/subband_ref_q610_opt_stage4_latency_stepL2.cpp:1625->H:/subband_ref_q610_opt_stage4_latency_stepL2.cpp:1839->H:/subband_ref_q610_opt_stage4_latency_stepL2.cpp:1866]   --->   Operation 565 'mul' 'product_q20_174' <Predicate = true> <Delay = 0.00> <CoreInst = "DSP48">   --->   Core 119 'DSP48' <Latency = 2> <II = 1> <Delay = 3.88> <IPBlock> <Opcode : '' 'add' 'sub' 'mul' 'select'> <InPorts = 0> <OutPorts = 1> <Sync> <CReg>
ST_4 : Operation 566 [1/1] (0.00ns)   --->   "%specfucore_ln1624 = specfucore void @_ssdm_op_SpecFUCore, i32 %product_q20_174, i64 12, i64 3, i64 2" [H:/subband_ref_q610_opt_stage4_latency_stepL2.cpp:1624->H:/subband_ref_q610_opt_stage4_latency_stepL2.cpp:1839->H:/subband_ref_q610_opt_stage4_latency_stepL2.cpp:1866]   --->   Operation 566 'specfucore' 'specfucore_ln1624' <Predicate = true> <Delay = 0.00>
ST_4 : Operation 567 [1/1] (0.00ns) (grouped into DSP with root node add_ln1839_73)   --->   "%sext_ln1623_74 = sext i32 %product_q20_174" [H:/subband_ref_q610_opt_stage4_latency_stepL2.cpp:1623->H:/subband_ref_q610_opt_stage4_latency_stepL2.cpp:1839->H:/subband_ref_q610_opt_stage4_latency_stepL2.cpp:1866]   --->   Operation 567 'sext' 'sext_ln1623_74' <Predicate = true> <Delay = 0.00>
ST_4 : Operation 568 [1/1] (0.00ns)   --->   "%rend885 = specregionend i32 @_ssdm_op_SpecRegionEnd, void @empty_168, i32 %rbegin76" [H:/subband_ref_q610_opt_stage4_latency_stepL2.cpp:1625->H:/subband_ref_q610_opt_stage4_latency_stepL2.cpp:1839->H:/subband_ref_q610_opt_stage4_latency_stepL2.cpp:1866]   --->   Operation 568 'specregionend' 'rend885' <Predicate = true> <Delay = 0.00>
ST_4 : Operation 569 [1/1] (3.02ns) (root node of the DSP)   --->   "%add_ln1839_73 = add i34 %sext_ln1623_74, i34 %p_load282" [H:/subband_ref_q610_opt_stage4_latency_stepL2.cpp:1839->H:/subband_ref_q610_opt_stage4_latency_stepL2.cpp:1866]   --->   Operation 569 'add' 'add_ln1839_73' <Predicate = true> <Delay = 3.02> <CoreInst = "DSP48">   --->   Core 119 'DSP48' <Latency = 2> <II = 1> <Delay = 3.88> <IPBlock> <Opcode : '' 'add' 'sub' 'mul' 'select'> <InPorts = 0> <OutPorts = 1> <Sync> <CReg>
ST_4 : Operation 570 [1/1] (0.00ns)   --->   "%rbegin77 = specregionbegin i32 @_ssdm_op_SpecRegionBegin, void @empty_167" [H:/subband_ref_q610_opt_stage4_latency_stepL2.cpp:1623->H:/subband_ref_q610_opt_stage4_latency_stepL2.cpp:1839->H:/subband_ref_q610_opt_stage4_latency_stepL2.cpp:1866]   --->   Operation 570 'specregionbegin' 'rbegin77' <Predicate = true> <Delay = 0.00>
ST_4 : Operation 571 [1/3] (0.00ns) (grouped into DSP with root node add_ln1839_74)   --->   "%product_q20_175 = mul i32 %sext_ln1625_101, i32 %sext_ln1625_100" [H:/subband_ref_q610_opt_stage4_latency_stepL2.cpp:1625->H:/subband_ref_q610_opt_stage4_latency_stepL2.cpp:1839->H:/subband_ref_q610_opt_stage4_latency_stepL2.cpp:1866]   --->   Operation 571 'mul' 'product_q20_175' <Predicate = true> <Delay = 0.00> <CoreInst = "DSP48">   --->   Core 119 'DSP48' <Latency = 2> <II = 1> <Delay = 3.88> <IPBlock> <Opcode : '' 'add' 'sub' 'mul' 'select'> <InPorts = 0> <OutPorts = 1> <Sync> <CReg>
ST_4 : Operation 572 [1/1] (0.00ns)   --->   "%specfucore_ln1624 = specfucore void @_ssdm_op_SpecFUCore, i32 %product_q20_175, i64 12, i64 3, i64 2" [H:/subband_ref_q610_opt_stage4_latency_stepL2.cpp:1624->H:/subband_ref_q610_opt_stage4_latency_stepL2.cpp:1839->H:/subband_ref_q610_opt_stage4_latency_stepL2.cpp:1866]   --->   Operation 572 'specfucore' 'specfucore_ln1624' <Predicate = true> <Delay = 0.00>
ST_4 : Operation 573 [1/1] (0.00ns) (grouped into DSP with root node add_ln1839_74)   --->   "%sext_ln1623_75 = sext i32 %product_q20_175" [H:/subband_ref_q610_opt_stage4_latency_stepL2.cpp:1623->H:/subband_ref_q610_opt_stage4_latency_stepL2.cpp:1839->H:/subband_ref_q610_opt_stage4_latency_stepL2.cpp:1866]   --->   Operation 573 'sext' 'sext_ln1623_75' <Predicate = true> <Delay = 0.00>
ST_4 : Operation 574 [1/1] (0.00ns)   --->   "%rend883 = specregionend i32 @_ssdm_op_SpecRegionEnd, void @empty_167, i32 %rbegin77" [H:/subband_ref_q610_opt_stage4_latency_stepL2.cpp:1625->H:/subband_ref_q610_opt_stage4_latency_stepL2.cpp:1839->H:/subband_ref_q610_opt_stage4_latency_stepL2.cpp:1866]   --->   Operation 574 'specregionend' 'rend883' <Predicate = true> <Delay = 0.00>
ST_4 : Operation 575 [1/1] (3.02ns) (root node of the DSP)   --->   "%add_ln1839_74 = add i34 %sext_ln1623_75, i34 %p_load280" [H:/subband_ref_q610_opt_stage4_latency_stepL2.cpp:1839->H:/subband_ref_q610_opt_stage4_latency_stepL2.cpp:1866]   --->   Operation 575 'add' 'add_ln1839_74' <Predicate = true> <Delay = 3.02> <CoreInst = "DSP48">   --->   Core 119 'DSP48' <Latency = 2> <II = 1> <Delay = 3.88> <IPBlock> <Opcode : '' 'add' 'sub' 'mul' 'select'> <InPorts = 0> <OutPorts = 1> <Sync> <CReg>
ST_4 : Operation 576 [1/1] (0.00ns)   --->   "%rbegin78 = specregionbegin i32 @_ssdm_op_SpecRegionBegin, void @empty_166" [H:/subband_ref_q610_opt_stage4_latency_stepL2.cpp:1623->H:/subband_ref_q610_opt_stage4_latency_stepL2.cpp:1839->H:/subband_ref_q610_opt_stage4_latency_stepL2.cpp:1866]   --->   Operation 576 'specregionbegin' 'rbegin78' <Predicate = true> <Delay = 0.00>
ST_4 : Operation 577 [1/3] (0.00ns) (grouped into DSP with root node add_ln1839_75)   --->   "%product_q20_176 = mul i32 %sext_ln1625_103, i32 %sext_ln1625_102" [H:/subband_ref_q610_opt_stage4_latency_stepL2.cpp:1625->H:/subband_ref_q610_opt_stage4_latency_stepL2.cpp:1839->H:/subband_ref_q610_opt_stage4_latency_stepL2.cpp:1866]   --->   Operation 577 'mul' 'product_q20_176' <Predicate = true> <Delay = 0.00> <CoreInst = "DSP48">   --->   Core 119 'DSP48' <Latency = 2> <II = 1> <Delay = 3.88> <IPBlock> <Opcode : '' 'add' 'sub' 'mul' 'select'> <InPorts = 0> <OutPorts = 1> <Sync> <CReg>
ST_4 : Operation 578 [1/1] (0.00ns)   --->   "%specfucore_ln1624 = specfucore void @_ssdm_op_SpecFUCore, i32 %product_q20_176, i64 12, i64 3, i64 2" [H:/subband_ref_q610_opt_stage4_latency_stepL2.cpp:1624->H:/subband_ref_q610_opt_stage4_latency_stepL2.cpp:1839->H:/subband_ref_q610_opt_stage4_latency_stepL2.cpp:1866]   --->   Operation 578 'specfucore' 'specfucore_ln1624' <Predicate = true> <Delay = 0.00>
ST_4 : Operation 579 [1/1] (0.00ns) (grouped into DSP with root node add_ln1839_75)   --->   "%sext_ln1623_76 = sext i32 %product_q20_176" [H:/subband_ref_q610_opt_stage4_latency_stepL2.cpp:1623->H:/subband_ref_q610_opt_stage4_latency_stepL2.cpp:1839->H:/subband_ref_q610_opt_stage4_latency_stepL2.cpp:1866]   --->   Operation 579 'sext' 'sext_ln1623_76' <Predicate = true> <Delay = 0.00>
ST_4 : Operation 580 [1/1] (0.00ns)   --->   "%rend881 = specregionend i32 @_ssdm_op_SpecRegionEnd, void @empty_166, i32 %rbegin78" [H:/subband_ref_q610_opt_stage4_latency_stepL2.cpp:1625->H:/subband_ref_q610_opt_stage4_latency_stepL2.cpp:1839->H:/subband_ref_q610_opt_stage4_latency_stepL2.cpp:1866]   --->   Operation 580 'specregionend' 'rend881' <Predicate = true> <Delay = 0.00>
ST_4 : Operation 581 [1/1] (3.02ns) (root node of the DSP)   --->   "%add_ln1839_75 = add i34 %sext_ln1623_76, i34 %p_load278" [H:/subband_ref_q610_opt_stage4_latency_stepL2.cpp:1839->H:/subband_ref_q610_opt_stage4_latency_stepL2.cpp:1866]   --->   Operation 581 'add' 'add_ln1839_75' <Predicate = true> <Delay = 3.02> <CoreInst = "DSP48">   --->   Core 119 'DSP48' <Latency = 2> <II = 1> <Delay = 3.88> <IPBlock> <Opcode : '' 'add' 'sub' 'mul' 'select'> <InPorts = 0> <OutPorts = 1> <Sync> <CReg>
ST_4 : Operation 582 [1/1] (0.00ns)   --->   "%rbegin79 = specregionbegin i32 @_ssdm_op_SpecRegionBegin, void @empty_165" [H:/subband_ref_q610_opt_stage4_latency_stepL2.cpp:1623->H:/subband_ref_q610_opt_stage4_latency_stepL2.cpp:1839->H:/subband_ref_q610_opt_stage4_latency_stepL2.cpp:1866]   --->   Operation 582 'specregionbegin' 'rbegin79' <Predicate = true> <Delay = 0.00>
ST_4 : Operation 583 [1/3] (0.00ns) (grouped into DSP with root node add_ln1839_76)   --->   "%product_q20_177 = mul i32 %sext_ln1625_105, i32 %sext_ln1625_104" [H:/subband_ref_q610_opt_stage4_latency_stepL2.cpp:1625->H:/subband_ref_q610_opt_stage4_latency_stepL2.cpp:1839->H:/subband_ref_q610_opt_stage4_latency_stepL2.cpp:1866]   --->   Operation 583 'mul' 'product_q20_177' <Predicate = true> <Delay = 0.00> <CoreInst = "DSP48">   --->   Core 119 'DSP48' <Latency = 2> <II = 1> <Delay = 3.88> <IPBlock> <Opcode : '' 'add' 'sub' 'mul' 'select'> <InPorts = 0> <OutPorts = 1> <Sync> <CReg>
ST_4 : Operation 584 [1/1] (0.00ns)   --->   "%specfucore_ln1624 = specfucore void @_ssdm_op_SpecFUCore, i32 %product_q20_177, i64 12, i64 3, i64 2" [H:/subband_ref_q610_opt_stage4_latency_stepL2.cpp:1624->H:/subband_ref_q610_opt_stage4_latency_stepL2.cpp:1839->H:/subband_ref_q610_opt_stage4_latency_stepL2.cpp:1866]   --->   Operation 584 'specfucore' 'specfucore_ln1624' <Predicate = true> <Delay = 0.00>
ST_4 : Operation 585 [1/1] (0.00ns) (grouped into DSP with root node add_ln1839_76)   --->   "%sext_ln1623_77 = sext i32 %product_q20_177" [H:/subband_ref_q610_opt_stage4_latency_stepL2.cpp:1623->H:/subband_ref_q610_opt_stage4_latency_stepL2.cpp:1839->H:/subband_ref_q610_opt_stage4_latency_stepL2.cpp:1866]   --->   Operation 585 'sext' 'sext_ln1623_77' <Predicate = true> <Delay = 0.00>
ST_4 : Operation 586 [1/1] (0.00ns)   --->   "%rend879 = specregionend i32 @_ssdm_op_SpecRegionEnd, void @empty_165, i32 %rbegin79" [H:/subband_ref_q610_opt_stage4_latency_stepL2.cpp:1625->H:/subband_ref_q610_opt_stage4_latency_stepL2.cpp:1839->H:/subband_ref_q610_opt_stage4_latency_stepL2.cpp:1866]   --->   Operation 586 'specregionend' 'rend879' <Predicate = true> <Delay = 0.00>
ST_4 : Operation 587 [1/1] (3.02ns) (root node of the DSP)   --->   "%add_ln1839_76 = add i34 %sext_ln1623_77, i34 %p_load276" [H:/subband_ref_q610_opt_stage4_latency_stepL2.cpp:1839->H:/subband_ref_q610_opt_stage4_latency_stepL2.cpp:1866]   --->   Operation 587 'add' 'add_ln1839_76' <Predicate = true> <Delay = 3.02> <CoreInst = "DSP48">   --->   Core 119 'DSP48' <Latency = 2> <II = 1> <Delay = 3.88> <IPBlock> <Opcode : '' 'add' 'sub' 'mul' 'select'> <InPorts = 0> <OutPorts = 1> <Sync> <CReg>
ST_4 : Operation 588 [1/1] (0.00ns)   --->   "%rbegin80 = specregionbegin i32 @_ssdm_op_SpecRegionBegin, void @empty_164" [H:/subband_ref_q610_opt_stage4_latency_stepL2.cpp:1623->H:/subband_ref_q610_opt_stage4_latency_stepL2.cpp:1839->H:/subband_ref_q610_opt_stage4_latency_stepL2.cpp:1866]   --->   Operation 588 'specregionbegin' 'rbegin80' <Predicate = true> <Delay = 0.00>
ST_4 : Operation 589 [1/3] (0.00ns) (grouped into DSP with root node add_ln1839_77)   --->   "%product_q20_178 = mul i32 %sext_ln1625_107, i32 %sext_ln1625_106" [H:/subband_ref_q610_opt_stage4_latency_stepL2.cpp:1625->H:/subband_ref_q610_opt_stage4_latency_stepL2.cpp:1839->H:/subband_ref_q610_opt_stage4_latency_stepL2.cpp:1866]   --->   Operation 589 'mul' 'product_q20_178' <Predicate = true> <Delay = 0.00> <CoreInst = "DSP48">   --->   Core 119 'DSP48' <Latency = 2> <II = 1> <Delay = 3.88> <IPBlock> <Opcode : '' 'add' 'sub' 'mul' 'select'> <InPorts = 0> <OutPorts = 1> <Sync> <CReg>
ST_4 : Operation 590 [1/1] (0.00ns)   --->   "%specfucore_ln1624 = specfucore void @_ssdm_op_SpecFUCore, i32 %product_q20_178, i64 12, i64 3, i64 2" [H:/subband_ref_q610_opt_stage4_latency_stepL2.cpp:1624->H:/subband_ref_q610_opt_stage4_latency_stepL2.cpp:1839->H:/subband_ref_q610_opt_stage4_latency_stepL2.cpp:1866]   --->   Operation 590 'specfucore' 'specfucore_ln1624' <Predicate = true> <Delay = 0.00>
ST_4 : Operation 591 [1/1] (0.00ns) (grouped into DSP with root node add_ln1839_77)   --->   "%sext_ln1623_78 = sext i32 %product_q20_178" [H:/subband_ref_q610_opt_stage4_latency_stepL2.cpp:1623->H:/subband_ref_q610_opt_stage4_latency_stepL2.cpp:1839->H:/subband_ref_q610_opt_stage4_latency_stepL2.cpp:1866]   --->   Operation 591 'sext' 'sext_ln1623_78' <Predicate = true> <Delay = 0.00>
ST_4 : Operation 592 [1/1] (0.00ns)   --->   "%rend877 = specregionend i32 @_ssdm_op_SpecRegionEnd, void @empty_164, i32 %rbegin80" [H:/subband_ref_q610_opt_stage4_latency_stepL2.cpp:1625->H:/subband_ref_q610_opt_stage4_latency_stepL2.cpp:1839->H:/subband_ref_q610_opt_stage4_latency_stepL2.cpp:1866]   --->   Operation 592 'specregionend' 'rend877' <Predicate = true> <Delay = 0.00>
ST_4 : Operation 593 [1/1] (3.02ns) (root node of the DSP)   --->   "%add_ln1839_77 = add i34 %sext_ln1623_78, i34 %p_load274" [H:/subband_ref_q610_opt_stage4_latency_stepL2.cpp:1839->H:/subband_ref_q610_opt_stage4_latency_stepL2.cpp:1866]   --->   Operation 593 'add' 'add_ln1839_77' <Predicate = true> <Delay = 3.02> <CoreInst = "DSP48">   --->   Core 119 'DSP48' <Latency = 2> <II = 1> <Delay = 3.88> <IPBlock> <Opcode : '' 'add' 'sub' 'mul' 'select'> <InPorts = 0> <OutPorts = 1> <Sync> <CReg>
ST_4 : Operation 594 [1/1] (0.00ns)   --->   "%rbegin81 = specregionbegin i32 @_ssdm_op_SpecRegionBegin, void @empty_163" [H:/subband_ref_q610_opt_stage4_latency_stepL2.cpp:1623->H:/subband_ref_q610_opt_stage4_latency_stepL2.cpp:1839->H:/subband_ref_q610_opt_stage4_latency_stepL2.cpp:1866]   --->   Operation 594 'specregionbegin' 'rbegin81' <Predicate = true> <Delay = 0.00>
ST_4 : Operation 595 [1/3] (0.00ns) (grouped into DSP with root node add_ln1839_78)   --->   "%product_q20_179 = mul i32 %sext_ln1625_109, i32 %sext_ln1625_108" [H:/subband_ref_q610_opt_stage4_latency_stepL2.cpp:1625->H:/subband_ref_q610_opt_stage4_latency_stepL2.cpp:1839->H:/subband_ref_q610_opt_stage4_latency_stepL2.cpp:1866]   --->   Operation 595 'mul' 'product_q20_179' <Predicate = true> <Delay = 0.00> <CoreInst = "DSP48">   --->   Core 119 'DSP48' <Latency = 2> <II = 1> <Delay = 3.88> <IPBlock> <Opcode : '' 'add' 'sub' 'mul' 'select'> <InPorts = 0> <OutPorts = 1> <Sync> <CReg>
ST_4 : Operation 596 [1/1] (0.00ns)   --->   "%specfucore_ln1624 = specfucore void @_ssdm_op_SpecFUCore, i32 %product_q20_179, i64 12, i64 3, i64 2" [H:/subband_ref_q610_opt_stage4_latency_stepL2.cpp:1624->H:/subband_ref_q610_opt_stage4_latency_stepL2.cpp:1839->H:/subband_ref_q610_opt_stage4_latency_stepL2.cpp:1866]   --->   Operation 596 'specfucore' 'specfucore_ln1624' <Predicate = true> <Delay = 0.00>
ST_4 : Operation 597 [1/1] (0.00ns) (grouped into DSP with root node add_ln1839_78)   --->   "%sext_ln1623_79 = sext i32 %product_q20_179" [H:/subband_ref_q610_opt_stage4_latency_stepL2.cpp:1623->H:/subband_ref_q610_opt_stage4_latency_stepL2.cpp:1839->H:/subband_ref_q610_opt_stage4_latency_stepL2.cpp:1866]   --->   Operation 597 'sext' 'sext_ln1623_79' <Predicate = true> <Delay = 0.00>
ST_4 : Operation 598 [1/1] (0.00ns)   --->   "%rend875 = specregionend i32 @_ssdm_op_SpecRegionEnd, void @empty_163, i32 %rbegin81" [H:/subband_ref_q610_opt_stage4_latency_stepL2.cpp:1625->H:/subband_ref_q610_opt_stage4_latency_stepL2.cpp:1839->H:/subband_ref_q610_opt_stage4_latency_stepL2.cpp:1866]   --->   Operation 598 'specregionend' 'rend875' <Predicate = true> <Delay = 0.00>
ST_4 : Operation 599 [1/1] (3.02ns) (root node of the DSP)   --->   "%add_ln1839_78 = add i34 %sext_ln1623_79, i34 %p_load272" [H:/subband_ref_q610_opt_stage4_latency_stepL2.cpp:1839->H:/subband_ref_q610_opt_stage4_latency_stepL2.cpp:1866]   --->   Operation 599 'add' 'add_ln1839_78' <Predicate = true> <Delay = 3.02> <CoreInst = "DSP48">   --->   Core 119 'DSP48' <Latency = 2> <II = 1> <Delay = 3.88> <IPBlock> <Opcode : '' 'add' 'sub' 'mul' 'select'> <InPorts = 0> <OutPorts = 1> <Sync> <CReg>
ST_4 : Operation 600 [1/1] (0.00ns)   --->   "%rbegin82 = specregionbegin i32 @_ssdm_op_SpecRegionBegin, void @empty_162" [H:/subband_ref_q610_opt_stage4_latency_stepL2.cpp:1623->H:/subband_ref_q610_opt_stage4_latency_stepL2.cpp:1839->H:/subband_ref_q610_opt_stage4_latency_stepL2.cpp:1866]   --->   Operation 600 'specregionbegin' 'rbegin82' <Predicate = true> <Delay = 0.00>
ST_4 : Operation 601 [1/3] (0.00ns) (grouped into DSP with root node add_ln1839_79)   --->   "%product_q20_180 = mul i32 %sext_ln1625_111, i32 %sext_ln1625_110" [H:/subband_ref_q610_opt_stage4_latency_stepL2.cpp:1625->H:/subband_ref_q610_opt_stage4_latency_stepL2.cpp:1839->H:/subband_ref_q610_opt_stage4_latency_stepL2.cpp:1866]   --->   Operation 601 'mul' 'product_q20_180' <Predicate = true> <Delay = 0.00> <CoreInst = "DSP48">   --->   Core 119 'DSP48' <Latency = 2> <II = 1> <Delay = 3.88> <IPBlock> <Opcode : '' 'add' 'sub' 'mul' 'select'> <InPorts = 0> <OutPorts = 1> <Sync> <CReg>
ST_4 : Operation 602 [1/1] (0.00ns)   --->   "%specfucore_ln1624 = specfucore void @_ssdm_op_SpecFUCore, i32 %product_q20_180, i64 12, i64 3, i64 2" [H:/subband_ref_q610_opt_stage4_latency_stepL2.cpp:1624->H:/subband_ref_q610_opt_stage4_latency_stepL2.cpp:1839->H:/subband_ref_q610_opt_stage4_latency_stepL2.cpp:1866]   --->   Operation 602 'specfucore' 'specfucore_ln1624' <Predicate = true> <Delay = 0.00>
ST_4 : Operation 603 [1/1] (0.00ns) (grouped into DSP with root node add_ln1839_79)   --->   "%sext_ln1623_80 = sext i32 %product_q20_180" [H:/subband_ref_q610_opt_stage4_latency_stepL2.cpp:1623->H:/subband_ref_q610_opt_stage4_latency_stepL2.cpp:1839->H:/subband_ref_q610_opt_stage4_latency_stepL2.cpp:1866]   --->   Operation 603 'sext' 'sext_ln1623_80' <Predicate = true> <Delay = 0.00>
ST_4 : Operation 604 [1/1] (0.00ns)   --->   "%rend873 = specregionend i32 @_ssdm_op_SpecRegionEnd, void @empty_162, i32 %rbegin82" [H:/subband_ref_q610_opt_stage4_latency_stepL2.cpp:1625->H:/subband_ref_q610_opt_stage4_latency_stepL2.cpp:1839->H:/subband_ref_q610_opt_stage4_latency_stepL2.cpp:1866]   --->   Operation 604 'specregionend' 'rend873' <Predicate = true> <Delay = 0.00>
ST_4 : Operation 605 [1/1] (3.02ns) (root node of the DSP)   --->   "%add_ln1839_79 = add i34 %sext_ln1623_80, i34 %p_load270" [H:/subband_ref_q610_opt_stage4_latency_stepL2.cpp:1839->H:/subband_ref_q610_opt_stage4_latency_stepL2.cpp:1866]   --->   Operation 605 'add' 'add_ln1839_79' <Predicate = true> <Delay = 3.02> <CoreInst = "DSP48">   --->   Core 119 'DSP48' <Latency = 2> <II = 1> <Delay = 3.88> <IPBlock> <Opcode : '' 'add' 'sub' 'mul' 'select'> <InPorts = 0> <OutPorts = 1> <Sync> <CReg>
ST_4 : Operation 606 [1/1] (0.00ns)   --->   "%rbegin83 = specregionbegin i32 @_ssdm_op_SpecRegionBegin, void @empty_161" [H:/subband_ref_q610_opt_stage4_latency_stepL2.cpp:1623->H:/subband_ref_q610_opt_stage4_latency_stepL2.cpp:1839->H:/subband_ref_q610_opt_stage4_latency_stepL2.cpp:1866]   --->   Operation 606 'specregionbegin' 'rbegin83' <Predicate = true> <Delay = 0.00>
ST_4 : Operation 607 [1/3] (0.00ns) (grouped into DSP with root node add_ln1839_80)   --->   "%product_q20_181 = mul i32 %sext_ln1625_113, i32 %sext_ln1625_112" [H:/subband_ref_q610_opt_stage4_latency_stepL2.cpp:1625->H:/subband_ref_q610_opt_stage4_latency_stepL2.cpp:1839->H:/subband_ref_q610_opt_stage4_latency_stepL2.cpp:1866]   --->   Operation 607 'mul' 'product_q20_181' <Predicate = true> <Delay = 0.00> <CoreInst = "DSP48">   --->   Core 119 'DSP48' <Latency = 2> <II = 1> <Delay = 3.88> <IPBlock> <Opcode : '' 'add' 'sub' 'mul' 'select'> <InPorts = 0> <OutPorts = 1> <Sync> <CReg>
ST_4 : Operation 608 [1/1] (0.00ns)   --->   "%specfucore_ln1624 = specfucore void @_ssdm_op_SpecFUCore, i32 %product_q20_181, i64 12, i64 3, i64 2" [H:/subband_ref_q610_opt_stage4_latency_stepL2.cpp:1624->H:/subband_ref_q610_opt_stage4_latency_stepL2.cpp:1839->H:/subband_ref_q610_opt_stage4_latency_stepL2.cpp:1866]   --->   Operation 608 'specfucore' 'specfucore_ln1624' <Predicate = true> <Delay = 0.00>
ST_4 : Operation 609 [1/1] (0.00ns) (grouped into DSP with root node add_ln1839_80)   --->   "%sext_ln1623_81 = sext i32 %product_q20_181" [H:/subband_ref_q610_opt_stage4_latency_stepL2.cpp:1623->H:/subband_ref_q610_opt_stage4_latency_stepL2.cpp:1839->H:/subband_ref_q610_opt_stage4_latency_stepL2.cpp:1866]   --->   Operation 609 'sext' 'sext_ln1623_81' <Predicate = true> <Delay = 0.00>
ST_4 : Operation 610 [1/1] (0.00ns)   --->   "%rend871 = specregionend i32 @_ssdm_op_SpecRegionEnd, void @empty_161, i32 %rbegin83" [H:/subband_ref_q610_opt_stage4_latency_stepL2.cpp:1625->H:/subband_ref_q610_opt_stage4_latency_stepL2.cpp:1839->H:/subband_ref_q610_opt_stage4_latency_stepL2.cpp:1866]   --->   Operation 610 'specregionend' 'rend871' <Predicate = true> <Delay = 0.00>
ST_4 : Operation 611 [1/1] (3.02ns) (root node of the DSP)   --->   "%add_ln1839_80 = add i34 %sext_ln1623_81, i34 %p_load268" [H:/subband_ref_q610_opt_stage4_latency_stepL2.cpp:1839->H:/subband_ref_q610_opt_stage4_latency_stepL2.cpp:1866]   --->   Operation 611 'add' 'add_ln1839_80' <Predicate = true> <Delay = 3.02> <CoreInst = "DSP48">   --->   Core 119 'DSP48' <Latency = 2> <II = 1> <Delay = 3.88> <IPBlock> <Opcode : '' 'add' 'sub' 'mul' 'select'> <InPorts = 0> <OutPorts = 1> <Sync> <CReg>
ST_4 : Operation 612 [1/1] (0.00ns)   --->   "%rbegin84 = specregionbegin i32 @_ssdm_op_SpecRegionBegin, void @empty_160" [H:/subband_ref_q610_opt_stage4_latency_stepL2.cpp:1623->H:/subband_ref_q610_opt_stage4_latency_stepL2.cpp:1839->H:/subband_ref_q610_opt_stage4_latency_stepL2.cpp:1866]   --->   Operation 612 'specregionbegin' 'rbegin84' <Predicate = true> <Delay = 0.00>
ST_4 : Operation 613 [1/3] (0.00ns) (grouped into DSP with root node add_ln1839_81)   --->   "%product_q20_182 = mul i32 %sext_ln1625_115, i32 %sext_ln1625_114" [H:/subband_ref_q610_opt_stage4_latency_stepL2.cpp:1625->H:/subband_ref_q610_opt_stage4_latency_stepL2.cpp:1839->H:/subband_ref_q610_opt_stage4_latency_stepL2.cpp:1866]   --->   Operation 613 'mul' 'product_q20_182' <Predicate = true> <Delay = 0.00> <CoreInst = "DSP48">   --->   Core 119 'DSP48' <Latency = 2> <II = 1> <Delay = 3.88> <IPBlock> <Opcode : '' 'add' 'sub' 'mul' 'select'> <InPorts = 0> <OutPorts = 1> <Sync> <CReg>
ST_4 : Operation 614 [1/1] (0.00ns)   --->   "%specfucore_ln1624 = specfucore void @_ssdm_op_SpecFUCore, i32 %product_q20_182, i64 12, i64 3, i64 2" [H:/subband_ref_q610_opt_stage4_latency_stepL2.cpp:1624->H:/subband_ref_q610_opt_stage4_latency_stepL2.cpp:1839->H:/subband_ref_q610_opt_stage4_latency_stepL2.cpp:1866]   --->   Operation 614 'specfucore' 'specfucore_ln1624' <Predicate = true> <Delay = 0.00>
ST_4 : Operation 615 [1/1] (0.00ns) (grouped into DSP with root node add_ln1839_81)   --->   "%sext_ln1623_82 = sext i32 %product_q20_182" [H:/subband_ref_q610_opt_stage4_latency_stepL2.cpp:1623->H:/subband_ref_q610_opt_stage4_latency_stepL2.cpp:1839->H:/subband_ref_q610_opt_stage4_latency_stepL2.cpp:1866]   --->   Operation 615 'sext' 'sext_ln1623_82' <Predicate = true> <Delay = 0.00>
ST_4 : Operation 616 [1/1] (0.00ns)   --->   "%rend869 = specregionend i32 @_ssdm_op_SpecRegionEnd, void @empty_160, i32 %rbegin84" [H:/subband_ref_q610_opt_stage4_latency_stepL2.cpp:1625->H:/subband_ref_q610_opt_stage4_latency_stepL2.cpp:1839->H:/subband_ref_q610_opt_stage4_latency_stepL2.cpp:1866]   --->   Operation 616 'specregionend' 'rend869' <Predicate = true> <Delay = 0.00>
ST_4 : Operation 617 [1/1] (3.02ns) (root node of the DSP)   --->   "%add_ln1839_81 = add i34 %sext_ln1623_82, i34 %p_load266" [H:/subband_ref_q610_opt_stage4_latency_stepL2.cpp:1839->H:/subband_ref_q610_opt_stage4_latency_stepL2.cpp:1866]   --->   Operation 617 'add' 'add_ln1839_81' <Predicate = true> <Delay = 3.02> <CoreInst = "DSP48">   --->   Core 119 'DSP48' <Latency = 2> <II = 1> <Delay = 3.88> <IPBlock> <Opcode : '' 'add' 'sub' 'mul' 'select'> <InPorts = 0> <OutPorts = 1> <Sync> <CReg>
ST_4 : Operation 618 [1/1] (0.00ns)   --->   "%rbegin85 = specregionbegin i32 @_ssdm_op_SpecRegionBegin, void @empty_159" [H:/subband_ref_q610_opt_stage4_latency_stepL2.cpp:1623->H:/subband_ref_q610_opt_stage4_latency_stepL2.cpp:1839->H:/subband_ref_q610_opt_stage4_latency_stepL2.cpp:1866]   --->   Operation 618 'specregionbegin' 'rbegin85' <Predicate = true> <Delay = 0.00>
ST_4 : Operation 619 [1/3] (0.00ns) (grouped into DSP with root node add_ln1839_82)   --->   "%product_q20_183 = mul i32 %sext_ln1625_117, i32 %sext_ln1625_116" [H:/subband_ref_q610_opt_stage4_latency_stepL2.cpp:1625->H:/subband_ref_q610_opt_stage4_latency_stepL2.cpp:1839->H:/subband_ref_q610_opt_stage4_latency_stepL2.cpp:1866]   --->   Operation 619 'mul' 'product_q20_183' <Predicate = true> <Delay = 0.00> <CoreInst = "DSP48">   --->   Core 119 'DSP48' <Latency = 2> <II = 1> <Delay = 3.88> <IPBlock> <Opcode : '' 'add' 'sub' 'mul' 'select'> <InPorts = 0> <OutPorts = 1> <Sync> <CReg>
ST_4 : Operation 620 [1/1] (0.00ns)   --->   "%specfucore_ln1624 = specfucore void @_ssdm_op_SpecFUCore, i32 %product_q20_183, i64 12, i64 3, i64 2" [H:/subband_ref_q610_opt_stage4_latency_stepL2.cpp:1624->H:/subband_ref_q610_opt_stage4_latency_stepL2.cpp:1839->H:/subband_ref_q610_opt_stage4_latency_stepL2.cpp:1866]   --->   Operation 620 'specfucore' 'specfucore_ln1624' <Predicate = true> <Delay = 0.00>
ST_4 : Operation 621 [1/1] (0.00ns) (grouped into DSP with root node add_ln1839_82)   --->   "%sext_ln1623_83 = sext i32 %product_q20_183" [H:/subband_ref_q610_opt_stage4_latency_stepL2.cpp:1623->H:/subband_ref_q610_opt_stage4_latency_stepL2.cpp:1839->H:/subband_ref_q610_opt_stage4_latency_stepL2.cpp:1866]   --->   Operation 621 'sext' 'sext_ln1623_83' <Predicate = true> <Delay = 0.00>
ST_4 : Operation 622 [1/1] (0.00ns)   --->   "%rend867 = specregionend i32 @_ssdm_op_SpecRegionEnd, void @empty_159, i32 %rbegin85" [H:/subband_ref_q610_opt_stage4_latency_stepL2.cpp:1625->H:/subband_ref_q610_opt_stage4_latency_stepL2.cpp:1839->H:/subband_ref_q610_opt_stage4_latency_stepL2.cpp:1866]   --->   Operation 622 'specregionend' 'rend867' <Predicate = true> <Delay = 0.00>
ST_4 : Operation 623 [1/1] (3.02ns) (root node of the DSP)   --->   "%add_ln1839_82 = add i34 %sext_ln1623_83, i34 %p_load264" [H:/subband_ref_q610_opt_stage4_latency_stepL2.cpp:1839->H:/subband_ref_q610_opt_stage4_latency_stepL2.cpp:1866]   --->   Operation 623 'add' 'add_ln1839_82' <Predicate = true> <Delay = 3.02> <CoreInst = "DSP48">   --->   Core 119 'DSP48' <Latency = 2> <II = 1> <Delay = 3.88> <IPBlock> <Opcode : '' 'add' 'sub' 'mul' 'select'> <InPorts = 0> <OutPorts = 1> <Sync> <CReg>
ST_4 : Operation 624 [1/1] (0.00ns)   --->   "%rbegin86 = specregionbegin i32 @_ssdm_op_SpecRegionBegin, void @empty_158" [H:/subband_ref_q610_opt_stage4_latency_stepL2.cpp:1623->H:/subband_ref_q610_opt_stage4_latency_stepL2.cpp:1839->H:/subband_ref_q610_opt_stage4_latency_stepL2.cpp:1866]   --->   Operation 624 'specregionbegin' 'rbegin86' <Predicate = true> <Delay = 0.00>
ST_4 : Operation 625 [1/3] (0.00ns) (grouped into DSP with root node add_ln1839_83)   --->   "%product_q20_184 = mul i32 %sext_ln1625_119, i32 %sext_ln1625_118" [H:/subband_ref_q610_opt_stage4_latency_stepL2.cpp:1625->H:/subband_ref_q610_opt_stage4_latency_stepL2.cpp:1839->H:/subband_ref_q610_opt_stage4_latency_stepL2.cpp:1866]   --->   Operation 625 'mul' 'product_q20_184' <Predicate = true> <Delay = 0.00> <CoreInst = "DSP48">   --->   Core 119 'DSP48' <Latency = 2> <II = 1> <Delay = 3.88> <IPBlock> <Opcode : '' 'add' 'sub' 'mul' 'select'> <InPorts = 0> <OutPorts = 1> <Sync> <CReg>
ST_4 : Operation 626 [1/1] (0.00ns)   --->   "%specfucore_ln1624 = specfucore void @_ssdm_op_SpecFUCore, i32 %product_q20_184, i64 12, i64 3, i64 2" [H:/subband_ref_q610_opt_stage4_latency_stepL2.cpp:1624->H:/subband_ref_q610_opt_stage4_latency_stepL2.cpp:1839->H:/subband_ref_q610_opt_stage4_latency_stepL2.cpp:1866]   --->   Operation 626 'specfucore' 'specfucore_ln1624' <Predicate = true> <Delay = 0.00>
ST_4 : Operation 627 [1/1] (0.00ns) (grouped into DSP with root node add_ln1839_83)   --->   "%sext_ln1623_84 = sext i32 %product_q20_184" [H:/subband_ref_q610_opt_stage4_latency_stepL2.cpp:1623->H:/subband_ref_q610_opt_stage4_latency_stepL2.cpp:1839->H:/subband_ref_q610_opt_stage4_latency_stepL2.cpp:1866]   --->   Operation 627 'sext' 'sext_ln1623_84' <Predicate = true> <Delay = 0.00>
ST_4 : Operation 628 [1/1] (0.00ns)   --->   "%rend865 = specregionend i32 @_ssdm_op_SpecRegionEnd, void @empty_158, i32 %rbegin86" [H:/subband_ref_q610_opt_stage4_latency_stepL2.cpp:1625->H:/subband_ref_q610_opt_stage4_latency_stepL2.cpp:1839->H:/subband_ref_q610_opt_stage4_latency_stepL2.cpp:1866]   --->   Operation 628 'specregionend' 'rend865' <Predicate = true> <Delay = 0.00>
ST_4 : Operation 629 [1/1] (3.02ns) (root node of the DSP)   --->   "%add_ln1839_83 = add i34 %sext_ln1623_84, i34 %p_load262" [H:/subband_ref_q610_opt_stage4_latency_stepL2.cpp:1839->H:/subband_ref_q610_opt_stage4_latency_stepL2.cpp:1866]   --->   Operation 629 'add' 'add_ln1839_83' <Predicate = true> <Delay = 3.02> <CoreInst = "DSP48">   --->   Core 119 'DSP48' <Latency = 2> <II = 1> <Delay = 3.88> <IPBlock> <Opcode : '' 'add' 'sub' 'mul' 'select'> <InPorts = 0> <OutPorts = 1> <Sync> <CReg>
ST_4 : Operation 630 [1/1] (0.00ns)   --->   "%rbegin87 = specregionbegin i32 @_ssdm_op_SpecRegionBegin, void @empty_157" [H:/subband_ref_q610_opt_stage4_latency_stepL2.cpp:1623->H:/subband_ref_q610_opt_stage4_latency_stepL2.cpp:1839->H:/subband_ref_q610_opt_stage4_latency_stepL2.cpp:1866]   --->   Operation 630 'specregionbegin' 'rbegin87' <Predicate = true> <Delay = 0.00>
ST_4 : Operation 631 [1/3] (0.00ns) (grouped into DSP with root node add_ln1839_84)   --->   "%product_q20_185 = mul i32 %sext_ln1625_121, i32 %sext_ln1625_120" [H:/subband_ref_q610_opt_stage4_latency_stepL2.cpp:1625->H:/subband_ref_q610_opt_stage4_latency_stepL2.cpp:1839->H:/subband_ref_q610_opt_stage4_latency_stepL2.cpp:1866]   --->   Operation 631 'mul' 'product_q20_185' <Predicate = true> <Delay = 0.00> <CoreInst = "DSP48">   --->   Core 119 'DSP48' <Latency = 2> <II = 1> <Delay = 3.88> <IPBlock> <Opcode : '' 'add' 'sub' 'mul' 'select'> <InPorts = 0> <OutPorts = 1> <Sync> <CReg>
ST_4 : Operation 632 [1/1] (0.00ns)   --->   "%specfucore_ln1624 = specfucore void @_ssdm_op_SpecFUCore, i32 %product_q20_185, i64 12, i64 3, i64 2" [H:/subband_ref_q610_opt_stage4_latency_stepL2.cpp:1624->H:/subband_ref_q610_opt_stage4_latency_stepL2.cpp:1839->H:/subband_ref_q610_opt_stage4_latency_stepL2.cpp:1866]   --->   Operation 632 'specfucore' 'specfucore_ln1624' <Predicate = true> <Delay = 0.00>
ST_4 : Operation 633 [1/1] (0.00ns) (grouped into DSP with root node add_ln1839_84)   --->   "%sext_ln1623_85 = sext i32 %product_q20_185" [H:/subband_ref_q610_opt_stage4_latency_stepL2.cpp:1623->H:/subband_ref_q610_opt_stage4_latency_stepL2.cpp:1839->H:/subband_ref_q610_opt_stage4_latency_stepL2.cpp:1866]   --->   Operation 633 'sext' 'sext_ln1623_85' <Predicate = true> <Delay = 0.00>
ST_4 : Operation 634 [1/1] (0.00ns)   --->   "%rend863 = specregionend i32 @_ssdm_op_SpecRegionEnd, void @empty_157, i32 %rbegin87" [H:/subband_ref_q610_opt_stage4_latency_stepL2.cpp:1625->H:/subband_ref_q610_opt_stage4_latency_stepL2.cpp:1839->H:/subband_ref_q610_opt_stage4_latency_stepL2.cpp:1866]   --->   Operation 634 'specregionend' 'rend863' <Predicate = true> <Delay = 0.00>
ST_4 : Operation 635 [1/1] (3.02ns) (root node of the DSP)   --->   "%add_ln1839_84 = add i34 %sext_ln1623_85, i34 %p_load260" [H:/subband_ref_q610_opt_stage4_latency_stepL2.cpp:1839->H:/subband_ref_q610_opt_stage4_latency_stepL2.cpp:1866]   --->   Operation 635 'add' 'add_ln1839_84' <Predicate = true> <Delay = 3.02> <CoreInst = "DSP48">   --->   Core 119 'DSP48' <Latency = 2> <II = 1> <Delay = 3.88> <IPBlock> <Opcode : '' 'add' 'sub' 'mul' 'select'> <InPorts = 0> <OutPorts = 1> <Sync> <CReg>
ST_4 : Operation 636 [1/1] (0.00ns)   --->   "%rbegin88 = specregionbegin i32 @_ssdm_op_SpecRegionBegin, void @empty_6" [H:/subband_ref_q610_opt_stage4_latency_stepL2.cpp:1623->H:/subband_ref_q610_opt_stage4_latency_stepL2.cpp:1839->H:/subband_ref_q610_opt_stage4_latency_stepL2.cpp:1866]   --->   Operation 636 'specregionbegin' 'rbegin88' <Predicate = true> <Delay = 0.00>
ST_4 : Operation 637 [1/3] (0.00ns) (grouped into DSP with root node add_ln1839_85)   --->   "%product_q20_186 = mul i32 %sext_ln1625_123, i32 %sext_ln1625_122" [H:/subband_ref_q610_opt_stage4_latency_stepL2.cpp:1625->H:/subband_ref_q610_opt_stage4_latency_stepL2.cpp:1839->H:/subband_ref_q610_opt_stage4_latency_stepL2.cpp:1866]   --->   Operation 637 'mul' 'product_q20_186' <Predicate = true> <Delay = 0.00> <CoreInst = "DSP48">   --->   Core 119 'DSP48' <Latency = 2> <II = 1> <Delay = 3.88> <IPBlock> <Opcode : '' 'add' 'sub' 'mul' 'select'> <InPorts = 0> <OutPorts = 1> <Sync> <CReg>
ST_4 : Operation 638 [1/1] (0.00ns)   --->   "%specfucore_ln1624 = specfucore void @_ssdm_op_SpecFUCore, i32 %product_q20_186, i64 12, i64 3, i64 2" [H:/subband_ref_q610_opt_stage4_latency_stepL2.cpp:1624->H:/subband_ref_q610_opt_stage4_latency_stepL2.cpp:1839->H:/subband_ref_q610_opt_stage4_latency_stepL2.cpp:1866]   --->   Operation 638 'specfucore' 'specfucore_ln1624' <Predicate = true> <Delay = 0.00>
ST_4 : Operation 639 [1/1] (0.00ns) (grouped into DSP with root node add_ln1839_85)   --->   "%sext_ln1623_86 = sext i32 %product_q20_186" [H:/subband_ref_q610_opt_stage4_latency_stepL2.cpp:1623->H:/subband_ref_q610_opt_stage4_latency_stepL2.cpp:1839->H:/subband_ref_q610_opt_stage4_latency_stepL2.cpp:1866]   --->   Operation 639 'sext' 'sext_ln1623_86' <Predicate = true> <Delay = 0.00>
ST_4 : Operation 640 [1/1] (0.00ns)   --->   "%rend861 = specregionend i32 @_ssdm_op_SpecRegionEnd, void @empty_6, i32 %rbegin88" [H:/subband_ref_q610_opt_stage4_latency_stepL2.cpp:1625->H:/subband_ref_q610_opt_stage4_latency_stepL2.cpp:1839->H:/subband_ref_q610_opt_stage4_latency_stepL2.cpp:1866]   --->   Operation 640 'specregionend' 'rend861' <Predicate = true> <Delay = 0.00>
ST_4 : Operation 641 [1/1] (3.02ns) (root node of the DSP)   --->   "%add_ln1839_85 = add i34 %sext_ln1623_86, i34 %p_load258" [H:/subband_ref_q610_opt_stage4_latency_stepL2.cpp:1839->H:/subband_ref_q610_opt_stage4_latency_stepL2.cpp:1866]   --->   Operation 641 'add' 'add_ln1839_85' <Predicate = true> <Delay = 3.02> <CoreInst = "DSP48">   --->   Core 119 'DSP48' <Latency = 2> <II = 1> <Delay = 3.88> <IPBlock> <Opcode : '' 'add' 'sub' 'mul' 'select'> <InPorts = 0> <OutPorts = 1> <Sync> <CReg>
ST_4 : Operation 642 [1/1] (0.00ns)   --->   "%rbegin89 = specregionbegin i32 @_ssdm_op_SpecRegionBegin, void @empty_155" [H:/subband_ref_q610_opt_stage4_latency_stepL2.cpp:1623->H:/subband_ref_q610_opt_stage4_latency_stepL2.cpp:1839->H:/subband_ref_q610_opt_stage4_latency_stepL2.cpp:1866]   --->   Operation 642 'specregionbegin' 'rbegin89' <Predicate = true> <Delay = 0.00>
ST_4 : Operation 643 [1/3] (0.00ns) (grouped into DSP with root node add_ln1839_86)   --->   "%product_q20_187 = mul i32 %sext_ln1625_125, i32 %sext_ln1625_124" [H:/subband_ref_q610_opt_stage4_latency_stepL2.cpp:1625->H:/subband_ref_q610_opt_stage4_latency_stepL2.cpp:1839->H:/subband_ref_q610_opt_stage4_latency_stepL2.cpp:1866]   --->   Operation 643 'mul' 'product_q20_187' <Predicate = true> <Delay = 0.00> <CoreInst = "DSP48">   --->   Core 119 'DSP48' <Latency = 2> <II = 1> <Delay = 3.88> <IPBlock> <Opcode : '' 'add' 'sub' 'mul' 'select'> <InPorts = 0> <OutPorts = 1> <Sync> <CReg>
ST_4 : Operation 644 [1/1] (0.00ns)   --->   "%specfucore_ln1624 = specfucore void @_ssdm_op_SpecFUCore, i32 %product_q20_187, i64 12, i64 3, i64 2" [H:/subband_ref_q610_opt_stage4_latency_stepL2.cpp:1624->H:/subband_ref_q610_opt_stage4_latency_stepL2.cpp:1839->H:/subband_ref_q610_opt_stage4_latency_stepL2.cpp:1866]   --->   Operation 644 'specfucore' 'specfucore_ln1624' <Predicate = true> <Delay = 0.00>
ST_4 : Operation 645 [1/1] (0.00ns) (grouped into DSP with root node add_ln1839_86)   --->   "%sext_ln1623_87 = sext i32 %product_q20_187" [H:/subband_ref_q610_opt_stage4_latency_stepL2.cpp:1623->H:/subband_ref_q610_opt_stage4_latency_stepL2.cpp:1839->H:/subband_ref_q610_opt_stage4_latency_stepL2.cpp:1866]   --->   Operation 645 'sext' 'sext_ln1623_87' <Predicate = true> <Delay = 0.00>
ST_4 : Operation 646 [1/1] (0.00ns)   --->   "%rend859 = specregionend i32 @_ssdm_op_SpecRegionEnd, void @empty_155, i32 %rbegin89" [H:/subband_ref_q610_opt_stage4_latency_stepL2.cpp:1625->H:/subband_ref_q610_opt_stage4_latency_stepL2.cpp:1839->H:/subband_ref_q610_opt_stage4_latency_stepL2.cpp:1866]   --->   Operation 646 'specregionend' 'rend859' <Predicate = true> <Delay = 0.00>
ST_4 : Operation 647 [1/1] (3.02ns) (root node of the DSP)   --->   "%add_ln1839_86 = add i34 %sext_ln1623_87, i34 %p_load256" [H:/subband_ref_q610_opt_stage4_latency_stepL2.cpp:1839->H:/subband_ref_q610_opt_stage4_latency_stepL2.cpp:1866]   --->   Operation 647 'add' 'add_ln1839_86' <Predicate = true> <Delay = 3.02> <CoreInst = "DSP48">   --->   Core 119 'DSP48' <Latency = 2> <II = 1> <Delay = 3.88> <IPBlock> <Opcode : '' 'add' 'sub' 'mul' 'select'> <InPorts = 0> <OutPorts = 1> <Sync> <CReg>
ST_4 : Operation 648 [1/1] (0.00ns)   --->   "%rbegin90 = specregionbegin i32 @_ssdm_op_SpecRegionBegin, void @empty_154" [H:/subband_ref_q610_opt_stage4_latency_stepL2.cpp:1623->H:/subband_ref_q610_opt_stage4_latency_stepL2.cpp:1839->H:/subband_ref_q610_opt_stage4_latency_stepL2.cpp:1866]   --->   Operation 648 'specregionbegin' 'rbegin90' <Predicate = true> <Delay = 0.00>
ST_4 : Operation 649 [1/3] (0.00ns) (grouped into DSP with root node add_ln1839_87)   --->   "%product_q20_188 = mul i32 %sext_ln1625_127, i32 %sext_ln1625_126" [H:/subband_ref_q610_opt_stage4_latency_stepL2.cpp:1625->H:/subband_ref_q610_opt_stage4_latency_stepL2.cpp:1839->H:/subband_ref_q610_opt_stage4_latency_stepL2.cpp:1866]   --->   Operation 649 'mul' 'product_q20_188' <Predicate = true> <Delay = 0.00> <CoreInst = "DSP48">   --->   Core 119 'DSP48' <Latency = 2> <II = 1> <Delay = 3.88> <IPBlock> <Opcode : '' 'add' 'sub' 'mul' 'select'> <InPorts = 0> <OutPorts = 1> <Sync> <CReg>
ST_4 : Operation 650 [1/1] (0.00ns)   --->   "%specfucore_ln1624 = specfucore void @_ssdm_op_SpecFUCore, i32 %product_q20_188, i64 12, i64 3, i64 2" [H:/subband_ref_q610_opt_stage4_latency_stepL2.cpp:1624->H:/subband_ref_q610_opt_stage4_latency_stepL2.cpp:1839->H:/subband_ref_q610_opt_stage4_latency_stepL2.cpp:1866]   --->   Operation 650 'specfucore' 'specfucore_ln1624' <Predicate = true> <Delay = 0.00>
ST_4 : Operation 651 [1/1] (0.00ns) (grouped into DSP with root node add_ln1839_87)   --->   "%sext_ln1623_88 = sext i32 %product_q20_188" [H:/subband_ref_q610_opt_stage4_latency_stepL2.cpp:1623->H:/subband_ref_q610_opt_stage4_latency_stepL2.cpp:1839->H:/subband_ref_q610_opt_stage4_latency_stepL2.cpp:1866]   --->   Operation 651 'sext' 'sext_ln1623_88' <Predicate = true> <Delay = 0.00>
ST_4 : Operation 652 [1/1] (0.00ns)   --->   "%rend857 = specregionend i32 @_ssdm_op_SpecRegionEnd, void @empty_154, i32 %rbegin90" [H:/subband_ref_q610_opt_stage4_latency_stepL2.cpp:1625->H:/subband_ref_q610_opt_stage4_latency_stepL2.cpp:1839->H:/subband_ref_q610_opt_stage4_latency_stepL2.cpp:1866]   --->   Operation 652 'specregionend' 'rend857' <Predicate = true> <Delay = 0.00>
ST_4 : Operation 653 [1/1] (3.02ns) (root node of the DSP)   --->   "%add_ln1839_87 = add i34 %sext_ln1623_88, i34 %p_load254" [H:/subband_ref_q610_opt_stage4_latency_stepL2.cpp:1839->H:/subband_ref_q610_opt_stage4_latency_stepL2.cpp:1866]   --->   Operation 653 'add' 'add_ln1839_87' <Predicate = true> <Delay = 3.02> <CoreInst = "DSP48">   --->   Core 119 'DSP48' <Latency = 2> <II = 1> <Delay = 3.88> <IPBlock> <Opcode : '' 'add' 'sub' 'mul' 'select'> <InPorts = 0> <OutPorts = 1> <Sync> <CReg>
ST_4 : Operation 654 [1/1] (0.00ns)   --->   "%rbegin91 = specregionbegin i32 @_ssdm_op_SpecRegionBegin, void @empty_153" [H:/subband_ref_q610_opt_stage4_latency_stepL2.cpp:1623->H:/subband_ref_q610_opt_stage4_latency_stepL2.cpp:1839->H:/subband_ref_q610_opt_stage4_latency_stepL2.cpp:1866]   --->   Operation 654 'specregionbegin' 'rbegin91' <Predicate = true> <Delay = 0.00>
ST_4 : Operation 655 [1/3] (0.00ns) (grouped into DSP with root node add_ln1839_88)   --->   "%product_q20_189 = mul i32 %sext_ln1625_129, i32 %sext_ln1625_128" [H:/subband_ref_q610_opt_stage4_latency_stepL2.cpp:1625->H:/subband_ref_q610_opt_stage4_latency_stepL2.cpp:1839->H:/subband_ref_q610_opt_stage4_latency_stepL2.cpp:1866]   --->   Operation 655 'mul' 'product_q20_189' <Predicate = true> <Delay = 0.00> <CoreInst = "DSP48">   --->   Core 119 'DSP48' <Latency = 2> <II = 1> <Delay = 3.88> <IPBlock> <Opcode : '' 'add' 'sub' 'mul' 'select'> <InPorts = 0> <OutPorts = 1> <Sync> <CReg>
ST_4 : Operation 656 [1/1] (0.00ns)   --->   "%specfucore_ln1624 = specfucore void @_ssdm_op_SpecFUCore, i32 %product_q20_189, i64 12, i64 3, i64 2" [H:/subband_ref_q610_opt_stage4_latency_stepL2.cpp:1624->H:/subband_ref_q610_opt_stage4_latency_stepL2.cpp:1839->H:/subband_ref_q610_opt_stage4_latency_stepL2.cpp:1866]   --->   Operation 656 'specfucore' 'specfucore_ln1624' <Predicate = true> <Delay = 0.00>
ST_4 : Operation 657 [1/1] (0.00ns) (grouped into DSP with root node add_ln1839_88)   --->   "%sext_ln1623_89 = sext i32 %product_q20_189" [H:/subband_ref_q610_opt_stage4_latency_stepL2.cpp:1623->H:/subband_ref_q610_opt_stage4_latency_stepL2.cpp:1839->H:/subband_ref_q610_opt_stage4_latency_stepL2.cpp:1866]   --->   Operation 657 'sext' 'sext_ln1623_89' <Predicate = true> <Delay = 0.00>
ST_4 : Operation 658 [1/1] (0.00ns)   --->   "%rend855 = specregionend i32 @_ssdm_op_SpecRegionEnd, void @empty_153, i32 %rbegin91" [H:/subband_ref_q610_opt_stage4_latency_stepL2.cpp:1625->H:/subband_ref_q610_opt_stage4_latency_stepL2.cpp:1839->H:/subband_ref_q610_opt_stage4_latency_stepL2.cpp:1866]   --->   Operation 658 'specregionend' 'rend855' <Predicate = true> <Delay = 0.00>
ST_4 : Operation 659 [1/1] (3.02ns) (root node of the DSP)   --->   "%add_ln1839_88 = add i34 %sext_ln1623_89, i34 %p_load252" [H:/subband_ref_q610_opt_stage4_latency_stepL2.cpp:1839->H:/subband_ref_q610_opt_stage4_latency_stepL2.cpp:1866]   --->   Operation 659 'add' 'add_ln1839_88' <Predicate = true> <Delay = 3.02> <CoreInst = "DSP48">   --->   Core 119 'DSP48' <Latency = 2> <II = 1> <Delay = 3.88> <IPBlock> <Opcode : '' 'add' 'sub' 'mul' 'select'> <InPorts = 0> <OutPorts = 1> <Sync> <CReg>
ST_4 : Operation 660 [1/1] (0.00ns)   --->   "%rbegin92 = specregionbegin i32 @_ssdm_op_SpecRegionBegin, void @empty_152" [H:/subband_ref_q610_opt_stage4_latency_stepL2.cpp:1623->H:/subband_ref_q610_opt_stage4_latency_stepL2.cpp:1839->H:/subband_ref_q610_opt_stage4_latency_stepL2.cpp:1866]   --->   Operation 660 'specregionbegin' 'rbegin92' <Predicate = true> <Delay = 0.00>
ST_4 : Operation 661 [1/3] (0.00ns) (grouped into DSP with root node add_ln1839_89)   --->   "%product_q20_190 = mul i32 %sext_ln1625_131, i32 %sext_ln1625_130" [H:/subband_ref_q610_opt_stage4_latency_stepL2.cpp:1625->H:/subband_ref_q610_opt_stage4_latency_stepL2.cpp:1839->H:/subband_ref_q610_opt_stage4_latency_stepL2.cpp:1866]   --->   Operation 661 'mul' 'product_q20_190' <Predicate = true> <Delay = 0.00> <CoreInst = "DSP48">   --->   Core 119 'DSP48' <Latency = 2> <II = 1> <Delay = 3.88> <IPBlock> <Opcode : '' 'add' 'sub' 'mul' 'select'> <InPorts = 0> <OutPorts = 1> <Sync> <CReg>
ST_4 : Operation 662 [1/1] (0.00ns)   --->   "%specfucore_ln1624 = specfucore void @_ssdm_op_SpecFUCore, i32 %product_q20_190, i64 12, i64 3, i64 2" [H:/subband_ref_q610_opt_stage4_latency_stepL2.cpp:1624->H:/subband_ref_q610_opt_stage4_latency_stepL2.cpp:1839->H:/subband_ref_q610_opt_stage4_latency_stepL2.cpp:1866]   --->   Operation 662 'specfucore' 'specfucore_ln1624' <Predicate = true> <Delay = 0.00>
ST_4 : Operation 663 [1/1] (0.00ns) (grouped into DSP with root node add_ln1839_89)   --->   "%sext_ln1623_90 = sext i32 %product_q20_190" [H:/subband_ref_q610_opt_stage4_latency_stepL2.cpp:1623->H:/subband_ref_q610_opt_stage4_latency_stepL2.cpp:1839->H:/subband_ref_q610_opt_stage4_latency_stepL2.cpp:1866]   --->   Operation 663 'sext' 'sext_ln1623_90' <Predicate = true> <Delay = 0.00>
ST_4 : Operation 664 [1/1] (0.00ns)   --->   "%rend853 = specregionend i32 @_ssdm_op_SpecRegionEnd, void @empty_152, i32 %rbegin92" [H:/subband_ref_q610_opt_stage4_latency_stepL2.cpp:1625->H:/subband_ref_q610_opt_stage4_latency_stepL2.cpp:1839->H:/subband_ref_q610_opt_stage4_latency_stepL2.cpp:1866]   --->   Operation 664 'specregionend' 'rend853' <Predicate = true> <Delay = 0.00>
ST_4 : Operation 665 [1/1] (3.02ns) (root node of the DSP)   --->   "%add_ln1839_89 = add i34 %sext_ln1623_90, i34 %p_load250" [H:/subband_ref_q610_opt_stage4_latency_stepL2.cpp:1839->H:/subband_ref_q610_opt_stage4_latency_stepL2.cpp:1866]   --->   Operation 665 'add' 'add_ln1839_89' <Predicate = true> <Delay = 3.02> <CoreInst = "DSP48">   --->   Core 119 'DSP48' <Latency = 2> <II = 1> <Delay = 3.88> <IPBlock> <Opcode : '' 'add' 'sub' 'mul' 'select'> <InPorts = 0> <OutPorts = 1> <Sync> <CReg>
ST_4 : Operation 666 [1/1] (0.00ns)   --->   "%rbegin93 = specregionbegin i32 @_ssdm_op_SpecRegionBegin, void @empty_151" [H:/subband_ref_q610_opt_stage4_latency_stepL2.cpp:1623->H:/subband_ref_q610_opt_stage4_latency_stepL2.cpp:1839->H:/subband_ref_q610_opt_stage4_latency_stepL2.cpp:1866]   --->   Operation 666 'specregionbegin' 'rbegin93' <Predicate = true> <Delay = 0.00>
ST_4 : Operation 667 [1/3] (0.00ns) (grouped into DSP with root node add_ln1839_90)   --->   "%product_q20_191 = mul i32 %sext_ln1625_133, i32 %sext_ln1625_132" [H:/subband_ref_q610_opt_stage4_latency_stepL2.cpp:1625->H:/subband_ref_q610_opt_stage4_latency_stepL2.cpp:1839->H:/subband_ref_q610_opt_stage4_latency_stepL2.cpp:1866]   --->   Operation 667 'mul' 'product_q20_191' <Predicate = true> <Delay = 0.00> <CoreInst = "DSP48">   --->   Core 119 'DSP48' <Latency = 2> <II = 1> <Delay = 3.88> <IPBlock> <Opcode : '' 'add' 'sub' 'mul' 'select'> <InPorts = 0> <OutPorts = 1> <Sync> <CReg>
ST_4 : Operation 668 [1/1] (0.00ns)   --->   "%specfucore_ln1624 = specfucore void @_ssdm_op_SpecFUCore, i32 %product_q20_191, i64 12, i64 3, i64 2" [H:/subband_ref_q610_opt_stage4_latency_stepL2.cpp:1624->H:/subband_ref_q610_opt_stage4_latency_stepL2.cpp:1839->H:/subband_ref_q610_opt_stage4_latency_stepL2.cpp:1866]   --->   Operation 668 'specfucore' 'specfucore_ln1624' <Predicate = true> <Delay = 0.00>
ST_4 : Operation 669 [1/1] (0.00ns) (grouped into DSP with root node add_ln1839_90)   --->   "%sext_ln1623_91 = sext i32 %product_q20_191" [H:/subband_ref_q610_opt_stage4_latency_stepL2.cpp:1623->H:/subband_ref_q610_opt_stage4_latency_stepL2.cpp:1839->H:/subband_ref_q610_opt_stage4_latency_stepL2.cpp:1866]   --->   Operation 669 'sext' 'sext_ln1623_91' <Predicate = true> <Delay = 0.00>
ST_4 : Operation 670 [1/1] (0.00ns)   --->   "%rend851 = specregionend i32 @_ssdm_op_SpecRegionEnd, void @empty_151, i32 %rbegin93" [H:/subband_ref_q610_opt_stage4_latency_stepL2.cpp:1625->H:/subband_ref_q610_opt_stage4_latency_stepL2.cpp:1839->H:/subband_ref_q610_opt_stage4_latency_stepL2.cpp:1866]   --->   Operation 670 'specregionend' 'rend851' <Predicate = true> <Delay = 0.00>
ST_4 : Operation 671 [1/1] (3.02ns) (root node of the DSP)   --->   "%add_ln1839_90 = add i34 %sext_ln1623_91, i34 %p_load248" [H:/subband_ref_q610_opt_stage4_latency_stepL2.cpp:1839->H:/subband_ref_q610_opt_stage4_latency_stepL2.cpp:1866]   --->   Operation 671 'add' 'add_ln1839_90' <Predicate = true> <Delay = 3.02> <CoreInst = "DSP48">   --->   Core 119 'DSP48' <Latency = 2> <II = 1> <Delay = 3.88> <IPBlock> <Opcode : '' 'add' 'sub' 'mul' 'select'> <InPorts = 0> <OutPorts = 1> <Sync> <CReg>
ST_4 : Operation 672 [1/1] (0.00ns)   --->   "%rbegin94 = specregionbegin i32 @_ssdm_op_SpecRegionBegin, void @empty_2" [H:/subband_ref_q610_opt_stage4_latency_stepL2.cpp:1623->H:/subband_ref_q610_opt_stage4_latency_stepL2.cpp:1839->H:/subband_ref_q610_opt_stage4_latency_stepL2.cpp:1866]   --->   Operation 672 'specregionbegin' 'rbegin94' <Predicate = true> <Delay = 0.00>
ST_4 : Operation 673 [1/3] (0.00ns) (grouped into DSP with root node add_ln1839_91)   --->   "%product_q20_192 = mul i32 %sext_ln1625_135, i32 %sext_ln1625_134" [H:/subband_ref_q610_opt_stage4_latency_stepL2.cpp:1625->H:/subband_ref_q610_opt_stage4_latency_stepL2.cpp:1839->H:/subband_ref_q610_opt_stage4_latency_stepL2.cpp:1866]   --->   Operation 673 'mul' 'product_q20_192' <Predicate = true> <Delay = 0.00> <CoreInst = "DSP48">   --->   Core 119 'DSP48' <Latency = 2> <II = 1> <Delay = 3.88> <IPBlock> <Opcode : '' 'add' 'sub' 'mul' 'select'> <InPorts = 0> <OutPorts = 1> <Sync> <CReg>
ST_4 : Operation 674 [1/1] (0.00ns)   --->   "%specfucore_ln1624 = specfucore void @_ssdm_op_SpecFUCore, i32 %product_q20_192, i64 12, i64 3, i64 2" [H:/subband_ref_q610_opt_stage4_latency_stepL2.cpp:1624->H:/subband_ref_q610_opt_stage4_latency_stepL2.cpp:1839->H:/subband_ref_q610_opt_stage4_latency_stepL2.cpp:1866]   --->   Operation 674 'specfucore' 'specfucore_ln1624' <Predicate = true> <Delay = 0.00>
ST_4 : Operation 675 [1/1] (0.00ns) (grouped into DSP with root node add_ln1839_91)   --->   "%sext_ln1623_92 = sext i32 %product_q20_192" [H:/subband_ref_q610_opt_stage4_latency_stepL2.cpp:1623->H:/subband_ref_q610_opt_stage4_latency_stepL2.cpp:1839->H:/subband_ref_q610_opt_stage4_latency_stepL2.cpp:1866]   --->   Operation 675 'sext' 'sext_ln1623_92' <Predicate = true> <Delay = 0.00>
ST_4 : Operation 676 [1/1] (0.00ns)   --->   "%rend849 = specregionend i32 @_ssdm_op_SpecRegionEnd, void @empty_2, i32 %rbegin94" [H:/subband_ref_q610_opt_stage4_latency_stepL2.cpp:1625->H:/subband_ref_q610_opt_stage4_latency_stepL2.cpp:1839->H:/subband_ref_q610_opt_stage4_latency_stepL2.cpp:1866]   --->   Operation 676 'specregionend' 'rend849' <Predicate = true> <Delay = 0.00>
ST_4 : Operation 677 [1/1] (3.02ns) (root node of the DSP)   --->   "%add_ln1839_91 = add i34 %sext_ln1623_92, i34 %p_load246" [H:/subband_ref_q610_opt_stage4_latency_stepL2.cpp:1839->H:/subband_ref_q610_opt_stage4_latency_stepL2.cpp:1866]   --->   Operation 677 'add' 'add_ln1839_91' <Predicate = true> <Delay = 3.02> <CoreInst = "DSP48">   --->   Core 119 'DSP48' <Latency = 2> <II = 1> <Delay = 3.88> <IPBlock> <Opcode : '' 'add' 'sub' 'mul' 'select'> <InPorts = 0> <OutPorts = 1> <Sync> <CReg>
ST_4 : Operation 678 [1/1] (0.00ns)   --->   "%rbegin95 = specregionbegin i32 @_ssdm_op_SpecRegionBegin, void @empty_149" [H:/subband_ref_q610_opt_stage4_latency_stepL2.cpp:1623->H:/subband_ref_q610_opt_stage4_latency_stepL2.cpp:1839->H:/subband_ref_q610_opt_stage4_latency_stepL2.cpp:1866]   --->   Operation 678 'specregionbegin' 'rbegin95' <Predicate = true> <Delay = 0.00>
ST_4 : Operation 679 [1/3] (0.00ns) (grouped into DSP with root node add_ln1839_92)   --->   "%product_q20_193 = mul i32 %sext_ln1625_137, i32 %sext_ln1625_136" [H:/subband_ref_q610_opt_stage4_latency_stepL2.cpp:1625->H:/subband_ref_q610_opt_stage4_latency_stepL2.cpp:1839->H:/subband_ref_q610_opt_stage4_latency_stepL2.cpp:1866]   --->   Operation 679 'mul' 'product_q20_193' <Predicate = true> <Delay = 0.00> <CoreInst = "DSP48">   --->   Core 119 'DSP48' <Latency = 2> <II = 1> <Delay = 3.88> <IPBlock> <Opcode : '' 'add' 'sub' 'mul' 'select'> <InPorts = 0> <OutPorts = 1> <Sync> <CReg>
ST_4 : Operation 680 [1/1] (0.00ns)   --->   "%specfucore_ln1624 = specfucore void @_ssdm_op_SpecFUCore, i32 %product_q20_193, i64 12, i64 3, i64 2" [H:/subband_ref_q610_opt_stage4_latency_stepL2.cpp:1624->H:/subband_ref_q610_opt_stage4_latency_stepL2.cpp:1839->H:/subband_ref_q610_opt_stage4_latency_stepL2.cpp:1866]   --->   Operation 680 'specfucore' 'specfucore_ln1624' <Predicate = true> <Delay = 0.00>
ST_4 : Operation 681 [1/1] (0.00ns) (grouped into DSP with root node add_ln1839_92)   --->   "%sext_ln1623_93 = sext i32 %product_q20_193" [H:/subband_ref_q610_opt_stage4_latency_stepL2.cpp:1623->H:/subband_ref_q610_opt_stage4_latency_stepL2.cpp:1839->H:/subband_ref_q610_opt_stage4_latency_stepL2.cpp:1866]   --->   Operation 681 'sext' 'sext_ln1623_93' <Predicate = true> <Delay = 0.00>
ST_4 : Operation 682 [1/1] (0.00ns)   --->   "%rend847 = specregionend i32 @_ssdm_op_SpecRegionEnd, void @empty_149, i32 %rbegin95" [H:/subband_ref_q610_opt_stage4_latency_stepL2.cpp:1625->H:/subband_ref_q610_opt_stage4_latency_stepL2.cpp:1839->H:/subband_ref_q610_opt_stage4_latency_stepL2.cpp:1866]   --->   Operation 682 'specregionend' 'rend847' <Predicate = true> <Delay = 0.00>
ST_4 : Operation 683 [1/1] (3.02ns) (root node of the DSP)   --->   "%add_ln1839_92 = add i34 %sext_ln1623_93, i34 %p_load244" [H:/subband_ref_q610_opt_stage4_latency_stepL2.cpp:1839->H:/subband_ref_q610_opt_stage4_latency_stepL2.cpp:1866]   --->   Operation 683 'add' 'add_ln1839_92' <Predicate = true> <Delay = 3.02> <CoreInst = "DSP48">   --->   Core 119 'DSP48' <Latency = 2> <II = 1> <Delay = 3.88> <IPBlock> <Opcode : '' 'add' 'sub' 'mul' 'select'> <InPorts = 0> <OutPorts = 1> <Sync> <CReg>
ST_4 : Operation 684 [1/1] (0.00ns)   --->   "%rbegin96 = specregionbegin i32 @_ssdm_op_SpecRegionBegin, void @empty_184" [H:/subband_ref_q610_opt_stage4_latency_stepL2.cpp:1623->H:/subband_ref_q610_opt_stage4_latency_stepL2.cpp:1839->H:/subband_ref_q610_opt_stage4_latency_stepL2.cpp:1866]   --->   Operation 684 'specregionbegin' 'rbegin96' <Predicate = true> <Delay = 0.00>
ST_4 : Operation 685 [1/3] (0.00ns) (grouped into DSP with root node add_ln1839_93)   --->   "%product_q20_194 = mul i32 %sext_ln1625_139, i32 %sext_ln1625_138" [H:/subband_ref_q610_opt_stage4_latency_stepL2.cpp:1625->H:/subband_ref_q610_opt_stage4_latency_stepL2.cpp:1839->H:/subband_ref_q610_opt_stage4_latency_stepL2.cpp:1866]   --->   Operation 685 'mul' 'product_q20_194' <Predicate = true> <Delay = 0.00> <CoreInst = "DSP48">   --->   Core 119 'DSP48' <Latency = 2> <II = 1> <Delay = 3.88> <IPBlock> <Opcode : '' 'add' 'sub' 'mul' 'select'> <InPorts = 0> <OutPorts = 1> <Sync> <CReg>
ST_4 : Operation 686 [1/1] (0.00ns)   --->   "%specfucore_ln1624 = specfucore void @_ssdm_op_SpecFUCore, i32 %product_q20_194, i64 12, i64 3, i64 2" [H:/subband_ref_q610_opt_stage4_latency_stepL2.cpp:1624->H:/subband_ref_q610_opt_stage4_latency_stepL2.cpp:1839->H:/subband_ref_q610_opt_stage4_latency_stepL2.cpp:1866]   --->   Operation 686 'specfucore' 'specfucore_ln1624' <Predicate = true> <Delay = 0.00>
ST_4 : Operation 687 [1/1] (0.00ns) (grouped into DSP with root node add_ln1839_93)   --->   "%sext_ln1623_94 = sext i32 %product_q20_194" [H:/subband_ref_q610_opt_stage4_latency_stepL2.cpp:1623->H:/subband_ref_q610_opt_stage4_latency_stepL2.cpp:1839->H:/subband_ref_q610_opt_stage4_latency_stepL2.cpp:1866]   --->   Operation 687 'sext' 'sext_ln1623_94' <Predicate = true> <Delay = 0.00>
ST_4 : Operation 688 [1/1] (0.00ns)   --->   "%rend845 = specregionend i32 @_ssdm_op_SpecRegionEnd, void @empty_184, i32 %rbegin96" [H:/subband_ref_q610_opt_stage4_latency_stepL2.cpp:1625->H:/subband_ref_q610_opt_stage4_latency_stepL2.cpp:1839->H:/subband_ref_q610_opt_stage4_latency_stepL2.cpp:1866]   --->   Operation 688 'specregionend' 'rend845' <Predicate = true> <Delay = 0.00>
ST_4 : Operation 689 [1/1] (3.02ns) (root node of the DSP)   --->   "%add_ln1839_93 = add i34 %sext_ln1623_94, i34 %p_load242" [H:/subband_ref_q610_opt_stage4_latency_stepL2.cpp:1839->H:/subband_ref_q610_opt_stage4_latency_stepL2.cpp:1866]   --->   Operation 689 'add' 'add_ln1839_93' <Predicate = true> <Delay = 3.02> <CoreInst = "DSP48">   --->   Core 119 'DSP48' <Latency = 2> <II = 1> <Delay = 3.88> <IPBlock> <Opcode : '' 'add' 'sub' 'mul' 'select'> <InPorts = 0> <OutPorts = 1> <Sync> <CReg>
ST_4 : Operation 690 [1/1] (0.00ns)   --->   "%rbegin97 = specregionbegin i32 @_ssdm_op_SpecRegionBegin, void @empty_148" [H:/subband_ref_q610_opt_stage4_latency_stepL2.cpp:1623->H:/subband_ref_q610_opt_stage4_latency_stepL2.cpp:1839->H:/subband_ref_q610_opt_stage4_latency_stepL2.cpp:1866]   --->   Operation 690 'specregionbegin' 'rbegin97' <Predicate = true> <Delay = 0.00>
ST_4 : Operation 691 [1/3] (0.00ns) (grouped into DSP with root node add_ln1839_94)   --->   "%product_q20_195 = mul i32 %sext_ln1625_141, i32 %sext_ln1625_140" [H:/subband_ref_q610_opt_stage4_latency_stepL2.cpp:1625->H:/subband_ref_q610_opt_stage4_latency_stepL2.cpp:1839->H:/subband_ref_q610_opt_stage4_latency_stepL2.cpp:1866]   --->   Operation 691 'mul' 'product_q20_195' <Predicate = true> <Delay = 0.00> <CoreInst = "DSP48">   --->   Core 119 'DSP48' <Latency = 2> <II = 1> <Delay = 3.88> <IPBlock> <Opcode : '' 'add' 'sub' 'mul' 'select'> <InPorts = 0> <OutPorts = 1> <Sync> <CReg>
ST_4 : Operation 692 [1/1] (0.00ns)   --->   "%specfucore_ln1624 = specfucore void @_ssdm_op_SpecFUCore, i32 %product_q20_195, i64 12, i64 3, i64 2" [H:/subband_ref_q610_opt_stage4_latency_stepL2.cpp:1624->H:/subband_ref_q610_opt_stage4_latency_stepL2.cpp:1839->H:/subband_ref_q610_opt_stage4_latency_stepL2.cpp:1866]   --->   Operation 692 'specfucore' 'specfucore_ln1624' <Predicate = true> <Delay = 0.00>
ST_4 : Operation 693 [1/1] (0.00ns) (grouped into DSP with root node add_ln1839_94)   --->   "%sext_ln1623_95 = sext i32 %product_q20_195" [H:/subband_ref_q610_opt_stage4_latency_stepL2.cpp:1623->H:/subband_ref_q610_opt_stage4_latency_stepL2.cpp:1839->H:/subband_ref_q610_opt_stage4_latency_stepL2.cpp:1866]   --->   Operation 693 'sext' 'sext_ln1623_95' <Predicate = true> <Delay = 0.00>
ST_4 : Operation 694 [1/1] (0.00ns)   --->   "%rend843 = specregionend i32 @_ssdm_op_SpecRegionEnd, void @empty_148, i32 %rbegin97" [H:/subband_ref_q610_opt_stage4_latency_stepL2.cpp:1625->H:/subband_ref_q610_opt_stage4_latency_stepL2.cpp:1839->H:/subband_ref_q610_opt_stage4_latency_stepL2.cpp:1866]   --->   Operation 694 'specregionend' 'rend843' <Predicate = true> <Delay = 0.00>
ST_4 : Operation 695 [1/1] (3.02ns) (root node of the DSP)   --->   "%add_ln1839_94 = add i34 %sext_ln1623_95, i34 %p_load240" [H:/subband_ref_q610_opt_stage4_latency_stepL2.cpp:1839->H:/subband_ref_q610_opt_stage4_latency_stepL2.cpp:1866]   --->   Operation 695 'add' 'add_ln1839_94' <Predicate = true> <Delay = 3.02> <CoreInst = "DSP48">   --->   Core 119 'DSP48' <Latency = 2> <II = 1> <Delay = 3.88> <IPBlock> <Opcode : '' 'add' 'sub' 'mul' 'select'> <InPorts = 0> <OutPorts = 1> <Sync> <CReg>
ST_4 : Operation 696 [1/1] (0.00ns)   --->   "%rbegin98 = specregionbegin i32 @_ssdm_op_SpecRegionBegin, void @empty_147" [H:/subband_ref_q610_opt_stage4_latency_stepL2.cpp:1623->H:/subband_ref_q610_opt_stage4_latency_stepL2.cpp:1839->H:/subband_ref_q610_opt_stage4_latency_stepL2.cpp:1866]   --->   Operation 696 'specregionbegin' 'rbegin98' <Predicate = true> <Delay = 0.00>
ST_4 : Operation 697 [1/3] (0.00ns) (grouped into DSP with root node add_ln1839_95)   --->   "%product_q20_196 = mul i32 %sext_ln1625_143, i32 %sext_ln1625_142" [H:/subband_ref_q610_opt_stage4_latency_stepL2.cpp:1625->H:/subband_ref_q610_opt_stage4_latency_stepL2.cpp:1839->H:/subband_ref_q610_opt_stage4_latency_stepL2.cpp:1866]   --->   Operation 697 'mul' 'product_q20_196' <Predicate = true> <Delay = 0.00> <CoreInst = "DSP48">   --->   Core 119 'DSP48' <Latency = 2> <II = 1> <Delay = 3.88> <IPBlock> <Opcode : '' 'add' 'sub' 'mul' 'select'> <InPorts = 0> <OutPorts = 1> <Sync> <CReg>
ST_4 : Operation 698 [1/1] (0.00ns)   --->   "%specfucore_ln1624 = specfucore void @_ssdm_op_SpecFUCore, i32 %product_q20_196, i64 12, i64 3, i64 2" [H:/subband_ref_q610_opt_stage4_latency_stepL2.cpp:1624->H:/subband_ref_q610_opt_stage4_latency_stepL2.cpp:1839->H:/subband_ref_q610_opt_stage4_latency_stepL2.cpp:1866]   --->   Operation 698 'specfucore' 'specfucore_ln1624' <Predicate = true> <Delay = 0.00>
ST_4 : Operation 699 [1/1] (0.00ns) (grouped into DSP with root node add_ln1839_95)   --->   "%sext_ln1623_96 = sext i32 %product_q20_196" [H:/subband_ref_q610_opt_stage4_latency_stepL2.cpp:1623->H:/subband_ref_q610_opt_stage4_latency_stepL2.cpp:1839->H:/subband_ref_q610_opt_stage4_latency_stepL2.cpp:1866]   --->   Operation 699 'sext' 'sext_ln1623_96' <Predicate = true> <Delay = 0.00>
ST_4 : Operation 700 [1/1] (0.00ns)   --->   "%rend841 = specregionend i32 @_ssdm_op_SpecRegionEnd, void @empty_147, i32 %rbegin98" [H:/subband_ref_q610_opt_stage4_latency_stepL2.cpp:1625->H:/subband_ref_q610_opt_stage4_latency_stepL2.cpp:1839->H:/subband_ref_q610_opt_stage4_latency_stepL2.cpp:1866]   --->   Operation 700 'specregionend' 'rend841' <Predicate = true> <Delay = 0.00>
ST_4 : Operation 701 [1/1] (3.02ns) (root node of the DSP)   --->   "%add_ln1839_95 = add i34 %sext_ln1623_96, i34 %p_load238" [H:/subband_ref_q610_opt_stage4_latency_stepL2.cpp:1839->H:/subband_ref_q610_opt_stage4_latency_stepL2.cpp:1866]   --->   Operation 701 'add' 'add_ln1839_95' <Predicate = true> <Delay = 3.02> <CoreInst = "DSP48">   --->   Core 119 'DSP48' <Latency = 2> <II = 1> <Delay = 3.88> <IPBlock> <Opcode : '' 'add' 'sub' 'mul' 'select'> <InPorts = 0> <OutPorts = 1> <Sync> <CReg>
ST_4 : Operation 702 [1/1] (0.00ns)   --->   "%rbegin99 = specregionbegin i32 @_ssdm_op_SpecRegionBegin, void @empty_146" [H:/subband_ref_q610_opt_stage4_latency_stepL2.cpp:1623->H:/subband_ref_q610_opt_stage4_latency_stepL2.cpp:1839->H:/subband_ref_q610_opt_stage4_latency_stepL2.cpp:1866]   --->   Operation 702 'specregionbegin' 'rbegin99' <Predicate = true> <Delay = 0.00>
ST_4 : Operation 703 [1/3] (0.00ns) (grouped into DSP with root node add_ln1839_96)   --->   "%product_q20_197 = mul i32 %sext_ln1625_145, i32 %sext_ln1625_144" [H:/subband_ref_q610_opt_stage4_latency_stepL2.cpp:1625->H:/subband_ref_q610_opt_stage4_latency_stepL2.cpp:1839->H:/subband_ref_q610_opt_stage4_latency_stepL2.cpp:1866]   --->   Operation 703 'mul' 'product_q20_197' <Predicate = true> <Delay = 0.00> <CoreInst = "DSP48">   --->   Core 119 'DSP48' <Latency = 2> <II = 1> <Delay = 3.88> <IPBlock> <Opcode : '' 'add' 'sub' 'mul' 'select'> <InPorts = 0> <OutPorts = 1> <Sync> <CReg>
ST_4 : Operation 704 [1/1] (0.00ns)   --->   "%specfucore_ln1624 = specfucore void @_ssdm_op_SpecFUCore, i32 %product_q20_197, i64 12, i64 3, i64 2" [H:/subband_ref_q610_opt_stage4_latency_stepL2.cpp:1624->H:/subband_ref_q610_opt_stage4_latency_stepL2.cpp:1839->H:/subband_ref_q610_opt_stage4_latency_stepL2.cpp:1866]   --->   Operation 704 'specfucore' 'specfucore_ln1624' <Predicate = true> <Delay = 0.00>
ST_4 : Operation 705 [1/1] (0.00ns) (grouped into DSP with root node add_ln1839_96)   --->   "%sext_ln1623_97 = sext i32 %product_q20_197" [H:/subband_ref_q610_opt_stage4_latency_stepL2.cpp:1623->H:/subband_ref_q610_opt_stage4_latency_stepL2.cpp:1839->H:/subband_ref_q610_opt_stage4_latency_stepL2.cpp:1866]   --->   Operation 705 'sext' 'sext_ln1623_97' <Predicate = true> <Delay = 0.00>
ST_4 : Operation 706 [1/1] (0.00ns)   --->   "%rend839 = specregionend i32 @_ssdm_op_SpecRegionEnd, void @empty_146, i32 %rbegin99" [H:/subband_ref_q610_opt_stage4_latency_stepL2.cpp:1625->H:/subband_ref_q610_opt_stage4_latency_stepL2.cpp:1839->H:/subband_ref_q610_opt_stage4_latency_stepL2.cpp:1866]   --->   Operation 706 'specregionend' 'rend839' <Predicate = true> <Delay = 0.00>
ST_4 : Operation 707 [1/1] (3.02ns) (root node of the DSP)   --->   "%add_ln1839_96 = add i34 %sext_ln1623_97, i34 %p_load236" [H:/subband_ref_q610_opt_stage4_latency_stepL2.cpp:1839->H:/subband_ref_q610_opt_stage4_latency_stepL2.cpp:1866]   --->   Operation 707 'add' 'add_ln1839_96' <Predicate = true> <Delay = 3.02> <CoreInst = "DSP48">   --->   Core 119 'DSP48' <Latency = 2> <II = 1> <Delay = 3.88> <IPBlock> <Opcode : '' 'add' 'sub' 'mul' 'select'> <InPorts = 0> <OutPorts = 1> <Sync> <CReg>
ST_4 : Operation 708 [1/1] (0.00ns)   --->   "%rbegin100 = specregionbegin i32 @_ssdm_op_SpecRegionBegin, void @empty_145" [H:/subband_ref_q610_opt_stage4_latency_stepL2.cpp:1623->H:/subband_ref_q610_opt_stage4_latency_stepL2.cpp:1839->H:/subband_ref_q610_opt_stage4_latency_stepL2.cpp:1866]   --->   Operation 708 'specregionbegin' 'rbegin100' <Predicate = true> <Delay = 0.00>
ST_4 : Operation 709 [1/3] (0.00ns) (grouped into DSP with root node add_ln1839_97)   --->   "%product_q20_198 = mul i32 %sext_ln1625_147, i32 %sext_ln1625_146" [H:/subband_ref_q610_opt_stage4_latency_stepL2.cpp:1625->H:/subband_ref_q610_opt_stage4_latency_stepL2.cpp:1839->H:/subband_ref_q610_opt_stage4_latency_stepL2.cpp:1866]   --->   Operation 709 'mul' 'product_q20_198' <Predicate = true> <Delay = 0.00> <CoreInst = "DSP48">   --->   Core 119 'DSP48' <Latency = 2> <II = 1> <Delay = 3.88> <IPBlock> <Opcode : '' 'add' 'sub' 'mul' 'select'> <InPorts = 0> <OutPorts = 1> <Sync> <CReg>
ST_4 : Operation 710 [1/1] (0.00ns)   --->   "%specfucore_ln1624 = specfucore void @_ssdm_op_SpecFUCore, i32 %product_q20_198, i64 12, i64 3, i64 2" [H:/subband_ref_q610_opt_stage4_latency_stepL2.cpp:1624->H:/subband_ref_q610_opt_stage4_latency_stepL2.cpp:1839->H:/subband_ref_q610_opt_stage4_latency_stepL2.cpp:1866]   --->   Operation 710 'specfucore' 'specfucore_ln1624' <Predicate = true> <Delay = 0.00>
ST_4 : Operation 711 [1/1] (0.00ns) (grouped into DSP with root node add_ln1839_97)   --->   "%sext_ln1623_98 = sext i32 %product_q20_198" [H:/subband_ref_q610_opt_stage4_latency_stepL2.cpp:1623->H:/subband_ref_q610_opt_stage4_latency_stepL2.cpp:1839->H:/subband_ref_q610_opt_stage4_latency_stepL2.cpp:1866]   --->   Operation 711 'sext' 'sext_ln1623_98' <Predicate = true> <Delay = 0.00>
ST_4 : Operation 712 [1/1] (0.00ns)   --->   "%rend837 = specregionend i32 @_ssdm_op_SpecRegionEnd, void @empty_145, i32 %rbegin100" [H:/subband_ref_q610_opt_stage4_latency_stepL2.cpp:1625->H:/subband_ref_q610_opt_stage4_latency_stepL2.cpp:1839->H:/subband_ref_q610_opt_stage4_latency_stepL2.cpp:1866]   --->   Operation 712 'specregionend' 'rend837' <Predicate = true> <Delay = 0.00>
ST_4 : Operation 713 [1/1] (3.02ns) (root node of the DSP)   --->   "%add_ln1839_97 = add i34 %sext_ln1623_98, i34 %p_load234" [H:/subband_ref_q610_opt_stage4_latency_stepL2.cpp:1839->H:/subband_ref_q610_opt_stage4_latency_stepL2.cpp:1866]   --->   Operation 713 'add' 'add_ln1839_97' <Predicate = true> <Delay = 3.02> <CoreInst = "DSP48">   --->   Core 119 'DSP48' <Latency = 2> <II = 1> <Delay = 3.88> <IPBlock> <Opcode : '' 'add' 'sub' 'mul' 'select'> <InPorts = 0> <OutPorts = 1> <Sync> <CReg>
ST_4 : Operation 714 [1/1] (0.00ns)   --->   "%rbegin101 = specregionbegin i32 @_ssdm_op_SpecRegionBegin, void @empty_144" [H:/subband_ref_q610_opt_stage4_latency_stepL2.cpp:1623->H:/subband_ref_q610_opt_stage4_latency_stepL2.cpp:1839->H:/subband_ref_q610_opt_stage4_latency_stepL2.cpp:1866]   --->   Operation 714 'specregionbegin' 'rbegin101' <Predicate = true> <Delay = 0.00>
ST_4 : Operation 715 [1/3] (0.00ns) (grouped into DSP with root node add_ln1839_98)   --->   "%product_q20_199 = mul i32 %sext_ln1625_149, i32 %sext_ln1625_148" [H:/subband_ref_q610_opt_stage4_latency_stepL2.cpp:1625->H:/subband_ref_q610_opt_stage4_latency_stepL2.cpp:1839->H:/subband_ref_q610_opt_stage4_latency_stepL2.cpp:1866]   --->   Operation 715 'mul' 'product_q20_199' <Predicate = true> <Delay = 0.00> <CoreInst = "DSP48">   --->   Core 119 'DSP48' <Latency = 2> <II = 1> <Delay = 3.88> <IPBlock> <Opcode : '' 'add' 'sub' 'mul' 'select'> <InPorts = 0> <OutPorts = 1> <Sync> <CReg>
ST_4 : Operation 716 [1/1] (0.00ns)   --->   "%specfucore_ln1624 = specfucore void @_ssdm_op_SpecFUCore, i32 %product_q20_199, i64 12, i64 3, i64 2" [H:/subband_ref_q610_opt_stage4_latency_stepL2.cpp:1624->H:/subband_ref_q610_opt_stage4_latency_stepL2.cpp:1839->H:/subband_ref_q610_opt_stage4_latency_stepL2.cpp:1866]   --->   Operation 716 'specfucore' 'specfucore_ln1624' <Predicate = true> <Delay = 0.00>
ST_4 : Operation 717 [1/1] (0.00ns) (grouped into DSP with root node add_ln1839_98)   --->   "%sext_ln1623_99 = sext i32 %product_q20_199" [H:/subband_ref_q610_opt_stage4_latency_stepL2.cpp:1623->H:/subband_ref_q610_opt_stage4_latency_stepL2.cpp:1839->H:/subband_ref_q610_opt_stage4_latency_stepL2.cpp:1866]   --->   Operation 717 'sext' 'sext_ln1623_99' <Predicate = true> <Delay = 0.00>
ST_4 : Operation 718 [1/1] (0.00ns)   --->   "%rend835 = specregionend i32 @_ssdm_op_SpecRegionEnd, void @empty_144, i32 %rbegin101" [H:/subband_ref_q610_opt_stage4_latency_stepL2.cpp:1625->H:/subband_ref_q610_opt_stage4_latency_stepL2.cpp:1839->H:/subband_ref_q610_opt_stage4_latency_stepL2.cpp:1866]   --->   Operation 718 'specregionend' 'rend835' <Predicate = true> <Delay = 0.00>
ST_4 : Operation 719 [1/1] (3.02ns) (root node of the DSP)   --->   "%add_ln1839_98 = add i34 %sext_ln1623_99, i34 %p_load232" [H:/subband_ref_q610_opt_stage4_latency_stepL2.cpp:1839->H:/subband_ref_q610_opt_stage4_latency_stepL2.cpp:1866]   --->   Operation 719 'add' 'add_ln1839_98' <Predicate = true> <Delay = 3.02> <CoreInst = "DSP48">   --->   Core 119 'DSP48' <Latency = 2> <II = 1> <Delay = 3.88> <IPBlock> <Opcode : '' 'add' 'sub' 'mul' 'select'> <InPorts = 0> <OutPorts = 1> <Sync> <CReg>
ST_4 : Operation 720 [1/1] (0.00ns)   --->   "%rbegin102 = specregionbegin i32 @_ssdm_op_SpecRegionBegin, void @empty_143" [H:/subband_ref_q610_opt_stage4_latency_stepL2.cpp:1623->H:/subband_ref_q610_opt_stage4_latency_stepL2.cpp:1839->H:/subband_ref_q610_opt_stage4_latency_stepL2.cpp:1866]   --->   Operation 720 'specregionbegin' 'rbegin102' <Predicate = true> <Delay = 0.00>
ST_4 : Operation 721 [1/3] (0.00ns) (grouped into DSP with root node add_ln1839_99)   --->   "%product_q20_200 = mul i32 %sext_ln1625_151, i32 %sext_ln1625_150" [H:/subband_ref_q610_opt_stage4_latency_stepL2.cpp:1625->H:/subband_ref_q610_opt_stage4_latency_stepL2.cpp:1839->H:/subband_ref_q610_opt_stage4_latency_stepL2.cpp:1866]   --->   Operation 721 'mul' 'product_q20_200' <Predicate = true> <Delay = 0.00> <CoreInst = "DSP48">   --->   Core 119 'DSP48' <Latency = 2> <II = 1> <Delay = 3.88> <IPBlock> <Opcode : '' 'add' 'sub' 'mul' 'select'> <InPorts = 0> <OutPorts = 1> <Sync> <CReg>
ST_4 : Operation 722 [1/1] (0.00ns)   --->   "%specfucore_ln1624 = specfucore void @_ssdm_op_SpecFUCore, i32 %product_q20_200, i64 12, i64 3, i64 2" [H:/subband_ref_q610_opt_stage4_latency_stepL2.cpp:1624->H:/subband_ref_q610_opt_stage4_latency_stepL2.cpp:1839->H:/subband_ref_q610_opt_stage4_latency_stepL2.cpp:1866]   --->   Operation 722 'specfucore' 'specfucore_ln1624' <Predicate = true> <Delay = 0.00>
ST_4 : Operation 723 [1/1] (0.00ns) (grouped into DSP with root node add_ln1839_99)   --->   "%sext_ln1623_100 = sext i32 %product_q20_200" [H:/subband_ref_q610_opt_stage4_latency_stepL2.cpp:1623->H:/subband_ref_q610_opt_stage4_latency_stepL2.cpp:1839->H:/subband_ref_q610_opt_stage4_latency_stepL2.cpp:1866]   --->   Operation 723 'sext' 'sext_ln1623_100' <Predicate = true> <Delay = 0.00>
ST_4 : Operation 724 [1/1] (0.00ns)   --->   "%rend833 = specregionend i32 @_ssdm_op_SpecRegionEnd, void @empty_143, i32 %rbegin102" [H:/subband_ref_q610_opt_stage4_latency_stepL2.cpp:1625->H:/subband_ref_q610_opt_stage4_latency_stepL2.cpp:1839->H:/subband_ref_q610_opt_stage4_latency_stepL2.cpp:1866]   --->   Operation 724 'specregionend' 'rend833' <Predicate = true> <Delay = 0.00>
ST_4 : Operation 725 [1/1] (3.02ns) (root node of the DSP)   --->   "%add_ln1839_99 = add i34 %sext_ln1623_100, i34 %p_load230" [H:/subband_ref_q610_opt_stage4_latency_stepL2.cpp:1839->H:/subband_ref_q610_opt_stage4_latency_stepL2.cpp:1866]   --->   Operation 725 'add' 'add_ln1839_99' <Predicate = true> <Delay = 3.02> <CoreInst = "DSP48">   --->   Core 119 'DSP48' <Latency = 2> <II = 1> <Delay = 3.88> <IPBlock> <Opcode : '' 'add' 'sub' 'mul' 'select'> <InPorts = 0> <OutPorts = 1> <Sync> <CReg>
ST_4 : Operation 726 [1/1] (0.00ns)   --->   "%rbegin = specregionbegin i32 @_ssdm_op_SpecRegionBegin, void @empty_142" [H:/subband_ref_q610_opt_stage4_latency_stepL2.cpp:1623->H:/subband_ref_q610_opt_stage4_latency_stepL2.cpp:1839->H:/subband_ref_q610_opt_stage4_latency_stepL2.cpp:1866]   --->   Operation 726 'specregionbegin' 'rbegin' <Predicate = true> <Delay = 0.00>
ST_4 : Operation 727 [1/3] (0.00ns) (grouped into DSP with root node add_ln1839_100)   --->   "%product_q20_201 = mul i32 %sext_ln1625_153, i32 %sext_ln1625_152" [H:/subband_ref_q610_opt_stage4_latency_stepL2.cpp:1625->H:/subband_ref_q610_opt_stage4_latency_stepL2.cpp:1839->H:/subband_ref_q610_opt_stage4_latency_stepL2.cpp:1866]   --->   Operation 727 'mul' 'product_q20_201' <Predicate = true> <Delay = 0.00> <CoreInst = "DSP48">   --->   Core 119 'DSP48' <Latency = 2> <II = 1> <Delay = 3.88> <IPBlock> <Opcode : '' 'add' 'sub' 'mul' 'select'> <InPorts = 0> <OutPorts = 1> <Sync> <CReg>
ST_4 : Operation 728 [1/1] (0.00ns)   --->   "%specfucore_ln1624 = specfucore void @_ssdm_op_SpecFUCore, i32 %product_q20_201, i64 12, i64 3, i64 2" [H:/subband_ref_q610_opt_stage4_latency_stepL2.cpp:1624->H:/subband_ref_q610_opt_stage4_latency_stepL2.cpp:1839->H:/subband_ref_q610_opt_stage4_latency_stepL2.cpp:1866]   --->   Operation 728 'specfucore' 'specfucore_ln1624' <Predicate = true> <Delay = 0.00>
ST_4 : Operation 729 [1/1] (0.00ns) (grouped into DSP with root node add_ln1839_100)   --->   "%sext_ln1623_101 = sext i32 %product_q20_201" [H:/subband_ref_q610_opt_stage4_latency_stepL2.cpp:1623->H:/subband_ref_q610_opt_stage4_latency_stepL2.cpp:1839->H:/subband_ref_q610_opt_stage4_latency_stepL2.cpp:1866]   --->   Operation 729 'sext' 'sext_ln1623_101' <Predicate = true> <Delay = 0.00>
ST_4 : Operation 730 [1/1] (0.00ns)   --->   "%rend831 = specregionend i32 @_ssdm_op_SpecRegionEnd, void @empty_142, i32 %rbegin" [H:/subband_ref_q610_opt_stage4_latency_stepL2.cpp:1625->H:/subband_ref_q610_opt_stage4_latency_stepL2.cpp:1839->H:/subband_ref_q610_opt_stage4_latency_stepL2.cpp:1866]   --->   Operation 730 'specregionend' 'rend831' <Predicate = true> <Delay = 0.00>
ST_4 : Operation 731 [1/1] (3.02ns) (root node of the DSP)   --->   "%add_ln1839_100 = add i34 %sext_ln1623_101, i34 %p_load" [H:/subband_ref_q610_opt_stage4_latency_stepL2.cpp:1839->H:/subband_ref_q610_opt_stage4_latency_stepL2.cpp:1866]   --->   Operation 731 'add' 'add_ln1839_100' <Predicate = true> <Delay = 3.02> <CoreInst = "DSP48">   --->   Core 119 'DSP48' <Latency = 2> <II = 1> <Delay = 3.88> <IPBlock> <Opcode : '' 'add' 'sub' 'mul' 'select'> <InPorts = 0> <OutPorts = 1> <Sync> <CReg>
ST_4 : Operation 732 [1/1] (1.58ns)   --->   "%store_ln1839 = store i34 %add_ln1839_100, i34 %empty_778" [H:/subband_ref_q610_opt_stage4_latency_stepL2.cpp:1839->H:/subband_ref_q610_opt_stage4_latency_stepL2.cpp:1866]   --->   Operation 732 'store' 'store_ln1839' <Predicate = true> <Delay = 1.58>
ST_4 : Operation 733 [1/1] (1.58ns)   --->   "%store_ln1839 = store i34 %add_ln1839_99, i34 %empty_777" [H:/subband_ref_q610_opt_stage4_latency_stepL2.cpp:1839->H:/subband_ref_q610_opt_stage4_latency_stepL2.cpp:1866]   --->   Operation 733 'store' 'store_ln1839' <Predicate = true> <Delay = 1.58>
ST_4 : Operation 734 [1/1] (1.58ns)   --->   "%store_ln1839 = store i34 %add_ln1839_98, i34 %empty_776" [H:/subband_ref_q610_opt_stage4_latency_stepL2.cpp:1839->H:/subband_ref_q610_opt_stage4_latency_stepL2.cpp:1866]   --->   Operation 734 'store' 'store_ln1839' <Predicate = true> <Delay = 1.58>
ST_4 : Operation 735 [1/1] (1.58ns)   --->   "%store_ln1839 = store i34 %add_ln1839_97, i34 %empty_775" [H:/subband_ref_q610_opt_stage4_latency_stepL2.cpp:1839->H:/subband_ref_q610_opt_stage4_latency_stepL2.cpp:1866]   --->   Operation 735 'store' 'store_ln1839' <Predicate = true> <Delay = 1.58>
ST_4 : Operation 736 [1/1] (1.58ns)   --->   "%store_ln1839 = store i34 %add_ln1839_96, i34 %empty_774" [H:/subband_ref_q610_opt_stage4_latency_stepL2.cpp:1839->H:/subband_ref_q610_opt_stage4_latency_stepL2.cpp:1866]   --->   Operation 736 'store' 'store_ln1839' <Predicate = true> <Delay = 1.58>
ST_4 : Operation 737 [1/1] (1.58ns)   --->   "%store_ln1839 = store i34 %add_ln1839_95, i34 %empty_773" [H:/subband_ref_q610_opt_stage4_latency_stepL2.cpp:1839->H:/subband_ref_q610_opt_stage4_latency_stepL2.cpp:1866]   --->   Operation 737 'store' 'store_ln1839' <Predicate = true> <Delay = 1.58>
ST_4 : Operation 738 [1/1] (1.58ns)   --->   "%store_ln1839 = store i34 %add_ln1839_94, i34 %empty_772" [H:/subband_ref_q610_opt_stage4_latency_stepL2.cpp:1839->H:/subband_ref_q610_opt_stage4_latency_stepL2.cpp:1866]   --->   Operation 738 'store' 'store_ln1839' <Predicate = true> <Delay = 1.58>
ST_4 : Operation 739 [1/1] (1.58ns)   --->   "%store_ln1839 = store i34 %add_ln1839_93, i34 %empty_771" [H:/subband_ref_q610_opt_stage4_latency_stepL2.cpp:1839->H:/subband_ref_q610_opt_stage4_latency_stepL2.cpp:1866]   --->   Operation 739 'store' 'store_ln1839' <Predicate = true> <Delay = 1.58>
ST_4 : Operation 740 [1/1] (1.58ns)   --->   "%store_ln1839 = store i34 %add_ln1839_92, i34 %empty_770" [H:/subband_ref_q610_opt_stage4_latency_stepL2.cpp:1839->H:/subband_ref_q610_opt_stage4_latency_stepL2.cpp:1866]   --->   Operation 740 'store' 'store_ln1839' <Predicate = true> <Delay = 1.58>
ST_4 : Operation 741 [1/1] (1.58ns)   --->   "%store_ln1839 = store i34 %add_ln1839_91, i34 %empty_769" [H:/subband_ref_q610_opt_stage4_latency_stepL2.cpp:1839->H:/subband_ref_q610_opt_stage4_latency_stepL2.cpp:1866]   --->   Operation 741 'store' 'store_ln1839' <Predicate = true> <Delay = 1.58>
ST_4 : Operation 742 [1/1] (1.58ns)   --->   "%store_ln1839 = store i34 %add_ln1839_90, i34 %empty_768" [H:/subband_ref_q610_opt_stage4_latency_stepL2.cpp:1839->H:/subband_ref_q610_opt_stage4_latency_stepL2.cpp:1866]   --->   Operation 742 'store' 'store_ln1839' <Predicate = true> <Delay = 1.58>
ST_4 : Operation 743 [1/1] (1.58ns)   --->   "%store_ln1839 = store i34 %add_ln1839_89, i34 %empty_767" [H:/subband_ref_q610_opt_stage4_latency_stepL2.cpp:1839->H:/subband_ref_q610_opt_stage4_latency_stepL2.cpp:1866]   --->   Operation 743 'store' 'store_ln1839' <Predicate = true> <Delay = 1.58>
ST_4 : Operation 744 [1/1] (1.58ns)   --->   "%store_ln1839 = store i34 %add_ln1839_88, i34 %empty_766" [H:/subband_ref_q610_opt_stage4_latency_stepL2.cpp:1839->H:/subband_ref_q610_opt_stage4_latency_stepL2.cpp:1866]   --->   Operation 744 'store' 'store_ln1839' <Predicate = true> <Delay = 1.58>
ST_4 : Operation 745 [1/1] (1.58ns)   --->   "%store_ln1839 = store i34 %add_ln1839_87, i34 %empty_765" [H:/subband_ref_q610_opt_stage4_latency_stepL2.cpp:1839->H:/subband_ref_q610_opt_stage4_latency_stepL2.cpp:1866]   --->   Operation 745 'store' 'store_ln1839' <Predicate = true> <Delay = 1.58>
ST_4 : Operation 746 [1/1] (1.58ns)   --->   "%store_ln1839 = store i34 %add_ln1839_86, i34 %empty_764" [H:/subband_ref_q610_opt_stage4_latency_stepL2.cpp:1839->H:/subband_ref_q610_opt_stage4_latency_stepL2.cpp:1866]   --->   Operation 746 'store' 'store_ln1839' <Predicate = true> <Delay = 1.58>
ST_4 : Operation 747 [1/1] (1.58ns)   --->   "%store_ln1839 = store i34 %add_ln1839_85, i34 %empty_763" [H:/subband_ref_q610_opt_stage4_latency_stepL2.cpp:1839->H:/subband_ref_q610_opt_stage4_latency_stepL2.cpp:1866]   --->   Operation 747 'store' 'store_ln1839' <Predicate = true> <Delay = 1.58>
ST_4 : Operation 748 [1/1] (1.58ns)   --->   "%store_ln1839 = store i34 %add_ln1839_84, i34 %empty_762" [H:/subband_ref_q610_opt_stage4_latency_stepL2.cpp:1839->H:/subband_ref_q610_opt_stage4_latency_stepL2.cpp:1866]   --->   Operation 748 'store' 'store_ln1839' <Predicate = true> <Delay = 1.58>
ST_4 : Operation 749 [1/1] (1.58ns)   --->   "%store_ln1839 = store i34 %add_ln1839_83, i34 %empty_761" [H:/subband_ref_q610_opt_stage4_latency_stepL2.cpp:1839->H:/subband_ref_q610_opt_stage4_latency_stepL2.cpp:1866]   --->   Operation 749 'store' 'store_ln1839' <Predicate = true> <Delay = 1.58>
ST_4 : Operation 750 [1/1] (1.58ns)   --->   "%store_ln1839 = store i34 %add_ln1839_82, i34 %empty_760" [H:/subband_ref_q610_opt_stage4_latency_stepL2.cpp:1839->H:/subband_ref_q610_opt_stage4_latency_stepL2.cpp:1866]   --->   Operation 750 'store' 'store_ln1839' <Predicate = true> <Delay = 1.58>
ST_4 : Operation 751 [1/1] (1.58ns)   --->   "%store_ln1839 = store i34 %add_ln1839_81, i34 %empty_759" [H:/subband_ref_q610_opt_stage4_latency_stepL2.cpp:1839->H:/subband_ref_q610_opt_stage4_latency_stepL2.cpp:1866]   --->   Operation 751 'store' 'store_ln1839' <Predicate = true> <Delay = 1.58>
ST_4 : Operation 752 [1/1] (1.58ns)   --->   "%store_ln1839 = store i34 %add_ln1839_80, i34 %empty_758" [H:/subband_ref_q610_opt_stage4_latency_stepL2.cpp:1839->H:/subband_ref_q610_opt_stage4_latency_stepL2.cpp:1866]   --->   Operation 752 'store' 'store_ln1839' <Predicate = true> <Delay = 1.58>
ST_4 : Operation 753 [1/1] (1.58ns)   --->   "%store_ln1839 = store i34 %add_ln1839_79, i34 %empty_757" [H:/subband_ref_q610_opt_stage4_latency_stepL2.cpp:1839->H:/subband_ref_q610_opt_stage4_latency_stepL2.cpp:1866]   --->   Operation 753 'store' 'store_ln1839' <Predicate = true> <Delay = 1.58>
ST_4 : Operation 754 [1/1] (1.58ns)   --->   "%store_ln1839 = store i34 %add_ln1839_78, i34 %empty_756" [H:/subband_ref_q610_opt_stage4_latency_stepL2.cpp:1839->H:/subband_ref_q610_opt_stage4_latency_stepL2.cpp:1866]   --->   Operation 754 'store' 'store_ln1839' <Predicate = true> <Delay = 1.58>
ST_4 : Operation 755 [1/1] (1.58ns)   --->   "%store_ln1839 = store i34 %add_ln1839_77, i34 %empty_755" [H:/subband_ref_q610_opt_stage4_latency_stepL2.cpp:1839->H:/subband_ref_q610_opt_stage4_latency_stepL2.cpp:1866]   --->   Operation 755 'store' 'store_ln1839' <Predicate = true> <Delay = 1.58>
ST_4 : Operation 756 [1/1] (1.58ns)   --->   "%store_ln1839 = store i34 %add_ln1839_76, i34 %empty_754" [H:/subband_ref_q610_opt_stage4_latency_stepL2.cpp:1839->H:/subband_ref_q610_opt_stage4_latency_stepL2.cpp:1866]   --->   Operation 756 'store' 'store_ln1839' <Predicate = true> <Delay = 1.58>
ST_4 : Operation 757 [1/1] (1.58ns)   --->   "%store_ln1839 = store i34 %add_ln1839_75, i34 %empty_753" [H:/subband_ref_q610_opt_stage4_latency_stepL2.cpp:1839->H:/subband_ref_q610_opt_stage4_latency_stepL2.cpp:1866]   --->   Operation 757 'store' 'store_ln1839' <Predicate = true> <Delay = 1.58>
ST_4 : Operation 758 [1/1] (1.58ns)   --->   "%store_ln1839 = store i34 %add_ln1839_74, i34 %empty_752" [H:/subband_ref_q610_opt_stage4_latency_stepL2.cpp:1839->H:/subband_ref_q610_opt_stage4_latency_stepL2.cpp:1866]   --->   Operation 758 'store' 'store_ln1839' <Predicate = true> <Delay = 1.58>
ST_4 : Operation 759 [1/1] (1.58ns)   --->   "%store_ln1839 = store i34 %add_ln1839_73, i34 %empty_751" [H:/subband_ref_q610_opt_stage4_latency_stepL2.cpp:1839->H:/subband_ref_q610_opt_stage4_latency_stepL2.cpp:1866]   --->   Operation 759 'store' 'store_ln1839' <Predicate = true> <Delay = 1.58>
ST_4 : Operation 760 [1/1] (1.58ns)   --->   "%store_ln1839 = store i34 %add_ln1839_72, i34 %empty_750" [H:/subband_ref_q610_opt_stage4_latency_stepL2.cpp:1839->H:/subband_ref_q610_opt_stage4_latency_stepL2.cpp:1866]   --->   Operation 760 'store' 'store_ln1839' <Predicate = true> <Delay = 1.58>
ST_4 : Operation 761 [1/1] (1.58ns)   --->   "%store_ln1839 = store i34 %add_ln1839_71, i34 %empty_749" [H:/subband_ref_q610_opt_stage4_latency_stepL2.cpp:1839->H:/subband_ref_q610_opt_stage4_latency_stepL2.cpp:1866]   --->   Operation 761 'store' 'store_ln1839' <Predicate = true> <Delay = 1.58>
ST_4 : Operation 762 [1/1] (1.58ns)   --->   "%store_ln1839 = store i34 %add_ln1839, i34 %empty_748" [H:/subband_ref_q610_opt_stage4_latency_stepL2.cpp:1839->H:/subband_ref_q610_opt_stage4_latency_stepL2.cpp:1866]   --->   Operation 762 'store' 'store_ln1839' <Predicate = true> <Delay = 1.58>
ST_4 : Operation 763 [1/1] (1.58ns)   --->   "%store_ln1839 = store i34 %total_q20, i34 %empty" [H:/subband_ref_q610_opt_stage4_latency_stepL2.cpp:1839->H:/subband_ref_q610_opt_stage4_latency_stepL2.cpp:1866]   --->   Operation 763 'store' 'store_ln1839' <Predicate = true> <Delay = 1.58>
ST_4 : Operation 764 [1/1] (0.00ns)   --->   "%br_ln1833 = br void %for.body4.i52" [H:/subband_ref_q610_opt_stage4_latency_stepL2.cpp:1833->H:/subband_ref_q610_opt_stage4_latency_stepL2.cpp:1866]   --->   Operation 764 'br' 'br_ln1833' <Predicate = true> <Delay = 0.00>


============================================================
+ Verbose Summary: Timing violations
============================================================
Target clock period: 10.000ns, clock uncertainty: 2.700ns.

 <State 1>: 6.573ns
The critical path consists of the following:
	'store' operation 0 bit ('store_ln1837', H:/subband_ref_q610_opt_stage4_latency_stepL2.cpp:1837->H:/subband_ref_q610_opt_stage4_latency_stepL2.cpp:1866) of constant 0 on local variable 'index', H:/subband_ref_q610_opt_stage4_latency_stepL2.cpp:1837->H:/subband_ref_q610_opt_stage4_latency_stepL2.cpp:1866 [519]  (1.588 ns)
	'load' operation 8 bit ('base_index', H:/subband_ref_q610_opt_stage4_latency_stepL2.cpp:1833->H:/subband_ref_q610_opt_stage4_latency_stepL2.cpp:1866) on local variable 'index', H:/subband_ref_q610_opt_stage4_latency_stepL2.cpp:1837->H:/subband_ref_q610_opt_stage4_latency_stepL2.cpp:1866 [554]  (0.000 ns)
	'add' operation 10 bit ('add_ln1839_101', H:/subband_ref_q610_opt_stage4_latency_stepL2.cpp:1839->H:/subband_ref_q610_opt_stage4_latency_stepL2.cpp:1866) [596]  (1.731 ns)
	'getelementptr' operation 10 bit ('SubbandBand0TopQ610_ap_int_const_ap_int_const_ap_int_const_ap_int_const_ap_i_35', H:/subband_ref_q610_opt_stage4_latency_stepL2.cpp:1839->H:/subband_ref_q610_opt_stage4_latency_stepL2.cpp:1866) [598]  (0.000 ns)
	'load' operation 512 bit ('SubbandBand0TopQ610_ap_int_const_ap_int_const_ap_int_const_ap_int_const_ap_i_36', H:/subband_ref_q610_opt_stage4_latency_stepL2.cpp:1839->H:/subband_ref_q610_opt_stage4_latency_stepL2.cpp:1866) on array 'SubbandBand0TopQ610_ap_int_const_ap_int_const_ap_int_const_ap_int_const_ap_i_2' [599]  (3.254 ns)

 <State 2>: 4.304ns
The critical path consists of the following:
	'load' operation 512 bit ('SubbandBand0TopQ610_ap_int_const_ap_int_const_ap_int_const_ap_int_const_ap_i_36', H:/subband_ref_q610_opt_stage4_latency_stepL2.cpp:1839->H:/subband_ref_q610_opt_stage4_latency_stepL2.cpp:1866) on array 'SubbandBand0TopQ610_ap_int_const_ap_int_const_ap_int_const_ap_int_const_ap_i_2' [599]  (3.254 ns)
	'mul' operation 32 bit of DSP[608] ('product_q20', H:/subband_ref_q610_opt_stage4_latency_stepL2.cpp:1625->H:/subband_ref_q610_opt_stage4_latency_stepL2.cpp:1839->H:/subband_ref_q610_opt_stage4_latency_stepL2.cpp:1866) [604]  (1.050 ns)

 <State 3>: 1.050ns
The critical path consists of the following:
	'mul' operation 32 bit of DSP[608] ('product_q20', H:/subband_ref_q610_opt_stage4_latency_stepL2.cpp:1625->H:/subband_ref_q610_opt_stage4_latency_stepL2.cpp:1839->H:/subband_ref_q610_opt_stage4_latency_stepL2.cpp:1866) [604]  (1.050 ns)

 <State 4>: 4.608ns
The critical path consists of the following:
	'load' operation 34 bit ('p_load', H:/subband_ref_q610_opt_stage4_latency_stepL2.cpp:1839->H:/subband_ref_q610_opt_stage4_latency_stepL2.cpp:1866) on local variable 'empty_778' [589]  (0.000 ns)
	'add' operation 34 bit of DSP[918] ('add_ln1839_100', H:/subband_ref_q610_opt_stage4_latency_stepL2.cpp:1839->H:/subband_ref_q610_opt_stage4_latency_stepL2.cpp:1866) [918]  (3.020 ns)
	'store' operation 0 bit ('store_ln1839', H:/subband_ref_q610_opt_stage4_latency_stepL2.cpp:1839->H:/subband_ref_q610_opt_stage4_latency_stepL2.cpp:1866) of variable 'add_ln1839_100', H:/subband_ref_q610_opt_stage4_latency_stepL2.cpp:1839->H:/subband_ref_q610_opt_stage4_latency_stepL2.cpp:1866 on local variable 'empty_778' [921]  (1.588 ns)


============================================================
+ Verbose Summary: Binding
============================================================
N/A
* FSMD analyzer results:
  - Output states:
 - Input state : 
  - Chain level:
	State 1
	State 2
	State 3
	State 4


============================================================
+ Verbose Summary: Datapath Resource usage 
============================================================
N/A
