

================================================================
== Vitis HLS Report for 'p_anonymous_namespace_RunGSUMacPhaseBand0Q610_Pipeline_VITIS_LOOP_1833_26'
================================================================
* Date:           Wed May 13 19:58:25 2026

* Version:        2023.2 (Build 4023990 on Oct 11 2023)
* Project:        subband_q610_zybo_z7_20_hls
* Solution:       solution1 (Vivado IP Flow Target)
* Product family: zynq
* Target device:  xc7z020-clg400-1


================================================================
== Performance Estimates
================================================================
+ Timing: 
    * Summary: 
    +--------+----------+----------+------------+
    |  Clock |  Target  | Estimated| Uncertainty|
    +--------+----------+----------+------------+
    |ap_clk  |  10.00 ns|  6.481 ns|     2.70 ns|
    +--------+----------+----------+------------+

+ Latency: 
    * Summary: 
    +---------+---------+----------+----------+-----+-----+---------+
    |  Latency (cycles) |  Latency (absolute) |  Interval | Pipeline|
    |   min   |   max   |    min   |    max   | min | max |   Type  |
    +---------+---------+----------+----------+-----+-----+---------+
    |       14|       14|  0.140 us|  0.140 us|   14|   14|       no|
    +---------+---------+----------+----------+-----+-----+---------+

    + Detail: 
        * Instance: 
        N/A

        * Loop: 
        +---------------------+---------+---------+----------+-----------+-----------+------+----------+
        |                     |  Latency (cycles) | Iteration|  Initiation Interval  | Trip |          |
        |      Loop Name      |   min   |   max   |  Latency |  achieved |   target  | Count| Pipelined|
        +---------------------+---------+---------+----------+-----------+-----------+------+----------+
        |- VITIS_LOOP_1833_2  |       12|       12|         4|          1|          1|    10|       yes|
        +---------------------+---------+---------+----------+-----------+-----------+------+----------+

============================================================
+ Verbose Summary: Synthesis Manager
============================================================
InlineROM: 1
ExposeGlobal: 0
============================================================
+ Verbose Summary: CDFG Model
============================================================
IsTopModel: 0
ResetActiveHigh: 1
IsCombinational: 0
IsDatapathOnly: 0
HasWiredReturn: 1
HasMFsm: 2
HasVarLatency: 1
IsPipeline: 0
IsRtlPipelined: 0
IsInstanceOverlapped: 0
IsDontTouch: 0
HasImplIP: 0
IsGatedGlobalClock: 0

+ Individual pipeline summary: 
  * Pipeline-0: initiation interval (II) = 1, depth = 4


============================================================
+ Verbose Summary: Schedule
============================================================
* Number of FSM states : 4
* Pipeline : 1
  Pipeline-0 : II = 1, D = 4, States = { 1 2 3 4 }
* Dataflow Pipeline: 0

* FSM state transitions: 
1 --> 2 
2 --> 3 
3 --> 4 
4 --> 

* FSM state operations: 

State 1 <SV = 0> <Delay = 6.48>
ST_1 : Operation 7 [1/1] (0.00ns)   --->   "%empty = alloca i32 1"   --->   Operation 7 'alloca' 'empty' <Predicate = true> <Delay = 0.00>
ST_1 : Operation 8 [1/1] (0.00ns)   --->   "%empty_683 = alloca i32 1"   --->   Operation 8 'alloca' 'empty_683' <Predicate = true> <Delay = 0.00>
ST_1 : Operation 9 [1/1] (0.00ns)   --->   "%empty_684 = alloca i32 1"   --->   Operation 9 'alloca' 'empty_684' <Predicate = true> <Delay = 0.00>
ST_1 : Operation 10 [1/1] (0.00ns)   --->   "%empty_685 = alloca i32 1"   --->   Operation 10 'alloca' 'empty_685' <Predicate = true> <Delay = 0.00>
ST_1 : Operation 11 [1/1] (0.00ns)   --->   "%index = alloca i32 1" [H:/subband_ref_q610_opt_stage4_latency_stepL2.cpp:1837->H:/subband_ref_q610_opt_stage4_latency_stepL2.cpp:1866]   --->   Operation 11 'alloca' 'index' <Predicate = true> <Delay = 0.00>
ST_1 : Operation 12 [1/1] (0.00ns)   --->   "%specbramwithbyteenable_ln0 = specbramwithbyteenable void @_ssdm_op_SpecBRAMWithByteEnable, i64 %SubbandBand0TopQ610_ap_int_const_ap_int_const_ap_int_const_ap_int_const_ap_i_11"   --->   Operation 12 'specbramwithbyteenable' 'specbramwithbyteenable_ln0' <Predicate = true> <Delay = 0.00>
ST_1 : Operation 13 [1/1] (0.00ns)   --->   "%specmemcore_ln0 = specmemcore void @_ssdm_op_SpecMemCore, i64 %SubbandBand0TopQ610_ap_int_const_ap_int_const_ap_int_const_ap_int_const_ap_i_11, i64 666, i64 22, i64 18446744073709551615"   --->   Operation 13 'specmemcore' 'specmemcore_ln0' <Predicate = true> <Delay = 0.00>
ST_1 : Operation 14 [1/1] (0.00ns)   --->   "%input_ptr_35_val_read = read i16 @_ssdm_op_Read.ap_auto.i16, i16 %input_ptr_35_val"   --->   Operation 14 'read' 'input_ptr_35_val_read' <Predicate = true> <Delay = 0.00>
ST_1 : Operation 15 [1/1] (0.00ns)   --->   "%input_ptr_31_val_read = read i16 @_ssdm_op_Read.ap_auto.i16, i16 %input_ptr_31_val"   --->   Operation 15 'read' 'input_ptr_31_val_read' <Predicate = true> <Delay = 0.00>
ST_1 : Operation 16 [1/1] (0.00ns)   --->   "%input_ptr_27_val_read = read i16 @_ssdm_op_Read.ap_auto.i16, i16 %input_ptr_27_val"   --->   Operation 16 'read' 'input_ptr_27_val_read' <Predicate = true> <Delay = 0.00>
ST_1 : Operation 17 [1/1] (0.00ns)   --->   "%input_ptr_23_val_read = read i16 @_ssdm_op_Read.ap_auto.i16, i16 %input_ptr_23_val"   --->   Operation 17 'read' 'input_ptr_23_val_read' <Predicate = true> <Delay = 0.00>
ST_1 : Operation 18 [1/1] (0.00ns)   --->   "%input_ptr_19_val_read = read i16 @_ssdm_op_Read.ap_auto.i16, i16 %input_ptr_19_val"   --->   Operation 18 'read' 'input_ptr_19_val_read' <Predicate = true> <Delay = 0.00>
ST_1 : Operation 19 [1/1] (0.00ns)   --->   "%input_ptr_15_val_read = read i16 @_ssdm_op_Read.ap_auto.i16, i16 %input_ptr_15_val"   --->   Operation 19 'read' 'input_ptr_15_val_read' <Predicate = true> <Delay = 0.00>
ST_1 : Operation 20 [1/1] (0.00ns)   --->   "%input_ptr_11_val_read = read i16 @_ssdm_op_Read.ap_auto.i16, i16 %input_ptr_11_val"   --->   Operation 20 'read' 'input_ptr_11_val_read' <Predicate = true> <Delay = 0.00>
ST_1 : Operation 21 [1/1] (0.00ns)   --->   "%input_ptr_7_val_read = read i16 @_ssdm_op_Read.ap_auto.i16, i16 %input_ptr_7_val"   --->   Operation 21 'read' 'input_ptr_7_val_read' <Predicate = true> <Delay = 0.00>
ST_1 : Operation 22 [1/1] (0.00ns)   --->   "%input_ptr_3_val_read = read i16 @_ssdm_op_Read.ap_auto.i16, i16 %input_ptr_3_val"   --->   Operation 22 'read' 'input_ptr_3_val_read' <Predicate = true> <Delay = 0.00>
ST_1 : Operation 23 [1/1] (0.00ns)   --->   "%input_ptr_34_val_read = read i16 @_ssdm_op_Read.ap_auto.i16, i16 %input_ptr_34_val"   --->   Operation 23 'read' 'input_ptr_34_val_read' <Predicate = true> <Delay = 0.00>
ST_1 : Operation 24 [1/1] (0.00ns)   --->   "%input_ptr_30_val_read = read i16 @_ssdm_op_Read.ap_auto.i16, i16 %input_ptr_30_val"   --->   Operation 24 'read' 'input_ptr_30_val_read' <Predicate = true> <Delay = 0.00>
ST_1 : Operation 25 [1/1] (0.00ns)   --->   "%input_ptr_26_val_read = read i16 @_ssdm_op_Read.ap_auto.i16, i16 %input_ptr_26_val"   --->   Operation 25 'read' 'input_ptr_26_val_read' <Predicate = true> <Delay = 0.00>
ST_1 : Operation 26 [1/1] (0.00ns)   --->   "%input_ptr_22_val_read = read i16 @_ssdm_op_Read.ap_auto.i16, i16 %input_ptr_22_val"   --->   Operation 26 'read' 'input_ptr_22_val_read' <Predicate = true> <Delay = 0.00>
ST_1 : Operation 27 [1/1] (0.00ns)   --->   "%input_ptr_18_val_read = read i16 @_ssdm_op_Read.ap_auto.i16, i16 %input_ptr_18_val"   --->   Operation 27 'read' 'input_ptr_18_val_read' <Predicate = true> <Delay = 0.00>
ST_1 : Operation 28 [1/1] (0.00ns)   --->   "%input_ptr_14_val_read = read i16 @_ssdm_op_Read.ap_auto.i16, i16 %input_ptr_14_val"   --->   Operation 28 'read' 'input_ptr_14_val_read' <Predicate = true> <Delay = 0.00>
ST_1 : Operation 29 [1/1] (0.00ns)   --->   "%input_ptr_10_val_read = read i16 @_ssdm_op_Read.ap_auto.i16, i16 %input_ptr_10_val"   --->   Operation 29 'read' 'input_ptr_10_val_read' <Predicate = true> <Delay = 0.00>
ST_1 : Operation 30 [1/1] (0.00ns)   --->   "%input_ptr_6_val_read = read i16 @_ssdm_op_Read.ap_auto.i16, i16 %input_ptr_6_val"   --->   Operation 30 'read' 'input_ptr_6_val_read' <Predicate = true> <Delay = 0.00>
ST_1 : Operation 31 [1/1] (0.00ns)   --->   "%input_ptr_2_val_read = read i16 @_ssdm_op_Read.ap_auto.i16, i16 %input_ptr_2_val"   --->   Operation 31 'read' 'input_ptr_2_val_read' <Predicate = true> <Delay = 0.00>
ST_1 : Operation 32 [1/1] (0.00ns)   --->   "%input_ptr_37_val_read = read i16 @_ssdm_op_Read.ap_auto.i16, i16 %input_ptr_37_val"   --->   Operation 32 'read' 'input_ptr_37_val_read' <Predicate = true> <Delay = 0.00>
ST_1 : Operation 33 [1/1] (0.00ns)   --->   "%input_ptr_33_val_read = read i16 @_ssdm_op_Read.ap_auto.i16, i16 %input_ptr_33_val"   --->   Operation 33 'read' 'input_ptr_33_val_read' <Predicate = true> <Delay = 0.00>
ST_1 : Operation 34 [1/1] (0.00ns)   --->   "%input_ptr_29_val_read = read i16 @_ssdm_op_Read.ap_auto.i16, i16 %input_ptr_29_val"   --->   Operation 34 'read' 'input_ptr_29_val_read' <Predicate = true> <Delay = 0.00>
ST_1 : Operation 35 [1/1] (0.00ns)   --->   "%input_ptr_25_val_read = read i16 @_ssdm_op_Read.ap_auto.i16, i16 %input_ptr_25_val"   --->   Operation 35 'read' 'input_ptr_25_val_read' <Predicate = true> <Delay = 0.00>
ST_1 : Operation 36 [1/1] (0.00ns)   --->   "%input_ptr_21_val_read = read i16 @_ssdm_op_Read.ap_auto.i16, i16 %input_ptr_21_val"   --->   Operation 36 'read' 'input_ptr_21_val_read' <Predicate = true> <Delay = 0.00>
ST_1 : Operation 37 [1/1] (0.00ns)   --->   "%input_ptr_17_val_read = read i16 @_ssdm_op_Read.ap_auto.i16, i16 %input_ptr_17_val"   --->   Operation 37 'read' 'input_ptr_17_val_read' <Predicate = true> <Delay = 0.00>
ST_1 : Operation 38 [1/1] (0.00ns)   --->   "%input_ptr_13_val_read = read i16 @_ssdm_op_Read.ap_auto.i16, i16 %input_ptr_13_val"   --->   Operation 38 'read' 'input_ptr_13_val_read' <Predicate = true> <Delay = 0.00>
ST_1 : Operation 39 [1/1] (0.00ns)   --->   "%input_ptr_9_val_read = read i16 @_ssdm_op_Read.ap_auto.i16, i16 %input_ptr_9_val"   --->   Operation 39 'read' 'input_ptr_9_val_read' <Predicate = true> <Delay = 0.00>
ST_1 : Operation 40 [1/1] (0.00ns)   --->   "%input_ptr_5_val_read = read i16 @_ssdm_op_Read.ap_auto.i16, i16 %input_ptr_5_val"   --->   Operation 40 'read' 'input_ptr_5_val_read' <Predicate = true> <Delay = 0.00>
ST_1 : Operation 41 [1/1] (0.00ns)   --->   "%input_ptr_1_val_read = read i16 @_ssdm_op_Read.ap_auto.i16, i16 %input_ptr_1_val"   --->   Operation 41 'read' 'input_ptr_1_val_read' <Predicate = true> <Delay = 0.00>
ST_1 : Operation 42 [1/1] (0.00ns)   --->   "%add_ln1839_3_read = read i11 @_ssdm_op_Read.ap_auto.i11, i11 %add_ln1839_3"   --->   Operation 42 'read' 'add_ln1839_3_read' <Predicate = true> <Delay = 0.00>
ST_1 : Operation 43 [1/1] (0.00ns)   --->   "%input_ptr_36_val_read = read i16 @_ssdm_op_Read.ap_auto.i16, i16 %input_ptr_36_val"   --->   Operation 43 'read' 'input_ptr_36_val_read' <Predicate = true> <Delay = 0.00>
ST_1 : Operation 44 [1/1] (0.00ns)   --->   "%input_ptr_32_val_read = read i16 @_ssdm_op_Read.ap_auto.i16, i16 %input_ptr_32_val"   --->   Operation 44 'read' 'input_ptr_32_val_read' <Predicate = true> <Delay = 0.00>
ST_1 : Operation 45 [1/1] (0.00ns)   --->   "%input_ptr_28_val_read = read i16 @_ssdm_op_Read.ap_auto.i16, i16 %input_ptr_28_val"   --->   Operation 45 'read' 'input_ptr_28_val_read' <Predicate = true> <Delay = 0.00>
ST_1 : Operation 46 [1/1] (0.00ns)   --->   "%input_ptr_24_val_read = read i16 @_ssdm_op_Read.ap_auto.i16, i16 %input_ptr_24_val"   --->   Operation 46 'read' 'input_ptr_24_val_read' <Predicate = true> <Delay = 0.00>
ST_1 : Operation 47 [1/1] (0.00ns)   --->   "%input_ptr_20_val_read = read i16 @_ssdm_op_Read.ap_auto.i16, i16 %input_ptr_20_val"   --->   Operation 47 'read' 'input_ptr_20_val_read' <Predicate = true> <Delay = 0.00>
ST_1 : Operation 48 [1/1] (0.00ns)   --->   "%input_ptr_16_val_read = read i16 @_ssdm_op_Read.ap_auto.i16, i16 %input_ptr_16_val"   --->   Operation 48 'read' 'input_ptr_16_val_read' <Predicate = true> <Delay = 0.00>
ST_1 : Operation 49 [1/1] (0.00ns)   --->   "%input_ptr_12_val_read = read i16 @_ssdm_op_Read.ap_auto.i16, i16 %input_ptr_12_val"   --->   Operation 49 'read' 'input_ptr_12_val_read' <Predicate = true> <Delay = 0.00>
ST_1 : Operation 50 [1/1] (0.00ns)   --->   "%input_ptr_8_val_read = read i16 @_ssdm_op_Read.ap_auto.i16, i16 %input_ptr_8_val"   --->   Operation 50 'read' 'input_ptr_8_val_read' <Predicate = true> <Delay = 0.00>
ST_1 : Operation 51 [1/1] (0.00ns)   --->   "%input_ptr_4_val_read = read i16 @_ssdm_op_Read.ap_auto.i16, i16 %input_ptr_4_val"   --->   Operation 51 'read' 'input_ptr_4_val_read' <Predicate = true> <Delay = 0.00>
ST_1 : Operation 52 [1/1] (0.00ns)   --->   "%input_ptr_0_val_read = read i16 @_ssdm_op_Read.ap_auto.i16, i16 %input_ptr_0_val"   --->   Operation 52 'read' 'input_ptr_0_val_read' <Predicate = true> <Delay = 0.00>
ST_1 : Operation 53 [1/1] (1.58ns)   --->   "%store_ln1837 = store i6 0, i6 %index" [H:/subband_ref_q610_opt_stage4_latency_stepL2.cpp:1837->H:/subband_ref_q610_opt_stage4_latency_stepL2.cpp:1866]   --->   Operation 53 'store' 'store_ln1837' <Predicate = true> <Delay = 1.58>
ST_1 : Operation 54 [1/1] (1.58ns)   --->   "%store_ln0 = store i48 0, i48 %empty_685"   --->   Operation 54 'store' 'store_ln0' <Predicate = true> <Delay = 1.58>
ST_1 : Operation 55 [1/1] (1.58ns)   --->   "%store_ln0 = store i48 0, i48 %empty_684"   --->   Operation 55 'store' 'store_ln0' <Predicate = true> <Delay = 1.58>
ST_1 : Operation 56 [1/1] (1.58ns)   --->   "%store_ln0 = store i35 0, i35 %empty_683"   --->   Operation 56 'store' 'store_ln0' <Predicate = true> <Delay = 1.58>
ST_1 : Operation 57 [1/1] (1.58ns)   --->   "%store_ln0 = store i35 0, i35 %empty"   --->   Operation 57 'store' 'store_ln0' <Predicate = true> <Delay = 1.58>
ST_1 : Operation 58 [1/1] (0.00ns)   --->   "%br_ln0 = br void %for.body4.i52.1"   --->   Operation 58 'br' 'br_ln0' <Predicate = true> <Delay = 0.00>
ST_1 : Operation 59 [1/1] (0.00ns)   --->   "%base_index = load i6 %index" [H:/subband_ref_q610_opt_stage4_latency_stepL2.cpp:1833->H:/subband_ref_q610_opt_stage4_latency_stepL2.cpp:1866]   --->   Operation 59 'load' 'base_index' <Predicate = true> <Delay = 0.00>
ST_1 : Operation 60 [1/1] (1.82ns)   --->   "%icmp_ln1833 = icmp_ult  i6 %base_index, i6 38" [H:/subband_ref_q610_opt_stage4_latency_stepL2.cpp:1833->H:/subband_ref_q610_opt_stage4_latency_stepL2.cpp:1866]   --->   Operation 60 'icmp' 'icmp_ln1833' <Predicate = true> <Delay = 1.82> <CoreInst = "Cmp">   --->   Core 9 'Cmp' <Latency = 0> <II = 1> <Delay = 1.82> <FuncUnit> <Opcode : 'icmp'> <InPorts = 2> <OutPorts = 1>
ST_1 : Operation 61 [1/1] (0.00ns)   --->   "%br_ln1833 = br i1 %icmp_ln1833, void %for.body4.i.1.preheader.exitStub, void %fpga_resource_hint.for.body4.i52.1.41" [H:/subband_ref_q610_opt_stage4_latency_stepL2.cpp:1833->H:/subband_ref_q610_opt_stage4_latency_stepL2.cpp:1866]   --->   Operation 61 'br' 'br_ln1833' <Predicate = true> <Delay = 0.00>
ST_1 : Operation 62 [1/1] (0.00ns)   --->   "%lshr_ln1833_2 = partselect i4 @_ssdm_op_PartSelect.i4.i6.i32.i32, i6 %base_index, i32 2, i32 5" [H:/subband_ref_q610_opt_stage4_latency_stepL2.cpp:1833->H:/subband_ref_q610_opt_stage4_latency_stepL2.cpp:1866]   --->   Operation 62 'partselect' 'lshr_ln1833_2' <Predicate = (icmp_ln1833)> <Delay = 0.00>
ST_1 : Operation 63 [1/1] (0.00ns) (grouped into LUT with out node icmp_ln1838)   --->   "%or_ln1833 = or i6 %base_index, i6 2" [H:/subband_ref_q610_opt_stage4_latency_stepL2.cpp:1833->H:/subband_ref_q610_opt_stage4_latency_stepL2.cpp:1866]   --->   Operation 63 'or' 'or_ln1833' <Predicate = (icmp_ln1833)> <Delay = 0.00>
ST_1 : Operation 64 [1/1] (2.54ns)   --->   "%lhs = sparsemux i16 @_ssdm_op_SparseMux.ap_auto.10i16.i16.i6, i6 0, i16 %input_ptr_0_val_read, i6 4, i16 %input_ptr_4_val_read, i6 8, i16 %input_ptr_8_val_read, i6 12, i16 %input_ptr_12_val_read, i6 16, i16 %input_ptr_16_val_read, i6 20, i16 %input_ptr_20_val_read, i6 24, i16 %input_ptr_24_val_read, i6 28, i16 %input_ptr_28_val_read, i6 32, i16 %input_ptr_32_val_read, i6 36, i16 %input_ptr_36_val_read, i16 0, i6 %base_index" [H:/subband_ref_q610_opt_stage4_latency_stepL2.cpp:1833->H:/subband_ref_q610_opt_stage4_latency_stepL2.cpp:1866]   --->   Operation 64 'sparsemux' 'lhs' <Predicate = (icmp_ln1833)> <Delay = 2.54> <CoreInst = "SparseMux">   --->   Core 135 'SparseMux' <Latency = 0> <II = 1> <Delay = 2.54> <FuncUnit> <Opcode : 'sparsemux'> <InPorts = 2> <OutPorts = 1>
ST_1 : Operation 65 [1/1] (0.00ns)   --->   "%zext_ln1839 = zext i4 %lshr_ln1833_2" [H:/subband_ref_q610_opt_stage4_latency_stepL2.cpp:1839->H:/subband_ref_q610_opt_stage4_latency_stepL2.cpp:1866]   --->   Operation 65 'zext' 'zext_ln1839' <Predicate = (icmp_ln1833)> <Delay = 0.00>
ST_1 : Operation 66 [1/1] (1.63ns)   --->   "%add_ln1839 = add i11 %add_ln1839_3_read, i11 %zext_ln1839" [H:/subband_ref_q610_opt_stage4_latency_stepL2.cpp:1839->H:/subband_ref_q610_opt_stage4_latency_stepL2.cpp:1866]   --->   Operation 66 'add' 'add_ln1839' <Predicate = (icmp_ln1833)> <Delay = 1.63> <CoreInst = "Adder">   --->   Core 1 'Adder' <Latency = 0> <II = 1> <Delay = 1.63> <FuncUnit> <Opcode : 'add' 'sub'> <InPorts = 2> <OutPorts = 1>
ST_1 : Operation 67 [1/1] (0.00ns)   --->   "%zext_ln1839_4 = zext i11 %add_ln1839" [H:/subband_ref_q610_opt_stage4_latency_stepL2.cpp:1839->H:/subband_ref_q610_opt_stage4_latency_stepL2.cpp:1866]   --->   Operation 67 'zext' 'zext_ln1839_4' <Predicate = (icmp_ln1833)> <Delay = 0.00>
ST_1 : Operation 68 [1/1] (0.00ns)   --->   "%SubbandBand0TopQ610_ap_int_const_ap_int_const_ap_int_const_ap_int_const_ap_i_29 = getelementptr i64 %SubbandBand0TopQ610_ap_int_const_ap_int_const_ap_int_const_ap_int_const_ap_i_11, i32 0, i32 %zext_ln1839_4" [H:/subband_ref_q610_opt_stage4_latency_stepL2.cpp:1839->H:/subband_ref_q610_opt_stage4_latency_stepL2.cpp:1866]   --->   Operation 68 'getelementptr' 'SubbandBand0TopQ610_ap_int_const_ap_int_const_ap_int_const_ap_int_const_ap_i_29' <Predicate = (icmp_ln1833)> <Delay = 0.00>
ST_1 : Operation 69 [2/2] (3.25ns)   --->   "%SubbandBand0TopQ610_ap_int_const_ap_int_const_ap_int_const_ap_int_const_ap_i_30 = load i11 %SubbandBand0TopQ610_ap_int_const_ap_int_const_ap_int_const_ap_int_const_ap_i_29" [H:/subband_ref_q610_opt_stage4_latency_stepL2.cpp:1839->H:/subband_ref_q610_opt_stage4_latency_stepL2.cpp:1866]   --->   Operation 69 'load' 'SubbandBand0TopQ610_ap_int_const_ap_int_const_ap_int_const_ap_int_const_ap_i_30' <Predicate = (icmp_ln1833)> <Delay = 3.25> <CoreInst = "RAM_2P_BRAM">   --->   Core 91 'RAM_2P_BRAM' <Latency = 1> <II = 1> <Delay = 3.25> <Storage> <Opcode : 'load' 'store'> <Ports = 2> <Width = 64> <Depth = 1120> <RAM>
ST_1 : Operation 70 [1/1] (2.54ns)   --->   "%lhs_106 = sparsemux i16 @_ssdm_op_SparseMux.ap_auto.10i16.i16.i6, i6 0, i16 %input_ptr_1_val_read, i6 4, i16 %input_ptr_5_val_read, i6 8, i16 %input_ptr_9_val_read, i6 12, i16 %input_ptr_13_val_read, i6 16, i16 %input_ptr_17_val_read, i6 20, i16 %input_ptr_21_val_read, i6 24, i16 %input_ptr_25_val_read, i6 28, i16 %input_ptr_29_val_read, i6 32, i16 %input_ptr_33_val_read, i6 36, i16 %input_ptr_37_val_read, i16 0, i6 %base_index" [H:/subband_ref_q610_opt_stage4_latency_stepL2.cpp:1833->H:/subband_ref_q610_opt_stage4_latency_stepL2.cpp:1866]   --->   Operation 70 'sparsemux' 'lhs_106' <Predicate = (icmp_ln1833)> <Delay = 2.54> <CoreInst = "SparseMux">   --->   Core 135 'SparseMux' <Latency = 0> <II = 1> <Delay = 2.54> <FuncUnit> <Opcode : 'sparsemux'> <InPorts = 2> <OutPorts = 1>
ST_1 : Operation 71 [1/1] (1.82ns) (out node of the LUT)   --->   "%icmp_ln1838 = icmp_ult  i6 %or_ln1833, i6 38" [H:/subband_ref_q610_opt_stage4_latency_stepL2.cpp:1838->H:/subband_ref_q610_opt_stage4_latency_stepL2.cpp:1866]   --->   Operation 71 'icmp' 'icmp_ln1838' <Predicate = (icmp_ln1833)> <Delay = 1.82> <CoreInst = "Cmp">   --->   Core 9 'Cmp' <Latency = 0> <II = 1> <Delay = 1.82> <FuncUnit> <Opcode : 'icmp'> <InPorts = 2> <OutPorts = 1>
ST_1 : Operation 72 [1/1] (2.42ns)   --->   "%lhs_107 = sparsemux i16 @_ssdm_op_SparseMux.ap_auto.9i16.i16.i6, i6 0, i16 %input_ptr_2_val_read, i6 4, i16 %input_ptr_6_val_read, i6 8, i16 %input_ptr_10_val_read, i6 12, i16 %input_ptr_14_val_read, i6 16, i16 %input_ptr_18_val_read, i6 20, i16 %input_ptr_22_val_read, i6 24, i16 %input_ptr_26_val_read, i6 28, i16 %input_ptr_30_val_read, i6 32, i16 %input_ptr_34_val_read, i16 0, i6 %base_index" [H:/subband_ref_q610_opt_stage4_latency_stepL2.cpp:1833->H:/subband_ref_q610_opt_stage4_latency_stepL2.cpp:1866]   --->   Operation 72 'sparsemux' 'lhs_107' <Predicate = (icmp_ln1833)> <Delay = 2.42> <CoreInst = "SparseMux">   --->   Core 135 'SparseMux' <Latency = 0> <II = 1> <Delay = 2.42> <FuncUnit> <Opcode : 'sparsemux'> <InPorts = 2> <OutPorts = 1>
ST_1 : Operation 73 [1/1] (2.42ns)   --->   "%lhs_108 = sparsemux i16 @_ssdm_op_SparseMux.ap_auto.9i16.i16.i6, i6 0, i16 %input_ptr_3_val_read, i6 4, i16 %input_ptr_7_val_read, i6 8, i16 %input_ptr_11_val_read, i6 12, i16 %input_ptr_15_val_read, i6 16, i16 %input_ptr_19_val_read, i6 20, i16 %input_ptr_23_val_read, i6 24, i16 %input_ptr_27_val_read, i6 28, i16 %input_ptr_31_val_read, i6 32, i16 %input_ptr_35_val_read, i16 0, i6 %base_index" [H:/subband_ref_q610_opt_stage4_latency_stepL2.cpp:1833->H:/subband_ref_q610_opt_stage4_latency_stepL2.cpp:1866]   --->   Operation 73 'sparsemux' 'lhs_108' <Predicate = (icmp_ln1833)> <Delay = 2.42> <CoreInst = "SparseMux">   --->   Core 135 'SparseMux' <Latency = 0> <II = 1> <Delay = 2.42> <FuncUnit> <Opcode : 'sparsemux'> <InPorts = 2> <OutPorts = 1>
ST_1 : Operation 74 [1/1] (1.82ns)   --->   "%add_ln1833 = add i6 %base_index, i6 4" [H:/subband_ref_q610_opt_stage4_latency_stepL2.cpp:1833->H:/subband_ref_q610_opt_stage4_latency_stepL2.cpp:1866]   --->   Operation 74 'add' 'add_ln1833' <Predicate = (icmp_ln1833)> <Delay = 1.82> <CoreInst = "Adder">   --->   Core 1 'Adder' <Latency = 0> <II = 1> <Delay = 1.82> <FuncUnit> <Opcode : 'add' 'sub'> <InPorts = 2> <OutPorts = 1>
ST_1 : Operation 75 [1/1] (1.58ns)   --->   "%store_ln1837 = store i6 %add_ln1833, i6 %index" [H:/subband_ref_q610_opt_stage4_latency_stepL2.cpp:1837->H:/subband_ref_q610_opt_stage4_latency_stepL2.cpp:1866]   --->   Operation 75 'store' 'store_ln1837' <Predicate = (icmp_ln1833)> <Delay = 1.58>

State 2 <SV = 1> <Delay = 4.30>
ST_2 : Operation 76 [1/2] (3.25ns)   --->   "%SubbandBand0TopQ610_ap_int_const_ap_int_const_ap_int_const_ap_int_const_ap_i_30 = load i11 %SubbandBand0TopQ610_ap_int_const_ap_int_const_ap_int_const_ap_int_const_ap_i_29" [H:/subband_ref_q610_opt_stage4_latency_stepL2.cpp:1839->H:/subband_ref_q610_opt_stage4_latency_stepL2.cpp:1866]   --->   Operation 76 'load' 'SubbandBand0TopQ610_ap_int_const_ap_int_const_ap_int_const_ap_int_const_ap_i_30' <Predicate = true> <Delay = 3.25> <CoreInst = "RAM_2P_BRAM">   --->   Core 91 'RAM_2P_BRAM' <Latency = 1> <II = 1> <Delay = 3.25> <Storage> <Opcode : 'load' 'store'> <Ports = 2> <Width = 64> <Depth = 1120> <RAM>
ST_2 : Operation 77 [1/1] (0.00ns)   --->   "%rhs = trunc i64 %SubbandBand0TopQ610_ap_int_const_ap_int_const_ap_int_const_ap_int_const_ap_i_30" [H:/subband_ref_q610_opt_stage4_latency_stepL2.cpp:1839->H:/subband_ref_q610_opt_stage4_latency_stepL2.cpp:1866]   --->   Operation 77 'trunc' 'rhs' <Predicate = true> <Delay = 0.00>
ST_2 : Operation 78 [1/1] (0.00ns)   --->   "%sext_ln1625_49 = sext i16 %lhs" [H:/subband_ref_q610_opt_stage4_latency_stepL2.cpp:1625->H:/subband_ref_q610_opt_stage4_latency_stepL2.cpp:1839->H:/subband_ref_q610_opt_stage4_latency_stepL2.cpp:1866]   --->   Operation 78 'sext' 'sext_ln1625_49' <Predicate = true> <Delay = 0.00>
ST_2 : Operation 79 [1/1] (0.00ns)   --->   "%sext_ln1625_50 = sext i16 %rhs" [H:/subband_ref_q610_opt_stage4_latency_stepL2.cpp:1625->H:/subband_ref_q610_opt_stage4_latency_stepL2.cpp:1839->H:/subband_ref_q610_opt_stage4_latency_stepL2.cpp:1866]   --->   Operation 79 'sext' 'sext_ln1625_50' <Predicate = true> <Delay = 0.00>
ST_2 : Operation 80 [3/3] (1.05ns) (grouped into DSP with root node total_q20)   --->   "%product_q20 = mul i32 %sext_ln1625_50, i32 %sext_ln1625_49" [H:/subband_ref_q610_opt_stage4_latency_stepL2.cpp:1625->H:/subband_ref_q610_opt_stage4_latency_stepL2.cpp:1839->H:/subband_ref_q610_opt_stage4_latency_stepL2.cpp:1866]   --->   Operation 80 'mul' 'product_q20' <Predicate = true> <Delay = 1.05> <CoreInst = "DSP48">   --->   Core 119 'DSP48' <Latency = 2> <II = 1> <Delay = 3.88> <IPBlock> <Opcode : '' 'add' 'sub' 'mul' 'select'> <InPorts = 0> <OutPorts = 1> <Sync> <CReg>
ST_2 : Operation 81 [1/1] (0.00ns)   --->   "%rhs_97 = partselect i16 @_ssdm_op_PartSelect.i16.i64.i32.i32, i64 %SubbandBand0TopQ610_ap_int_const_ap_int_const_ap_int_const_ap_int_const_ap_i_30, i32 16, i32 31" [H:/subband_ref_q610_opt_stage4_latency_stepL2.cpp:1839->H:/subband_ref_q610_opt_stage4_latency_stepL2.cpp:1866]   --->   Operation 81 'partselect' 'rhs_97' <Predicate = true> <Delay = 0.00>
ST_2 : Operation 82 [1/1] (0.00ns)   --->   "%sext_ln1625_51 = sext i16 %lhs_106" [H:/subband_ref_q610_opt_stage4_latency_stepL2.cpp:1625->H:/subband_ref_q610_opt_stage4_latency_stepL2.cpp:1839->H:/subband_ref_q610_opt_stage4_latency_stepL2.cpp:1866]   --->   Operation 82 'sext' 'sext_ln1625_51' <Predicate = true> <Delay = 0.00>
ST_2 : Operation 83 [1/1] (0.00ns)   --->   "%sext_ln1625_52 = sext i16 %rhs_97" [H:/subband_ref_q610_opt_stage4_latency_stepL2.cpp:1625->H:/subband_ref_q610_opt_stage4_latency_stepL2.cpp:1839->H:/subband_ref_q610_opt_stage4_latency_stepL2.cpp:1866]   --->   Operation 83 'sext' 'sext_ln1625_52' <Predicate = true> <Delay = 0.00>
ST_2 : Operation 84 [3/3] (1.05ns) (grouped into DSP with root node add_ln1839_36)   --->   "%product_q20_106 = mul i32 %sext_ln1625_52, i32 %sext_ln1625_51" [H:/subband_ref_q610_opt_stage4_latency_stepL2.cpp:1625->H:/subband_ref_q610_opt_stage4_latency_stepL2.cpp:1839->H:/subband_ref_q610_opt_stage4_latency_stepL2.cpp:1866]   --->   Operation 84 'mul' 'product_q20_106' <Predicate = true> <Delay = 1.05> <CoreInst = "DSP48">   --->   Core 119 'DSP48' <Latency = 2> <II = 1> <Delay = 3.88> <IPBlock> <Opcode : '' 'add' 'sub' 'mul' 'select'> <InPorts = 0> <OutPorts = 1> <Sync> <CReg>
ST_2 : Operation 85 [1/1] (0.00ns)   --->   "%rhs_98 = partselect i16 @_ssdm_op_PartSelect.i16.i64.i32.i32, i64 %SubbandBand0TopQ610_ap_int_const_ap_int_const_ap_int_const_ap_int_const_ap_i_30, i32 32, i32 47" [H:/subband_ref_q610_opt_stage4_latency_stepL2.cpp:1839->H:/subband_ref_q610_opt_stage4_latency_stepL2.cpp:1866]   --->   Operation 85 'partselect' 'rhs_98' <Predicate = (icmp_ln1838)> <Delay = 0.00>
ST_2 : Operation 86 [1/1] (0.00ns)   --->   "%sext_ln1625_53 = sext i16 %lhs_107" [H:/subband_ref_q610_opt_stage4_latency_stepL2.cpp:1625->H:/subband_ref_q610_opt_stage4_latency_stepL2.cpp:1839->H:/subband_ref_q610_opt_stage4_latency_stepL2.cpp:1866]   --->   Operation 86 'sext' 'sext_ln1625_53' <Predicate = (icmp_ln1838)> <Delay = 0.00>
ST_2 : Operation 87 [1/1] (0.00ns)   --->   "%sext_ln1625_54 = sext i16 %rhs_98" [H:/subband_ref_q610_opt_stage4_latency_stepL2.cpp:1625->H:/subband_ref_q610_opt_stage4_latency_stepL2.cpp:1839->H:/subband_ref_q610_opt_stage4_latency_stepL2.cpp:1866]   --->   Operation 87 'sext' 'sext_ln1625_54' <Predicate = (icmp_ln1838)> <Delay = 0.00>
ST_2 : Operation 88 [3/3] (1.05ns) (grouped into DSP with root node add_ln1839_37)   --->   "%product_q20_107 = mul i32 %sext_ln1625_54, i32 %sext_ln1625_53" [H:/subband_ref_q610_opt_stage4_latency_stepL2.cpp:1625->H:/subband_ref_q610_opt_stage4_latency_stepL2.cpp:1839->H:/subband_ref_q610_opt_stage4_latency_stepL2.cpp:1866]   --->   Operation 88 'mul' 'product_q20_107' <Predicate = (icmp_ln1838)> <Delay = 1.05> <CoreInst = "DSP48">   --->   Core 119 'DSP48' <Latency = 2> <II = 1> <Delay = 3.88> <IPBlock> <Opcode : '' 'add' 'sub' 'mul' 'select'> <InPorts = 0> <OutPorts = 1> <Sync> <CReg>
ST_2 : Operation 89 [1/1] (0.00ns)   --->   "%rhs_99 = partselect i16 @_ssdm_op_PartSelect.i16.i64.i32.i32, i64 %SubbandBand0TopQ610_ap_int_const_ap_int_const_ap_int_const_ap_int_const_ap_i_30, i32 48, i32 63" [H:/subband_ref_q610_opt_stage4_latency_stepL2.cpp:1839->H:/subband_ref_q610_opt_stage4_latency_stepL2.cpp:1866]   --->   Operation 89 'partselect' 'rhs_99' <Predicate = (icmp_ln1838)> <Delay = 0.00>
ST_2 : Operation 90 [1/1] (0.00ns)   --->   "%sext_ln1625_56 = sext i16 %lhs_108" [H:/subband_ref_q610_opt_stage4_latency_stepL2.cpp:1625->H:/subband_ref_q610_opt_stage4_latency_stepL2.cpp:1839->H:/subband_ref_q610_opt_stage4_latency_stepL2.cpp:1866]   --->   Operation 90 'sext' 'sext_ln1625_56' <Predicate = (icmp_ln1838)> <Delay = 0.00>
ST_2 : Operation 91 [1/1] (0.00ns)   --->   "%sext_ln1625_57 = sext i16 %rhs_99" [H:/subband_ref_q610_opt_stage4_latency_stepL2.cpp:1625->H:/subband_ref_q610_opt_stage4_latency_stepL2.cpp:1839->H:/subband_ref_q610_opt_stage4_latency_stepL2.cpp:1866]   --->   Operation 91 'sext' 'sext_ln1625_57' <Predicate = (icmp_ln1838)> <Delay = 0.00>
ST_2 : Operation 92 [3/3] (1.05ns) (grouped into DSP with root node add_ln1839_38)   --->   "%product_q20_108 = mul i32 %sext_ln1625_57, i32 %sext_ln1625_56" [H:/subband_ref_q610_opt_stage4_latency_stepL2.cpp:1625->H:/subband_ref_q610_opt_stage4_latency_stepL2.cpp:1839->H:/subband_ref_q610_opt_stage4_latency_stepL2.cpp:1866]   --->   Operation 92 'mul' 'product_q20_108' <Predicate = (icmp_ln1838)> <Delay = 1.05> <CoreInst = "DSP48">   --->   Core 119 'DSP48' <Latency = 2> <II = 1> <Delay = 3.88> <IPBlock> <Opcode : '' 'add' 'sub' 'mul' 'select'> <InPorts = 0> <OutPorts = 1> <Sync> <CReg>

State 3 <SV = 2> <Delay = 1.05>
ST_3 : Operation 93 [2/3] (1.05ns) (grouped into DSP with root node total_q20)   --->   "%product_q20 = mul i32 %sext_ln1625_50, i32 %sext_ln1625_49" [H:/subband_ref_q610_opt_stage4_latency_stepL2.cpp:1625->H:/subband_ref_q610_opt_stage4_latency_stepL2.cpp:1839->H:/subband_ref_q610_opt_stage4_latency_stepL2.cpp:1866]   --->   Operation 93 'mul' 'product_q20' <Predicate = true> <Delay = 1.05> <CoreInst = "DSP48">   --->   Core 119 'DSP48' <Latency = 2> <II = 1> <Delay = 3.88> <IPBlock> <Opcode : '' 'add' 'sub' 'mul' 'select'> <InPorts = 0> <OutPorts = 1> <Sync> <CReg>
ST_3 : Operation 94 [2/3] (1.05ns) (grouped into DSP with root node add_ln1839_36)   --->   "%product_q20_106 = mul i32 %sext_ln1625_52, i32 %sext_ln1625_51" [H:/subband_ref_q610_opt_stage4_latency_stepL2.cpp:1625->H:/subband_ref_q610_opt_stage4_latency_stepL2.cpp:1839->H:/subband_ref_q610_opt_stage4_latency_stepL2.cpp:1866]   --->   Operation 94 'mul' 'product_q20_106' <Predicate = true> <Delay = 1.05> <CoreInst = "DSP48">   --->   Core 119 'DSP48' <Latency = 2> <II = 1> <Delay = 3.88> <IPBlock> <Opcode : '' 'add' 'sub' 'mul' 'select'> <InPorts = 0> <OutPorts = 1> <Sync> <CReg>
ST_3 : Operation 95 [2/3] (1.05ns) (grouped into DSP with root node add_ln1839_37)   --->   "%product_q20_107 = mul i32 %sext_ln1625_54, i32 %sext_ln1625_53" [H:/subband_ref_q610_opt_stage4_latency_stepL2.cpp:1625->H:/subband_ref_q610_opt_stage4_latency_stepL2.cpp:1839->H:/subband_ref_q610_opt_stage4_latency_stepL2.cpp:1866]   --->   Operation 95 'mul' 'product_q20_107' <Predicate = (icmp_ln1838)> <Delay = 1.05> <CoreInst = "DSP48">   --->   Core 119 'DSP48' <Latency = 2> <II = 1> <Delay = 3.88> <IPBlock> <Opcode : '' 'add' 'sub' 'mul' 'select'> <InPorts = 0> <OutPorts = 1> <Sync> <CReg>
ST_3 : Operation 96 [2/3] (1.05ns) (grouped into DSP with root node add_ln1839_38)   --->   "%product_q20_108 = mul i32 %sext_ln1625_57, i32 %sext_ln1625_56" [H:/subband_ref_q610_opt_stage4_latency_stepL2.cpp:1625->H:/subband_ref_q610_opt_stage4_latency_stepL2.cpp:1839->H:/subband_ref_q610_opt_stage4_latency_stepL2.cpp:1866]   --->   Operation 96 'mul' 'product_q20_108' <Predicate = (icmp_ln1838)> <Delay = 1.05> <CoreInst = "DSP48">   --->   Core 119 'DSP48' <Latency = 2> <II = 1> <Delay = 3.88> <IPBlock> <Opcode : '' 'add' 'sub' 'mul' 'select'> <InPorts = 0> <OutPorts = 1> <Sync> <CReg>
ST_3 : Operation 135 [1/1] (0.00ns)   --->   "%p_load49 = load i35 %empty"   --->   Operation 135 'load' 'p_load49' <Predicate = (!icmp_ln1833)> <Delay = 0.00>
ST_3 : Operation 136 [1/1] (0.00ns)   --->   "%p_load47 = load i35 %empty_683"   --->   Operation 136 'load' 'p_load47' <Predicate = (!icmp_ln1833)> <Delay = 0.00>
ST_3 : Operation 137 [1/1] (0.00ns)   --->   "%p_load45 = load i48 %empty_684"   --->   Operation 137 'load' 'p_load45' <Predicate = (!icmp_ln1833)> <Delay = 0.00>
ST_3 : Operation 138 [1/1] (0.00ns)   --->   "%p_load43 = load i48 %empty_685"   --->   Operation 138 'load' 'p_load43' <Predicate = (!icmp_ln1833)> <Delay = 0.00>
ST_3 : Operation 139 [1/1] (0.00ns)   --->   "%write_ln0 = write void @_ssdm_op_Write.ap_auto.i48P0A, i48 %p_out, i48 %p_load43"   --->   Operation 139 'write' 'write_ln0' <Predicate = (!icmp_ln1833)> <Delay = 0.00>
ST_3 : Operation 140 [1/1] (0.00ns)   --->   "%write_ln0 = write void @_ssdm_op_Write.ap_auto.i48P0A, i48 %p_out1, i48 %p_load45"   --->   Operation 140 'write' 'write_ln0' <Predicate = (!icmp_ln1833)> <Delay = 0.00>
ST_3 : Operation 141 [1/1] (0.00ns)   --->   "%write_ln0 = write void @_ssdm_op_Write.ap_auto.i35P0A, i35 %p_out2, i35 %p_load47"   --->   Operation 141 'write' 'write_ln0' <Predicate = (!icmp_ln1833)> <Delay = 0.00>
ST_3 : Operation 142 [1/1] (0.00ns)   --->   "%write_ln0 = write void @_ssdm_op_Write.ap_auto.i35P0A, i35 %p_out3, i35 %p_load49"   --->   Operation 142 'write' 'write_ln0' <Predicate = (!icmp_ln1833)> <Delay = 0.00>
ST_3 : Operation 143 [1/1] (0.00ns)   --->   "%ret_ln0 = ret"   --->   Operation 143 'ret' 'ret_ln0' <Predicate = (!icmp_ln1833)> <Delay = 0.00>

State 4 <SV = 3> <Delay = 5.57>
ST_4 : Operation 97 [1/1] (0.00ns)   --->   "%p_load48 = load i35 %empty" [H:/subband_ref_q610_opt_stage4_latency_stepL2.cpp:1839->H:/subband_ref_q610_opt_stage4_latency_stepL2.cpp:1866]   --->   Operation 97 'load' 'p_load48' <Predicate = true> <Delay = 0.00>
ST_4 : Operation 98 [1/1] (0.00ns)   --->   "%p_load46 = load i35 %empty_683" [H:/subband_ref_q610_opt_stage4_latency_stepL2.cpp:1839->H:/subband_ref_q610_opt_stage4_latency_stepL2.cpp:1866]   --->   Operation 98 'load' 'p_load46' <Predicate = true> <Delay = 0.00>
ST_4 : Operation 99 [1/1] (0.00ns)   --->   "%p_load44 = load i48 %empty_684" [H:/subband_ref_q610_opt_stage4_latency_stepL2.cpp:1839->H:/subband_ref_q610_opt_stage4_latency_stepL2.cpp:1866]   --->   Operation 99 'load' 'p_load44' <Predicate = true> <Delay = 0.00>
ST_4 : Operation 100 [1/1] (0.00ns)   --->   "%p_load = load i48 %empty_685" [H:/subband_ref_q610_opt_stage4_latency_stepL2.cpp:1839->H:/subband_ref_q610_opt_stage4_latency_stepL2.cpp:1866]   --->   Operation 100 'load' 'p_load' <Predicate = true> <Delay = 0.00>
ST_4 : Operation 101 [1/1] (0.00ns)   --->   "%specpipeline_ln1834 = specpipeline void @_ssdm_op_SpecPipeline, i32 1, i32 0, i32 0, i32 0, void @empty_25" [H:/subband_ref_q610_opt_stage4_latency_stepL2.cpp:1834->H:/subband_ref_q610_opt_stage4_latency_stepL2.cpp:1866]   --->   Operation 101 'specpipeline' 'specpipeline_ln1834' <Predicate = true> <Delay = 0.00>
ST_4 : Operation 102 [1/1] (0.00ns)   --->   "%speclooptripcount_ln1833 = speclooptripcount void @_ssdm_op_SpecLoopTripCount, i64 10, i64 10, i64 10" [H:/subband_ref_q610_opt_stage4_latency_stepL2.cpp:1833->H:/subband_ref_q610_opt_stage4_latency_stepL2.cpp:1866]   --->   Operation 102 'speclooptripcount' 'speclooptripcount_ln1833' <Predicate = true> <Delay = 0.00>
ST_4 : Operation 103 [1/1] (0.00ns)   --->   "%specloopname_ln1833 = specloopname void @_ssdm_op_SpecLoopName, void @empty_204" [H:/subband_ref_q610_opt_stage4_latency_stepL2.cpp:1833->H:/subband_ref_q610_opt_stage4_latency_stepL2.cpp:1866]   --->   Operation 103 'specloopname' 'specloopname_ln1833' <Predicate = true> <Delay = 0.00>
ST_4 : Operation 104 [1/1] (0.00ns)   --->   "%rbegin37 = specregionbegin i32 @_ssdm_op_SpecRegionBegin, void @empty_3" [H:/subband_ref_q610_opt_stage4_latency_stepL2.cpp:1623->H:/subband_ref_q610_opt_stage4_latency_stepL2.cpp:1839->H:/subband_ref_q610_opt_stage4_latency_stepL2.cpp:1866]   --->   Operation 104 'specregionbegin' 'rbegin37' <Predicate = true> <Delay = 0.00>
ST_4 : Operation 105 [1/3] (0.00ns) (grouped into DSP with root node total_q20)   --->   "%product_q20 = mul i32 %sext_ln1625_50, i32 %sext_ln1625_49" [H:/subband_ref_q610_opt_stage4_latency_stepL2.cpp:1625->H:/subband_ref_q610_opt_stage4_latency_stepL2.cpp:1839->H:/subband_ref_q610_opt_stage4_latency_stepL2.cpp:1866]   --->   Operation 105 'mul' 'product_q20' <Predicate = true> <Delay = 0.00> <CoreInst = "DSP48">   --->   Core 119 'DSP48' <Latency = 2> <II = 1> <Delay = 3.88> <IPBlock> <Opcode : '' 'add' 'sub' 'mul' 'select'> <InPorts = 0> <OutPorts = 1> <Sync> <CReg>
ST_4 : Operation 106 [1/1] (0.00ns)   --->   "%specfucore_ln1624 = specfucore void @_ssdm_op_SpecFUCore, i32 %product_q20, i64 12, i64 3, i64 2" [H:/subband_ref_q610_opt_stage4_latency_stepL2.cpp:1624->H:/subband_ref_q610_opt_stage4_latency_stepL2.cpp:1839->H:/subband_ref_q610_opt_stage4_latency_stepL2.cpp:1866]   --->   Operation 106 'specfucore' 'specfucore_ln1624' <Predicate = true> <Delay = 0.00>
ST_4 : Operation 107 [1/1] (0.00ns) (grouped into DSP with root node total_q20)   --->   "%sext_ln1623_37 = sext i32 %product_q20" [H:/subband_ref_q610_opt_stage4_latency_stepL2.cpp:1623->H:/subband_ref_q610_opt_stage4_latency_stepL2.cpp:1839->H:/subband_ref_q610_opt_stage4_latency_stepL2.cpp:1866]   --->   Operation 107 'sext' 'sext_ln1623_37' <Predicate = true> <Delay = 0.00>
ST_4 : Operation 108 [1/1] (0.00ns)   --->   "%rend489 = specregionend i32 @_ssdm_op_SpecRegionEnd, void @empty_3, i32 %rbegin37" [H:/subband_ref_q610_opt_stage4_latency_stepL2.cpp:1625->H:/subband_ref_q610_opt_stage4_latency_stepL2.cpp:1839->H:/subband_ref_q610_opt_stage4_latency_stepL2.cpp:1866]   --->   Operation 108 'specregionend' 'rend489' <Predicate = true> <Delay = 0.00>
ST_4 : Operation 109 [1/1] (3.02ns) (root node of the DSP)   --->   "%total_q20 = add i35 %sext_ln1623_37, i35 %p_load48" [H:/subband_ref_q610_opt_stage4_latency_stepL2.cpp:1839->H:/subband_ref_q610_opt_stage4_latency_stepL2.cpp:1866]   --->   Operation 109 'add' 'total_q20' <Predicate = true> <Delay = 3.02> <CoreInst = "DSP48">   --->   Core 119 'DSP48' <Latency = 2> <II = 1> <Delay = 3.88> <IPBlock> <Opcode : '' 'add' 'sub' 'mul' 'select'> <InPorts = 0> <OutPorts = 1> <Sync> <CReg>
ST_4 : Operation 110 [1/1] (0.00ns)   --->   "%rbegin38 = specregionbegin i32 @_ssdm_op_SpecRegionBegin, void @empty_150" [H:/subband_ref_q610_opt_stage4_latency_stepL2.cpp:1623->H:/subband_ref_q610_opt_stage4_latency_stepL2.cpp:1839->H:/subband_ref_q610_opt_stage4_latency_stepL2.cpp:1866]   --->   Operation 110 'specregionbegin' 'rbegin38' <Predicate = true> <Delay = 0.00>
ST_4 : Operation 111 [1/3] (0.00ns) (grouped into DSP with root node add_ln1839_36)   --->   "%product_q20_106 = mul i32 %sext_ln1625_52, i32 %sext_ln1625_51" [H:/subband_ref_q610_opt_stage4_latency_stepL2.cpp:1625->H:/subband_ref_q610_opt_stage4_latency_stepL2.cpp:1839->H:/subband_ref_q610_opt_stage4_latency_stepL2.cpp:1866]   --->   Operation 111 'mul' 'product_q20_106' <Predicate = true> <Delay = 0.00> <CoreInst = "DSP48">   --->   Core 119 'DSP48' <Latency = 2> <II = 1> <Delay = 3.88> <IPBlock> <Opcode : '' 'add' 'sub' 'mul' 'select'> <InPorts = 0> <OutPorts = 1> <Sync> <CReg>
ST_4 : Operation 112 [1/1] (0.00ns)   --->   "%specfucore_ln1624 = specfucore void @_ssdm_op_SpecFUCore, i32 %product_q20_106, i64 12, i64 3, i64 2" [H:/subband_ref_q610_opt_stage4_latency_stepL2.cpp:1624->H:/subband_ref_q610_opt_stage4_latency_stepL2.cpp:1839->H:/subband_ref_q610_opt_stage4_latency_stepL2.cpp:1866]   --->   Operation 112 'specfucore' 'specfucore_ln1624' <Predicate = true> <Delay = 0.00>
ST_4 : Operation 113 [1/1] (0.00ns) (grouped into DSP with root node add_ln1839_36)   --->   "%sext_ln1623_38 = sext i32 %product_q20_106" [H:/subband_ref_q610_opt_stage4_latency_stepL2.cpp:1623->H:/subband_ref_q610_opt_stage4_latency_stepL2.cpp:1839->H:/subband_ref_q610_opt_stage4_latency_stepL2.cpp:1866]   --->   Operation 113 'sext' 'sext_ln1623_38' <Predicate = true> <Delay = 0.00>
ST_4 : Operation 114 [1/1] (0.00ns)   --->   "%rend487 = specregionend i32 @_ssdm_op_SpecRegionEnd, void @empty_150, i32 %rbegin38" [H:/subband_ref_q610_opt_stage4_latency_stepL2.cpp:1625->H:/subband_ref_q610_opt_stage4_latency_stepL2.cpp:1839->H:/subband_ref_q610_opt_stage4_latency_stepL2.cpp:1866]   --->   Operation 114 'specregionend' 'rend487' <Predicate = true> <Delay = 0.00>
ST_4 : Operation 115 [1/1] (3.02ns) (root node of the DSP)   --->   "%add_ln1839_36 = add i35 %sext_ln1623_38, i35 %p_load46" [H:/subband_ref_q610_opt_stage4_latency_stepL2.cpp:1839->H:/subband_ref_q610_opt_stage4_latency_stepL2.cpp:1866]   --->   Operation 115 'add' 'add_ln1839_36' <Predicate = true> <Delay = 3.02> <CoreInst = "DSP48">   --->   Core 119 'DSP48' <Latency = 2> <II = 1> <Delay = 3.88> <IPBlock> <Opcode : '' 'add' 'sub' 'mul' 'select'> <InPorts = 0> <OutPorts = 1> <Sync> <CReg>
ST_4 : Operation 116 [1/1] (0.00ns)   --->   "%rbegin39 = specregionbegin i32 @_ssdm_op_SpecRegionBegin, void @empty_217" [H:/subband_ref_q610_opt_stage4_latency_stepL2.cpp:1623->H:/subband_ref_q610_opt_stage4_latency_stepL2.cpp:1839->H:/subband_ref_q610_opt_stage4_latency_stepL2.cpp:1866]   --->   Operation 116 'specregionbegin' 'rbegin39' <Predicate = true> <Delay = 0.00>
ST_4 : Operation 117 [1/3] (0.00ns) (grouped into DSP with root node add_ln1839_37)   --->   "%product_q20_107 = mul i32 %sext_ln1625_54, i32 %sext_ln1625_53" [H:/subband_ref_q610_opt_stage4_latency_stepL2.cpp:1625->H:/subband_ref_q610_opt_stage4_latency_stepL2.cpp:1839->H:/subband_ref_q610_opt_stage4_latency_stepL2.cpp:1866]   --->   Operation 117 'mul' 'product_q20_107' <Predicate = (icmp_ln1838)> <Delay = 0.00> <CoreInst = "DSP48">   --->   Core 119 'DSP48' <Latency = 2> <II = 1> <Delay = 3.88> <IPBlock> <Opcode : '' 'add' 'sub' 'mul' 'select'> <InPorts = 0> <OutPorts = 1> <Sync> <CReg>
ST_4 : Operation 118 [1/1] (0.00ns)   --->   "%specfucore_ln1624 = specfucore void @_ssdm_op_SpecFUCore, i32 %product_q20_107, i64 12, i64 3, i64 2" [H:/subband_ref_q610_opt_stage4_latency_stepL2.cpp:1624->H:/subband_ref_q610_opt_stage4_latency_stepL2.cpp:1839->H:/subband_ref_q610_opt_stage4_latency_stepL2.cpp:1866]   --->   Operation 118 'specfucore' 'specfucore_ln1624' <Predicate = true> <Delay = 0.00>
ST_4 : Operation 119 [1/1] (0.00ns) (grouped into DSP with root node add_ln1839_37)   --->   "%sext_ln1625_55 = sext i32 %product_q20_107" [H:/subband_ref_q610_opt_stage4_latency_stepL2.cpp:1625->H:/subband_ref_q610_opt_stage4_latency_stepL2.cpp:1839->H:/subband_ref_q610_opt_stage4_latency_stepL2.cpp:1866]   --->   Operation 119 'sext' 'sext_ln1625_55' <Predicate = (icmp_ln1838)> <Delay = 0.00>
ST_4 : Operation 120 [1/1] (0.00ns)   --->   "%rend495 = specregionend i32 @_ssdm_op_SpecRegionEnd, void @empty_217, i32 %rbegin39" [H:/subband_ref_q610_opt_stage4_latency_stepL2.cpp:1625->H:/subband_ref_q610_opt_stage4_latency_stepL2.cpp:1839->H:/subband_ref_q610_opt_stage4_latency_stepL2.cpp:1866]   --->   Operation 120 'specregionend' 'rend495' <Predicate = true> <Delay = 0.00>
ST_4 : Operation 121 [1/1] (3.02ns) (root node of the DSP)   --->   "%add_ln1839_37 = add i48 %p_load44, i48 %sext_ln1625_55" [H:/subband_ref_q610_opt_stage4_latency_stepL2.cpp:1839->H:/subband_ref_q610_opt_stage4_latency_stepL2.cpp:1866]   --->   Operation 121 'add' 'add_ln1839_37' <Predicate = (icmp_ln1838)> <Delay = 3.02> <CoreInst = "DSP48">   --->   Core 119 'DSP48' <Latency = 2> <II = 1> <Delay = 3.88> <IPBlock> <Opcode : '' 'add' 'sub' 'mul' 'select'> <InPorts = 0> <OutPorts = 1> <Sync> <CReg>
ST_4 : Operation 122 [1/1] (0.96ns)   --->   "%select_ln1838 = select i1 %icmp_ln1838, i48 %add_ln1839_37, i48 %p_load44" [H:/subband_ref_q610_opt_stage4_latency_stepL2.cpp:1838->H:/subband_ref_q610_opt_stage4_latency_stepL2.cpp:1866]   --->   Operation 122 'select' 'select_ln1838' <Predicate = true> <Delay = 0.96> <CoreInst = "Sel">   --->   Core 73 'Sel' <Latency = 0> <II = 1> <Delay = 0.96> <FuncUnit> <Opcode : 'select'> <InPorts = 3> <OutPorts = 1>
ST_4 : Operation 123 [1/1] (0.00ns)   --->   "%rbegin40 = specregionbegin i32 @_ssdm_op_SpecRegionBegin, void @empty_216" [H:/subband_ref_q610_opt_stage4_latency_stepL2.cpp:1623->H:/subband_ref_q610_opt_stage4_latency_stepL2.cpp:1839->H:/subband_ref_q610_opt_stage4_latency_stepL2.cpp:1866]   --->   Operation 123 'specregionbegin' 'rbegin40' <Predicate = true> <Delay = 0.00>
ST_4 : Operation 124 [1/3] (0.00ns) (grouped into DSP with root node add_ln1839_38)   --->   "%product_q20_108 = mul i32 %sext_ln1625_57, i32 %sext_ln1625_56" [H:/subband_ref_q610_opt_stage4_latency_stepL2.cpp:1625->H:/subband_ref_q610_opt_stage4_latency_stepL2.cpp:1839->H:/subband_ref_q610_opt_stage4_latency_stepL2.cpp:1866]   --->   Operation 124 'mul' 'product_q20_108' <Predicate = (icmp_ln1838)> <Delay = 0.00> <CoreInst = "DSP48">   --->   Core 119 'DSP48' <Latency = 2> <II = 1> <Delay = 3.88> <IPBlock> <Opcode : '' 'add' 'sub' 'mul' 'select'> <InPorts = 0> <OutPorts = 1> <Sync> <CReg>
ST_4 : Operation 125 [1/1] (0.00ns)   --->   "%specfucore_ln1624 = specfucore void @_ssdm_op_SpecFUCore, i32 %product_q20_108, i64 12, i64 3, i64 2" [H:/subband_ref_q610_opt_stage4_latency_stepL2.cpp:1624->H:/subband_ref_q610_opt_stage4_latency_stepL2.cpp:1839->H:/subband_ref_q610_opt_stage4_latency_stepL2.cpp:1866]   --->   Operation 125 'specfucore' 'specfucore_ln1624' <Predicate = true> <Delay = 0.00>
ST_4 : Operation 126 [1/1] (0.00ns) (grouped into DSP with root node add_ln1839_38)   --->   "%sext_ln1625_58 = sext i32 %product_q20_108" [H:/subband_ref_q610_opt_stage4_latency_stepL2.cpp:1625->H:/subband_ref_q610_opt_stage4_latency_stepL2.cpp:1839->H:/subband_ref_q610_opt_stage4_latency_stepL2.cpp:1866]   --->   Operation 126 'sext' 'sext_ln1625_58' <Predicate = (icmp_ln1838)> <Delay = 0.00>
ST_4 : Operation 127 [1/1] (0.00ns)   --->   "%rend497 = specregionend i32 @_ssdm_op_SpecRegionEnd, void @empty_216, i32 %rbegin40" [H:/subband_ref_q610_opt_stage4_latency_stepL2.cpp:1625->H:/subband_ref_q610_opt_stage4_latency_stepL2.cpp:1839->H:/subband_ref_q610_opt_stage4_latency_stepL2.cpp:1866]   --->   Operation 127 'specregionend' 'rend497' <Predicate = true> <Delay = 0.00>
ST_4 : Operation 128 [1/1] (3.02ns) (root node of the DSP)   --->   "%add_ln1839_38 = add i48 %p_load, i48 %sext_ln1625_58" [H:/subband_ref_q610_opt_stage4_latency_stepL2.cpp:1839->H:/subband_ref_q610_opt_stage4_latency_stepL2.cpp:1866]   --->   Operation 128 'add' 'add_ln1839_38' <Predicate = (icmp_ln1838)> <Delay = 3.02> <CoreInst = "DSP48">   --->   Core 119 'DSP48' <Latency = 2> <II = 1> <Delay = 3.88> <IPBlock> <Opcode : '' 'add' 'sub' 'mul' 'select'> <InPorts = 0> <OutPorts = 1> <Sync> <CReg>
ST_4 : Operation 129 [1/1] (0.96ns)   --->   "%select_ln1838_1 = select i1 %icmp_ln1838, i48 %add_ln1839_38, i48 %p_load" [H:/subband_ref_q610_opt_stage4_latency_stepL2.cpp:1838->H:/subband_ref_q610_opt_stage4_latency_stepL2.cpp:1866]   --->   Operation 129 'select' 'select_ln1838_1' <Predicate = true> <Delay = 0.96> <CoreInst = "Sel">   --->   Core 73 'Sel' <Latency = 0> <II = 1> <Delay = 0.96> <FuncUnit> <Opcode : 'select'> <InPorts = 3> <OutPorts = 1>
ST_4 : Operation 130 [1/1] (1.58ns)   --->   "%store_ln1838 = store i48 %select_ln1838_1, i48 %empty_685" [H:/subband_ref_q610_opt_stage4_latency_stepL2.cpp:1838->H:/subband_ref_q610_opt_stage4_latency_stepL2.cpp:1866]   --->   Operation 130 'store' 'store_ln1838' <Predicate = true> <Delay = 1.58>
ST_4 : Operation 131 [1/1] (1.58ns)   --->   "%store_ln1838 = store i48 %select_ln1838, i48 %empty_684" [H:/subband_ref_q610_opt_stage4_latency_stepL2.cpp:1838->H:/subband_ref_q610_opt_stage4_latency_stepL2.cpp:1866]   --->   Operation 131 'store' 'store_ln1838' <Predicate = true> <Delay = 1.58>
ST_4 : Operation 132 [1/1] (1.58ns)   --->   "%store_ln1839 = store i35 %add_ln1839_36, i35 %empty_683" [H:/subband_ref_q610_opt_stage4_latency_stepL2.cpp:1839->H:/subband_ref_q610_opt_stage4_latency_stepL2.cpp:1866]   --->   Operation 132 'store' 'store_ln1839' <Predicate = true> <Delay = 1.58>
ST_4 : Operation 133 [1/1] (1.58ns)   --->   "%store_ln1839 = store i35 %total_q20, i35 %empty" [H:/subband_ref_q610_opt_stage4_latency_stepL2.cpp:1839->H:/subband_ref_q610_opt_stage4_latency_stepL2.cpp:1866]   --->   Operation 133 'store' 'store_ln1839' <Predicate = true> <Delay = 1.58>
ST_4 : Operation 134 [1/1] (0.00ns)   --->   "%br_ln1833 = br void %for.body4.i52.1" [H:/subband_ref_q610_opt_stage4_latency_stepL2.cpp:1833->H:/subband_ref_q610_opt_stage4_latency_stepL2.cpp:1866]   --->   Operation 134 'br' 'br_ln1833' <Predicate = true> <Delay = 0.00>


============================================================
+ Verbose Summary: Binding
============================================================
STG Binding: 
---------------- STG Properties BEGIN ----------------
- Is combinational: 0
- Is one-state seq: 0
- Is datapath-only: 0
- Is pipelined: 0
- Is top level: 0
Port [ Return ] is wired: 1; IO mode=ap_ctrl_hs:ce=0
Port [ input_ptr_0_val]:  wired=1; compound=0; hidden=0; nouse=0; global=0; static=0; extern=0; dir=0; type=0; pingpong=0; private_global=0; IO mode=ap_none:ce=0
Port [ input_ptr_4_val]:  wired=1; compound=0; hidden=0; nouse=0; global=0; static=0; extern=0; dir=0; type=0; pingpong=0; private_global=0; IO mode=ap_none:ce=0
Port [ input_ptr_8_val]:  wired=1; compound=0; hidden=0; nouse=0; global=0; static=0; extern=0; dir=0; type=0; pingpong=0; private_global=0; IO mode=ap_none:ce=0
Port [ input_ptr_12_val]:  wired=1; compound=0; hidden=0; nouse=0; global=0; static=0; extern=0; dir=0; type=0; pingpong=0; private_global=0; IO mode=ap_none:ce=0
Port [ input_ptr_16_val]:  wired=1; compound=0; hidden=0; nouse=0; global=0; static=0; extern=0; dir=0; type=0; pingpong=0; private_global=0; IO mode=ap_none:ce=0
Port [ input_ptr_20_val]:  wired=1; compound=0; hidden=0; nouse=0; global=0; static=0; extern=0; dir=0; type=0; pingpong=0; private_global=0; IO mode=ap_none:ce=0
Port [ input_ptr_24_val]:  wired=1; compound=0; hidden=0; nouse=0; global=0; static=0; extern=0; dir=0; type=0; pingpong=0; private_global=0; IO mode=ap_none:ce=0
Port [ input_ptr_28_val]:  wired=1; compound=0; hidden=0; nouse=0; global=0; static=0; extern=0; dir=0; type=0; pingpong=0; private_global=0; IO mode=ap_none:ce=0
Port [ input_ptr_32_val]:  wired=1; compound=0; hidden=0; nouse=0; global=0; static=0; extern=0; dir=0; type=0; pingpong=0; private_global=0; IO mode=ap_none:ce=0
Port [ input_ptr_36_val]:  wired=1; compound=0; hidden=0; nouse=0; global=0; static=0; extern=0; dir=0; type=0; pingpong=0; private_global=0; IO mode=ap_none:ce=0
Port [ add_ln1839_3]:  wired=1; compound=0; hidden=0; nouse=0; global=0; static=0; extern=0; dir=0; type=0; pingpong=0; private_global=0; IO mode=ap_none:ce=0
Port [ input_ptr_1_val]:  wired=1; compound=0; hidden=0; nouse=0; global=0; static=0; extern=0; dir=0; type=0; pingpong=0; private_global=0; IO mode=ap_none:ce=0
Port [ input_ptr_5_val]:  wired=1; compound=0; hidden=0; nouse=0; global=0; static=0; extern=0; dir=0; type=0; pingpong=0; private_global=0; IO mode=ap_none:ce=0
Port [ input_ptr_9_val]:  wired=1; compound=0; hidden=0; nouse=0; global=0; static=0; extern=0; dir=0; type=0; pingpong=0; private_global=0; IO mode=ap_none:ce=0
Port [ input_ptr_13_val]:  wired=1; compound=0; hidden=0; nouse=0; global=0; static=0; extern=0; dir=0; type=0; pingpong=0; private_global=0; IO mode=ap_none:ce=0
Port [ input_ptr_17_val]:  wired=1; compound=0; hidden=0; nouse=0; global=0; static=0; extern=0; dir=0; type=0; pingpong=0; private_global=0; IO mode=ap_none:ce=0
Port [ input_ptr_21_val]:  wired=1; compound=0; hidden=0; nouse=0; global=0; static=0; extern=0; dir=0; type=0; pingpong=0; private_global=0; IO mode=ap_none:ce=0
Port [ input_ptr_25_val]:  wired=1; compound=0; hidden=0; nouse=0; global=0; static=0; extern=0; dir=0; type=0; pingpong=0; private_global=0; IO mode=ap_none:ce=0
Port [ input_ptr_29_val]:  wired=1; compound=0; hidden=0; nouse=0; global=0; static=0; extern=0; dir=0; type=0; pingpong=0; private_global=0; IO mode=ap_none:ce=0
Port [ input_ptr_33_val]:  wired=1; compound=0; hidden=0; nouse=0; global=0; static=0; extern=0; dir=0; type=0; pingpong=0; private_global=0; IO mode=ap_none:ce=0
Port [ input_ptr_37_val]:  wired=1; compound=0; hidden=0; nouse=0; global=0; static=0; extern=0; dir=0; type=0; pingpong=0; private_global=0; IO mode=ap_none:ce=0
Port [ input_ptr_2_val]:  wired=1; compound=0; hidden=0; nouse=0; global=0; static=0; extern=0; dir=0; type=0; pingpong=0; private_global=0; IO mode=ap_none:ce=0
Port [ input_ptr_6_val]:  wired=1; compound=0; hidden=0; nouse=0; global=0; static=0; extern=0; dir=0; type=0; pingpong=0; private_global=0; IO mode=ap_none:ce=0
Port [ input_ptr_10_val]:  wired=1; compound=0; hidden=0; nouse=0; global=0; static=0; extern=0; dir=0; type=0; pingpong=0; private_global=0; IO mode=ap_none:ce=0
Port [ input_ptr_14_val]:  wired=1; compound=0; hidden=0; nouse=0; global=0; static=0; extern=0; dir=0; type=0; pingpong=0; private_global=0; IO mode=ap_none:ce=0
Port [ input_ptr_18_val]:  wired=1; compound=0; hidden=0; nouse=0; global=0; static=0; extern=0; dir=0; type=0; pingpong=0; private_global=0; IO mode=ap_none:ce=0
Port [ input_ptr_22_val]:  wired=1; compound=0; hidden=0; nouse=0; global=0; static=0; extern=0; dir=0; type=0; pingpong=0; private_global=0; IO mode=ap_none:ce=0
Port [ input_ptr_26_val]:  wired=1; compound=0; hidden=0; nouse=0; global=0; static=0; extern=0; dir=0; type=0; pingpong=0; private_global=0; IO mode=ap_none:ce=0
Port [ input_ptr_30_val]:  wired=1; compound=0; hidden=0; nouse=0; global=0; static=0; extern=0; dir=0; type=0; pingpong=0; private_global=0; IO mode=ap_none:ce=0
Port [ input_ptr_34_val]:  wired=1; compound=0; hidden=0; nouse=0; global=0; static=0; extern=0; dir=0; type=0; pingpong=0; private_global=0; IO mode=ap_none:ce=0
Port [ input_ptr_3_val]:  wired=1; compound=0; hidden=0; nouse=0; global=0; static=0; extern=0; dir=0; type=0; pingpong=0; private_global=0; IO mode=ap_none:ce=0
Port [ input_ptr_7_val]:  wired=1; compound=0; hidden=0; nouse=0; global=0; static=0; extern=0; dir=0; type=0; pingpong=0; private_global=0; IO mode=ap_none:ce=0
Port [ input_ptr_11_val]:  wired=1; compound=0; hidden=0; nouse=0; global=0; static=0; extern=0; dir=0; type=0; pingpong=0; private_global=0; IO mode=ap_none:ce=0
Port [ input_ptr_15_val]:  wired=1; compound=0; hidden=0; nouse=0; global=0; static=0; extern=0; dir=0; type=0; pingpong=0; private_global=0; IO mode=ap_none:ce=0
Port [ input_ptr_19_val]:  wired=1; compound=0; hidden=0; nouse=0; global=0; static=0; extern=0; dir=0; type=0; pingpong=0; private_global=0; IO mode=ap_none:ce=0
Port [ input_ptr_23_val]:  wired=1; compound=0; hidden=0; nouse=0; global=0; static=0; extern=0; dir=0; type=0; pingpong=0; private_global=0; IO mode=ap_none:ce=0
Port [ input_ptr_27_val]:  wired=1; compound=0; hidden=0; nouse=0; global=0; static=0; extern=0; dir=0; type=0; pingpong=0; private_global=0; IO mode=ap_none:ce=0
Port [ input_ptr_31_val]:  wired=1; compound=0; hidden=0; nouse=0; global=0; static=0; extern=0; dir=0; type=0; pingpong=0; private_global=0; IO mode=ap_none:ce=0
Port [ input_ptr_35_val]:  wired=1; compound=0; hidden=0; nouse=0; global=0; static=0; extern=0; dir=0; type=0; pingpong=0; private_global=0; IO mode=ap_none:ce=0
Port [ p_out]:  wired=1; compound=0; hidden=0; nouse=0; global=0; static=0; extern=0; dir=1; type=0; pingpong=0; private_global=0; IO mode=ap_vld:ce=0
Port [ p_out1]:  wired=1; compound=0; hidden=0; nouse=0; global=0; static=0; extern=0; dir=1; type=0; pingpong=0; private_global=0; IO mode=ap_vld:ce=0
Port [ p_out2]:  wired=1; compound=0; hidden=0; nouse=0; global=0; static=0; extern=0; dir=1; type=0; pingpong=0; private_global=0; IO mode=ap_vld:ce=0
Port [ p_out3]:  wired=1; compound=0; hidden=0; nouse=0; global=0; static=0; extern=0; dir=1; type=0; pingpong=0; private_global=0; IO mode=ap_vld:ce=0
Port [ SubbandBand0TopQ610_ap_int_const_ap_int_const_ap_int_const_ap_int_const_ap_i_11]:  wired=1; compound=1; hidden=0; nouse=0; global=1; static=1; extern=0; dir=0; type=1; pingpong=0; private_global=0; MemPort=[13]; IO mode=ap_stable:ce=0
---------------- STG Properties END ------------------

---------------- Datapath Model BEGIN ----------------

<LifeTime>
<method=bitvector/>
empty                                                                           (alloca                ) [ 01111]
empty_683                                                                       (alloca                ) [ 01111]
empty_684                                                                       (alloca                ) [ 01111]
empty_685                                                                       (alloca                ) [ 01111]
index                                                                           (alloca                ) [ 01000]
specbramwithbyteenable_ln0                                                      (specbramwithbyteenable) [ 00000]
specmemcore_ln0                                                                 (specmemcore           ) [ 00000]
input_ptr_35_val_read                                                           (read                  ) [ 00000]
input_ptr_31_val_read                                                           (read                  ) [ 00000]
input_ptr_27_val_read                                                           (read                  ) [ 00000]
input_ptr_23_val_read                                                           (read                  ) [ 00000]
input_ptr_19_val_read                                                           (read                  ) [ 00000]
input_ptr_15_val_read                                                           (read                  ) [ 00000]
input_ptr_11_val_read                                                           (read                  ) [ 00000]
input_ptr_7_val_read                                                            (read                  ) [ 00000]
input_ptr_3_val_read                                                            (read                  ) [ 00000]
input_ptr_34_val_read                                                           (read                  ) [ 00000]
input_ptr_30_val_read                                                           (read                  ) [ 00000]
input_ptr_26_val_read                                                           (read                  ) [ 00000]
input_ptr_22_val_read                                                           (read                  ) [ 00000]
input_ptr_18_val_read                                                           (read                  ) [ 00000]
input_ptr_14_val_read                                                           (read                  ) [ 00000]
input_ptr_10_val_read                                                           (read                  ) [ 00000]
input_ptr_6_val_read                                                            (read                  ) [ 00000]
input_ptr_2_val_read                                                            (read                  ) [ 00000]
input_ptr_37_val_read                                                           (read                  ) [ 00000]
input_ptr_33_val_read                                                           (read                  ) [ 00000]
input_ptr_29_val_read                                                           (read                  ) [ 00000]
input_ptr_25_val_read                                                           (read                  ) [ 00000]
input_ptr_21_val_read                                                           (read                  ) [ 00000]
input_ptr_17_val_read                                                           (read                  ) [ 00000]
input_ptr_13_val_read                                                           (read                  ) [ 00000]
input_ptr_9_val_read                                                            (read                  ) [ 00000]
input_ptr_5_val_read                                                            (read                  ) [ 00000]
input_ptr_1_val_read                                                            (read                  ) [ 00000]
add_ln1839_3_read                                                               (read                  ) [ 00000]
input_ptr_36_val_read                                                           (read                  ) [ 00000]
input_ptr_32_val_read                                                           (read                  ) [ 00000]
input_ptr_28_val_read                                                           (read                  ) [ 00000]
input_ptr_24_val_read                                                           (read                  ) [ 00000]
input_ptr_20_val_read                                                           (read                  ) [ 00000]
input_ptr_16_val_read                                                           (read                  ) [ 00000]
input_ptr_12_val_read                                                           (read                  ) [ 00000]
input_ptr_8_val_read                                                            (read                  ) [ 00000]
input_ptr_4_val_read                                                            (read                  ) [ 00000]
input_ptr_0_val_read                                                            (read                  ) [ 00000]
store_ln1837                                                                    (store                 ) [ 00000]
store_ln0                                                                       (store                 ) [ 00000]
store_ln0                                                                       (store                 ) [ 00000]
store_ln0                                                                       (store                 ) [ 00000]
store_ln0                                                                       (store                 ) [ 00000]
br_ln0                                                                          (br                    ) [ 00000]
base_index                                                                      (load                  ) [ 00000]
icmp_ln1833                                                                     (icmp                  ) [ 01110]
br_ln1833                                                                       (br                    ) [ 00000]
lshr_ln1833_2                                                                   (partselect            ) [ 00000]
or_ln1833                                                                       (or                    ) [ 00000]
lhs                                                                             (sparsemux             ) [ 01100]
zext_ln1839                                                                     (zext                  ) [ 00000]
add_ln1839                                                                      (add                   ) [ 00000]
zext_ln1839_4                                                                   (zext                  ) [ 00000]
SubbandBand0TopQ610_ap_int_const_ap_int_const_ap_int_const_ap_int_const_ap_i_29 (getelementptr         ) [ 01100]
lhs_106                                                                         (sparsemux             ) [ 01100]
icmp_ln1838                                                                     (icmp                  ) [ 01111]
lhs_107                                                                         (sparsemux             ) [ 01100]
lhs_108                                                                         (sparsemux             ) [ 01100]
add_ln1833                                                                      (add                   ) [ 00000]
store_ln1837                                                                    (store                 ) [ 00000]
SubbandBand0TopQ610_ap_int_const_ap_int_const_ap_int_const_ap_int_const_ap_i_30 (load                  ) [ 00000]
rhs                                                                             (trunc                 ) [ 00000]
sext_ln1625_49                                                                  (sext                  ) [ 01011]
sext_ln1625_50                                                                  (sext                  ) [ 01011]
rhs_97                                                                          (partselect            ) [ 00000]
sext_ln1625_51                                                                  (sext                  ) [ 01011]
sext_ln1625_52                                                                  (sext                  ) [ 01011]
rhs_98                                                                          (partselect            ) [ 00000]
sext_ln1625_53                                                                  (sext                  ) [ 01011]
sext_ln1625_54                                                                  (sext                  ) [ 01011]
rhs_99                                                                          (partselect            ) [ 00000]
sext_ln1625_56                                                                  (sext                  ) [ 01011]
sext_ln1625_57                                                                  (sext                  ) [ 01011]
p_load48                                                                        (load                  ) [ 00000]
p_load46                                                                        (load                  ) [ 00000]
p_load44                                                                        (load                  ) [ 00000]
p_load                                                                          (load                  ) [ 00000]
specpipeline_ln1834                                                             (specpipeline          ) [ 00000]
speclooptripcount_ln1833                                                        (speclooptripcount     ) [ 00000]
specloopname_ln1833                                                             (specloopname          ) [ 00000]
rbegin37                                                                        (specregionbegin       ) [ 00000]
product_q20                                                                     (mul                   ) [ 00000]
specfucore_ln1624                                                               (specfucore            ) [ 00000]
sext_ln1623_37                                                                  (sext                  ) [ 00000]
rend489                                                                         (specregionend         ) [ 00000]
total_q20                                                                       (add                   ) [ 00000]
rbegin38                                                                        (specregionbegin       ) [ 00000]
product_q20_106                                                                 (mul                   ) [ 00000]
specfucore_ln1624                                                               (specfucore            ) [ 00000]
sext_ln1623_38                                                                  (sext                  ) [ 00000]
rend487                                                                         (specregionend         ) [ 00000]
add_ln1839_36                                                                   (add                   ) [ 00000]
rbegin39                                                                        (specregionbegin       ) [ 00000]
product_q20_107                                                                 (mul                   ) [ 00000]
specfucore_ln1624                                                               (specfucore            ) [ 00000]
sext_ln1625_55                                                                  (sext                  ) [ 00000]
rend495                                                                         (specregionend         ) [ 00000]
add_ln1839_37                                                                   (add                   ) [ 00000]
select_ln1838                                                                   (select                ) [ 00000]
rbegin40                                                                        (specregionbegin       ) [ 00000]
product_q20_108                                                                 (mul                   ) [ 00000]
specfucore_ln1624                                                               (specfucore            ) [ 00000]
sext_ln1625_58                                                                  (sext                  ) [ 00000]
rend497                                                                         (specregionend         ) [ 00000]
add_ln1839_38                                                                   (add                   ) [ 00000]
select_ln1838_1                                                                 (select                ) [ 00000]
store_ln1838                                                                    (store                 ) [ 00000]
store_ln1838                                                                    (store                 ) [ 00000]
store_ln1839                                                                    (store                 ) [ 00000]
store_ln1839                                                                    (store                 ) [ 00000]
br_ln1833                                                                       (br                    ) [ 00000]
p_load49                                                                        (load                  ) [ 00000]
p_load47                                                                        (load                  ) [ 00000]
p_load45                                                                        (load                  ) [ 00000]
p_load43                                                                        (load                  ) [ 00000]
write_ln0                                                                       (write                 ) [ 00000]
write_ln0                                                                       (write                 ) [ 00000]
write_ln0                                                                       (write                 ) [ 00000]
write_ln0                                                                       (write                 ) [ 00000]
ret_ln0                                                                         (ret                   ) [ 00000]
</LifeTime>

<model>

<comp_list>
<comp id="0" class="1000" name="input_ptr_0_val">
<pin_list>
<pin id="1" dir="1" index="0" bw="1" slack="0"/>
</pin_list>
<bind>
<StgValue><ssdm name="input_ptr_0_val"/></StgValue>
</bind>
</comp>

<comp id="2" class="1000" name="input_ptr_4_val">
<pin_list>
<pin id="3" dir="1" index="0" bw="1" slack="0"/>
</pin_list>
<bind>
<StgValue><ssdm name="input_ptr_4_val"/></StgValue>
</bind>
</comp>

<comp id="4" class="1000" name="input_ptr_8_val">
<pin_list>
<pin id="5" dir="1" index="0" bw="1" slack="0"/>
</pin_list>
<bind>
<StgValue><ssdm name="input_ptr_8_val"/></StgValue>
</bind>
</comp>

<comp id="6" class="1000" name="input_ptr_12_val">
<pin_list>
<pin id="7" dir="1" index="0" bw="1" slack="0"/>
</pin_list>
<bind>
<StgValue><ssdm name="input_ptr_12_val"/></StgValue>
</bind>
</comp>

<comp id="8" class="1000" name="input_ptr_16_val">
<pin_list>
<pin id="9" dir="1" index="0" bw="1" slack="0"/>
</pin_list>
<bind>
<StgValue><ssdm name="input_ptr_16_val"/></StgValue>
</bind>
</comp>

<comp id="10" class="1000" name="input_ptr_20_val">
<pin_list>
<pin id="11" dir="1" index="0" bw="1" slack="0"/>
</pin_list>
<bind>
<StgValue><ssdm name="input_ptr_20_val"/></StgValue>
</bind>
</comp>

<comp id="12" class="1000" name="input_ptr_24_val">
<pin_list>
<pin id="13" dir="1" index="0" bw="1" slack="0"/>
</pin_list>
<bind>
<StgValue><ssdm name="input_ptr_24_val"/></StgValue>
</bind>
</comp>

<comp id="14" class="1000" name="input_ptr_28_val">
<pin_list>
<pin id="15" dir="1" index="0" bw="1" slack="0"/>
</pin_list>
<bind>
<StgValue><ssdm name="input_ptr_28_val"/></StgValue>
</bind>
</comp>

<comp id="16" class="1000" name="input_ptr_32_val">
<pin_list>
<pin id="17" dir="1" index="0" bw="1" slack="0"/>
</pin_list>
<bind>
<StgValue><ssdm name="input_ptr_32_val"/></StgValue>
</bind>
</comp>

<comp id="18" class="1000" name="input_ptr_36_val">
<pin_list>
<pin id="19" dir="1" index="0" bw="1" slack="0"/>
</pin_list>
<bind>
<StgValue><ssdm name="input_ptr_36_val"/></StgValue>
</bind>
</comp>

<comp id="20" class="1000" name="add_ln1839_3">
<pin_list>
<pin id="21" dir="1" index="0" bw="1" slack="0"/>
</pin_list>
<bind>
<StgValue><ssdm name="add_ln1839_3"/></StgValue>
</bind>
</comp>

<comp id="22" class="1000" name="input_ptr_1_val">
<pin_list>
<pin id="23" dir="1" index="0" bw="1" slack="0"/>
</pin_list>
<bind>
<StgValue><ssdm name="input_ptr_1_val"/></StgValue>
</bind>
</comp>

<comp id="24" class="1000" name="input_ptr_5_val">
<pin_list>
<pin id="25" dir="1" index="0" bw="1" slack="0"/>
</pin_list>
<bind>
<StgValue><ssdm name="input_ptr_5_val"/></StgValue>
</bind>
</comp>

<comp id="26" class="1000" name="input_ptr_9_val">
<pin_list>
<pin id="27" dir="1" index="0" bw="1" slack="0"/>
</pin_list>
<bind>
<StgValue><ssdm name="input_ptr_9_val"/></StgValue>
</bind>
</comp>

<comp id="28" class="1000" name="input_ptr_13_val">
<pin_list>
<pin id="29" dir="1" index="0" bw="1" slack="0"/>
</pin_list>
<bind>
<StgValue><ssdm name="input_ptr_13_val"/></StgValue>
</bind>
</comp>

<comp id="30" class="1000" name="input_ptr_17_val">
<pin_list>
<pin id="31" dir="1" index="0" bw="1" slack="0"/>
</pin_list>
<bind>
<StgValue><ssdm name="input_ptr_17_val"/></StgValue>
</bind>
</comp>

<comp id="32" class="1000" name="input_ptr_21_val">
<pin_list>
<pin id="33" dir="1" index="0" bw="1" slack="0"/>
</pin_list>
<bind>
<StgValue><ssdm name="input_ptr_21_val"/></StgValue>
</bind>
</comp>

<comp id="34" class="1000" name="input_ptr_25_val">
<pin_list>
<pin id="35" dir="1" index="0" bw="1" slack="0"/>
</pin_list>
<bind>
<StgValue><ssdm name="input_ptr_25_val"/></StgValue>
</bind>
</comp>

<comp id="36" class="1000" name="input_ptr_29_val">
<pin_list>
<pin id="37" dir="1" index="0" bw="1" slack="0"/>
</pin_list>
<bind>
<StgValue><ssdm name="input_ptr_29_val"/></StgValue>
</bind>
</comp>

<comp id="38" class="1000" name="input_ptr_33_val">
<pin_list>
<pin id="39" dir="1" index="0" bw="1" slack="0"/>
</pin_list>
<bind>
<StgValue><ssdm name="input_ptr_33_val"/></StgValue>
</bind>
</comp>

<comp id="40" class="1000" name="input_ptr_37_val">
<pin_list>
<pin id="41" dir="1" index="0" bw="1" slack="0"/>
</pin_list>
<bind>
<StgValue><ssdm name="input_ptr_37_val"/></StgValue>
</bind>
</comp>

<comp id="42" class="1000" name="input_ptr_2_val">
<pin_list>
<pin id="43" dir="1" index="0" bw="1" slack="0"/>
</pin_list>
<bind>
<StgValue><ssdm name="input_ptr_2_val"/></StgValue>
</bind>
</comp>

<comp id="44" class="1000" name="input_ptr_6_val">
<pin_list>
<pin id="45" dir="1" index="0" bw="1" slack="0"/>
</pin_list>
<bind>
<StgValue><ssdm name="input_ptr_6_val"/></StgValue>
</bind>
</comp>

<comp id="46" class="1000" name="input_ptr_10_val">
<pin_list>
<pin id="47" dir="1" index="0" bw="1" slack="0"/>
</pin_list>
<bind>
<StgValue><ssdm name="input_ptr_10_val"/></StgValue>
</bind>
</comp>

<comp id="48" class="1000" name="input_ptr_14_val">
<pin_list>
<pin id="49" dir="1" index="0" bw="1" slack="0"/>
</pin_list>
<bind>
<StgValue><ssdm name="input_ptr_14_val"/></StgValue>
</bind>
</comp>

<comp id="50" class="1000" name="input_ptr_18_val">
<pin_list>
<pin id="51" dir="1" index="0" bw="1" slack="0"/>
</pin_list>
<bind>
<StgValue><ssdm name="input_ptr_18_val"/></StgValue>
</bind>
</comp>

<comp id="52" class="1000" name="input_ptr_22_val">
<pin_list>
<pin id="53" dir="1" index="0" bw="1" slack="0"/>
</pin_list>
<bind>
<StgValue><ssdm name="input_ptr_22_val"/></StgValue>
</bind>
</comp>

<comp id="54" class="1000" name="input_ptr_26_val">
<pin_list>
<pin id="55" dir="1" index="0" bw="1" slack="0"/>
</pin_list>
<bind>
<StgValue><ssdm name="input_ptr_26_val"/></StgValue>
</bind>
</comp>

<comp id="56" class="1000" name="input_ptr_30_val">
<pin_list>
<pin id="57" dir="1" index="0" bw="1" slack="0"/>
</pin_list>
<bind>
<StgValue><ssdm name="input_ptr_30_val"/></StgValue>
</bind>
</comp>

<comp id="58" class="1000" name="input_ptr_34_val">
<pin_list>
<pin id="59" dir="1" index="0" bw="1" slack="0"/>
</pin_list>
<bind>
<StgValue><ssdm name="input_ptr_34_val"/></StgValue>
</bind>
</comp>

<comp id="60" class="1000" name="input_ptr_3_val">
<pin_list>
<pin id="61" dir="1" index="0" bw="1" slack="0"/>
</pin_list>
<bind>
<StgValue><ssdm name="input_ptr_3_val"/></StgValue>
</bind>
</comp>

<comp id="62" class="1000" name="input_ptr_7_val">
<pin_list>
<pin id="63" dir="1" index="0" bw="1" slack="0"/>
</pin_list>
<bind>
<StgValue><ssdm name="input_ptr_7_val"/></StgValue>
</bind>
</comp>

<comp id="64" class="1000" name="input_ptr_11_val">
<pin_list>
<pin id="65" dir="1" index="0" bw="1" slack="0"/>
</pin_list>
<bind>
<StgValue><ssdm name="input_ptr_11_val"/></StgValue>
</bind>
</comp>

<comp id="66" class="1000" name="input_ptr_15_val">
<pin_list>
<pin id="67" dir="1" index="0" bw="1" slack="0"/>
</pin_list>
<bind>
<StgValue><ssdm name="input_ptr_15_val"/></StgValue>
</bind>
</comp>

<comp id="68" class="1000" name="input_ptr_19_val">
<pin_list>
<pin id="69" dir="1" index="0" bw="1" slack="0"/>
</pin_list>
<bind>
<StgValue><ssdm name="input_ptr_19_val"/></StgValue>
</bind>
</comp>

<comp id="70" class="1000" name="input_ptr_23_val">
<pin_list>
<pin id="71" dir="1" index="0" bw="1" slack="0"/>
</pin_list>
<bind>
<StgValue><ssdm name="input_ptr_23_val"/></StgValue>
</bind>
</comp>

<comp id="72" class="1000" name="input_ptr_27_val">
<pin_list>
<pin id="73" dir="1" index="0" bw="1" slack="0"/>
</pin_list>
<bind>
<StgValue><ssdm name="input_ptr_27_val"/></StgValue>
</bind>
</comp>

<comp id="74" class="1000" name="input_ptr_31_val">
<pin_list>
<pin id="75" dir="1" index="0" bw="1" slack="0"/>
</pin_list>
<bind>
<StgValue><ssdm name="input_ptr_31_val"/></StgValue>
</bind>
</comp>

<comp id="76" class="1000" name="input_ptr_35_val">
<pin_list>
<pin id="77" dir="1" index="0" bw="1" slack="0"/>
</pin_list>
<bind>
<StgValue><ssdm name="input_ptr_35_val"/></StgValue>
</bind>
</comp>

<comp id="78" class="1000" name="p_out">
<pin_list>
<pin id="79" dir="1" index="0" bw="1" slack="0"/>
</pin_list>
<bind>
<StgValue><ssdm name="p_out"/></StgValue>
</bind>
</comp>

<comp id="80" class="1000" name="p_out1">
<pin_list>
<pin id="81" dir="1" index="0" bw="1" slack="0"/>
</pin_list>
<bind>
<StgValue><ssdm name="p_out1"/></StgValue>
</bind>
</comp>

<comp id="82" class="1000" name="p_out2">
<pin_list>
<pin id="83" dir="1" index="0" bw="1" slack="0"/>
</pin_list>
<bind>
<StgValue><ssdm name="p_out2"/></StgValue>
</bind>
</comp>

<comp id="84" class="1000" name="p_out3">
<pin_list>
<pin id="85" dir="1" index="0" bw="1" slack="0"/>
</pin_list>
<bind>
<StgValue><ssdm name="p_out3"/></StgValue>
</bind>
</comp>

<comp id="86" class="1000" name="SubbandBand0TopQ610_ap_int_const_ap_int_const_ap_int_const_ap_int_const_ap_i_11">
<pin_list>
<pin id="87" dir="1" index="0" bw="1" slack="0"/>
</pin_list>
<bind>
<StgValue><ssdm name="SubbandBand0TopQ610_ap_int_const_ap_int_const_ap_int_const_ap_int_const_ap_i_11"/><MemPortTyVec>1 3 </MemPortTyVec>
</StgValue>
</bind>
</comp>

<comp id="88" class="1001" name="const_88">
<pin_list>
<pin id="89" dir="1" index="0" bw="1" slack="0"/>
</pin_list>
<bind>
<StgValue><ssdm name=""/></StgValue>
</bind>
</comp>

<comp id="90" class="1001" name="const_90">
<pin_list>
<pin id="91" dir="1" index="0" bw="1" slack="2147483647"/>
</pin_list>
<bind>
<StgValue><ssdm name="_ssdm_op_SpecBRAMWithByteEnable"/></StgValue>
</bind>
</comp>

<comp id="92" class="1001" name="const_92">
<pin_list>
<pin id="93" dir="1" index="0" bw="1" slack="2147483647"/>
</pin_list>
<bind>
<StgValue><ssdm name="_ssdm_op_SpecMemCore"/></StgValue>
</bind>
</comp>

<comp id="94" class="1001" name="const_94">
<pin_list>
<pin id="95" dir="1" index="0" bw="1" slack="2147483647"/>
</pin_list>
<bind>
<StgValue><ssdm name=""/></StgValue>
</bind>
</comp>

<comp id="96" class="1001" name="const_96">
<pin_list>
<pin id="97" dir="1" index="0" bw="1" slack="2147483647"/>
</pin_list>
<bind>
<StgValue><ssdm name=""/></StgValue>
</bind>
</comp>

<comp id="98" class="1001" name="const_98">
<pin_list>
<pin id="99" dir="1" index="0" bw="1" slack="2147483647"/>
</pin_list>
<bind>
<StgValue><ssdm name=""/></StgValue>
</bind>
</comp>

<comp id="100" class="1001" name="const_100">
<pin_list>
<pin id="101" dir="1" index="0" bw="1" slack="0"/>
</pin_list>
<bind>
<StgValue><ssdm name="_ssdm_op_Read.ap_auto.i16"/></StgValue>
</bind>
</comp>

<comp id="102" class="1001" name="const_102">
<pin_list>
<pin id="103" dir="1" index="0" bw="1" slack="0"/>
</pin_list>
<bind>
<StgValue><ssdm name="_ssdm_op_Read.ap_auto.i11"/></StgValue>
</bind>
</comp>

<comp id="104" class="1001" name="const_104">
<pin_list>
<pin id="105" dir="1" index="0" bw="1" slack="0"/>
</pin_list>
<bind>
<StgValue><ssdm name=""/></StgValue>
</bind>
</comp>

<comp id="106" class="1001" name="const_106">
<pin_list>
<pin id="107" dir="1" index="0" bw="1" slack="0"/>
</pin_list>
<bind>
<StgValue><ssdm name=""/></StgValue>
</bind>
</comp>

<comp id="108" class="1001" name="const_108">
<pin_list>
<pin id="109" dir="1" index="0" bw="1" slack="0"/>
</pin_list>
<bind>
<StgValue><ssdm name=""/></StgValue>
</bind>
</comp>

<comp id="110" class="1001" name="const_110">
<pin_list>
<pin id="111" dir="1" index="0" bw="1" slack="0"/>
</pin_list>
<bind>
<StgValue><ssdm name=""/></StgValue>
</bind>
</comp>

<comp id="112" class="1001" name="const_112">
<pin_list>
<pin id="113" dir="1" index="0" bw="1" slack="0"/>
</pin_list>
<bind>
<StgValue><ssdm name="_ssdm_op_PartSelect.i4.i6.i32.i32"/></StgValue>
</bind>
</comp>

<comp id="114" class="1001" name="const_114">
<pin_list>
<pin id="115" dir="1" index="0" bw="1" slack="0"/>
</pin_list>
<bind>
<StgValue><ssdm name=""/></StgValue>
</bind>
</comp>

<comp id="116" class="1001" name="const_116">
<pin_list>
<pin id="117" dir="1" index="0" bw="1" slack="0"/>
</pin_list>
<bind>
<StgValue><ssdm name=""/></StgValue>
</bind>
</comp>

<comp id="118" class="1001" name="const_118">
<pin_list>
<pin id="119" dir="1" index="0" bw="1" slack="0"/>
</pin_list>
<bind>
<StgValue><ssdm name=""/></StgValue>
</bind>
</comp>

<comp id="120" class="1001" name="const_120">
<pin_list>
<pin id="121" dir="1" index="0" bw="1" slack="0"/>
</pin_list>
<bind>
<StgValue><ssdm name="_ssdm_op_SparseMux.ap_auto.10i16.i16.i6"/></StgValue>
</bind>
</comp>

<comp id="122" class="1001" name="const_122">
<pin_list>
<pin id="123" dir="1" index="0" bw="1" slack="0"/>
</pin_list>
<bind>
<StgValue><ssdm name=""/></StgValue>
</bind>
</comp>

<comp id="124" class="1001" name="const_124">
<pin_list>
<pin id="125" dir="1" index="0" bw="1" slack="0"/>
</pin_list>
<bind>
<StgValue><ssdm name=""/></StgValue>
</bind>
</comp>

<comp id="126" class="1001" name="const_126">
<pin_list>
<pin id="127" dir="1" index="0" bw="1" slack="0"/>
</pin_list>
<bind>
<StgValue><ssdm name=""/></StgValue>
</bind>
</comp>

<comp id="128" class="1001" name="const_128">
<pin_list>
<pin id="129" dir="1" index="0" bw="1" slack="0"/>
</pin_list>
<bind>
<StgValue><ssdm name=""/></StgValue>
</bind>
</comp>

<comp id="130" class="1001" name="const_130">
<pin_list>
<pin id="131" dir="1" index="0" bw="1" slack="0"/>
</pin_list>
<bind>
<StgValue><ssdm name=""/></StgValue>
</bind>
</comp>

<comp id="132" class="1001" name="const_132">
<pin_list>
<pin id="133" dir="1" index="0" bw="1" slack="0"/>
</pin_list>
<bind>
<StgValue><ssdm name=""/></StgValue>
</bind>
</comp>

<comp id="134" class="1001" name="const_134">
<pin_list>
<pin id="135" dir="1" index="0" bw="1" slack="0"/>
</pin_list>
<bind>
<StgValue><ssdm name=""/></StgValue>
</bind>
</comp>

<comp id="136" class="1001" name="const_136">
<pin_list>
<pin id="137" dir="1" index="0" bw="1" slack="0"/>
</pin_list>
<bind>
<StgValue><ssdm name=""/></StgValue>
</bind>
</comp>

<comp id="138" class="1001" name="const_138">
<pin_list>
<pin id="139" dir="1" index="0" bw="1" slack="0"/>
</pin_list>
<bind>
<StgValue><ssdm name=""/></StgValue>
</bind>
</comp>

<comp id="140" class="1001" name="const_140">
<pin_list>
<pin id="141" dir="1" index="0" bw="1" slack="0"/>
</pin_list>
<bind>
<StgValue><ssdm name=""/></StgValue>
</bind>
</comp>

<comp id="142" class="1001" name="const_142">
<pin_list>
<pin id="143" dir="1" index="0" bw="1" slack="0"/>
</pin_list>
<bind>
<StgValue><ssdm name=""/></StgValue>
</bind>
</comp>

<comp id="144" class="1001" name="const_144">
<pin_list>
<pin id="145" dir="1" index="0" bw="1" slack="0"/>
</pin_list>
<bind>
<StgValue><ssdm name="_ssdm_op_SparseMux.ap_auto.9i16.i16.i6"/></StgValue>
</bind>
</comp>

<comp id="146" class="1001" name="const_146">
<pin_list>
<pin id="147" dir="1" index="0" bw="1" slack="0"/>
</pin_list>
<bind>
<StgValue><ssdm name="_ssdm_op_PartSelect.i16.i64.i32.i32"/></StgValue>
</bind>
</comp>

<comp id="148" class="1001" name="const_148">
<pin_list>
<pin id="149" dir="1" index="0" bw="1" slack="0"/>
</pin_list>
<bind>
<StgValue><ssdm name=""/></StgValue>
</bind>
</comp>

<comp id="150" class="1001" name="const_150">
<pin_list>
<pin id="151" dir="1" index="0" bw="1" slack="0"/>
</pin_list>
<bind>
<StgValue><ssdm name=""/></StgValue>
</bind>
</comp>

<comp id="152" class="1001" name="const_152">
<pin_list>
<pin id="153" dir="1" index="0" bw="1" slack="0"/>
</pin_list>
<bind>
<StgValue><ssdm name=""/></StgValue>
</bind>
</comp>

<comp id="154" class="1001" name="const_154">
<pin_list>
<pin id="155" dir="1" index="0" bw="1" slack="0"/>
</pin_list>
<bind>
<StgValue><ssdm name=""/></StgValue>
</bind>
</comp>

<comp id="156" class="1001" name="const_156">
<pin_list>
<pin id="157" dir="1" index="0" bw="1" slack="0"/>
</pin_list>
<bind>
<StgValue><ssdm name=""/></StgValue>
</bind>
</comp>

<comp id="158" class="1001" name="const_158">
<pin_list>
<pin id="159" dir="1" index="0" bw="1" slack="0"/>
</pin_list>
<bind>
<StgValue><ssdm name=""/></StgValue>
</bind>
</comp>

<comp id="160" class="1001" name="const_160">
<pin_list>
<pin id="161" dir="1" index="0" bw="1" slack="2147483647"/>
</pin_list>
<bind>
<StgValue><ssdm name="_ssdm_op_SpecPipeline"/></StgValue>
</bind>
</comp>

<comp id="162" class="1001" name="const_162">
<pin_list>
<pin id="163" dir="1" index="0" bw="1" slack="2147483647"/>
</pin_list>
<bind>
<StgValue><ssdm name="empty_25"/></StgValue>
</bind>
</comp>

<comp id="164" class="1001" name="const_164">
<pin_list>
<pin id="165" dir="1" index="0" bw="1" slack="2147483647"/>
</pin_list>
<bind>
<StgValue><ssdm name="_ssdm_op_SpecLoopTripCount"/></StgValue>
</bind>
</comp>

<comp id="166" class="1001" name="const_166">
<pin_list>
<pin id="167" dir="1" index="0" bw="1" slack="2147483647"/>
</pin_list>
<bind>
<StgValue><ssdm name=""/></StgValue>
</bind>
</comp>

<comp id="168" class="1001" name="const_168">
<pin_list>
<pin id="169" dir="1" index="0" bw="1" slack="2147483647"/>
</pin_list>
<bind>
<StgValue><ssdm name="_ssdm_op_SpecLoopName"/></StgValue>
</bind>
</comp>

<comp id="170" class="1001" name="const_170">
<pin_list>
<pin id="171" dir="1" index="0" bw="1" slack="2147483647"/>
</pin_list>
<bind>
<StgValue><ssdm name="empty_204"/></StgValue>
</bind>
</comp>

<comp id="172" class="1001" name="const_172">
<pin_list>
<pin id="173" dir="1" index="0" bw="1" slack="2147483647"/>
</pin_list>
<bind>
<StgValue><ssdm name="_ssdm_op_SpecRegionBegin"/></StgValue>
</bind>
</comp>

<comp id="174" class="1001" name="const_174">
<pin_list>
<pin id="175" dir="1" index="0" bw="1" slack="2147483647"/>
</pin_list>
<bind>
<StgValue><ssdm name="empty_3"/></StgValue>
</bind>
</comp>

<comp id="176" class="1001" name="const_176">
<pin_list>
<pin id="177" dir="1" index="0" bw="1" slack="2147483647"/>
</pin_list>
<bind>
<StgValue><ssdm name="_ssdm_op_SpecFUCore"/></StgValue>
</bind>
</comp>

<comp id="178" class="1001" name="const_178">
<pin_list>
<pin id="179" dir="1" index="0" bw="1" slack="2147483647"/>
</pin_list>
<bind>
<StgValue><ssdm name=""/></StgValue>
</bind>
</comp>

<comp id="180" class="1001" name="const_180">
<pin_list>
<pin id="181" dir="1" index="0" bw="1" slack="2147483647"/>
</pin_list>
<bind>
<StgValue><ssdm name=""/></StgValue>
</bind>
</comp>

<comp id="182" class="1001" name="const_182">
<pin_list>
<pin id="183" dir="1" index="0" bw="1" slack="2147483647"/>
</pin_list>
<bind>
<StgValue><ssdm name=""/></StgValue>
</bind>
</comp>

<comp id="184" class="1001" name="const_184">
<pin_list>
<pin id="185" dir="1" index="0" bw="1" slack="2147483647"/>
</pin_list>
<bind>
<StgValue><ssdm name="_ssdm_op_SpecRegionEnd"/></StgValue>
</bind>
</comp>

<comp id="186" class="1001" name="const_186">
<pin_list>
<pin id="187" dir="1" index="0" bw="1" slack="2147483647"/>
</pin_list>
<bind>
<StgValue><ssdm name="empty_150"/></StgValue>
</bind>
</comp>

<comp id="188" class="1001" name="const_188">
<pin_list>
<pin id="189" dir="1" index="0" bw="1" slack="2147483647"/>
</pin_list>
<bind>
<StgValue><ssdm name="empty_217"/></StgValue>
</bind>
</comp>

<comp id="190" class="1001" name="const_190">
<pin_list>
<pin id="191" dir="1" index="0" bw="1" slack="2147483647"/>
</pin_list>
<bind>
<StgValue><ssdm name="empty_216"/></StgValue>
</bind>
</comp>

<comp id="192" class="1001" name="const_192">
<pin_list>
<pin id="193" dir="1" index="0" bw="1" slack="0"/>
</pin_list>
<bind>
<StgValue><ssdm name="_ssdm_op_Write.ap_auto.i48P0A"/></StgValue>
</bind>
</comp>

<comp id="194" class="1001" name="const_194">
<pin_list>
<pin id="195" dir="1" index="0" bw="1" slack="0"/>
</pin_list>
<bind>
<StgValue><ssdm name="_ssdm_op_Write.ap_auto.i35P0A"/></StgValue>
</bind>
</comp>

<comp id="196" class="1004" name="empty_fu_196">
<pin_list>
<pin id="197" dir="0" index="0" bw="1" slack="0"/>
<pin id="198" dir="1" index="1" bw="35" slack="0"/>
</pin_list>
<bind>
<opcode="alloca(26) " fcode="alloca"/>
<opset="empty/1 "/>
</bind>
</comp>

<comp id="200" class="1004" name="empty_683_fu_200">
<pin_list>
<pin id="201" dir="0" index="0" bw="1" slack="0"/>
<pin id="202" dir="1" index="1" bw="35" slack="0"/>
</pin_list>
<bind>
<opcode="alloca(26) " fcode="alloca"/>
<opset="empty_683/1 "/>
</bind>
</comp>

<comp id="204" class="1004" name="empty_684_fu_204">
<pin_list>
<pin id="205" dir="0" index="0" bw="1" slack="0"/>
<pin id="206" dir="1" index="1" bw="48" slack="0"/>
</pin_list>
<bind>
<opcode="alloca(26) " fcode="alloca"/>
<opset="empty_684/1 "/>
</bind>
</comp>

<comp id="208" class="1004" name="empty_685_fu_208">
<pin_list>
<pin id="209" dir="0" index="0" bw="1" slack="0"/>
<pin id="210" dir="1" index="1" bw="48" slack="0"/>
</pin_list>
<bind>
<opcode="alloca(26) " fcode="alloca"/>
<opset="empty_685/1 "/>
</bind>
</comp>

<comp id="212" class="1004" name="index_fu_212">
<pin_list>
<pin id="213" dir="0" index="0" bw="1" slack="0"/>
<pin id="214" dir="1" index="1" bw="6" slack="0"/>
</pin_list>
<bind>
<opcode="alloca(26) " fcode="alloca"/>
<opset="index/1 "/>
</bind>
</comp>

<comp id="216" class="1004" name="input_ptr_35_val_read_read_fu_216">
<pin_list>
<pin id="217" dir="0" index="0" bw="16" slack="0"/>
<pin id="218" dir="0" index="1" bw="16" slack="0"/>
<pin id="219" dir="1" index="2" bw="16" slack="0"/>
</pin_list>
<bind>
<opcode="read(1150) " fcode="read"/>
<opset="input_ptr_35_val_read/1 "/>
</bind>
</comp>

<comp id="222" class="1004" name="input_ptr_31_val_read_read_fu_222">
<pin_list>
<pin id="223" dir="0" index="0" bw="16" slack="0"/>
<pin id="224" dir="0" index="1" bw="16" slack="0"/>
<pin id="225" dir="1" index="2" bw="16" slack="0"/>
</pin_list>
<bind>
<opcode="read(1150) " fcode="read"/>
<opset="input_ptr_31_val_read/1 "/>
</bind>
</comp>

<comp id="228" class="1004" name="input_ptr_27_val_read_read_fu_228">
<pin_list>
<pin id="229" dir="0" index="0" bw="16" slack="0"/>
<pin id="230" dir="0" index="1" bw="16" slack="0"/>
<pin id="231" dir="1" index="2" bw="16" slack="0"/>
</pin_list>
<bind>
<opcode="read(1150) " fcode="read"/>
<opset="input_ptr_27_val_read/1 "/>
</bind>
</comp>

<comp id="234" class="1004" name="input_ptr_23_val_read_read_fu_234">
<pin_list>
<pin id="235" dir="0" index="0" bw="16" slack="0"/>
<pin id="236" dir="0" index="1" bw="16" slack="0"/>
<pin id="237" dir="1" index="2" bw="16" slack="0"/>
</pin_list>
<bind>
<opcode="read(1150) " fcode="read"/>
<opset="input_ptr_23_val_read/1 "/>
</bind>
</comp>

<comp id="240" class="1004" name="input_ptr_19_val_read_read_fu_240">
<pin_list>
<pin id="241" dir="0" index="0" bw="16" slack="0"/>
<pin id="242" dir="0" index="1" bw="16" slack="0"/>
<pin id="243" dir="1" index="2" bw="16" slack="0"/>
</pin_list>
<bind>
<opcode="read(1150) " fcode="read"/>
<opset="input_ptr_19_val_read/1 "/>
</bind>
</comp>

<comp id="246" class="1004" name="input_ptr_15_val_read_read_fu_246">
<pin_list>
<pin id="247" dir="0" index="0" bw="16" slack="0"/>
<pin id="248" dir="0" index="1" bw="16" slack="0"/>
<pin id="249" dir="1" index="2" bw="16" slack="0"/>
</pin_list>
<bind>
<opcode="read(1150) " fcode="read"/>
<opset="input_ptr_15_val_read/1 "/>
</bind>
</comp>

<comp id="252" class="1004" name="input_ptr_11_val_read_read_fu_252">
<pin_list>
<pin id="253" dir="0" index="0" bw="16" slack="0"/>
<pin id="254" dir="0" index="1" bw="16" slack="0"/>
<pin id="255" dir="1" index="2" bw="16" slack="0"/>
</pin_list>
<bind>
<opcode="read(1150) " fcode="read"/>
<opset="input_ptr_11_val_read/1 "/>
</bind>
</comp>

<comp id="258" class="1004" name="input_ptr_7_val_read_read_fu_258">
<pin_list>
<pin id="259" dir="0" index="0" bw="16" slack="0"/>
<pin id="260" dir="0" index="1" bw="16" slack="0"/>
<pin id="261" dir="1" index="2" bw="16" slack="0"/>
</pin_list>
<bind>
<opcode="read(1150) " fcode="read"/>
<opset="input_ptr_7_val_read/1 "/>
</bind>
</comp>

<comp id="264" class="1004" name="input_ptr_3_val_read_read_fu_264">
<pin_list>
<pin id="265" dir="0" index="0" bw="16" slack="0"/>
<pin id="266" dir="0" index="1" bw="16" slack="0"/>
<pin id="267" dir="1" index="2" bw="16" slack="0"/>
</pin_list>
<bind>
<opcode="read(1150) " fcode="read"/>
<opset="input_ptr_3_val_read/1 "/>
</bind>
</comp>

<comp id="270" class="1004" name="input_ptr_34_val_read_read_fu_270">
<pin_list>
<pin id="271" dir="0" index="0" bw="16" slack="0"/>
<pin id="272" dir="0" index="1" bw="16" slack="0"/>
<pin id="273" dir="1" index="2" bw="16" slack="0"/>
</pin_list>
<bind>
<opcode="read(1150) " fcode="read"/>
<opset="input_ptr_34_val_read/1 "/>
</bind>
</comp>

<comp id="276" class="1004" name="input_ptr_30_val_read_read_fu_276">
<pin_list>
<pin id="277" dir="0" index="0" bw="16" slack="0"/>
<pin id="278" dir="0" index="1" bw="16" slack="0"/>
<pin id="279" dir="1" index="2" bw="16" slack="0"/>
</pin_list>
<bind>
<opcode="read(1150) " fcode="read"/>
<opset="input_ptr_30_val_read/1 "/>
</bind>
</comp>

<comp id="282" class="1004" name="input_ptr_26_val_read_read_fu_282">
<pin_list>
<pin id="283" dir="0" index="0" bw="16" slack="0"/>
<pin id="284" dir="0" index="1" bw="16" slack="0"/>
<pin id="285" dir="1" index="2" bw="16" slack="0"/>
</pin_list>
<bind>
<opcode="read(1150) " fcode="read"/>
<opset="input_ptr_26_val_read/1 "/>
</bind>
</comp>

<comp id="288" class="1004" name="input_ptr_22_val_read_read_fu_288">
<pin_list>
<pin id="289" dir="0" index="0" bw="16" slack="0"/>
<pin id="290" dir="0" index="1" bw="16" slack="0"/>
<pin id="291" dir="1" index="2" bw="16" slack="0"/>
</pin_list>
<bind>
<opcode="read(1150) " fcode="read"/>
<opset="input_ptr_22_val_read/1 "/>
</bind>
</comp>

<comp id="294" class="1004" name="input_ptr_18_val_read_read_fu_294">
<pin_list>
<pin id="295" dir="0" index="0" bw="16" slack="0"/>
<pin id="296" dir="0" index="1" bw="16" slack="0"/>
<pin id="297" dir="1" index="2" bw="16" slack="0"/>
</pin_list>
<bind>
<opcode="read(1150) " fcode="read"/>
<opset="input_ptr_18_val_read/1 "/>
</bind>
</comp>

<comp id="300" class="1004" name="input_ptr_14_val_read_read_fu_300">
<pin_list>
<pin id="301" dir="0" index="0" bw="16" slack="0"/>
<pin id="302" dir="0" index="1" bw="16" slack="0"/>
<pin id="303" dir="1" index="2" bw="16" slack="0"/>
</pin_list>
<bind>
<opcode="read(1150) " fcode="read"/>
<opset="input_ptr_14_val_read/1 "/>
</bind>
</comp>

<comp id="306" class="1004" name="input_ptr_10_val_read_read_fu_306">
<pin_list>
<pin id="307" dir="0" index="0" bw="16" slack="0"/>
<pin id="308" dir="0" index="1" bw="16" slack="0"/>
<pin id="309" dir="1" index="2" bw="16" slack="0"/>
</pin_list>
<bind>
<opcode="read(1150) " fcode="read"/>
<opset="input_ptr_10_val_read/1 "/>
</bind>
</comp>

<comp id="312" class="1004" name="input_ptr_6_val_read_read_fu_312">
<pin_list>
<pin id="313" dir="0" index="0" bw="16" slack="0"/>
<pin id="314" dir="0" index="1" bw="16" slack="0"/>
<pin id="315" dir="1" index="2" bw="16" slack="0"/>
</pin_list>
<bind>
<opcode="read(1150) " fcode="read"/>
<opset="input_ptr_6_val_read/1 "/>
</bind>
</comp>

<comp id="318" class="1004" name="input_ptr_2_val_read_read_fu_318">
<pin_list>
<pin id="319" dir="0" index="0" bw="16" slack="0"/>
<pin id="320" dir="0" index="1" bw="16" slack="0"/>
<pin id="321" dir="1" index="2" bw="16" slack="0"/>
</pin_list>
<bind>
<opcode="read(1150) " fcode="read"/>
<opset="input_ptr_2_val_read/1 "/>
</bind>
</comp>

<comp id="324" class="1004" name="input_ptr_37_val_read_read_fu_324">
<pin_list>
<pin id="325" dir="0" index="0" bw="16" slack="0"/>
<pin id="326" dir="0" index="1" bw="16" slack="0"/>
<pin id="327" dir="1" index="2" bw="16" slack="0"/>
</pin_list>
<bind>
<opcode="read(1150) " fcode="read"/>
<opset="input_ptr_37_val_read/1 "/>
</bind>
</comp>

<comp id="330" class="1004" name="input_ptr_33_val_read_read_fu_330">
<pin_list>
<pin id="331" dir="0" index="0" bw="16" slack="0"/>
<pin id="332" dir="0" index="1" bw="16" slack="0"/>
<pin id="333" dir="1" index="2" bw="16" slack="0"/>
</pin_list>
<bind>
<opcode="read(1150) " fcode="read"/>
<opset="input_ptr_33_val_read/1 "/>
</bind>
</comp>

<comp id="336" class="1004" name="input_ptr_29_val_read_read_fu_336">
<pin_list>
<pin id="337" dir="0" index="0" bw="16" slack="0"/>
<pin id="338" dir="0" index="1" bw="16" slack="0"/>
<pin id="339" dir="1" index="2" bw="16" slack="0"/>
</pin_list>
<bind>
<opcode="read(1150) " fcode="read"/>
<opset="input_ptr_29_val_read/1 "/>
</bind>
</comp>

<comp id="342" class="1004" name="input_ptr_25_val_read_read_fu_342">
<pin_list>
<pin id="343" dir="0" index="0" bw="16" slack="0"/>
<pin id="344" dir="0" index="1" bw="16" slack="0"/>
<pin id="345" dir="1" index="2" bw="16" slack="0"/>
</pin_list>
<bind>
<opcode="read(1150) " fcode="read"/>
<opset="input_ptr_25_val_read/1 "/>
</bind>
</comp>

<comp id="348" class="1004" name="input_ptr_21_val_read_read_fu_348">
<pin_list>
<pin id="349" dir="0" index="0" bw="16" slack="0"/>
<pin id="350" dir="0" index="1" bw="16" slack="0"/>
<pin id="351" dir="1" index="2" bw="16" slack="0"/>
</pin_list>
<bind>
<opcode="read(1150) " fcode="read"/>
<opset="input_ptr_21_val_read/1 "/>
</bind>
</comp>

<comp id="354" class="1004" name="input_ptr_17_val_read_read_fu_354">
<pin_list>
<pin id="355" dir="0" index="0" bw="16" slack="0"/>
<pin id="356" dir="0" index="1" bw="16" slack="0"/>
<pin id="357" dir="1" index="2" bw="16" slack="0"/>
</pin_list>
<bind>
<opcode="read(1150) " fcode="read"/>
<opset="input_ptr_17_val_read/1 "/>
</bind>
</comp>

<comp id="360" class="1004" name="input_ptr_13_val_read_read_fu_360">
<pin_list>
<pin id="361" dir="0" index="0" bw="16" slack="0"/>
<pin id="362" dir="0" index="1" bw="16" slack="0"/>
<pin id="363" dir="1" index="2" bw="16" slack="0"/>
</pin_list>
<bind>
<opcode="read(1150) " fcode="read"/>
<opset="input_ptr_13_val_read/1 "/>
</bind>
</comp>

<comp id="366" class="1004" name="input_ptr_9_val_read_read_fu_366">
<pin_list>
<pin id="367" dir="0" index="0" bw="16" slack="0"/>
<pin id="368" dir="0" index="1" bw="16" slack="0"/>
<pin id="369" dir="1" index="2" bw="16" slack="0"/>
</pin_list>
<bind>
<opcode="read(1150) " fcode="read"/>
<opset="input_ptr_9_val_read/1 "/>
</bind>
</comp>

<comp id="372" class="1004" name="input_ptr_5_val_read_read_fu_372">
<pin_list>
<pin id="373" dir="0" index="0" bw="16" slack="0"/>
<pin id="374" dir="0" index="1" bw="16" slack="0"/>
<pin id="375" dir="1" index="2" bw="16" slack="0"/>
</pin_list>
<bind>
<opcode="read(1150) " fcode="read"/>
<opset="input_ptr_5_val_read/1 "/>
</bind>
</comp>

<comp id="378" class="1004" name="input_ptr_1_val_read_read_fu_378">
<pin_list>
<pin id="379" dir="0" index="0" bw="16" slack="0"/>
<pin id="380" dir="0" index="1" bw="16" slack="0"/>
<pin id="381" dir="1" index="2" bw="16" slack="0"/>
</pin_list>
<bind>
<opcode="read(1150) " fcode="read"/>
<opset="input_ptr_1_val_read/1 "/>
</bind>
</comp>

<comp id="384" class="1004" name="add_ln1839_3_read_read_fu_384">
<pin_list>
<pin id="385" dir="0" index="0" bw="11" slack="0"/>
<pin id="386" dir="0" index="1" bw="11" slack="0"/>
<pin id="387" dir="1" index="2" bw="11" slack="0"/>
</pin_list>
<bind>
<opcode="read(1150) " fcode="read"/>
<opset="add_ln1839_3_read/1 "/>
</bind>
</comp>

<comp id="390" class="1004" name="input_ptr_36_val_read_read_fu_390">
<pin_list>
<pin id="391" dir="0" index="0" bw="16" slack="0"/>
<pin id="392" dir="0" index="1" bw="16" slack="0"/>
<pin id="393" dir="1" index="2" bw="16" slack="0"/>
</pin_list>
<bind>
<opcode="read(1150) " fcode="read"/>
<opset="input_ptr_36_val_read/1 "/>
</bind>
</comp>

<comp id="396" class="1004" name="input_ptr_32_val_read_read_fu_396">
<pin_list>
<pin id="397" dir="0" index="0" bw="16" slack="0"/>
<pin id="398" dir="0" index="1" bw="16" slack="0"/>
<pin id="399" dir="1" index="2" bw="16" slack="0"/>
</pin_list>
<bind>
<opcode="read(1150) " fcode="read"/>
<opset="input_ptr_32_val_read/1 "/>
</bind>
</comp>

<comp id="402" class="1004" name="input_ptr_28_val_read_read_fu_402">
<pin_list>
<pin id="403" dir="0" index="0" bw="16" slack="0"/>
<pin id="404" dir="0" index="1" bw="16" slack="0"/>
<pin id="405" dir="1" index="2" bw="16" slack="0"/>
</pin_list>
<bind>
<opcode="read(1150) " fcode="read"/>
<opset="input_ptr_28_val_read/1 "/>
</bind>
</comp>

<comp id="408" class="1004" name="input_ptr_24_val_read_read_fu_408">
<pin_list>
<pin id="409" dir="0" index="0" bw="16" slack="0"/>
<pin id="410" dir="0" index="1" bw="16" slack="0"/>
<pin id="411" dir="1" index="2" bw="16" slack="0"/>
</pin_list>
<bind>
<opcode="read(1150) " fcode="read"/>
<opset="input_ptr_24_val_read/1 "/>
</bind>
</comp>

<comp id="414" class="1004" name="input_ptr_20_val_read_read_fu_414">
<pin_list>
<pin id="415" dir="0" index="0" bw="16" slack="0"/>
<pin id="416" dir="0" index="1" bw="16" slack="0"/>
<pin id="417" dir="1" index="2" bw="16" slack="0"/>
</pin_list>
<bind>
<opcode="read(1150) " fcode="read"/>
<opset="input_ptr_20_val_read/1 "/>
</bind>
</comp>

<comp id="420" class="1004" name="input_ptr_16_val_read_read_fu_420">
<pin_list>
<pin id="421" dir="0" index="0" bw="16" slack="0"/>
<pin id="422" dir="0" index="1" bw="16" slack="0"/>
<pin id="423" dir="1" index="2" bw="16" slack="0"/>
</pin_list>
<bind>
<opcode="read(1150) " fcode="read"/>
<opset="input_ptr_16_val_read/1 "/>
</bind>
</comp>

<comp id="426" class="1004" name="input_ptr_12_val_read_read_fu_426">
<pin_list>
<pin id="427" dir="0" index="0" bw="16" slack="0"/>
<pin id="428" dir="0" index="1" bw="16" slack="0"/>
<pin id="429" dir="1" index="2" bw="16" slack="0"/>
</pin_list>
<bind>
<opcode="read(1150) " fcode="read"/>
<opset="input_ptr_12_val_read/1 "/>
</bind>
</comp>

<comp id="432" class="1004" name="input_ptr_8_val_read_read_fu_432">
<pin_list>
<pin id="433" dir="0" index="0" bw="16" slack="0"/>
<pin id="434" dir="0" index="1" bw="16" slack="0"/>
<pin id="435" dir="1" index="2" bw="16" slack="0"/>
</pin_list>
<bind>
<opcode="read(1150) " fcode="read"/>
<opset="input_ptr_8_val_read/1 "/>
</bind>
</comp>

<comp id="438" class="1004" name="input_ptr_4_val_read_read_fu_438">
<pin_list>
<pin id="439" dir="0" index="0" bw="16" slack="0"/>
<pin id="440" dir="0" index="1" bw="16" slack="0"/>
<pin id="441" dir="1" index="2" bw="16" slack="0"/>
</pin_list>
<bind>
<opcode="read(1150) " fcode="read"/>
<opset="input_ptr_4_val_read/1 "/>
</bind>
</comp>

<comp id="444" class="1004" name="input_ptr_0_val_read_read_fu_444">
<pin_list>
<pin id="445" dir="0" index="0" bw="16" slack="0"/>
<pin id="446" dir="0" index="1" bw="16" slack="0"/>
<pin id="447" dir="1" index="2" bw="16" slack="0"/>
</pin_list>
<bind>
<opcode="read(1150) " fcode="read"/>
<opset="input_ptr_0_val_read/1 "/>
</bind>
</comp>

<comp id="450" class="1004" name="write_ln0_write_fu_450">
<pin_list>
<pin id="451" dir="0" index="0" bw="0" slack="0"/>
<pin id="452" dir="0" index="1" bw="48" slack="0"/>
<pin id="453" dir="0" index="2" bw="48" slack="0"/>
<pin id="454" dir="1" index="3" bw="0" slack="2147483647"/>
</pin_list>
<bind>
<opcode="write(1151) " fcode="write"/>
<opset="write_ln0/3 "/>
</bind>
</comp>

<comp id="457" class="1004" name="write_ln0_write_fu_457">
<pin_list>
<pin id="458" dir="0" index="0" bw="0" slack="0"/>
<pin id="459" dir="0" index="1" bw="48" slack="0"/>
<pin id="460" dir="0" index="2" bw="48" slack="0"/>
<pin id="461" dir="1" index="3" bw="0" slack="2147483647"/>
</pin_list>
<bind>
<opcode="write(1151) " fcode="write"/>
<opset="write_ln0/3 "/>
</bind>
</comp>

<comp id="464" class="1004" name="write_ln0_write_fu_464">
<pin_list>
<pin id="465" dir="0" index="0" bw="0" slack="0"/>
<pin id="466" dir="0" index="1" bw="35" slack="0"/>
<pin id="467" dir="0" index="2" bw="35" slack="0"/>
<pin id="468" dir="1" index="3" bw="0" slack="2147483647"/>
</pin_list>
<bind>
<opcode="write(1151) " fcode="write"/>
<opset="write_ln0/3 "/>
</bind>
</comp>

<comp id="471" class="1004" name="write_ln0_write_fu_471">
<pin_list>
<pin id="472" dir="0" index="0" bw="0" slack="0"/>
<pin id="473" dir="0" index="1" bw="35" slack="0"/>
<pin id="474" dir="0" index="2" bw="35" slack="0"/>
<pin id="475" dir="1" index="3" bw="0" slack="2147483647"/>
</pin_list>
<bind>
<opcode="write(1151) " fcode="write"/>
<opset="write_ln0/3 "/>
</bind>
</comp>

<comp id="478" class="1004" name="SubbandBand0TopQ610_ap_int_const_ap_int_const_ap_int_const_ap_int_const_ap_i_29_gep_fu_478">
<pin_list>
<pin id="479" dir="0" index="0" bw="64" slack="0"/>
<pin id="480" dir="0" index="1" bw="1" slack="0"/>
<pin id="481" dir="0" index="2" bw="11" slack="0"/>
<pin id="482" dir="1" index="3" bw="11" slack="0"/>
</pin_list>
<bind>
<opcode="getelementptr(29) " fcode="getelementptr"/>
<opset="SubbandBand0TopQ610_ap_int_const_ap_int_const_ap_int_const_ap_int_const_ap_i_29/1 "/>
</bind>
</comp>

<comp id="485" class="1004" name="grp_access_fu_485">
<pin_list>
<pin id="486" dir="0" index="0" bw="11" slack="0"/>
<pin id="487" dir="0" index="1" bw="64" slack="2147483647"/>
<pin id="488" dir="0" index="2" bw="0" slack="2147483647"/>
<pin id="489" dir="1" index="3" bw="64" slack="0"/>
</pin_list>
<bind>
<opcode="load(27) " fcode="load"/>
<opset="SubbandBand0TopQ610_ap_int_const_ap_int_const_ap_int_const_ap_int_const_ap_i_30/1 "/>
</bind>
</comp>

<comp id="491" class="1004" name="store_ln1837_store_fu_491">
<pin_list>
<pin id="492" dir="0" index="0" bw="1" slack="0"/>
<pin id="493" dir="0" index="1" bw="6" slack="0"/>
<pin id="494" dir="1" index="2" bw="0" slack="2147483647"/>
</pin_list>
<bind>
<opcode="store(28) " fcode="store"/>
<opset="store_ln1837/1 "/>
</bind>
</comp>

<comp id="496" class="1004" name="store_ln0_store_fu_496">
<pin_list>
<pin id="497" dir="0" index="0" bw="1" slack="0"/>
<pin id="498" dir="0" index="1" bw="48" slack="0"/>
<pin id="499" dir="1" index="2" bw="0" slack="2147483647"/>
</pin_list>
<bind>
<opcode="store(28) " fcode="store"/>
<opset="store_ln0/1 "/>
</bind>
</comp>

<comp id="501" class="1004" name="store_ln0_store_fu_501">
<pin_list>
<pin id="502" dir="0" index="0" bw="1" slack="0"/>
<pin id="503" dir="0" index="1" bw="48" slack="0"/>
<pin id="504" dir="1" index="2" bw="0" slack="2147483647"/>
</pin_list>
<bind>
<opcode="store(28) " fcode="store"/>
<opset="store_ln0/1 "/>
</bind>
</comp>

<comp id="506" class="1004" name="store_ln0_store_fu_506">
<pin_list>
<pin id="507" dir="0" index="0" bw="1" slack="0"/>
<pin id="508" dir="0" index="1" bw="35" slack="0"/>
<pin id="509" dir="1" index="2" bw="0" slack="2147483647"/>
</pin_list>
<bind>
<opcode="store(28) " fcode="store"/>
<opset="store_ln0/1 "/>
</bind>
</comp>

<comp id="511" class="1004" name="store_ln0_store_fu_511">
<pin_list>
<pin id="512" dir="0" index="0" bw="1" slack="0"/>
<pin id="513" dir="0" index="1" bw="35" slack="0"/>
<pin id="514" dir="1" index="2" bw="0" slack="2147483647"/>
</pin_list>
<bind>
<opcode="store(28) " fcode="store"/>
<opset="store_ln0/1 "/>
</bind>
</comp>

<comp id="516" class="1004" name="base_index_load_fu_516">
<pin_list>
<pin id="517" dir="0" index="0" bw="6" slack="0"/>
<pin id="518" dir="1" index="1" bw="6" slack="0"/>
</pin_list>
<bind>
<opcode="load(27) " fcode="load"/>
<opset="base_index/1 "/>
</bind>
</comp>

<comp id="519" class="1004" name="icmp_ln1833_fu_519">
<pin_list>
<pin id="520" dir="0" index="0" bw="6" slack="0"/>
<pin id="521" dir="0" index="1" bw="6" slack="0"/>
<pin id="522" dir="1" index="2" bw="1" slack="2"/>
</pin_list>
<bind>
<opcode="icmp(45) " fcode="icmp"/>
<opset="icmp_ln1833/1 "/>
</bind>
</comp>

<comp id="525" class="1004" name="lshr_ln1833_2_fu_525">
<pin_list>
<pin id="526" dir="0" index="0" bw="4" slack="0"/>
<pin id="527" dir="0" index="1" bw="6" slack="0"/>
<pin id="528" dir="0" index="2" bw="3" slack="0"/>
<pin id="529" dir="0" index="3" bw="4" slack="0"/>
<pin id="530" dir="1" index="4" bw="4" slack="0"/>
</pin_list>
<bind>
<opcode="partselect(1002) " fcode="partselect"/>
<opset="lshr_ln1833_2/1 "/>
</bind>
</comp>

<comp id="535" class="1004" name="or_ln1833_fu_535">
<pin_list>
<pin id="536" dir="0" index="0" bw="6" slack="0"/>
<pin id="537" dir="0" index="1" bw="3" slack="0"/>
<pin id="538" dir="1" index="2" bw="6" slack="0"/>
</pin_list>
<bind>
<opcode="or(24) " fcode="or"/>
<opset="or_ln1833/1 "/>
</bind>
</comp>

<comp id="541" class="1004" name="lhs_fu_541">
<pin_list>
<pin id="542" dir="0" index="0" bw="16" slack="0"/>
<pin id="543" dir="0" index="1" bw="1" slack="0"/>
<pin id="544" dir="0" index="2" bw="16" slack="0"/>
<pin id="545" dir="0" index="3" bw="4" slack="0"/>
<pin id="546" dir="0" index="4" bw="16" slack="0"/>
<pin id="547" dir="0" index="5" bw="5" slack="0"/>
<pin id="548" dir="0" index="6" bw="16" slack="0"/>
<pin id="549" dir="0" index="7" bw="5" slack="0"/>
<pin id="550" dir="0" index="8" bw="16" slack="0"/>
<pin id="551" dir="0" index="9" bw="6" slack="0"/>
<pin id="552" dir="0" index="10" bw="16" slack="0"/>
<pin id="553" dir="0" index="11" bw="6" slack="0"/>
<pin id="554" dir="0" index="12" bw="16" slack="0"/>
<pin id="555" dir="0" index="13" bw="6" slack="0"/>
<pin id="556" dir="0" index="14" bw="16" slack="0"/>
<pin id="557" dir="0" index="15" bw="6" slack="0"/>
<pin id="558" dir="0" index="16" bw="16" slack="0"/>
<pin id="559" dir="0" index="17" bw="6" slack="0"/>
<pin id="560" dir="0" index="18" bw="16" slack="0"/>
<pin id="561" dir="0" index="19" bw="6" slack="0"/>
<pin id="562" dir="0" index="20" bw="16" slack="0"/>
<pin id="563" dir="0" index="21" bw="1" slack="0"/>
<pin id="564" dir="0" index="22" bw="6" slack="0"/>
<pin id="565" dir="1" index="23" bw="16" slack="1"/>
</pin_list>
<bind>
<opcode="sparsemux(1197) " fcode="sparsemux"/>
<opset="lhs/1 "/>
</bind>
</comp>

<comp id="589" class="1004" name="zext_ln1839_fu_589">
<pin_list>
<pin id="590" dir="0" index="0" bw="4" slack="0"/>
<pin id="591" dir="1" index="1" bw="11" slack="0"/>
</pin_list>
<bind>
<opcode="zext(34) " fcode="zext"/>
<opset="zext_ln1839/1 "/>
</bind>
</comp>

<comp id="593" class="1004" name="add_ln1839_fu_593">
<pin_list>
<pin id="594" dir="0" index="0" bw="11" slack="0"/>
<pin id="595" dir="0" index="1" bw="4" slack="0"/>
<pin id="596" dir="1" index="2" bw="11" slack="0"/>
</pin_list>
<bind>
<opcode="add(8) " fcode="add"/>
<opset="add_ln1839/1 "/>
</bind>
</comp>

<comp id="599" class="1004" name="zext_ln1839_4_fu_599">
<pin_list>
<pin id="600" dir="0" index="0" bw="11" slack="0"/>
<pin id="601" dir="1" index="1" bw="32" slack="0"/>
</pin_list>
<bind>
<opcode="zext(34) " fcode="zext"/>
<opset="zext_ln1839_4/1 "/>
</bind>
</comp>

<comp id="604" class="1004" name="lhs_106_fu_604">
<pin_list>
<pin id="605" dir="0" index="0" bw="16" slack="0"/>
<pin id="606" dir="0" index="1" bw="1" slack="0"/>
<pin id="607" dir="0" index="2" bw="16" slack="0"/>
<pin id="608" dir="0" index="3" bw="4" slack="0"/>
<pin id="609" dir="0" index="4" bw="16" slack="0"/>
<pin id="610" dir="0" index="5" bw="5" slack="0"/>
<pin id="611" dir="0" index="6" bw="16" slack="0"/>
<pin id="612" dir="0" index="7" bw="5" slack="0"/>
<pin id="613" dir="0" index="8" bw="16" slack="0"/>
<pin id="614" dir="0" index="9" bw="6" slack="0"/>
<pin id="615" dir="0" index="10" bw="16" slack="0"/>
<pin id="616" dir="0" index="11" bw="6" slack="0"/>
<pin id="617" dir="0" index="12" bw="16" slack="0"/>
<pin id="618" dir="0" index="13" bw="6" slack="0"/>
<pin id="619" dir="0" index="14" bw="16" slack="0"/>
<pin id="620" dir="0" index="15" bw="6" slack="0"/>
<pin id="621" dir="0" index="16" bw="16" slack="0"/>
<pin id="622" dir="0" index="17" bw="6" slack="0"/>
<pin id="623" dir="0" index="18" bw="16" slack="0"/>
<pin id="624" dir="0" index="19" bw="6" slack="0"/>
<pin id="625" dir="0" index="20" bw="16" slack="0"/>
<pin id="626" dir="0" index="21" bw="1" slack="0"/>
<pin id="627" dir="0" index="22" bw="6" slack="0"/>
<pin id="628" dir="1" index="23" bw="16" slack="1"/>
</pin_list>
<bind>
<opcode="sparsemux(1197) " fcode="sparsemux"/>
<opset="lhs_106/1 "/>
</bind>
</comp>

<comp id="652" class="1004" name="icmp_ln1838_fu_652">
<pin_list>
<pin id="653" dir="0" index="0" bw="6" slack="0"/>
<pin id="654" dir="0" index="1" bw="6" slack="0"/>
<pin id="655" dir="1" index="2" bw="1" slack="1"/>
</pin_list>
<bind>
<opcode="icmp(45) " fcode="icmp"/>
<opset="icmp_ln1838/1 "/>
</bind>
</comp>

<comp id="658" class="1004" name="lhs_107_fu_658">
<pin_list>
<pin id="659" dir="0" index="0" bw="16" slack="0"/>
<pin id="660" dir="0" index="1" bw="1" slack="0"/>
<pin id="661" dir="0" index="2" bw="16" slack="0"/>
<pin id="662" dir="0" index="3" bw="4" slack="0"/>
<pin id="663" dir="0" index="4" bw="16" slack="0"/>
<pin id="664" dir="0" index="5" bw="5" slack="0"/>
<pin id="665" dir="0" index="6" bw="16" slack="0"/>
<pin id="666" dir="0" index="7" bw="5" slack="0"/>
<pin id="667" dir="0" index="8" bw="16" slack="0"/>
<pin id="668" dir="0" index="9" bw="6" slack="0"/>
<pin id="669" dir="0" index="10" bw="16" slack="0"/>
<pin id="670" dir="0" index="11" bw="6" slack="0"/>
<pin id="671" dir="0" index="12" bw="16" slack="0"/>
<pin id="672" dir="0" index="13" bw="6" slack="0"/>
<pin id="673" dir="0" index="14" bw="16" slack="0"/>
<pin id="674" dir="0" index="15" bw="6" slack="0"/>
<pin id="675" dir="0" index="16" bw="16" slack="0"/>
<pin id="676" dir="0" index="17" bw="6" slack="0"/>
<pin id="677" dir="0" index="18" bw="16" slack="0"/>
<pin id="678" dir="0" index="19" bw="1" slack="0"/>
<pin id="679" dir="0" index="20" bw="6" slack="0"/>
<pin id="680" dir="1" index="21" bw="16" slack="1"/>
</pin_list>
<bind>
<opcode="sparsemux(1197) " fcode="sparsemux"/>
<opset="lhs_107/1 "/>
</bind>
</comp>

<comp id="702" class="1004" name="lhs_108_fu_702">
<pin_list>
<pin id="703" dir="0" index="0" bw="16" slack="0"/>
<pin id="704" dir="0" index="1" bw="1" slack="0"/>
<pin id="705" dir="0" index="2" bw="16" slack="0"/>
<pin id="706" dir="0" index="3" bw="4" slack="0"/>
<pin id="707" dir="0" index="4" bw="16" slack="0"/>
<pin id="708" dir="0" index="5" bw="5" slack="0"/>
<pin id="709" dir="0" index="6" bw="16" slack="0"/>
<pin id="710" dir="0" index="7" bw="5" slack="0"/>
<pin id="711" dir="0" index="8" bw="16" slack="0"/>
<pin id="712" dir="0" index="9" bw="6" slack="0"/>
<pin id="713" dir="0" index="10" bw="16" slack="0"/>
<pin id="714" dir="0" index="11" bw="6" slack="0"/>
<pin id="715" dir="0" index="12" bw="16" slack="0"/>
<pin id="716" dir="0" index="13" bw="6" slack="0"/>
<pin id="717" dir="0" index="14" bw="16" slack="0"/>
<pin id="718" dir="0" index="15" bw="6" slack="0"/>
<pin id="719" dir="0" index="16" bw="16" slack="0"/>
<pin id="720" dir="0" index="17" bw="6" slack="0"/>
<pin id="721" dir="0" index="18" bw="16" slack="0"/>
<pin id="722" dir="0" index="19" bw="1" slack="0"/>
<pin id="723" dir="0" index="20" bw="6" slack="0"/>
<pin id="724" dir="1" index="21" bw="16" slack="1"/>
</pin_list>
<bind>
<opcode="sparsemux(1197) " fcode="sparsemux"/>
<opset="lhs_108/1 "/>
</bind>
</comp>

<comp id="746" class="1004" name="add_ln1833_fu_746">
<pin_list>
<pin id="747" dir="0" index="0" bw="6" slack="0"/>
<pin id="748" dir="0" index="1" bw="4" slack="0"/>
<pin id="749" dir="1" index="2" bw="6" slack="0"/>
</pin_list>
<bind>
<opcode="add(8) " fcode="add"/>
<opset="add_ln1833/1 "/>
</bind>
</comp>

<comp id="752" class="1004" name="store_ln1837_store_fu_752">
<pin_list>
<pin id="753" dir="0" index="0" bw="6" slack="0"/>
<pin id="754" dir="0" index="1" bw="6" slack="0"/>
<pin id="755" dir="1" index="2" bw="0" slack="2147483647"/>
</pin_list>
<bind>
<opcode="store(28) " fcode="store"/>
<opset="store_ln1837/1 "/>
</bind>
</comp>

<comp id="757" class="1004" name="rhs_fu_757">
<pin_list>
<pin id="758" dir="0" index="0" bw="64" slack="0"/>
<pin id="759" dir="1" index="1" bw="16" slack="0"/>
</pin_list>
<bind>
<opcode="trunc(33) " fcode="trunc"/>
<opset="rhs/2 "/>
</bind>
</comp>

<comp id="761" class="1004" name="sext_ln1625_49_fu_761">
<pin_list>
<pin id="762" dir="0" index="0" bw="16" slack="1"/>
<pin id="763" dir="1" index="1" bw="32" slack="0"/>
</pin_list>
<bind>
<opcode="sext(35) " fcode="sext"/>
<opset="sext_ln1625_49/2 "/>
</bind>
</comp>

<comp id="764" class="1004" name="sext_ln1625_50_fu_764">
<pin_list>
<pin id="765" dir="0" index="0" bw="16" slack="0"/>
<pin id="766" dir="1" index="1" bw="32" slack="0"/>
</pin_list>
<bind>
<opcode="sext(35) " fcode="sext"/>
<opset="sext_ln1625_50/2 "/>
</bind>
</comp>

<comp id="768" class="1004" name="rhs_97_fu_768">
<pin_list>
<pin id="769" dir="0" index="0" bw="16" slack="0"/>
<pin id="770" dir="0" index="1" bw="64" slack="0"/>
<pin id="771" dir="0" index="2" bw="6" slack="0"/>
<pin id="772" dir="0" index="3" bw="6" slack="0"/>
<pin id="773" dir="1" index="4" bw="16" slack="0"/>
</pin_list>
<bind>
<opcode="partselect(1002) " fcode="partselect"/>
<opset="rhs_97/2 "/>
</bind>
</comp>

<comp id="778" class="1004" name="sext_ln1625_51_fu_778">
<pin_list>
<pin id="779" dir="0" index="0" bw="16" slack="1"/>
<pin id="780" dir="1" index="1" bw="32" slack="0"/>
</pin_list>
<bind>
<opcode="sext(35) " fcode="sext"/>
<opset="sext_ln1625_51/2 "/>
</bind>
</comp>

<comp id="781" class="1004" name="sext_ln1625_52_fu_781">
<pin_list>
<pin id="782" dir="0" index="0" bw="16" slack="0"/>
<pin id="783" dir="1" index="1" bw="32" slack="0"/>
</pin_list>
<bind>
<opcode="sext(35) " fcode="sext"/>
<opset="sext_ln1625_52/2 "/>
</bind>
</comp>

<comp id="785" class="1004" name="rhs_98_fu_785">
<pin_list>
<pin id="786" dir="0" index="0" bw="16" slack="0"/>
<pin id="787" dir="0" index="1" bw="64" slack="0"/>
<pin id="788" dir="0" index="2" bw="7" slack="0"/>
<pin id="789" dir="0" index="3" bw="7" slack="0"/>
<pin id="790" dir="1" index="4" bw="16" slack="0"/>
</pin_list>
<bind>
<opcode="partselect(1002) " fcode="partselect"/>
<opset="rhs_98/2 "/>
</bind>
</comp>

<comp id="795" class="1004" name="sext_ln1625_53_fu_795">
<pin_list>
<pin id="796" dir="0" index="0" bw="16" slack="1"/>
<pin id="797" dir="1" index="1" bw="32" slack="0"/>
</pin_list>
<bind>
<opcode="sext(35) " fcode="sext"/>
<opset="sext_ln1625_53/2 "/>
</bind>
</comp>

<comp id="798" class="1004" name="sext_ln1625_54_fu_798">
<pin_list>
<pin id="799" dir="0" index="0" bw="16" slack="0"/>
<pin id="800" dir="1" index="1" bw="32" slack="0"/>
</pin_list>
<bind>
<opcode="sext(35) " fcode="sext"/>
<opset="sext_ln1625_54/2 "/>
</bind>
</comp>

<comp id="802" class="1004" name="rhs_99_fu_802">
<pin_list>
<pin id="803" dir="0" index="0" bw="16" slack="0"/>
<pin id="804" dir="0" index="1" bw="64" slack="0"/>
<pin id="805" dir="0" index="2" bw="7" slack="0"/>
<pin id="806" dir="0" index="3" bw="7" slack="0"/>
<pin id="807" dir="1" index="4" bw="16" slack="0"/>
</pin_list>
<bind>
<opcode="partselect(1002) " fcode="partselect"/>
<opset="rhs_99/2 "/>
</bind>
</comp>

<comp id="812" class="1004" name="sext_ln1625_56_fu_812">
<pin_list>
<pin id="813" dir="0" index="0" bw="16" slack="1"/>
<pin id="814" dir="1" index="1" bw="32" slack="0"/>
</pin_list>
<bind>
<opcode="sext(35) " fcode="sext"/>
<opset="sext_ln1625_56/2 "/>
</bind>
</comp>

<comp id="815" class="1004" name="sext_ln1625_57_fu_815">
<pin_list>
<pin id="816" dir="0" index="0" bw="16" slack="0"/>
<pin id="817" dir="1" index="1" bw="32" slack="0"/>
</pin_list>
<bind>
<opcode="sext(35) " fcode="sext"/>
<opset="sext_ln1625_57/2 "/>
</bind>
</comp>

<comp id="819" class="1004" name="p_load48_load_fu_819">
<pin_list>
<pin id="820" dir="0" index="0" bw="35" slack="3"/>
<pin id="821" dir="1" index="1" bw="35" slack="0"/>
</pin_list>
<bind>
<opcode="load(27) " fcode="load"/>
<opset="p_load48/4 "/>
</bind>
</comp>

<comp id="822" class="1004" name="p_load46_load_fu_822">
<pin_list>
<pin id="823" dir="0" index="0" bw="35" slack="3"/>
<pin id="824" dir="1" index="1" bw="35" slack="0"/>
</pin_list>
<bind>
<opcode="load(27) " fcode="load"/>
<opset="p_load46/4 "/>
</bind>
</comp>

<comp id="825" class="1004" name="p_load44_load_fu_825">
<pin_list>
<pin id="826" dir="0" index="0" bw="48" slack="3"/>
<pin id="827" dir="1" index="1" bw="48" slack="0"/>
</pin_list>
<bind>
<opcode="load(27) " fcode="load"/>
<opset="p_load44/4 "/>
</bind>
</comp>

<comp id="828" class="1004" name="p_load_load_fu_828">
<pin_list>
<pin id="829" dir="0" index="0" bw="48" slack="3"/>
<pin id="830" dir="1" index="1" bw="48" slack="0"/>
</pin_list>
<bind>
<opcode="load(27) " fcode="load"/>
<opset="p_load/4 "/>
</bind>
</comp>

<comp id="831" class="1004" name="select_ln1838_fu_831">
<pin_list>
<pin id="832" dir="0" index="0" bw="1" slack="3"/>
<pin id="833" dir="0" index="1" bw="48" slack="0"/>
<pin id="834" dir="0" index="2" bw="48" slack="0"/>
<pin id="835" dir="1" index="3" bw="48" slack="0"/>
</pin_list>
<bind>
<opcode="select(49) " fcode="select"/>
<opset="select_ln1838/4 "/>
</bind>
</comp>

<comp id="837" class="1004" name="select_ln1838_1_fu_837">
<pin_list>
<pin id="838" dir="0" index="0" bw="1" slack="3"/>
<pin id="839" dir="0" index="1" bw="48" slack="0"/>
<pin id="840" dir="0" index="2" bw="48" slack="0"/>
<pin id="841" dir="1" index="3" bw="48" slack="0"/>
</pin_list>
<bind>
<opcode="select(49) " fcode="select"/>
<opset="select_ln1838_1/4 "/>
</bind>
</comp>

<comp id="843" class="1004" name="store_ln1838_store_fu_843">
<pin_list>
<pin id="844" dir="0" index="0" bw="48" slack="0"/>
<pin id="845" dir="0" index="1" bw="48" slack="3"/>
<pin id="846" dir="1" index="2" bw="0" slack="2147483647"/>
</pin_list>
<bind>
<opcode="store(28) " fcode="store"/>
<opset="store_ln1838/4 "/>
</bind>
</comp>

<comp id="848" class="1004" name="store_ln1838_store_fu_848">
<pin_list>
<pin id="849" dir="0" index="0" bw="48" slack="0"/>
<pin id="850" dir="0" index="1" bw="48" slack="3"/>
<pin id="851" dir="1" index="2" bw="0" slack="2147483647"/>
</pin_list>
<bind>
<opcode="store(28) " fcode="store"/>
<opset="store_ln1838/4 "/>
</bind>
</comp>

<comp id="853" class="1004" name="store_ln1839_store_fu_853">
<pin_list>
<pin id="854" dir="0" index="0" bw="35" slack="0"/>
<pin id="855" dir="0" index="1" bw="35" slack="3"/>
<pin id="856" dir="1" index="2" bw="0" slack="2147483647"/>
</pin_list>
<bind>
<opcode="store(28) " fcode="store"/>
<opset="store_ln1839/4 "/>
</bind>
</comp>

<comp id="857" class="1004" name="store_ln1839_store_fu_857">
<pin_list>
<pin id="858" dir="0" index="0" bw="35" slack="0"/>
<pin id="859" dir="0" index="1" bw="35" slack="3"/>
<pin id="860" dir="1" index="2" bw="0" slack="2147483647"/>
</pin_list>
<bind>
<opcode="store(28) " fcode="store"/>
<opset="store_ln1839/4 "/>
</bind>
</comp>

<comp id="861" class="1004" name="p_load49_load_fu_861">
<pin_list>
<pin id="862" dir="0" index="0" bw="35" slack="2"/>
<pin id="863" dir="1" index="1" bw="35" slack="0"/>
</pin_list>
<bind>
<opcode="load(27) " fcode="load"/>
<opset="p_load49/3 "/>
</bind>
</comp>

<comp id="865" class="1004" name="p_load47_load_fu_865">
<pin_list>
<pin id="866" dir="0" index="0" bw="35" slack="2"/>
<pin id="867" dir="1" index="1" bw="35" slack="0"/>
</pin_list>
<bind>
<opcode="load(27) " fcode="load"/>
<opset="p_load47/3 "/>
</bind>
</comp>

<comp id="869" class="1004" name="p_load45_load_fu_869">
<pin_list>
<pin id="870" dir="0" index="0" bw="48" slack="2"/>
<pin id="871" dir="1" index="1" bw="48" slack="0"/>
</pin_list>
<bind>
<opcode="load(27) " fcode="load"/>
<opset="p_load45/3 "/>
</bind>
</comp>

<comp id="873" class="1004" name="p_load43_load_fu_873">
<pin_list>
<pin id="874" dir="0" index="0" bw="48" slack="2"/>
<pin id="875" dir="1" index="1" bw="48" slack="0"/>
</pin_list>
<bind>
<opcode="load(27) " fcode="load"/>
<opset="p_load43/3 "/>
</bind>
</comp>

<comp id="877" class="1007" name="grp_fu_877">
<pin_list>
<pin id="878" dir="0" index="0" bw="16" slack="0"/>
<pin id="879" dir="0" index="1" bw="16" slack="0"/>
<pin id="880" dir="0" index="2" bw="35" slack="0"/>
<pin id="881" dir="1" index="3" bw="35" slack="0"/>
</pin_list>
<bind>
<opcode="muladd(1172) " fcode="muladd"/>
<opset="product_q20/2 sext_ln1623_37/4 total_q20/4 "/>
</bind>
</comp>

<comp id="886" class="1007" name="grp_fu_886">
<pin_list>
<pin id="887" dir="0" index="0" bw="16" slack="0"/>
<pin id="888" dir="0" index="1" bw="16" slack="0"/>
<pin id="889" dir="0" index="2" bw="35" slack="0"/>
<pin id="890" dir="1" index="3" bw="35" slack="0"/>
</pin_list>
<bind>
<opcode="muladd(1172) " fcode="muladd"/>
<opset="product_q20_106/2 sext_ln1623_38/4 add_ln1839_36/4 "/>
</bind>
</comp>

<comp id="895" class="1007" name="grp_fu_895">
<pin_list>
<pin id="896" dir="0" index="0" bw="16" slack="0"/>
<pin id="897" dir="0" index="1" bw="16" slack="0"/>
<pin id="898" dir="0" index="2" bw="48" slack="0"/>
<pin id="899" dir="1" index="3" bw="48" slack="0"/>
</pin_list>
<bind>
<opcode="muladd(1172) " fcode="muladd"/>
<opset="product_q20_107/2 sext_ln1625_55/4 add_ln1839_37/4 "/>
</bind>
</comp>

<comp id="904" class="1007" name="grp_fu_904">
<pin_list>
<pin id="905" dir="0" index="0" bw="16" slack="0"/>
<pin id="906" dir="0" index="1" bw="16" slack="0"/>
<pin id="907" dir="0" index="2" bw="48" slack="0"/>
<pin id="908" dir="1" index="3" bw="48" slack="0"/>
</pin_list>
<bind>
<opcode="muladd(1172) " fcode="muladd"/>
<opset="product_q20_108/2 sext_ln1625_58/4 add_ln1839_38/4 "/>
</bind>
</comp>

<comp id="913" class="1005" name="empty_reg_913">
<pin_list>
<pin id="914" dir="0" index="0" bw="35" slack="0"/>
<pin id="915" dir="1" index="1" bw="35" slack="0"/>
</pin_list>
<bind>
<opset="empty "/>
</bind>
</comp>

<comp id="921" class="1005" name="empty_683_reg_921">
<pin_list>
<pin id="922" dir="0" index="0" bw="35" slack="0"/>
<pin id="923" dir="1" index="1" bw="35" slack="0"/>
</pin_list>
<bind>
<opset="empty_683 "/>
</bind>
</comp>

<comp id="929" class="1005" name="empty_684_reg_929">
<pin_list>
<pin id="930" dir="0" index="0" bw="48" slack="0"/>
<pin id="931" dir="1" index="1" bw="48" slack="0"/>
</pin_list>
<bind>
<opset="empty_684 "/>
</bind>
</comp>

<comp id="937" class="1005" name="empty_685_reg_937">
<pin_list>
<pin id="938" dir="0" index="0" bw="48" slack="0"/>
<pin id="939" dir="1" index="1" bw="48" slack="0"/>
</pin_list>
<bind>
<opset="empty_685 "/>
</bind>
</comp>

<comp id="945" class="1005" name="index_reg_945">
<pin_list>
<pin id="946" dir="0" index="0" bw="6" slack="0"/>
<pin id="947" dir="1" index="1" bw="6" slack="0"/>
</pin_list>
<bind>
<opset="index "/>
</bind>
</comp>

<comp id="952" class="1005" name="icmp_ln1833_reg_952">
<pin_list>
<pin id="953" dir="0" index="0" bw="1" slack="2"/>
<pin id="954" dir="1" index="1" bw="1" slack="2147483647"/>
</pin_list>
<bind>
<opset="icmp_ln1833 "/>
</bind>
</comp>

<comp id="956" class="1005" name="lhs_reg_956">
<pin_list>
<pin id="957" dir="0" index="0" bw="16" slack="1"/>
<pin id="958" dir="1" index="1" bw="16" slack="1"/>
</pin_list>
<bind>
<opset="lhs "/>
</bind>
</comp>

<comp id="961" class="1005" name="SubbandBand0TopQ610_ap_int_const_ap_int_const_ap_int_const_ap_int_const_ap_i_29_reg_961">
<pin_list>
<pin id="962" dir="0" index="0" bw="11" slack="1"/>
<pin id="963" dir="1" index="1" bw="11" slack="1"/>
</pin_list>
<bind>
<opset="SubbandBand0TopQ610_ap_int_const_ap_int_const_ap_int_const_ap_int_const_ap_i_29 "/>
</bind>
</comp>

<comp id="966" class="1005" name="lhs_106_reg_966">
<pin_list>
<pin id="967" dir="0" index="0" bw="16" slack="1"/>
<pin id="968" dir="1" index="1" bw="16" slack="1"/>
</pin_list>
<bind>
<opset="lhs_106 "/>
</bind>
</comp>

<comp id="971" class="1005" name="icmp_ln1838_reg_971">
<pin_list>
<pin id="972" dir="0" index="0" bw="1" slack="1"/>
<pin id="973" dir="1" index="1" bw="1" slack="3"/>
</pin_list>
<bind>
<opset="icmp_ln1838 "/>
</bind>
</comp>

<comp id="977" class="1005" name="lhs_107_reg_977">
<pin_list>
<pin id="978" dir="0" index="0" bw="16" slack="1"/>
<pin id="979" dir="1" index="1" bw="16" slack="1"/>
</pin_list>
<bind>
<opset="lhs_107 "/>
</bind>
</comp>

<comp id="982" class="1005" name="lhs_108_reg_982">
<pin_list>
<pin id="983" dir="0" index="0" bw="16" slack="1"/>
<pin id="984" dir="1" index="1" bw="16" slack="1"/>
</pin_list>
<bind>
<opset="lhs_108 "/>
</bind>
</comp>

<comp id="987" class="1005" name="sext_ln1625_49_reg_987">
<pin_list>
<pin id="988" dir="0" index="0" bw="32" slack="1"/>
<pin id="989" dir="1" index="1" bw="32" slack="1"/>
</pin_list>
<bind>
<opset="sext_ln1625_49 "/>
</bind>
</comp>

<comp id="992" class="1005" name="sext_ln1625_50_reg_992">
<pin_list>
<pin id="993" dir="0" index="0" bw="32" slack="1"/>
<pin id="994" dir="1" index="1" bw="32" slack="1"/>
</pin_list>
<bind>
<opset="sext_ln1625_50 "/>
</bind>
</comp>

<comp id="997" class="1005" name="sext_ln1625_51_reg_997">
<pin_list>
<pin id="998" dir="0" index="0" bw="32" slack="1"/>
<pin id="999" dir="1" index="1" bw="32" slack="1"/>
</pin_list>
<bind>
<opset="sext_ln1625_51 "/>
</bind>
</comp>

<comp id="1002" class="1005" name="sext_ln1625_52_reg_1002">
<pin_list>
<pin id="1003" dir="0" index="0" bw="32" slack="1"/>
<pin id="1004" dir="1" index="1" bw="32" slack="1"/>
</pin_list>
<bind>
<opset="sext_ln1625_52 "/>
</bind>
</comp>

<comp id="1007" class="1005" name="sext_ln1625_53_reg_1007">
<pin_list>
<pin id="1008" dir="0" index="0" bw="32" slack="1"/>
<pin id="1009" dir="1" index="1" bw="32" slack="1"/>
</pin_list>
<bind>
<opset="sext_ln1625_53 "/>
</bind>
</comp>

<comp id="1012" class="1005" name="sext_ln1625_54_reg_1012">
<pin_list>
<pin id="1013" dir="0" index="0" bw="32" slack="1"/>
<pin id="1014" dir="1" index="1" bw="32" slack="1"/>
</pin_list>
<bind>
<opset="sext_ln1625_54 "/>
</bind>
</comp>

<comp id="1017" class="1005" name="sext_ln1625_56_reg_1017">
<pin_list>
<pin id="1018" dir="0" index="0" bw="32" slack="1"/>
<pin id="1019" dir="1" index="1" bw="32" slack="1"/>
</pin_list>
<bind>
<opset="sext_ln1625_56 "/>
</bind>
</comp>

<comp id="1022" class="1005" name="sext_ln1625_57_reg_1022">
<pin_list>
<pin id="1023" dir="0" index="0" bw="32" slack="1"/>
<pin id="1024" dir="1" index="1" bw="32" slack="1"/>
</pin_list>
<bind>
<opset="sext_ln1625_57 "/>
</bind>
</comp>

</comp_list>

<net_list>
<net id="199"><net_src comp="88" pin="0"/><net_sink comp="196" pin=0"/></net>

<net id="203"><net_src comp="88" pin="0"/><net_sink comp="200" pin=0"/></net>

<net id="207"><net_src comp="88" pin="0"/><net_sink comp="204" pin=0"/></net>

<net id="211"><net_src comp="88" pin="0"/><net_sink comp="208" pin=0"/></net>

<net id="215"><net_src comp="88" pin="0"/><net_sink comp="212" pin=0"/></net>

<net id="220"><net_src comp="100" pin="0"/><net_sink comp="216" pin=0"/></net>

<net id="221"><net_src comp="76" pin="0"/><net_sink comp="216" pin=1"/></net>

<net id="226"><net_src comp="100" pin="0"/><net_sink comp="222" pin=0"/></net>

<net id="227"><net_src comp="74" pin="0"/><net_sink comp="222" pin=1"/></net>

<net id="232"><net_src comp="100" pin="0"/><net_sink comp="228" pin=0"/></net>

<net id="233"><net_src comp="72" pin="0"/><net_sink comp="228" pin=1"/></net>

<net id="238"><net_src comp="100" pin="0"/><net_sink comp="234" pin=0"/></net>

<net id="239"><net_src comp="70" pin="0"/><net_sink comp="234" pin=1"/></net>

<net id="244"><net_src comp="100" pin="0"/><net_sink comp="240" pin=0"/></net>

<net id="245"><net_src comp="68" pin="0"/><net_sink comp="240" pin=1"/></net>

<net id="250"><net_src comp="100" pin="0"/><net_sink comp="246" pin=0"/></net>

<net id="251"><net_src comp="66" pin="0"/><net_sink comp="246" pin=1"/></net>

<net id="256"><net_src comp="100" pin="0"/><net_sink comp="252" pin=0"/></net>

<net id="257"><net_src comp="64" pin="0"/><net_sink comp="252" pin=1"/></net>

<net id="262"><net_src comp="100" pin="0"/><net_sink comp="258" pin=0"/></net>

<net id="263"><net_src comp="62" pin="0"/><net_sink comp="258" pin=1"/></net>

<net id="268"><net_src comp="100" pin="0"/><net_sink comp="264" pin=0"/></net>

<net id="269"><net_src comp="60" pin="0"/><net_sink comp="264" pin=1"/></net>

<net id="274"><net_src comp="100" pin="0"/><net_sink comp="270" pin=0"/></net>

<net id="275"><net_src comp="58" pin="0"/><net_sink comp="270" pin=1"/></net>

<net id="280"><net_src comp="100" pin="0"/><net_sink comp="276" pin=0"/></net>

<net id="281"><net_src comp="56" pin="0"/><net_sink comp="276" pin=1"/></net>

<net id="286"><net_src comp="100" pin="0"/><net_sink comp="282" pin=0"/></net>

<net id="287"><net_src comp="54" pin="0"/><net_sink comp="282" pin=1"/></net>

<net id="292"><net_src comp="100" pin="0"/><net_sink comp="288" pin=0"/></net>

<net id="293"><net_src comp="52" pin="0"/><net_sink comp="288" pin=1"/></net>

<net id="298"><net_src comp="100" pin="0"/><net_sink comp="294" pin=0"/></net>

<net id="299"><net_src comp="50" pin="0"/><net_sink comp="294" pin=1"/></net>

<net id="304"><net_src comp="100" pin="0"/><net_sink comp="300" pin=0"/></net>

<net id="305"><net_src comp="48" pin="0"/><net_sink comp="300" pin=1"/></net>

<net id="310"><net_src comp="100" pin="0"/><net_sink comp="306" pin=0"/></net>

<net id="311"><net_src comp="46" pin="0"/><net_sink comp="306" pin=1"/></net>

<net id="316"><net_src comp="100" pin="0"/><net_sink comp="312" pin=0"/></net>

<net id="317"><net_src comp="44" pin="0"/><net_sink comp="312" pin=1"/></net>

<net id="322"><net_src comp="100" pin="0"/><net_sink comp="318" pin=0"/></net>

<net id="323"><net_src comp="42" pin="0"/><net_sink comp="318" pin=1"/></net>

<net id="328"><net_src comp="100" pin="0"/><net_sink comp="324" pin=0"/></net>

<net id="329"><net_src comp="40" pin="0"/><net_sink comp="324" pin=1"/></net>

<net id="334"><net_src comp="100" pin="0"/><net_sink comp="330" pin=0"/></net>

<net id="335"><net_src comp="38" pin="0"/><net_sink comp="330" pin=1"/></net>

<net id="340"><net_src comp="100" pin="0"/><net_sink comp="336" pin=0"/></net>

<net id="341"><net_src comp="36" pin="0"/><net_sink comp="336" pin=1"/></net>

<net id="346"><net_src comp="100" pin="0"/><net_sink comp="342" pin=0"/></net>

<net id="347"><net_src comp="34" pin="0"/><net_sink comp="342" pin=1"/></net>

<net id="352"><net_src comp="100" pin="0"/><net_sink comp="348" pin=0"/></net>

<net id="353"><net_src comp="32" pin="0"/><net_sink comp="348" pin=1"/></net>

<net id="358"><net_src comp="100" pin="0"/><net_sink comp="354" pin=0"/></net>

<net id="359"><net_src comp="30" pin="0"/><net_sink comp="354" pin=1"/></net>

<net id="364"><net_src comp="100" pin="0"/><net_sink comp="360" pin=0"/></net>

<net id="365"><net_src comp="28" pin="0"/><net_sink comp="360" pin=1"/></net>

<net id="370"><net_src comp="100" pin="0"/><net_sink comp="366" pin=0"/></net>

<net id="371"><net_src comp="26" pin="0"/><net_sink comp="366" pin=1"/></net>

<net id="376"><net_src comp="100" pin="0"/><net_sink comp="372" pin=0"/></net>

<net id="377"><net_src comp="24" pin="0"/><net_sink comp="372" pin=1"/></net>

<net id="382"><net_src comp="100" pin="0"/><net_sink comp="378" pin=0"/></net>

<net id="383"><net_src comp="22" pin="0"/><net_sink comp="378" pin=1"/></net>

<net id="388"><net_src comp="102" pin="0"/><net_sink comp="384" pin=0"/></net>

<net id="389"><net_src comp="20" pin="0"/><net_sink comp="384" pin=1"/></net>

<net id="394"><net_src comp="100" pin="0"/><net_sink comp="390" pin=0"/></net>

<net id="395"><net_src comp="18" pin="0"/><net_sink comp="390" pin=1"/></net>

<net id="400"><net_src comp="100" pin="0"/><net_sink comp="396" pin=0"/></net>

<net id="401"><net_src comp="16" pin="0"/><net_sink comp="396" pin=1"/></net>

<net id="406"><net_src comp="100" pin="0"/><net_sink comp="402" pin=0"/></net>

<net id="407"><net_src comp="14" pin="0"/><net_sink comp="402" pin=1"/></net>

<net id="412"><net_src comp="100" pin="0"/><net_sink comp="408" pin=0"/></net>

<net id="413"><net_src comp="12" pin="0"/><net_sink comp="408" pin=1"/></net>

<net id="418"><net_src comp="100" pin="0"/><net_sink comp="414" pin=0"/></net>

<net id="419"><net_src comp="10" pin="0"/><net_sink comp="414" pin=1"/></net>

<net id="424"><net_src comp="100" pin="0"/><net_sink comp="420" pin=0"/></net>

<net id="425"><net_src comp="8" pin="0"/><net_sink comp="420" pin=1"/></net>

<net id="430"><net_src comp="100" pin="0"/><net_sink comp="426" pin=0"/></net>

<net id="431"><net_src comp="6" pin="0"/><net_sink comp="426" pin=1"/></net>

<net id="436"><net_src comp="100" pin="0"/><net_sink comp="432" pin=0"/></net>

<net id="437"><net_src comp="4" pin="0"/><net_sink comp="432" pin=1"/></net>

<net id="442"><net_src comp="100" pin="0"/><net_sink comp="438" pin=0"/></net>

<net id="443"><net_src comp="2" pin="0"/><net_sink comp="438" pin=1"/></net>

<net id="448"><net_src comp="100" pin="0"/><net_sink comp="444" pin=0"/></net>

<net id="449"><net_src comp="0" pin="0"/><net_sink comp="444" pin=1"/></net>

<net id="455"><net_src comp="192" pin="0"/><net_sink comp="450" pin=0"/></net>

<net id="456"><net_src comp="78" pin="0"/><net_sink comp="450" pin=1"/></net>

<net id="462"><net_src comp="192" pin="0"/><net_sink comp="457" pin=0"/></net>

<net id="463"><net_src comp="80" pin="0"/><net_sink comp="457" pin=1"/></net>

<net id="469"><net_src comp="194" pin="0"/><net_sink comp="464" pin=0"/></net>

<net id="470"><net_src comp="82" pin="0"/><net_sink comp="464" pin=1"/></net>

<net id="476"><net_src comp="194" pin="0"/><net_sink comp="471" pin=0"/></net>

<net id="477"><net_src comp="84" pin="0"/><net_sink comp="471" pin=1"/></net>

<net id="483"><net_src comp="86" pin="0"/><net_sink comp="478" pin=0"/></net>

<net id="484"><net_src comp="142" pin="0"/><net_sink comp="478" pin=1"/></net>

<net id="490"><net_src comp="478" pin="3"/><net_sink comp="485" pin=0"/></net>

<net id="495"><net_src comp="104" pin="0"/><net_sink comp="491" pin=0"/></net>

<net id="500"><net_src comp="106" pin="0"/><net_sink comp="496" pin=0"/></net>

<net id="505"><net_src comp="106" pin="0"/><net_sink comp="501" pin=0"/></net>

<net id="510"><net_src comp="108" pin="0"/><net_sink comp="506" pin=0"/></net>

<net id="515"><net_src comp="108" pin="0"/><net_sink comp="511" pin=0"/></net>

<net id="523"><net_src comp="516" pin="1"/><net_sink comp="519" pin=0"/></net>

<net id="524"><net_src comp="110" pin="0"/><net_sink comp="519" pin=1"/></net>

<net id="531"><net_src comp="112" pin="0"/><net_sink comp="525" pin=0"/></net>

<net id="532"><net_src comp="516" pin="1"/><net_sink comp="525" pin=1"/></net>

<net id="533"><net_src comp="114" pin="0"/><net_sink comp="525" pin=2"/></net>

<net id="534"><net_src comp="116" pin="0"/><net_sink comp="525" pin=3"/></net>

<net id="539"><net_src comp="516" pin="1"/><net_sink comp="535" pin=0"/></net>

<net id="540"><net_src comp="118" pin="0"/><net_sink comp="535" pin=1"/></net>

<net id="566"><net_src comp="120" pin="0"/><net_sink comp="541" pin=0"/></net>

<net id="567"><net_src comp="104" pin="0"/><net_sink comp="541" pin=1"/></net>

<net id="568"><net_src comp="444" pin="2"/><net_sink comp="541" pin=2"/></net>

<net id="569"><net_src comp="122" pin="0"/><net_sink comp="541" pin=3"/></net>

<net id="570"><net_src comp="438" pin="2"/><net_sink comp="541" pin=4"/></net>

<net id="571"><net_src comp="124" pin="0"/><net_sink comp="541" pin=5"/></net>

<net id="572"><net_src comp="432" pin="2"/><net_sink comp="541" pin=6"/></net>

<net id="573"><net_src comp="126" pin="0"/><net_sink comp="541" pin=7"/></net>

<net id="574"><net_src comp="426" pin="2"/><net_sink comp="541" pin=8"/></net>

<net id="575"><net_src comp="128" pin="0"/><net_sink comp="541" pin=9"/></net>

<net id="576"><net_src comp="420" pin="2"/><net_sink comp="541" pin=10"/></net>

<net id="577"><net_src comp="130" pin="0"/><net_sink comp="541" pin=11"/></net>

<net id="578"><net_src comp="414" pin="2"/><net_sink comp="541" pin=12"/></net>

<net id="579"><net_src comp="132" pin="0"/><net_sink comp="541" pin=13"/></net>

<net id="580"><net_src comp="408" pin="2"/><net_sink comp="541" pin=14"/></net>

<net id="581"><net_src comp="134" pin="0"/><net_sink comp="541" pin=15"/></net>

<net id="582"><net_src comp="402" pin="2"/><net_sink comp="541" pin=16"/></net>

<net id="583"><net_src comp="136" pin="0"/><net_sink comp="541" pin=17"/></net>

<net id="584"><net_src comp="396" pin="2"/><net_sink comp="541" pin=18"/></net>

<net id="585"><net_src comp="138" pin="0"/><net_sink comp="541" pin=19"/></net>

<net id="586"><net_src comp="390" pin="2"/><net_sink comp="541" pin=20"/></net>

<net id="587"><net_src comp="140" pin="0"/><net_sink comp="541" pin=21"/></net>

<net id="588"><net_src comp="516" pin="1"/><net_sink comp="541" pin=22"/></net>

<net id="592"><net_src comp="525" pin="4"/><net_sink comp="589" pin=0"/></net>

<net id="597"><net_src comp="384" pin="2"/><net_sink comp="593" pin=0"/></net>

<net id="598"><net_src comp="589" pin="1"/><net_sink comp="593" pin=1"/></net>

<net id="602"><net_src comp="593" pin="2"/><net_sink comp="599" pin=0"/></net>

<net id="603"><net_src comp="599" pin="1"/><net_sink comp="478" pin=2"/></net>

<net id="629"><net_src comp="120" pin="0"/><net_sink comp="604" pin=0"/></net>

<net id="630"><net_src comp="104" pin="0"/><net_sink comp="604" pin=1"/></net>

<net id="631"><net_src comp="378" pin="2"/><net_sink comp="604" pin=2"/></net>

<net id="632"><net_src comp="122" pin="0"/><net_sink comp="604" pin=3"/></net>

<net id="633"><net_src comp="372" pin="2"/><net_sink comp="604" pin=4"/></net>

<net id="634"><net_src comp="124" pin="0"/><net_sink comp="604" pin=5"/></net>

<net id="635"><net_src comp="366" pin="2"/><net_sink comp="604" pin=6"/></net>

<net id="636"><net_src comp="126" pin="0"/><net_sink comp="604" pin=7"/></net>

<net id="637"><net_src comp="360" pin="2"/><net_sink comp="604" pin=8"/></net>

<net id="638"><net_src comp="128" pin="0"/><net_sink comp="604" pin=9"/></net>

<net id="639"><net_src comp="354" pin="2"/><net_sink comp="604" pin=10"/></net>

<net id="640"><net_src comp="130" pin="0"/><net_sink comp="604" pin=11"/></net>

<net id="641"><net_src comp="348" pin="2"/><net_sink comp="604" pin=12"/></net>

<net id="642"><net_src comp="132" pin="0"/><net_sink comp="604" pin=13"/></net>

<net id="643"><net_src comp="342" pin="2"/><net_sink comp="604" pin=14"/></net>

<net id="644"><net_src comp="134" pin="0"/><net_sink comp="604" pin=15"/></net>

<net id="645"><net_src comp="336" pin="2"/><net_sink comp="604" pin=16"/></net>

<net id="646"><net_src comp="136" pin="0"/><net_sink comp="604" pin=17"/></net>

<net id="647"><net_src comp="330" pin="2"/><net_sink comp="604" pin=18"/></net>

<net id="648"><net_src comp="138" pin="0"/><net_sink comp="604" pin=19"/></net>

<net id="649"><net_src comp="324" pin="2"/><net_sink comp="604" pin=20"/></net>

<net id="650"><net_src comp="140" pin="0"/><net_sink comp="604" pin=21"/></net>

<net id="651"><net_src comp="516" pin="1"/><net_sink comp="604" pin=22"/></net>

<net id="656"><net_src comp="535" pin="2"/><net_sink comp="652" pin=0"/></net>

<net id="657"><net_src comp="110" pin="0"/><net_sink comp="652" pin=1"/></net>

<net id="681"><net_src comp="144" pin="0"/><net_sink comp="658" pin=0"/></net>

<net id="682"><net_src comp="104" pin="0"/><net_sink comp="658" pin=1"/></net>

<net id="683"><net_src comp="318" pin="2"/><net_sink comp="658" pin=2"/></net>

<net id="684"><net_src comp="122" pin="0"/><net_sink comp="658" pin=3"/></net>

<net id="685"><net_src comp="312" pin="2"/><net_sink comp="658" pin=4"/></net>

<net id="686"><net_src comp="124" pin="0"/><net_sink comp="658" pin=5"/></net>

<net id="687"><net_src comp="306" pin="2"/><net_sink comp="658" pin=6"/></net>

<net id="688"><net_src comp="126" pin="0"/><net_sink comp="658" pin=7"/></net>

<net id="689"><net_src comp="300" pin="2"/><net_sink comp="658" pin=8"/></net>

<net id="690"><net_src comp="128" pin="0"/><net_sink comp="658" pin=9"/></net>

<net id="691"><net_src comp="294" pin="2"/><net_sink comp="658" pin=10"/></net>

<net id="692"><net_src comp="130" pin="0"/><net_sink comp="658" pin=11"/></net>

<net id="693"><net_src comp="288" pin="2"/><net_sink comp="658" pin=12"/></net>

<net id="694"><net_src comp="132" pin="0"/><net_sink comp="658" pin=13"/></net>

<net id="695"><net_src comp="282" pin="2"/><net_sink comp="658" pin=14"/></net>

<net id="696"><net_src comp="134" pin="0"/><net_sink comp="658" pin=15"/></net>

<net id="697"><net_src comp="276" pin="2"/><net_sink comp="658" pin=16"/></net>

<net id="698"><net_src comp="136" pin="0"/><net_sink comp="658" pin=17"/></net>

<net id="699"><net_src comp="270" pin="2"/><net_sink comp="658" pin=18"/></net>

<net id="700"><net_src comp="140" pin="0"/><net_sink comp="658" pin=19"/></net>

<net id="701"><net_src comp="516" pin="1"/><net_sink comp="658" pin=20"/></net>

<net id="725"><net_src comp="144" pin="0"/><net_sink comp="702" pin=0"/></net>

<net id="726"><net_src comp="104" pin="0"/><net_sink comp="702" pin=1"/></net>

<net id="727"><net_src comp="264" pin="2"/><net_sink comp="702" pin=2"/></net>

<net id="728"><net_src comp="122" pin="0"/><net_sink comp="702" pin=3"/></net>

<net id="729"><net_src comp="258" pin="2"/><net_sink comp="702" pin=4"/></net>

<net id="730"><net_src comp="124" pin="0"/><net_sink comp="702" pin=5"/></net>

<net id="731"><net_src comp="252" pin="2"/><net_sink comp="702" pin=6"/></net>

<net id="732"><net_src comp="126" pin="0"/><net_sink comp="702" pin=7"/></net>

<net id="733"><net_src comp="246" pin="2"/><net_sink comp="702" pin=8"/></net>

<net id="734"><net_src comp="128" pin="0"/><net_sink comp="702" pin=9"/></net>

<net id="735"><net_src comp="240" pin="2"/><net_sink comp="702" pin=10"/></net>

<net id="736"><net_src comp="130" pin="0"/><net_sink comp="702" pin=11"/></net>

<net id="737"><net_src comp="234" pin="2"/><net_sink comp="702" pin=12"/></net>

<net id="738"><net_src comp="132" pin="0"/><net_sink comp="702" pin=13"/></net>

<net id="739"><net_src comp="228" pin="2"/><net_sink comp="702" pin=14"/></net>

<net id="740"><net_src comp="134" pin="0"/><net_sink comp="702" pin=15"/></net>

<net id="741"><net_src comp="222" pin="2"/><net_sink comp="702" pin=16"/></net>

<net id="742"><net_src comp="136" pin="0"/><net_sink comp="702" pin=17"/></net>

<net id="743"><net_src comp="216" pin="2"/><net_sink comp="702" pin=18"/></net>

<net id="744"><net_src comp="140" pin="0"/><net_sink comp="702" pin=19"/></net>

<net id="745"><net_src comp="516" pin="1"/><net_sink comp="702" pin=20"/></net>

<net id="750"><net_src comp="516" pin="1"/><net_sink comp="746" pin=0"/></net>

<net id="751"><net_src comp="122" pin="0"/><net_sink comp="746" pin=1"/></net>

<net id="756"><net_src comp="746" pin="2"/><net_sink comp="752" pin=0"/></net>

<net id="760"><net_src comp="485" pin="3"/><net_sink comp="757" pin=0"/></net>

<net id="767"><net_src comp="757" pin="1"/><net_sink comp="764" pin=0"/></net>

<net id="774"><net_src comp="146" pin="0"/><net_sink comp="768" pin=0"/></net>

<net id="775"><net_src comp="485" pin="3"/><net_sink comp="768" pin=1"/></net>

<net id="776"><net_src comp="148" pin="0"/><net_sink comp="768" pin=2"/></net>

<net id="777"><net_src comp="150" pin="0"/><net_sink comp="768" pin=3"/></net>

<net id="784"><net_src comp="768" pin="4"/><net_sink comp="781" pin=0"/></net>

<net id="791"><net_src comp="146" pin="0"/><net_sink comp="785" pin=0"/></net>

<net id="792"><net_src comp="485" pin="3"/><net_sink comp="785" pin=1"/></net>

<net id="793"><net_src comp="152" pin="0"/><net_sink comp="785" pin=2"/></net>

<net id="794"><net_src comp="154" pin="0"/><net_sink comp="785" pin=3"/></net>

<net id="801"><net_src comp="785" pin="4"/><net_sink comp="798" pin=0"/></net>

<net id="808"><net_src comp="146" pin="0"/><net_sink comp="802" pin=0"/></net>

<net id="809"><net_src comp="485" pin="3"/><net_sink comp="802" pin=1"/></net>

<net id="810"><net_src comp="156" pin="0"/><net_sink comp="802" pin=2"/></net>

<net id="811"><net_src comp="158" pin="0"/><net_sink comp="802" pin=3"/></net>

<net id="818"><net_src comp="802" pin="4"/><net_sink comp="815" pin=0"/></net>

<net id="836"><net_src comp="825" pin="1"/><net_sink comp="831" pin=2"/></net>

<net id="842"><net_src comp="828" pin="1"/><net_sink comp="837" pin=2"/></net>

<net id="847"><net_src comp="837" pin="3"/><net_sink comp="843" pin=0"/></net>

<net id="852"><net_src comp="831" pin="3"/><net_sink comp="848" pin=0"/></net>

<net id="864"><net_src comp="861" pin="1"/><net_sink comp="471" pin=2"/></net>

<net id="868"><net_src comp="865" pin="1"/><net_sink comp="464" pin=2"/></net>

<net id="872"><net_src comp="869" pin="1"/><net_sink comp="457" pin=2"/></net>

<net id="876"><net_src comp="873" pin="1"/><net_sink comp="450" pin=2"/></net>

<net id="882"><net_src comp="764" pin="1"/><net_sink comp="877" pin=0"/></net>

<net id="883"><net_src comp="761" pin="1"/><net_sink comp="877" pin=1"/></net>

<net id="884"><net_src comp="819" pin="1"/><net_sink comp="877" pin=2"/></net>

<net id="885"><net_src comp="877" pin="3"/><net_sink comp="857" pin=0"/></net>

<net id="891"><net_src comp="781" pin="1"/><net_sink comp="886" pin=0"/></net>

<net id="892"><net_src comp="778" pin="1"/><net_sink comp="886" pin=1"/></net>

<net id="893"><net_src comp="822" pin="1"/><net_sink comp="886" pin=2"/></net>

<net id="894"><net_src comp="886" pin="3"/><net_sink comp="853" pin=0"/></net>

<net id="900"><net_src comp="798" pin="1"/><net_sink comp="895" pin=0"/></net>

<net id="901"><net_src comp="795" pin="1"/><net_sink comp="895" pin=1"/></net>

<net id="902"><net_src comp="825" pin="1"/><net_sink comp="895" pin=2"/></net>

<net id="903"><net_src comp="895" pin="3"/><net_sink comp="831" pin=1"/></net>

<net id="909"><net_src comp="815" pin="1"/><net_sink comp="904" pin=0"/></net>

<net id="910"><net_src comp="812" pin="1"/><net_sink comp="904" pin=1"/></net>

<net id="911"><net_src comp="828" pin="1"/><net_sink comp="904" pin=2"/></net>

<net id="912"><net_src comp="904" pin="3"/><net_sink comp="837" pin=1"/></net>

<net id="916"><net_src comp="196" pin="1"/><net_sink comp="913" pin=0"/></net>

<net id="917"><net_src comp="913" pin="1"/><net_sink comp="511" pin=1"/></net>

<net id="918"><net_src comp="913" pin="1"/><net_sink comp="819" pin=0"/></net>

<net id="919"><net_src comp="913" pin="1"/><net_sink comp="857" pin=1"/></net>

<net id="920"><net_src comp="913" pin="1"/><net_sink comp="861" pin=0"/></net>

<net id="924"><net_src comp="200" pin="1"/><net_sink comp="921" pin=0"/></net>

<net id="925"><net_src comp="921" pin="1"/><net_sink comp="506" pin=1"/></net>

<net id="926"><net_src comp="921" pin="1"/><net_sink comp="822" pin=0"/></net>

<net id="927"><net_src comp="921" pin="1"/><net_sink comp="853" pin=1"/></net>

<net id="928"><net_src comp="921" pin="1"/><net_sink comp="865" pin=0"/></net>

<net id="932"><net_src comp="204" pin="1"/><net_sink comp="929" pin=0"/></net>

<net id="933"><net_src comp="929" pin="1"/><net_sink comp="501" pin=1"/></net>

<net id="934"><net_src comp="929" pin="1"/><net_sink comp="825" pin=0"/></net>

<net id="935"><net_src comp="929" pin="1"/><net_sink comp="848" pin=1"/></net>

<net id="936"><net_src comp="929" pin="1"/><net_sink comp="869" pin=0"/></net>

<net id="940"><net_src comp="208" pin="1"/><net_sink comp="937" pin=0"/></net>

<net id="941"><net_src comp="937" pin="1"/><net_sink comp="496" pin=1"/></net>

<net id="942"><net_src comp="937" pin="1"/><net_sink comp="828" pin=0"/></net>

<net id="943"><net_src comp="937" pin="1"/><net_sink comp="843" pin=1"/></net>

<net id="944"><net_src comp="937" pin="1"/><net_sink comp="873" pin=0"/></net>

<net id="948"><net_src comp="212" pin="1"/><net_sink comp="945" pin=0"/></net>

<net id="949"><net_src comp="945" pin="1"/><net_sink comp="491" pin=1"/></net>

<net id="950"><net_src comp="945" pin="1"/><net_sink comp="516" pin=0"/></net>

<net id="951"><net_src comp="945" pin="1"/><net_sink comp="752" pin=1"/></net>

<net id="955"><net_src comp="519" pin="2"/><net_sink comp="952" pin=0"/></net>

<net id="959"><net_src comp="541" pin="23"/><net_sink comp="956" pin=0"/></net>

<net id="960"><net_src comp="956" pin="1"/><net_sink comp="761" pin=0"/></net>

<net id="964"><net_src comp="478" pin="3"/><net_sink comp="961" pin=0"/></net>

<net id="965"><net_src comp="961" pin="1"/><net_sink comp="485" pin=0"/></net>

<net id="969"><net_src comp="604" pin="23"/><net_sink comp="966" pin=0"/></net>

<net id="970"><net_src comp="966" pin="1"/><net_sink comp="778" pin=0"/></net>

<net id="974"><net_src comp="652" pin="2"/><net_sink comp="971" pin=0"/></net>

<net id="975"><net_src comp="971" pin="1"/><net_sink comp="831" pin=0"/></net>

<net id="976"><net_src comp="971" pin="1"/><net_sink comp="837" pin=0"/></net>

<net id="980"><net_src comp="658" pin="21"/><net_sink comp="977" pin=0"/></net>

<net id="981"><net_src comp="977" pin="1"/><net_sink comp="795" pin=0"/></net>

<net id="985"><net_src comp="702" pin="21"/><net_sink comp="982" pin=0"/></net>

<net id="986"><net_src comp="982" pin="1"/><net_sink comp="812" pin=0"/></net>

<net id="990"><net_src comp="761" pin="1"/><net_sink comp="987" pin=0"/></net>

<net id="991"><net_src comp="987" pin="1"/><net_sink comp="877" pin=1"/></net>

<net id="995"><net_src comp="764" pin="1"/><net_sink comp="992" pin=0"/></net>

<net id="996"><net_src comp="992" pin="1"/><net_sink comp="877" pin=0"/></net>

<net id="1000"><net_src comp="778" pin="1"/><net_sink comp="997" pin=0"/></net>

<net id="1001"><net_src comp="997" pin="1"/><net_sink comp="886" pin=1"/></net>

<net id="1005"><net_src comp="781" pin="1"/><net_sink comp="1002" pin=0"/></net>

<net id="1006"><net_src comp="1002" pin="1"/><net_sink comp="886" pin=0"/></net>

<net id="1010"><net_src comp="795" pin="1"/><net_sink comp="1007" pin=0"/></net>

<net id="1011"><net_src comp="1007" pin="1"/><net_sink comp="895" pin=1"/></net>

<net id="1015"><net_src comp="798" pin="1"/><net_sink comp="1012" pin=0"/></net>

<net id="1016"><net_src comp="1012" pin="1"/><net_sink comp="895" pin=0"/></net>

<net id="1020"><net_src comp="812" pin="1"/><net_sink comp="1017" pin=0"/></net>

<net id="1021"><net_src comp="1017" pin="1"/><net_sink comp="904" pin=1"/></net>

<net id="1025"><net_src comp="815" pin="1"/><net_sink comp="1022" pin=0"/></net>

<net id="1026"><net_src comp="1022" pin="1"/><net_sink comp="904" pin=0"/></net>

</net_list>

</model> 
---------------- Datapath Model END ------------------

* FSMD analyzer results:
  - Output states:
	Port: p_out | {3 }
	Port: p_out1 | {3 }
	Port: p_out2 | {3 }
	Port: p_out3 | {3 }
 - Input state : 
	Port: (anonymous namespace)RunGSUMacPhaseBand0Q610_Pipeline_VITIS_LOOP_1833_26 : input_ptr_0_val | {1 }
	Port: (anonymous namespace)RunGSUMacPhaseBand0Q610_Pipeline_VITIS_LOOP_1833_26 : input_ptr_4_val | {1 }
	Port: (anonymous namespace)RunGSUMacPhaseBand0Q610_Pipeline_VITIS_LOOP_1833_26 : input_ptr_8_val | {1 }
	Port: (anonymous namespace)RunGSUMacPhaseBand0Q610_Pipeline_VITIS_LOOP_1833_26 : input_ptr_12_val | {1 }
	Port: (anonymous namespace)RunGSUMacPhaseBand0Q610_Pipeline_VITIS_LOOP_1833_26 : input_ptr_16_val | {1 }
	Port: (anonymous namespace)RunGSUMacPhaseBand0Q610_Pipeline_VITIS_LOOP_1833_26 : input_ptr_20_val | {1 }
	Port: (anonymous namespace)RunGSUMacPhaseBand0Q610_Pipeline_VITIS_LOOP_1833_26 : input_ptr_24_val | {1 }
	Port: (anonymous namespace)RunGSUMacPhaseBand0Q610_Pipeline_VITIS_LOOP_1833_26 : input_ptr_28_val | {1 }
	Port: (anonymous namespace)RunGSUMacPhaseBand0Q610_Pipeline_VITIS_LOOP_1833_26 : input_ptr_32_val | {1 }
	Port: (anonymous namespace)RunGSUMacPhaseBand0Q610_Pipeline_VITIS_LOOP_1833_26 : input_ptr_36_val | {1 }
	Port: (anonymous namespace)RunGSUMacPhaseBand0Q610_Pipeline_VITIS_LOOP_1833_26 : add_ln1839_3 | {1 }
	Port: (anonymous namespace)RunGSUMacPhaseBand0Q610_Pipeline_VITIS_LOOP_1833_26 : input_ptr_1_val | {1 }
	Port: (anonymous namespace)RunGSUMacPhaseBand0Q610_Pipeline_VITIS_LOOP_1833_26 : input_ptr_5_val | {1 }
	Port: (anonymous namespace)RunGSUMacPhaseBand0Q610_Pipeline_VITIS_LOOP_1833_26 : input_ptr_9_val | {1 }
	Port: (anonymous namespace)RunGSUMacPhaseBand0Q610_Pipeline_VITIS_LOOP_1833_26 : input_ptr_13_val | {1 }
	Port: (anonymous namespace)RunGSUMacPhaseBand0Q610_Pipeline_VITIS_LOOP_1833_26 : input_ptr_17_val | {1 }
	Port: (anonymous namespace)RunGSUMacPhaseBand0Q610_Pipeline_VITIS_LOOP_1833_26 : input_ptr_21_val | {1 }
	Port: (anonymous namespace)RunGSUMacPhaseBand0Q610_Pipeline_VITIS_LOOP_1833_26 : input_ptr_25_val | {1 }
	Port: (anonymous namespace)RunGSUMacPhaseBand0Q610_Pipeline_VITIS_LOOP_1833_26 : input_ptr_29_val | {1 }
	Port: (anonymous namespace)RunGSUMacPhaseBand0Q610_Pipeline_VITIS_LOOP_1833_26 : input_ptr_33_val | {1 }
	Port: (anonymous namespace)RunGSUMacPhaseBand0Q610_Pipeline_VITIS_LOOP_1833_26 : input_ptr_37_val | {1 }
	Port: (anonymous namespace)RunGSUMacPhaseBand0Q610_Pipeline_VITIS_LOOP_1833_26 : input_ptr_2_val | {1 }
	Port: (anonymous namespace)RunGSUMacPhaseBand0Q610_Pipeline_VITIS_LOOP_1833_26 : input_ptr_6_val | {1 }
	Port: (anonymous namespace)RunGSUMacPhaseBand0Q610_Pipeline_VITIS_LOOP_1833_26 : input_ptr_10_val | {1 }
	Port: (anonymous namespace)RunGSUMacPhaseBand0Q610_Pipeline_VITIS_LOOP_1833_26 : input_ptr_14_val | {1 }
	Port: (anonymous namespace)RunGSUMacPhaseBand0Q610_Pipeline_VITIS_LOOP_1833_26 : input_ptr_18_val | {1 }
	Port: (anonymous namespace)RunGSUMacPhaseBand0Q610_Pipeline_VITIS_LOOP_1833_26 : input_ptr_22_val | {1 }
	Port: (anonymous namespace)RunGSUMacPhaseBand0Q610_Pipeline_VITIS_LOOP_1833_26 : input_ptr_26_val | {1 }
	Port: (anonymous namespace)RunGSUMacPhaseBand0Q610_Pipeline_VITIS_LOOP_1833_26 : input_ptr_30_val | {1 }
	Port: (anonymous namespace)RunGSUMacPhaseBand0Q610_Pipeline_VITIS_LOOP_1833_26 : input_ptr_34_val | {1 }
	Port: (anonymous namespace)RunGSUMacPhaseBand0Q610_Pipeline_VITIS_LOOP_1833_26 : input_ptr_3_val | {1 }
	Port: (anonymous namespace)RunGSUMacPhaseBand0Q610_Pipeline_VITIS_LOOP_1833_26 : input_ptr_7_val | {1 }
	Port: (anonymous namespace)RunGSUMacPhaseBand0Q610_Pipeline_VITIS_LOOP_1833_26 : input_ptr_11_val | {1 }
	Port: (anonymous namespace)RunGSUMacPhaseBand0Q610_Pipeline_VITIS_LOOP_1833_26 : input_ptr_15_val | {1 }
	Port: (anonymous namespace)RunGSUMacPhaseBand0Q610_Pipeline_VITIS_LOOP_1833_26 : input_ptr_19_val | {1 }
	Port: (anonymous namespace)RunGSUMacPhaseBand0Q610_Pipeline_VITIS_LOOP_1833_26 : input_ptr_23_val | {1 }
	Port: (anonymous namespace)RunGSUMacPhaseBand0Q610_Pipeline_VITIS_LOOP_1833_26 : input_ptr_27_val | {1 }
	Port: (anonymous namespace)RunGSUMacPhaseBand0Q610_Pipeline_VITIS_LOOP_1833_26 : input_ptr_31_val | {1 }
	Port: (anonymous namespace)RunGSUMacPhaseBand0Q610_Pipeline_VITIS_LOOP_1833_26 : input_ptr_35_val | {1 }
	Port: (anonymous namespace)RunGSUMacPhaseBand0Q610_Pipeline_VITIS_LOOP_1833_26 : SubbandBand0TopQ610_ap_int_const_ap_int_const_ap_int_const_ap_int_const_ap_i_11 | {1 2 }
  - Chain level:
	State 1
		store_ln1837 : 1
		store_ln0 : 1
		store_ln0 : 1
		store_ln0 : 1
		store_ln0 : 1
		base_index : 1
		icmp_ln1833 : 2
		br_ln1833 : 3
		lshr_ln1833_2 : 2
		or_ln1833 : 2
		lhs : 2
		zext_ln1839 : 3
		add_ln1839 : 4
		zext_ln1839_4 : 5
		SubbandBand0TopQ610_ap_int_const_ap_int_const_ap_int_const_ap_int_const_ap_i_29 : 6
		SubbandBand0TopQ610_ap_int_const_ap_int_const_ap_int_const_ap_int_const_ap_i_30 : 7
		lhs_106 : 2
		icmp_ln1838 : 2
		lhs_107 : 2
		lhs_108 : 2
		add_ln1833 : 2
		store_ln1837 : 3
	State 2
		rhs : 1
		sext_ln1625_50 : 2
		product_q20 : 3
		rhs_97 : 1
		sext_ln1625_52 : 2
		product_q20_106 : 3
		rhs_98 : 1
		sext_ln1625_54 : 2
		product_q20_107 : 3
		rhs_99 : 1
		sext_ln1625_57 : 2
		product_q20_108 : 3
	State 3
		write_ln0 : 1
		write_ln0 : 1
		write_ln0 : 1
		write_ln0 : 1
	State 4
		specfucore_ln1624 : 1
		sext_ln1623_37 : 1
		rend489 : 1
		total_q20 : 2
		specfucore_ln1624 : 1
		sext_ln1623_38 : 1
		rend487 : 1
		add_ln1839_36 : 2
		specfucore_ln1624 : 1
		sext_ln1625_55 : 1
		rend495 : 1
		add_ln1839_37 : 2
		select_ln1838 : 3
		specfucore_ln1624 : 1
		sext_ln1625_58 : 1
		rend497 : 1
		add_ln1839_38 : 2
		select_ln1838_1 : 3
		store_ln1838 : 4
		store_ln1838 : 4
		store_ln1839 : 3
		store_ln1839 : 3


============================================================
+ Verbose Summary: Datapath Resource usage 
============================================================

* Functional unit list:
|----------|-----------------------------------|---------|---------|---------|
| Operation|          Functional Unit          |   DSP   |    FF   |   LUT   |
|----------|-----------------------------------|---------|---------|---------|
|          |             lhs_fu_541            |    0    |    0    |    53   |
| sparsemux|           lhs_106_fu_604          |    0    |    0    |    53   |
|          |           lhs_107_fu_658          |    0    |    0    |    48   |
|          |           lhs_108_fu_702          |    0    |    0    |    48   |
|----------|-----------------------------------|---------|---------|---------|
|  select  |        select_ln1838_fu_831       |    0    |    0    |    48   |
|          |       select_ln1838_1_fu_837      |    0    |    0    |    48   |
|----------|-----------------------------------|---------|---------|---------|
|   icmp   |         icmp_ln1833_fu_519        |    0    |    0    |    14   |
|          |         icmp_ln1838_fu_652        |    0    |    0    |    14   |
|----------|-----------------------------------|---------|---------|---------|
|    add   |         add_ln1839_fu_593         |    0    |    0    |    12   |
|          |         add_ln1833_fu_746         |    0    |    0    |    14   |
|----------|-----------------------------------|---------|---------|---------|
|          |             grp_fu_877            |    1    |    0    |    0    |
|  muladd  |             grp_fu_886            |    1    |    0    |    0    |
|          |             grp_fu_895            |    1    |    0    |    0    |
|          |             grp_fu_904            |    1    |    0    |    0    |
|----------|-----------------------------------|---------|---------|---------|
|          | input_ptr_35_val_read_read_fu_216 |    0    |    0    |    0    |
|          | input_ptr_31_val_read_read_fu_222 |    0    |    0    |    0    |
|          | input_ptr_27_val_read_read_fu_228 |    0    |    0    |    0    |
|          | input_ptr_23_val_read_read_fu_234 |    0    |    0    |    0    |
|          | input_ptr_19_val_read_read_fu_240 |    0    |    0    |    0    |
|          | input_ptr_15_val_read_read_fu_246 |    0    |    0    |    0    |
|          | input_ptr_11_val_read_read_fu_252 |    0    |    0    |    0    |
|          |  input_ptr_7_val_read_read_fu_258 |    0    |    0    |    0    |
|          |  input_ptr_3_val_read_read_fu_264 |    0    |    0    |    0    |
|          | input_ptr_34_val_read_read_fu_270 |    0    |    0    |    0    |
|          | input_ptr_30_val_read_read_fu_276 |    0    |    0    |    0    |
|          | input_ptr_26_val_read_read_fu_282 |    0    |    0    |    0    |
|          | input_ptr_22_val_read_read_fu_288 |    0    |    0    |    0    |
|          | input_ptr_18_val_read_read_fu_294 |    0    |    0    |    0    |
|          | input_ptr_14_val_read_read_fu_300 |    0    |    0    |    0    |
|          | input_ptr_10_val_read_read_fu_306 |    0    |    0    |    0    |
|          |  input_ptr_6_val_read_read_fu_312 |    0    |    0    |    0    |
|          |  input_ptr_2_val_read_read_fu_318 |    0    |    0    |    0    |
|          | input_ptr_37_val_read_read_fu_324 |    0    |    0    |    0    |
|   read   | input_ptr_33_val_read_read_fu_330 |    0    |    0    |    0    |
|          | input_ptr_29_val_read_read_fu_336 |    0    |    0    |    0    |
|          | input_ptr_25_val_read_read_fu_342 |    0    |    0    |    0    |
|          | input_ptr_21_val_read_read_fu_348 |    0    |    0    |    0    |
|          | input_ptr_17_val_read_read_fu_354 |    0    |    0    |    0    |
|          | input_ptr_13_val_read_read_fu_360 |    0    |    0    |    0    |
|          |  input_ptr_9_val_read_read_fu_366 |    0    |    0    |    0    |
|          |  input_ptr_5_val_read_read_fu_372 |    0    |    0    |    0    |
|          |  input_ptr_1_val_read_read_fu_378 |    0    |    0    |    0    |
|          |   add_ln1839_3_read_read_fu_384   |    0    |    0    |    0    |
|          | input_ptr_36_val_read_read_fu_390 |    0    |    0    |    0    |
|          | input_ptr_32_val_read_read_fu_396 |    0    |    0    |    0    |
|          | input_ptr_28_val_read_read_fu_402 |    0    |    0    |    0    |
|          | input_ptr_24_val_read_read_fu_408 |    0    |    0    |    0    |
|          | input_ptr_20_val_read_read_fu_414 |    0    |    0    |    0    |
|          | input_ptr_16_val_read_read_fu_420 |    0    |    0    |    0    |
|          | input_ptr_12_val_read_read_fu_426 |    0    |    0    |    0    |
|          |  input_ptr_8_val_read_read_fu_432 |    0    |    0    |    0    |
|          |  input_ptr_4_val_read_read_fu_438 |    0    |    0    |    0    |
|          |  input_ptr_0_val_read_read_fu_444 |    0    |    0    |    0    |
|----------|-----------------------------------|---------|---------|---------|
|          |       write_ln0_write_fu_450      |    0    |    0    |    0    |
|   write  |       write_ln0_write_fu_457      |    0    |    0    |    0    |
|          |       write_ln0_write_fu_464      |    0    |    0    |    0    |
|          |       write_ln0_write_fu_471      |    0    |    0    |    0    |
|----------|-----------------------------------|---------|---------|---------|
|          |        lshr_ln1833_2_fu_525       |    0    |    0    |    0    |
|partselect|           rhs_97_fu_768           |    0    |    0    |    0    |
|          |           rhs_98_fu_785           |    0    |    0    |    0    |
|          |           rhs_99_fu_802           |    0    |    0    |    0    |
|----------|-----------------------------------|---------|---------|---------|
|    or    |          or_ln1833_fu_535         |    0    |    0    |    0    |
|----------|-----------------------------------|---------|---------|---------|
|   zext   |         zext_ln1839_fu_589        |    0    |    0    |    0    |
|          |        zext_ln1839_4_fu_599       |    0    |    0    |    0    |
|----------|-----------------------------------|---------|---------|---------|
|   trunc  |             rhs_fu_757            |    0    |    0    |    0    |
|----------|-----------------------------------|---------|---------|---------|
|          |       sext_ln1625_49_fu_761       |    0    |    0    |    0    |
|          |       sext_ln1625_50_fu_764       |    0    |    0    |    0    |
|          |       sext_ln1625_51_fu_778       |    0    |    0    |    0    |
|   sext   |       sext_ln1625_52_fu_781       |    0    |    0    |    0    |
|          |       sext_ln1625_53_fu_795       |    0    |    0    |    0    |
|          |       sext_ln1625_54_fu_798       |    0    |    0    |    0    |
|          |       sext_ln1625_56_fu_812       |    0    |    0    |    0    |
|          |       sext_ln1625_57_fu_815       |    0    |    0    |    0    |
|----------|-----------------------------------|---------|---------|---------|
|   Total  |                                   |    4    |    0    |   352   |
|----------|-----------------------------------|---------|---------|---------|

Memories:
N/A

* Register list:
+---------------------------------------------------------------------------------------+--------+
|                                                                                       |   FF   |
+---------------------------------------------------------------------------------------+--------+
|SubbandBand0TopQ610_ap_int_const_ap_int_const_ap_int_const_ap_int_const_ap_i_29_reg_961|   11   |
|                                   empty_683_reg_921                                   |   35   |
|                                   empty_684_reg_929                                   |   48   |
|                                   empty_685_reg_937                                   |   48   |
|                                     empty_reg_913                                     |   35   |
|                                  icmp_ln1833_reg_952                                  |    1   |
|                                  icmp_ln1838_reg_971                                  |    1   |
|                                     index_reg_945                                     |    6   |
|                                    lhs_106_reg_966                                    |   16   |
|                                    lhs_107_reg_977                                    |   16   |
|                                    lhs_108_reg_982                                    |   16   |
|                                      lhs_reg_956                                      |   16   |
|                                 sext_ln1625_49_reg_987                                |   32   |
|                                 sext_ln1625_50_reg_992                                |   32   |
|                                 sext_ln1625_51_reg_997                                |   32   |
|                                sext_ln1625_52_reg_1002                                |   32   |
|                                sext_ln1625_53_reg_1007                                |   32   |
|                                sext_ln1625_54_reg_1012                                |   32   |
|                                sext_ln1625_56_reg_1017                                |   32   |
|                                sext_ln1625_57_reg_1022                                |   32   |
+---------------------------------------------------------------------------------------+--------+
|                                         Total                                         |   505  |
+---------------------------------------------------------------------------------------+--------+

* Multiplexer (MUX) list: 
|-------------------|------|------|------|--------||---------||---------|
|        Comp       |  Pin | Size |  BW  | S x BW ||  Delay  ||   LUT   |
|-------------------|------|------|------|--------||---------||---------|
| grp_access_fu_485 |  p0  |   2  |  11  |   22   ||    9    |
|     grp_fu_877    |  p0  |   2  |  16  |   32   ||    9    |
|     grp_fu_877    |  p1  |   2  |  16  |   32   ||    9    |
|     grp_fu_886    |  p0  |   2  |  16  |   32   ||    9    |
|     grp_fu_886    |  p1  |   2  |  16  |   32   ||    9    |
|     grp_fu_895    |  p0  |   2  |  16  |   32   ||    9    |
|     grp_fu_895    |  p1  |   2  |  16  |   32   ||    9    |
|     grp_fu_904    |  p0  |   2  |  16  |   32   ||    9    |
|     grp_fu_904    |  p1  |   2  |  16  |   32   ||    9    |
|-------------------|------|------|------|--------||---------||---------|
|       Total       |      |      |      |   278  ||  14.292 ||    81   |
|-------------------|------|------|------|--------||---------||---------|



* Summary:
+-----------+--------+--------+--------+--------+
|           |   DSP  |  Delay |   FF   |   LUT  |
+-----------+--------+--------+--------+--------+
|  Function |    4   |    -   |    0   |   352  |
|   Memory  |    -   |    -   |    -   |    -   |
|Multiplexer|    -   |   14   |    -   |   81   |
|  Register |    -   |    -   |   505  |    -   |
+-----------+--------+--------+--------+--------+
|   Total   |    4   |   14   |   505  |   433  |
+-----------+--------+--------+--------+--------+
