

================================================================
== Vitis HLS Report for 'p_anonymous_namespace_RunBand0OptimizedDataflowQ610'
================================================================
* Date:           Wed May 13 19:58:59 2026

* Version:        2023.2 (Build 4023990 on Oct 11 2023)
* Project:        subband_q610_zybo_z7_20_hls
* Solution:       solution1 (Vivado IP Flow Target)
* Product family: zynq
* Target device:  xc7z020-clg400-1


================================================================
== Performance Estimates
================================================================
+ Timing: 
    * Summary: 
    +--------+----------+----------+------------+
    |  Clock |  Target  | Estimated| Uncertainty|
    +--------+----------+----------+------------+
    |ap_clk  |  10.00 ns|  8.733 ns|     2.70 ns|
    +--------+----------+----------+------------+

+ Latency: 
    * Summary: 
    +----------+----------+-----------+-----------+----------+----------+----------+
    |   Latency (cycles)  |   Latency (absolute)  |       Interval      | Pipeline |
    |    min   |    max   |    min    |    max    |    min   |    max   |   Type   |
    +----------+----------+-----------+-----------+----------+----------+----------+
    |  57109944|  57109944|  0.571 sec|  0.571 sec|  57109922|  57109922|  dataflow|
    +----------+----------+-----------+-----------+----------+----------+----------+

    + Detail: 
        * Instance: 
        +--------------------------------------------------------------------+-----------------------------------------------------------------+----------+----------+-----------+-----------+----------+----------+---------+
        |                                                                    |                                                                 |   Latency (cycles)  |   Latency (absolute)  |       Interval      | Pipeline|
        |                              Instance                              |                              Module                             |    min   |    max   |    min    |    max    |    min   |    max   |   Type  |
        +--------------------------------------------------------------------+-----------------------------------------------------------------+----------+----------+-----------+-----------+----------+----------+---------+
        |p_anonymous_namespace_GenerateBand0SequenceStreamOptimizedQ610_U0   |p_anonymous_namespace_GenerateBand0SequenceStreamOptimizedQ610   |   1391041|   1391041|  13.910 ms|  13.910 ms|   1391041|   1391041|       no|
        |p_anonymous_namespace_RunGSULayer0StreamParallelQ610_U0             |p_anonymous_namespace_RunGSULayer0StreamParallelQ610             |  53516401|  53516401|  0.535 sec|  0.535 sec|  53516401|  53516401|       no|
        |p_anonymous_namespace_RunGSULayer1StreamParallelQ610_U0             |p_anonymous_namespace_RunGSULayer1StreamParallelQ610             |  57109921|  57109921|  0.571 sec|  0.571 sec|  57109921|  57109921|       no|
        |entry_proc_U0                                                       |entry_proc                                                       |         0|         0|       0 ns|       0 ns|         0|         0|       no|
        |p_anonymous_namespace_RunProjectionStoreBand0StreamParallelQ610_U0  |p_anonymous_namespace_RunProjectionStoreBand0StreamParallelQ610  |  48261361|  48261361|  0.483 sec|  0.483 sec|  48261361|  48261361|       no|
        +--------------------------------------------------------------------+-----------------------------------------------------------------+----------+----------+-----------+-----------+----------+----------+---------+

        * Loop: 
        N/A



================================================================
== Utilization Estimates
================================================================
* Summary: 
+-----------------+---------+-----+--------+-------+-----+
|       Name      | BRAM_18K| DSP |   FF   |  LUT  | URAM|
+-----------------+---------+-----+--------+-------+-----+
|DSP              |        -|    -|       -|      -|    -|
|Expression       |        -|    -|       0|     12|    -|
|FIFO             |        3|    -|     578|    299|    -|
|Instance         |       12|  219|   48062|  41238|    0|
|Memory           |        -|    -|       -|      -|    -|
|Multiplexer      |        -|    -|       -|     18|    -|
|Register         |        -|    -|       2|      -|    -|
+-----------------+---------+-----+--------+-------+-----+
|Total            |       15|  219|   48642|  41567|    0|
+-----------------+---------+-----+--------+-------+-----+
|Available        |      280|  220|  106400|  53200|    0|
+-----------------+---------+-----+--------+-------+-----+
|Utilization (%)  |        5|   99|      45|     78|    0|
+-----------------+---------+-----+--------+-------+-----+

+ Detail: 
    * Instance: 
    +--------------------------------------------------------------------+-----------------------------------------------------------------+---------+-----+-------+-------+-----+
    |                              Instance                              |                              Module                             | BRAM_18K| DSP |   FF  |  LUT  | URAM|
    +--------------------------------------------------------------------+-----------------------------------------------------------------+---------+-----+-------+-------+-----+
    |entry_proc_U0                                                       |entry_proc                                                       |        0|    0|      3|     29|    0|
    |p_anonymous_namespace_GenerateBand0SequenceStreamOptimizedQ610_U0   |p_anonymous_namespace_GenerateBand0SequenceStreamOptimizedQ610   |        0|    2|    243|    705|    0|
    |p_anonymous_namespace_RunGSULayer0StreamParallelQ610_U0             |p_anonymous_namespace_RunGSULayer0StreamParallelQ610             |        6|   78|  14791|  14793|    0|
    |p_anonymous_namespace_RunGSULayer1StreamParallelQ610_U0             |p_anonymous_namespace_RunGSULayer1StreamParallelQ610             |        6|  134|  24295|  20989|    0|
    |p_anonymous_namespace_RunProjectionStoreBand0StreamParallelQ610_U0  |p_anonymous_namespace_RunProjectionStoreBand0StreamParallelQ610  |        0|    5|   8730|   4722|    0|
    +--------------------------------------------------------------------+-----------------------------------------------------------------+---------+-----+-------+-------+-----+
    |Total                                                               |                                                                 |       12|  219|  48062|  41238|    0|
    +--------------------------------------------------------------------+-----------------------------------------------------------------+---------+-----+-------+-------+-----+

    * DSP: 
    N/A

    * Memory: 
    N/A

    * FIFO: 
    +------------------------+---------+-----+----+-----+------+-----+---------+
    |          Name          | BRAM_18K|  FF | LUT| URAM| Depth| Bits| Size:D*B|
    +------------------------+---------+-----+----+-----+------+-----+---------+
    |df_coef_q610_c_U        |        0|   99|   0|    -|     5|   32|      160|
    |layer0_output_stream_U  |        1|  161|   0|    -|   512|   16|     8192|
    |layer1_output_stream_U  |        1|  161|   0|    -|   512|   16|     8192|
    |sequence_stream_U       |        1|  157|   0|    -|   128|   16|     2048|
    +------------------------+---------+-----+----+-----+------+-----+---------+
    |Total                   |        3|  578|   0|    0|  1157|   80|    18592|
    +------------------------+---------+-----+----+-----+------+-----+---------+

    * Expression: 
    +------------------------------------------------------------------------------------+----------+----+---+----+------------+------------+
    |                                    Variable Name                                   | Operation| DSP| FF| LUT| Bitwidth P0| Bitwidth P1|
    +------------------------------------------------------------------------------------+----------+----+---+----+------------+------------+
    |ap_idle                                                                             |       and|   0|  0|   2|           1|           1|
    |ap_sync_ready                                                                       |       and|   0|  0|   2|           1|           1|
    |entry_proc_U0_ap_start                                                              |       and|   0|  0|   2|           1|           1|
    |p_anonymous_namespace_GenerateBand0SequenceStreamOptimizedQ610_U0_ap_start          |       and|   0|  0|   2|           1|           1|
    |ap_sync_entry_proc_U0_ap_ready                                                      |        or|   0|  0|   2|           1|           1|
    |ap_sync_p_anonymous_namespace_GenerateBand0SequenceStreamOptimizedQ610_U0_ap_ready  |        or|   0|  0|   2|           1|           1|
    +------------------------------------------------------------------------------------+----------+----+---+----+------------+------------+
    |Total                                                                               |          |   0|  0|  12|           6|           6|
    +------------------------------------------------------------------------------------+----------+----+---+----+------------+------------+

    * Multiplexer: 
    +----------------------------------------------------------------------------------------+----+-----------+-----+-----------+
    |                                          Name                                          | LUT| Input Size| Bits| Total Bits|
    +----------------------------------------------------------------------------------------+----+-----------+-----+-----------+
    |ap_sync_reg_entry_proc_U0_ap_ready                                                      |   9|          2|    1|          2|
    |ap_sync_reg_p_anonymous_namespace_GenerateBand0SequenceStreamOptimizedQ610_U0_ap_ready  |   9|          2|    1|          2|
    +----------------------------------------------------------------------------------------+----+-----------+-----+-----------+
    |Total                                                                                   |  18|          4|    2|          4|
    +----------------------------------------------------------------------------------------+----+-----------+-----+-----------+

    * Register: 
    +----------------------------------------------------------------------------------------+---+----+-----+-----------+
    |                                          Name                                          | FF| LUT| Bits| Const Bits|
    +----------------------------------------------------------------------------------------+---+----+-----+-----------+
    |ap_sync_reg_entry_proc_U0_ap_ready                                                      |  1|   0|    1|          0|
    |ap_sync_reg_p_anonymous_namespace_GenerateBand0SequenceStreamOptimizedQ610_U0_ap_ready  |  1|   0|    1|          0|
    +----------------------------------------------------------------------------------------+---+----+-----+-----------+
    |Total                                                                                   |  2|   0|    2|          0|
    +----------------------------------------------------------------------------------------+---+----+-----+-----------+



================================================================
== Interface
================================================================
* Summary: 
+------------------------------------------------------------------------------------------+-----+-----+------------+---------------------------------------------------------------------------------+--------------+
|                                         RTL Ports                                        | Dir | Bits|  Protocol  |                                  Source Object                                  |    C Type    |
+------------------------------------------------------------------------------------------+-----+-----+------------+---------------------------------------------------------------------------------+--------------+
|m_axi_gmem_in_AWVALID                                                                     |  out|    1|       m_axi|                                                                          gmem_in|       pointer|
|m_axi_gmem_in_AWREADY                                                                     |   in|    1|       m_axi|                                                                          gmem_in|       pointer|
|m_axi_gmem_in_AWADDR                                                                      |  out|   32|       m_axi|                                                                          gmem_in|       pointer|
|m_axi_gmem_in_AWID                                                                        |  out|    1|       m_axi|                                                                          gmem_in|       pointer|
|m_axi_gmem_in_AWLEN                                                                       |  out|   32|       m_axi|                                                                          gmem_in|       pointer|
|m_axi_gmem_in_AWSIZE                                                                      |  out|    3|       m_axi|                                                                          gmem_in|       pointer|
|m_axi_gmem_in_AWBURST                                                                     |  out|    2|       m_axi|                                                                          gmem_in|       pointer|
|m_axi_gmem_in_AWLOCK                                                                      |  out|    2|       m_axi|                                                                          gmem_in|       pointer|
|m_axi_gmem_in_AWCACHE                                                                     |  out|    4|       m_axi|                                                                          gmem_in|       pointer|
|m_axi_gmem_in_AWPROT                                                                      |  out|    3|       m_axi|                                                                          gmem_in|       pointer|
|m_axi_gmem_in_AWQOS                                                                       |  out|    4|       m_axi|                                                                          gmem_in|       pointer|
|m_axi_gmem_in_AWREGION                                                                    |  out|    4|       m_axi|                                                                          gmem_in|       pointer|
|m_axi_gmem_in_AWUSER                                                                      |  out|    1|       m_axi|                                                                          gmem_in|       pointer|
|m_axi_gmem_in_WVALID                                                                      |  out|    1|       m_axi|                                                                          gmem_in|       pointer|
|m_axi_gmem_in_WREADY                                                                      |   in|    1|       m_axi|                                                                          gmem_in|       pointer|
|m_axi_gmem_in_WDATA                                                                       |  out|   16|       m_axi|                                                                          gmem_in|       pointer|
|m_axi_gmem_in_WSTRB                                                                       |  out|    2|       m_axi|                                                                          gmem_in|       pointer|
|m_axi_gmem_in_WLAST                                                                       |  out|    1|       m_axi|                                                                          gmem_in|       pointer|
|m_axi_gmem_in_WID                                                                         |  out|    1|       m_axi|                                                                          gmem_in|       pointer|
|m_axi_gmem_in_WUSER                                                                       |  out|    1|       m_axi|                                                                          gmem_in|       pointer|
|m_axi_gmem_in_ARVALID                                                                     |  out|    1|       m_axi|                                                                          gmem_in|       pointer|
|m_axi_gmem_in_ARREADY                                                                     |   in|    1|       m_axi|                                                                          gmem_in|       pointer|
|m_axi_gmem_in_ARADDR                                                                      |  out|   32|       m_axi|                                                                          gmem_in|       pointer|
|m_axi_gmem_in_ARID                                                                        |  out|    1|       m_axi|                                                                          gmem_in|       pointer|
|m_axi_gmem_in_ARLEN                                                                       |  out|   32|       m_axi|                                                                          gmem_in|       pointer|
|m_axi_gmem_in_ARSIZE                                                                      |  out|    3|       m_axi|                                                                          gmem_in|       pointer|
|m_axi_gmem_in_ARBURST                                                                     |  out|    2|       m_axi|                                                                          gmem_in|       pointer|
|m_axi_gmem_in_ARLOCK                                                                      |  out|    2|       m_axi|                                                                          gmem_in|       pointer|
|m_axi_gmem_in_ARCACHE                                                                     |  out|    4|       m_axi|                                                                          gmem_in|       pointer|
|m_axi_gmem_in_ARPROT                                                                      |  out|    3|       m_axi|                                                                          gmem_in|       pointer|
|m_axi_gmem_in_ARQOS                                                                       |  out|    4|       m_axi|                                                                          gmem_in|       pointer|
|m_axi_gmem_in_ARREGION                                                                    |  out|    4|       m_axi|                                                                          gmem_in|       pointer|
|m_axi_gmem_in_ARUSER                                                                      |  out|    1|       m_axi|                                                                          gmem_in|       pointer|
|m_axi_gmem_in_RVALID                                                                      |   in|    1|       m_axi|                                                                          gmem_in|       pointer|
|m_axi_gmem_in_RREADY                                                                      |  out|    1|       m_axi|                                                                          gmem_in|       pointer|
|m_axi_gmem_in_RDATA                                                                       |   in|   16|       m_axi|                                                                          gmem_in|       pointer|
|m_axi_gmem_in_RLAST                                                                       |   in|    1|       m_axi|                                                                          gmem_in|       pointer|
|m_axi_gmem_in_RID                                                                         |   in|    1|       m_axi|                                                                          gmem_in|       pointer|
|m_axi_gmem_in_RFIFONUM                                                                    |   in|    6|       m_axi|                                                                          gmem_in|       pointer|
|m_axi_gmem_in_RUSER                                                                       |   in|    1|       m_axi|                                                                          gmem_in|       pointer|
|m_axi_gmem_in_RRESP                                                                       |   in|    2|       m_axi|                                                                          gmem_in|       pointer|
|m_axi_gmem_in_BVALID                                                                      |   in|    1|       m_axi|                                                                          gmem_in|       pointer|
|m_axi_gmem_in_BREADY                                                                      |  out|    1|       m_axi|                                                                          gmem_in|       pointer|
|m_axi_gmem_in_BRESP                                                                       |   in|    2|       m_axi|                                                                          gmem_in|       pointer|
|m_axi_gmem_in_BID                                                                         |   in|    1|       m_axi|                                                                          gmem_in|       pointer|
|m_axi_gmem_in_BUSER                                                                       |   in|    1|       m_axi|                                                                          gmem_in|       pointer|
|noisy_input_q610                                                                          |   in|   32|     ap_none|                                                                 noisy_input_q610|        scalar|
|noisy_input_q610_ap_vld                                                                   |   in|    1|     ap_none|                                                                 noisy_input_q610|        scalar|
|fb_output_q610                                                                            |   in|   32|     ap_none|                                                                   fb_output_q610|        scalar|
|fb_output_q610_ap_vld                                                                     |   in|    1|     ap_none|                                                                   fb_output_q610|        scalar|
|m_axi_gmem_out_AWVALID                                                                    |  out|    1|       m_axi|                                                                         gmem_out|       pointer|
|m_axi_gmem_out_AWREADY                                                                    |   in|    1|       m_axi|                                                                         gmem_out|       pointer|
|m_axi_gmem_out_AWADDR                                                                     |  out|   32|       m_axi|                                                                         gmem_out|       pointer|
|m_axi_gmem_out_AWID                                                                       |  out|    1|       m_axi|                                                                         gmem_out|       pointer|
|m_axi_gmem_out_AWLEN                                                                      |  out|   32|       m_axi|                                                                         gmem_out|       pointer|
|m_axi_gmem_out_AWSIZE                                                                     |  out|    3|       m_axi|                                                                         gmem_out|       pointer|
|m_axi_gmem_out_AWBURST                                                                    |  out|    2|       m_axi|                                                                         gmem_out|       pointer|
|m_axi_gmem_out_AWLOCK                                                                     |  out|    2|       m_axi|                                                                         gmem_out|       pointer|
|m_axi_gmem_out_AWCACHE                                                                    |  out|    4|       m_axi|                                                                         gmem_out|       pointer|
|m_axi_gmem_out_AWPROT                                                                     |  out|    3|       m_axi|                                                                         gmem_out|       pointer|
|m_axi_gmem_out_AWQOS                                                                      |  out|    4|       m_axi|                                                                         gmem_out|       pointer|
|m_axi_gmem_out_AWREGION                                                                   |  out|    4|       m_axi|                                                                         gmem_out|       pointer|
|m_axi_gmem_out_AWUSER                                                                     |  out|    1|       m_axi|                                                                         gmem_out|       pointer|
|m_axi_gmem_out_WVALID                                                                     |  out|    1|       m_axi|                                                                         gmem_out|       pointer|
|m_axi_gmem_out_WREADY                                                                     |   in|    1|       m_axi|                                                                         gmem_out|       pointer|
|m_axi_gmem_out_WDATA                                                                      |  out|   16|       m_axi|                                                                         gmem_out|       pointer|
|m_axi_gmem_out_WSTRB                                                                      |  out|    2|       m_axi|                                                                         gmem_out|       pointer|
|m_axi_gmem_out_WLAST                                                                      |  out|    1|       m_axi|                                                                         gmem_out|       pointer|
|m_axi_gmem_out_WID                                                                        |  out|    1|       m_axi|                                                                         gmem_out|       pointer|
|m_axi_gmem_out_WUSER                                                                      |  out|    1|       m_axi|                                                                         gmem_out|       pointer|
|m_axi_gmem_out_ARVALID                                                                    |  out|    1|       m_axi|                                                                         gmem_out|       pointer|
|m_axi_gmem_out_ARREADY                                                                    |   in|    1|       m_axi|                                                                         gmem_out|       pointer|
|m_axi_gmem_out_ARADDR                                                                     |  out|   32|       m_axi|                                                                         gmem_out|       pointer|
|m_axi_gmem_out_ARID                                                                       |  out|    1|       m_axi|                                                                         gmem_out|       pointer|
|m_axi_gmem_out_ARLEN                                                                      |  out|   32|       m_axi|                                                                         gmem_out|       pointer|
|m_axi_gmem_out_ARSIZE                                                                     |  out|    3|       m_axi|                                                                         gmem_out|       pointer|
|m_axi_gmem_out_ARBURST                                                                    |  out|    2|       m_axi|                                                                         gmem_out|       pointer|
|m_axi_gmem_out_ARLOCK                                                                     |  out|    2|       m_axi|                                                                         gmem_out|       pointer|
|m_axi_gmem_out_ARCACHE                                                                    |  out|    4|       m_axi|                                                                         gmem_out|       pointer|
|m_axi_gmem_out_ARPROT                                                                     |  out|    3|       m_axi|                                                                         gmem_out|       pointer|
|m_axi_gmem_out_ARQOS                                                                      |  out|    4|       m_axi|                                                                         gmem_out|       pointer|
|m_axi_gmem_out_ARREGION                                                                   |  out|    4|       m_axi|                                                                         gmem_out|       pointer|
|m_axi_gmem_out_ARUSER                                                                     |  out|    1|       m_axi|                                                                         gmem_out|       pointer|
|m_axi_gmem_out_RVALID                                                                     |   in|    1|       m_axi|                                                                         gmem_out|       pointer|
|m_axi_gmem_out_RREADY                                                                     |  out|    1|       m_axi|                                                                         gmem_out|       pointer|
|m_axi_gmem_out_RDATA                                                                      |   in|   16|       m_axi|                                                                         gmem_out|       pointer|
|m_axi_gmem_out_RLAST                                                                      |   in|    1|       m_axi|                                                                         gmem_out|       pointer|
|m_axi_gmem_out_RID                                                                        |   in|    1|       m_axi|                                                                         gmem_out|       pointer|
|m_axi_gmem_out_RFIFONUM                                                                   |   in|    6|       m_axi|                                                                         gmem_out|       pointer|
|m_axi_gmem_out_RUSER                                                                      |   in|    1|       m_axi|                                                                         gmem_out|       pointer|
|m_axi_gmem_out_RRESP                                                                      |   in|    2|       m_axi|                                                                         gmem_out|       pointer|
|m_axi_gmem_out_BVALID                                                                     |   in|    1|       m_axi|                                                                         gmem_out|       pointer|
|m_axi_gmem_out_BREADY                                                                     |  out|    1|       m_axi|                                                                         gmem_out|       pointer|
|m_axi_gmem_out_BRESP                                                                      |   in|    2|       m_axi|                                                                         gmem_out|       pointer|
|m_axi_gmem_out_BID                                                                        |   in|    1|       m_axi|                                                                         gmem_out|       pointer|
|m_axi_gmem_out_BUSER                                                                      |   in|    1|       m_axi|                                                                         gmem_out|       pointer|
|df_coef_q610                                                                              |   in|   32|     ap_none|                                                                     df_coef_q610|        scalar|
|df_coef_q610_ap_vld                                                                       |   in|    1|     ap_none|                                                                     df_coef_q610|        scalar|
|SubbandBand0TopQ610_ap_int_const_ap_int_const_ap_int_const_ap_int_const_ap_i_12_address0  |  out|   11|   ap_memory|  SubbandBand0TopQ610_ap_int_const_ap_int_const_ap_int_const_ap_int_const_ap_i_12|         array|
|SubbandBand0TopQ610_ap_int_const_ap_int_const_ap_int_const_ap_int_const_ap_i_12_ce0       |  out|    1|   ap_memory|  SubbandBand0TopQ610_ap_int_const_ap_int_const_ap_int_const_ap_int_const_ap_i_12|         array|
|SubbandBand0TopQ610_ap_int_const_ap_int_const_ap_int_const_ap_int_const_ap_i_12_d0        |  out|   64|   ap_memory|  SubbandBand0TopQ610_ap_int_const_ap_int_const_ap_int_const_ap_int_const_ap_i_12|         array|
|SubbandBand0TopQ610_ap_int_const_ap_int_const_ap_int_const_ap_int_const_ap_i_12_q0        |   in|   64|   ap_memory|  SubbandBand0TopQ610_ap_int_const_ap_int_const_ap_int_const_ap_int_const_ap_i_12|         array|
|SubbandBand0TopQ610_ap_int_const_ap_int_const_ap_int_const_ap_int_const_ap_i_12_we0       |  out|    8|   ap_memory|  SubbandBand0TopQ610_ap_int_const_ap_int_const_ap_int_const_ap_int_const_ap_i_12|         array|
|SubbandBand0TopQ610_ap_int_const_ap_int_const_ap_int_const_ap_int_const_ap_i_12_address1  |  out|   11|   ap_memory|  SubbandBand0TopQ610_ap_int_const_ap_int_const_ap_int_const_ap_int_const_ap_i_12|         array|
|SubbandBand0TopQ610_ap_int_const_ap_int_const_ap_int_const_ap_int_const_ap_i_12_ce1       |  out|    1|   ap_memory|  SubbandBand0TopQ610_ap_int_const_ap_int_const_ap_int_const_ap_int_const_ap_i_12|         array|
|SubbandBand0TopQ610_ap_int_const_ap_int_const_ap_int_const_ap_int_const_ap_i_12_d1        |  out|   64|   ap_memory|  SubbandBand0TopQ610_ap_int_const_ap_int_const_ap_int_const_ap_int_const_ap_i_12|         array|
|SubbandBand0TopQ610_ap_int_const_ap_int_const_ap_int_const_ap_int_const_ap_i_12_q1        |   in|   64|   ap_memory|  SubbandBand0TopQ610_ap_int_const_ap_int_const_ap_int_const_ap_int_const_ap_i_12|         array|
|SubbandBand0TopQ610_ap_int_const_ap_int_const_ap_int_const_ap_int_const_ap_i_12_we1       |  out|    8|   ap_memory|  SubbandBand0TopQ610_ap_int_const_ap_int_const_ap_int_const_ap_int_const_ap_i_12|         array|
|SubbandBand0TopQ610_ap_int_const_ap_int_const_ap_int_const_ap_int_const_ap_i_14_address0  |  out|   10|   ap_memory|  SubbandBand0TopQ610_ap_int_const_ap_int_const_ap_int_const_ap_int_const_ap_i_14|         array|
|SubbandBand0TopQ610_ap_int_const_ap_int_const_ap_int_const_ap_int_const_ap_i_14_ce0       |  out|    1|   ap_memory|  SubbandBand0TopQ610_ap_int_const_ap_int_const_ap_int_const_ap_int_const_ap_i_14|         array|
|SubbandBand0TopQ610_ap_int_const_ap_int_const_ap_int_const_ap_int_const_ap_i_14_d0        |  out|  512|   ap_memory|  SubbandBand0TopQ610_ap_int_const_ap_int_const_ap_int_const_ap_int_const_ap_i_14|         array|
|SubbandBand0TopQ610_ap_int_const_ap_int_const_ap_int_const_ap_int_const_ap_i_14_q0        |   in|  512|   ap_memory|  SubbandBand0TopQ610_ap_int_const_ap_int_const_ap_int_const_ap_int_const_ap_i_14|         array|
|SubbandBand0TopQ610_ap_int_const_ap_int_const_ap_int_const_ap_int_const_ap_i_14_we0       |  out|   64|   ap_memory|  SubbandBand0TopQ610_ap_int_const_ap_int_const_ap_int_const_ap_int_const_ap_i_14|         array|
|SubbandBand0TopQ610_ap_int_const_ap_int_const_ap_int_const_ap_int_const_ap_i_14_address1  |  out|   10|   ap_memory|  SubbandBand0TopQ610_ap_int_const_ap_int_const_ap_int_const_ap_int_const_ap_i_14|         array|
|SubbandBand0TopQ610_ap_int_const_ap_int_const_ap_int_const_ap_int_const_ap_i_14_ce1       |  out|    1|   ap_memory|  SubbandBand0TopQ610_ap_int_const_ap_int_const_ap_int_const_ap_int_const_ap_i_14|         array|
|SubbandBand0TopQ610_ap_int_const_ap_int_const_ap_int_const_ap_int_const_ap_i_14_d1        |  out|  512|   ap_memory|  SubbandBand0TopQ610_ap_int_const_ap_int_const_ap_int_const_ap_int_const_ap_i_14|         array|
|SubbandBand0TopQ610_ap_int_const_ap_int_const_ap_int_const_ap_int_const_ap_i_14_q1        |   in|  512|   ap_memory|  SubbandBand0TopQ610_ap_int_const_ap_int_const_ap_int_const_ap_int_const_ap_i_14|         array|
|SubbandBand0TopQ610_ap_int_const_ap_int_const_ap_int_const_ap_int_const_ap_i_14_we1       |  out|   64|   ap_memory|  SubbandBand0TopQ610_ap_int_const_ap_int_const_ap_int_const_ap_int_const_ap_i_14|         array|
|SubbandBand0TopQ610_ap_int_const_ap_int_const_ap_int_const_ap_int_const_ap_i_11_address0  |  out|   11|   ap_memory|  SubbandBand0TopQ610_ap_int_const_ap_int_const_ap_int_const_ap_int_const_ap_i_11|         array|
|SubbandBand0TopQ610_ap_int_const_ap_int_const_ap_int_const_ap_int_const_ap_i_11_ce0       |  out|    1|   ap_memory|  SubbandBand0TopQ610_ap_int_const_ap_int_const_ap_int_const_ap_int_const_ap_i_11|         array|
|SubbandBand0TopQ610_ap_int_const_ap_int_const_ap_int_const_ap_int_const_ap_i_11_d0        |  out|   64|   ap_memory|  SubbandBand0TopQ610_ap_int_const_ap_int_const_ap_int_const_ap_int_const_ap_i_11|         array|
|SubbandBand0TopQ610_ap_int_const_ap_int_const_ap_int_const_ap_int_const_ap_i_11_q0        |   in|   64|   ap_memory|  SubbandBand0TopQ610_ap_int_const_ap_int_const_ap_int_const_ap_int_const_ap_i_11|         array|
|SubbandBand0TopQ610_ap_int_const_ap_int_const_ap_int_const_ap_int_const_ap_i_11_we0       |  out|    8|   ap_memory|  SubbandBand0TopQ610_ap_int_const_ap_int_const_ap_int_const_ap_int_const_ap_i_11|         array|
|SubbandBand0TopQ610_ap_int_const_ap_int_const_ap_int_const_ap_int_const_ap_i_11_address1  |  out|   11|   ap_memory|  SubbandBand0TopQ610_ap_int_const_ap_int_const_ap_int_const_ap_int_const_ap_i_11|         array|
|SubbandBand0TopQ610_ap_int_const_ap_int_const_ap_int_const_ap_int_const_ap_i_11_ce1       |  out|    1|   ap_memory|  SubbandBand0TopQ610_ap_int_const_ap_int_const_ap_int_const_ap_int_const_ap_i_11|         array|
|SubbandBand0TopQ610_ap_int_const_ap_int_const_ap_int_const_ap_int_const_ap_i_11_d1        |  out|   64|   ap_memory|  SubbandBand0TopQ610_ap_int_const_ap_int_const_ap_int_const_ap_int_const_ap_i_11|         array|
|SubbandBand0TopQ610_ap_int_const_ap_int_const_ap_int_const_ap_int_const_ap_i_11_q1        |   in|   64|   ap_memory|  SubbandBand0TopQ610_ap_int_const_ap_int_const_ap_int_const_ap_int_const_ap_i_11|         array|
|SubbandBand0TopQ610_ap_int_const_ap_int_const_ap_int_const_ap_int_const_ap_i_11_we1       |  out|    8|   ap_memory|  SubbandBand0TopQ610_ap_int_const_ap_int_const_ap_int_const_ap_int_const_ap_i_11|         array|
|SubbandBand0TopQ610_ap_int_const_ap_int_const_ap_int_const_ap_int_const_ap_i_13_address0  |  out|   10|   ap_memory|  SubbandBand0TopQ610_ap_int_const_ap_int_const_ap_int_const_ap_int_const_ap_i_13|         array|
|SubbandBand0TopQ610_ap_int_const_ap_int_const_ap_int_const_ap_int_const_ap_i_13_ce0       |  out|    1|   ap_memory|  SubbandBand0TopQ610_ap_int_const_ap_int_const_ap_int_const_ap_int_const_ap_i_13|         array|
|SubbandBand0TopQ610_ap_int_const_ap_int_const_ap_int_const_ap_int_const_ap_i_13_d0        |  out|  512|   ap_memory|  SubbandBand0TopQ610_ap_int_const_ap_int_const_ap_int_const_ap_int_const_ap_i_13|         array|
|SubbandBand0TopQ610_ap_int_const_ap_int_const_ap_int_const_ap_int_const_ap_i_13_q0        |   in|  512|   ap_memory|  SubbandBand0TopQ610_ap_int_const_ap_int_const_ap_int_const_ap_int_const_ap_i_13|         array|
|SubbandBand0TopQ610_ap_int_const_ap_int_const_ap_int_const_ap_int_const_ap_i_13_we0       |  out|   64|   ap_memory|  SubbandBand0TopQ610_ap_int_const_ap_int_const_ap_int_const_ap_int_const_ap_i_13|         array|
|SubbandBand0TopQ610_ap_int_const_ap_int_const_ap_int_const_ap_int_const_ap_i_13_address1  |  out|   10|   ap_memory|  SubbandBand0TopQ610_ap_int_const_ap_int_const_ap_int_const_ap_int_const_ap_i_13|         array|
|SubbandBand0TopQ610_ap_int_const_ap_int_const_ap_int_const_ap_int_const_ap_i_13_ce1       |  out|    1|   ap_memory|  SubbandBand0TopQ610_ap_int_const_ap_int_const_ap_int_const_ap_int_const_ap_i_13|         array|
|SubbandBand0TopQ610_ap_int_const_ap_int_const_ap_int_const_ap_int_const_ap_i_13_d1        |  out|  512|   ap_memory|  SubbandBand0TopQ610_ap_int_const_ap_int_const_ap_int_const_ap_int_const_ap_i_13|         array|
|SubbandBand0TopQ610_ap_int_const_ap_int_const_ap_int_const_ap_int_const_ap_i_13_q1        |   in|  512|   ap_memory|  SubbandBand0TopQ610_ap_int_const_ap_int_const_ap_int_const_ap_int_const_ap_i_13|         array|
|SubbandBand0TopQ610_ap_int_const_ap_int_const_ap_int_const_ap_int_const_ap_i_13_we1       |  out|   64|   ap_memory|  SubbandBand0TopQ610_ap_int_const_ap_int_const_ap_int_const_ap_int_const_ap_i_13|         array|
|SubbandBand0TopQ610_ap_int_const_ap_int_const_ap_int_const_ap_int_const_ap_i_20_address0  |  out|    8|   ap_memory|  SubbandBand0TopQ610_ap_int_const_ap_int_const_ap_int_const_ap_int_const_ap_i_20|         array|
|SubbandBand0TopQ610_ap_int_const_ap_int_const_ap_int_const_ap_int_const_ap_i_20_ce0       |  out|    1|   ap_memory|  SubbandBand0TopQ610_ap_int_const_ap_int_const_ap_int_const_ap_int_const_ap_i_20|         array|
|SubbandBand0TopQ610_ap_int_const_ap_int_const_ap_int_const_ap_int_const_ap_i_20_d0        |  out|   16|   ap_memory|  SubbandBand0TopQ610_ap_int_const_ap_int_const_ap_int_const_ap_int_const_ap_i_20|         array|
|SubbandBand0TopQ610_ap_int_const_ap_int_const_ap_int_const_ap_int_const_ap_i_20_q0        |   in|   16|   ap_memory|  SubbandBand0TopQ610_ap_int_const_ap_int_const_ap_int_const_ap_int_const_ap_i_20|         array|
|SubbandBand0TopQ610_ap_int_const_ap_int_const_ap_int_const_ap_int_const_ap_i_20_we0       |  out|    1|   ap_memory|  SubbandBand0TopQ610_ap_int_const_ap_int_const_ap_int_const_ap_int_const_ap_i_20|         array|
|SubbandBand0TopQ610_ap_int_const_ap_int_const_ap_int_const_ap_int_const_ap_i_20_address1  |  out|    8|   ap_memory|  SubbandBand0TopQ610_ap_int_const_ap_int_const_ap_int_const_ap_int_const_ap_i_20|         array|
|SubbandBand0TopQ610_ap_int_const_ap_int_const_ap_int_const_ap_int_const_ap_i_20_ce1       |  out|    1|   ap_memory|  SubbandBand0TopQ610_ap_int_const_ap_int_const_ap_int_const_ap_int_const_ap_i_20|         array|
|SubbandBand0TopQ610_ap_int_const_ap_int_const_ap_int_const_ap_int_const_ap_i_20_d1        |  out|   16|   ap_memory|  SubbandBand0TopQ610_ap_int_const_ap_int_const_ap_int_const_ap_int_const_ap_i_20|         array|
|SubbandBand0TopQ610_ap_int_const_ap_int_const_ap_int_const_ap_int_const_ap_i_20_q1        |   in|   16|   ap_memory|  SubbandBand0TopQ610_ap_int_const_ap_int_const_ap_int_const_ap_int_const_ap_i_20|         array|
|SubbandBand0TopQ610_ap_int_const_ap_int_const_ap_int_const_ap_int_const_ap_i_20_we1       |  out|    1|   ap_memory|  SubbandBand0TopQ610_ap_int_const_ap_int_const_ap_int_const_ap_int_const_ap_i_20|         array|
|SubbandBand0TopQ610_ap_int_const_ap_int_const_ap_int_const_ap_int_const_ap_i_19_address0  |  out|    8|   ap_memory|  SubbandBand0TopQ610_ap_int_const_ap_int_const_ap_int_const_ap_int_const_ap_i_19|         array|
|SubbandBand0TopQ610_ap_int_const_ap_int_const_ap_int_const_ap_int_const_ap_i_19_ce0       |  out|    1|   ap_memory|  SubbandBand0TopQ610_ap_int_const_ap_int_const_ap_int_const_ap_int_const_ap_i_19|         array|
|SubbandBand0TopQ610_ap_int_const_ap_int_const_ap_int_const_ap_int_const_ap_i_19_d0        |  out|   16|   ap_memory|  SubbandBand0TopQ610_ap_int_const_ap_int_const_ap_int_const_ap_int_const_ap_i_19|         array|
|SubbandBand0TopQ610_ap_int_const_ap_int_const_ap_int_const_ap_int_const_ap_i_19_q0        |   in|   16|   ap_memory|  SubbandBand0TopQ610_ap_int_const_ap_int_const_ap_int_const_ap_int_const_ap_i_19|         array|
|SubbandBand0TopQ610_ap_int_const_ap_int_const_ap_int_const_ap_int_const_ap_i_19_we0       |  out|    1|   ap_memory|  SubbandBand0TopQ610_ap_int_const_ap_int_const_ap_int_const_ap_int_const_ap_i_19|         array|
|SubbandBand0TopQ610_ap_int_const_ap_int_const_ap_int_const_ap_int_const_ap_i_19_address1  |  out|    8|   ap_memory|  SubbandBand0TopQ610_ap_int_const_ap_int_const_ap_int_const_ap_int_const_ap_i_19|         array|
|SubbandBand0TopQ610_ap_int_const_ap_int_const_ap_int_const_ap_int_const_ap_i_19_ce1       |  out|    1|   ap_memory|  SubbandBand0TopQ610_ap_int_const_ap_int_const_ap_int_const_ap_int_const_ap_i_19|         array|
|SubbandBand0TopQ610_ap_int_const_ap_int_const_ap_int_const_ap_int_const_ap_i_19_d1        |  out|   16|   ap_memory|  SubbandBand0TopQ610_ap_int_const_ap_int_const_ap_int_const_ap_int_const_ap_i_19|         array|
|SubbandBand0TopQ610_ap_int_const_ap_int_const_ap_int_const_ap_int_const_ap_i_19_q1        |   in|   16|   ap_memory|  SubbandBand0TopQ610_ap_int_const_ap_int_const_ap_int_const_ap_int_const_ap_i_19|         array|
|SubbandBand0TopQ610_ap_int_const_ap_int_const_ap_int_const_ap_int_const_ap_i_19_we1       |  out|    1|   ap_memory|  SubbandBand0TopQ610_ap_int_const_ap_int_const_ap_int_const_ap_int_const_ap_i_19|         array|
|SubbandBand0TopQ610_ap_int_const_ap_int_const_ap_int_const_ap_int_const_ap_i_16_address0  |  out|    7|   ap_memory|  SubbandBand0TopQ610_ap_int_const_ap_int_const_ap_int_const_ap_int_const_ap_i_16|         array|
|SubbandBand0TopQ610_ap_int_const_ap_int_const_ap_int_const_ap_int_const_ap_i_16_ce0       |  out|    1|   ap_memory|  SubbandBand0TopQ610_ap_int_const_ap_int_const_ap_int_const_ap_int_const_ap_i_16|         array|
|SubbandBand0TopQ610_ap_int_const_ap_int_const_ap_int_const_ap_int_const_ap_i_16_d0        |  out|   16|   ap_memory|  SubbandBand0TopQ610_ap_int_const_ap_int_const_ap_int_const_ap_int_const_ap_i_16|         array|
|SubbandBand0TopQ610_ap_int_const_ap_int_const_ap_int_const_ap_int_const_ap_i_16_q0        |   in|   16|   ap_memory|  SubbandBand0TopQ610_ap_int_const_ap_int_const_ap_int_const_ap_int_const_ap_i_16|         array|
|SubbandBand0TopQ610_ap_int_const_ap_int_const_ap_int_const_ap_int_const_ap_i_16_we0       |  out|    1|   ap_memory|  SubbandBand0TopQ610_ap_int_const_ap_int_const_ap_int_const_ap_int_const_ap_i_16|         array|
|SubbandBand0TopQ610_ap_int_const_ap_int_const_ap_int_const_ap_int_const_ap_i_16_address1  |  out|    7|   ap_memory|  SubbandBand0TopQ610_ap_int_const_ap_int_const_ap_int_const_ap_int_const_ap_i_16|         array|
|SubbandBand0TopQ610_ap_int_const_ap_int_const_ap_int_const_ap_int_const_ap_i_16_ce1       |  out|    1|   ap_memory|  SubbandBand0TopQ610_ap_int_const_ap_int_const_ap_int_const_ap_int_const_ap_i_16|         array|
|SubbandBand0TopQ610_ap_int_const_ap_int_const_ap_int_const_ap_int_const_ap_i_16_d1        |  out|   16|   ap_memory|  SubbandBand0TopQ610_ap_int_const_ap_int_const_ap_int_const_ap_int_const_ap_i_16|         array|
|SubbandBand0TopQ610_ap_int_const_ap_int_const_ap_int_const_ap_int_const_ap_i_16_q1        |   in|   16|   ap_memory|  SubbandBand0TopQ610_ap_int_const_ap_int_const_ap_int_const_ap_int_const_ap_i_16|         array|
|SubbandBand0TopQ610_ap_int_const_ap_int_const_ap_int_const_ap_int_const_ap_i_16_we1       |  out|    1|   ap_memory|  SubbandBand0TopQ610_ap_int_const_ap_int_const_ap_int_const_ap_int_const_ap_i_16|         array|
|SubbandBand0TopQ610_ap_int_const_ap_int_const_ap_int_const_ap_int_const_ap_i_15_address0  |  out|    7|   ap_memory|  SubbandBand0TopQ610_ap_int_const_ap_int_const_ap_int_const_ap_int_const_ap_i_15|         array|
|SubbandBand0TopQ610_ap_int_const_ap_int_const_ap_int_const_ap_int_const_ap_i_15_ce0       |  out|    1|   ap_memory|  SubbandBand0TopQ610_ap_int_const_ap_int_const_ap_int_const_ap_int_const_ap_i_15|         array|
|SubbandBand0TopQ610_ap_int_const_ap_int_const_ap_int_const_ap_int_const_ap_i_15_d0        |  out|   16|   ap_memory|  SubbandBand0TopQ610_ap_int_const_ap_int_const_ap_int_const_ap_int_const_ap_i_15|         array|
|SubbandBand0TopQ610_ap_int_const_ap_int_const_ap_int_const_ap_int_const_ap_i_15_q0        |   in|   16|   ap_memory|  SubbandBand0TopQ610_ap_int_const_ap_int_const_ap_int_const_ap_int_const_ap_i_15|         array|
|SubbandBand0TopQ610_ap_int_const_ap_int_const_ap_int_const_ap_int_const_ap_i_15_we0       |  out|    1|   ap_memory|  SubbandBand0TopQ610_ap_int_const_ap_int_const_ap_int_const_ap_int_const_ap_i_15|         array|
|SubbandBand0TopQ610_ap_int_const_ap_int_const_ap_int_const_ap_int_const_ap_i_15_address1  |  out|    7|   ap_memory|  SubbandBand0TopQ610_ap_int_const_ap_int_const_ap_int_const_ap_int_const_ap_i_15|         array|
|SubbandBand0TopQ610_ap_int_const_ap_int_const_ap_int_const_ap_int_const_ap_i_15_ce1       |  out|    1|   ap_memory|  SubbandBand0TopQ610_ap_int_const_ap_int_const_ap_int_const_ap_int_const_ap_i_15|         array|
|SubbandBand0TopQ610_ap_int_const_ap_int_const_ap_int_const_ap_int_const_ap_i_15_d1        |  out|   16|   ap_memory|  SubbandBand0TopQ610_ap_int_const_ap_int_const_ap_int_const_ap_int_const_ap_i_15|         array|
|SubbandBand0TopQ610_ap_int_const_ap_int_const_ap_int_const_ap_int_const_ap_i_15_q1        |   in|   16|   ap_memory|  SubbandBand0TopQ610_ap_int_const_ap_int_const_ap_int_const_ap_int_const_ap_i_15|         array|
|SubbandBand0TopQ610_ap_int_const_ap_int_const_ap_int_const_ap_int_const_ap_i_15_we1       |  out|    1|   ap_memory|  SubbandBand0TopQ610_ap_int_const_ap_int_const_ap_int_const_ap_int_const_ap_i_15|         array|
|SubbandBand0TopQ610_ap_int_const_ap_int_const_ap_int_const_ap_int_const_ap_i_18_address0  |  out|    7|   ap_memory|  SubbandBand0TopQ610_ap_int_const_ap_int_const_ap_int_const_ap_int_const_ap_i_18|         array|
|SubbandBand0TopQ610_ap_int_const_ap_int_const_ap_int_const_ap_int_const_ap_i_18_ce0       |  out|    1|   ap_memory|  SubbandBand0TopQ610_ap_int_const_ap_int_const_ap_int_const_ap_int_const_ap_i_18|         array|
|SubbandBand0TopQ610_ap_int_const_ap_int_const_ap_int_const_ap_int_const_ap_i_18_d0        |  out|   16|   ap_memory|  SubbandBand0TopQ610_ap_int_const_ap_int_const_ap_int_const_ap_int_const_ap_i_18|         array|
|SubbandBand0TopQ610_ap_int_const_ap_int_const_ap_int_const_ap_int_const_ap_i_18_q0        |   in|   16|   ap_memory|  SubbandBand0TopQ610_ap_int_const_ap_int_const_ap_int_const_ap_int_const_ap_i_18|         array|
|SubbandBand0TopQ610_ap_int_const_ap_int_const_ap_int_const_ap_int_const_ap_i_18_we0       |  out|    1|   ap_memory|  SubbandBand0TopQ610_ap_int_const_ap_int_const_ap_int_const_ap_int_const_ap_i_18|         array|
|SubbandBand0TopQ610_ap_int_const_ap_int_const_ap_int_const_ap_int_const_ap_i_18_address1  |  out|    7|   ap_memory|  SubbandBand0TopQ610_ap_int_const_ap_int_const_ap_int_const_ap_int_const_ap_i_18|         array|
|SubbandBand0TopQ610_ap_int_const_ap_int_const_ap_int_const_ap_int_const_ap_i_18_ce1       |  out|    1|   ap_memory|  SubbandBand0TopQ610_ap_int_const_ap_int_const_ap_int_const_ap_int_const_ap_i_18|         array|
|SubbandBand0TopQ610_ap_int_const_ap_int_const_ap_int_const_ap_int_const_ap_i_18_d1        |  out|   16|   ap_memory|  SubbandBand0TopQ610_ap_int_const_ap_int_const_ap_int_const_ap_int_const_ap_i_18|         array|
|SubbandBand0TopQ610_ap_int_const_ap_int_const_ap_int_const_ap_int_const_ap_i_18_q1        |   in|   16|   ap_memory|  SubbandBand0TopQ610_ap_int_const_ap_int_const_ap_int_const_ap_int_const_ap_i_18|         array|
|SubbandBand0TopQ610_ap_int_const_ap_int_const_ap_int_const_ap_int_const_ap_i_18_we1       |  out|    1|   ap_memory|  SubbandBand0TopQ610_ap_int_const_ap_int_const_ap_int_const_ap_int_const_ap_i_18|         array|
|SubbandBand0TopQ610_ap_int_const_ap_int_const_ap_int_const_ap_int_const_ap_i_17_address0  |  out|    7|   ap_memory|  SubbandBand0TopQ610_ap_int_const_ap_int_const_ap_int_const_ap_int_const_ap_i_17|         array|
|SubbandBand0TopQ610_ap_int_const_ap_int_const_ap_int_const_ap_int_const_ap_i_17_ce0       |  out|    1|   ap_memory|  SubbandBand0TopQ610_ap_int_const_ap_int_const_ap_int_const_ap_int_const_ap_i_17|         array|
|SubbandBand0TopQ610_ap_int_const_ap_int_const_ap_int_const_ap_int_const_ap_i_17_d0        |  out|   16|   ap_memory|  SubbandBand0TopQ610_ap_int_const_ap_int_const_ap_int_const_ap_int_const_ap_i_17|         array|
|SubbandBand0TopQ610_ap_int_const_ap_int_const_ap_int_const_ap_int_const_ap_i_17_q0        |   in|   16|   ap_memory|  SubbandBand0TopQ610_ap_int_const_ap_int_const_ap_int_const_ap_int_const_ap_i_17|         array|
|SubbandBand0TopQ610_ap_int_const_ap_int_const_ap_int_const_ap_int_const_ap_i_17_we0       |  out|    1|   ap_memory|  SubbandBand0TopQ610_ap_int_const_ap_int_const_ap_int_const_ap_int_const_ap_i_17|         array|
|SubbandBand0TopQ610_ap_int_const_ap_int_const_ap_int_const_ap_int_const_ap_i_17_address1  |  out|    7|   ap_memory|  SubbandBand0TopQ610_ap_int_const_ap_int_const_ap_int_const_ap_int_const_ap_i_17|         array|
|SubbandBand0TopQ610_ap_int_const_ap_int_const_ap_int_const_ap_int_const_ap_i_17_ce1       |  out|    1|   ap_memory|  SubbandBand0TopQ610_ap_int_const_ap_int_const_ap_int_const_ap_int_const_ap_i_17|         array|
|SubbandBand0TopQ610_ap_int_const_ap_int_const_ap_int_const_ap_int_const_ap_i_17_d1        |  out|   16|   ap_memory|  SubbandBand0TopQ610_ap_int_const_ap_int_const_ap_int_const_ap_int_const_ap_i_17|         array|
|SubbandBand0TopQ610_ap_int_const_ap_int_const_ap_int_const_ap_int_const_ap_i_17_q1        |   in|   16|   ap_memory|  SubbandBand0TopQ610_ap_int_const_ap_int_const_ap_int_const_ap_int_const_ap_i_17|         array|
|SubbandBand0TopQ610_ap_int_const_ap_int_const_ap_int_const_ap_int_const_ap_i_17_we1       |  out|    1|   ap_memory|  SubbandBand0TopQ610_ap_int_const_ap_int_const_ap_int_const_ap_int_const_ap_i_17|         array|
|SubbandBand0TopQ610_ap_int_const_ap_int_const_ap_int_const_ap_int_const_ap_i_2_address0   |  out|   10|   ap_memory|   SubbandBand0TopQ610_ap_int_const_ap_int_const_ap_int_const_ap_int_const_ap_i_2|         array|
|SubbandBand0TopQ610_ap_int_const_ap_int_const_ap_int_const_ap_int_const_ap_i_2_ce0        |  out|    1|   ap_memory|   SubbandBand0TopQ610_ap_int_const_ap_int_const_ap_int_const_ap_int_const_ap_i_2|         array|
|SubbandBand0TopQ610_ap_int_const_ap_int_const_ap_int_const_ap_int_const_ap_i_2_d0         |  out|  512|   ap_memory|   SubbandBand0TopQ610_ap_int_const_ap_int_const_ap_int_const_ap_int_const_ap_i_2|         array|
|SubbandBand0TopQ610_ap_int_const_ap_int_const_ap_int_const_ap_int_const_ap_i_2_q0         |   in|  512|   ap_memory|   SubbandBand0TopQ610_ap_int_const_ap_int_const_ap_int_const_ap_int_const_ap_i_2|         array|
|SubbandBand0TopQ610_ap_int_const_ap_int_const_ap_int_const_ap_int_const_ap_i_2_we0        |  out|   64|   ap_memory|   SubbandBand0TopQ610_ap_int_const_ap_int_const_ap_int_const_ap_int_const_ap_i_2|         array|
|SubbandBand0TopQ610_ap_int_const_ap_int_const_ap_int_const_ap_int_const_ap_i_2_address1   |  out|   10|   ap_memory|   SubbandBand0TopQ610_ap_int_const_ap_int_const_ap_int_const_ap_int_const_ap_i_2|         array|
|SubbandBand0TopQ610_ap_int_const_ap_int_const_ap_int_const_ap_int_const_ap_i_2_ce1        |  out|    1|   ap_memory|   SubbandBand0TopQ610_ap_int_const_ap_int_const_ap_int_const_ap_int_const_ap_i_2|         array|
|SubbandBand0TopQ610_ap_int_const_ap_int_const_ap_int_const_ap_int_const_ap_i_2_d1         |  out|  512|   ap_memory|   SubbandBand0TopQ610_ap_int_const_ap_int_const_ap_int_const_ap_int_const_ap_i_2|         array|
|SubbandBand0TopQ610_ap_int_const_ap_int_const_ap_int_const_ap_int_const_ap_i_2_q1         |   in|  512|   ap_memory|   SubbandBand0TopQ610_ap_int_const_ap_int_const_ap_int_const_ap_int_const_ap_i_2|         array|
|SubbandBand0TopQ610_ap_int_const_ap_int_const_ap_int_const_ap_int_const_ap_i_2_we1        |  out|   64|   ap_memory|   SubbandBand0TopQ610_ap_int_const_ap_int_const_ap_int_const_ap_int_const_ap_i_2|         array|
|SubbandBand0TopQ610_ap_int_const_ap_int_const_ap_int_const_ap_int_const_ap_i_4_address0   |  out|   10|   ap_memory|   SubbandBand0TopQ610_ap_int_const_ap_int_const_ap_int_const_ap_int_const_ap_i_4|         array|
|SubbandBand0TopQ610_ap_int_const_ap_int_const_ap_int_const_ap_int_const_ap_i_4_ce0        |  out|    1|   ap_memory|   SubbandBand0TopQ610_ap_int_const_ap_int_const_ap_int_const_ap_int_const_ap_i_4|         array|
|SubbandBand0TopQ610_ap_int_const_ap_int_const_ap_int_const_ap_int_const_ap_i_4_d0         |  out|  512|   ap_memory|   SubbandBand0TopQ610_ap_int_const_ap_int_const_ap_int_const_ap_int_const_ap_i_4|         array|
|SubbandBand0TopQ610_ap_int_const_ap_int_const_ap_int_const_ap_int_const_ap_i_4_q0         |   in|  512|   ap_memory|   SubbandBand0TopQ610_ap_int_const_ap_int_const_ap_int_const_ap_int_const_ap_i_4|         array|
|SubbandBand0TopQ610_ap_int_const_ap_int_const_ap_int_const_ap_int_const_ap_i_4_we0        |  out|   64|   ap_memory|   SubbandBand0TopQ610_ap_int_const_ap_int_const_ap_int_const_ap_int_const_ap_i_4|         array|
|SubbandBand0TopQ610_ap_int_const_ap_int_const_ap_int_const_ap_int_const_ap_i_4_address1   |  out|   10|   ap_memory|   SubbandBand0TopQ610_ap_int_const_ap_int_const_ap_int_const_ap_int_const_ap_i_4|         array|
|SubbandBand0TopQ610_ap_int_const_ap_int_const_ap_int_const_ap_int_const_ap_i_4_ce1        |  out|    1|   ap_memory|   SubbandBand0TopQ610_ap_int_const_ap_int_const_ap_int_const_ap_int_const_ap_i_4|         array|
|SubbandBand0TopQ610_ap_int_const_ap_int_const_ap_int_const_ap_int_const_ap_i_4_d1         |  out|  512|   ap_memory|   SubbandBand0TopQ610_ap_int_const_ap_int_const_ap_int_const_ap_int_const_ap_i_4|         array|
|SubbandBand0TopQ610_ap_int_const_ap_int_const_ap_int_const_ap_int_const_ap_i_4_q1         |   in|  512|   ap_memory|   SubbandBand0TopQ610_ap_int_const_ap_int_const_ap_int_const_ap_int_const_ap_i_4|         array|
|SubbandBand0TopQ610_ap_int_const_ap_int_const_ap_int_const_ap_int_const_ap_i_4_we1        |  out|   64|   ap_memory|   SubbandBand0TopQ610_ap_int_const_ap_int_const_ap_int_const_ap_int_const_ap_i_4|         array|
|SubbandBand0TopQ610_ap_int_const_ap_int_const_ap_int_const_ap_int_const_ap_i_1_address0   |  out|   10|   ap_memory|   SubbandBand0TopQ610_ap_int_const_ap_int_const_ap_int_const_ap_int_const_ap_i_1|         array|
|SubbandBand0TopQ610_ap_int_const_ap_int_const_ap_int_const_ap_int_const_ap_i_1_ce0        |  out|    1|   ap_memory|   SubbandBand0TopQ610_ap_int_const_ap_int_const_ap_int_const_ap_int_const_ap_i_1|         array|
|SubbandBand0TopQ610_ap_int_const_ap_int_const_ap_int_const_ap_int_const_ap_i_1_d0         |  out|  512|   ap_memory|   SubbandBand0TopQ610_ap_int_const_ap_int_const_ap_int_const_ap_int_const_ap_i_1|         array|
|SubbandBand0TopQ610_ap_int_const_ap_int_const_ap_int_const_ap_int_const_ap_i_1_q0         |   in|  512|   ap_memory|   SubbandBand0TopQ610_ap_int_const_ap_int_const_ap_int_const_ap_int_const_ap_i_1|         array|
|SubbandBand0TopQ610_ap_int_const_ap_int_const_ap_int_const_ap_int_const_ap_i_1_we0        |  out|   64|   ap_memory|   SubbandBand0TopQ610_ap_int_const_ap_int_const_ap_int_const_ap_int_const_ap_i_1|         array|
|SubbandBand0TopQ610_ap_int_const_ap_int_const_ap_int_const_ap_int_const_ap_i_1_address1   |  out|   10|   ap_memory|   SubbandBand0TopQ610_ap_int_const_ap_int_const_ap_int_const_ap_int_const_ap_i_1|         array|
|SubbandBand0TopQ610_ap_int_const_ap_int_const_ap_int_const_ap_int_const_ap_i_1_ce1        |  out|    1|   ap_memory|   SubbandBand0TopQ610_ap_int_const_ap_int_const_ap_int_const_ap_int_const_ap_i_1|         array|
|SubbandBand0TopQ610_ap_int_const_ap_int_const_ap_int_const_ap_int_const_ap_i_1_d1         |  out|  512|   ap_memory|   SubbandBand0TopQ610_ap_int_const_ap_int_const_ap_int_const_ap_int_const_ap_i_1|         array|
|SubbandBand0TopQ610_ap_int_const_ap_int_const_ap_int_const_ap_int_const_ap_i_1_q1         |   in|  512|   ap_memory|   SubbandBand0TopQ610_ap_int_const_ap_int_const_ap_int_const_ap_int_const_ap_i_1|         array|
|SubbandBand0TopQ610_ap_int_const_ap_int_const_ap_int_const_ap_int_const_ap_i_1_we1        |  out|   64|   ap_memory|   SubbandBand0TopQ610_ap_int_const_ap_int_const_ap_int_const_ap_int_const_ap_i_1|         array|
|SubbandBand0TopQ610_ap_int_const_ap_int_const_ap_int_const_ap_int_const_ap_i_3_address0   |  out|   10|   ap_memory|   SubbandBand0TopQ610_ap_int_const_ap_int_const_ap_int_const_ap_int_const_ap_i_3|         array|
|SubbandBand0TopQ610_ap_int_const_ap_int_const_ap_int_const_ap_int_const_ap_i_3_ce0        |  out|    1|   ap_memory|   SubbandBand0TopQ610_ap_int_const_ap_int_const_ap_int_const_ap_int_const_ap_i_3|         array|
|SubbandBand0TopQ610_ap_int_const_ap_int_const_ap_int_const_ap_int_const_ap_i_3_d0         |  out|  512|   ap_memory|   SubbandBand0TopQ610_ap_int_const_ap_int_const_ap_int_const_ap_int_const_ap_i_3|         array|
|SubbandBand0TopQ610_ap_int_const_ap_int_const_ap_int_const_ap_int_const_ap_i_3_q0         |   in|  512|   ap_memory|   SubbandBand0TopQ610_ap_int_const_ap_int_const_ap_int_const_ap_int_const_ap_i_3|         array|
|SubbandBand0TopQ610_ap_int_const_ap_int_const_ap_int_const_ap_int_const_ap_i_3_we0        |  out|   64|   ap_memory|   SubbandBand0TopQ610_ap_int_const_ap_int_const_ap_int_const_ap_int_const_ap_i_3|         array|
|SubbandBand0TopQ610_ap_int_const_ap_int_const_ap_int_const_ap_int_const_ap_i_3_address1   |  out|   10|   ap_memory|   SubbandBand0TopQ610_ap_int_const_ap_int_const_ap_int_const_ap_int_const_ap_i_3|         array|
|SubbandBand0TopQ610_ap_int_const_ap_int_const_ap_int_const_ap_int_const_ap_i_3_ce1        |  out|    1|   ap_memory|   SubbandBand0TopQ610_ap_int_const_ap_int_const_ap_int_const_ap_int_const_ap_i_3|         array|
|SubbandBand0TopQ610_ap_int_const_ap_int_const_ap_int_const_ap_int_const_ap_i_3_d1         |  out|  512|   ap_memory|   SubbandBand0TopQ610_ap_int_const_ap_int_const_ap_int_const_ap_int_const_ap_i_3|         array|
|SubbandBand0TopQ610_ap_int_const_ap_int_const_ap_int_const_ap_int_const_ap_i_3_q1         |   in|  512|   ap_memory|   SubbandBand0TopQ610_ap_int_const_ap_int_const_ap_int_const_ap_int_const_ap_i_3|         array|
|SubbandBand0TopQ610_ap_int_const_ap_int_const_ap_int_const_ap_int_const_ap_i_3_we1        |  out|   64|   ap_memory|   SubbandBand0TopQ610_ap_int_const_ap_int_const_ap_int_const_ap_int_const_ap_i_3|         array|
|SubbandBand0TopQ610_ap_int_const_ap_int_const_ap_int_const_ap_int_const_ap_i_10_address0  |  out|    8|   ap_memory|  SubbandBand0TopQ610_ap_int_const_ap_int_const_ap_int_const_ap_int_const_ap_i_10|         array|
|SubbandBand0TopQ610_ap_int_const_ap_int_const_ap_int_const_ap_int_const_ap_i_10_ce0       |  out|    1|   ap_memory|  SubbandBand0TopQ610_ap_int_const_ap_int_const_ap_int_const_ap_int_const_ap_i_10|         array|
|SubbandBand0TopQ610_ap_int_const_ap_int_const_ap_int_const_ap_int_const_ap_i_10_d0        |  out|   16|   ap_memory|  SubbandBand0TopQ610_ap_int_const_ap_int_const_ap_int_const_ap_int_const_ap_i_10|         array|
|SubbandBand0TopQ610_ap_int_const_ap_int_const_ap_int_const_ap_int_const_ap_i_10_q0        |   in|   16|   ap_memory|  SubbandBand0TopQ610_ap_int_const_ap_int_const_ap_int_const_ap_int_const_ap_i_10|         array|
|SubbandBand0TopQ610_ap_int_const_ap_int_const_ap_int_const_ap_int_const_ap_i_10_we0       |  out|    1|   ap_memory|  SubbandBand0TopQ610_ap_int_const_ap_int_const_ap_int_const_ap_int_const_ap_i_10|         array|
|SubbandBand0TopQ610_ap_int_const_ap_int_const_ap_int_const_ap_int_const_ap_i_10_address1  |  out|    8|   ap_memory|  SubbandBand0TopQ610_ap_int_const_ap_int_const_ap_int_const_ap_int_const_ap_i_10|         array|
|SubbandBand0TopQ610_ap_int_const_ap_int_const_ap_int_const_ap_int_const_ap_i_10_ce1       |  out|    1|   ap_memory|  SubbandBand0TopQ610_ap_int_const_ap_int_const_ap_int_const_ap_int_const_ap_i_10|         array|
|SubbandBand0TopQ610_ap_int_const_ap_int_const_ap_int_const_ap_int_const_ap_i_10_d1        |  out|   16|   ap_memory|  SubbandBand0TopQ610_ap_int_const_ap_int_const_ap_int_const_ap_int_const_ap_i_10|         array|
|SubbandBand0TopQ610_ap_int_const_ap_int_const_ap_int_const_ap_int_const_ap_i_10_q1        |   in|   16|   ap_memory|  SubbandBand0TopQ610_ap_int_const_ap_int_const_ap_int_const_ap_int_const_ap_i_10|         array|
|SubbandBand0TopQ610_ap_int_const_ap_int_const_ap_int_const_ap_int_const_ap_i_10_we1       |  out|    1|   ap_memory|  SubbandBand0TopQ610_ap_int_const_ap_int_const_ap_int_const_ap_int_const_ap_i_10|         array|
|SubbandBand0TopQ610_ap_int_const_ap_int_const_ap_int_const_ap_int_const_ap_i_9_address0   |  out|    8|   ap_memory|   SubbandBand0TopQ610_ap_int_const_ap_int_const_ap_int_const_ap_int_const_ap_i_9|         array|
|SubbandBand0TopQ610_ap_int_const_ap_int_const_ap_int_const_ap_int_const_ap_i_9_ce0        |  out|    1|   ap_memory|   SubbandBand0TopQ610_ap_int_const_ap_int_const_ap_int_const_ap_int_const_ap_i_9|         array|
|SubbandBand0TopQ610_ap_int_const_ap_int_const_ap_int_const_ap_int_const_ap_i_9_d0         |  out|   16|   ap_memory|   SubbandBand0TopQ610_ap_int_const_ap_int_const_ap_int_const_ap_int_const_ap_i_9|         array|
|SubbandBand0TopQ610_ap_int_const_ap_int_const_ap_int_const_ap_int_const_ap_i_9_q0         |   in|   16|   ap_memory|   SubbandBand0TopQ610_ap_int_const_ap_int_const_ap_int_const_ap_int_const_ap_i_9|         array|
|SubbandBand0TopQ610_ap_int_const_ap_int_const_ap_int_const_ap_int_const_ap_i_9_we0        |  out|    1|   ap_memory|   SubbandBand0TopQ610_ap_int_const_ap_int_const_ap_int_const_ap_int_const_ap_i_9|         array|
|SubbandBand0TopQ610_ap_int_const_ap_int_const_ap_int_const_ap_int_const_ap_i_9_address1   |  out|    8|   ap_memory|   SubbandBand0TopQ610_ap_int_const_ap_int_const_ap_int_const_ap_int_const_ap_i_9|         array|
|SubbandBand0TopQ610_ap_int_const_ap_int_const_ap_int_const_ap_int_const_ap_i_9_ce1        |  out|    1|   ap_memory|   SubbandBand0TopQ610_ap_int_const_ap_int_const_ap_int_const_ap_int_const_ap_i_9|         array|
|SubbandBand0TopQ610_ap_int_const_ap_int_const_ap_int_const_ap_int_const_ap_i_9_d1         |  out|   16|   ap_memory|   SubbandBand0TopQ610_ap_int_const_ap_int_const_ap_int_const_ap_int_const_ap_i_9|         array|
|SubbandBand0TopQ610_ap_int_const_ap_int_const_ap_int_const_ap_int_const_ap_i_9_q1         |   in|   16|   ap_memory|   SubbandBand0TopQ610_ap_int_const_ap_int_const_ap_int_const_ap_int_const_ap_i_9|         array|
|SubbandBand0TopQ610_ap_int_const_ap_int_const_ap_int_const_ap_int_const_ap_i_9_we1        |  out|    1|   ap_memory|   SubbandBand0TopQ610_ap_int_const_ap_int_const_ap_int_const_ap_int_const_ap_i_9|         array|
|SubbandBand0TopQ610_ap_int_const_ap_int_const_ap_int_const_ap_int_const_ap_i_6_address0   |  out|    7|   ap_memory|   SubbandBand0TopQ610_ap_int_const_ap_int_const_ap_int_const_ap_int_const_ap_i_6|         array|
|SubbandBand0TopQ610_ap_int_const_ap_int_const_ap_int_const_ap_int_const_ap_i_6_ce0        |  out|    1|   ap_memory|   SubbandBand0TopQ610_ap_int_const_ap_int_const_ap_int_const_ap_int_const_ap_i_6|         array|
|SubbandBand0TopQ610_ap_int_const_ap_int_const_ap_int_const_ap_int_const_ap_i_6_d0         |  out|   16|   ap_memory|   SubbandBand0TopQ610_ap_int_const_ap_int_const_ap_int_const_ap_int_const_ap_i_6|         array|
|SubbandBand0TopQ610_ap_int_const_ap_int_const_ap_int_const_ap_int_const_ap_i_6_q0         |   in|   16|   ap_memory|   SubbandBand0TopQ610_ap_int_const_ap_int_const_ap_int_const_ap_int_const_ap_i_6|         array|
|SubbandBand0TopQ610_ap_int_const_ap_int_const_ap_int_const_ap_int_const_ap_i_6_we0        |  out|    1|   ap_memory|   SubbandBand0TopQ610_ap_int_const_ap_int_const_ap_int_const_ap_int_const_ap_i_6|         array|
|SubbandBand0TopQ610_ap_int_const_ap_int_const_ap_int_const_ap_int_const_ap_i_6_address1   |  out|    7|   ap_memory|   SubbandBand0TopQ610_ap_int_const_ap_int_const_ap_int_const_ap_int_const_ap_i_6|         array|
|SubbandBand0TopQ610_ap_int_const_ap_int_const_ap_int_const_ap_int_const_ap_i_6_ce1        |  out|    1|   ap_memory|   SubbandBand0TopQ610_ap_int_const_ap_int_const_ap_int_const_ap_int_const_ap_i_6|         array|
|SubbandBand0TopQ610_ap_int_const_ap_int_const_ap_int_const_ap_int_const_ap_i_6_d1         |  out|   16|   ap_memory|   SubbandBand0TopQ610_ap_int_const_ap_int_const_ap_int_const_ap_int_const_ap_i_6|         array|
|SubbandBand0TopQ610_ap_int_const_ap_int_const_ap_int_const_ap_int_const_ap_i_6_q1         |   in|   16|   ap_memory|   SubbandBand0TopQ610_ap_int_const_ap_int_const_ap_int_const_ap_int_const_ap_i_6|         array|
|SubbandBand0TopQ610_ap_int_const_ap_int_const_ap_int_const_ap_int_const_ap_i_6_we1        |  out|    1|   ap_memory|   SubbandBand0TopQ610_ap_int_const_ap_int_const_ap_int_const_ap_int_const_ap_i_6|         array|
|SubbandBand0TopQ610_ap_int_const_ap_int_const_ap_int_const_ap_int_const_ap_i_5_address0   |  out|    7|   ap_memory|   SubbandBand0TopQ610_ap_int_const_ap_int_const_ap_int_const_ap_int_const_ap_i_5|         array|
|SubbandBand0TopQ610_ap_int_const_ap_int_const_ap_int_const_ap_int_const_ap_i_5_ce0        |  out|    1|   ap_memory|   SubbandBand0TopQ610_ap_int_const_ap_int_const_ap_int_const_ap_int_const_ap_i_5|         array|
|SubbandBand0TopQ610_ap_int_const_ap_int_const_ap_int_const_ap_int_const_ap_i_5_d0         |  out|   16|   ap_memory|   SubbandBand0TopQ610_ap_int_const_ap_int_const_ap_int_const_ap_int_const_ap_i_5|         array|
|SubbandBand0TopQ610_ap_int_const_ap_int_const_ap_int_const_ap_int_const_ap_i_5_q0         |   in|   16|   ap_memory|   SubbandBand0TopQ610_ap_int_const_ap_int_const_ap_int_const_ap_int_const_ap_i_5|         array|
|SubbandBand0TopQ610_ap_int_const_ap_int_const_ap_int_const_ap_int_const_ap_i_5_we0        |  out|    1|   ap_memory|   SubbandBand0TopQ610_ap_int_const_ap_int_const_ap_int_const_ap_int_const_ap_i_5|         array|
|SubbandBand0TopQ610_ap_int_const_ap_int_const_ap_int_const_ap_int_const_ap_i_5_address1   |  out|    7|   ap_memory|   SubbandBand0TopQ610_ap_int_const_ap_int_const_ap_int_const_ap_int_const_ap_i_5|         array|
|SubbandBand0TopQ610_ap_int_const_ap_int_const_ap_int_const_ap_int_const_ap_i_5_ce1        |  out|    1|   ap_memory|   SubbandBand0TopQ610_ap_int_const_ap_int_const_ap_int_const_ap_int_const_ap_i_5|         array|
|SubbandBand0TopQ610_ap_int_const_ap_int_const_ap_int_const_ap_int_const_ap_i_5_d1         |  out|   16|   ap_memory|   SubbandBand0TopQ610_ap_int_const_ap_int_const_ap_int_const_ap_int_const_ap_i_5|         array|
|SubbandBand0TopQ610_ap_int_const_ap_int_const_ap_int_const_ap_int_const_ap_i_5_q1         |   in|   16|   ap_memory|   SubbandBand0TopQ610_ap_int_const_ap_int_const_ap_int_const_ap_int_const_ap_i_5|         array|
|SubbandBand0TopQ610_ap_int_const_ap_int_const_ap_int_const_ap_int_const_ap_i_5_we1        |  out|    1|   ap_memory|   SubbandBand0TopQ610_ap_int_const_ap_int_const_ap_int_const_ap_int_const_ap_i_5|         array|
|SubbandBand0TopQ610_ap_int_const_ap_int_const_ap_int_const_ap_int_const_ap_i_8_address0   |  out|    7|   ap_memory|   SubbandBand0TopQ610_ap_int_const_ap_int_const_ap_int_const_ap_int_const_ap_i_8|         array|
|SubbandBand0TopQ610_ap_int_const_ap_int_const_ap_int_const_ap_int_const_ap_i_8_ce0        |  out|    1|   ap_memory|   SubbandBand0TopQ610_ap_int_const_ap_int_const_ap_int_const_ap_int_const_ap_i_8|         array|
|SubbandBand0TopQ610_ap_int_const_ap_int_const_ap_int_const_ap_int_const_ap_i_8_d0         |  out|   16|   ap_memory|   SubbandBand0TopQ610_ap_int_const_ap_int_const_ap_int_const_ap_int_const_ap_i_8|         array|
|SubbandBand0TopQ610_ap_int_const_ap_int_const_ap_int_const_ap_int_const_ap_i_8_q0         |   in|   16|   ap_memory|   SubbandBand0TopQ610_ap_int_const_ap_int_const_ap_int_const_ap_int_const_ap_i_8|         array|
|SubbandBand0TopQ610_ap_int_const_ap_int_const_ap_int_const_ap_int_const_ap_i_8_we0        |  out|    1|   ap_memory|   SubbandBand0TopQ610_ap_int_const_ap_int_const_ap_int_const_ap_int_const_ap_i_8|         array|
|SubbandBand0TopQ610_ap_int_const_ap_int_const_ap_int_const_ap_int_const_ap_i_8_address1   |  out|    7|   ap_memory|   SubbandBand0TopQ610_ap_int_const_ap_int_const_ap_int_const_ap_int_const_ap_i_8|         array|
|SubbandBand0TopQ610_ap_int_const_ap_int_const_ap_int_const_ap_int_const_ap_i_8_ce1        |  out|    1|   ap_memory|   SubbandBand0TopQ610_ap_int_const_ap_int_const_ap_int_const_ap_int_const_ap_i_8|         array|
|SubbandBand0TopQ610_ap_int_const_ap_int_const_ap_int_const_ap_int_const_ap_i_8_d1         |  out|   16|   ap_memory|   SubbandBand0TopQ610_ap_int_const_ap_int_const_ap_int_const_ap_int_const_ap_i_8|         array|
|SubbandBand0TopQ610_ap_int_const_ap_int_const_ap_int_const_ap_int_const_ap_i_8_q1         |   in|   16|   ap_memory|   SubbandBand0TopQ610_ap_int_const_ap_int_const_ap_int_const_ap_int_const_ap_i_8|         array|
|SubbandBand0TopQ610_ap_int_const_ap_int_const_ap_int_const_ap_int_const_ap_i_8_we1        |  out|    1|   ap_memory|   SubbandBand0TopQ610_ap_int_const_ap_int_const_ap_int_const_ap_int_const_ap_i_8|         array|
|SubbandBand0TopQ610_ap_int_const_ap_int_const_ap_int_const_ap_int_const_ap_i_7_address0   |  out|    7|   ap_memory|   SubbandBand0TopQ610_ap_int_const_ap_int_const_ap_int_const_ap_int_const_ap_i_7|         array|
|SubbandBand0TopQ610_ap_int_const_ap_int_const_ap_int_const_ap_int_const_ap_i_7_ce0        |  out|    1|   ap_memory|   SubbandBand0TopQ610_ap_int_const_ap_int_const_ap_int_const_ap_int_const_ap_i_7|         array|
|SubbandBand0TopQ610_ap_int_const_ap_int_const_ap_int_const_ap_int_const_ap_i_7_d0         |  out|   16|   ap_memory|   SubbandBand0TopQ610_ap_int_const_ap_int_const_ap_int_const_ap_int_const_ap_i_7|         array|
|SubbandBand0TopQ610_ap_int_const_ap_int_const_ap_int_const_ap_int_const_ap_i_7_q0         |   in|   16|   ap_memory|   SubbandBand0TopQ610_ap_int_const_ap_int_const_ap_int_const_ap_int_const_ap_i_7|         array|
|SubbandBand0TopQ610_ap_int_const_ap_int_const_ap_int_const_ap_int_const_ap_i_7_we0        |  out|    1|   ap_memory|   SubbandBand0TopQ610_ap_int_const_ap_int_const_ap_int_const_ap_int_const_ap_i_7|         array|
|SubbandBand0TopQ610_ap_int_const_ap_int_const_ap_int_const_ap_int_const_ap_i_7_address1   |  out|    7|   ap_memory|   SubbandBand0TopQ610_ap_int_const_ap_int_const_ap_int_const_ap_int_const_ap_i_7|         array|
|SubbandBand0TopQ610_ap_int_const_ap_int_const_ap_int_const_ap_int_const_ap_i_7_ce1        |  out|    1|   ap_memory|   SubbandBand0TopQ610_ap_int_const_ap_int_const_ap_int_const_ap_int_const_ap_i_7|         array|
|SubbandBand0TopQ610_ap_int_const_ap_int_const_ap_int_const_ap_int_const_ap_i_7_d1         |  out|   16|   ap_memory|   SubbandBand0TopQ610_ap_int_const_ap_int_const_ap_int_const_ap_int_const_ap_i_7|         array|
|SubbandBand0TopQ610_ap_int_const_ap_int_const_ap_int_const_ap_int_const_ap_i_7_q1         |   in|   16|   ap_memory|   SubbandBand0TopQ610_ap_int_const_ap_int_const_ap_int_const_ap_int_const_ap_i_7|         array|
|SubbandBand0TopQ610_ap_int_const_ap_int_const_ap_int_const_ap_int_const_ap_i_7_we1        |  out|    1|   ap_memory|   SubbandBand0TopQ610_ap_int_const_ap_int_const_ap_int_const_ap_int_const_ap_i_7|         array|
|proj_bias_local_address0                                                                  |  out|    6|   ap_memory|                                                                  proj_bias_local|         array|
|proj_bias_local_ce0                                                                       |  out|    1|   ap_memory|                                                                  proj_bias_local|         array|
|proj_bias_local_d0                                                                        |  out|   16|   ap_memory|                                                                  proj_bias_local|         array|
|proj_bias_local_q0                                                                        |   in|   16|   ap_memory|                                                                  proj_bias_local|         array|
|proj_bias_local_we0                                                                       |  out|    1|   ap_memory|                                                                  proj_bias_local|         array|
|proj_bias_local_address1                                                                  |  out|    6|   ap_memory|                                                                  proj_bias_local|         array|
|proj_bias_local_ce1                                                                       |  out|    1|   ap_memory|                                                                  proj_bias_local|         array|
|proj_bias_local_d1                                                                        |  out|   16|   ap_memory|                                                                  proj_bias_local|         array|
|proj_bias_local_q1                                                                        |   in|   16|   ap_memory|                                                                  proj_bias_local|         array|
|proj_bias_local_we1                                                                       |  out|    1|   ap_memory|                                                                  proj_bias_local|         array|
|SubbandBand0TopQ610_ap_int_const_ap_int_const_ap_int_const_ap_int_const_ap_i_address0     |  out|   12|   ap_memory|     SubbandBand0TopQ610_ap_int_const_ap_int_const_ap_int_const_ap_int_const_ap_i|         array|
|SubbandBand0TopQ610_ap_int_const_ap_int_const_ap_int_const_ap_int_const_ap_i_ce0          |  out|    1|   ap_memory|     SubbandBand0TopQ610_ap_int_const_ap_int_const_ap_int_const_ap_int_const_ap_i|         array|
|SubbandBand0TopQ610_ap_int_const_ap_int_const_ap_int_const_ap_int_const_ap_i_d0           |  out|   64|   ap_memory|     SubbandBand0TopQ610_ap_int_const_ap_int_const_ap_int_const_ap_int_const_ap_i|         array|
|SubbandBand0TopQ610_ap_int_const_ap_int_const_ap_int_const_ap_int_const_ap_i_q0           |   in|   64|   ap_memory|     SubbandBand0TopQ610_ap_int_const_ap_int_const_ap_int_const_ap_int_const_ap_i|         array|
|SubbandBand0TopQ610_ap_int_const_ap_int_const_ap_int_const_ap_int_const_ap_i_we0          |  out|    8|   ap_memory|     SubbandBand0TopQ610_ap_int_const_ap_int_const_ap_int_const_ap_int_const_ap_i|         array|
|SubbandBand0TopQ610_ap_int_const_ap_int_const_ap_int_const_ap_int_const_ap_i_address1     |  out|   12|   ap_memory|     SubbandBand0TopQ610_ap_int_const_ap_int_const_ap_int_const_ap_int_const_ap_i|         array|
|SubbandBand0TopQ610_ap_int_const_ap_int_const_ap_int_const_ap_int_const_ap_i_ce1          |  out|    1|   ap_memory|     SubbandBand0TopQ610_ap_int_const_ap_int_const_ap_int_const_ap_int_const_ap_i|         array|
|SubbandBand0TopQ610_ap_int_const_ap_int_const_ap_int_const_ap_int_const_ap_i_d1           |  out|   64|   ap_memory|     SubbandBand0TopQ610_ap_int_const_ap_int_const_ap_int_const_ap_int_const_ap_i|         array|
|SubbandBand0TopQ610_ap_int_const_ap_int_const_ap_int_const_ap_int_const_ap_i_q1           |   in|   64|   ap_memory|     SubbandBand0TopQ610_ap_int_const_ap_int_const_ap_int_const_ap_int_const_ap_i|         array|
|SubbandBand0TopQ610_ap_int_const_ap_int_const_ap_int_const_ap_int_const_ap_i_we1          |  out|    8|   ap_memory|     SubbandBand0TopQ610_ap_int_const_ap_int_const_ap_int_const_ap_int_const_ap_i|         array|
|ap_clk                                                                                    |   in|    1|  ap_ctrl_hs|                               (anonymous namespace)RunBand0OptimizedDataflowQ610|  return value|
|ap_rst                                                                                    |   in|    1|  ap_ctrl_hs|                               (anonymous namespace)RunBand0OptimizedDataflowQ610|  return value|
|ap_start                                                                                  |   in|    1|  ap_ctrl_hs|                               (anonymous namespace)RunBand0OptimizedDataflowQ610|  return value|
|ap_done                                                                                   |  out|    1|  ap_ctrl_hs|                               (anonymous namespace)RunBand0OptimizedDataflowQ610|  return value|
|ap_ready                                                                                  |  out|    1|  ap_ctrl_hs|                               (anonymous namespace)RunBand0OptimizedDataflowQ610|  return value|
|ap_idle                                                                                   |  out|    1|  ap_ctrl_hs|                               (anonymous namespace)RunBand0OptimizedDataflowQ610|  return value|
|ap_continue                                                                               |   in|    1|  ap_ctrl_hs|                               (anonymous namespace)RunBand0OptimizedDataflowQ610|  return value|
+------------------------------------------------------------------------------------------+-----+-----+------------+---------------------------------------------------------------------------------+--------------+

============================================================
+ Verbose Summary: Synthesis Manager
============================================================
InlineROM: 1
ExposeGlobal: 0
============================================================
+ Verbose Summary: CDFG Model
============================================================
IsTopModel: 0
ResetActiveHigh: 1
IsCombinational: 2
IsDatapathOnly: 2
HasWiredReturn: 1
HasMFsm: 0
HasVarLatency: 1
IsPipeline: 0
IsRtlPipelined: 0
IsInstanceOverlapped: 0
IsDontTouch: 0
HasImplIP: 0
IsGatedGlobalClock: 0


============================================================
+ Verbose Summary: Schedule
============================================================
* Number of FSM states : 8
* Pipeline : 0
* Dataflow Pipeline: 1
  DF-Pipeline-0: Size = 8, States = { 1 2 3 4 5 6 7 8 }

* FSM state transitions: 
1 --> 2 
2 --> 3 
3 --> 4 
4 --> 5 
5 --> 6 
6 --> 7 
7 --> 8 
8 --> 

* FSM state operations: 

State 1 <SV = 0> <Delay = 0.00>
ST_1 : Operation 9 [1/1] (0.00ns)   --->   "%fb_output_q610_read = read i32 @_ssdm_op_Read.ap_auto.i32, i32 %fb_output_q610"   --->   Operation 9 'read' 'fb_output_q610_read' <Predicate = true> <Delay = 0.00>
ST_1 : Operation 10 [1/1] (0.00ns)   --->   "%noisy_input_q610_read = read i32 @_ssdm_op_Read.ap_auto.i32, i32 %noisy_input_q610"   --->   Operation 10 'read' 'noisy_input_q610_read' <Predicate = true> <Delay = 0.00>
ST_1 : Operation 11 [1/1] (0.00ns)   --->   "%df_coef_q610_c = alloca i32 1"   --->   Operation 11 'alloca' 'df_coef_q610_c' <Predicate = true> <Delay = 0.00> <CoreInst = "FIFO_SRL">   --->   Core 81 'FIFO_SRL' <Latency = 0> <II = 1> <Delay = 3.61> <Storage> <Opcode : 'read' 'write' 'nbread' 'nbwrite'> <Ports = 0> <Width = 32> <Depth = 5> <FIFO>
ST_1 : Operation 12 [1/1] (0.00ns)   --->   "%sequence_stream = alloca i32 1" [H:/subband_ref_q610_opt_stage4_latency_stepL2.cpp:2134]   --->   Operation 12 'alloca' 'sequence_stream' <Predicate = true> <Delay = 0.00> <CoreInst = "FIFO">   --->   Core 78 'FIFO' <Latency = 0> <II = 1> <Delay = 3.52> <Storage> <Opcode : 'read' 'write' 'nbread' 'nbwrite'> <Ports = 0> <Width = 16> <Depth = 128> <FIFO>
ST_1 : Operation 13 [1/1] (0.00ns)   --->   "%layer0_output_stream = alloca i32 1" [H:/subband_ref_q610_opt_stage4_latency_stepL2.cpp:2135]   --->   Operation 13 'alloca' 'layer0_output_stream' <Predicate = true> <Delay = 0.00> <CoreInst = "FIFO">   --->   Core 78 'FIFO' <Latency = 0> <II = 1> <Delay = 3.61> <Storage> <Opcode : 'read' 'write' 'nbread' 'nbwrite'> <Ports = 0> <Width = 16> <Depth = 512> <FIFO>
ST_1 : Operation 14 [1/1] (0.00ns)   --->   "%layer1_output_stream = alloca i32 1" [H:/subband_ref_q610_opt_stage4_latency_stepL2.cpp:2136]   --->   Operation 14 'alloca' 'layer1_output_stream' <Predicate = true> <Delay = 0.00> <CoreInst = "FIFO">   --->   Core 78 'FIFO' <Latency = 0> <II = 1> <Delay = 3.61> <Storage> <Opcode : 'read' 'write' 'nbread' 'nbwrite'> <Ports = 0> <Width = 16> <Depth = 512> <FIFO>
ST_1 : Operation 15 [2/2] (0.00ns)   --->   "%call_ln2142 = call void @(anonymous namespace)GenerateBand0SequenceStreamOptimizedQ610, i16 %gmem_in, i32 %noisy_input_q610_read, i32 %fb_output_q610_read, i16 %sequence_stream" [H:/subband_ref_q610_opt_stage4_latency_stepL2.cpp:2142]   --->   Operation 15 'call' 'call_ln2142' <Predicate = true> <Delay = 0.00> <CoreType = "Generic">   --->   Core 0 '' <Latency = 0> <II = 1> <Delay = 1.00> <Generic> <Opcode : >

State 2 <SV = 1> <Delay = 0.00>
ST_2 : Operation 16 [1/2] (0.00ns)   --->   "%call_ln2142 = call void @(anonymous namespace)GenerateBand0SequenceStreamOptimizedQ610, i16 %gmem_in, i32 %noisy_input_q610_read, i32 %fb_output_q610_read, i16 %sequence_stream" [H:/subband_ref_q610_opt_stage4_latency_stepL2.cpp:2142]   --->   Operation 16 'call' 'call_ln2142' <Predicate = true> <Delay = 0.00> <CoreType = "Generic">   --->   Core 0 '' <Latency = 0> <II = 1> <Delay = 1.00> <Generic> <Opcode : >

State 3 <SV = 2> <Delay = 0.00>
ST_3 : Operation 17 [2/2] (0.00ns)   --->   "%call_ln2143 = call void @(anonymous namespace)RunGSULayer0StreamParallelQ610, i16 %sequence_stream, i16 %layer0_output_stream, i11 %p_anonymous_namespace_RunBand0OptimizedCoreQ610_ap_int_const_ap_int_const_ap_in_5, i11 %p_anonymous_namespace_RunBand0OptimizedCoreQ610_ap_int_const_ap_int_const_ap_in_4, i16 %p_anonymous_namespace_RunBand0OptimizedCoreQ610_ap_int_const_ap_int_const_ap_in_7, i16 %p_anonymous_namespace_RunBand0OptimizedCoreQ610_ap_int_const_ap_int_const_ap_in_6, i64 %SubbandBand0TopQ610_ap_int_const_ap_int_const_ap_int_const_ap_int_const_ap_i_12, i512 %SubbandBand0TopQ610_ap_int_const_ap_int_const_ap_int_const_ap_int_const_ap_i_14, i64 %SubbandBand0TopQ610_ap_int_const_ap_int_const_ap_int_const_ap_int_const_ap_i_11, i512 %SubbandBand0TopQ610_ap_int_const_ap_int_const_ap_int_const_ap_int_const_ap_i_13, i14 %subband_q610_anonymous_namespace_kSigmoidPwlKnotsQ610, i11 %subband_q610_anonymous_namespace_kSigmoidPwlValuesQ610, i16 %SubbandBand0TopQ610_ap_int_const_ap_int_const_ap_int_const_ap_int_const_ap_i_20, i16 %SubbandBand0TopQ610_ap_int_const_ap_int_const_ap_int_const_ap_int_const_ap_i_19, i16 %SubbandBand0TopQ610_ap_int_const_ap_int_const_ap_int_const_ap_int_const_ap_i_16, i16 %SubbandBand0TopQ610_ap_int_const_ap_int_const_ap_int_const_ap_int_const_ap_i_15, i16 %SubbandBand0TopQ610_ap_int_const_ap_int_const_ap_int_const_ap_int_const_ap_i_18, i16 %SubbandBand0TopQ610_ap_int_const_ap_int_const_ap_int_const_ap_int_const_ap_i_17" [H:/subband_ref_q610_opt_stage4_latency_stepL2.cpp:2143]   --->   Operation 17 'call' 'call_ln2143' <Predicate = true> <Delay = 0.00> <CoreType = "Generic">   --->   Core 0 '' <Latency = 0> <II = 1> <Delay = 1.00> <Generic> <Opcode : >

State 4 <SV = 3> <Delay = 0.00>
ST_4 : Operation 18 [1/2] (0.00ns)   --->   "%call_ln2143 = call void @(anonymous namespace)RunGSULayer0StreamParallelQ610, i16 %sequence_stream, i16 %layer0_output_stream, i11 %p_anonymous_namespace_RunBand0OptimizedCoreQ610_ap_int_const_ap_int_const_ap_in_5, i11 %p_anonymous_namespace_RunBand0OptimizedCoreQ610_ap_int_const_ap_int_const_ap_in_4, i16 %p_anonymous_namespace_RunBand0OptimizedCoreQ610_ap_int_const_ap_int_const_ap_in_7, i16 %p_anonymous_namespace_RunBand0OptimizedCoreQ610_ap_int_const_ap_int_const_ap_in_6, i64 %SubbandBand0TopQ610_ap_int_const_ap_int_const_ap_int_const_ap_int_const_ap_i_12, i512 %SubbandBand0TopQ610_ap_int_const_ap_int_const_ap_int_const_ap_int_const_ap_i_14, i64 %SubbandBand0TopQ610_ap_int_const_ap_int_const_ap_int_const_ap_int_const_ap_i_11, i512 %SubbandBand0TopQ610_ap_int_const_ap_int_const_ap_int_const_ap_int_const_ap_i_13, i14 %subband_q610_anonymous_namespace_kSigmoidPwlKnotsQ610, i11 %subband_q610_anonymous_namespace_kSigmoidPwlValuesQ610, i16 %SubbandBand0TopQ610_ap_int_const_ap_int_const_ap_int_const_ap_int_const_ap_i_20, i16 %SubbandBand0TopQ610_ap_int_const_ap_int_const_ap_int_const_ap_int_const_ap_i_19, i16 %SubbandBand0TopQ610_ap_int_const_ap_int_const_ap_int_const_ap_int_const_ap_i_16, i16 %SubbandBand0TopQ610_ap_int_const_ap_int_const_ap_int_const_ap_int_const_ap_i_15, i16 %SubbandBand0TopQ610_ap_int_const_ap_int_const_ap_int_const_ap_int_const_ap_i_18, i16 %SubbandBand0TopQ610_ap_int_const_ap_int_const_ap_int_const_ap_int_const_ap_i_17" [H:/subband_ref_q610_opt_stage4_latency_stepL2.cpp:2143]   --->   Operation 18 'call' 'call_ln2143' <Predicate = true> <Delay = 0.00> <CoreType = "Generic">   --->   Core 0 '' <Latency = 0> <II = 1> <Delay = 1.00> <Generic> <Opcode : >

State 5 <SV = 4> <Delay = 0.00>
ST_5 : Operation 19 [2/2] (0.00ns)   --->   "%call_ln2153 = call void @(anonymous namespace)RunGSULayer1StreamParallelQ610, i16 %layer0_output_stream, i16 %layer1_output_stream, i11 %p_anonymous_namespace_RunBand0OptimizedCoreQ610_ap_int_const_ap_int_const_ap_in_1, i11 %p_anonymous_namespace_RunBand0OptimizedCoreQ610_ap_int_const_ap_int_const_ap_in, i16 %p_anonymous_namespace_RunBand0OptimizedCoreQ610_ap_int_const_ap_int_const_ap_in_3, i16 %p_anonymous_namespace_RunBand0OptimizedCoreQ610_ap_int_const_ap_int_const_ap_in_2, i512 %SubbandBand0TopQ610_ap_int_const_ap_int_const_ap_int_const_ap_int_const_ap_i_2, i512 %SubbandBand0TopQ610_ap_int_const_ap_int_const_ap_int_const_ap_int_const_ap_i_4, i512 %SubbandBand0TopQ610_ap_int_const_ap_int_const_ap_int_const_ap_int_const_ap_i_1, i512 %SubbandBand0TopQ610_ap_int_const_ap_int_const_ap_int_const_ap_int_const_ap_i_3, i14 %subband_q610_anonymous_namespace_kSigmoidPwlKnotsQ610, i11 %subband_q610_anonymous_namespace_kSigmoidPwlValuesQ610, i16 %SubbandBand0TopQ610_ap_int_const_ap_int_const_ap_int_const_ap_int_const_ap_i_10, i16 %SubbandBand0TopQ610_ap_int_const_ap_int_const_ap_int_const_ap_int_const_ap_i_9, i16 %SubbandBand0TopQ610_ap_int_const_ap_int_const_ap_int_const_ap_int_const_ap_i_6, i16 %SubbandBand0TopQ610_ap_int_const_ap_int_const_ap_int_const_ap_int_const_ap_i_5, i16 %SubbandBand0TopQ610_ap_int_const_ap_int_const_ap_int_const_ap_int_const_ap_i_8, i16 %SubbandBand0TopQ610_ap_int_const_ap_int_const_ap_int_const_ap_int_const_ap_i_7" [H:/subband_ref_q610_opt_stage4_latency_stepL2.cpp:2153]   --->   Operation 19 'call' 'call_ln2153' <Predicate = true> <Delay = 0.00> <CoreType = "Generic">   --->   Core 0 '' <Latency = 0> <II = 1> <Delay = 1.00> <Generic> <Opcode : >

State 6 <SV = 5> <Delay = 3.61>
ST_6 : Operation 20 [1/1] (0.00ns)   --->   "%df_coef_q610_read = read i32 @_ssdm_op_Read.ap_auto.i32, i32 %df_coef_q610"   --->   Operation 20 'read' 'df_coef_q610_read' <Predicate = true> <Delay = 0.00>
ST_6 : Operation 21 [1/1] (3.61ns)   --->   "%call_ln0 = call void @entry_proc, i32 %df_coef_q610_read, i32 %df_coef_q610_c"   --->   Operation 21 'call' 'call_ln0' <Predicate = true> <Delay = 3.61> <CoreType = "Generic">   --->   Core 0 '' <Latency = 0> <II = 1> <Delay = 1.00> <Generic> <Opcode : >
ST_6 : Operation 22 [1/2] (0.00ns)   --->   "%call_ln2153 = call void @(anonymous namespace)RunGSULayer1StreamParallelQ610, i16 %layer0_output_stream, i16 %layer1_output_stream, i11 %p_anonymous_namespace_RunBand0OptimizedCoreQ610_ap_int_const_ap_int_const_ap_in_1, i11 %p_anonymous_namespace_RunBand0OptimizedCoreQ610_ap_int_const_ap_int_const_ap_in, i16 %p_anonymous_namespace_RunBand0OptimizedCoreQ610_ap_int_const_ap_int_const_ap_in_3, i16 %p_anonymous_namespace_RunBand0OptimizedCoreQ610_ap_int_const_ap_int_const_ap_in_2, i512 %SubbandBand0TopQ610_ap_int_const_ap_int_const_ap_int_const_ap_int_const_ap_i_2, i512 %SubbandBand0TopQ610_ap_int_const_ap_int_const_ap_int_const_ap_int_const_ap_i_4, i512 %SubbandBand0TopQ610_ap_int_const_ap_int_const_ap_int_const_ap_int_const_ap_i_1, i512 %SubbandBand0TopQ610_ap_int_const_ap_int_const_ap_int_const_ap_int_const_ap_i_3, i14 %subband_q610_anonymous_namespace_kSigmoidPwlKnotsQ610, i11 %subband_q610_anonymous_namespace_kSigmoidPwlValuesQ610, i16 %SubbandBand0TopQ610_ap_int_const_ap_int_const_ap_int_const_ap_int_const_ap_i_10, i16 %SubbandBand0TopQ610_ap_int_const_ap_int_const_ap_int_const_ap_int_const_ap_i_9, i16 %SubbandBand0TopQ610_ap_int_const_ap_int_const_ap_int_const_ap_int_const_ap_i_6, i16 %SubbandBand0TopQ610_ap_int_const_ap_int_const_ap_int_const_ap_int_const_ap_i_5, i16 %SubbandBand0TopQ610_ap_int_const_ap_int_const_ap_int_const_ap_int_const_ap_i_8, i16 %SubbandBand0TopQ610_ap_int_const_ap_int_const_ap_int_const_ap_int_const_ap_i_7" [H:/subband_ref_q610_opt_stage4_latency_stepL2.cpp:2153]   --->   Operation 22 'call' 'call_ln2153' <Predicate = true> <Delay = 0.00> <CoreType = "Generic">   --->   Core 0 '' <Latency = 0> <II = 1> <Delay = 1.00> <Generic> <Opcode : >

State 7 <SV = 6> <Delay = 0.00>
ST_7 : Operation 23 [2/2] (0.00ns)   --->   "%call_ln2163 = call void @(anonymous namespace)RunProjectionStoreBand0StreamParallelQ610, i16 %layer1_output_stream, i16 %gmem_out, i32 %df_coef_q610_c, i16 %proj_bias_local, i64 %SubbandBand0TopQ610_ap_int_const_ap_int_const_ap_int_const_ap_int_const_ap_i" [H:/subband_ref_q610_opt_stage4_latency_stepL2.cpp:2163]   --->   Operation 23 'call' 'call_ln2163' <Predicate = true> <Delay = 0.00> <CoreType = "Generic">   --->   Core 0 '' <Latency = 0> <II = 1> <Delay = 1.00> <Generic> <Opcode : >

State 8 <SV = 7> <Delay = 0.00>
ST_8 : Operation 24 [1/1] (0.00ns)   --->   "%specbramwithbyteenable_ln0 = specbramwithbyteenable void @_ssdm_op_SpecBRAMWithByteEnable, i64 %SubbandBand0TopQ610_ap_int_const_ap_int_const_ap_int_const_ap_int_const_ap_i"   --->   Operation 24 'specbramwithbyteenable' 'specbramwithbyteenable_ln0' <Predicate = true> <Delay = 0.00>
ST_8 : Operation 25 [1/1] (0.00ns)   --->   "%specbramwithbyteenable_ln0 = specbramwithbyteenable void @_ssdm_op_SpecBRAMWithByteEnable, i64 %SubbandBand0TopQ610_ap_int_const_ap_int_const_ap_int_const_ap_int_const_ap_i_12"   --->   Operation 25 'specbramwithbyteenable' 'specbramwithbyteenable_ln0' <Predicate = true> <Delay = 0.00>
ST_8 : Operation 26 [1/1] (0.00ns)   --->   "%specbramwithbyteenable_ln0 = specbramwithbyteenable void @_ssdm_op_SpecBRAMWithByteEnable, i64 %SubbandBand0TopQ610_ap_int_const_ap_int_const_ap_int_const_ap_int_const_ap_i_11"   --->   Operation 26 'specbramwithbyteenable' 'specbramwithbyteenable_ln0' <Predicate = true> <Delay = 0.00>
ST_8 : Operation 27 [1/1] (0.00ns)   --->   "%specbramwithbyteenable_ln0 = specbramwithbyteenable void @_ssdm_op_SpecBRAMWithByteEnable, i512 %SubbandBand0TopQ610_ap_int_const_ap_int_const_ap_int_const_ap_int_const_ap_i_2"   --->   Operation 27 'specbramwithbyteenable' 'specbramwithbyteenable_ln0' <Predicate = true> <Delay = 0.00>
ST_8 : Operation 28 [1/1] (0.00ns)   --->   "%specbramwithbyteenable_ln0 = specbramwithbyteenable void @_ssdm_op_SpecBRAMWithByteEnable, i512 %SubbandBand0TopQ610_ap_int_const_ap_int_const_ap_int_const_ap_int_const_ap_i_4"   --->   Operation 28 'specbramwithbyteenable' 'specbramwithbyteenable_ln0' <Predicate = true> <Delay = 0.00>
ST_8 : Operation 29 [1/1] (0.00ns)   --->   "%specbramwithbyteenable_ln0 = specbramwithbyteenable void @_ssdm_op_SpecBRAMWithByteEnable, i512 %SubbandBand0TopQ610_ap_int_const_ap_int_const_ap_int_const_ap_int_const_ap_i_14"   --->   Operation 29 'specbramwithbyteenable' 'specbramwithbyteenable_ln0' <Predicate = true> <Delay = 0.00>
ST_8 : Operation 30 [1/1] (0.00ns)   --->   "%specbramwithbyteenable_ln0 = specbramwithbyteenable void @_ssdm_op_SpecBRAMWithByteEnable, i512 %SubbandBand0TopQ610_ap_int_const_ap_int_const_ap_int_const_ap_int_const_ap_i_1"   --->   Operation 30 'specbramwithbyteenable' 'specbramwithbyteenable_ln0' <Predicate = true> <Delay = 0.00>
ST_8 : Operation 31 [1/1] (0.00ns)   --->   "%specbramwithbyteenable_ln0 = specbramwithbyteenable void @_ssdm_op_SpecBRAMWithByteEnable, i512 %SubbandBand0TopQ610_ap_int_const_ap_int_const_ap_int_const_ap_int_const_ap_i_3"   --->   Operation 31 'specbramwithbyteenable' 'specbramwithbyteenable_ln0' <Predicate = true> <Delay = 0.00>
ST_8 : Operation 32 [1/1] (0.00ns)   --->   "%specbramwithbyteenable_ln0 = specbramwithbyteenable void @_ssdm_op_SpecBRAMWithByteEnable, i512 %SubbandBand0TopQ610_ap_int_const_ap_int_const_ap_int_const_ap_int_const_ap_i_13"   --->   Operation 32 'specbramwithbyteenable' 'specbramwithbyteenable_ln0' <Predicate = true> <Delay = 0.00>
ST_8 : Operation 33 [1/1] (0.00ns)   --->   "%empty = specchannel i32 @_ssdm_op_SpecChannel, void @df_coef_q610_c_str, i32 1, void @p_str, void @p_str, i32 5, i32 0, i32 %df_coef_q610_c, i32 %df_coef_q610_c"   --->   Operation 33 'specchannel' 'empty' <Predicate = true> <Delay = 0.00>
ST_8 : Operation 34 [1/1] (0.00ns)   --->   "%specinterface_ln0 = specinterface void @_ssdm_op_SpecInterface, i32 %df_coef_q610_c, void @ap_fifo_str, i32 0, i32 0, void @p_str, i32 0, i32 0, void @p_str, void @p_str, void @p_str, i32 2, i32 2, i32 16, i32 16, void @p_str, void @p_str, i32 4294967295, i32 0"   --->   Operation 34 'specinterface' 'specinterface_ln0' <Predicate = true> <Delay = 0.00>
ST_8 : Operation 35 [1/1] (0.00ns)   --->   "%specdataflowpipeline_ln0 = specdataflowpipeline void @_ssdm_op_SpecDataflowPipeline, i32 4294967295, i32 0, void @empty_25"   --->   Operation 35 'specdataflowpipeline' 'specdataflowpipeline_ln0' <Predicate = true> <Delay = 0.00>
ST_8 : Operation 36 [1/1] (0.00ns)   --->   "%specinterface_ln0 = specinterface void @_ssdm_op_SpecInterface, i16 %gmem_in, void @empty_173, i32 0, i32 0, void @empty_25, i32 0, i32 618240, void @empty_175, void @empty_176, void @empty_25, i32 1, i32 1, i32 16, i32 16, void @empty_25, void @empty_25, i32 4294967295, i32 0"   --->   Operation 36 'specinterface' 'specinterface_ln0' <Predicate = true> <Delay = 0.00>
ST_8 : Operation 37 [1/1] (0.00ns)   --->   "%specinterface_ln0 = specinterface void @_ssdm_op_SpecInterface, i16 %gmem_out, void @empty_173, i32 0, i32 0, void @empty_25, i32 0, i32 772800, void @empty_178, void @empty_176, void @empty_25, i32 1, i32 1, i32 16, i32 16, void @empty_25, void @empty_25, i32 4294967295, i32 0"   --->   Operation 37 'specinterface' 'specinterface_ln0' <Predicate = true> <Delay = 0.00>
ST_8 : Operation 38 [1/1] (0.00ns)   --->   "%empty_1046 = specchannel i32 @_ssdm_op_SpecChannel, void @sequence_stream_str, i32 1, void @p_str, void @p_str, i32 128, i32 128, i16 %sequence_stream, i16 %sequence_stream"   --->   Operation 38 'specchannel' 'empty_1046' <Predicate = true> <Delay = 0.00>
ST_8 : Operation 39 [1/1] (0.00ns)   --->   "%specinterface_ln0 = specinterface void @_ssdm_op_SpecInterface, i16 %sequence_stream, void @empty_199, i32 0, i32 0, void @empty_25, i32 0, i32 0, void @empty_25, void @empty_25, void @empty_25, i32 0, i32 0, i32 0, i32 0, void @empty_25, void @empty_25, i32 4294967295, i32 0"   --->   Operation 39 'specinterface' 'specinterface_ln0' <Predicate = true> <Delay = 0.00>
ST_8 : Operation 40 [1/1] (0.00ns)   --->   "%empty_1047 = specchannel i32 @_ssdm_op_SpecChannel, void @layer0_output_stream_str, i32 1, void @p_str, void @p_str, i32 512, i32 512, i16 %layer0_output_stream, i16 %layer0_output_stream"   --->   Operation 40 'specchannel' 'empty_1047' <Predicate = true> <Delay = 0.00>
ST_8 : Operation 41 [1/1] (0.00ns)   --->   "%specinterface_ln0 = specinterface void @_ssdm_op_SpecInterface, i16 %layer0_output_stream, void @empty_199, i32 0, i32 0, void @empty_25, i32 0, i32 0, void @empty_25, void @empty_25, void @empty_25, i32 0, i32 0, i32 0, i32 0, void @empty_25, void @empty_25, i32 4294967295, i32 0"   --->   Operation 41 'specinterface' 'specinterface_ln0' <Predicate = true> <Delay = 0.00>
ST_8 : Operation 42 [1/1] (0.00ns)   --->   "%empty_1048 = specchannel i32 @_ssdm_op_SpecChannel, void @layer1_output_stream_str, i32 1, void @p_str, void @p_str, i32 512, i32 512, i16 %layer1_output_stream, i16 %layer1_output_stream"   --->   Operation 42 'specchannel' 'empty_1048' <Predicate = true> <Delay = 0.00>
ST_8 : Operation 43 [1/1] (0.00ns)   --->   "%specinterface_ln0 = specinterface void @_ssdm_op_SpecInterface, i16 %layer1_output_stream, void @empty_199, i32 0, i32 0, void @empty_25, i32 0, i32 0, void @empty_25, void @empty_25, void @empty_25, i32 0, i32 0, i32 0, i32 0, void @empty_25, void @empty_25, i32 4294967295, i32 0"   --->   Operation 43 'specinterface' 'specinterface_ln0' <Predicate = true> <Delay = 0.00>
ST_8 : Operation 44 [1/1] (0.00ns)   --->   "%specstablecontent_ln2122 = specstablecontent void @_ssdm_op_SpecStableContent, i64 %SubbandBand0TopQ610_ap_int_const_ap_int_const_ap_int_const_ap_int_const_ap_i_11, void " [H:/subband_ref_q610_opt_stage4_latency_stepL2.cpp:2122]   --->   Operation 44 'specstablecontent' 'specstablecontent_ln2122' <Predicate = true> <Delay = 0.00>
ST_8 : Operation 45 [1/1] (0.00ns)   --->   "%specstablecontent_ln2122 = specstablecontent void @_ssdm_op_SpecStableContent, i64 %SubbandBand0TopQ610_ap_int_const_ap_int_const_ap_int_const_ap_int_const_ap_i_12, void " [H:/subband_ref_q610_opt_stage4_latency_stepL2.cpp:2122]   --->   Operation 45 'specstablecontent' 'specstablecontent_ln2122' <Predicate = true> <Delay = 0.00>
ST_8 : Operation 46 [1/1] (0.00ns)   --->   "%specstablecontent_ln2123 = specstablecontent void @_ssdm_op_SpecStableContent, i512 %SubbandBand0TopQ610_ap_int_const_ap_int_const_ap_int_const_ap_int_const_ap_i_13, void " [H:/subband_ref_q610_opt_stage4_latency_stepL2.cpp:2123]   --->   Operation 46 'specstablecontent' 'specstablecontent_ln2123' <Predicate = true> <Delay = 0.00>
ST_8 : Operation 47 [1/1] (0.00ns)   --->   "%specstablecontent_ln2123 = specstablecontent void @_ssdm_op_SpecStableContent, i512 %SubbandBand0TopQ610_ap_int_const_ap_int_const_ap_int_const_ap_int_const_ap_i_14, void " [H:/subband_ref_q610_opt_stage4_latency_stepL2.cpp:2123]   --->   Operation 47 'specstablecontent' 'specstablecontent_ln2123' <Predicate = true> <Delay = 0.00>
ST_8 : Operation 48 [1/1] (0.00ns)   --->   "%specstablecontent_ln2124 = specstablecontent void @_ssdm_op_SpecStableContent, i16 %SubbandBand0TopQ610_ap_int_const_ap_int_const_ap_int_const_ap_int_const_ap_i_19, void " [H:/subband_ref_q610_opt_stage4_latency_stepL2.cpp:2124]   --->   Operation 48 'specstablecontent' 'specstablecontent_ln2124' <Predicate = true> <Delay = 0.00>
ST_8 : Operation 49 [1/1] (0.00ns)   --->   "%specstablecontent_ln2124 = specstablecontent void @_ssdm_op_SpecStableContent, i16 %SubbandBand0TopQ610_ap_int_const_ap_int_const_ap_int_const_ap_int_const_ap_i_20, void " [H:/subband_ref_q610_opt_stage4_latency_stepL2.cpp:2124]   --->   Operation 49 'specstablecontent' 'specstablecontent_ln2124' <Predicate = true> <Delay = 0.00>
ST_8 : Operation 50 [1/1] (0.00ns)   --->   "%specstablecontent_ln2125 = specstablecontent void @_ssdm_op_SpecStableContent, i16 %SubbandBand0TopQ610_ap_int_const_ap_int_const_ap_int_const_ap_int_const_ap_i_15, void " [H:/subband_ref_q610_opt_stage4_latency_stepL2.cpp:2125]   --->   Operation 50 'specstablecontent' 'specstablecontent_ln2125' <Predicate = true> <Delay = 0.00>
ST_8 : Operation 51 [1/1] (0.00ns)   --->   "%specstablecontent_ln2125 = specstablecontent void @_ssdm_op_SpecStableContent, i16 %SubbandBand0TopQ610_ap_int_const_ap_int_const_ap_int_const_ap_int_const_ap_i_16, void " [H:/subband_ref_q610_opt_stage4_latency_stepL2.cpp:2125]   --->   Operation 51 'specstablecontent' 'specstablecontent_ln2125' <Predicate = true> <Delay = 0.00>
ST_8 : Operation 52 [1/1] (0.00ns)   --->   "%specstablecontent_ln2126 = specstablecontent void @_ssdm_op_SpecStableContent, i16 %SubbandBand0TopQ610_ap_int_const_ap_int_const_ap_int_const_ap_int_const_ap_i_17, void " [H:/subband_ref_q610_opt_stage4_latency_stepL2.cpp:2126]   --->   Operation 52 'specstablecontent' 'specstablecontent_ln2126' <Predicate = true> <Delay = 0.00>
ST_8 : Operation 53 [1/1] (0.00ns)   --->   "%specstablecontent_ln2126 = specstablecontent void @_ssdm_op_SpecStableContent, i16 %SubbandBand0TopQ610_ap_int_const_ap_int_const_ap_int_const_ap_int_const_ap_i_18, void " [H:/subband_ref_q610_opt_stage4_latency_stepL2.cpp:2126]   --->   Operation 53 'specstablecontent' 'specstablecontent_ln2126' <Predicate = true> <Delay = 0.00>
ST_8 : Operation 54 [1/1] (0.00ns)   --->   "%specstablecontent_ln2127 = specstablecontent void @_ssdm_op_SpecStableContent, i512 %SubbandBand0TopQ610_ap_int_const_ap_int_const_ap_int_const_ap_int_const_ap_i_1, void " [H:/subband_ref_q610_opt_stage4_latency_stepL2.cpp:2127]   --->   Operation 54 'specstablecontent' 'specstablecontent_ln2127' <Predicate = true> <Delay = 0.00>
ST_8 : Operation 55 [1/1] (0.00ns)   --->   "%specstablecontent_ln2127 = specstablecontent void @_ssdm_op_SpecStableContent, i512 %SubbandBand0TopQ610_ap_int_const_ap_int_const_ap_int_const_ap_int_const_ap_i_2, void " [H:/subband_ref_q610_opt_stage4_latency_stepL2.cpp:2127]   --->   Operation 55 'specstablecontent' 'specstablecontent_ln2127' <Predicate = true> <Delay = 0.00>
ST_8 : Operation 56 [1/1] (0.00ns)   --->   "%specstablecontent_ln2128 = specstablecontent void @_ssdm_op_SpecStableContent, i512 %SubbandBand0TopQ610_ap_int_const_ap_int_const_ap_int_const_ap_int_const_ap_i_3, void " [H:/subband_ref_q610_opt_stage4_latency_stepL2.cpp:2128]   --->   Operation 56 'specstablecontent' 'specstablecontent_ln2128' <Predicate = true> <Delay = 0.00>
ST_8 : Operation 57 [1/1] (0.00ns)   --->   "%specstablecontent_ln2128 = specstablecontent void @_ssdm_op_SpecStableContent, i512 %SubbandBand0TopQ610_ap_int_const_ap_int_const_ap_int_const_ap_int_const_ap_i_4, void " [H:/subband_ref_q610_opt_stage4_latency_stepL2.cpp:2128]   --->   Operation 57 'specstablecontent' 'specstablecontent_ln2128' <Predicate = true> <Delay = 0.00>
ST_8 : Operation 58 [1/1] (0.00ns)   --->   "%specstablecontent_ln2129 = specstablecontent void @_ssdm_op_SpecStableContent, i16 %SubbandBand0TopQ610_ap_int_const_ap_int_const_ap_int_const_ap_int_const_ap_i_9, void " [H:/subband_ref_q610_opt_stage4_latency_stepL2.cpp:2129]   --->   Operation 58 'specstablecontent' 'specstablecontent_ln2129' <Predicate = true> <Delay = 0.00>
ST_8 : Operation 59 [1/1] (0.00ns)   --->   "%specstablecontent_ln2129 = specstablecontent void @_ssdm_op_SpecStableContent, i16 %SubbandBand0TopQ610_ap_int_const_ap_int_const_ap_int_const_ap_int_const_ap_i_10, void " [H:/subband_ref_q610_opt_stage4_latency_stepL2.cpp:2129]   --->   Operation 59 'specstablecontent' 'specstablecontent_ln2129' <Predicate = true> <Delay = 0.00>
ST_8 : Operation 60 [1/1] (0.00ns)   --->   "%specstablecontent_ln2130 = specstablecontent void @_ssdm_op_SpecStableContent, i16 %SubbandBand0TopQ610_ap_int_const_ap_int_const_ap_int_const_ap_int_const_ap_i_5, void " [H:/subband_ref_q610_opt_stage4_latency_stepL2.cpp:2130]   --->   Operation 60 'specstablecontent' 'specstablecontent_ln2130' <Predicate = true> <Delay = 0.00>
ST_8 : Operation 61 [1/1] (0.00ns)   --->   "%specstablecontent_ln2130 = specstablecontent void @_ssdm_op_SpecStableContent, i16 %SubbandBand0TopQ610_ap_int_const_ap_int_const_ap_int_const_ap_int_const_ap_i_6, void " [H:/subband_ref_q610_opt_stage4_latency_stepL2.cpp:2130]   --->   Operation 61 'specstablecontent' 'specstablecontent_ln2130' <Predicate = true> <Delay = 0.00>
ST_8 : Operation 62 [1/1] (0.00ns)   --->   "%specstablecontent_ln2131 = specstablecontent void @_ssdm_op_SpecStableContent, i16 %SubbandBand0TopQ610_ap_int_const_ap_int_const_ap_int_const_ap_int_const_ap_i_7, void " [H:/subband_ref_q610_opt_stage4_latency_stepL2.cpp:2131]   --->   Operation 62 'specstablecontent' 'specstablecontent_ln2131' <Predicate = true> <Delay = 0.00>
ST_8 : Operation 63 [1/1] (0.00ns)   --->   "%specstablecontent_ln2131 = specstablecontent void @_ssdm_op_SpecStableContent, i16 %SubbandBand0TopQ610_ap_int_const_ap_int_const_ap_int_const_ap_int_const_ap_i_8, void " [H:/subband_ref_q610_opt_stage4_latency_stepL2.cpp:2131]   --->   Operation 63 'specstablecontent' 'specstablecontent_ln2131' <Predicate = true> <Delay = 0.00>
ST_8 : Operation 64 [1/1] (0.00ns)   --->   "%specstablecontent_ln2132 = specstablecontent void @_ssdm_op_SpecStableContent, i64 %SubbandBand0TopQ610_ap_int_const_ap_int_const_ap_int_const_ap_int_const_ap_i, void " [H:/subband_ref_q610_opt_stage4_latency_stepL2.cpp:2132]   --->   Operation 64 'specstablecontent' 'specstablecontent_ln2132' <Predicate = true> <Delay = 0.00>
ST_8 : Operation 65 [1/1] (0.00ns)   --->   "%specstablecontent_ln2133 = specstablecontent void @_ssdm_op_SpecStableContent, i16 %proj_bias_local, void " [H:/subband_ref_q610_opt_stage4_latency_stepL2.cpp:2133]   --->   Operation 65 'specstablecontent' 'specstablecontent_ln2133' <Predicate = true> <Delay = 0.00>
ST_8 : Operation 66 [1/2] (0.00ns)   --->   "%call_ln2163 = call void @(anonymous namespace)RunProjectionStoreBand0StreamParallelQ610, i16 %layer1_output_stream, i16 %gmem_out, i32 %df_coef_q610_c, i16 %proj_bias_local, i64 %SubbandBand0TopQ610_ap_int_const_ap_int_const_ap_int_const_ap_int_const_ap_i" [H:/subband_ref_q610_opt_stage4_latency_stepL2.cpp:2163]   --->   Operation 66 'call' 'call_ln2163' <Predicate = true> <Delay = 0.00> <CoreType = "Generic">   --->   Core 0 '' <Latency = 0> <II = 1> <Delay = 1.00> <Generic> <Opcode : >
ST_8 : Operation 67 [1/1] (0.00ns)   --->   "%ret_ln2168 = ret" [H:/subband_ref_q610_opt_stage4_latency_stepL2.cpp:2168]   --->   Operation 67 'ret' 'ret_ln2168' <Predicate = true> <Delay = 0.00>


============================================================
+ Verbose Summary: Binding
============================================================
STG Binding: 
---------------- STG Properties BEGIN ----------------
- Is combinational: 0
- Is one-state seq: 0
- Is datapath-only: 0
- Is pipelined: 0
- Is top level: 0
Port [ Return ] is wired: 1; IO mode=ap_ctrl_hs:ce=0
Port [ gmem_in]:  wired=1; compound=1; hidden=0; nouse=0; global=0; static=0; extern=0; dir=0; type=4; pingpong=0; private_global=0; IO mode=m_axi:ce=0
Port [ noisy_input_q610]:  wired=1; compound=0; hidden=0; nouse=0; global=0; static=0; extern=0; dir=0; type=0; pingpong=0; private_global=0; IO mode=ap_none:ce=0
Port [ fb_output_q610]:  wired=1; compound=0; hidden=0; nouse=0; global=0; static=0; extern=0; dir=0; type=0; pingpong=0; private_global=0; IO mode=ap_none:ce=0
Port [ gmem_out]:  wired=1; compound=1; hidden=0; nouse=0; global=0; static=0; extern=0; dir=1; type=4; pingpong=0; private_global=0; IO mode=m_axi:ce=0
Port [ df_coef_q610]:  wired=1; compound=0; hidden=0; nouse=0; global=0; static=0; extern=0; dir=0; type=0; pingpong=0; private_global=0; IO mode=ap_none:ce=0
Port [ p_anonymous_namespace_RunBand0OptimizedCoreQ610_ap_int_const_ap_int_const_ap_in_5]:  wired=0; compound=1; hidden=1; nouse=1; global=1; static=1; extern=0; dir=2; type=1; pingpong=0; private_global=0; MemPort=[23]; IO mode=ap_memory:ce=0
Port [ p_anonymous_namespace_RunBand0OptimizedCoreQ610_ap_int_const_ap_int_const_ap_in_4]:  wired=0; compound=1; hidden=1; nouse=1; global=1; static=1; extern=0; dir=2; type=1; pingpong=0; private_global=0; MemPort=[23]; IO mode=ap_memory:ce=0
Port [ p_anonymous_namespace_RunBand0OptimizedCoreQ610_ap_int_const_ap_int_const_ap_in_7]:  wired=0; compound=1; hidden=1; nouse=1; global=1; static=1; extern=0; dir=2; type=1; pingpong=0; private_global=0; MemPort=[23]; IO mode=ap_memory:ce=0
Port [ p_anonymous_namespace_RunBand0OptimizedCoreQ610_ap_int_const_ap_int_const_ap_in_6]:  wired=0; compound=1; hidden=1; nouse=1; global=1; static=1; extern=0; dir=2; type=1; pingpong=0; private_global=0; MemPort=[23]; IO mode=ap_memory:ce=0
Port [ SubbandBand0TopQ610_ap_int_const_ap_int_const_ap_int_const_ap_int_const_ap_i_12]:  wired=1; compound=1; hidden=0; nouse=0; global=1; static=1; extern=0; dir=0; type=1; pingpong=0; private_global=0; MemPort=[13]; IO mode=ap_memory:ce=0
Port [ SubbandBand0TopQ610_ap_int_const_ap_int_const_ap_int_const_ap_int_const_ap_i_14]:  wired=1; compound=1; hidden=0; nouse=0; global=1; static=1; extern=0; dir=0; type=1; pingpong=0; private_global=0; MemPort=[13]; IO mode=ap_memory:ce=0
Port [ SubbandBand0TopQ610_ap_int_const_ap_int_const_ap_int_const_ap_int_const_ap_i_11]:  wired=1; compound=1; hidden=0; nouse=0; global=1; static=1; extern=0; dir=0; type=1; pingpong=0; private_global=0; MemPort=[13]; IO mode=ap_memory:ce=0
Port [ SubbandBand0TopQ610_ap_int_const_ap_int_const_ap_int_const_ap_int_const_ap_i_13]:  wired=1; compound=1; hidden=0; nouse=0; global=1; static=1; extern=0; dir=0; type=1; pingpong=0; private_global=0; MemPort=[13]; IO mode=ap_memory:ce=0
Port [ subband_q610_anonymous_namespace_kSigmoidPwlKnotsQ610]:  wired=0; compound=1; hidden=1; nouse=1; global=1; static=1; extern=0; dir=0; type=1; pingpong=0; private_global=1; MemPort=[11]; IO mode=ap_memory:ce=0
Port [ subband_q610_anonymous_namespace_kSigmoidPwlValuesQ610]:  wired=0; compound=1; hidden=1; nouse=1; global=1; static=1; extern=0; dir=0; type=1; pingpong=0; private_global=1; MemPort=[1111]; IO mode=ap_memory:ce=0
Port [ SubbandBand0TopQ610_ap_int_const_ap_int_const_ap_int_const_ap_int_const_ap_i_20]:  wired=1; compound=1; hidden=0; nouse=0; global=1; static=1; extern=0; dir=0; type=1; pingpong=0; private_global=0; MemPort=[11]; IO mode=ap_memory:ce=0
Port [ SubbandBand0TopQ610_ap_int_const_ap_int_const_ap_int_const_ap_int_const_ap_i_19]:  wired=1; compound=1; hidden=0; nouse=0; global=1; static=1; extern=0; dir=0; type=1; pingpong=0; private_global=0; MemPort=[11]; IO mode=ap_memory:ce=0
Port [ SubbandBand0TopQ610_ap_int_const_ap_int_const_ap_int_const_ap_int_const_ap_i_16]:  wired=1; compound=1; hidden=0; nouse=0; global=1; static=1; extern=0; dir=0; type=1; pingpong=0; private_global=0; MemPort=[13]; IO mode=ap_memory:ce=0
Port [ SubbandBand0TopQ610_ap_int_const_ap_int_const_ap_int_const_ap_int_const_ap_i_15]:  wired=1; compound=1; hidden=0; nouse=0; global=1; static=1; extern=0; dir=0; type=1; pingpong=0; private_global=0; MemPort=[13]; IO mode=ap_memory:ce=0
Port [ SubbandBand0TopQ610_ap_int_const_ap_int_const_ap_int_const_ap_int_const_ap_i_18]:  wired=1; compound=1; hidden=0; nouse=0; global=1; static=1; extern=0; dir=0; type=1; pingpong=0; private_global=0; MemPort=[13]; IO mode=ap_memory:ce=0
Port [ SubbandBand0TopQ610_ap_int_const_ap_int_const_ap_int_const_ap_int_const_ap_i_17]:  wired=1; compound=1; hidden=0; nouse=0; global=1; static=1; extern=0; dir=0; type=1; pingpong=0; private_global=0; MemPort=[13]; IO mode=ap_memory:ce=0
Port [ p_anonymous_namespace_RunBand0OptimizedCoreQ610_ap_int_const_ap_int_const_ap_in_1]:  wired=0; compound=1; hidden=1; nouse=1; global=1; static=1; extern=0; dir=2; type=1; pingpong=0; private_global=0; MemPort=[23]; IO mode=ap_memory:ce=0
Port [ p_anonymous_namespace_RunBand0OptimizedCoreQ610_ap_int_const_ap_int_const_ap_in]:  wired=0; compound=1; hidden=1; nouse=1; global=1; static=1; extern=0; dir=2; type=1; pingpong=0; private_global=0; MemPort=[23]; IO mode=ap_memory:ce=0
Port [ p_anonymous_namespace_RunBand0OptimizedCoreQ610_ap_int_const_ap_int_const_ap_in_3]:  wired=0; compound=1; hidden=1; nouse=1; global=1; static=1; extern=0; dir=2; type=1; pingpong=0; private_global=0; MemPort=[23]; IO mode=ap_memory:ce=0
Port [ p_anonymous_namespace_RunBand0OptimizedCoreQ610_ap_int_const_ap_int_const_ap_in_2]:  wired=0; compound=1; hidden=1; nouse=1; global=1; static=1; extern=0; dir=2; type=1; pingpong=0; private_global=0; MemPort=[23]; IO mode=ap_memory:ce=0
Port [ SubbandBand0TopQ610_ap_int_const_ap_int_const_ap_int_const_ap_int_const_ap_i_2]:  wired=1; compound=1; hidden=0; nouse=0; global=1; static=1; extern=0; dir=0; type=1; pingpong=0; private_global=0; MemPort=[13]; IO mode=ap_memory:ce=0
Port [ SubbandBand0TopQ610_ap_int_const_ap_int_const_ap_int_const_ap_int_const_ap_i_4]:  wired=1; compound=1; hidden=0; nouse=0; global=1; static=1; extern=0; dir=0; type=1; pingpong=0; private_global=0; MemPort=[13]; IO mode=ap_memory:ce=0
Port [ SubbandBand0TopQ610_ap_int_const_ap_int_const_ap_int_const_ap_int_const_ap_i_1]:  wired=1; compound=1; hidden=0; nouse=0; global=1; static=1; extern=0; dir=0; type=1; pingpong=0; private_global=0; MemPort=[13]; IO mode=ap_memory:ce=0
Port [ SubbandBand0TopQ610_ap_int_const_ap_int_const_ap_int_const_ap_int_const_ap_i_3]:  wired=1; compound=1; hidden=0; nouse=0; global=1; static=1; extern=0; dir=0; type=1; pingpong=0; private_global=0; MemPort=[13]; IO mode=ap_memory:ce=0
Port [ SubbandBand0TopQ610_ap_int_const_ap_int_const_ap_int_const_ap_int_const_ap_i_10]:  wired=1; compound=1; hidden=0; nouse=0; global=1; static=1; extern=0; dir=0; type=1; pingpong=0; private_global=0; MemPort=[11]; IO mode=ap_memory:ce=0
Port [ SubbandBand0TopQ610_ap_int_const_ap_int_const_ap_int_const_ap_int_const_ap_i_9]:  wired=1; compound=1; hidden=0; nouse=0; global=1; static=1; extern=0; dir=0; type=1; pingpong=0; private_global=0; MemPort=[11]; IO mode=ap_memory:ce=0
Port [ SubbandBand0TopQ610_ap_int_const_ap_int_const_ap_int_const_ap_int_const_ap_i_6]:  wired=1; compound=1; hidden=0; nouse=0; global=1; static=1; extern=0; dir=0; type=1; pingpong=0; private_global=0; MemPort=[13]; IO mode=ap_memory:ce=0
Port [ SubbandBand0TopQ610_ap_int_const_ap_int_const_ap_int_const_ap_int_const_ap_i_5]:  wired=1; compound=1; hidden=0; nouse=0; global=1; static=1; extern=0; dir=0; type=1; pingpong=0; private_global=0; MemPort=[13]; IO mode=ap_memory:ce=0
Port [ SubbandBand0TopQ610_ap_int_const_ap_int_const_ap_int_const_ap_int_const_ap_i_8]:  wired=1; compound=1; hidden=0; nouse=0; global=1; static=1; extern=0; dir=0; type=1; pingpong=0; private_global=0; MemPort=[13]; IO mode=ap_memory:ce=0
Port [ SubbandBand0TopQ610_ap_int_const_ap_int_const_ap_int_const_ap_int_const_ap_i_7]:  wired=1; compound=1; hidden=0; nouse=0; global=1; static=1; extern=0; dir=0; type=1; pingpong=0; private_global=0; MemPort=[13]; IO mode=ap_memory:ce=0
Port [ proj_bias_local]:  wired=1; compound=1; hidden=0; nouse=0; global=1; static=1; extern=0; dir=0; type=1; pingpong=0; private_global=0; MemPort=[13]; IO mode=ap_memory:ce=0
Port [ SubbandBand0TopQ610_ap_int_const_ap_int_const_ap_int_const_ap_int_const_ap_i]:  wired=1; compound=1; hidden=0; nouse=0; global=1; static=1; extern=0; dir=0; type=1; pingpong=0; private_global=0; MemPort=[13]; IO mode=ap_memory:ce=0
---------------- STG Properties END ------------------

---------------- Datapath Model BEGIN ----------------

<LifeTime>
<method=bitvector/>
fb_output_q610_read        (read                  ) [ 001000000]
noisy_input_q610_read      (read                  ) [ 001000000]
df_coef_q610_c             (alloca                ) [ 001111111]
sequence_stream            (alloca                ) [ 011111111]
layer0_output_stream       (alloca                ) [ 001111111]
layer1_output_stream       (alloca                ) [ 001111111]
call_ln2142                (call                  ) [ 000000000]
call_ln2143                (call                  ) [ 000000000]
df_coef_q610_read          (read                  ) [ 000000000]
call_ln0                   (call                  ) [ 000000000]
call_ln2153                (call                  ) [ 000000000]
specbramwithbyteenable_ln0 (specbramwithbyteenable) [ 000000000]
specbramwithbyteenable_ln0 (specbramwithbyteenable) [ 000000000]
specbramwithbyteenable_ln0 (specbramwithbyteenable) [ 000000000]
specbramwithbyteenable_ln0 (specbramwithbyteenable) [ 000000000]
specbramwithbyteenable_ln0 (specbramwithbyteenable) [ 000000000]
specbramwithbyteenable_ln0 (specbramwithbyteenable) [ 000000000]
specbramwithbyteenable_ln0 (specbramwithbyteenable) [ 000000000]
specbramwithbyteenable_ln0 (specbramwithbyteenable) [ 000000000]
specbramwithbyteenable_ln0 (specbramwithbyteenable) [ 000000000]
empty                      (specchannel           ) [ 000000000]
specinterface_ln0          (specinterface         ) [ 000000000]
specdataflowpipeline_ln0   (specdataflowpipeline  ) [ 000000000]
specinterface_ln0          (specinterface         ) [ 000000000]
specinterface_ln0          (specinterface         ) [ 000000000]
empty_1046                 (specchannel           ) [ 000000000]
specinterface_ln0          (specinterface         ) [ 000000000]
empty_1047                 (specchannel           ) [ 000000000]
specinterface_ln0          (specinterface         ) [ 000000000]
empty_1048                 (specchannel           ) [ 000000000]
specinterface_ln0          (specinterface         ) [ 000000000]
specstablecontent_ln2122   (specstablecontent     ) [ 000000000]
specstablecontent_ln2122   (specstablecontent     ) [ 000000000]
specstablecontent_ln2123   (specstablecontent     ) [ 000000000]
specstablecontent_ln2123   (specstablecontent     ) [ 000000000]
specstablecontent_ln2124   (specstablecontent     ) [ 000000000]
specstablecontent_ln2124   (specstablecontent     ) [ 000000000]
specstablecontent_ln2125   (specstablecontent     ) [ 000000000]
specstablecontent_ln2125   (specstablecontent     ) [ 000000000]
specstablecontent_ln2126   (specstablecontent     ) [ 000000000]
specstablecontent_ln2126   (specstablecontent     ) [ 000000000]
specstablecontent_ln2127   (specstablecontent     ) [ 000000000]
specstablecontent_ln2127   (specstablecontent     ) [ 000000000]
specstablecontent_ln2128   (specstablecontent     ) [ 000000000]
specstablecontent_ln2128   (specstablecontent     ) [ 000000000]
specstablecontent_ln2129   (specstablecontent     ) [ 000000000]
specstablecontent_ln2129   (specstablecontent     ) [ 000000000]
specstablecontent_ln2130   (specstablecontent     ) [ 000000000]
specstablecontent_ln2130   (specstablecontent     ) [ 000000000]
specstablecontent_ln2131   (specstablecontent     ) [ 000000000]
specstablecontent_ln2131   (specstablecontent     ) [ 000000000]
specstablecontent_ln2132   (specstablecontent     ) [ 000000000]
specstablecontent_ln2133   (specstablecontent     ) [ 000000000]
call_ln2163                (call                  ) [ 000000000]
ret_ln2168                 (ret                   ) [ 000000000]
</LifeTime>

<model>

<comp_list>
<comp id="0" class="1000" name="gmem_in">
<pin_list>
<pin id="1" dir="1" index="0" bw="1" slack="0"/>
</pin_list>
<bind>
<StgValue><ssdm name="gmem_in"/></StgValue>
</bind>
</comp>

<comp id="2" class="1000" name="noisy_input_q610">
<pin_list>
<pin id="3" dir="1" index="0" bw="1" slack="0"/>
</pin_list>
<bind>
<StgValue><ssdm name="noisy_input_q610"/></StgValue>
</bind>
</comp>

<comp id="4" class="1000" name="fb_output_q610">
<pin_list>
<pin id="5" dir="1" index="0" bw="1" slack="0"/>
</pin_list>
<bind>
<StgValue><ssdm name="fb_output_q610"/></StgValue>
</bind>
</comp>

<comp id="6" class="1000" name="gmem_out">
<pin_list>
<pin id="7" dir="1" index="0" bw="1" slack="0"/>
</pin_list>
<bind>
<StgValue><ssdm name="gmem_out"/></StgValue>
</bind>
</comp>

<comp id="8" class="1000" name="df_coef_q610">
<pin_list>
<pin id="9" dir="1" index="0" bw="1" slack="0"/>
</pin_list>
<bind>
<StgValue><ssdm name="df_coef_q610"/></StgValue>
</bind>
</comp>

<comp id="10" class="1000" name="p_anonymous_namespace_RunBand0OptimizedCoreQ610_ap_int_const_ap_int_const_ap_in_5">
<pin_list>
<pin id="11" dir="1" index="0" bw="1" slack="0"/>
</pin_list>
<bind>
<StgValue><ssdm name="p_anonymous_namespace_RunBand0OptimizedCoreQ610_ap_int_const_ap_int_const_ap_in_5"/><MemPortTyVec>2 3 </MemPortTyVec>
</StgValue>
</bind>
</comp>

<comp id="12" class="1000" name="p_anonymous_namespace_RunBand0OptimizedCoreQ610_ap_int_const_ap_int_const_ap_in_4">
<pin_list>
<pin id="13" dir="1" index="0" bw="1" slack="0"/>
</pin_list>
<bind>
<StgValue><ssdm name="p_anonymous_namespace_RunBand0OptimizedCoreQ610_ap_int_const_ap_int_const_ap_in_4"/><MemPortTyVec>2 3 </MemPortTyVec>
</StgValue>
</bind>
</comp>

<comp id="14" class="1000" name="p_anonymous_namespace_RunBand0OptimizedCoreQ610_ap_int_const_ap_int_const_ap_in_7">
<pin_list>
<pin id="15" dir="1" index="0" bw="1" slack="0"/>
</pin_list>
<bind>
<StgValue><ssdm name="p_anonymous_namespace_RunBand0OptimizedCoreQ610_ap_int_const_ap_int_const_ap_in_7"/><MemPortTyVec>2 3 </MemPortTyVec>
</StgValue>
</bind>
</comp>

<comp id="16" class="1000" name="p_anonymous_namespace_RunBand0OptimizedCoreQ610_ap_int_const_ap_int_const_ap_in_6">
<pin_list>
<pin id="17" dir="1" index="0" bw="1" slack="0"/>
</pin_list>
<bind>
<StgValue><ssdm name="p_anonymous_namespace_RunBand0OptimizedCoreQ610_ap_int_const_ap_int_const_ap_in_6"/><MemPortTyVec>2 3 </MemPortTyVec>
</StgValue>
</bind>
</comp>

<comp id="18" class="1000" name="SubbandBand0TopQ610_ap_int_const_ap_int_const_ap_int_const_ap_int_const_ap_i_12">
<pin_list>
<pin id="19" dir="1" index="0" bw="1" slack="0"/>
</pin_list>
<bind>
<StgValue><ssdm name="SubbandBand0TopQ610_ap_int_const_ap_int_const_ap_int_const_ap_int_const_ap_i_12"/><MemPortTyVec>1 3 </MemPortTyVec>
</StgValue>
</bind>
</comp>

<comp id="20" class="1000" name="SubbandBand0TopQ610_ap_int_const_ap_int_const_ap_int_const_ap_int_const_ap_i_14">
<pin_list>
<pin id="21" dir="1" index="0" bw="1" slack="0"/>
</pin_list>
<bind>
<StgValue><ssdm name="SubbandBand0TopQ610_ap_int_const_ap_int_const_ap_int_const_ap_int_const_ap_i_14"/><MemPortTyVec>1 3 </MemPortTyVec>
</StgValue>
</bind>
</comp>

<comp id="22" class="1000" name="SubbandBand0TopQ610_ap_int_const_ap_int_const_ap_int_const_ap_int_const_ap_i_11">
<pin_list>
<pin id="23" dir="1" index="0" bw="1" slack="0"/>
</pin_list>
<bind>
<StgValue><ssdm name="SubbandBand0TopQ610_ap_int_const_ap_int_const_ap_int_const_ap_int_const_ap_i_11"/><MemPortTyVec>1 3 </MemPortTyVec>
</StgValue>
</bind>
</comp>

<comp id="24" class="1000" name="SubbandBand0TopQ610_ap_int_const_ap_int_const_ap_int_const_ap_int_const_ap_i_13">
<pin_list>
<pin id="25" dir="1" index="0" bw="1" slack="0"/>
</pin_list>
<bind>
<StgValue><ssdm name="SubbandBand0TopQ610_ap_int_const_ap_int_const_ap_int_const_ap_int_const_ap_i_13"/><MemPortTyVec>1 3 </MemPortTyVec>
</StgValue>
</bind>
</comp>

<comp id="26" class="1000" name="subband_q610_anonymous_namespace_kSigmoidPwlKnotsQ610">
<pin_list>
<pin id="27" dir="1" index="0" bw="1" slack="0"/>
</pin_list>
<bind>
<StgValue><ssdm name="subband_q610_anonymous_namespace_kSigmoidPwlKnotsQ610"/><MemPortTyVec>1 1 </MemPortTyVec>
</StgValue>
</bind>
</comp>

<comp id="28" class="1000" name="subband_q610_anonymous_namespace_kSigmoidPwlValuesQ610">
<pin_list>
<pin id="29" dir="1" index="0" bw="1" slack="0"/>
</pin_list>
<bind>
<StgValue><ssdm name="subband_q610_anonymous_namespace_kSigmoidPwlValuesQ610"/><MemPortTyVec>1 1 1 1 </MemPortTyVec>
</StgValue>
</bind>
</comp>

<comp id="30" class="1000" name="SubbandBand0TopQ610_ap_int_const_ap_int_const_ap_int_const_ap_int_const_ap_i_20">
<pin_list>
<pin id="31" dir="1" index="0" bw="1" slack="0"/>
</pin_list>
<bind>
<StgValue><ssdm name="SubbandBand0TopQ610_ap_int_const_ap_int_const_ap_int_const_ap_int_const_ap_i_20"/><MemPortTyVec>1 1 </MemPortTyVec>
</StgValue>
</bind>
</comp>

<comp id="32" class="1000" name="SubbandBand0TopQ610_ap_int_const_ap_int_const_ap_int_const_ap_int_const_ap_i_19">
<pin_list>
<pin id="33" dir="1" index="0" bw="1" slack="0"/>
</pin_list>
<bind>
<StgValue><ssdm name="SubbandBand0TopQ610_ap_int_const_ap_int_const_ap_int_const_ap_int_const_ap_i_19"/><MemPortTyVec>1 1 </MemPortTyVec>
</StgValue>
</bind>
</comp>

<comp id="34" class="1000" name="SubbandBand0TopQ610_ap_int_const_ap_int_const_ap_int_const_ap_int_const_ap_i_16">
<pin_list>
<pin id="35" dir="1" index="0" bw="1" slack="0"/>
</pin_list>
<bind>
<StgValue><ssdm name="SubbandBand0TopQ610_ap_int_const_ap_int_const_ap_int_const_ap_int_const_ap_i_16"/><MemPortTyVec>1 3 </MemPortTyVec>
</StgValue>
</bind>
</comp>

<comp id="36" class="1000" name="SubbandBand0TopQ610_ap_int_const_ap_int_const_ap_int_const_ap_int_const_ap_i_15">
<pin_list>
<pin id="37" dir="1" index="0" bw="1" slack="0"/>
</pin_list>
<bind>
<StgValue><ssdm name="SubbandBand0TopQ610_ap_int_const_ap_int_const_ap_int_const_ap_int_const_ap_i_15"/><MemPortTyVec>1 3 </MemPortTyVec>
</StgValue>
</bind>
</comp>

<comp id="38" class="1000" name="SubbandBand0TopQ610_ap_int_const_ap_int_const_ap_int_const_ap_int_const_ap_i_18">
<pin_list>
<pin id="39" dir="1" index="0" bw="1" slack="0"/>
</pin_list>
<bind>
<StgValue><ssdm name="SubbandBand0TopQ610_ap_int_const_ap_int_const_ap_int_const_ap_int_const_ap_i_18"/><MemPortTyVec>1 3 </MemPortTyVec>
</StgValue>
</bind>
</comp>

<comp id="40" class="1000" name="SubbandBand0TopQ610_ap_int_const_ap_int_const_ap_int_const_ap_int_const_ap_i_17">
<pin_list>
<pin id="41" dir="1" index="0" bw="1" slack="0"/>
</pin_list>
<bind>
<StgValue><ssdm name="SubbandBand0TopQ610_ap_int_const_ap_int_const_ap_int_const_ap_int_const_ap_i_17"/><MemPortTyVec>1 3 </MemPortTyVec>
</StgValue>
</bind>
</comp>

<comp id="42" class="1000" name="p_anonymous_namespace_RunBand0OptimizedCoreQ610_ap_int_const_ap_int_const_ap_in_1">
<pin_list>
<pin id="43" dir="1" index="0" bw="1" slack="0"/>
</pin_list>
<bind>
<StgValue><ssdm name="p_anonymous_namespace_RunBand0OptimizedCoreQ610_ap_int_const_ap_int_const_ap_in_1"/><MemPortTyVec>2 3 </MemPortTyVec>
</StgValue>
</bind>
</comp>

<comp id="44" class="1000" name="p_anonymous_namespace_RunBand0OptimizedCoreQ610_ap_int_const_ap_int_const_ap_in">
<pin_list>
<pin id="45" dir="1" index="0" bw="1" slack="0"/>
</pin_list>
<bind>
<StgValue><ssdm name="p_anonymous_namespace_RunBand0OptimizedCoreQ610_ap_int_const_ap_int_const_ap_in"/><MemPortTyVec>2 3 </MemPortTyVec>
</StgValue>
</bind>
</comp>

<comp id="46" class="1000" name="p_anonymous_namespace_RunBand0OptimizedCoreQ610_ap_int_const_ap_int_const_ap_in_3">
<pin_list>
<pin id="47" dir="1" index="0" bw="1" slack="0"/>
</pin_list>
<bind>
<StgValue><ssdm name="p_anonymous_namespace_RunBand0OptimizedCoreQ610_ap_int_const_ap_int_const_ap_in_3"/><MemPortTyVec>2 3 </MemPortTyVec>
</StgValue>
</bind>
</comp>

<comp id="48" class="1000" name="p_anonymous_namespace_RunBand0OptimizedCoreQ610_ap_int_const_ap_int_const_ap_in_2">
<pin_list>
<pin id="49" dir="1" index="0" bw="1" slack="0"/>
</pin_list>
<bind>
<StgValue><ssdm name="p_anonymous_namespace_RunBand0OptimizedCoreQ610_ap_int_const_ap_int_const_ap_in_2"/><MemPortTyVec>2 3 </MemPortTyVec>
</StgValue>
</bind>
</comp>

<comp id="50" class="1000" name="SubbandBand0TopQ610_ap_int_const_ap_int_const_ap_int_const_ap_int_const_ap_i_2">
<pin_list>
<pin id="51" dir="1" index="0" bw="1" slack="0"/>
</pin_list>
<bind>
<StgValue><ssdm name="SubbandBand0TopQ610_ap_int_const_ap_int_const_ap_int_const_ap_int_const_ap_i_2"/><MemPortTyVec>1 3 </MemPortTyVec>
</StgValue>
</bind>
</comp>

<comp id="52" class="1000" name="SubbandBand0TopQ610_ap_int_const_ap_int_const_ap_int_const_ap_int_const_ap_i_4">
<pin_list>
<pin id="53" dir="1" index="0" bw="1" slack="0"/>
</pin_list>
<bind>
<StgValue><ssdm name="SubbandBand0TopQ610_ap_int_const_ap_int_const_ap_int_const_ap_int_const_ap_i_4"/><MemPortTyVec>1 3 </MemPortTyVec>
</StgValue>
</bind>
</comp>

<comp id="54" class="1000" name="SubbandBand0TopQ610_ap_int_const_ap_int_const_ap_int_const_ap_int_const_ap_i_1">
<pin_list>
<pin id="55" dir="1" index="0" bw="1" slack="0"/>
</pin_list>
<bind>
<StgValue><ssdm name="SubbandBand0TopQ610_ap_int_const_ap_int_const_ap_int_const_ap_int_const_ap_i_1"/><MemPortTyVec>1 3 </MemPortTyVec>
</StgValue>
</bind>
</comp>

<comp id="56" class="1000" name="SubbandBand0TopQ610_ap_int_const_ap_int_const_ap_int_const_ap_int_const_ap_i_3">
<pin_list>
<pin id="57" dir="1" index="0" bw="1" slack="0"/>
</pin_list>
<bind>
<StgValue><ssdm name="SubbandBand0TopQ610_ap_int_const_ap_int_const_ap_int_const_ap_int_const_ap_i_3"/><MemPortTyVec>1 3 </MemPortTyVec>
</StgValue>
</bind>
</comp>

<comp id="58" class="1000" name="SubbandBand0TopQ610_ap_int_const_ap_int_const_ap_int_const_ap_int_const_ap_i_10">
<pin_list>
<pin id="59" dir="1" index="0" bw="1" slack="0"/>
</pin_list>
<bind>
<StgValue><ssdm name="SubbandBand0TopQ610_ap_int_const_ap_int_const_ap_int_const_ap_int_const_ap_i_10"/><MemPortTyVec>1 1 </MemPortTyVec>
</StgValue>
</bind>
</comp>

<comp id="60" class="1000" name="SubbandBand0TopQ610_ap_int_const_ap_int_const_ap_int_const_ap_int_const_ap_i_9">
<pin_list>
<pin id="61" dir="1" index="0" bw="1" slack="0"/>
</pin_list>
<bind>
<StgValue><ssdm name="SubbandBand0TopQ610_ap_int_const_ap_int_const_ap_int_const_ap_int_const_ap_i_9"/><MemPortTyVec>1 1 </MemPortTyVec>
</StgValue>
</bind>
</comp>

<comp id="62" class="1000" name="SubbandBand0TopQ610_ap_int_const_ap_int_const_ap_int_const_ap_int_const_ap_i_6">
<pin_list>
<pin id="63" dir="1" index="0" bw="1" slack="0"/>
</pin_list>
<bind>
<StgValue><ssdm name="SubbandBand0TopQ610_ap_int_const_ap_int_const_ap_int_const_ap_int_const_ap_i_6"/><MemPortTyVec>1 3 </MemPortTyVec>
</StgValue>
</bind>
</comp>

<comp id="64" class="1000" name="SubbandBand0TopQ610_ap_int_const_ap_int_const_ap_int_const_ap_int_const_ap_i_5">
<pin_list>
<pin id="65" dir="1" index="0" bw="1" slack="0"/>
</pin_list>
<bind>
<StgValue><ssdm name="SubbandBand0TopQ610_ap_int_const_ap_int_const_ap_int_const_ap_int_const_ap_i_5"/><MemPortTyVec>1 3 </MemPortTyVec>
</StgValue>
</bind>
</comp>

<comp id="66" class="1000" name="SubbandBand0TopQ610_ap_int_const_ap_int_const_ap_int_const_ap_int_const_ap_i_8">
<pin_list>
<pin id="67" dir="1" index="0" bw="1" slack="0"/>
</pin_list>
<bind>
<StgValue><ssdm name="SubbandBand0TopQ610_ap_int_const_ap_int_const_ap_int_const_ap_int_const_ap_i_8"/><MemPortTyVec>1 3 </MemPortTyVec>
</StgValue>
</bind>
</comp>

<comp id="68" class="1000" name="SubbandBand0TopQ610_ap_int_const_ap_int_const_ap_int_const_ap_int_const_ap_i_7">
<pin_list>
<pin id="69" dir="1" index="0" bw="1" slack="0"/>
</pin_list>
<bind>
<StgValue><ssdm name="SubbandBand0TopQ610_ap_int_const_ap_int_const_ap_int_const_ap_int_const_ap_i_7"/><MemPortTyVec>1 3 </MemPortTyVec>
</StgValue>
</bind>
</comp>

<comp id="70" class="1000" name="proj_bias_local">
<pin_list>
<pin id="71" dir="1" index="0" bw="1" slack="0"/>
</pin_list>
<bind>
<StgValue><ssdm name="proj_bias_local"/><MemPortTyVec>1 3 </MemPortTyVec>
</StgValue>
</bind>
</comp>

<comp id="72" class="1000" name="SubbandBand0TopQ610_ap_int_const_ap_int_const_ap_int_const_ap_int_const_ap_i">
<pin_list>
<pin id="73" dir="1" index="0" bw="1" slack="0"/>
</pin_list>
<bind>
<StgValue><ssdm name="SubbandBand0TopQ610_ap_int_const_ap_int_const_ap_int_const_ap_int_const_ap_i"/><MemPortTyVec>1 3 </MemPortTyVec>
</StgValue>
</bind>
</comp>

<comp id="74" class="1001" name="const_74">
<pin_list>
<pin id="75" dir="1" index="0" bw="1" slack="0"/>
</pin_list>
<bind>
<StgValue><ssdm name="_ssdm_op_Read.ap_auto.i32"/></StgValue>
</bind>
</comp>

<comp id="76" class="1001" name="const_76">
<pin_list>
<pin id="77" dir="1" index="0" bw="1" slack="0"/>
</pin_list>
<bind>
<StgValue><ssdm name=""/></StgValue>
</bind>
</comp>

<comp id="78" class="1001" name="const_78">
<pin_list>
<pin id="79" dir="1" index="0" bw="1" slack="0"/>
</pin_list>
<bind>
<StgValue><ssdm name="(anonymous namespace)GenerateBand0SequenceStreamOptimizedQ610"/></StgValue>
</bind>
</comp>

<comp id="80" class="1001" name="const_80">
<pin_list>
<pin id="81" dir="1" index="0" bw="1" slack="0"/>
</pin_list>
<bind>
<StgValue><ssdm name="(anonymous namespace)RunGSULayer0StreamParallelQ610"/></StgValue>
</bind>
</comp>

<comp id="82" class="1001" name="const_82">
<pin_list>
<pin id="83" dir="1" index="0" bw="1" slack="0"/>
</pin_list>
<bind>
<StgValue><ssdm name="(anonymous namespace)RunGSULayer1StreamParallelQ610"/></StgValue>
</bind>
</comp>

<comp id="84" class="1001" name="const_84">
<pin_list>
<pin id="85" dir="1" index="0" bw="1" slack="0"/>
</pin_list>
<bind>
<StgValue><ssdm name="entry_proc"/></StgValue>
</bind>
</comp>

<comp id="86" class="1001" name="const_86">
<pin_list>
<pin id="87" dir="1" index="0" bw="1" slack="0"/>
</pin_list>
<bind>
<StgValue><ssdm name="(anonymous namespace)RunProjectionStoreBand0StreamParallelQ610"/></StgValue>
</bind>
</comp>

<comp id="88" class="1001" name="const_88">
<pin_list>
<pin id="89" dir="1" index="0" bw="1" slack="2147483647"/>
</pin_list>
<bind>
<StgValue><ssdm name="_ssdm_op_SpecBRAMWithByteEnable"/></StgValue>
</bind>
</comp>

<comp id="90" class="1001" name="const_90">
<pin_list>
<pin id="91" dir="1" index="0" bw="1" slack="2147483647"/>
</pin_list>
<bind>
<StgValue><ssdm name="_ssdm_op_SpecChannel"/></StgValue>
</bind>
</comp>

<comp id="92" class="1001" name="const_92">
<pin_list>
<pin id="93" dir="1" index="0" bw="1" slack="2147483647"/>
</pin_list>
<bind>
<StgValue><ssdm name="df_coef_q610_c_str"/></StgValue>
</bind>
</comp>

<comp id="94" class="1001" name="const_94">
<pin_list>
<pin id="95" dir="1" index="0" bw="1" slack="2147483647"/>
</pin_list>
<bind>
<StgValue><ssdm name="p_str"/></StgValue>
</bind>
</comp>

<comp id="96" class="1001" name="const_96">
<pin_list>
<pin id="97" dir="1" index="0" bw="1" slack="2147483647"/>
</pin_list>
<bind>
<StgValue><ssdm name=""/></StgValue>
</bind>
</comp>

<comp id="98" class="1001" name="const_98">
<pin_list>
<pin id="99" dir="1" index="0" bw="1" slack="2147483647"/>
</pin_list>
<bind>
<StgValue><ssdm name=""/></StgValue>
</bind>
</comp>

<comp id="100" class="1001" name="const_100">
<pin_list>
<pin id="101" dir="1" index="0" bw="1" slack="2147483647"/>
</pin_list>
<bind>
<StgValue><ssdm name="_ssdm_op_SpecInterface"/></StgValue>
</bind>
</comp>

<comp id="102" class="1001" name="const_102">
<pin_list>
<pin id="103" dir="1" index="0" bw="1" slack="2147483647"/>
</pin_list>
<bind>
<StgValue><ssdm name="ap_fifo_str"/></StgValue>
</bind>
</comp>

<comp id="104" class="1001" name="const_104">
<pin_list>
<pin id="105" dir="1" index="0" bw="1" slack="2147483647"/>
</pin_list>
<bind>
<StgValue><ssdm name=""/></StgValue>
</bind>
</comp>

<comp id="106" class="1001" name="const_106">
<pin_list>
<pin id="107" dir="1" index="0" bw="1" slack="2147483647"/>
</pin_list>
<bind>
<StgValue><ssdm name=""/></StgValue>
</bind>
</comp>

<comp id="108" class="1001" name="const_108">
<pin_list>
<pin id="109" dir="1" index="0" bw="1" slack="2147483647"/>
</pin_list>
<bind>
<StgValue><ssdm name=""/></StgValue>
</bind>
</comp>

<comp id="110" class="1001" name="const_110">
<pin_list>
<pin id="111" dir="1" index="0" bw="1" slack="2147483647"/>
</pin_list>
<bind>
<StgValue><ssdm name="_ssdm_op_SpecDataflowPipeline"/></StgValue>
</bind>
</comp>

<comp id="112" class="1001" name="const_112">
<pin_list>
<pin id="113" dir="1" index="0" bw="1" slack="2147483647"/>
</pin_list>
<bind>
<StgValue><ssdm name="empty_25"/></StgValue>
</bind>
</comp>

<comp id="114" class="1001" name="const_114">
<pin_list>
<pin id="115" dir="1" index="0" bw="1" slack="2147483647"/>
</pin_list>
<bind>
<StgValue><ssdm name="empty_173"/></StgValue>
</bind>
</comp>

<comp id="116" class="1001" name="const_116">
<pin_list>
<pin id="117" dir="1" index="0" bw="1" slack="2147483647"/>
</pin_list>
<bind>
<StgValue><ssdm name=""/></StgValue>
</bind>
</comp>

<comp id="118" class="1001" name="const_118">
<pin_list>
<pin id="119" dir="1" index="0" bw="1" slack="2147483647"/>
</pin_list>
<bind>
<StgValue><ssdm name="empty_175"/></StgValue>
</bind>
</comp>

<comp id="120" class="1001" name="const_120">
<pin_list>
<pin id="121" dir="1" index="0" bw="1" slack="2147483647"/>
</pin_list>
<bind>
<StgValue><ssdm name="empty_176"/></StgValue>
</bind>
</comp>

<comp id="122" class="1001" name="const_122">
<pin_list>
<pin id="123" dir="1" index="0" bw="1" slack="2147483647"/>
</pin_list>
<bind>
<StgValue><ssdm name=""/></StgValue>
</bind>
</comp>

<comp id="124" class="1001" name="const_124">
<pin_list>
<pin id="125" dir="1" index="0" bw="1" slack="2147483647"/>
</pin_list>
<bind>
<StgValue><ssdm name="empty_178"/></StgValue>
</bind>
</comp>

<comp id="126" class="1001" name="const_126">
<pin_list>
<pin id="127" dir="1" index="0" bw="1" slack="2147483647"/>
</pin_list>
<bind>
<StgValue><ssdm name="sequence_stream_str"/></StgValue>
</bind>
</comp>

<comp id="128" class="1001" name="const_128">
<pin_list>
<pin id="129" dir="1" index="0" bw="1" slack="2147483647"/>
</pin_list>
<bind>
<StgValue><ssdm name=""/></StgValue>
</bind>
</comp>

<comp id="130" class="1001" name="const_130">
<pin_list>
<pin id="131" dir="1" index="0" bw="1" slack="2147483647"/>
</pin_list>
<bind>
<StgValue><ssdm name="empty_199"/></StgValue>
</bind>
</comp>

<comp id="132" class="1001" name="const_132">
<pin_list>
<pin id="133" dir="1" index="0" bw="1" slack="2147483647"/>
</pin_list>
<bind>
<StgValue><ssdm name="layer0_output_stream_str"/></StgValue>
</bind>
</comp>

<comp id="134" class="1001" name="const_134">
<pin_list>
<pin id="135" dir="1" index="0" bw="1" slack="2147483647"/>
</pin_list>
<bind>
<StgValue><ssdm name=""/></StgValue>
</bind>
</comp>

<comp id="136" class="1001" name="const_136">
<pin_list>
<pin id="137" dir="1" index="0" bw="1" slack="2147483647"/>
</pin_list>
<bind>
<StgValue><ssdm name="layer1_output_stream_str"/></StgValue>
</bind>
</comp>

<comp id="138" class="1001" name="const_138">
<pin_list>
<pin id="139" dir="1" index="0" bw="1" slack="2147483647"/>
</pin_list>
<bind>
<StgValue><ssdm name="_ssdm_op_SpecStableContent"/></StgValue>
</bind>
</comp>

<comp id="140" class="1001" name="const_140">
<pin_list>
<pin id="141" dir="1" index="0" bw="1" slack="2147483647"/>
</pin_list>
<bind>
<StgValue><ssdm name=""/></StgValue>
</bind>
</comp>

<comp id="142" class="1004" name="df_coef_q610_c_fu_142">
<pin_list>
<pin id="143" dir="0" index="0" bw="1" slack="0"/>
<pin id="144" dir="1" index="1" bw="32" slack="5"/>
</pin_list>
<bind>
<opcode="alloca(26) " fcode="alloca"/>
<opset="df_coef_q610_c/1 "/>
</bind>
</comp>

<comp id="146" class="1004" name="sequence_stream_fu_146">
<pin_list>
<pin id="147" dir="0" index="0" bw="1" slack="0"/>
<pin id="148" dir="1" index="1" bw="16" slack="0"/>
</pin_list>
<bind>
<opcode="alloca(26) " fcode="alloca"/>
<opset="sequence_stream/1 "/>
</bind>
</comp>

<comp id="150" class="1004" name="layer0_output_stream_fu_150">
<pin_list>
<pin id="151" dir="0" index="0" bw="1" slack="0"/>
<pin id="152" dir="1" index="1" bw="16" slack="2"/>
</pin_list>
<bind>
<opcode="alloca(26) " fcode="alloca"/>
<opset="layer0_output_stream/1 "/>
</bind>
</comp>

<comp id="154" class="1004" name="layer1_output_stream_fu_154">
<pin_list>
<pin id="155" dir="0" index="0" bw="1" slack="0"/>
<pin id="156" dir="1" index="1" bw="16" slack="4"/>
</pin_list>
<bind>
<opcode="alloca(26) " fcode="alloca"/>
<opset="layer1_output_stream/1 "/>
</bind>
</comp>

<comp id="158" class="1004" name="fb_output_q610_read_read_fu_158">
<pin_list>
<pin id="159" dir="0" index="0" bw="32" slack="0"/>
<pin id="160" dir="0" index="1" bw="32" slack="0"/>
<pin id="161" dir="1" index="2" bw="32" slack="0"/>
</pin_list>
<bind>
<opcode="read(1150) " fcode="read"/>
<opset="fb_output_q610_read/1 "/>
</bind>
</comp>

<comp id="164" class="1004" name="noisy_input_q610_read_read_fu_164">
<pin_list>
<pin id="165" dir="0" index="0" bw="32" slack="0"/>
<pin id="166" dir="0" index="1" bw="32" slack="0"/>
<pin id="167" dir="1" index="2" bw="32" slack="0"/>
</pin_list>
<bind>
<opcode="read(1150) " fcode="read"/>
<opset="noisy_input_q610_read/1 "/>
</bind>
</comp>

<comp id="170" class="1004" name="df_coef_q610_read_read_fu_170">
<pin_list>
<pin id="171" dir="0" index="0" bw="32" slack="0"/>
<pin id="172" dir="0" index="1" bw="32" slack="0"/>
<pin id="173" dir="1" index="2" bw="32" slack="0"/>
</pin_list>
<bind>
<opcode="read(1150) " fcode="read"/>
<opset="df_coef_q610_read/6 "/>
</bind>
</comp>

<comp id="176" class="1004" name="grp_p_anonymous_namespace_GenerateBand0SequenceStreamOptimizedQ610_fu_176">
<pin_list>
<pin id="177" dir="0" index="0" bw="0" slack="0"/>
<pin id="178" dir="0" index="1" bw="16" slack="0"/>
<pin id="179" dir="0" index="2" bw="32" slack="0"/>
<pin id="180" dir="0" index="3" bw="32" slack="0"/>
<pin id="181" dir="0" index="4" bw="16" slack="0"/>
<pin id="182" dir="1" index="5" bw="0" slack="2147483647"/>
</pin_list>
<bind>
<opcode="call(48) " fcode="call"/>
<opset="call_ln2142/1 "/>
</bind>
</comp>

<comp id="187" class="1004" name="grp_p_anonymous_namespace_RunGSULayer0StreamParallelQ610_fu_187">
<pin_list>
<pin id="188" dir="0" index="0" bw="0" slack="0"/>
<pin id="189" dir="0" index="1" bw="16" slack="2"/>
<pin id="190" dir="0" index="2" bw="16" slack="2"/>
<pin id="191" dir="0" index="3" bw="11" slack="0"/>
<pin id="192" dir="0" index="4" bw="11" slack="0"/>
<pin id="193" dir="0" index="5" bw="16" slack="0"/>
<pin id="194" dir="0" index="6" bw="16" slack="0"/>
<pin id="195" dir="0" index="7" bw="64" slack="0"/>
<pin id="196" dir="0" index="8" bw="512" slack="0"/>
<pin id="197" dir="0" index="9" bw="64" slack="0"/>
<pin id="198" dir="0" index="10" bw="512" slack="0"/>
<pin id="199" dir="0" index="11" bw="14" slack="0"/>
<pin id="200" dir="0" index="12" bw="11" slack="0"/>
<pin id="201" dir="0" index="13" bw="16" slack="0"/>
<pin id="202" dir="0" index="14" bw="16" slack="0"/>
<pin id="203" dir="0" index="15" bw="16" slack="0"/>
<pin id="204" dir="0" index="16" bw="16" slack="0"/>
<pin id="205" dir="0" index="17" bw="16" slack="0"/>
<pin id="206" dir="0" index="18" bw="16" slack="0"/>
<pin id="207" dir="1" index="19" bw="0" slack="2147483647"/>
</pin_list>
<bind>
<opcode="call(48) " fcode="call"/>
<opset="call_ln2143/3 "/>
</bind>
</comp>

<comp id="225" class="1004" name="grp_p_anonymous_namespace_RunGSULayer1StreamParallelQ610_fu_225">
<pin_list>
<pin id="226" dir="0" index="0" bw="0" slack="0"/>
<pin id="227" dir="0" index="1" bw="16" slack="4"/>
<pin id="228" dir="0" index="2" bw="16" slack="4"/>
<pin id="229" dir="0" index="3" bw="11" slack="0"/>
<pin id="230" dir="0" index="4" bw="11" slack="0"/>
<pin id="231" dir="0" index="5" bw="16" slack="0"/>
<pin id="232" dir="0" index="6" bw="16" slack="0"/>
<pin id="233" dir="0" index="7" bw="512" slack="0"/>
<pin id="234" dir="0" index="8" bw="512" slack="0"/>
<pin id="235" dir="0" index="9" bw="512" slack="0"/>
<pin id="236" dir="0" index="10" bw="512" slack="0"/>
<pin id="237" dir="0" index="11" bw="14" slack="0"/>
<pin id="238" dir="0" index="12" bw="11" slack="0"/>
<pin id="239" dir="0" index="13" bw="16" slack="0"/>
<pin id="240" dir="0" index="14" bw="16" slack="0"/>
<pin id="241" dir="0" index="15" bw="16" slack="0"/>
<pin id="242" dir="0" index="16" bw="16" slack="0"/>
<pin id="243" dir="0" index="17" bw="16" slack="0"/>
<pin id="244" dir="0" index="18" bw="16" slack="0"/>
<pin id="245" dir="1" index="19" bw="0" slack="2147483647"/>
</pin_list>
<bind>
<opcode="call(48) " fcode="call"/>
<opset="call_ln2153/5 "/>
</bind>
</comp>

<comp id="263" class="1004" name="call_ln0_entry_proc_fu_263">
<pin_list>
<pin id="264" dir="0" index="0" bw="0" slack="0"/>
<pin id="265" dir="0" index="1" bw="32" slack="0"/>
<pin id="266" dir="0" index="2" bw="32" slack="5"/>
<pin id="267" dir="1" index="3" bw="0" slack="2147483647"/>
</pin_list>
<bind>
<opcode="call(48) " fcode="call"/>
<opset="call_ln0/6 "/>
</bind>
</comp>

<comp id="270" class="1004" name="grp_p_anonymous_namespace_RunProjectionStoreBand0StreamParallelQ610_fu_270">
<pin_list>
<pin id="271" dir="0" index="0" bw="0" slack="0"/>
<pin id="272" dir="0" index="1" bw="16" slack="6"/>
<pin id="273" dir="0" index="2" bw="16" slack="0"/>
<pin id="274" dir="0" index="3" bw="32" slack="6"/>
<pin id="275" dir="0" index="4" bw="16" slack="0"/>
<pin id="276" dir="0" index="5" bw="64" slack="0"/>
<pin id="277" dir="1" index="6" bw="0" slack="2147483647"/>
</pin_list>
<bind>
<opcode="call(48) " fcode="call"/>
<opset="call_ln2163/7 "/>
</bind>
</comp>

<comp id="282" class="1005" name="fb_output_q610_read_reg_282">
<pin_list>
<pin id="283" dir="0" index="0" bw="32" slack="1"/>
<pin id="284" dir="1" index="1" bw="32" slack="1"/>
</pin_list>
<bind>
<opset="fb_output_q610_read "/>
</bind>
</comp>

<comp id="287" class="1005" name="noisy_input_q610_read_reg_287">
<pin_list>
<pin id="288" dir="0" index="0" bw="32" slack="1"/>
<pin id="289" dir="1" index="1" bw="32" slack="1"/>
</pin_list>
<bind>
<opset="noisy_input_q610_read "/>
</bind>
</comp>

<comp id="292" class="1005" name="df_coef_q610_c_reg_292">
<pin_list>
<pin id="293" dir="0" index="0" bw="32" slack="5"/>
<pin id="294" dir="1" index="1" bw="32" slack="5"/>
</pin_list>
<bind>
<opset="df_coef_q610_c "/>
</bind>
</comp>

<comp id="298" class="1005" name="sequence_stream_reg_298">
<pin_list>
<pin id="299" dir="0" index="0" bw="16" slack="0"/>
<pin id="300" dir="1" index="1" bw="16" slack="0"/>
</pin_list>
<bind>
<opset="sequence_stream "/>
</bind>
</comp>

<comp id="304" class="1005" name="layer0_output_stream_reg_304">
<pin_list>
<pin id="305" dir="0" index="0" bw="16" slack="2"/>
<pin id="306" dir="1" index="1" bw="16" slack="2"/>
</pin_list>
<bind>
<opset="layer0_output_stream "/>
</bind>
</comp>

<comp id="310" class="1005" name="layer1_output_stream_reg_310">
<pin_list>
<pin id="311" dir="0" index="0" bw="16" slack="4"/>
<pin id="312" dir="1" index="1" bw="16" slack="4"/>
</pin_list>
<bind>
<opset="layer1_output_stream "/>
</bind>
</comp>

</comp_list>

<net_list>
<net id="145"><net_src comp="76" pin="0"/><net_sink comp="142" pin=0"/></net>

<net id="149"><net_src comp="76" pin="0"/><net_sink comp="146" pin=0"/></net>

<net id="153"><net_src comp="76" pin="0"/><net_sink comp="150" pin=0"/></net>

<net id="157"><net_src comp="76" pin="0"/><net_sink comp="154" pin=0"/></net>

<net id="162"><net_src comp="74" pin="0"/><net_sink comp="158" pin=0"/></net>

<net id="163"><net_src comp="4" pin="0"/><net_sink comp="158" pin=1"/></net>

<net id="168"><net_src comp="74" pin="0"/><net_sink comp="164" pin=0"/></net>

<net id="169"><net_src comp="2" pin="0"/><net_sink comp="164" pin=1"/></net>

<net id="174"><net_src comp="74" pin="0"/><net_sink comp="170" pin=0"/></net>

<net id="175"><net_src comp="8" pin="0"/><net_sink comp="170" pin=1"/></net>

<net id="183"><net_src comp="78" pin="0"/><net_sink comp="176" pin=0"/></net>

<net id="184"><net_src comp="0" pin="0"/><net_sink comp="176" pin=1"/></net>

<net id="185"><net_src comp="164" pin="2"/><net_sink comp="176" pin=2"/></net>

<net id="186"><net_src comp="158" pin="2"/><net_sink comp="176" pin=3"/></net>

<net id="208"><net_src comp="80" pin="0"/><net_sink comp="187" pin=0"/></net>

<net id="209"><net_src comp="10" pin="0"/><net_sink comp="187" pin=3"/></net>

<net id="210"><net_src comp="12" pin="0"/><net_sink comp="187" pin=4"/></net>

<net id="211"><net_src comp="14" pin="0"/><net_sink comp="187" pin=5"/></net>

<net id="212"><net_src comp="16" pin="0"/><net_sink comp="187" pin=6"/></net>

<net id="213"><net_src comp="18" pin="0"/><net_sink comp="187" pin=7"/></net>

<net id="214"><net_src comp="20" pin="0"/><net_sink comp="187" pin=8"/></net>

<net id="215"><net_src comp="22" pin="0"/><net_sink comp="187" pin=9"/></net>

<net id="216"><net_src comp="24" pin="0"/><net_sink comp="187" pin=10"/></net>

<net id="217"><net_src comp="26" pin="0"/><net_sink comp="187" pin=11"/></net>

<net id="218"><net_src comp="28" pin="0"/><net_sink comp="187" pin=12"/></net>

<net id="219"><net_src comp="30" pin="0"/><net_sink comp="187" pin=13"/></net>

<net id="220"><net_src comp="32" pin="0"/><net_sink comp="187" pin=14"/></net>

<net id="221"><net_src comp="34" pin="0"/><net_sink comp="187" pin=15"/></net>

<net id="222"><net_src comp="36" pin="0"/><net_sink comp="187" pin=16"/></net>

<net id="223"><net_src comp="38" pin="0"/><net_sink comp="187" pin=17"/></net>

<net id="224"><net_src comp="40" pin="0"/><net_sink comp="187" pin=18"/></net>

<net id="246"><net_src comp="82" pin="0"/><net_sink comp="225" pin=0"/></net>

<net id="247"><net_src comp="42" pin="0"/><net_sink comp="225" pin=3"/></net>

<net id="248"><net_src comp="44" pin="0"/><net_sink comp="225" pin=4"/></net>

<net id="249"><net_src comp="46" pin="0"/><net_sink comp="225" pin=5"/></net>

<net id="250"><net_src comp="48" pin="0"/><net_sink comp="225" pin=6"/></net>

<net id="251"><net_src comp="50" pin="0"/><net_sink comp="225" pin=7"/></net>

<net id="252"><net_src comp="52" pin="0"/><net_sink comp="225" pin=8"/></net>

<net id="253"><net_src comp="54" pin="0"/><net_sink comp="225" pin=9"/></net>

<net id="254"><net_src comp="56" pin="0"/><net_sink comp="225" pin=10"/></net>

<net id="255"><net_src comp="26" pin="0"/><net_sink comp="225" pin=11"/></net>

<net id="256"><net_src comp="28" pin="0"/><net_sink comp="225" pin=12"/></net>

<net id="257"><net_src comp="58" pin="0"/><net_sink comp="225" pin=13"/></net>

<net id="258"><net_src comp="60" pin="0"/><net_sink comp="225" pin=14"/></net>

<net id="259"><net_src comp="62" pin="0"/><net_sink comp="225" pin=15"/></net>

<net id="260"><net_src comp="64" pin="0"/><net_sink comp="225" pin=16"/></net>

<net id="261"><net_src comp="66" pin="0"/><net_sink comp="225" pin=17"/></net>

<net id="262"><net_src comp="68" pin="0"/><net_sink comp="225" pin=18"/></net>

<net id="268"><net_src comp="84" pin="0"/><net_sink comp="263" pin=0"/></net>

<net id="269"><net_src comp="170" pin="2"/><net_sink comp="263" pin=1"/></net>

<net id="278"><net_src comp="86" pin="0"/><net_sink comp="270" pin=0"/></net>

<net id="279"><net_src comp="6" pin="0"/><net_sink comp="270" pin=2"/></net>

<net id="280"><net_src comp="70" pin="0"/><net_sink comp="270" pin=4"/></net>

<net id="281"><net_src comp="72" pin="0"/><net_sink comp="270" pin=5"/></net>

<net id="285"><net_src comp="158" pin="2"/><net_sink comp="282" pin=0"/></net>

<net id="286"><net_src comp="282" pin="1"/><net_sink comp="176" pin=3"/></net>

<net id="290"><net_src comp="164" pin="2"/><net_sink comp="287" pin=0"/></net>

<net id="291"><net_src comp="287" pin="1"/><net_sink comp="176" pin=2"/></net>

<net id="295"><net_src comp="142" pin="1"/><net_sink comp="292" pin=0"/></net>

<net id="296"><net_src comp="292" pin="1"/><net_sink comp="263" pin=2"/></net>

<net id="297"><net_src comp="292" pin="1"/><net_sink comp="270" pin=3"/></net>

<net id="301"><net_src comp="146" pin="1"/><net_sink comp="298" pin=0"/></net>

<net id="302"><net_src comp="298" pin="1"/><net_sink comp="176" pin=4"/></net>

<net id="303"><net_src comp="298" pin="1"/><net_sink comp="187" pin=1"/></net>

<net id="307"><net_src comp="150" pin="1"/><net_sink comp="304" pin=0"/></net>

<net id="308"><net_src comp="304" pin="1"/><net_sink comp="187" pin=2"/></net>

<net id="309"><net_src comp="304" pin="1"/><net_sink comp="225" pin=1"/></net>

<net id="313"><net_src comp="154" pin="1"/><net_sink comp="310" pin=0"/></net>

<net id="314"><net_src comp="310" pin="1"/><net_sink comp="225" pin=2"/></net>

<net id="315"><net_src comp="310" pin="1"/><net_sink comp="270" pin=1"/></net>

</net_list>

</model> 
---------------- Datapath Model END ------------------

* FSMD analyzer results:
  - Output states:
	Port: gmem_in | {}
	Port: gmem_out | {7 8 }
	Port: p_anonymous_namespace_RunBand0OptimizedCoreQ610_ap_int_const_ap_int_const_ap_in_5 | {3 4 }
	Port: p_anonymous_namespace_RunBand0OptimizedCoreQ610_ap_int_const_ap_int_const_ap_in_4 | {3 4 }
	Port: p_anonymous_namespace_RunBand0OptimizedCoreQ610_ap_int_const_ap_int_const_ap_in_7 | {3 4 }
	Port: p_anonymous_namespace_RunBand0OptimizedCoreQ610_ap_int_const_ap_int_const_ap_in_6 | {3 4 }
	Port: SubbandBand0TopQ610_ap_int_const_ap_int_const_ap_int_const_ap_int_const_ap_i_12 | {}
	Port: SubbandBand0TopQ610_ap_int_const_ap_int_const_ap_int_const_ap_int_const_ap_i_14 | {}
	Port: SubbandBand0TopQ610_ap_int_const_ap_int_const_ap_int_const_ap_int_const_ap_i_11 | {}
	Port: SubbandBand0TopQ610_ap_int_const_ap_int_const_ap_int_const_ap_int_const_ap_i_13 | {}
	Port: subband_q610_anonymous_namespace_kSigmoidPwlKnotsQ610 | {}
	Port: subband_q610_anonymous_namespace_kSigmoidPwlValuesQ610 | {}
	Port: SubbandBand0TopQ610_ap_int_const_ap_int_const_ap_int_const_ap_int_const_ap_i_20 | {}
	Port: SubbandBand0TopQ610_ap_int_const_ap_int_const_ap_int_const_ap_int_const_ap_i_19 | {}
	Port: SubbandBand0TopQ610_ap_int_const_ap_int_const_ap_int_const_ap_int_const_ap_i_16 | {}
	Port: SubbandBand0TopQ610_ap_int_const_ap_int_const_ap_int_const_ap_int_const_ap_i_15 | {}
	Port: SubbandBand0TopQ610_ap_int_const_ap_int_const_ap_int_const_ap_int_const_ap_i_18 | {}
	Port: SubbandBand0TopQ610_ap_int_const_ap_int_const_ap_int_const_ap_int_const_ap_i_17 | {}
	Port: p_anonymous_namespace_RunBand0OptimizedCoreQ610_ap_int_const_ap_int_const_ap_in_1 | {5 6 }
	Port: p_anonymous_namespace_RunBand0OptimizedCoreQ610_ap_int_const_ap_int_const_ap_in | {5 6 }
	Port: p_anonymous_namespace_RunBand0OptimizedCoreQ610_ap_int_const_ap_int_const_ap_in_3 | {5 6 }
	Port: p_anonymous_namespace_RunBand0OptimizedCoreQ610_ap_int_const_ap_int_const_ap_in_2 | {5 6 }
	Port: SubbandBand0TopQ610_ap_int_const_ap_int_const_ap_int_const_ap_int_const_ap_i_2 | {}
	Port: SubbandBand0TopQ610_ap_int_const_ap_int_const_ap_int_const_ap_int_const_ap_i_4 | {}
	Port: SubbandBand0TopQ610_ap_int_const_ap_int_const_ap_int_const_ap_int_const_ap_i_1 | {}
	Port: SubbandBand0TopQ610_ap_int_const_ap_int_const_ap_int_const_ap_int_const_ap_i_3 | {}
	Port: SubbandBand0TopQ610_ap_int_const_ap_int_const_ap_int_const_ap_int_const_ap_i_10 | {}
	Port: SubbandBand0TopQ610_ap_int_const_ap_int_const_ap_int_const_ap_int_const_ap_i_9 | {}
	Port: SubbandBand0TopQ610_ap_int_const_ap_int_const_ap_int_const_ap_int_const_ap_i_6 | {}
	Port: SubbandBand0TopQ610_ap_int_const_ap_int_const_ap_int_const_ap_int_const_ap_i_5 | {}
	Port: SubbandBand0TopQ610_ap_int_const_ap_int_const_ap_int_const_ap_int_const_ap_i_8 | {}
	Port: SubbandBand0TopQ610_ap_int_const_ap_int_const_ap_int_const_ap_int_const_ap_i_7 | {}
	Port: proj_bias_local | {}
	Port: SubbandBand0TopQ610_ap_int_const_ap_int_const_ap_int_const_ap_int_const_ap_i | {}
 - Input state : 
	Port: (anonymous namespace)RunBand0OptimizedDataflowQ610 : gmem_in | {1 2 }
	Port: (anonymous namespace)RunBand0OptimizedDataflowQ610 : noisy_input_q610 | {1 }
	Port: (anonymous namespace)RunBand0OptimizedDataflowQ610 : fb_output_q610 | {1 }
	Port: (anonymous namespace)RunBand0OptimizedDataflowQ610 : gmem_out | {}
	Port: (anonymous namespace)RunBand0OptimizedDataflowQ610 : df_coef_q610 | {6 }
	Port: (anonymous namespace)RunBand0OptimizedDataflowQ610 : p_anonymous_namespace_RunBand0OptimizedCoreQ610_ap_int_const_ap_int_const_ap_in_5 | {3 4 }
	Port: (anonymous namespace)RunBand0OptimizedDataflowQ610 : p_anonymous_namespace_RunBand0OptimizedCoreQ610_ap_int_const_ap_int_const_ap_in_4 | {3 4 }
	Port: (anonymous namespace)RunBand0OptimizedDataflowQ610 : p_anonymous_namespace_RunBand0OptimizedCoreQ610_ap_int_const_ap_int_const_ap_in_7 | {3 4 }
	Port: (anonymous namespace)RunBand0OptimizedDataflowQ610 : p_anonymous_namespace_RunBand0OptimizedCoreQ610_ap_int_const_ap_int_const_ap_in_6 | {3 4 }
	Port: (anonymous namespace)RunBand0OptimizedDataflowQ610 : SubbandBand0TopQ610_ap_int_const_ap_int_const_ap_int_const_ap_int_const_ap_i_12 | {3 4 }
	Port: (anonymous namespace)RunBand0OptimizedDataflowQ610 : SubbandBand0TopQ610_ap_int_const_ap_int_const_ap_int_const_ap_int_const_ap_i_14 | {3 4 }
	Port: (anonymous namespace)RunBand0OptimizedDataflowQ610 : SubbandBand0TopQ610_ap_int_const_ap_int_const_ap_int_const_ap_int_const_ap_i_11 | {3 4 }
	Port: (anonymous namespace)RunBand0OptimizedDataflowQ610 : SubbandBand0TopQ610_ap_int_const_ap_int_const_ap_int_const_ap_int_const_ap_i_13 | {3 4 }
	Port: (anonymous namespace)RunBand0OptimizedDataflowQ610 : subband_q610_anonymous_namespace_kSigmoidPwlKnotsQ610 | {3 4 5 6 }
	Port: (anonymous namespace)RunBand0OptimizedDataflowQ610 : subband_q610_anonymous_namespace_kSigmoidPwlValuesQ610 | {3 4 5 6 }
	Port: (anonymous namespace)RunBand0OptimizedDataflowQ610 : SubbandBand0TopQ610_ap_int_const_ap_int_const_ap_int_const_ap_int_const_ap_i_20 | {3 4 }
	Port: (anonymous namespace)RunBand0OptimizedDataflowQ610 : SubbandBand0TopQ610_ap_int_const_ap_int_const_ap_int_const_ap_int_const_ap_i_19 | {3 4 }
	Port: (anonymous namespace)RunBand0OptimizedDataflowQ610 : SubbandBand0TopQ610_ap_int_const_ap_int_const_ap_int_const_ap_int_const_ap_i_16 | {3 4 }
	Port: (anonymous namespace)RunBand0OptimizedDataflowQ610 : SubbandBand0TopQ610_ap_int_const_ap_int_const_ap_int_const_ap_int_const_ap_i_15 | {3 4 }
	Port: (anonymous namespace)RunBand0OptimizedDataflowQ610 : SubbandBand0TopQ610_ap_int_const_ap_int_const_ap_int_const_ap_int_const_ap_i_18 | {3 4 }
	Port: (anonymous namespace)RunBand0OptimizedDataflowQ610 : SubbandBand0TopQ610_ap_int_const_ap_int_const_ap_int_const_ap_int_const_ap_i_17 | {3 4 }
	Port: (anonymous namespace)RunBand0OptimizedDataflowQ610 : p_anonymous_namespace_RunBand0OptimizedCoreQ610_ap_int_const_ap_int_const_ap_in_1 | {5 6 }
	Port: (anonymous namespace)RunBand0OptimizedDataflowQ610 : p_anonymous_namespace_RunBand0OptimizedCoreQ610_ap_int_const_ap_int_const_ap_in | {5 6 }
	Port: (anonymous namespace)RunBand0OptimizedDataflowQ610 : p_anonymous_namespace_RunBand0OptimizedCoreQ610_ap_int_const_ap_int_const_ap_in_3 | {5 6 }
	Port: (anonymous namespace)RunBand0OptimizedDataflowQ610 : p_anonymous_namespace_RunBand0OptimizedCoreQ610_ap_int_const_ap_int_const_ap_in_2 | {5 6 }
	Port: (anonymous namespace)RunBand0OptimizedDataflowQ610 : SubbandBand0TopQ610_ap_int_const_ap_int_const_ap_int_const_ap_int_const_ap_i_2 | {5 6 }
	Port: (anonymous namespace)RunBand0OptimizedDataflowQ610 : SubbandBand0TopQ610_ap_int_const_ap_int_const_ap_int_const_ap_int_const_ap_i_4 | {5 6 }
	Port: (anonymous namespace)RunBand0OptimizedDataflowQ610 : SubbandBand0TopQ610_ap_int_const_ap_int_const_ap_int_const_ap_int_const_ap_i_1 | {5 6 }
	Port: (anonymous namespace)RunBand0OptimizedDataflowQ610 : SubbandBand0TopQ610_ap_int_const_ap_int_const_ap_int_const_ap_int_const_ap_i_3 | {5 6 }
	Port: (anonymous namespace)RunBand0OptimizedDataflowQ610 : SubbandBand0TopQ610_ap_int_const_ap_int_const_ap_int_const_ap_int_const_ap_i_10 | {5 6 }
	Port: (anonymous namespace)RunBand0OptimizedDataflowQ610 : SubbandBand0TopQ610_ap_int_const_ap_int_const_ap_int_const_ap_int_const_ap_i_9 | {5 6 }
	Port: (anonymous namespace)RunBand0OptimizedDataflowQ610 : SubbandBand0TopQ610_ap_int_const_ap_int_const_ap_int_const_ap_int_const_ap_i_6 | {5 6 }
	Port: (anonymous namespace)RunBand0OptimizedDataflowQ610 : SubbandBand0TopQ610_ap_int_const_ap_int_const_ap_int_const_ap_int_const_ap_i_5 | {5 6 }
	Port: (anonymous namespace)RunBand0OptimizedDataflowQ610 : SubbandBand0TopQ610_ap_int_const_ap_int_const_ap_int_const_ap_int_const_ap_i_8 | {5 6 }
	Port: (anonymous namespace)RunBand0OptimizedDataflowQ610 : SubbandBand0TopQ610_ap_int_const_ap_int_const_ap_int_const_ap_int_const_ap_i_7 | {5 6 }
	Port: (anonymous namespace)RunBand0OptimizedDataflowQ610 : proj_bias_local | {7 8 }
	Port: (anonymous namespace)RunBand0OptimizedDataflowQ610 : SubbandBand0TopQ610_ap_int_const_ap_int_const_ap_int_const_ap_int_const_ap_i | {7 8 }
  - Chain level:
	State 1
		call_ln2142 : 1
	State 2
	State 3
	State 4
	State 5
	State 6
	State 7
	State 8


============================================================
+ Verbose Summary: Datapath Resource usage 
============================================================

* Functional unit list:
|----------|----------------------------------------------------------------------------|---------|---------|---------|---------|---------|---------|
| Operation|                               Functional Unit                              |   BRAM  |   DSP   |  Delay  |    FF   |   LUT   |   URAM  |
|----------|----------------------------------------------------------------------------|---------|---------|---------|---------|---------|---------|
|          |  grp_p_anonymous_namespace_GenerateBand0SequenceStreamOptimizedQ610_fu_176 |    0    |    2    |  6.352  |   307   |   307   |    0    |
|          |       grp_p_anonymous_namespace_RunGSULayer0StreamParallelQ610_fu_187      |    2    |    78   | 374.768 |  27965  |  14266  |    0    |
|   call   |       grp_p_anonymous_namespace_RunGSULayer1StreamParallelQ610_fu_225      |    2    |   134   | 847.992 |  51948  |  20979  |    0    |
|          |                         call_ln0_entry_proc_fu_263                         |    0    |    0    |    0    |    0    |    0    |    0    |
|          | grp_p_anonymous_namespace_RunProjectionStoreBand0StreamParallelQ610_fu_270 |    0    |    5    |  26.996 |  11931  |   2214  |    0    |
|----------|----------------------------------------------------------------------------|---------|---------|---------|---------|---------|---------|
|          |                       fb_output_q610_read_read_fu_158                      |    0    |    0    |    0    |    0    |    0    |    0    |
|   read   |                      noisy_input_q610_read_read_fu_164                     |    0    |    0    |    0    |    0    |    0    |    0    |
|          |                        df_coef_q610_read_read_fu_170                       |    0    |    0    |    0    |    0    |    0    |    0    |
|----------|----------------------------------------------------------------------------|---------|---------|---------|---------|---------|---------|
|   Total  |                                                                            |    4    |   219   | 1256.11 |  92151  |  37766  |    0    |
|----------|----------------------------------------------------------------------------|---------|---------|---------|---------|---------|---------|

Memories:
N/A

* Register list:
+-----------------------------+--------+
|                             |   FF   |
+-----------------------------+--------+
|    df_coef_q610_c_reg_292   |   32   |
| fb_output_q610_read_reg_282 |   32   |
| layer0_output_stream_reg_304|   16   |
| layer1_output_stream_reg_310|   16   |
|noisy_input_q610_read_reg_287|   32   |
|   sequence_stream_reg_298   |   16   |
+-----------------------------+--------+
|            Total            |   144  |
+-----------------------------+--------+

* Multiplexer (MUX) list: 
|---------------------------------------------------------------------------|------|------|------|--------||---------||---------|
|                                    Comp                                   |  Pin | Size |  BW  | S x BW ||  Delay  ||   LUT   |
|---------------------------------------------------------------------------|------|------|------|--------||---------||---------|
| grp_p_anonymous_namespace_GenerateBand0SequenceStreamOptimizedQ610_fu_176 |  p2  |   2  |  32  |   64   ||    9    |
| grp_p_anonymous_namespace_GenerateBand0SequenceStreamOptimizedQ610_fu_176 |  p3  |   2  |  32  |   64   ||    9    |
|---------------------------------------------------------------------------|------|------|------|--------||---------||---------|
|                                   Total                                   |      |      |      |   128  ||  3.176  ||    18   |
|---------------------------------------------------------------------------|------|------|------|--------||---------||---------|



* Summary:
+-----------+--------+--------+--------+--------+--------+--------+
|           |  BRAM  |   DSP  |  Delay |   FF   |   LUT  |  URAM  |
+-----------+--------+--------+--------+--------+--------+--------+
|  Function |    4   |   219  |  1256  |  92151 |  37766 |    0   |
|   Memory  |    -   |    -   |    -   |    -   |    -   |    -   |
|Multiplexer|    -   |    -   |    3   |    -   |   18   |    -   |
|  Register |    -   |    -   |    -   |   144  |    -   |    -   |
+-----------+--------+--------+--------+--------+--------+--------+
|   Total   |    4   |   219  |  1259  |  92295 |  37784 |    0   |
+-----------+--------+--------+--------+--------+--------+--------+
