

================================================================
== Vitis HLS Report for 'p_anonymous_namespace_RunRealtimeGSUMacPhaseFixedQ610_Pipeline_VITIS_LOOP_2713_2'
================================================================
* Date:           Thu May 14 12:27:03 2026

* Version:        2023.2 (Build 4023990 on Oct 11 2023)
* Project:        subband_q610_realtime_hls
* Solution:       solution1 (Vivado IP Flow Target)
* Product family: zynq
* Target device:  xc7z020-clg400-1


================================================================
== Performance Estimates
================================================================
+ Timing: 
    * Summary: 
    +--------+----------+----------+------------+
    |  Clock |  Target  | Estimated| Uncertainty|
    +--------+----------+----------+------------+
    |ap_clk  |  10.00 ns|  6.573 ns|     2.70 ns|
    +--------+----------+----------+------------+

+ Latency: 
    * Summary: 
    +---------+---------+----------+----------+-----+-----+---------+
    |  Latency (cycles) |  Latency (absolute) |  Interval | Pipeline|
    |   min   |   max   |    min   |    max   | min | max |   Type  |
    +---------+---------+----------+----------+-----+-----+---------+
    |       11|       11|  0.110 us|  0.110 us|   11|   11|       no|
    +---------+---------+----------+----------+-----+-----+---------+

    + Detail: 
        * Instance: 
        N/A

        * Loop: 
        +---------------------+---------+---------+----------+-----------+-----------+------+----------+
        |                     |  Latency (cycles) | Iteration|  Initiation Interval  | Trip |          |
        |      Loop Name      |   min   |   max   |  Latency |  achieved |   target  | Count| Pipelined|
        +---------------------+---------+---------+----------+-----------+-----------+------+----------+
        |- VITIS_LOOP_2713_2  |        9|        9|         4|          1|          1|     7|       yes|
        +---------------------+---------+---------+----------+-----------+-----------+------+----------+

============================================================
+ Verbose Summary: Synthesis Manager
============================================================
InlineROM: 1
ExposeGlobal: 0
============================================================
+ Verbose Summary: CDFG Model
============================================================
IsTopModel: 0
ResetActiveHigh: 1
IsCombinational: 0
IsDatapathOnly: 0
HasWiredReturn: 1
HasMFsm: 2
HasVarLatency: 1
IsPipeline: 0
IsRtlPipelined: 0
IsInstanceOverlapped: 0
IsDontTouch: 0
HasImplIP: 0
IsGatedGlobalClock: 0

+ Individual pipeline summary: 
  * Pipeline-0: initiation interval (II) = 1, depth = 4


============================================================
+ Verbose Summary: Schedule
============================================================
* Number of FSM states : 4
* Pipeline : 1
  Pipeline-0 : II = 1, D = 4, States = { 1 2 3 4 }
* Dataflow Pipeline: 0

* FSM state transitions: 
1 --> 2 
2 --> 3 
3 --> 4 
4 --> 

* FSM state operations: 

State 1 <SV = 0> <Delay = 6.57>
ST_1 : Operation 7 [1/1] (0.00ns)   --->   "%empty = alloca i32 1"   --->   Operation 7 'alloca' 'empty' <Predicate = true> <Delay = 0.00>
ST_1 : Operation 8 [1/1] (0.00ns)   --->   "%empty_598 = alloca i32 1"   --->   Operation 8 'alloca' 'empty_598' <Predicate = true> <Delay = 0.00>
ST_1 : Operation 9 [1/1] (0.00ns)   --->   "%empty_599 = alloca i32 1"   --->   Operation 9 'alloca' 'empty_599' <Predicate = true> <Delay = 0.00>
ST_1 : Operation 10 [1/1] (0.00ns)   --->   "%empty_600 = alloca i32 1"   --->   Operation 10 'alloca' 'empty_600' <Predicate = true> <Delay = 0.00>
ST_1 : Operation 11 [1/1] (0.00ns)   --->   "%empty_601 = alloca i32 1"   --->   Operation 11 'alloca' 'empty_601' <Predicate = true> <Delay = 0.00>
ST_1 : Operation 12 [1/1] (0.00ns)   --->   "%empty_602 = alloca i32 1"   --->   Operation 12 'alloca' 'empty_602' <Predicate = true> <Delay = 0.00>
ST_1 : Operation 13 [1/1] (0.00ns)   --->   "%empty_603 = alloca i32 1"   --->   Operation 13 'alloca' 'empty_603' <Predicate = true> <Delay = 0.00>
ST_1 : Operation 14 [1/1] (0.00ns)   --->   "%empty_604 = alloca i32 1"   --->   Operation 14 'alloca' 'empty_604' <Predicate = true> <Delay = 0.00>
ST_1 : Operation 15 [1/1] (0.00ns)   --->   "%empty_605 = alloca i32 1"   --->   Operation 15 'alloca' 'empty_605' <Predicate = true> <Delay = 0.00>
ST_1 : Operation 16 [1/1] (0.00ns)   --->   "%empty_606 = alloca i32 1"   --->   Operation 16 'alloca' 'empty_606' <Predicate = true> <Delay = 0.00>
ST_1 : Operation 17 [1/1] (0.00ns)   --->   "%empty_607 = alloca i32 1"   --->   Operation 17 'alloca' 'empty_607' <Predicate = true> <Delay = 0.00>
ST_1 : Operation 18 [1/1] (0.00ns)   --->   "%empty_608 = alloca i32 1"   --->   Operation 18 'alloca' 'empty_608' <Predicate = true> <Delay = 0.00>
ST_1 : Operation 19 [1/1] (0.00ns)   --->   "%empty_609 = alloca i32 1"   --->   Operation 19 'alloca' 'empty_609' <Predicate = true> <Delay = 0.00>
ST_1 : Operation 20 [1/1] (0.00ns)   --->   "%empty_610 = alloca i32 1"   --->   Operation 20 'alloca' 'empty_610' <Predicate = true> <Delay = 0.00>
ST_1 : Operation 21 [1/1] (0.00ns)   --->   "%empty_611 = alloca i32 1"   --->   Operation 21 'alloca' 'empty_611' <Predicate = true> <Delay = 0.00>
ST_1 : Operation 22 [1/1] (0.00ns)   --->   "%empty_612 = alloca i32 1"   --->   Operation 22 'alloca' 'empty_612' <Predicate = true> <Delay = 0.00>
ST_1 : Operation 23 [1/1] (0.00ns)   --->   "%empty_613 = alloca i32 1"   --->   Operation 23 'alloca' 'empty_613' <Predicate = true> <Delay = 0.00>
ST_1 : Operation 24 [1/1] (0.00ns)   --->   "%empty_614 = alloca i32 1"   --->   Operation 24 'alloca' 'empty_614' <Predicate = true> <Delay = 0.00>
ST_1 : Operation 25 [1/1] (0.00ns)   --->   "%empty_615 = alloca i32 1"   --->   Operation 25 'alloca' 'empty_615' <Predicate = true> <Delay = 0.00>
ST_1 : Operation 26 [1/1] (0.00ns)   --->   "%empty_616 = alloca i32 1"   --->   Operation 26 'alloca' 'empty_616' <Predicate = true> <Delay = 0.00>
ST_1 : Operation 27 [1/1] (0.00ns)   --->   "%empty_617 = alloca i32 1"   --->   Operation 27 'alloca' 'empty_617' <Predicate = true> <Delay = 0.00>
ST_1 : Operation 28 [1/1] (0.00ns)   --->   "%empty_618 = alloca i32 1"   --->   Operation 28 'alloca' 'empty_618' <Predicate = true> <Delay = 0.00>
ST_1 : Operation 29 [1/1] (0.00ns)   --->   "%empty_619 = alloca i32 1"   --->   Operation 29 'alloca' 'empty_619' <Predicate = true> <Delay = 0.00>
ST_1 : Operation 30 [1/1] (0.00ns)   --->   "%empty_620 = alloca i32 1"   --->   Operation 30 'alloca' 'empty_620' <Predicate = true> <Delay = 0.00>
ST_1 : Operation 31 [1/1] (0.00ns)   --->   "%empty_621 = alloca i32 1"   --->   Operation 31 'alloca' 'empty_621' <Predicate = true> <Delay = 0.00>
ST_1 : Operation 32 [1/1] (0.00ns)   --->   "%empty_622 = alloca i32 1"   --->   Operation 32 'alloca' 'empty_622' <Predicate = true> <Delay = 0.00>
ST_1 : Operation 33 [1/1] (0.00ns)   --->   "%empty_623 = alloca i32 1"   --->   Operation 33 'alloca' 'empty_623' <Predicate = true> <Delay = 0.00>
ST_1 : Operation 34 [1/1] (0.00ns)   --->   "%empty_624 = alloca i32 1"   --->   Operation 34 'alloca' 'empty_624' <Predicate = true> <Delay = 0.00>
ST_1 : Operation 35 [1/1] (0.00ns)   --->   "%empty_625 = alloca i32 1"   --->   Operation 35 'alloca' 'empty_625' <Predicate = true> <Delay = 0.00>
ST_1 : Operation 36 [1/1] (0.00ns)   --->   "%empty_626 = alloca i32 1"   --->   Operation 36 'alloca' 'empty_626' <Predicate = true> <Delay = 0.00>
ST_1 : Operation 37 [1/1] (0.00ns)   --->   "%empty_627 = alloca i32 1"   --->   Operation 37 'alloca' 'empty_627' <Predicate = true> <Delay = 0.00>
ST_1 : Operation 38 [1/1] (0.00ns)   --->   "%empty_628 = alloca i32 1"   --->   Operation 38 'alloca' 'empty_628' <Predicate = true> <Delay = 0.00>
ST_1 : Operation 39 [1/1] (0.00ns)   --->   "%index = alloca i32 1" [H:/subband_ref_q610_opt_stage4_latency_stepL2.cpp:2717->H:/subband_ref_q610_opt_stage4_latency_stepL2.cpp:2746]   --->   Operation 39 'alloca' 'index' <Predicate = true> <Delay = 0.00>
ST_1 : Operation 40 [1/1] (0.00ns)   --->   "%specmemcore_ln0 = specmemcore void @_ssdm_op_SpecMemCore, i512 %weight_ih_0, i64 666, i64 22, i64 18446744073709551615"   --->   Operation 40 'specmemcore' 'specmemcore_ln0' <Predicate = true> <Delay = 0.00>
ST_1 : Operation 41 [1/1] (0.00ns)   --->   "%input_ptr_223_val_read = read i16 @_ssdm_op_Read.ap_auto.i16, i16 %input_ptr_223_val"   --->   Operation 41 'read' 'input_ptr_223_val_read' <Predicate = true> <Delay = 0.00>
ST_1 : Operation 42 [1/1] (0.00ns)   --->   "%input_ptr_191_val_read = read i16 @_ssdm_op_Read.ap_auto.i16, i16 %input_ptr_191_val"   --->   Operation 42 'read' 'input_ptr_191_val_read' <Predicate = true> <Delay = 0.00>
ST_1 : Operation 43 [1/1] (0.00ns)   --->   "%input_ptr_159_val_read = read i16 @_ssdm_op_Read.ap_auto.i16, i16 %input_ptr_159_val"   --->   Operation 43 'read' 'input_ptr_159_val_read' <Predicate = true> <Delay = 0.00>
ST_1 : Operation 44 [1/1] (0.00ns)   --->   "%input_ptr_127_val_read = read i16 @_ssdm_op_Read.ap_auto.i16, i16 %input_ptr_127_val"   --->   Operation 44 'read' 'input_ptr_127_val_read' <Predicate = true> <Delay = 0.00>
ST_1 : Operation 45 [1/1] (0.00ns)   --->   "%input_ptr_95_val_read = read i16 @_ssdm_op_Read.ap_auto.i16, i16 %input_ptr_95_val"   --->   Operation 45 'read' 'input_ptr_95_val_read' <Predicate = true> <Delay = 0.00>
ST_1 : Operation 46 [1/1] (0.00ns)   --->   "%input_ptr_63_val_read = read i16 @_ssdm_op_Read.ap_auto.i16, i16 %input_ptr_63_val"   --->   Operation 46 'read' 'input_ptr_63_val_read' <Predicate = true> <Delay = 0.00>
ST_1 : Operation 47 [1/1] (0.00ns)   --->   "%input_ptr_31_val_read = read i16 @_ssdm_op_Read.ap_auto.i16, i16 %input_ptr_31_val"   --->   Operation 47 'read' 'input_ptr_31_val_read' <Predicate = true> <Delay = 0.00>
ST_1 : Operation 48 [1/1] (0.00ns)   --->   "%input_ptr_222_val_read = read i16 @_ssdm_op_Read.ap_auto.i16, i16 %input_ptr_222_val"   --->   Operation 48 'read' 'input_ptr_222_val_read' <Predicate = true> <Delay = 0.00>
ST_1 : Operation 49 [1/1] (0.00ns)   --->   "%input_ptr_190_val_read = read i16 @_ssdm_op_Read.ap_auto.i16, i16 %input_ptr_190_val"   --->   Operation 49 'read' 'input_ptr_190_val_read' <Predicate = true> <Delay = 0.00>
ST_1 : Operation 50 [1/1] (0.00ns)   --->   "%input_ptr_158_val_read = read i16 @_ssdm_op_Read.ap_auto.i16, i16 %input_ptr_158_val"   --->   Operation 50 'read' 'input_ptr_158_val_read' <Predicate = true> <Delay = 0.00>
ST_1 : Operation 51 [1/1] (0.00ns)   --->   "%input_ptr_126_val_read = read i16 @_ssdm_op_Read.ap_auto.i16, i16 %input_ptr_126_val"   --->   Operation 51 'read' 'input_ptr_126_val_read' <Predicate = true> <Delay = 0.00>
ST_1 : Operation 52 [1/1] (0.00ns)   --->   "%input_ptr_94_val_read = read i16 @_ssdm_op_Read.ap_auto.i16, i16 %input_ptr_94_val"   --->   Operation 52 'read' 'input_ptr_94_val_read' <Predicate = true> <Delay = 0.00>
ST_1 : Operation 53 [1/1] (0.00ns)   --->   "%input_ptr_62_val_read = read i16 @_ssdm_op_Read.ap_auto.i16, i16 %input_ptr_62_val"   --->   Operation 53 'read' 'input_ptr_62_val_read' <Predicate = true> <Delay = 0.00>
ST_1 : Operation 54 [1/1] (0.00ns)   --->   "%input_ptr_30_val_read = read i16 @_ssdm_op_Read.ap_auto.i16, i16 %input_ptr_30_val"   --->   Operation 54 'read' 'input_ptr_30_val_read' <Predicate = true> <Delay = 0.00>
ST_1 : Operation 55 [1/1] (0.00ns)   --->   "%input_ptr_221_val_read = read i16 @_ssdm_op_Read.ap_auto.i16, i16 %input_ptr_221_val"   --->   Operation 55 'read' 'input_ptr_221_val_read' <Predicate = true> <Delay = 0.00>
ST_1 : Operation 56 [1/1] (0.00ns)   --->   "%input_ptr_189_val_read = read i16 @_ssdm_op_Read.ap_auto.i16, i16 %input_ptr_189_val"   --->   Operation 56 'read' 'input_ptr_189_val_read' <Predicate = true> <Delay = 0.00>
ST_1 : Operation 57 [1/1] (0.00ns)   --->   "%input_ptr_157_val_read = read i16 @_ssdm_op_Read.ap_auto.i16, i16 %input_ptr_157_val"   --->   Operation 57 'read' 'input_ptr_157_val_read' <Predicate = true> <Delay = 0.00>
ST_1 : Operation 58 [1/1] (0.00ns)   --->   "%input_ptr_125_val_read = read i16 @_ssdm_op_Read.ap_auto.i16, i16 %input_ptr_125_val"   --->   Operation 58 'read' 'input_ptr_125_val_read' <Predicate = true> <Delay = 0.00>
ST_1 : Operation 59 [1/1] (0.00ns)   --->   "%input_ptr_93_val_read = read i16 @_ssdm_op_Read.ap_auto.i16, i16 %input_ptr_93_val"   --->   Operation 59 'read' 'input_ptr_93_val_read' <Predicate = true> <Delay = 0.00>
ST_1 : Operation 60 [1/1] (0.00ns)   --->   "%input_ptr_61_val_read = read i16 @_ssdm_op_Read.ap_auto.i16, i16 %input_ptr_61_val"   --->   Operation 60 'read' 'input_ptr_61_val_read' <Predicate = true> <Delay = 0.00>
ST_1 : Operation 61 [1/1] (0.00ns)   --->   "%input_ptr_29_val_read = read i16 @_ssdm_op_Read.ap_auto.i16, i16 %input_ptr_29_val"   --->   Operation 61 'read' 'input_ptr_29_val_read' <Predicate = true> <Delay = 0.00>
ST_1 : Operation 62 [1/1] (0.00ns)   --->   "%input_ptr_220_val_read = read i16 @_ssdm_op_Read.ap_auto.i16, i16 %input_ptr_220_val"   --->   Operation 62 'read' 'input_ptr_220_val_read' <Predicate = true> <Delay = 0.00>
ST_1 : Operation 63 [1/1] (0.00ns)   --->   "%input_ptr_188_val_read = read i16 @_ssdm_op_Read.ap_auto.i16, i16 %input_ptr_188_val"   --->   Operation 63 'read' 'input_ptr_188_val_read' <Predicate = true> <Delay = 0.00>
ST_1 : Operation 64 [1/1] (0.00ns)   --->   "%input_ptr_156_val_read = read i16 @_ssdm_op_Read.ap_auto.i16, i16 %input_ptr_156_val"   --->   Operation 64 'read' 'input_ptr_156_val_read' <Predicate = true> <Delay = 0.00>
ST_1 : Operation 65 [1/1] (0.00ns)   --->   "%input_ptr_124_val_read = read i16 @_ssdm_op_Read.ap_auto.i16, i16 %input_ptr_124_val"   --->   Operation 65 'read' 'input_ptr_124_val_read' <Predicate = true> <Delay = 0.00>
ST_1 : Operation 66 [1/1] (0.00ns)   --->   "%input_ptr_92_val_read = read i16 @_ssdm_op_Read.ap_auto.i16, i16 %input_ptr_92_val"   --->   Operation 66 'read' 'input_ptr_92_val_read' <Predicate = true> <Delay = 0.00>
ST_1 : Operation 67 [1/1] (0.00ns)   --->   "%input_ptr_60_val_read = read i16 @_ssdm_op_Read.ap_auto.i16, i16 %input_ptr_60_val"   --->   Operation 67 'read' 'input_ptr_60_val_read' <Predicate = true> <Delay = 0.00>
ST_1 : Operation 68 [1/1] (0.00ns)   --->   "%input_ptr_28_val_read = read i16 @_ssdm_op_Read.ap_auto.i16, i16 %input_ptr_28_val"   --->   Operation 68 'read' 'input_ptr_28_val_read' <Predicate = true> <Delay = 0.00>
ST_1 : Operation 69 [1/1] (0.00ns)   --->   "%input_ptr_219_val_read = read i16 @_ssdm_op_Read.ap_auto.i16, i16 %input_ptr_219_val"   --->   Operation 69 'read' 'input_ptr_219_val_read' <Predicate = true> <Delay = 0.00>
ST_1 : Operation 70 [1/1] (0.00ns)   --->   "%input_ptr_187_val_read = read i16 @_ssdm_op_Read.ap_auto.i16, i16 %input_ptr_187_val"   --->   Operation 70 'read' 'input_ptr_187_val_read' <Predicate = true> <Delay = 0.00>
ST_1 : Operation 71 [1/1] (0.00ns)   --->   "%input_ptr_155_val_read = read i16 @_ssdm_op_Read.ap_auto.i16, i16 %input_ptr_155_val"   --->   Operation 71 'read' 'input_ptr_155_val_read' <Predicate = true> <Delay = 0.00>
ST_1 : Operation 72 [1/1] (0.00ns)   --->   "%input_ptr_123_val_read = read i16 @_ssdm_op_Read.ap_auto.i16, i16 %input_ptr_123_val"   --->   Operation 72 'read' 'input_ptr_123_val_read' <Predicate = true> <Delay = 0.00>
ST_1 : Operation 73 [1/1] (0.00ns)   --->   "%input_ptr_91_val_read = read i16 @_ssdm_op_Read.ap_auto.i16, i16 %input_ptr_91_val"   --->   Operation 73 'read' 'input_ptr_91_val_read' <Predicate = true> <Delay = 0.00>
ST_1 : Operation 74 [1/1] (0.00ns)   --->   "%input_ptr_59_val_read = read i16 @_ssdm_op_Read.ap_auto.i16, i16 %input_ptr_59_val"   --->   Operation 74 'read' 'input_ptr_59_val_read' <Predicate = true> <Delay = 0.00>
ST_1 : Operation 75 [1/1] (0.00ns)   --->   "%input_ptr_27_val_read = read i16 @_ssdm_op_Read.ap_auto.i16, i16 %input_ptr_27_val"   --->   Operation 75 'read' 'input_ptr_27_val_read' <Predicate = true> <Delay = 0.00>
ST_1 : Operation 76 [1/1] (0.00ns)   --->   "%input_ptr_218_val_read = read i16 @_ssdm_op_Read.ap_auto.i16, i16 %input_ptr_218_val"   --->   Operation 76 'read' 'input_ptr_218_val_read' <Predicate = true> <Delay = 0.00>
ST_1 : Operation 77 [1/1] (0.00ns)   --->   "%input_ptr_186_val_read = read i16 @_ssdm_op_Read.ap_auto.i16, i16 %input_ptr_186_val"   --->   Operation 77 'read' 'input_ptr_186_val_read' <Predicate = true> <Delay = 0.00>
ST_1 : Operation 78 [1/1] (0.00ns)   --->   "%input_ptr_154_val_read = read i16 @_ssdm_op_Read.ap_auto.i16, i16 %input_ptr_154_val"   --->   Operation 78 'read' 'input_ptr_154_val_read' <Predicate = true> <Delay = 0.00>
ST_1 : Operation 79 [1/1] (0.00ns)   --->   "%input_ptr_122_val_read = read i16 @_ssdm_op_Read.ap_auto.i16, i16 %input_ptr_122_val"   --->   Operation 79 'read' 'input_ptr_122_val_read' <Predicate = true> <Delay = 0.00>
ST_1 : Operation 80 [1/1] (0.00ns)   --->   "%input_ptr_90_val_read = read i16 @_ssdm_op_Read.ap_auto.i16, i16 %input_ptr_90_val"   --->   Operation 80 'read' 'input_ptr_90_val_read' <Predicate = true> <Delay = 0.00>
ST_1 : Operation 81 [1/1] (0.00ns)   --->   "%input_ptr_58_val_read = read i16 @_ssdm_op_Read.ap_auto.i16, i16 %input_ptr_58_val"   --->   Operation 81 'read' 'input_ptr_58_val_read' <Predicate = true> <Delay = 0.00>
ST_1 : Operation 82 [1/1] (0.00ns)   --->   "%input_ptr_26_val_read = read i16 @_ssdm_op_Read.ap_auto.i16, i16 %input_ptr_26_val"   --->   Operation 82 'read' 'input_ptr_26_val_read' <Predicate = true> <Delay = 0.00>
ST_1 : Operation 83 [1/1] (0.00ns)   --->   "%input_ptr_217_val_read = read i16 @_ssdm_op_Read.ap_auto.i16, i16 %input_ptr_217_val"   --->   Operation 83 'read' 'input_ptr_217_val_read' <Predicate = true> <Delay = 0.00>
ST_1 : Operation 84 [1/1] (0.00ns)   --->   "%input_ptr_185_val_read = read i16 @_ssdm_op_Read.ap_auto.i16, i16 %input_ptr_185_val"   --->   Operation 84 'read' 'input_ptr_185_val_read' <Predicate = true> <Delay = 0.00>
ST_1 : Operation 85 [1/1] (0.00ns)   --->   "%input_ptr_153_val_read = read i16 @_ssdm_op_Read.ap_auto.i16, i16 %input_ptr_153_val"   --->   Operation 85 'read' 'input_ptr_153_val_read' <Predicate = true> <Delay = 0.00>
ST_1 : Operation 86 [1/1] (0.00ns)   --->   "%input_ptr_121_val_read = read i16 @_ssdm_op_Read.ap_auto.i16, i16 %input_ptr_121_val"   --->   Operation 86 'read' 'input_ptr_121_val_read' <Predicate = true> <Delay = 0.00>
ST_1 : Operation 87 [1/1] (0.00ns)   --->   "%input_ptr_89_val_read = read i16 @_ssdm_op_Read.ap_auto.i16, i16 %input_ptr_89_val"   --->   Operation 87 'read' 'input_ptr_89_val_read' <Predicate = true> <Delay = 0.00>
ST_1 : Operation 88 [1/1] (0.00ns)   --->   "%input_ptr_57_val_read = read i16 @_ssdm_op_Read.ap_auto.i16, i16 %input_ptr_57_val"   --->   Operation 88 'read' 'input_ptr_57_val_read' <Predicate = true> <Delay = 0.00>
ST_1 : Operation 89 [1/1] (0.00ns)   --->   "%input_ptr_25_val_read = read i16 @_ssdm_op_Read.ap_auto.i16, i16 %input_ptr_25_val"   --->   Operation 89 'read' 'input_ptr_25_val_read' <Predicate = true> <Delay = 0.00>
ST_1 : Operation 90 [1/1] (0.00ns)   --->   "%input_ptr_216_val_read = read i16 @_ssdm_op_Read.ap_auto.i16, i16 %input_ptr_216_val"   --->   Operation 90 'read' 'input_ptr_216_val_read' <Predicate = true> <Delay = 0.00>
ST_1 : Operation 91 [1/1] (0.00ns)   --->   "%input_ptr_184_val_read = read i16 @_ssdm_op_Read.ap_auto.i16, i16 %input_ptr_184_val"   --->   Operation 91 'read' 'input_ptr_184_val_read' <Predicate = true> <Delay = 0.00>
ST_1 : Operation 92 [1/1] (0.00ns)   --->   "%input_ptr_152_val_read = read i16 @_ssdm_op_Read.ap_auto.i16, i16 %input_ptr_152_val"   --->   Operation 92 'read' 'input_ptr_152_val_read' <Predicate = true> <Delay = 0.00>
ST_1 : Operation 93 [1/1] (0.00ns)   --->   "%input_ptr_120_val_read = read i16 @_ssdm_op_Read.ap_auto.i16, i16 %input_ptr_120_val"   --->   Operation 93 'read' 'input_ptr_120_val_read' <Predicate = true> <Delay = 0.00>
ST_1 : Operation 94 [1/1] (0.00ns)   --->   "%input_ptr_88_val_read = read i16 @_ssdm_op_Read.ap_auto.i16, i16 %input_ptr_88_val"   --->   Operation 94 'read' 'input_ptr_88_val_read' <Predicate = true> <Delay = 0.00>
ST_1 : Operation 95 [1/1] (0.00ns)   --->   "%input_ptr_56_val_read = read i16 @_ssdm_op_Read.ap_auto.i16, i16 %input_ptr_56_val"   --->   Operation 95 'read' 'input_ptr_56_val_read' <Predicate = true> <Delay = 0.00>
ST_1 : Operation 96 [1/1] (0.00ns)   --->   "%input_ptr_24_val_read = read i16 @_ssdm_op_Read.ap_auto.i16, i16 %input_ptr_24_val"   --->   Operation 96 'read' 'input_ptr_24_val_read' <Predicate = true> <Delay = 0.00>
ST_1 : Operation 97 [1/1] (0.00ns)   --->   "%input_ptr_215_val_read = read i16 @_ssdm_op_Read.ap_auto.i16, i16 %input_ptr_215_val"   --->   Operation 97 'read' 'input_ptr_215_val_read' <Predicate = true> <Delay = 0.00>
ST_1 : Operation 98 [1/1] (0.00ns)   --->   "%input_ptr_183_val_read = read i16 @_ssdm_op_Read.ap_auto.i16, i16 %input_ptr_183_val"   --->   Operation 98 'read' 'input_ptr_183_val_read' <Predicate = true> <Delay = 0.00>
ST_1 : Operation 99 [1/1] (0.00ns)   --->   "%input_ptr_151_val_read = read i16 @_ssdm_op_Read.ap_auto.i16, i16 %input_ptr_151_val"   --->   Operation 99 'read' 'input_ptr_151_val_read' <Predicate = true> <Delay = 0.00>
ST_1 : Operation 100 [1/1] (0.00ns)   --->   "%input_ptr_119_val_read = read i16 @_ssdm_op_Read.ap_auto.i16, i16 %input_ptr_119_val"   --->   Operation 100 'read' 'input_ptr_119_val_read' <Predicate = true> <Delay = 0.00>
ST_1 : Operation 101 [1/1] (0.00ns)   --->   "%input_ptr_87_val_read = read i16 @_ssdm_op_Read.ap_auto.i16, i16 %input_ptr_87_val"   --->   Operation 101 'read' 'input_ptr_87_val_read' <Predicate = true> <Delay = 0.00>
ST_1 : Operation 102 [1/1] (0.00ns)   --->   "%input_ptr_55_val_read = read i16 @_ssdm_op_Read.ap_auto.i16, i16 %input_ptr_55_val"   --->   Operation 102 'read' 'input_ptr_55_val_read' <Predicate = true> <Delay = 0.00>
ST_1 : Operation 103 [1/1] (0.00ns)   --->   "%input_ptr_23_val_read = read i16 @_ssdm_op_Read.ap_auto.i16, i16 %input_ptr_23_val"   --->   Operation 103 'read' 'input_ptr_23_val_read' <Predicate = true> <Delay = 0.00>
ST_1 : Operation 104 [1/1] (0.00ns)   --->   "%input_ptr_214_val_read = read i16 @_ssdm_op_Read.ap_auto.i16, i16 %input_ptr_214_val"   --->   Operation 104 'read' 'input_ptr_214_val_read' <Predicate = true> <Delay = 0.00>
ST_1 : Operation 105 [1/1] (0.00ns)   --->   "%input_ptr_182_val_read = read i16 @_ssdm_op_Read.ap_auto.i16, i16 %input_ptr_182_val"   --->   Operation 105 'read' 'input_ptr_182_val_read' <Predicate = true> <Delay = 0.00>
ST_1 : Operation 106 [1/1] (0.00ns)   --->   "%input_ptr_150_val_read = read i16 @_ssdm_op_Read.ap_auto.i16, i16 %input_ptr_150_val"   --->   Operation 106 'read' 'input_ptr_150_val_read' <Predicate = true> <Delay = 0.00>
ST_1 : Operation 107 [1/1] (0.00ns)   --->   "%input_ptr_118_val_read = read i16 @_ssdm_op_Read.ap_auto.i16, i16 %input_ptr_118_val"   --->   Operation 107 'read' 'input_ptr_118_val_read' <Predicate = true> <Delay = 0.00>
ST_1 : Operation 108 [1/1] (0.00ns)   --->   "%input_ptr_86_val_read = read i16 @_ssdm_op_Read.ap_auto.i16, i16 %input_ptr_86_val"   --->   Operation 108 'read' 'input_ptr_86_val_read' <Predicate = true> <Delay = 0.00>
ST_1 : Operation 109 [1/1] (0.00ns)   --->   "%input_ptr_54_val_read = read i16 @_ssdm_op_Read.ap_auto.i16, i16 %input_ptr_54_val"   --->   Operation 109 'read' 'input_ptr_54_val_read' <Predicate = true> <Delay = 0.00>
ST_1 : Operation 110 [1/1] (0.00ns)   --->   "%input_ptr_22_val_read = read i16 @_ssdm_op_Read.ap_auto.i16, i16 %input_ptr_22_val"   --->   Operation 110 'read' 'input_ptr_22_val_read' <Predicate = true> <Delay = 0.00>
ST_1 : Operation 111 [1/1] (0.00ns)   --->   "%input_ptr_213_val_read = read i16 @_ssdm_op_Read.ap_auto.i16, i16 %input_ptr_213_val"   --->   Operation 111 'read' 'input_ptr_213_val_read' <Predicate = true> <Delay = 0.00>
ST_1 : Operation 112 [1/1] (0.00ns)   --->   "%input_ptr_181_val_read = read i16 @_ssdm_op_Read.ap_auto.i16, i16 %input_ptr_181_val"   --->   Operation 112 'read' 'input_ptr_181_val_read' <Predicate = true> <Delay = 0.00>
ST_1 : Operation 113 [1/1] (0.00ns)   --->   "%input_ptr_149_val_read = read i16 @_ssdm_op_Read.ap_auto.i16, i16 %input_ptr_149_val"   --->   Operation 113 'read' 'input_ptr_149_val_read' <Predicate = true> <Delay = 0.00>
ST_1 : Operation 114 [1/1] (0.00ns)   --->   "%input_ptr_117_val_read = read i16 @_ssdm_op_Read.ap_auto.i16, i16 %input_ptr_117_val"   --->   Operation 114 'read' 'input_ptr_117_val_read' <Predicate = true> <Delay = 0.00>
ST_1 : Operation 115 [1/1] (0.00ns)   --->   "%input_ptr_85_val_read = read i16 @_ssdm_op_Read.ap_auto.i16, i16 %input_ptr_85_val"   --->   Operation 115 'read' 'input_ptr_85_val_read' <Predicate = true> <Delay = 0.00>
ST_1 : Operation 116 [1/1] (0.00ns)   --->   "%input_ptr_53_val_read = read i16 @_ssdm_op_Read.ap_auto.i16, i16 %input_ptr_53_val"   --->   Operation 116 'read' 'input_ptr_53_val_read' <Predicate = true> <Delay = 0.00>
ST_1 : Operation 117 [1/1] (0.00ns)   --->   "%input_ptr_21_val_read = read i16 @_ssdm_op_Read.ap_auto.i16, i16 %input_ptr_21_val"   --->   Operation 117 'read' 'input_ptr_21_val_read' <Predicate = true> <Delay = 0.00>
ST_1 : Operation 118 [1/1] (0.00ns)   --->   "%input_ptr_212_val_read = read i16 @_ssdm_op_Read.ap_auto.i16, i16 %input_ptr_212_val"   --->   Operation 118 'read' 'input_ptr_212_val_read' <Predicate = true> <Delay = 0.00>
ST_1 : Operation 119 [1/1] (0.00ns)   --->   "%input_ptr_180_val_read = read i16 @_ssdm_op_Read.ap_auto.i16, i16 %input_ptr_180_val"   --->   Operation 119 'read' 'input_ptr_180_val_read' <Predicate = true> <Delay = 0.00>
ST_1 : Operation 120 [1/1] (0.00ns)   --->   "%input_ptr_148_val_read = read i16 @_ssdm_op_Read.ap_auto.i16, i16 %input_ptr_148_val"   --->   Operation 120 'read' 'input_ptr_148_val_read' <Predicate = true> <Delay = 0.00>
ST_1 : Operation 121 [1/1] (0.00ns)   --->   "%input_ptr_116_val_read = read i16 @_ssdm_op_Read.ap_auto.i16, i16 %input_ptr_116_val"   --->   Operation 121 'read' 'input_ptr_116_val_read' <Predicate = true> <Delay = 0.00>
ST_1 : Operation 122 [1/1] (0.00ns)   --->   "%input_ptr_84_val_read = read i16 @_ssdm_op_Read.ap_auto.i16, i16 %input_ptr_84_val"   --->   Operation 122 'read' 'input_ptr_84_val_read' <Predicate = true> <Delay = 0.00>
ST_1 : Operation 123 [1/1] (0.00ns)   --->   "%input_ptr_52_val_read = read i16 @_ssdm_op_Read.ap_auto.i16, i16 %input_ptr_52_val"   --->   Operation 123 'read' 'input_ptr_52_val_read' <Predicate = true> <Delay = 0.00>
ST_1 : Operation 124 [1/1] (0.00ns)   --->   "%input_ptr_20_val_read = read i16 @_ssdm_op_Read.ap_auto.i16, i16 %input_ptr_20_val"   --->   Operation 124 'read' 'input_ptr_20_val_read' <Predicate = true> <Delay = 0.00>
ST_1 : Operation 125 [1/1] (0.00ns)   --->   "%input_ptr_211_val_read = read i16 @_ssdm_op_Read.ap_auto.i16, i16 %input_ptr_211_val"   --->   Operation 125 'read' 'input_ptr_211_val_read' <Predicate = true> <Delay = 0.00>
ST_1 : Operation 126 [1/1] (0.00ns)   --->   "%input_ptr_179_val_read = read i16 @_ssdm_op_Read.ap_auto.i16, i16 %input_ptr_179_val"   --->   Operation 126 'read' 'input_ptr_179_val_read' <Predicate = true> <Delay = 0.00>
ST_1 : Operation 127 [1/1] (0.00ns)   --->   "%input_ptr_147_val_read = read i16 @_ssdm_op_Read.ap_auto.i16, i16 %input_ptr_147_val"   --->   Operation 127 'read' 'input_ptr_147_val_read' <Predicate = true> <Delay = 0.00>
ST_1 : Operation 128 [1/1] (0.00ns)   --->   "%input_ptr_115_val_read = read i16 @_ssdm_op_Read.ap_auto.i16, i16 %input_ptr_115_val"   --->   Operation 128 'read' 'input_ptr_115_val_read' <Predicate = true> <Delay = 0.00>
ST_1 : Operation 129 [1/1] (0.00ns)   --->   "%input_ptr_83_val_read = read i16 @_ssdm_op_Read.ap_auto.i16, i16 %input_ptr_83_val"   --->   Operation 129 'read' 'input_ptr_83_val_read' <Predicate = true> <Delay = 0.00>
ST_1 : Operation 130 [1/1] (0.00ns)   --->   "%input_ptr_51_val_read = read i16 @_ssdm_op_Read.ap_auto.i16, i16 %input_ptr_51_val"   --->   Operation 130 'read' 'input_ptr_51_val_read' <Predicate = true> <Delay = 0.00>
ST_1 : Operation 131 [1/1] (0.00ns)   --->   "%input_ptr_19_val_read = read i16 @_ssdm_op_Read.ap_auto.i16, i16 %input_ptr_19_val"   --->   Operation 131 'read' 'input_ptr_19_val_read' <Predicate = true> <Delay = 0.00>
ST_1 : Operation 132 [1/1] (0.00ns)   --->   "%input_ptr_210_val_read = read i16 @_ssdm_op_Read.ap_auto.i16, i16 %input_ptr_210_val"   --->   Operation 132 'read' 'input_ptr_210_val_read' <Predicate = true> <Delay = 0.00>
ST_1 : Operation 133 [1/1] (0.00ns)   --->   "%input_ptr_178_val_read = read i16 @_ssdm_op_Read.ap_auto.i16, i16 %input_ptr_178_val"   --->   Operation 133 'read' 'input_ptr_178_val_read' <Predicate = true> <Delay = 0.00>
ST_1 : Operation 134 [1/1] (0.00ns)   --->   "%input_ptr_146_val_read = read i16 @_ssdm_op_Read.ap_auto.i16, i16 %input_ptr_146_val"   --->   Operation 134 'read' 'input_ptr_146_val_read' <Predicate = true> <Delay = 0.00>
ST_1 : Operation 135 [1/1] (0.00ns)   --->   "%input_ptr_114_val_read = read i16 @_ssdm_op_Read.ap_auto.i16, i16 %input_ptr_114_val"   --->   Operation 135 'read' 'input_ptr_114_val_read' <Predicate = true> <Delay = 0.00>
ST_1 : Operation 136 [1/1] (0.00ns)   --->   "%input_ptr_82_val_read = read i16 @_ssdm_op_Read.ap_auto.i16, i16 %input_ptr_82_val"   --->   Operation 136 'read' 'input_ptr_82_val_read' <Predicate = true> <Delay = 0.00>
ST_1 : Operation 137 [1/1] (0.00ns)   --->   "%input_ptr_50_val_read = read i16 @_ssdm_op_Read.ap_auto.i16, i16 %input_ptr_50_val"   --->   Operation 137 'read' 'input_ptr_50_val_read' <Predicate = true> <Delay = 0.00>
ST_1 : Operation 138 [1/1] (0.00ns)   --->   "%input_ptr_18_val_read = read i16 @_ssdm_op_Read.ap_auto.i16, i16 %input_ptr_18_val"   --->   Operation 138 'read' 'input_ptr_18_val_read' <Predicate = true> <Delay = 0.00>
ST_1 : Operation 139 [1/1] (0.00ns)   --->   "%input_ptr_209_val_read = read i16 @_ssdm_op_Read.ap_auto.i16, i16 %input_ptr_209_val"   --->   Operation 139 'read' 'input_ptr_209_val_read' <Predicate = true> <Delay = 0.00>
ST_1 : Operation 140 [1/1] (0.00ns)   --->   "%input_ptr_177_val_read = read i16 @_ssdm_op_Read.ap_auto.i16, i16 %input_ptr_177_val"   --->   Operation 140 'read' 'input_ptr_177_val_read' <Predicate = true> <Delay = 0.00>
ST_1 : Operation 141 [1/1] (0.00ns)   --->   "%input_ptr_145_val_read = read i16 @_ssdm_op_Read.ap_auto.i16, i16 %input_ptr_145_val"   --->   Operation 141 'read' 'input_ptr_145_val_read' <Predicate = true> <Delay = 0.00>
ST_1 : Operation 142 [1/1] (0.00ns)   --->   "%input_ptr_113_val_read = read i16 @_ssdm_op_Read.ap_auto.i16, i16 %input_ptr_113_val"   --->   Operation 142 'read' 'input_ptr_113_val_read' <Predicate = true> <Delay = 0.00>
ST_1 : Operation 143 [1/1] (0.00ns)   --->   "%input_ptr_81_val_read = read i16 @_ssdm_op_Read.ap_auto.i16, i16 %input_ptr_81_val"   --->   Operation 143 'read' 'input_ptr_81_val_read' <Predicate = true> <Delay = 0.00>
ST_1 : Operation 144 [1/1] (0.00ns)   --->   "%input_ptr_49_val_read = read i16 @_ssdm_op_Read.ap_auto.i16, i16 %input_ptr_49_val"   --->   Operation 144 'read' 'input_ptr_49_val_read' <Predicate = true> <Delay = 0.00>
ST_1 : Operation 145 [1/1] (0.00ns)   --->   "%input_ptr_17_val_read = read i16 @_ssdm_op_Read.ap_auto.i16, i16 %input_ptr_17_val"   --->   Operation 145 'read' 'input_ptr_17_val_read' <Predicate = true> <Delay = 0.00>
ST_1 : Operation 146 [1/1] (0.00ns)   --->   "%input_ptr_208_val_read = read i16 @_ssdm_op_Read.ap_auto.i16, i16 %input_ptr_208_val"   --->   Operation 146 'read' 'input_ptr_208_val_read' <Predicate = true> <Delay = 0.00>
ST_1 : Operation 147 [1/1] (0.00ns)   --->   "%input_ptr_176_val_read = read i16 @_ssdm_op_Read.ap_auto.i16, i16 %input_ptr_176_val"   --->   Operation 147 'read' 'input_ptr_176_val_read' <Predicate = true> <Delay = 0.00>
ST_1 : Operation 148 [1/1] (0.00ns)   --->   "%input_ptr_144_val_read = read i16 @_ssdm_op_Read.ap_auto.i16, i16 %input_ptr_144_val"   --->   Operation 148 'read' 'input_ptr_144_val_read' <Predicate = true> <Delay = 0.00>
ST_1 : Operation 149 [1/1] (0.00ns)   --->   "%input_ptr_112_val_read = read i16 @_ssdm_op_Read.ap_auto.i16, i16 %input_ptr_112_val"   --->   Operation 149 'read' 'input_ptr_112_val_read' <Predicate = true> <Delay = 0.00>
ST_1 : Operation 150 [1/1] (0.00ns)   --->   "%input_ptr_80_val_read = read i16 @_ssdm_op_Read.ap_auto.i16, i16 %input_ptr_80_val"   --->   Operation 150 'read' 'input_ptr_80_val_read' <Predicate = true> <Delay = 0.00>
ST_1 : Operation 151 [1/1] (0.00ns)   --->   "%input_ptr_48_val_read = read i16 @_ssdm_op_Read.ap_auto.i16, i16 %input_ptr_48_val"   --->   Operation 151 'read' 'input_ptr_48_val_read' <Predicate = true> <Delay = 0.00>
ST_1 : Operation 152 [1/1] (0.00ns)   --->   "%input_ptr_16_val_read = read i16 @_ssdm_op_Read.ap_auto.i16, i16 %input_ptr_16_val"   --->   Operation 152 'read' 'input_ptr_16_val_read' <Predicate = true> <Delay = 0.00>
ST_1 : Operation 153 [1/1] (0.00ns)   --->   "%input_ptr_207_val_read = read i16 @_ssdm_op_Read.ap_auto.i16, i16 %input_ptr_207_val"   --->   Operation 153 'read' 'input_ptr_207_val_read' <Predicate = true> <Delay = 0.00>
ST_1 : Operation 154 [1/1] (0.00ns)   --->   "%input_ptr_175_val_read = read i16 @_ssdm_op_Read.ap_auto.i16, i16 %input_ptr_175_val"   --->   Operation 154 'read' 'input_ptr_175_val_read' <Predicate = true> <Delay = 0.00>
ST_1 : Operation 155 [1/1] (0.00ns)   --->   "%input_ptr_143_val_read = read i16 @_ssdm_op_Read.ap_auto.i16, i16 %input_ptr_143_val"   --->   Operation 155 'read' 'input_ptr_143_val_read' <Predicate = true> <Delay = 0.00>
ST_1 : Operation 156 [1/1] (0.00ns)   --->   "%input_ptr_111_val_read = read i16 @_ssdm_op_Read.ap_auto.i16, i16 %input_ptr_111_val"   --->   Operation 156 'read' 'input_ptr_111_val_read' <Predicate = true> <Delay = 0.00>
ST_1 : Operation 157 [1/1] (0.00ns)   --->   "%input_ptr_79_val_read = read i16 @_ssdm_op_Read.ap_auto.i16, i16 %input_ptr_79_val"   --->   Operation 157 'read' 'input_ptr_79_val_read' <Predicate = true> <Delay = 0.00>
ST_1 : Operation 158 [1/1] (0.00ns)   --->   "%input_ptr_47_val_read = read i16 @_ssdm_op_Read.ap_auto.i16, i16 %input_ptr_47_val"   --->   Operation 158 'read' 'input_ptr_47_val_read' <Predicate = true> <Delay = 0.00>
ST_1 : Operation 159 [1/1] (0.00ns)   --->   "%input_ptr_15_val_read = read i16 @_ssdm_op_Read.ap_auto.i16, i16 %input_ptr_15_val"   --->   Operation 159 'read' 'input_ptr_15_val_read' <Predicate = true> <Delay = 0.00>
ST_1 : Operation 160 [1/1] (0.00ns)   --->   "%input_ptr_206_val_read = read i16 @_ssdm_op_Read.ap_auto.i16, i16 %input_ptr_206_val"   --->   Operation 160 'read' 'input_ptr_206_val_read' <Predicate = true> <Delay = 0.00>
ST_1 : Operation 161 [1/1] (0.00ns)   --->   "%input_ptr_174_val_read = read i16 @_ssdm_op_Read.ap_auto.i16, i16 %input_ptr_174_val"   --->   Operation 161 'read' 'input_ptr_174_val_read' <Predicate = true> <Delay = 0.00>
ST_1 : Operation 162 [1/1] (0.00ns)   --->   "%input_ptr_142_val_read = read i16 @_ssdm_op_Read.ap_auto.i16, i16 %input_ptr_142_val"   --->   Operation 162 'read' 'input_ptr_142_val_read' <Predicate = true> <Delay = 0.00>
ST_1 : Operation 163 [1/1] (0.00ns)   --->   "%input_ptr_110_val_read = read i16 @_ssdm_op_Read.ap_auto.i16, i16 %input_ptr_110_val"   --->   Operation 163 'read' 'input_ptr_110_val_read' <Predicate = true> <Delay = 0.00>
ST_1 : Operation 164 [1/1] (0.00ns)   --->   "%input_ptr_78_val_read = read i16 @_ssdm_op_Read.ap_auto.i16, i16 %input_ptr_78_val"   --->   Operation 164 'read' 'input_ptr_78_val_read' <Predicate = true> <Delay = 0.00>
ST_1 : Operation 165 [1/1] (0.00ns)   --->   "%input_ptr_46_val_read = read i16 @_ssdm_op_Read.ap_auto.i16, i16 %input_ptr_46_val"   --->   Operation 165 'read' 'input_ptr_46_val_read' <Predicate = true> <Delay = 0.00>
ST_1 : Operation 166 [1/1] (0.00ns)   --->   "%input_ptr_14_val_read = read i16 @_ssdm_op_Read.ap_auto.i16, i16 %input_ptr_14_val"   --->   Operation 166 'read' 'input_ptr_14_val_read' <Predicate = true> <Delay = 0.00>
ST_1 : Operation 167 [1/1] (0.00ns)   --->   "%input_ptr_205_val_read = read i16 @_ssdm_op_Read.ap_auto.i16, i16 %input_ptr_205_val"   --->   Operation 167 'read' 'input_ptr_205_val_read' <Predicate = true> <Delay = 0.00>
ST_1 : Operation 168 [1/1] (0.00ns)   --->   "%input_ptr_173_val_read = read i16 @_ssdm_op_Read.ap_auto.i16, i16 %input_ptr_173_val"   --->   Operation 168 'read' 'input_ptr_173_val_read' <Predicate = true> <Delay = 0.00>
ST_1 : Operation 169 [1/1] (0.00ns)   --->   "%input_ptr_141_val_read = read i16 @_ssdm_op_Read.ap_auto.i16, i16 %input_ptr_141_val"   --->   Operation 169 'read' 'input_ptr_141_val_read' <Predicate = true> <Delay = 0.00>
ST_1 : Operation 170 [1/1] (0.00ns)   --->   "%input_ptr_109_val_read = read i16 @_ssdm_op_Read.ap_auto.i16, i16 %input_ptr_109_val"   --->   Operation 170 'read' 'input_ptr_109_val_read' <Predicate = true> <Delay = 0.00>
ST_1 : Operation 171 [1/1] (0.00ns)   --->   "%input_ptr_77_val_read = read i16 @_ssdm_op_Read.ap_auto.i16, i16 %input_ptr_77_val"   --->   Operation 171 'read' 'input_ptr_77_val_read' <Predicate = true> <Delay = 0.00>
ST_1 : Operation 172 [1/1] (0.00ns)   --->   "%input_ptr_45_val_read = read i16 @_ssdm_op_Read.ap_auto.i16, i16 %input_ptr_45_val"   --->   Operation 172 'read' 'input_ptr_45_val_read' <Predicate = true> <Delay = 0.00>
ST_1 : Operation 173 [1/1] (0.00ns)   --->   "%input_ptr_13_val_read = read i16 @_ssdm_op_Read.ap_auto.i16, i16 %input_ptr_13_val"   --->   Operation 173 'read' 'input_ptr_13_val_read' <Predicate = true> <Delay = 0.00>
ST_1 : Operation 174 [1/1] (0.00ns)   --->   "%input_ptr_204_val_read = read i16 @_ssdm_op_Read.ap_auto.i16, i16 %input_ptr_204_val"   --->   Operation 174 'read' 'input_ptr_204_val_read' <Predicate = true> <Delay = 0.00>
ST_1 : Operation 175 [1/1] (0.00ns)   --->   "%input_ptr_172_val_read = read i16 @_ssdm_op_Read.ap_auto.i16, i16 %input_ptr_172_val"   --->   Operation 175 'read' 'input_ptr_172_val_read' <Predicate = true> <Delay = 0.00>
ST_1 : Operation 176 [1/1] (0.00ns)   --->   "%input_ptr_140_val_read = read i16 @_ssdm_op_Read.ap_auto.i16, i16 %input_ptr_140_val"   --->   Operation 176 'read' 'input_ptr_140_val_read' <Predicate = true> <Delay = 0.00>
ST_1 : Operation 177 [1/1] (0.00ns)   --->   "%input_ptr_108_val_read = read i16 @_ssdm_op_Read.ap_auto.i16, i16 %input_ptr_108_val"   --->   Operation 177 'read' 'input_ptr_108_val_read' <Predicate = true> <Delay = 0.00>
ST_1 : Operation 178 [1/1] (0.00ns)   --->   "%input_ptr_76_val_read = read i16 @_ssdm_op_Read.ap_auto.i16, i16 %input_ptr_76_val"   --->   Operation 178 'read' 'input_ptr_76_val_read' <Predicate = true> <Delay = 0.00>
ST_1 : Operation 179 [1/1] (0.00ns)   --->   "%input_ptr_44_val_read = read i16 @_ssdm_op_Read.ap_auto.i16, i16 %input_ptr_44_val"   --->   Operation 179 'read' 'input_ptr_44_val_read' <Predicate = true> <Delay = 0.00>
ST_1 : Operation 180 [1/1] (0.00ns)   --->   "%input_ptr_12_val_read = read i16 @_ssdm_op_Read.ap_auto.i16, i16 %input_ptr_12_val"   --->   Operation 180 'read' 'input_ptr_12_val_read' <Predicate = true> <Delay = 0.00>
ST_1 : Operation 181 [1/1] (0.00ns)   --->   "%input_ptr_203_val_read = read i16 @_ssdm_op_Read.ap_auto.i16, i16 %input_ptr_203_val"   --->   Operation 181 'read' 'input_ptr_203_val_read' <Predicate = true> <Delay = 0.00>
ST_1 : Operation 182 [1/1] (0.00ns)   --->   "%input_ptr_171_val_read = read i16 @_ssdm_op_Read.ap_auto.i16, i16 %input_ptr_171_val"   --->   Operation 182 'read' 'input_ptr_171_val_read' <Predicate = true> <Delay = 0.00>
ST_1 : Operation 183 [1/1] (0.00ns)   --->   "%input_ptr_139_val_read = read i16 @_ssdm_op_Read.ap_auto.i16, i16 %input_ptr_139_val"   --->   Operation 183 'read' 'input_ptr_139_val_read' <Predicate = true> <Delay = 0.00>
ST_1 : Operation 184 [1/1] (0.00ns)   --->   "%input_ptr_107_val_read = read i16 @_ssdm_op_Read.ap_auto.i16, i16 %input_ptr_107_val"   --->   Operation 184 'read' 'input_ptr_107_val_read' <Predicate = true> <Delay = 0.00>
ST_1 : Operation 185 [1/1] (0.00ns)   --->   "%input_ptr_75_val_read = read i16 @_ssdm_op_Read.ap_auto.i16, i16 %input_ptr_75_val"   --->   Operation 185 'read' 'input_ptr_75_val_read' <Predicate = true> <Delay = 0.00>
ST_1 : Operation 186 [1/1] (0.00ns)   --->   "%input_ptr_43_val_read = read i16 @_ssdm_op_Read.ap_auto.i16, i16 %input_ptr_43_val"   --->   Operation 186 'read' 'input_ptr_43_val_read' <Predicate = true> <Delay = 0.00>
ST_1 : Operation 187 [1/1] (0.00ns)   --->   "%input_ptr_11_val_read = read i16 @_ssdm_op_Read.ap_auto.i16, i16 %input_ptr_11_val"   --->   Operation 187 'read' 'input_ptr_11_val_read' <Predicate = true> <Delay = 0.00>
ST_1 : Operation 188 [1/1] (0.00ns)   --->   "%input_ptr_202_val_read = read i16 @_ssdm_op_Read.ap_auto.i16, i16 %input_ptr_202_val"   --->   Operation 188 'read' 'input_ptr_202_val_read' <Predicate = true> <Delay = 0.00>
ST_1 : Operation 189 [1/1] (0.00ns)   --->   "%input_ptr_170_val_read = read i16 @_ssdm_op_Read.ap_auto.i16, i16 %input_ptr_170_val"   --->   Operation 189 'read' 'input_ptr_170_val_read' <Predicate = true> <Delay = 0.00>
ST_1 : Operation 190 [1/1] (0.00ns)   --->   "%input_ptr_138_val_read = read i16 @_ssdm_op_Read.ap_auto.i16, i16 %input_ptr_138_val"   --->   Operation 190 'read' 'input_ptr_138_val_read' <Predicate = true> <Delay = 0.00>
ST_1 : Operation 191 [1/1] (0.00ns)   --->   "%input_ptr_106_val_read = read i16 @_ssdm_op_Read.ap_auto.i16, i16 %input_ptr_106_val"   --->   Operation 191 'read' 'input_ptr_106_val_read' <Predicate = true> <Delay = 0.00>
ST_1 : Operation 192 [1/1] (0.00ns)   --->   "%input_ptr_74_val_read = read i16 @_ssdm_op_Read.ap_auto.i16, i16 %input_ptr_74_val"   --->   Operation 192 'read' 'input_ptr_74_val_read' <Predicate = true> <Delay = 0.00>
ST_1 : Operation 193 [1/1] (0.00ns)   --->   "%input_ptr_42_val_read = read i16 @_ssdm_op_Read.ap_auto.i16, i16 %input_ptr_42_val"   --->   Operation 193 'read' 'input_ptr_42_val_read' <Predicate = true> <Delay = 0.00>
ST_1 : Operation 194 [1/1] (0.00ns)   --->   "%input_ptr_10_val_read = read i16 @_ssdm_op_Read.ap_auto.i16, i16 %input_ptr_10_val"   --->   Operation 194 'read' 'input_ptr_10_val_read' <Predicate = true> <Delay = 0.00>
ST_1 : Operation 195 [1/1] (0.00ns)   --->   "%input_ptr_201_val_read = read i16 @_ssdm_op_Read.ap_auto.i16, i16 %input_ptr_201_val"   --->   Operation 195 'read' 'input_ptr_201_val_read' <Predicate = true> <Delay = 0.00>
ST_1 : Operation 196 [1/1] (0.00ns)   --->   "%input_ptr_169_val_read = read i16 @_ssdm_op_Read.ap_auto.i16, i16 %input_ptr_169_val"   --->   Operation 196 'read' 'input_ptr_169_val_read' <Predicate = true> <Delay = 0.00>
ST_1 : Operation 197 [1/1] (0.00ns)   --->   "%input_ptr_137_val_read = read i16 @_ssdm_op_Read.ap_auto.i16, i16 %input_ptr_137_val"   --->   Operation 197 'read' 'input_ptr_137_val_read' <Predicate = true> <Delay = 0.00>
ST_1 : Operation 198 [1/1] (0.00ns)   --->   "%input_ptr_105_val_read = read i16 @_ssdm_op_Read.ap_auto.i16, i16 %input_ptr_105_val"   --->   Operation 198 'read' 'input_ptr_105_val_read' <Predicate = true> <Delay = 0.00>
ST_1 : Operation 199 [1/1] (0.00ns)   --->   "%input_ptr_73_val_read = read i16 @_ssdm_op_Read.ap_auto.i16, i16 %input_ptr_73_val"   --->   Operation 199 'read' 'input_ptr_73_val_read' <Predicate = true> <Delay = 0.00>
ST_1 : Operation 200 [1/1] (0.00ns)   --->   "%input_ptr_41_val_read = read i16 @_ssdm_op_Read.ap_auto.i16, i16 %input_ptr_41_val"   --->   Operation 200 'read' 'input_ptr_41_val_read' <Predicate = true> <Delay = 0.00>
ST_1 : Operation 201 [1/1] (0.00ns)   --->   "%input_ptr_9_val_read = read i16 @_ssdm_op_Read.ap_auto.i16, i16 %input_ptr_9_val"   --->   Operation 201 'read' 'input_ptr_9_val_read' <Predicate = true> <Delay = 0.00>
ST_1 : Operation 202 [1/1] (0.00ns)   --->   "%input_ptr_200_val_read = read i16 @_ssdm_op_Read.ap_auto.i16, i16 %input_ptr_200_val"   --->   Operation 202 'read' 'input_ptr_200_val_read' <Predicate = true> <Delay = 0.00>
ST_1 : Operation 203 [1/1] (0.00ns)   --->   "%input_ptr_168_val_read = read i16 @_ssdm_op_Read.ap_auto.i16, i16 %input_ptr_168_val"   --->   Operation 203 'read' 'input_ptr_168_val_read' <Predicate = true> <Delay = 0.00>
ST_1 : Operation 204 [1/1] (0.00ns)   --->   "%input_ptr_136_val_read = read i16 @_ssdm_op_Read.ap_auto.i16, i16 %input_ptr_136_val"   --->   Operation 204 'read' 'input_ptr_136_val_read' <Predicate = true> <Delay = 0.00>
ST_1 : Operation 205 [1/1] (0.00ns)   --->   "%input_ptr_104_val_read = read i16 @_ssdm_op_Read.ap_auto.i16, i16 %input_ptr_104_val"   --->   Operation 205 'read' 'input_ptr_104_val_read' <Predicate = true> <Delay = 0.00>
ST_1 : Operation 206 [1/1] (0.00ns)   --->   "%input_ptr_72_val_read = read i16 @_ssdm_op_Read.ap_auto.i16, i16 %input_ptr_72_val"   --->   Operation 206 'read' 'input_ptr_72_val_read' <Predicate = true> <Delay = 0.00>
ST_1 : Operation 207 [1/1] (0.00ns)   --->   "%input_ptr_40_val_read = read i16 @_ssdm_op_Read.ap_auto.i16, i16 %input_ptr_40_val"   --->   Operation 207 'read' 'input_ptr_40_val_read' <Predicate = true> <Delay = 0.00>
ST_1 : Operation 208 [1/1] (0.00ns)   --->   "%input_ptr_8_val_read = read i16 @_ssdm_op_Read.ap_auto.i16, i16 %input_ptr_8_val"   --->   Operation 208 'read' 'input_ptr_8_val_read' <Predicate = true> <Delay = 0.00>
ST_1 : Operation 209 [1/1] (0.00ns)   --->   "%input_ptr_199_val_read = read i16 @_ssdm_op_Read.ap_auto.i16, i16 %input_ptr_199_val"   --->   Operation 209 'read' 'input_ptr_199_val_read' <Predicate = true> <Delay = 0.00>
ST_1 : Operation 210 [1/1] (0.00ns)   --->   "%input_ptr_167_val_read = read i16 @_ssdm_op_Read.ap_auto.i16, i16 %input_ptr_167_val"   --->   Operation 210 'read' 'input_ptr_167_val_read' <Predicate = true> <Delay = 0.00>
ST_1 : Operation 211 [1/1] (0.00ns)   --->   "%input_ptr_135_val_read = read i16 @_ssdm_op_Read.ap_auto.i16, i16 %input_ptr_135_val"   --->   Operation 211 'read' 'input_ptr_135_val_read' <Predicate = true> <Delay = 0.00>
ST_1 : Operation 212 [1/1] (0.00ns)   --->   "%input_ptr_103_val_read = read i16 @_ssdm_op_Read.ap_auto.i16, i16 %input_ptr_103_val"   --->   Operation 212 'read' 'input_ptr_103_val_read' <Predicate = true> <Delay = 0.00>
ST_1 : Operation 213 [1/1] (0.00ns)   --->   "%input_ptr_71_val_read = read i16 @_ssdm_op_Read.ap_auto.i16, i16 %input_ptr_71_val"   --->   Operation 213 'read' 'input_ptr_71_val_read' <Predicate = true> <Delay = 0.00>
ST_1 : Operation 214 [1/1] (0.00ns)   --->   "%input_ptr_39_val_read = read i16 @_ssdm_op_Read.ap_auto.i16, i16 %input_ptr_39_val"   --->   Operation 214 'read' 'input_ptr_39_val_read' <Predicate = true> <Delay = 0.00>
ST_1 : Operation 215 [1/1] (0.00ns)   --->   "%input_ptr_7_val_read = read i16 @_ssdm_op_Read.ap_auto.i16, i16 %input_ptr_7_val"   --->   Operation 215 'read' 'input_ptr_7_val_read' <Predicate = true> <Delay = 0.00>
ST_1 : Operation 216 [1/1] (0.00ns)   --->   "%input_ptr_198_val_read = read i16 @_ssdm_op_Read.ap_auto.i16, i16 %input_ptr_198_val"   --->   Operation 216 'read' 'input_ptr_198_val_read' <Predicate = true> <Delay = 0.00>
ST_1 : Operation 217 [1/1] (0.00ns)   --->   "%input_ptr_166_val_read = read i16 @_ssdm_op_Read.ap_auto.i16, i16 %input_ptr_166_val"   --->   Operation 217 'read' 'input_ptr_166_val_read' <Predicate = true> <Delay = 0.00>
ST_1 : Operation 218 [1/1] (0.00ns)   --->   "%input_ptr_134_val_read = read i16 @_ssdm_op_Read.ap_auto.i16, i16 %input_ptr_134_val"   --->   Operation 218 'read' 'input_ptr_134_val_read' <Predicate = true> <Delay = 0.00>
ST_1 : Operation 219 [1/1] (0.00ns)   --->   "%input_ptr_102_val_read = read i16 @_ssdm_op_Read.ap_auto.i16, i16 %input_ptr_102_val"   --->   Operation 219 'read' 'input_ptr_102_val_read' <Predicate = true> <Delay = 0.00>
ST_1 : Operation 220 [1/1] (0.00ns)   --->   "%input_ptr_70_val_read = read i16 @_ssdm_op_Read.ap_auto.i16, i16 %input_ptr_70_val"   --->   Operation 220 'read' 'input_ptr_70_val_read' <Predicate = true> <Delay = 0.00>
ST_1 : Operation 221 [1/1] (0.00ns)   --->   "%input_ptr_38_val_read = read i16 @_ssdm_op_Read.ap_auto.i16, i16 %input_ptr_38_val"   --->   Operation 221 'read' 'input_ptr_38_val_read' <Predicate = true> <Delay = 0.00>
ST_1 : Operation 222 [1/1] (0.00ns)   --->   "%input_ptr_6_val_read = read i16 @_ssdm_op_Read.ap_auto.i16, i16 %input_ptr_6_val"   --->   Operation 222 'read' 'input_ptr_6_val_read' <Predicate = true> <Delay = 0.00>
ST_1 : Operation 223 [1/1] (0.00ns)   --->   "%input_ptr_197_val_read = read i16 @_ssdm_op_Read.ap_auto.i16, i16 %input_ptr_197_val"   --->   Operation 223 'read' 'input_ptr_197_val_read' <Predicate = true> <Delay = 0.00>
ST_1 : Operation 224 [1/1] (0.00ns)   --->   "%input_ptr_165_val_read = read i16 @_ssdm_op_Read.ap_auto.i16, i16 %input_ptr_165_val"   --->   Operation 224 'read' 'input_ptr_165_val_read' <Predicate = true> <Delay = 0.00>
ST_1 : Operation 225 [1/1] (0.00ns)   --->   "%input_ptr_133_val_read = read i16 @_ssdm_op_Read.ap_auto.i16, i16 %input_ptr_133_val"   --->   Operation 225 'read' 'input_ptr_133_val_read' <Predicate = true> <Delay = 0.00>
ST_1 : Operation 226 [1/1] (0.00ns)   --->   "%input_ptr_101_val_read = read i16 @_ssdm_op_Read.ap_auto.i16, i16 %input_ptr_101_val"   --->   Operation 226 'read' 'input_ptr_101_val_read' <Predicate = true> <Delay = 0.00>
ST_1 : Operation 227 [1/1] (0.00ns)   --->   "%input_ptr_69_val_read = read i16 @_ssdm_op_Read.ap_auto.i16, i16 %input_ptr_69_val"   --->   Operation 227 'read' 'input_ptr_69_val_read' <Predicate = true> <Delay = 0.00>
ST_1 : Operation 228 [1/1] (0.00ns)   --->   "%input_ptr_37_val_read = read i16 @_ssdm_op_Read.ap_auto.i16, i16 %input_ptr_37_val"   --->   Operation 228 'read' 'input_ptr_37_val_read' <Predicate = true> <Delay = 0.00>
ST_1 : Operation 229 [1/1] (0.00ns)   --->   "%input_ptr_5_val_read = read i16 @_ssdm_op_Read.ap_auto.i16, i16 %input_ptr_5_val"   --->   Operation 229 'read' 'input_ptr_5_val_read' <Predicate = true> <Delay = 0.00>
ST_1 : Operation 230 [1/1] (0.00ns)   --->   "%input_ptr_196_val_read = read i16 @_ssdm_op_Read.ap_auto.i16, i16 %input_ptr_196_val"   --->   Operation 230 'read' 'input_ptr_196_val_read' <Predicate = true> <Delay = 0.00>
ST_1 : Operation 231 [1/1] (0.00ns)   --->   "%input_ptr_164_val_read = read i16 @_ssdm_op_Read.ap_auto.i16, i16 %input_ptr_164_val"   --->   Operation 231 'read' 'input_ptr_164_val_read' <Predicate = true> <Delay = 0.00>
ST_1 : Operation 232 [1/1] (0.00ns)   --->   "%input_ptr_132_val_read = read i16 @_ssdm_op_Read.ap_auto.i16, i16 %input_ptr_132_val"   --->   Operation 232 'read' 'input_ptr_132_val_read' <Predicate = true> <Delay = 0.00>
ST_1 : Operation 233 [1/1] (0.00ns)   --->   "%input_ptr_100_val_read = read i16 @_ssdm_op_Read.ap_auto.i16, i16 %input_ptr_100_val"   --->   Operation 233 'read' 'input_ptr_100_val_read' <Predicate = true> <Delay = 0.00>
ST_1 : Operation 234 [1/1] (0.00ns)   --->   "%input_ptr_68_val_read = read i16 @_ssdm_op_Read.ap_auto.i16, i16 %input_ptr_68_val"   --->   Operation 234 'read' 'input_ptr_68_val_read' <Predicate = true> <Delay = 0.00>
ST_1 : Operation 235 [1/1] (0.00ns)   --->   "%input_ptr_36_val_read = read i16 @_ssdm_op_Read.ap_auto.i16, i16 %input_ptr_36_val"   --->   Operation 235 'read' 'input_ptr_36_val_read' <Predicate = true> <Delay = 0.00>
ST_1 : Operation 236 [1/1] (0.00ns)   --->   "%input_ptr_4_val_read = read i16 @_ssdm_op_Read.ap_auto.i16, i16 %input_ptr_4_val"   --->   Operation 236 'read' 'input_ptr_4_val_read' <Predicate = true> <Delay = 0.00>
ST_1 : Operation 237 [1/1] (0.00ns)   --->   "%input_ptr_195_val_read = read i16 @_ssdm_op_Read.ap_auto.i16, i16 %input_ptr_195_val"   --->   Operation 237 'read' 'input_ptr_195_val_read' <Predicate = true> <Delay = 0.00>
ST_1 : Operation 238 [1/1] (0.00ns)   --->   "%input_ptr_163_val_read = read i16 @_ssdm_op_Read.ap_auto.i16, i16 %input_ptr_163_val"   --->   Operation 238 'read' 'input_ptr_163_val_read' <Predicate = true> <Delay = 0.00>
ST_1 : Operation 239 [1/1] (0.00ns)   --->   "%input_ptr_131_val_read = read i16 @_ssdm_op_Read.ap_auto.i16, i16 %input_ptr_131_val"   --->   Operation 239 'read' 'input_ptr_131_val_read' <Predicate = true> <Delay = 0.00>
ST_1 : Operation 240 [1/1] (0.00ns)   --->   "%input_ptr_99_val_read = read i16 @_ssdm_op_Read.ap_auto.i16, i16 %input_ptr_99_val"   --->   Operation 240 'read' 'input_ptr_99_val_read' <Predicate = true> <Delay = 0.00>
ST_1 : Operation 241 [1/1] (0.00ns)   --->   "%input_ptr_67_val_read = read i16 @_ssdm_op_Read.ap_auto.i16, i16 %input_ptr_67_val"   --->   Operation 241 'read' 'input_ptr_67_val_read' <Predicate = true> <Delay = 0.00>
ST_1 : Operation 242 [1/1] (0.00ns)   --->   "%input_ptr_35_val_read = read i16 @_ssdm_op_Read.ap_auto.i16, i16 %input_ptr_35_val"   --->   Operation 242 'read' 'input_ptr_35_val_read' <Predicate = true> <Delay = 0.00>
ST_1 : Operation 243 [1/1] (0.00ns)   --->   "%input_ptr_3_val_read = read i16 @_ssdm_op_Read.ap_auto.i16, i16 %input_ptr_3_val"   --->   Operation 243 'read' 'input_ptr_3_val_read' <Predicate = true> <Delay = 0.00>
ST_1 : Operation 244 [1/1] (0.00ns)   --->   "%input_ptr_194_val_read = read i16 @_ssdm_op_Read.ap_auto.i16, i16 %input_ptr_194_val"   --->   Operation 244 'read' 'input_ptr_194_val_read' <Predicate = true> <Delay = 0.00>
ST_1 : Operation 245 [1/1] (0.00ns)   --->   "%input_ptr_162_val_read = read i16 @_ssdm_op_Read.ap_auto.i16, i16 %input_ptr_162_val"   --->   Operation 245 'read' 'input_ptr_162_val_read' <Predicate = true> <Delay = 0.00>
ST_1 : Operation 246 [1/1] (0.00ns)   --->   "%input_ptr_130_val_read = read i16 @_ssdm_op_Read.ap_auto.i16, i16 %input_ptr_130_val"   --->   Operation 246 'read' 'input_ptr_130_val_read' <Predicate = true> <Delay = 0.00>
ST_1 : Operation 247 [1/1] (0.00ns)   --->   "%input_ptr_98_val_read = read i16 @_ssdm_op_Read.ap_auto.i16, i16 %input_ptr_98_val"   --->   Operation 247 'read' 'input_ptr_98_val_read' <Predicate = true> <Delay = 0.00>
ST_1 : Operation 248 [1/1] (0.00ns)   --->   "%input_ptr_66_val_read = read i16 @_ssdm_op_Read.ap_auto.i16, i16 %input_ptr_66_val"   --->   Operation 248 'read' 'input_ptr_66_val_read' <Predicate = true> <Delay = 0.00>
ST_1 : Operation 249 [1/1] (0.00ns)   --->   "%input_ptr_34_val_read = read i16 @_ssdm_op_Read.ap_auto.i16, i16 %input_ptr_34_val"   --->   Operation 249 'read' 'input_ptr_34_val_read' <Predicate = true> <Delay = 0.00>
ST_1 : Operation 250 [1/1] (0.00ns)   --->   "%input_ptr_2_val_read = read i16 @_ssdm_op_Read.ap_auto.i16, i16 %input_ptr_2_val"   --->   Operation 250 'read' 'input_ptr_2_val_read' <Predicate = true> <Delay = 0.00>
ST_1 : Operation 251 [1/1] (0.00ns)   --->   "%input_ptr_193_val_read = read i16 @_ssdm_op_Read.ap_auto.i16, i16 %input_ptr_193_val"   --->   Operation 251 'read' 'input_ptr_193_val_read' <Predicate = true> <Delay = 0.00>
ST_1 : Operation 252 [1/1] (0.00ns)   --->   "%input_ptr_161_val_read = read i16 @_ssdm_op_Read.ap_auto.i16, i16 %input_ptr_161_val"   --->   Operation 252 'read' 'input_ptr_161_val_read' <Predicate = true> <Delay = 0.00>
ST_1 : Operation 253 [1/1] (0.00ns)   --->   "%input_ptr_129_val_read = read i16 @_ssdm_op_Read.ap_auto.i16, i16 %input_ptr_129_val"   --->   Operation 253 'read' 'input_ptr_129_val_read' <Predicate = true> <Delay = 0.00>
ST_1 : Operation 254 [1/1] (0.00ns)   --->   "%input_ptr_97_val_read = read i16 @_ssdm_op_Read.ap_auto.i16, i16 %input_ptr_97_val"   --->   Operation 254 'read' 'input_ptr_97_val_read' <Predicate = true> <Delay = 0.00>
ST_1 : Operation 255 [1/1] (0.00ns)   --->   "%input_ptr_65_val_read = read i16 @_ssdm_op_Read.ap_auto.i16, i16 %input_ptr_65_val"   --->   Operation 255 'read' 'input_ptr_65_val_read' <Predicate = true> <Delay = 0.00>
ST_1 : Operation 256 [1/1] (0.00ns)   --->   "%input_ptr_33_val_read = read i16 @_ssdm_op_Read.ap_auto.i16, i16 %input_ptr_33_val"   --->   Operation 256 'read' 'input_ptr_33_val_read' <Predicate = true> <Delay = 0.00>
ST_1 : Operation 257 [1/1] (0.00ns)   --->   "%input_ptr_1_val_read = read i16 @_ssdm_op_Read.ap_auto.i16, i16 %input_ptr_1_val"   --->   Operation 257 'read' 'input_ptr_1_val_read' <Predicate = true> <Delay = 0.00>
ST_1 : Operation 258 [1/1] (0.00ns)   --->   "%sub_ln2719_read = read i10 @_ssdm_op_Read.ap_auto.i10, i10 %sub_ln2719"   --->   Operation 258 'read' 'sub_ln2719_read' <Predicate = true> <Delay = 0.00>
ST_1 : Operation 259 [1/1] (0.00ns)   --->   "%input_ptr_192_val_read = read i16 @_ssdm_op_Read.ap_auto.i16, i16 %input_ptr_192_val"   --->   Operation 259 'read' 'input_ptr_192_val_read' <Predicate = true> <Delay = 0.00>
ST_1 : Operation 260 [1/1] (0.00ns)   --->   "%input_ptr_160_val_read = read i16 @_ssdm_op_Read.ap_auto.i16, i16 %input_ptr_160_val"   --->   Operation 260 'read' 'input_ptr_160_val_read' <Predicate = true> <Delay = 0.00>
ST_1 : Operation 261 [1/1] (0.00ns)   --->   "%input_ptr_128_val_read = read i16 @_ssdm_op_Read.ap_auto.i16, i16 %input_ptr_128_val"   --->   Operation 261 'read' 'input_ptr_128_val_read' <Predicate = true> <Delay = 0.00>
ST_1 : Operation 262 [1/1] (0.00ns)   --->   "%input_ptr_96_val_read = read i16 @_ssdm_op_Read.ap_auto.i16, i16 %input_ptr_96_val"   --->   Operation 262 'read' 'input_ptr_96_val_read' <Predicate = true> <Delay = 0.00>
ST_1 : Operation 263 [1/1] (0.00ns)   --->   "%input_ptr_64_val_read = read i16 @_ssdm_op_Read.ap_auto.i16, i16 %input_ptr_64_val"   --->   Operation 263 'read' 'input_ptr_64_val_read' <Predicate = true> <Delay = 0.00>
ST_1 : Operation 264 [1/1] (0.00ns)   --->   "%input_ptr_32_val_read = read i16 @_ssdm_op_Read.ap_auto.i16, i16 %input_ptr_32_val"   --->   Operation 264 'read' 'input_ptr_32_val_read' <Predicate = true> <Delay = 0.00>
ST_1 : Operation 265 [1/1] (0.00ns)   --->   "%input_ptr_0_val_read = read i16 @_ssdm_op_Read.ap_auto.i16, i16 %input_ptr_0_val"   --->   Operation 265 'read' 'input_ptr_0_val_read' <Predicate = true> <Delay = 0.00>
ST_1 : Operation 266 [1/1] (1.58ns)   --->   "%store_ln2717 = store i8 0, i8 %index" [H:/subband_ref_q610_opt_stage4_latency_stepL2.cpp:2717->H:/subband_ref_q610_opt_stage4_latency_stepL2.cpp:2746]   --->   Operation 266 'store' 'store_ln2717' <Predicate = true> <Delay = 1.58>
ST_1 : Operation 267 [1/1] (1.58ns)   --->   "%store_ln0 = store i34 0, i34 %empty_628"   --->   Operation 267 'store' 'store_ln0' <Predicate = true> <Delay = 1.58>
ST_1 : Operation 268 [1/1] (1.58ns)   --->   "%store_ln0 = store i34 0, i34 %empty_627"   --->   Operation 268 'store' 'store_ln0' <Predicate = true> <Delay = 1.58>
ST_1 : Operation 269 [1/1] (1.58ns)   --->   "%store_ln0 = store i34 0, i34 %empty_626"   --->   Operation 269 'store' 'store_ln0' <Predicate = true> <Delay = 1.58>
ST_1 : Operation 270 [1/1] (1.58ns)   --->   "%store_ln0 = store i34 0, i34 %empty_625"   --->   Operation 270 'store' 'store_ln0' <Predicate = true> <Delay = 1.58>
ST_1 : Operation 271 [1/1] (1.58ns)   --->   "%store_ln0 = store i34 0, i34 %empty_624"   --->   Operation 271 'store' 'store_ln0' <Predicate = true> <Delay = 1.58>
ST_1 : Operation 272 [1/1] (1.58ns)   --->   "%store_ln0 = store i34 0, i34 %empty_623"   --->   Operation 272 'store' 'store_ln0' <Predicate = true> <Delay = 1.58>
ST_1 : Operation 273 [1/1] (1.58ns)   --->   "%store_ln0 = store i34 0, i34 %empty_622"   --->   Operation 273 'store' 'store_ln0' <Predicate = true> <Delay = 1.58>
ST_1 : Operation 274 [1/1] (1.58ns)   --->   "%store_ln0 = store i34 0, i34 %empty_621"   --->   Operation 274 'store' 'store_ln0' <Predicate = true> <Delay = 1.58>
ST_1 : Operation 275 [1/1] (1.58ns)   --->   "%store_ln0 = store i34 0, i34 %empty_620"   --->   Operation 275 'store' 'store_ln0' <Predicate = true> <Delay = 1.58>
ST_1 : Operation 276 [1/1] (1.58ns)   --->   "%store_ln0 = store i34 0, i34 %empty_619"   --->   Operation 276 'store' 'store_ln0' <Predicate = true> <Delay = 1.58>
ST_1 : Operation 277 [1/1] (1.58ns)   --->   "%store_ln0 = store i34 0, i34 %empty_618"   --->   Operation 277 'store' 'store_ln0' <Predicate = true> <Delay = 1.58>
ST_1 : Operation 278 [1/1] (1.58ns)   --->   "%store_ln0 = store i34 0, i34 %empty_617"   --->   Operation 278 'store' 'store_ln0' <Predicate = true> <Delay = 1.58>
ST_1 : Operation 279 [1/1] (1.58ns)   --->   "%store_ln0 = store i34 0, i34 %empty_616"   --->   Operation 279 'store' 'store_ln0' <Predicate = true> <Delay = 1.58>
ST_1 : Operation 280 [1/1] (1.58ns)   --->   "%store_ln0 = store i34 0, i34 %empty_615"   --->   Operation 280 'store' 'store_ln0' <Predicate = true> <Delay = 1.58>
ST_1 : Operation 281 [1/1] (1.58ns)   --->   "%store_ln0 = store i34 0, i34 %empty_614"   --->   Operation 281 'store' 'store_ln0' <Predicate = true> <Delay = 1.58>
ST_1 : Operation 282 [1/1] (1.58ns)   --->   "%store_ln0 = store i34 0, i34 %empty_613"   --->   Operation 282 'store' 'store_ln0' <Predicate = true> <Delay = 1.58>
ST_1 : Operation 283 [1/1] (1.58ns)   --->   "%store_ln0 = store i34 0, i34 %empty_612"   --->   Operation 283 'store' 'store_ln0' <Predicate = true> <Delay = 1.58>
ST_1 : Operation 284 [1/1] (1.58ns)   --->   "%store_ln0 = store i34 0, i34 %empty_611"   --->   Operation 284 'store' 'store_ln0' <Predicate = true> <Delay = 1.58>
ST_1 : Operation 285 [1/1] (1.58ns)   --->   "%store_ln0 = store i34 0, i34 %empty_610"   --->   Operation 285 'store' 'store_ln0' <Predicate = true> <Delay = 1.58>
ST_1 : Operation 286 [1/1] (1.58ns)   --->   "%store_ln0 = store i34 0, i34 %empty_609"   --->   Operation 286 'store' 'store_ln0' <Predicate = true> <Delay = 1.58>
ST_1 : Operation 287 [1/1] (1.58ns)   --->   "%store_ln0 = store i34 0, i34 %empty_608"   --->   Operation 287 'store' 'store_ln0' <Predicate = true> <Delay = 1.58>
ST_1 : Operation 288 [1/1] (1.58ns)   --->   "%store_ln0 = store i34 0, i34 %empty_607"   --->   Operation 288 'store' 'store_ln0' <Predicate = true> <Delay = 1.58>
ST_1 : Operation 289 [1/1] (1.58ns)   --->   "%store_ln0 = store i34 0, i34 %empty_606"   --->   Operation 289 'store' 'store_ln0' <Predicate = true> <Delay = 1.58>
ST_1 : Operation 290 [1/1] (1.58ns)   --->   "%store_ln0 = store i34 0, i34 %empty_605"   --->   Operation 290 'store' 'store_ln0' <Predicate = true> <Delay = 1.58>
ST_1 : Operation 291 [1/1] (1.58ns)   --->   "%store_ln0 = store i34 0, i34 %empty_604"   --->   Operation 291 'store' 'store_ln0' <Predicate = true> <Delay = 1.58>
ST_1 : Operation 292 [1/1] (1.58ns)   --->   "%store_ln0 = store i34 0, i34 %empty_603"   --->   Operation 292 'store' 'store_ln0' <Predicate = true> <Delay = 1.58>
ST_1 : Operation 293 [1/1] (1.58ns)   --->   "%store_ln0 = store i34 0, i34 %empty_602"   --->   Operation 293 'store' 'store_ln0' <Predicate = true> <Delay = 1.58>
ST_1 : Operation 294 [1/1] (1.58ns)   --->   "%store_ln0 = store i34 0, i34 %empty_601"   --->   Operation 294 'store' 'store_ln0' <Predicate = true> <Delay = 1.58>
ST_1 : Operation 295 [1/1] (1.58ns)   --->   "%store_ln0 = store i34 0, i34 %empty_600"   --->   Operation 295 'store' 'store_ln0' <Predicate = true> <Delay = 1.58>
ST_1 : Operation 296 [1/1] (1.58ns)   --->   "%store_ln0 = store i34 0, i34 %empty_599"   --->   Operation 296 'store' 'store_ln0' <Predicate = true> <Delay = 1.58>
ST_1 : Operation 297 [1/1] (1.58ns)   --->   "%store_ln0 = store i34 0, i34 %empty_598"   --->   Operation 297 'store' 'store_ln0' <Predicate = true> <Delay = 1.58>
ST_1 : Operation 298 [1/1] (1.58ns)   --->   "%store_ln0 = store i34 0, i34 %empty"   --->   Operation 298 'store' 'store_ln0' <Predicate = true> <Delay = 1.58>
ST_1 : Operation 299 [1/1] (0.00ns)   --->   "%br_ln0 = br void %for.body4.i52"   --->   Operation 299 'br' 'br_ln0' <Predicate = true> <Delay = 0.00>
ST_1 : Operation 300 [1/1] (0.00ns)   --->   "%base_index = load i8 %index" [H:/subband_ref_q610_opt_stage4_latency_stepL2.cpp:2713->H:/subband_ref_q610_opt_stage4_latency_stepL2.cpp:2746]   --->   Operation 300 'load' 'base_index' <Predicate = true> <Delay = 0.00>
ST_1 : Operation 301 [1/1] (1.91ns)   --->   "%icmp_ln2713 = icmp_eq  i8 %base_index, i8 224" [H:/subband_ref_q610_opt_stage4_latency_stepL2.cpp:2713->H:/subband_ref_q610_opt_stage4_latency_stepL2.cpp:2746]   --->   Operation 301 'icmp' 'icmp_ln2713' <Predicate = true> <Delay = 1.91> <CoreInst = "Cmp">   --->   Core 9 'Cmp' <Latency = 0> <II = 1> <Delay = 1.91> <FuncUnit> <Opcode : 'icmp'> <InPorts = 2> <OutPorts = 1>
ST_1 : Operation 302 [1/1] (0.00ns)   --->   "%br_ln2713 = br i1 %icmp_ln2713, void %fpga_resource_hint.for.body4.i52.271, void %for.body4.i.preheader.exitStub" [H:/subband_ref_q610_opt_stage4_latency_stepL2.cpp:2713->H:/subband_ref_q610_opt_stage4_latency_stepL2.cpp:2746]   --->   Operation 302 'br' 'br_ln2713' <Predicate = true> <Delay = 0.00>
ST_1 : Operation 303 [1/1] (0.00ns)   --->   "%lshr_ln = partselect i3 @_ssdm_op_PartSelect.i3.i8.i32.i32, i8 %base_index, i32 5, i32 7" [H:/subband_ref_q610_opt_stage4_latency_stepL2.cpp:2713->H:/subband_ref_q610_opt_stage4_latency_stepL2.cpp:2746]   --->   Operation 303 'partselect' 'lshr_ln' <Predicate = (!icmp_ln2713)> <Delay = 0.00>
ST_1 : Operation 304 [1/1] (2.18ns)   --->   "%lhs = sparsemux i16 @_ssdm_op_SparseMux.ap_auto.7i16.i16.i8, i8 0, i16 %input_ptr_0_val_read, i8 32, i16 %input_ptr_32_val_read, i8 64, i16 %input_ptr_64_val_read, i8 96, i16 %input_ptr_96_val_read, i8 128, i16 %input_ptr_128_val_read, i8 160, i16 %input_ptr_160_val_read, i8 192, i16 %input_ptr_192_val_read, i16 0, i8 %base_index" [H:/subband_ref_q610_opt_stage4_latency_stepL2.cpp:2713->H:/subband_ref_q610_opt_stage4_latency_stepL2.cpp:2746]   --->   Operation 304 'sparsemux' 'lhs' <Predicate = (!icmp_ln2713)> <Delay = 2.18> <CoreInst = "SparseMux">   --->   Core 135 'SparseMux' <Latency = 0> <II = 1> <Delay = 2.18> <FuncUnit> <Opcode : 'sparsemux'> <InPorts = 2> <OutPorts = 1>
ST_1 : Operation 305 [1/1] (0.00ns)   --->   "%zext_ln2719 = zext i3 %lshr_ln" [H:/subband_ref_q610_opt_stage4_latency_stepL2.cpp:2719->H:/subband_ref_q610_opt_stage4_latency_stepL2.cpp:2746]   --->   Operation 305 'zext' 'zext_ln2719' <Predicate = (!icmp_ln2713)> <Delay = 0.00>
ST_1 : Operation 306 [1/1] (1.73ns)   --->   "%add_ln2719_31 = add i10 %sub_ln2719_read, i10 %zext_ln2719" [H:/subband_ref_q610_opt_stage4_latency_stepL2.cpp:2719->H:/subband_ref_q610_opt_stage4_latency_stepL2.cpp:2746]   --->   Operation 306 'add' 'add_ln2719_31' <Predicate = (!icmp_ln2713)> <Delay = 1.73> <CoreInst = "Adder">   --->   Core 1 'Adder' <Latency = 0> <II = 1> <Delay = 1.73> <FuncUnit> <Opcode : 'add' 'sub'> <InPorts = 2> <OutPorts = 1>
ST_1 : Operation 307 [1/1] (0.00ns)   --->   "%zext_ln2719_4 = zext i10 %add_ln2719_31" [H:/subband_ref_q610_opt_stage4_latency_stepL2.cpp:2719->H:/subband_ref_q610_opt_stage4_latency_stepL2.cpp:2746]   --->   Operation 307 'zext' 'zext_ln2719_4' <Predicate = (!icmp_ln2713)> <Delay = 0.00>
ST_1 : Operation 308 [1/1] (0.00ns)   --->   "%weight_ih_0_addr = getelementptr i512 %weight_ih_0, i32 0, i32 %zext_ln2719_4" [H:/subband_ref_q610_opt_stage4_latency_stepL2.cpp:2719->H:/subband_ref_q610_opt_stage4_latency_stepL2.cpp:2746]   --->   Operation 308 'getelementptr' 'weight_ih_0_addr' <Predicate = (!icmp_ln2713)> <Delay = 0.00>
ST_1 : Operation 309 [2/2] (3.25ns)   --->   "%weight_ih_0_load = load i10 %weight_ih_0_addr" [H:/subband_ref_q610_opt_stage4_latency_stepL2.cpp:2719->H:/subband_ref_q610_opt_stage4_latency_stepL2.cpp:2746]   --->   Operation 309 'load' 'weight_ih_0_load' <Predicate = (!icmp_ln2713)> <Delay = 3.25> <CoreInst = "RAM_2P_BRAM">   --->   Core 91 'RAM_2P_BRAM' <Latency = 1> <II = 1> <Delay = 3.25> <Storage> <Opcode : 'load' 'store'> <Ports = 2> <Width = 512> <Depth = 784> <RAM>
ST_1 : Operation 310 [1/1] (2.18ns)   --->   "%lhs_126 = sparsemux i16 @_ssdm_op_SparseMux.ap_auto.7i16.i16.i8, i8 0, i16 %input_ptr_1_val_read, i8 32, i16 %input_ptr_33_val_read, i8 64, i16 %input_ptr_65_val_read, i8 96, i16 %input_ptr_97_val_read, i8 128, i16 %input_ptr_129_val_read, i8 160, i16 %input_ptr_161_val_read, i8 192, i16 %input_ptr_193_val_read, i16 0, i8 %base_index" [H:/subband_ref_q610_opt_stage4_latency_stepL2.cpp:2713->H:/subband_ref_q610_opt_stage4_latency_stepL2.cpp:2746]   --->   Operation 310 'sparsemux' 'lhs_126' <Predicate = (!icmp_ln2713)> <Delay = 2.18> <CoreInst = "SparseMux">   --->   Core 135 'SparseMux' <Latency = 0> <II = 1> <Delay = 2.18> <FuncUnit> <Opcode : 'sparsemux'> <InPorts = 2> <OutPorts = 1>
ST_1 : Operation 311 [1/1] (2.18ns)   --->   "%lhs_127 = sparsemux i16 @_ssdm_op_SparseMux.ap_auto.7i16.i16.i8, i8 0, i16 %input_ptr_2_val_read, i8 32, i16 %input_ptr_34_val_read, i8 64, i16 %input_ptr_66_val_read, i8 96, i16 %input_ptr_98_val_read, i8 128, i16 %input_ptr_130_val_read, i8 160, i16 %input_ptr_162_val_read, i8 192, i16 %input_ptr_194_val_read, i16 0, i8 %base_index" [H:/subband_ref_q610_opt_stage4_latency_stepL2.cpp:2713->H:/subband_ref_q610_opt_stage4_latency_stepL2.cpp:2746]   --->   Operation 311 'sparsemux' 'lhs_127' <Predicate = (!icmp_ln2713)> <Delay = 2.18> <CoreInst = "SparseMux">   --->   Core 135 'SparseMux' <Latency = 0> <II = 1> <Delay = 2.18> <FuncUnit> <Opcode : 'sparsemux'> <InPorts = 2> <OutPorts = 1>
ST_1 : Operation 312 [1/1] (2.18ns)   --->   "%lhs_128 = sparsemux i16 @_ssdm_op_SparseMux.ap_auto.7i16.i16.i8, i8 0, i16 %input_ptr_3_val_read, i8 32, i16 %input_ptr_35_val_read, i8 64, i16 %input_ptr_67_val_read, i8 96, i16 %input_ptr_99_val_read, i8 128, i16 %input_ptr_131_val_read, i8 160, i16 %input_ptr_163_val_read, i8 192, i16 %input_ptr_195_val_read, i16 0, i8 %base_index" [H:/subband_ref_q610_opt_stage4_latency_stepL2.cpp:2713->H:/subband_ref_q610_opt_stage4_latency_stepL2.cpp:2746]   --->   Operation 312 'sparsemux' 'lhs_128' <Predicate = (!icmp_ln2713)> <Delay = 2.18> <CoreInst = "SparseMux">   --->   Core 135 'SparseMux' <Latency = 0> <II = 1> <Delay = 2.18> <FuncUnit> <Opcode : 'sparsemux'> <InPorts = 2> <OutPorts = 1>
ST_1 : Operation 313 [1/1] (2.18ns)   --->   "%lhs_129 = sparsemux i16 @_ssdm_op_SparseMux.ap_auto.7i16.i16.i8, i8 0, i16 %input_ptr_4_val_read, i8 32, i16 %input_ptr_36_val_read, i8 64, i16 %input_ptr_68_val_read, i8 96, i16 %input_ptr_100_val_read, i8 128, i16 %input_ptr_132_val_read, i8 160, i16 %input_ptr_164_val_read, i8 192, i16 %input_ptr_196_val_read, i16 0, i8 %base_index" [H:/subband_ref_q610_opt_stage4_latency_stepL2.cpp:2713->H:/subband_ref_q610_opt_stage4_latency_stepL2.cpp:2746]   --->   Operation 313 'sparsemux' 'lhs_129' <Predicate = (!icmp_ln2713)> <Delay = 2.18> <CoreInst = "SparseMux">   --->   Core 135 'SparseMux' <Latency = 0> <II = 1> <Delay = 2.18> <FuncUnit> <Opcode : 'sparsemux'> <InPorts = 2> <OutPorts = 1>
ST_1 : Operation 314 [1/1] (2.18ns)   --->   "%lhs_130 = sparsemux i16 @_ssdm_op_SparseMux.ap_auto.7i16.i16.i8, i8 0, i16 %input_ptr_5_val_read, i8 32, i16 %input_ptr_37_val_read, i8 64, i16 %input_ptr_69_val_read, i8 96, i16 %input_ptr_101_val_read, i8 128, i16 %input_ptr_133_val_read, i8 160, i16 %input_ptr_165_val_read, i8 192, i16 %input_ptr_197_val_read, i16 0, i8 %base_index" [H:/subband_ref_q610_opt_stage4_latency_stepL2.cpp:2713->H:/subband_ref_q610_opt_stage4_latency_stepL2.cpp:2746]   --->   Operation 314 'sparsemux' 'lhs_130' <Predicate = (!icmp_ln2713)> <Delay = 2.18> <CoreInst = "SparseMux">   --->   Core 135 'SparseMux' <Latency = 0> <II = 1> <Delay = 2.18> <FuncUnit> <Opcode : 'sparsemux'> <InPorts = 2> <OutPorts = 1>
ST_1 : Operation 315 [1/1] (2.18ns)   --->   "%lhs_131 = sparsemux i16 @_ssdm_op_SparseMux.ap_auto.7i16.i16.i8, i8 0, i16 %input_ptr_6_val_read, i8 32, i16 %input_ptr_38_val_read, i8 64, i16 %input_ptr_70_val_read, i8 96, i16 %input_ptr_102_val_read, i8 128, i16 %input_ptr_134_val_read, i8 160, i16 %input_ptr_166_val_read, i8 192, i16 %input_ptr_198_val_read, i16 0, i8 %base_index" [H:/subband_ref_q610_opt_stage4_latency_stepL2.cpp:2713->H:/subband_ref_q610_opt_stage4_latency_stepL2.cpp:2746]   --->   Operation 315 'sparsemux' 'lhs_131' <Predicate = (!icmp_ln2713)> <Delay = 2.18> <CoreInst = "SparseMux">   --->   Core 135 'SparseMux' <Latency = 0> <II = 1> <Delay = 2.18> <FuncUnit> <Opcode : 'sparsemux'> <InPorts = 2> <OutPorts = 1>
ST_1 : Operation 316 [1/1] (2.18ns)   --->   "%lhs_132 = sparsemux i16 @_ssdm_op_SparseMux.ap_auto.7i16.i16.i8, i8 0, i16 %input_ptr_7_val_read, i8 32, i16 %input_ptr_39_val_read, i8 64, i16 %input_ptr_71_val_read, i8 96, i16 %input_ptr_103_val_read, i8 128, i16 %input_ptr_135_val_read, i8 160, i16 %input_ptr_167_val_read, i8 192, i16 %input_ptr_199_val_read, i16 0, i8 %base_index" [H:/subband_ref_q610_opt_stage4_latency_stepL2.cpp:2713->H:/subband_ref_q610_opt_stage4_latency_stepL2.cpp:2746]   --->   Operation 316 'sparsemux' 'lhs_132' <Predicate = (!icmp_ln2713)> <Delay = 2.18> <CoreInst = "SparseMux">   --->   Core 135 'SparseMux' <Latency = 0> <II = 1> <Delay = 2.18> <FuncUnit> <Opcode : 'sparsemux'> <InPorts = 2> <OutPorts = 1>
ST_1 : Operation 317 [1/1] (2.18ns)   --->   "%lhs_133 = sparsemux i16 @_ssdm_op_SparseMux.ap_auto.7i16.i16.i8, i8 0, i16 %input_ptr_8_val_read, i8 32, i16 %input_ptr_40_val_read, i8 64, i16 %input_ptr_72_val_read, i8 96, i16 %input_ptr_104_val_read, i8 128, i16 %input_ptr_136_val_read, i8 160, i16 %input_ptr_168_val_read, i8 192, i16 %input_ptr_200_val_read, i16 0, i8 %base_index" [H:/subband_ref_q610_opt_stage4_latency_stepL2.cpp:2713->H:/subband_ref_q610_opt_stage4_latency_stepL2.cpp:2746]   --->   Operation 317 'sparsemux' 'lhs_133' <Predicate = (!icmp_ln2713)> <Delay = 2.18> <CoreInst = "SparseMux">   --->   Core 135 'SparseMux' <Latency = 0> <II = 1> <Delay = 2.18> <FuncUnit> <Opcode : 'sparsemux'> <InPorts = 2> <OutPorts = 1>
ST_1 : Operation 318 [1/1] (2.18ns)   --->   "%lhs_134 = sparsemux i16 @_ssdm_op_SparseMux.ap_auto.7i16.i16.i8, i8 0, i16 %input_ptr_9_val_read, i8 32, i16 %input_ptr_41_val_read, i8 64, i16 %input_ptr_73_val_read, i8 96, i16 %input_ptr_105_val_read, i8 128, i16 %input_ptr_137_val_read, i8 160, i16 %input_ptr_169_val_read, i8 192, i16 %input_ptr_201_val_read, i16 0, i8 %base_index" [H:/subband_ref_q610_opt_stage4_latency_stepL2.cpp:2713->H:/subband_ref_q610_opt_stage4_latency_stepL2.cpp:2746]   --->   Operation 318 'sparsemux' 'lhs_134' <Predicate = (!icmp_ln2713)> <Delay = 2.18> <CoreInst = "SparseMux">   --->   Core 135 'SparseMux' <Latency = 0> <II = 1> <Delay = 2.18> <FuncUnit> <Opcode : 'sparsemux'> <InPorts = 2> <OutPorts = 1>
ST_1 : Operation 319 [1/1] (2.18ns)   --->   "%lhs_135 = sparsemux i16 @_ssdm_op_SparseMux.ap_auto.7i16.i16.i8, i8 0, i16 %input_ptr_10_val_read, i8 32, i16 %input_ptr_42_val_read, i8 64, i16 %input_ptr_74_val_read, i8 96, i16 %input_ptr_106_val_read, i8 128, i16 %input_ptr_138_val_read, i8 160, i16 %input_ptr_170_val_read, i8 192, i16 %input_ptr_202_val_read, i16 0, i8 %base_index" [H:/subband_ref_q610_opt_stage4_latency_stepL2.cpp:2713->H:/subband_ref_q610_opt_stage4_latency_stepL2.cpp:2746]   --->   Operation 319 'sparsemux' 'lhs_135' <Predicate = (!icmp_ln2713)> <Delay = 2.18> <CoreInst = "SparseMux">   --->   Core 135 'SparseMux' <Latency = 0> <II = 1> <Delay = 2.18> <FuncUnit> <Opcode : 'sparsemux'> <InPorts = 2> <OutPorts = 1>
ST_1 : Operation 320 [1/1] (2.18ns)   --->   "%lhs_136 = sparsemux i16 @_ssdm_op_SparseMux.ap_auto.7i16.i16.i8, i8 0, i16 %input_ptr_11_val_read, i8 32, i16 %input_ptr_43_val_read, i8 64, i16 %input_ptr_75_val_read, i8 96, i16 %input_ptr_107_val_read, i8 128, i16 %input_ptr_139_val_read, i8 160, i16 %input_ptr_171_val_read, i8 192, i16 %input_ptr_203_val_read, i16 0, i8 %base_index" [H:/subband_ref_q610_opt_stage4_latency_stepL2.cpp:2713->H:/subband_ref_q610_opt_stage4_latency_stepL2.cpp:2746]   --->   Operation 320 'sparsemux' 'lhs_136' <Predicate = (!icmp_ln2713)> <Delay = 2.18> <CoreInst = "SparseMux">   --->   Core 135 'SparseMux' <Latency = 0> <II = 1> <Delay = 2.18> <FuncUnit> <Opcode : 'sparsemux'> <InPorts = 2> <OutPorts = 1>
ST_1 : Operation 321 [1/1] (2.18ns)   --->   "%lhs_137 = sparsemux i16 @_ssdm_op_SparseMux.ap_auto.7i16.i16.i8, i8 0, i16 %input_ptr_12_val_read, i8 32, i16 %input_ptr_44_val_read, i8 64, i16 %input_ptr_76_val_read, i8 96, i16 %input_ptr_108_val_read, i8 128, i16 %input_ptr_140_val_read, i8 160, i16 %input_ptr_172_val_read, i8 192, i16 %input_ptr_204_val_read, i16 0, i8 %base_index" [H:/subband_ref_q610_opt_stage4_latency_stepL2.cpp:2713->H:/subband_ref_q610_opt_stage4_latency_stepL2.cpp:2746]   --->   Operation 321 'sparsemux' 'lhs_137' <Predicate = (!icmp_ln2713)> <Delay = 2.18> <CoreInst = "SparseMux">   --->   Core 135 'SparseMux' <Latency = 0> <II = 1> <Delay = 2.18> <FuncUnit> <Opcode : 'sparsemux'> <InPorts = 2> <OutPorts = 1>
ST_1 : Operation 322 [1/1] (2.18ns)   --->   "%lhs_138 = sparsemux i16 @_ssdm_op_SparseMux.ap_auto.7i16.i16.i8, i8 0, i16 %input_ptr_13_val_read, i8 32, i16 %input_ptr_45_val_read, i8 64, i16 %input_ptr_77_val_read, i8 96, i16 %input_ptr_109_val_read, i8 128, i16 %input_ptr_141_val_read, i8 160, i16 %input_ptr_173_val_read, i8 192, i16 %input_ptr_205_val_read, i16 0, i8 %base_index" [H:/subband_ref_q610_opt_stage4_latency_stepL2.cpp:2713->H:/subband_ref_q610_opt_stage4_latency_stepL2.cpp:2746]   --->   Operation 322 'sparsemux' 'lhs_138' <Predicate = (!icmp_ln2713)> <Delay = 2.18> <CoreInst = "SparseMux">   --->   Core 135 'SparseMux' <Latency = 0> <II = 1> <Delay = 2.18> <FuncUnit> <Opcode : 'sparsemux'> <InPorts = 2> <OutPorts = 1>
ST_1 : Operation 323 [1/1] (2.18ns)   --->   "%lhs_139 = sparsemux i16 @_ssdm_op_SparseMux.ap_auto.7i16.i16.i8, i8 0, i16 %input_ptr_14_val_read, i8 32, i16 %input_ptr_46_val_read, i8 64, i16 %input_ptr_78_val_read, i8 96, i16 %input_ptr_110_val_read, i8 128, i16 %input_ptr_142_val_read, i8 160, i16 %input_ptr_174_val_read, i8 192, i16 %input_ptr_206_val_read, i16 0, i8 %base_index" [H:/subband_ref_q610_opt_stage4_latency_stepL2.cpp:2713->H:/subband_ref_q610_opt_stage4_latency_stepL2.cpp:2746]   --->   Operation 323 'sparsemux' 'lhs_139' <Predicate = (!icmp_ln2713)> <Delay = 2.18> <CoreInst = "SparseMux">   --->   Core 135 'SparseMux' <Latency = 0> <II = 1> <Delay = 2.18> <FuncUnit> <Opcode : 'sparsemux'> <InPorts = 2> <OutPorts = 1>
ST_1 : Operation 324 [1/1] (2.18ns)   --->   "%lhs_140 = sparsemux i16 @_ssdm_op_SparseMux.ap_auto.7i16.i16.i8, i8 0, i16 %input_ptr_15_val_read, i8 32, i16 %input_ptr_47_val_read, i8 64, i16 %input_ptr_79_val_read, i8 96, i16 %input_ptr_111_val_read, i8 128, i16 %input_ptr_143_val_read, i8 160, i16 %input_ptr_175_val_read, i8 192, i16 %input_ptr_207_val_read, i16 0, i8 %base_index" [H:/subband_ref_q610_opt_stage4_latency_stepL2.cpp:2713->H:/subband_ref_q610_opt_stage4_latency_stepL2.cpp:2746]   --->   Operation 324 'sparsemux' 'lhs_140' <Predicate = (!icmp_ln2713)> <Delay = 2.18> <CoreInst = "SparseMux">   --->   Core 135 'SparseMux' <Latency = 0> <II = 1> <Delay = 2.18> <FuncUnit> <Opcode : 'sparsemux'> <InPorts = 2> <OutPorts = 1>
ST_1 : Operation 325 [1/1] (2.18ns)   --->   "%lhs_141 = sparsemux i16 @_ssdm_op_SparseMux.ap_auto.7i16.i16.i8, i8 0, i16 %input_ptr_16_val_read, i8 32, i16 %input_ptr_48_val_read, i8 64, i16 %input_ptr_80_val_read, i8 96, i16 %input_ptr_112_val_read, i8 128, i16 %input_ptr_144_val_read, i8 160, i16 %input_ptr_176_val_read, i8 192, i16 %input_ptr_208_val_read, i16 0, i8 %base_index" [H:/subband_ref_q610_opt_stage4_latency_stepL2.cpp:2713->H:/subband_ref_q610_opt_stage4_latency_stepL2.cpp:2746]   --->   Operation 325 'sparsemux' 'lhs_141' <Predicate = (!icmp_ln2713)> <Delay = 2.18> <CoreInst = "SparseMux">   --->   Core 135 'SparseMux' <Latency = 0> <II = 1> <Delay = 2.18> <FuncUnit> <Opcode : 'sparsemux'> <InPorts = 2> <OutPorts = 1>
ST_1 : Operation 326 [1/1] (2.18ns)   --->   "%lhs_142 = sparsemux i16 @_ssdm_op_SparseMux.ap_auto.7i16.i16.i8, i8 0, i16 %input_ptr_17_val_read, i8 32, i16 %input_ptr_49_val_read, i8 64, i16 %input_ptr_81_val_read, i8 96, i16 %input_ptr_113_val_read, i8 128, i16 %input_ptr_145_val_read, i8 160, i16 %input_ptr_177_val_read, i8 192, i16 %input_ptr_209_val_read, i16 0, i8 %base_index" [H:/subband_ref_q610_opt_stage4_latency_stepL2.cpp:2713->H:/subband_ref_q610_opt_stage4_latency_stepL2.cpp:2746]   --->   Operation 326 'sparsemux' 'lhs_142' <Predicate = (!icmp_ln2713)> <Delay = 2.18> <CoreInst = "SparseMux">   --->   Core 135 'SparseMux' <Latency = 0> <II = 1> <Delay = 2.18> <FuncUnit> <Opcode : 'sparsemux'> <InPorts = 2> <OutPorts = 1>
ST_1 : Operation 327 [1/1] (2.18ns)   --->   "%lhs_143 = sparsemux i16 @_ssdm_op_SparseMux.ap_auto.7i16.i16.i8, i8 0, i16 %input_ptr_18_val_read, i8 32, i16 %input_ptr_50_val_read, i8 64, i16 %input_ptr_82_val_read, i8 96, i16 %input_ptr_114_val_read, i8 128, i16 %input_ptr_146_val_read, i8 160, i16 %input_ptr_178_val_read, i8 192, i16 %input_ptr_210_val_read, i16 0, i8 %base_index" [H:/subband_ref_q610_opt_stage4_latency_stepL2.cpp:2713->H:/subband_ref_q610_opt_stage4_latency_stepL2.cpp:2746]   --->   Operation 327 'sparsemux' 'lhs_143' <Predicate = (!icmp_ln2713)> <Delay = 2.18> <CoreInst = "SparseMux">   --->   Core 135 'SparseMux' <Latency = 0> <II = 1> <Delay = 2.18> <FuncUnit> <Opcode : 'sparsemux'> <InPorts = 2> <OutPorts = 1>
ST_1 : Operation 328 [1/1] (2.18ns)   --->   "%lhs_144 = sparsemux i16 @_ssdm_op_SparseMux.ap_auto.7i16.i16.i8, i8 0, i16 %input_ptr_19_val_read, i8 32, i16 %input_ptr_51_val_read, i8 64, i16 %input_ptr_83_val_read, i8 96, i16 %input_ptr_115_val_read, i8 128, i16 %input_ptr_147_val_read, i8 160, i16 %input_ptr_179_val_read, i8 192, i16 %input_ptr_211_val_read, i16 0, i8 %base_index" [H:/subband_ref_q610_opt_stage4_latency_stepL2.cpp:2713->H:/subband_ref_q610_opt_stage4_latency_stepL2.cpp:2746]   --->   Operation 328 'sparsemux' 'lhs_144' <Predicate = (!icmp_ln2713)> <Delay = 2.18> <CoreInst = "SparseMux">   --->   Core 135 'SparseMux' <Latency = 0> <II = 1> <Delay = 2.18> <FuncUnit> <Opcode : 'sparsemux'> <InPorts = 2> <OutPorts = 1>
ST_1 : Operation 329 [1/1] (2.18ns)   --->   "%lhs_145 = sparsemux i16 @_ssdm_op_SparseMux.ap_auto.7i16.i16.i8, i8 0, i16 %input_ptr_20_val_read, i8 32, i16 %input_ptr_52_val_read, i8 64, i16 %input_ptr_84_val_read, i8 96, i16 %input_ptr_116_val_read, i8 128, i16 %input_ptr_148_val_read, i8 160, i16 %input_ptr_180_val_read, i8 192, i16 %input_ptr_212_val_read, i16 0, i8 %base_index" [H:/subband_ref_q610_opt_stage4_latency_stepL2.cpp:2713->H:/subband_ref_q610_opt_stage4_latency_stepL2.cpp:2746]   --->   Operation 329 'sparsemux' 'lhs_145' <Predicate = (!icmp_ln2713)> <Delay = 2.18> <CoreInst = "SparseMux">   --->   Core 135 'SparseMux' <Latency = 0> <II = 1> <Delay = 2.18> <FuncUnit> <Opcode : 'sparsemux'> <InPorts = 2> <OutPorts = 1>
ST_1 : Operation 330 [1/1] (2.18ns)   --->   "%lhs_146 = sparsemux i16 @_ssdm_op_SparseMux.ap_auto.7i16.i16.i8, i8 0, i16 %input_ptr_21_val_read, i8 32, i16 %input_ptr_53_val_read, i8 64, i16 %input_ptr_85_val_read, i8 96, i16 %input_ptr_117_val_read, i8 128, i16 %input_ptr_149_val_read, i8 160, i16 %input_ptr_181_val_read, i8 192, i16 %input_ptr_213_val_read, i16 0, i8 %base_index" [H:/subband_ref_q610_opt_stage4_latency_stepL2.cpp:2713->H:/subband_ref_q610_opt_stage4_latency_stepL2.cpp:2746]   --->   Operation 330 'sparsemux' 'lhs_146' <Predicate = (!icmp_ln2713)> <Delay = 2.18> <CoreInst = "SparseMux">   --->   Core 135 'SparseMux' <Latency = 0> <II = 1> <Delay = 2.18> <FuncUnit> <Opcode : 'sparsemux'> <InPorts = 2> <OutPorts = 1>
ST_1 : Operation 331 [1/1] (2.18ns)   --->   "%lhs_147 = sparsemux i16 @_ssdm_op_SparseMux.ap_auto.7i16.i16.i8, i8 0, i16 %input_ptr_22_val_read, i8 32, i16 %input_ptr_54_val_read, i8 64, i16 %input_ptr_86_val_read, i8 96, i16 %input_ptr_118_val_read, i8 128, i16 %input_ptr_150_val_read, i8 160, i16 %input_ptr_182_val_read, i8 192, i16 %input_ptr_214_val_read, i16 0, i8 %base_index" [H:/subband_ref_q610_opt_stage4_latency_stepL2.cpp:2713->H:/subband_ref_q610_opt_stage4_latency_stepL2.cpp:2746]   --->   Operation 331 'sparsemux' 'lhs_147' <Predicate = (!icmp_ln2713)> <Delay = 2.18> <CoreInst = "SparseMux">   --->   Core 135 'SparseMux' <Latency = 0> <II = 1> <Delay = 2.18> <FuncUnit> <Opcode : 'sparsemux'> <InPorts = 2> <OutPorts = 1>
ST_1 : Operation 332 [1/1] (2.18ns)   --->   "%lhs_148 = sparsemux i16 @_ssdm_op_SparseMux.ap_auto.7i16.i16.i8, i8 0, i16 %input_ptr_23_val_read, i8 32, i16 %input_ptr_55_val_read, i8 64, i16 %input_ptr_87_val_read, i8 96, i16 %input_ptr_119_val_read, i8 128, i16 %input_ptr_151_val_read, i8 160, i16 %input_ptr_183_val_read, i8 192, i16 %input_ptr_215_val_read, i16 0, i8 %base_index" [H:/subband_ref_q610_opt_stage4_latency_stepL2.cpp:2713->H:/subband_ref_q610_opt_stage4_latency_stepL2.cpp:2746]   --->   Operation 332 'sparsemux' 'lhs_148' <Predicate = (!icmp_ln2713)> <Delay = 2.18> <CoreInst = "SparseMux">   --->   Core 135 'SparseMux' <Latency = 0> <II = 1> <Delay = 2.18> <FuncUnit> <Opcode : 'sparsemux'> <InPorts = 2> <OutPorts = 1>
ST_1 : Operation 333 [1/1] (2.18ns)   --->   "%lhs_149 = sparsemux i16 @_ssdm_op_SparseMux.ap_auto.7i16.i16.i8, i8 0, i16 %input_ptr_24_val_read, i8 32, i16 %input_ptr_56_val_read, i8 64, i16 %input_ptr_88_val_read, i8 96, i16 %input_ptr_120_val_read, i8 128, i16 %input_ptr_152_val_read, i8 160, i16 %input_ptr_184_val_read, i8 192, i16 %input_ptr_216_val_read, i16 0, i8 %base_index" [H:/subband_ref_q610_opt_stage4_latency_stepL2.cpp:2713->H:/subband_ref_q610_opt_stage4_latency_stepL2.cpp:2746]   --->   Operation 333 'sparsemux' 'lhs_149' <Predicate = (!icmp_ln2713)> <Delay = 2.18> <CoreInst = "SparseMux">   --->   Core 135 'SparseMux' <Latency = 0> <II = 1> <Delay = 2.18> <FuncUnit> <Opcode : 'sparsemux'> <InPorts = 2> <OutPorts = 1>
ST_1 : Operation 334 [1/1] (2.18ns)   --->   "%lhs_150 = sparsemux i16 @_ssdm_op_SparseMux.ap_auto.7i16.i16.i8, i8 0, i16 %input_ptr_25_val_read, i8 32, i16 %input_ptr_57_val_read, i8 64, i16 %input_ptr_89_val_read, i8 96, i16 %input_ptr_121_val_read, i8 128, i16 %input_ptr_153_val_read, i8 160, i16 %input_ptr_185_val_read, i8 192, i16 %input_ptr_217_val_read, i16 0, i8 %base_index" [H:/subband_ref_q610_opt_stage4_latency_stepL2.cpp:2713->H:/subband_ref_q610_opt_stage4_latency_stepL2.cpp:2746]   --->   Operation 334 'sparsemux' 'lhs_150' <Predicate = (!icmp_ln2713)> <Delay = 2.18> <CoreInst = "SparseMux">   --->   Core 135 'SparseMux' <Latency = 0> <II = 1> <Delay = 2.18> <FuncUnit> <Opcode : 'sparsemux'> <InPorts = 2> <OutPorts = 1>
ST_1 : Operation 335 [1/1] (2.18ns)   --->   "%lhs_151 = sparsemux i16 @_ssdm_op_SparseMux.ap_auto.7i16.i16.i8, i8 0, i16 %input_ptr_26_val_read, i8 32, i16 %input_ptr_58_val_read, i8 64, i16 %input_ptr_90_val_read, i8 96, i16 %input_ptr_122_val_read, i8 128, i16 %input_ptr_154_val_read, i8 160, i16 %input_ptr_186_val_read, i8 192, i16 %input_ptr_218_val_read, i16 0, i8 %base_index" [H:/subband_ref_q610_opt_stage4_latency_stepL2.cpp:2713->H:/subband_ref_q610_opt_stage4_latency_stepL2.cpp:2746]   --->   Operation 335 'sparsemux' 'lhs_151' <Predicate = (!icmp_ln2713)> <Delay = 2.18> <CoreInst = "SparseMux">   --->   Core 135 'SparseMux' <Latency = 0> <II = 1> <Delay = 2.18> <FuncUnit> <Opcode : 'sparsemux'> <InPorts = 2> <OutPorts = 1>
ST_1 : Operation 336 [1/1] (2.18ns)   --->   "%lhs_152 = sparsemux i16 @_ssdm_op_SparseMux.ap_auto.7i16.i16.i8, i8 0, i16 %input_ptr_27_val_read, i8 32, i16 %input_ptr_59_val_read, i8 64, i16 %input_ptr_91_val_read, i8 96, i16 %input_ptr_123_val_read, i8 128, i16 %input_ptr_155_val_read, i8 160, i16 %input_ptr_187_val_read, i8 192, i16 %input_ptr_219_val_read, i16 0, i8 %base_index" [H:/subband_ref_q610_opt_stage4_latency_stepL2.cpp:2713->H:/subband_ref_q610_opt_stage4_latency_stepL2.cpp:2746]   --->   Operation 336 'sparsemux' 'lhs_152' <Predicate = (!icmp_ln2713)> <Delay = 2.18> <CoreInst = "SparseMux">   --->   Core 135 'SparseMux' <Latency = 0> <II = 1> <Delay = 2.18> <FuncUnit> <Opcode : 'sparsemux'> <InPorts = 2> <OutPorts = 1>
ST_1 : Operation 337 [1/1] (2.18ns)   --->   "%lhs_153 = sparsemux i16 @_ssdm_op_SparseMux.ap_auto.7i16.i16.i8, i8 0, i16 %input_ptr_28_val_read, i8 32, i16 %input_ptr_60_val_read, i8 64, i16 %input_ptr_92_val_read, i8 96, i16 %input_ptr_124_val_read, i8 128, i16 %input_ptr_156_val_read, i8 160, i16 %input_ptr_188_val_read, i8 192, i16 %input_ptr_220_val_read, i16 0, i8 %base_index" [H:/subband_ref_q610_opt_stage4_latency_stepL2.cpp:2713->H:/subband_ref_q610_opt_stage4_latency_stepL2.cpp:2746]   --->   Operation 337 'sparsemux' 'lhs_153' <Predicate = (!icmp_ln2713)> <Delay = 2.18> <CoreInst = "SparseMux">   --->   Core 135 'SparseMux' <Latency = 0> <II = 1> <Delay = 2.18> <FuncUnit> <Opcode : 'sparsemux'> <InPorts = 2> <OutPorts = 1>
ST_1 : Operation 338 [1/1] (2.18ns)   --->   "%lhs_154 = sparsemux i16 @_ssdm_op_SparseMux.ap_auto.7i16.i16.i8, i8 0, i16 %input_ptr_29_val_read, i8 32, i16 %input_ptr_61_val_read, i8 64, i16 %input_ptr_93_val_read, i8 96, i16 %input_ptr_125_val_read, i8 128, i16 %input_ptr_157_val_read, i8 160, i16 %input_ptr_189_val_read, i8 192, i16 %input_ptr_221_val_read, i16 0, i8 %base_index" [H:/subband_ref_q610_opt_stage4_latency_stepL2.cpp:2713->H:/subband_ref_q610_opt_stage4_latency_stepL2.cpp:2746]   --->   Operation 338 'sparsemux' 'lhs_154' <Predicate = (!icmp_ln2713)> <Delay = 2.18> <CoreInst = "SparseMux">   --->   Core 135 'SparseMux' <Latency = 0> <II = 1> <Delay = 2.18> <FuncUnit> <Opcode : 'sparsemux'> <InPorts = 2> <OutPorts = 1>
ST_1 : Operation 339 [1/1] (2.18ns)   --->   "%lhs_155 = sparsemux i16 @_ssdm_op_SparseMux.ap_auto.7i16.i16.i8, i8 0, i16 %input_ptr_30_val_read, i8 32, i16 %input_ptr_62_val_read, i8 64, i16 %input_ptr_94_val_read, i8 96, i16 %input_ptr_126_val_read, i8 128, i16 %input_ptr_158_val_read, i8 160, i16 %input_ptr_190_val_read, i8 192, i16 %input_ptr_222_val_read, i16 0, i8 %base_index" [H:/subband_ref_q610_opt_stage4_latency_stepL2.cpp:2713->H:/subband_ref_q610_opt_stage4_latency_stepL2.cpp:2746]   --->   Operation 339 'sparsemux' 'lhs_155' <Predicate = (!icmp_ln2713)> <Delay = 2.18> <CoreInst = "SparseMux">   --->   Core 135 'SparseMux' <Latency = 0> <II = 1> <Delay = 2.18> <FuncUnit> <Opcode : 'sparsemux'> <InPorts = 2> <OutPorts = 1>
ST_1 : Operation 340 [1/1] (2.18ns)   --->   "%lhs_156 = sparsemux i16 @_ssdm_op_SparseMux.ap_auto.7i16.i16.i8, i8 0, i16 %input_ptr_31_val_read, i8 32, i16 %input_ptr_63_val_read, i8 64, i16 %input_ptr_95_val_read, i8 96, i16 %input_ptr_127_val_read, i8 128, i16 %input_ptr_159_val_read, i8 160, i16 %input_ptr_191_val_read, i8 192, i16 %input_ptr_223_val_read, i16 0, i8 %base_index" [H:/subband_ref_q610_opt_stage4_latency_stepL2.cpp:2713->H:/subband_ref_q610_opt_stage4_latency_stepL2.cpp:2746]   --->   Operation 340 'sparsemux' 'lhs_156' <Predicate = (!icmp_ln2713)> <Delay = 2.18> <CoreInst = "SparseMux">   --->   Core 135 'SparseMux' <Latency = 0> <II = 1> <Delay = 2.18> <FuncUnit> <Opcode : 'sparsemux'> <InPorts = 2> <OutPorts = 1>
ST_1 : Operation 341 [1/1] (1.91ns)   --->   "%add_ln2713 = add i8 %base_index, i8 32" [H:/subband_ref_q610_opt_stage4_latency_stepL2.cpp:2713->H:/subband_ref_q610_opt_stage4_latency_stepL2.cpp:2746]   --->   Operation 341 'add' 'add_ln2713' <Predicate = (!icmp_ln2713)> <Delay = 1.91> <CoreInst = "Adder">   --->   Core 1 'Adder' <Latency = 0> <II = 1> <Delay = 1.91> <FuncUnit> <Opcode : 'add' 'sub'> <InPorts = 2> <OutPorts = 1>
ST_1 : Operation 342 [1/1] (1.58ns)   --->   "%store_ln2717 = store i8 %add_ln2713, i8 %index" [H:/subband_ref_q610_opt_stage4_latency_stepL2.cpp:2717->H:/subband_ref_q610_opt_stage4_latency_stepL2.cpp:2746]   --->   Operation 342 'store' 'store_ln2717' <Predicate = (!icmp_ln2713)> <Delay = 1.58>

State 2 <SV = 1> <Delay = 4.30>
ST_2 : Operation 343 [1/2] (3.25ns)   --->   "%weight_ih_0_load = load i10 %weight_ih_0_addr" [H:/subband_ref_q610_opt_stage4_latency_stepL2.cpp:2719->H:/subband_ref_q610_opt_stage4_latency_stepL2.cpp:2746]   --->   Operation 343 'load' 'weight_ih_0_load' <Predicate = true> <Delay = 3.25> <CoreInst = "RAM_2P_BRAM">   --->   Core 91 'RAM_2P_BRAM' <Latency = 1> <II = 1> <Delay = 3.25> <Storage> <Opcode : 'load' 'store'> <Ports = 2> <Width = 512> <Depth = 784> <RAM>
ST_2 : Operation 344 [1/1] (0.00ns)   --->   "%rhs = trunc i512 %weight_ih_0_load" [H:/subband_ref_q610_opt_stage4_latency_stepL2.cpp:2719->H:/subband_ref_q610_opt_stage4_latency_stepL2.cpp:2746]   --->   Operation 344 'trunc' 'rhs' <Predicate = true> <Delay = 0.00>
ST_2 : Operation 345 [1/1] (0.00ns)   --->   "%sext_ln1625 = sext i16 %lhs" [H:/subband_ref_q610_opt_stage4_latency_stepL2.cpp:1625->H:/subband_ref_q610_opt_stage4_latency_stepL2.cpp:2719->H:/subband_ref_q610_opt_stage4_latency_stepL2.cpp:2746]   --->   Operation 345 'sext' 'sext_ln1625' <Predicate = true> <Delay = 0.00>
ST_2 : Operation 346 [1/1] (0.00ns)   --->   "%sext_ln1625_64 = sext i16 %rhs" [H:/subband_ref_q610_opt_stage4_latency_stepL2.cpp:1625->H:/subband_ref_q610_opt_stage4_latency_stepL2.cpp:2719->H:/subband_ref_q610_opt_stage4_latency_stepL2.cpp:2746]   --->   Operation 346 'sext' 'sext_ln1625_64' <Predicate = true> <Delay = 0.00>
ST_2 : Operation 347 [3/3] (1.05ns) (grouped into DSP with root node input_sum_q20)   --->   "%product_q20 = mul i32 %sext_ln1625_64, i32 %sext_ln1625" [H:/subband_ref_q610_opt_stage4_latency_stepL2.cpp:1625->H:/subband_ref_q610_opt_stage4_latency_stepL2.cpp:2719->H:/subband_ref_q610_opt_stage4_latency_stepL2.cpp:2746]   --->   Operation 347 'mul' 'product_q20' <Predicate = true> <Delay = 1.05> <CoreInst = "DSP48">   --->   Core 119 'DSP48' <Latency = 2> <II = 1> <Delay = 3.88> <IPBlock> <Opcode : '' 'add' 'sub' 'mul' 'select'> <InPorts = 0> <OutPorts = 1> <Sync> <CReg>
ST_2 : Operation 348 [1/1] (0.00ns)   --->   "%rhs_125 = partselect i16 @_ssdm_op_PartSelect.i16.i512.i32.i32, i512 %weight_ih_0_load, i32 16, i32 31" [H:/subband_ref_q610_opt_stage4_latency_stepL2.cpp:2719->H:/subband_ref_q610_opt_stage4_latency_stepL2.cpp:2746]   --->   Operation 348 'partselect' 'rhs_125' <Predicate = true> <Delay = 0.00>
ST_2 : Operation 349 [1/1] (0.00ns)   --->   "%sext_ln1625_65 = sext i16 %lhs_126" [H:/subband_ref_q610_opt_stage4_latency_stepL2.cpp:1625->H:/subband_ref_q610_opt_stage4_latency_stepL2.cpp:2719->H:/subband_ref_q610_opt_stage4_latency_stepL2.cpp:2746]   --->   Operation 349 'sext' 'sext_ln1625_65' <Predicate = true> <Delay = 0.00>
ST_2 : Operation 350 [1/1] (0.00ns)   --->   "%sext_ln1625_66 = sext i16 %rhs_125" [H:/subband_ref_q610_opt_stage4_latency_stepL2.cpp:1625->H:/subband_ref_q610_opt_stage4_latency_stepL2.cpp:2719->H:/subband_ref_q610_opt_stage4_latency_stepL2.cpp:2746]   --->   Operation 350 'sext' 'sext_ln1625_66' <Predicate = true> <Delay = 0.00>
ST_2 : Operation 351 [3/3] (1.05ns) (grouped into DSP with root node add_ln2719)   --->   "%product_q20_126 = mul i32 %sext_ln1625_66, i32 %sext_ln1625_65" [H:/subband_ref_q610_opt_stage4_latency_stepL2.cpp:1625->H:/subband_ref_q610_opt_stage4_latency_stepL2.cpp:2719->H:/subband_ref_q610_opt_stage4_latency_stepL2.cpp:2746]   --->   Operation 351 'mul' 'product_q20_126' <Predicate = true> <Delay = 1.05> <CoreInst = "DSP48">   --->   Core 119 'DSP48' <Latency = 2> <II = 1> <Delay = 3.88> <IPBlock> <Opcode : '' 'add' 'sub' 'mul' 'select'> <InPorts = 0> <OutPorts = 1> <Sync> <CReg>
ST_2 : Operation 352 [1/1] (0.00ns)   --->   "%rhs_126 = partselect i16 @_ssdm_op_PartSelect.i16.i512.i32.i32, i512 %weight_ih_0_load, i32 32, i32 47" [H:/subband_ref_q610_opt_stage4_latency_stepL2.cpp:2719->H:/subband_ref_q610_opt_stage4_latency_stepL2.cpp:2746]   --->   Operation 352 'partselect' 'rhs_126' <Predicate = true> <Delay = 0.00>
ST_2 : Operation 353 [1/1] (0.00ns)   --->   "%sext_ln1625_67 = sext i16 %lhs_127" [H:/subband_ref_q610_opt_stage4_latency_stepL2.cpp:1625->H:/subband_ref_q610_opt_stage4_latency_stepL2.cpp:2719->H:/subband_ref_q610_opt_stage4_latency_stepL2.cpp:2746]   --->   Operation 353 'sext' 'sext_ln1625_67' <Predicate = true> <Delay = 0.00>
ST_2 : Operation 354 [1/1] (0.00ns)   --->   "%sext_ln1625_68 = sext i16 %rhs_126" [H:/subband_ref_q610_opt_stage4_latency_stepL2.cpp:1625->H:/subband_ref_q610_opt_stage4_latency_stepL2.cpp:2719->H:/subband_ref_q610_opt_stage4_latency_stepL2.cpp:2746]   --->   Operation 354 'sext' 'sext_ln1625_68' <Predicate = true> <Delay = 0.00>
ST_2 : Operation 355 [3/3] (1.05ns) (grouped into DSP with root node add_ln2719_1)   --->   "%product_q20_127 = mul i32 %sext_ln1625_68, i32 %sext_ln1625_67" [H:/subband_ref_q610_opt_stage4_latency_stepL2.cpp:1625->H:/subband_ref_q610_opt_stage4_latency_stepL2.cpp:2719->H:/subband_ref_q610_opt_stage4_latency_stepL2.cpp:2746]   --->   Operation 355 'mul' 'product_q20_127' <Predicate = true> <Delay = 1.05> <CoreInst = "DSP48">   --->   Core 119 'DSP48' <Latency = 2> <II = 1> <Delay = 3.88> <IPBlock> <Opcode : '' 'add' 'sub' 'mul' 'select'> <InPorts = 0> <OutPorts = 1> <Sync> <CReg>
ST_2 : Operation 356 [1/1] (0.00ns)   --->   "%rhs_127 = partselect i16 @_ssdm_op_PartSelect.i16.i512.i32.i32, i512 %weight_ih_0_load, i32 48, i32 63" [H:/subband_ref_q610_opt_stage4_latency_stepL2.cpp:2719->H:/subband_ref_q610_opt_stage4_latency_stepL2.cpp:2746]   --->   Operation 356 'partselect' 'rhs_127' <Predicate = true> <Delay = 0.00>
ST_2 : Operation 357 [1/1] (0.00ns)   --->   "%sext_ln1625_69 = sext i16 %lhs_128" [H:/subband_ref_q610_opt_stage4_latency_stepL2.cpp:1625->H:/subband_ref_q610_opt_stage4_latency_stepL2.cpp:2719->H:/subband_ref_q610_opt_stage4_latency_stepL2.cpp:2746]   --->   Operation 357 'sext' 'sext_ln1625_69' <Predicate = true> <Delay = 0.00>
ST_2 : Operation 358 [1/1] (0.00ns)   --->   "%sext_ln1625_70 = sext i16 %rhs_127" [H:/subband_ref_q610_opt_stage4_latency_stepL2.cpp:1625->H:/subband_ref_q610_opt_stage4_latency_stepL2.cpp:2719->H:/subband_ref_q610_opt_stage4_latency_stepL2.cpp:2746]   --->   Operation 358 'sext' 'sext_ln1625_70' <Predicate = true> <Delay = 0.00>
ST_2 : Operation 359 [3/3] (1.05ns) (grouped into DSP with root node add_ln2719_2)   --->   "%product_q20_128 = mul i32 %sext_ln1625_70, i32 %sext_ln1625_69" [H:/subband_ref_q610_opt_stage4_latency_stepL2.cpp:1625->H:/subband_ref_q610_opt_stage4_latency_stepL2.cpp:2719->H:/subband_ref_q610_opt_stage4_latency_stepL2.cpp:2746]   --->   Operation 359 'mul' 'product_q20_128' <Predicate = true> <Delay = 1.05> <CoreInst = "DSP48">   --->   Core 119 'DSP48' <Latency = 2> <II = 1> <Delay = 3.88> <IPBlock> <Opcode : '' 'add' 'sub' 'mul' 'select'> <InPorts = 0> <OutPorts = 1> <Sync> <CReg>
ST_2 : Operation 360 [1/1] (0.00ns)   --->   "%rhs_128 = partselect i16 @_ssdm_op_PartSelect.i16.i512.i32.i32, i512 %weight_ih_0_load, i32 64, i32 79" [H:/subband_ref_q610_opt_stage4_latency_stepL2.cpp:2719->H:/subband_ref_q610_opt_stage4_latency_stepL2.cpp:2746]   --->   Operation 360 'partselect' 'rhs_128' <Predicate = true> <Delay = 0.00>
ST_2 : Operation 361 [1/1] (0.00ns)   --->   "%sext_ln1625_71 = sext i16 %lhs_129" [H:/subband_ref_q610_opt_stage4_latency_stepL2.cpp:1625->H:/subband_ref_q610_opt_stage4_latency_stepL2.cpp:2719->H:/subband_ref_q610_opt_stage4_latency_stepL2.cpp:2746]   --->   Operation 361 'sext' 'sext_ln1625_71' <Predicate = true> <Delay = 0.00>
ST_2 : Operation 362 [1/1] (0.00ns)   --->   "%sext_ln1625_72 = sext i16 %rhs_128" [H:/subband_ref_q610_opt_stage4_latency_stepL2.cpp:1625->H:/subband_ref_q610_opt_stage4_latency_stepL2.cpp:2719->H:/subband_ref_q610_opt_stage4_latency_stepL2.cpp:2746]   --->   Operation 362 'sext' 'sext_ln1625_72' <Predicate = true> <Delay = 0.00>
ST_2 : Operation 363 [3/3] (1.05ns) (grouped into DSP with root node add_ln2719_3)   --->   "%product_q20_129 = mul i32 %sext_ln1625_72, i32 %sext_ln1625_71" [H:/subband_ref_q610_opt_stage4_latency_stepL2.cpp:1625->H:/subband_ref_q610_opt_stage4_latency_stepL2.cpp:2719->H:/subband_ref_q610_opt_stage4_latency_stepL2.cpp:2746]   --->   Operation 363 'mul' 'product_q20_129' <Predicate = true> <Delay = 1.05> <CoreInst = "DSP48">   --->   Core 119 'DSP48' <Latency = 2> <II = 1> <Delay = 3.88> <IPBlock> <Opcode : '' 'add' 'sub' 'mul' 'select'> <InPorts = 0> <OutPorts = 1> <Sync> <CReg>
ST_2 : Operation 364 [1/1] (0.00ns)   --->   "%rhs_129 = partselect i16 @_ssdm_op_PartSelect.i16.i512.i32.i32, i512 %weight_ih_0_load, i32 80, i32 95" [H:/subband_ref_q610_opt_stage4_latency_stepL2.cpp:2719->H:/subband_ref_q610_opt_stage4_latency_stepL2.cpp:2746]   --->   Operation 364 'partselect' 'rhs_129' <Predicate = true> <Delay = 0.00>
ST_2 : Operation 365 [1/1] (0.00ns)   --->   "%sext_ln1625_73 = sext i16 %lhs_130" [H:/subband_ref_q610_opt_stage4_latency_stepL2.cpp:1625->H:/subband_ref_q610_opt_stage4_latency_stepL2.cpp:2719->H:/subband_ref_q610_opt_stage4_latency_stepL2.cpp:2746]   --->   Operation 365 'sext' 'sext_ln1625_73' <Predicate = true> <Delay = 0.00>
ST_2 : Operation 366 [1/1] (0.00ns)   --->   "%sext_ln1625_74 = sext i16 %rhs_129" [H:/subband_ref_q610_opt_stage4_latency_stepL2.cpp:1625->H:/subband_ref_q610_opt_stage4_latency_stepL2.cpp:2719->H:/subband_ref_q610_opt_stage4_latency_stepL2.cpp:2746]   --->   Operation 366 'sext' 'sext_ln1625_74' <Predicate = true> <Delay = 0.00>
ST_2 : Operation 367 [3/3] (1.05ns) (grouped into DSP with root node add_ln2719_4)   --->   "%product_q20_130 = mul i32 %sext_ln1625_74, i32 %sext_ln1625_73" [H:/subband_ref_q610_opt_stage4_latency_stepL2.cpp:1625->H:/subband_ref_q610_opt_stage4_latency_stepL2.cpp:2719->H:/subband_ref_q610_opt_stage4_latency_stepL2.cpp:2746]   --->   Operation 367 'mul' 'product_q20_130' <Predicate = true> <Delay = 1.05> <CoreInst = "DSP48">   --->   Core 119 'DSP48' <Latency = 2> <II = 1> <Delay = 3.88> <IPBlock> <Opcode : '' 'add' 'sub' 'mul' 'select'> <InPorts = 0> <OutPorts = 1> <Sync> <CReg>
ST_2 : Operation 368 [1/1] (0.00ns)   --->   "%rhs_130 = partselect i16 @_ssdm_op_PartSelect.i16.i512.i32.i32, i512 %weight_ih_0_load, i32 96, i32 111" [H:/subband_ref_q610_opt_stage4_latency_stepL2.cpp:2719->H:/subband_ref_q610_opt_stage4_latency_stepL2.cpp:2746]   --->   Operation 368 'partselect' 'rhs_130' <Predicate = true> <Delay = 0.00>
ST_2 : Operation 369 [1/1] (0.00ns)   --->   "%sext_ln1625_75 = sext i16 %lhs_131" [H:/subband_ref_q610_opt_stage4_latency_stepL2.cpp:1625->H:/subband_ref_q610_opt_stage4_latency_stepL2.cpp:2719->H:/subband_ref_q610_opt_stage4_latency_stepL2.cpp:2746]   --->   Operation 369 'sext' 'sext_ln1625_75' <Predicate = true> <Delay = 0.00>
ST_2 : Operation 370 [1/1] (0.00ns)   --->   "%sext_ln1625_76 = sext i16 %rhs_130" [H:/subband_ref_q610_opt_stage4_latency_stepL2.cpp:1625->H:/subband_ref_q610_opt_stage4_latency_stepL2.cpp:2719->H:/subband_ref_q610_opt_stage4_latency_stepL2.cpp:2746]   --->   Operation 370 'sext' 'sext_ln1625_76' <Predicate = true> <Delay = 0.00>
ST_2 : Operation 371 [3/3] (1.05ns) (grouped into DSP with root node add_ln2719_5)   --->   "%product_q20_131 = mul i32 %sext_ln1625_76, i32 %sext_ln1625_75" [H:/subband_ref_q610_opt_stage4_latency_stepL2.cpp:1625->H:/subband_ref_q610_opt_stage4_latency_stepL2.cpp:2719->H:/subband_ref_q610_opt_stage4_latency_stepL2.cpp:2746]   --->   Operation 371 'mul' 'product_q20_131' <Predicate = true> <Delay = 1.05> <CoreInst = "DSP48">   --->   Core 119 'DSP48' <Latency = 2> <II = 1> <Delay = 3.88> <IPBlock> <Opcode : '' 'add' 'sub' 'mul' 'select'> <InPorts = 0> <OutPorts = 1> <Sync> <CReg>
ST_2 : Operation 372 [1/1] (0.00ns)   --->   "%rhs_131 = partselect i16 @_ssdm_op_PartSelect.i16.i512.i32.i32, i512 %weight_ih_0_load, i32 112, i32 127" [H:/subband_ref_q610_opt_stage4_latency_stepL2.cpp:2719->H:/subband_ref_q610_opt_stage4_latency_stepL2.cpp:2746]   --->   Operation 372 'partselect' 'rhs_131' <Predicate = true> <Delay = 0.00>
ST_2 : Operation 373 [1/1] (0.00ns)   --->   "%sext_ln1625_77 = sext i16 %lhs_132" [H:/subband_ref_q610_opt_stage4_latency_stepL2.cpp:1625->H:/subband_ref_q610_opt_stage4_latency_stepL2.cpp:2719->H:/subband_ref_q610_opt_stage4_latency_stepL2.cpp:2746]   --->   Operation 373 'sext' 'sext_ln1625_77' <Predicate = true> <Delay = 0.00>
ST_2 : Operation 374 [1/1] (0.00ns)   --->   "%sext_ln1625_78 = sext i16 %rhs_131" [H:/subband_ref_q610_opt_stage4_latency_stepL2.cpp:1625->H:/subband_ref_q610_opt_stage4_latency_stepL2.cpp:2719->H:/subband_ref_q610_opt_stage4_latency_stepL2.cpp:2746]   --->   Operation 374 'sext' 'sext_ln1625_78' <Predicate = true> <Delay = 0.00>
ST_2 : Operation 375 [3/3] (1.05ns) (grouped into DSP with root node add_ln2719_6)   --->   "%product_q20_132 = mul i32 %sext_ln1625_78, i32 %sext_ln1625_77" [H:/subband_ref_q610_opt_stage4_latency_stepL2.cpp:1625->H:/subband_ref_q610_opt_stage4_latency_stepL2.cpp:2719->H:/subband_ref_q610_opt_stage4_latency_stepL2.cpp:2746]   --->   Operation 375 'mul' 'product_q20_132' <Predicate = true> <Delay = 1.05> <CoreInst = "DSP48">   --->   Core 119 'DSP48' <Latency = 2> <II = 1> <Delay = 3.88> <IPBlock> <Opcode : '' 'add' 'sub' 'mul' 'select'> <InPorts = 0> <OutPorts = 1> <Sync> <CReg>
ST_2 : Operation 376 [1/1] (0.00ns)   --->   "%rhs_132 = partselect i16 @_ssdm_op_PartSelect.i16.i512.i32.i32, i512 %weight_ih_0_load, i32 128, i32 143" [H:/subband_ref_q610_opt_stage4_latency_stepL2.cpp:2719->H:/subband_ref_q610_opt_stage4_latency_stepL2.cpp:2746]   --->   Operation 376 'partselect' 'rhs_132' <Predicate = true> <Delay = 0.00>
ST_2 : Operation 377 [1/1] (0.00ns)   --->   "%sext_ln1625_79 = sext i16 %lhs_133" [H:/subband_ref_q610_opt_stage4_latency_stepL2.cpp:1625->H:/subband_ref_q610_opt_stage4_latency_stepL2.cpp:2719->H:/subband_ref_q610_opt_stage4_latency_stepL2.cpp:2746]   --->   Operation 377 'sext' 'sext_ln1625_79' <Predicate = true> <Delay = 0.00>
ST_2 : Operation 378 [1/1] (0.00ns)   --->   "%sext_ln1625_80 = sext i16 %rhs_132" [H:/subband_ref_q610_opt_stage4_latency_stepL2.cpp:1625->H:/subband_ref_q610_opt_stage4_latency_stepL2.cpp:2719->H:/subband_ref_q610_opt_stage4_latency_stepL2.cpp:2746]   --->   Operation 378 'sext' 'sext_ln1625_80' <Predicate = true> <Delay = 0.00>
ST_2 : Operation 379 [3/3] (1.05ns) (grouped into DSP with root node add_ln2719_7)   --->   "%product_q20_133 = mul i32 %sext_ln1625_80, i32 %sext_ln1625_79" [H:/subband_ref_q610_opt_stage4_latency_stepL2.cpp:1625->H:/subband_ref_q610_opt_stage4_latency_stepL2.cpp:2719->H:/subband_ref_q610_opt_stage4_latency_stepL2.cpp:2746]   --->   Operation 379 'mul' 'product_q20_133' <Predicate = true> <Delay = 1.05> <CoreInst = "DSP48">   --->   Core 119 'DSP48' <Latency = 2> <II = 1> <Delay = 3.88> <IPBlock> <Opcode : '' 'add' 'sub' 'mul' 'select'> <InPorts = 0> <OutPorts = 1> <Sync> <CReg>
ST_2 : Operation 380 [1/1] (0.00ns)   --->   "%rhs_133 = partselect i16 @_ssdm_op_PartSelect.i16.i512.i32.i32, i512 %weight_ih_0_load, i32 144, i32 159" [H:/subband_ref_q610_opt_stage4_latency_stepL2.cpp:2719->H:/subband_ref_q610_opt_stage4_latency_stepL2.cpp:2746]   --->   Operation 380 'partselect' 'rhs_133' <Predicate = true> <Delay = 0.00>
ST_2 : Operation 381 [1/1] (0.00ns)   --->   "%sext_ln1625_81 = sext i16 %lhs_134" [H:/subband_ref_q610_opt_stage4_latency_stepL2.cpp:1625->H:/subband_ref_q610_opt_stage4_latency_stepL2.cpp:2719->H:/subband_ref_q610_opt_stage4_latency_stepL2.cpp:2746]   --->   Operation 381 'sext' 'sext_ln1625_81' <Predicate = true> <Delay = 0.00>
ST_2 : Operation 382 [1/1] (0.00ns)   --->   "%sext_ln1625_82 = sext i16 %rhs_133" [H:/subband_ref_q610_opt_stage4_latency_stepL2.cpp:1625->H:/subband_ref_q610_opt_stage4_latency_stepL2.cpp:2719->H:/subband_ref_q610_opt_stage4_latency_stepL2.cpp:2746]   --->   Operation 382 'sext' 'sext_ln1625_82' <Predicate = true> <Delay = 0.00>
ST_2 : Operation 383 [3/3] (1.05ns) (grouped into DSP with root node add_ln2719_8)   --->   "%product_q20_134 = mul i32 %sext_ln1625_82, i32 %sext_ln1625_81" [H:/subband_ref_q610_opt_stage4_latency_stepL2.cpp:1625->H:/subband_ref_q610_opt_stage4_latency_stepL2.cpp:2719->H:/subband_ref_q610_opt_stage4_latency_stepL2.cpp:2746]   --->   Operation 383 'mul' 'product_q20_134' <Predicate = true> <Delay = 1.05> <CoreInst = "DSP48">   --->   Core 119 'DSP48' <Latency = 2> <II = 1> <Delay = 3.88> <IPBlock> <Opcode : '' 'add' 'sub' 'mul' 'select'> <InPorts = 0> <OutPorts = 1> <Sync> <CReg>
ST_2 : Operation 384 [1/1] (0.00ns)   --->   "%rhs_134 = partselect i16 @_ssdm_op_PartSelect.i16.i512.i32.i32, i512 %weight_ih_0_load, i32 160, i32 175" [H:/subband_ref_q610_opt_stage4_latency_stepL2.cpp:2719->H:/subband_ref_q610_opt_stage4_latency_stepL2.cpp:2746]   --->   Operation 384 'partselect' 'rhs_134' <Predicate = true> <Delay = 0.00>
ST_2 : Operation 385 [1/1] (0.00ns)   --->   "%sext_ln1625_83 = sext i16 %lhs_135" [H:/subband_ref_q610_opt_stage4_latency_stepL2.cpp:1625->H:/subband_ref_q610_opt_stage4_latency_stepL2.cpp:2719->H:/subband_ref_q610_opt_stage4_latency_stepL2.cpp:2746]   --->   Operation 385 'sext' 'sext_ln1625_83' <Predicate = true> <Delay = 0.00>
ST_2 : Operation 386 [1/1] (0.00ns)   --->   "%sext_ln1625_84 = sext i16 %rhs_134" [H:/subband_ref_q610_opt_stage4_latency_stepL2.cpp:1625->H:/subband_ref_q610_opt_stage4_latency_stepL2.cpp:2719->H:/subband_ref_q610_opt_stage4_latency_stepL2.cpp:2746]   --->   Operation 386 'sext' 'sext_ln1625_84' <Predicate = true> <Delay = 0.00>
ST_2 : Operation 387 [3/3] (1.05ns) (grouped into DSP with root node add_ln2719_9)   --->   "%product_q20_135 = mul i32 %sext_ln1625_84, i32 %sext_ln1625_83" [H:/subband_ref_q610_opt_stage4_latency_stepL2.cpp:1625->H:/subband_ref_q610_opt_stage4_latency_stepL2.cpp:2719->H:/subband_ref_q610_opt_stage4_latency_stepL2.cpp:2746]   --->   Operation 387 'mul' 'product_q20_135' <Predicate = true> <Delay = 1.05> <CoreInst = "DSP48">   --->   Core 119 'DSP48' <Latency = 2> <II = 1> <Delay = 3.88> <IPBlock> <Opcode : '' 'add' 'sub' 'mul' 'select'> <InPorts = 0> <OutPorts = 1> <Sync> <CReg>
ST_2 : Operation 388 [1/1] (0.00ns)   --->   "%rhs_135 = partselect i16 @_ssdm_op_PartSelect.i16.i512.i32.i32, i512 %weight_ih_0_load, i32 176, i32 191" [H:/subband_ref_q610_opt_stage4_latency_stepL2.cpp:2719->H:/subband_ref_q610_opt_stage4_latency_stepL2.cpp:2746]   --->   Operation 388 'partselect' 'rhs_135' <Predicate = true> <Delay = 0.00>
ST_2 : Operation 389 [1/1] (0.00ns)   --->   "%sext_ln1625_85 = sext i16 %lhs_136" [H:/subband_ref_q610_opt_stage4_latency_stepL2.cpp:1625->H:/subband_ref_q610_opt_stage4_latency_stepL2.cpp:2719->H:/subband_ref_q610_opt_stage4_latency_stepL2.cpp:2746]   --->   Operation 389 'sext' 'sext_ln1625_85' <Predicate = true> <Delay = 0.00>
ST_2 : Operation 390 [1/1] (0.00ns)   --->   "%sext_ln1625_86 = sext i16 %rhs_135" [H:/subband_ref_q610_opt_stage4_latency_stepL2.cpp:1625->H:/subband_ref_q610_opt_stage4_latency_stepL2.cpp:2719->H:/subband_ref_q610_opt_stage4_latency_stepL2.cpp:2746]   --->   Operation 390 'sext' 'sext_ln1625_86' <Predicate = true> <Delay = 0.00>
ST_2 : Operation 391 [3/3] (1.05ns) (grouped into DSP with root node add_ln2719_10)   --->   "%product_q20_136 = mul i32 %sext_ln1625_86, i32 %sext_ln1625_85" [H:/subband_ref_q610_opt_stage4_latency_stepL2.cpp:1625->H:/subband_ref_q610_opt_stage4_latency_stepL2.cpp:2719->H:/subband_ref_q610_opt_stage4_latency_stepL2.cpp:2746]   --->   Operation 391 'mul' 'product_q20_136' <Predicate = true> <Delay = 1.05> <CoreInst = "DSP48">   --->   Core 119 'DSP48' <Latency = 2> <II = 1> <Delay = 3.88> <IPBlock> <Opcode : '' 'add' 'sub' 'mul' 'select'> <InPorts = 0> <OutPorts = 1> <Sync> <CReg>
ST_2 : Operation 392 [1/1] (0.00ns)   --->   "%rhs_136 = partselect i16 @_ssdm_op_PartSelect.i16.i512.i32.i32, i512 %weight_ih_0_load, i32 192, i32 207" [H:/subband_ref_q610_opt_stage4_latency_stepL2.cpp:2719->H:/subband_ref_q610_opt_stage4_latency_stepL2.cpp:2746]   --->   Operation 392 'partselect' 'rhs_136' <Predicate = true> <Delay = 0.00>
ST_2 : Operation 393 [1/1] (0.00ns)   --->   "%sext_ln1625_87 = sext i16 %lhs_137" [H:/subband_ref_q610_opt_stage4_latency_stepL2.cpp:1625->H:/subband_ref_q610_opt_stage4_latency_stepL2.cpp:2719->H:/subband_ref_q610_opt_stage4_latency_stepL2.cpp:2746]   --->   Operation 393 'sext' 'sext_ln1625_87' <Predicate = true> <Delay = 0.00>
ST_2 : Operation 394 [1/1] (0.00ns)   --->   "%sext_ln1625_88 = sext i16 %rhs_136" [H:/subband_ref_q610_opt_stage4_latency_stepL2.cpp:1625->H:/subband_ref_q610_opt_stage4_latency_stepL2.cpp:2719->H:/subband_ref_q610_opt_stage4_latency_stepL2.cpp:2746]   --->   Operation 394 'sext' 'sext_ln1625_88' <Predicate = true> <Delay = 0.00>
ST_2 : Operation 395 [3/3] (1.05ns) (grouped into DSP with root node add_ln2719_11)   --->   "%product_q20_137 = mul i32 %sext_ln1625_88, i32 %sext_ln1625_87" [H:/subband_ref_q610_opt_stage4_latency_stepL2.cpp:1625->H:/subband_ref_q610_opt_stage4_latency_stepL2.cpp:2719->H:/subband_ref_q610_opt_stage4_latency_stepL2.cpp:2746]   --->   Operation 395 'mul' 'product_q20_137' <Predicate = true> <Delay = 1.05> <CoreInst = "DSP48">   --->   Core 119 'DSP48' <Latency = 2> <II = 1> <Delay = 3.88> <IPBlock> <Opcode : '' 'add' 'sub' 'mul' 'select'> <InPorts = 0> <OutPorts = 1> <Sync> <CReg>
ST_2 : Operation 396 [1/1] (0.00ns)   --->   "%rhs_137 = partselect i16 @_ssdm_op_PartSelect.i16.i512.i32.i32, i512 %weight_ih_0_load, i32 208, i32 223" [H:/subband_ref_q610_opt_stage4_latency_stepL2.cpp:2719->H:/subband_ref_q610_opt_stage4_latency_stepL2.cpp:2746]   --->   Operation 396 'partselect' 'rhs_137' <Predicate = true> <Delay = 0.00>
ST_2 : Operation 397 [1/1] (0.00ns)   --->   "%sext_ln1625_89 = sext i16 %lhs_138" [H:/subband_ref_q610_opt_stage4_latency_stepL2.cpp:1625->H:/subband_ref_q610_opt_stage4_latency_stepL2.cpp:2719->H:/subband_ref_q610_opt_stage4_latency_stepL2.cpp:2746]   --->   Operation 397 'sext' 'sext_ln1625_89' <Predicate = true> <Delay = 0.00>
ST_2 : Operation 398 [1/1] (0.00ns)   --->   "%sext_ln1625_90 = sext i16 %rhs_137" [H:/subband_ref_q610_opt_stage4_latency_stepL2.cpp:1625->H:/subband_ref_q610_opt_stage4_latency_stepL2.cpp:2719->H:/subband_ref_q610_opt_stage4_latency_stepL2.cpp:2746]   --->   Operation 398 'sext' 'sext_ln1625_90' <Predicate = true> <Delay = 0.00>
ST_2 : Operation 399 [3/3] (1.05ns) (grouped into DSP with root node add_ln2719_12)   --->   "%product_q20_138 = mul i32 %sext_ln1625_90, i32 %sext_ln1625_89" [H:/subband_ref_q610_opt_stage4_latency_stepL2.cpp:1625->H:/subband_ref_q610_opt_stage4_latency_stepL2.cpp:2719->H:/subband_ref_q610_opt_stage4_latency_stepL2.cpp:2746]   --->   Operation 399 'mul' 'product_q20_138' <Predicate = true> <Delay = 1.05> <CoreInst = "DSP48">   --->   Core 119 'DSP48' <Latency = 2> <II = 1> <Delay = 3.88> <IPBlock> <Opcode : '' 'add' 'sub' 'mul' 'select'> <InPorts = 0> <OutPorts = 1> <Sync> <CReg>
ST_2 : Operation 400 [1/1] (0.00ns)   --->   "%rhs_138 = partselect i16 @_ssdm_op_PartSelect.i16.i512.i32.i32, i512 %weight_ih_0_load, i32 224, i32 239" [H:/subband_ref_q610_opt_stage4_latency_stepL2.cpp:2719->H:/subband_ref_q610_opt_stage4_latency_stepL2.cpp:2746]   --->   Operation 400 'partselect' 'rhs_138' <Predicate = true> <Delay = 0.00>
ST_2 : Operation 401 [1/1] (0.00ns)   --->   "%sext_ln1625_91 = sext i16 %lhs_139" [H:/subband_ref_q610_opt_stage4_latency_stepL2.cpp:1625->H:/subband_ref_q610_opt_stage4_latency_stepL2.cpp:2719->H:/subband_ref_q610_opt_stage4_latency_stepL2.cpp:2746]   --->   Operation 401 'sext' 'sext_ln1625_91' <Predicate = true> <Delay = 0.00>
ST_2 : Operation 402 [1/1] (0.00ns)   --->   "%sext_ln1625_92 = sext i16 %rhs_138" [H:/subband_ref_q610_opt_stage4_latency_stepL2.cpp:1625->H:/subband_ref_q610_opt_stage4_latency_stepL2.cpp:2719->H:/subband_ref_q610_opt_stage4_latency_stepL2.cpp:2746]   --->   Operation 402 'sext' 'sext_ln1625_92' <Predicate = true> <Delay = 0.00>
ST_2 : Operation 403 [3/3] (1.05ns) (grouped into DSP with root node add_ln2719_13)   --->   "%product_q20_139 = mul i32 %sext_ln1625_92, i32 %sext_ln1625_91" [H:/subband_ref_q610_opt_stage4_latency_stepL2.cpp:1625->H:/subband_ref_q610_opt_stage4_latency_stepL2.cpp:2719->H:/subband_ref_q610_opt_stage4_latency_stepL2.cpp:2746]   --->   Operation 403 'mul' 'product_q20_139' <Predicate = true> <Delay = 1.05> <CoreInst = "DSP48">   --->   Core 119 'DSP48' <Latency = 2> <II = 1> <Delay = 3.88> <IPBlock> <Opcode : '' 'add' 'sub' 'mul' 'select'> <InPorts = 0> <OutPorts = 1> <Sync> <CReg>
ST_2 : Operation 404 [1/1] (0.00ns)   --->   "%rhs_139 = partselect i16 @_ssdm_op_PartSelect.i16.i512.i32.i32, i512 %weight_ih_0_load, i32 240, i32 255" [H:/subband_ref_q610_opt_stage4_latency_stepL2.cpp:2719->H:/subband_ref_q610_opt_stage4_latency_stepL2.cpp:2746]   --->   Operation 404 'partselect' 'rhs_139' <Predicate = true> <Delay = 0.00>
ST_2 : Operation 405 [1/1] (0.00ns)   --->   "%sext_ln1625_93 = sext i16 %lhs_140" [H:/subband_ref_q610_opt_stage4_latency_stepL2.cpp:1625->H:/subband_ref_q610_opt_stage4_latency_stepL2.cpp:2719->H:/subband_ref_q610_opt_stage4_latency_stepL2.cpp:2746]   --->   Operation 405 'sext' 'sext_ln1625_93' <Predicate = true> <Delay = 0.00>
ST_2 : Operation 406 [1/1] (0.00ns)   --->   "%sext_ln1625_94 = sext i16 %rhs_139" [H:/subband_ref_q610_opt_stage4_latency_stepL2.cpp:1625->H:/subband_ref_q610_opt_stage4_latency_stepL2.cpp:2719->H:/subband_ref_q610_opt_stage4_latency_stepL2.cpp:2746]   --->   Operation 406 'sext' 'sext_ln1625_94' <Predicate = true> <Delay = 0.00>
ST_2 : Operation 407 [3/3] (1.05ns) (grouped into DSP with root node add_ln2719_14)   --->   "%product_q20_140 = mul i32 %sext_ln1625_94, i32 %sext_ln1625_93" [H:/subband_ref_q610_opt_stage4_latency_stepL2.cpp:1625->H:/subband_ref_q610_opt_stage4_latency_stepL2.cpp:2719->H:/subband_ref_q610_opt_stage4_latency_stepL2.cpp:2746]   --->   Operation 407 'mul' 'product_q20_140' <Predicate = true> <Delay = 1.05> <CoreInst = "DSP48">   --->   Core 119 'DSP48' <Latency = 2> <II = 1> <Delay = 3.88> <IPBlock> <Opcode : '' 'add' 'sub' 'mul' 'select'> <InPorts = 0> <OutPorts = 1> <Sync> <CReg>
ST_2 : Operation 408 [1/1] (0.00ns)   --->   "%rhs_140 = partselect i16 @_ssdm_op_PartSelect.i16.i512.i32.i32, i512 %weight_ih_0_load, i32 256, i32 271" [H:/subband_ref_q610_opt_stage4_latency_stepL2.cpp:2719->H:/subband_ref_q610_opt_stage4_latency_stepL2.cpp:2746]   --->   Operation 408 'partselect' 'rhs_140' <Predicate = true> <Delay = 0.00>
ST_2 : Operation 409 [1/1] (0.00ns)   --->   "%sext_ln1625_95 = sext i16 %lhs_141" [H:/subband_ref_q610_opt_stage4_latency_stepL2.cpp:1625->H:/subband_ref_q610_opt_stage4_latency_stepL2.cpp:2719->H:/subband_ref_q610_opt_stage4_latency_stepL2.cpp:2746]   --->   Operation 409 'sext' 'sext_ln1625_95' <Predicate = true> <Delay = 0.00>
ST_2 : Operation 410 [1/1] (0.00ns)   --->   "%sext_ln1625_96 = sext i16 %rhs_140" [H:/subband_ref_q610_opt_stage4_latency_stepL2.cpp:1625->H:/subband_ref_q610_opt_stage4_latency_stepL2.cpp:2719->H:/subband_ref_q610_opt_stage4_latency_stepL2.cpp:2746]   --->   Operation 410 'sext' 'sext_ln1625_96' <Predicate = true> <Delay = 0.00>
ST_2 : Operation 411 [3/3] (1.05ns) (grouped into DSP with root node add_ln2719_15)   --->   "%product_q20_141 = mul i32 %sext_ln1625_96, i32 %sext_ln1625_95" [H:/subband_ref_q610_opt_stage4_latency_stepL2.cpp:1625->H:/subband_ref_q610_opt_stage4_latency_stepL2.cpp:2719->H:/subband_ref_q610_opt_stage4_latency_stepL2.cpp:2746]   --->   Operation 411 'mul' 'product_q20_141' <Predicate = true> <Delay = 1.05> <CoreInst = "DSP48">   --->   Core 119 'DSP48' <Latency = 2> <II = 1> <Delay = 3.88> <IPBlock> <Opcode : '' 'add' 'sub' 'mul' 'select'> <InPorts = 0> <OutPorts = 1> <Sync> <CReg>
ST_2 : Operation 412 [1/1] (0.00ns)   --->   "%rhs_141 = partselect i16 @_ssdm_op_PartSelect.i16.i512.i32.i32, i512 %weight_ih_0_load, i32 272, i32 287" [H:/subband_ref_q610_opt_stage4_latency_stepL2.cpp:2719->H:/subband_ref_q610_opt_stage4_latency_stepL2.cpp:2746]   --->   Operation 412 'partselect' 'rhs_141' <Predicate = true> <Delay = 0.00>
ST_2 : Operation 413 [1/1] (0.00ns)   --->   "%sext_ln1625_97 = sext i16 %lhs_142" [H:/subband_ref_q610_opt_stage4_latency_stepL2.cpp:1625->H:/subband_ref_q610_opt_stage4_latency_stepL2.cpp:2719->H:/subband_ref_q610_opt_stage4_latency_stepL2.cpp:2746]   --->   Operation 413 'sext' 'sext_ln1625_97' <Predicate = true> <Delay = 0.00>
ST_2 : Operation 414 [1/1] (0.00ns)   --->   "%sext_ln1625_98 = sext i16 %rhs_141" [H:/subband_ref_q610_opt_stage4_latency_stepL2.cpp:1625->H:/subband_ref_q610_opt_stage4_latency_stepL2.cpp:2719->H:/subband_ref_q610_opt_stage4_latency_stepL2.cpp:2746]   --->   Operation 414 'sext' 'sext_ln1625_98' <Predicate = true> <Delay = 0.00>
ST_2 : Operation 415 [3/3] (1.05ns) (grouped into DSP with root node add_ln2719_16)   --->   "%product_q20_142 = mul i32 %sext_ln1625_98, i32 %sext_ln1625_97" [H:/subband_ref_q610_opt_stage4_latency_stepL2.cpp:1625->H:/subband_ref_q610_opt_stage4_latency_stepL2.cpp:2719->H:/subband_ref_q610_opt_stage4_latency_stepL2.cpp:2746]   --->   Operation 415 'mul' 'product_q20_142' <Predicate = true> <Delay = 1.05> <CoreInst = "DSP48">   --->   Core 119 'DSP48' <Latency = 2> <II = 1> <Delay = 3.88> <IPBlock> <Opcode : '' 'add' 'sub' 'mul' 'select'> <InPorts = 0> <OutPorts = 1> <Sync> <CReg>
ST_2 : Operation 416 [1/1] (0.00ns)   --->   "%rhs_142 = partselect i16 @_ssdm_op_PartSelect.i16.i512.i32.i32, i512 %weight_ih_0_load, i32 288, i32 303" [H:/subband_ref_q610_opt_stage4_latency_stepL2.cpp:2719->H:/subband_ref_q610_opt_stage4_latency_stepL2.cpp:2746]   --->   Operation 416 'partselect' 'rhs_142' <Predicate = true> <Delay = 0.00>
ST_2 : Operation 417 [1/1] (0.00ns)   --->   "%sext_ln1625_99 = sext i16 %lhs_143" [H:/subband_ref_q610_opt_stage4_latency_stepL2.cpp:1625->H:/subband_ref_q610_opt_stage4_latency_stepL2.cpp:2719->H:/subband_ref_q610_opt_stage4_latency_stepL2.cpp:2746]   --->   Operation 417 'sext' 'sext_ln1625_99' <Predicate = true> <Delay = 0.00>
ST_2 : Operation 418 [1/1] (0.00ns)   --->   "%sext_ln1625_100 = sext i16 %rhs_142" [H:/subband_ref_q610_opt_stage4_latency_stepL2.cpp:1625->H:/subband_ref_q610_opt_stage4_latency_stepL2.cpp:2719->H:/subband_ref_q610_opt_stage4_latency_stepL2.cpp:2746]   --->   Operation 418 'sext' 'sext_ln1625_100' <Predicate = true> <Delay = 0.00>
ST_2 : Operation 419 [3/3] (1.05ns) (grouped into DSP with root node add_ln2719_17)   --->   "%product_q20_143 = mul i32 %sext_ln1625_100, i32 %sext_ln1625_99" [H:/subband_ref_q610_opt_stage4_latency_stepL2.cpp:1625->H:/subband_ref_q610_opt_stage4_latency_stepL2.cpp:2719->H:/subband_ref_q610_opt_stage4_latency_stepL2.cpp:2746]   --->   Operation 419 'mul' 'product_q20_143' <Predicate = true> <Delay = 1.05> <CoreInst = "DSP48">   --->   Core 119 'DSP48' <Latency = 2> <II = 1> <Delay = 3.88> <IPBlock> <Opcode : '' 'add' 'sub' 'mul' 'select'> <InPorts = 0> <OutPorts = 1> <Sync> <CReg>
ST_2 : Operation 420 [1/1] (0.00ns)   --->   "%rhs_143 = partselect i16 @_ssdm_op_PartSelect.i16.i512.i32.i32, i512 %weight_ih_0_load, i32 304, i32 319" [H:/subband_ref_q610_opt_stage4_latency_stepL2.cpp:2719->H:/subband_ref_q610_opt_stage4_latency_stepL2.cpp:2746]   --->   Operation 420 'partselect' 'rhs_143' <Predicate = true> <Delay = 0.00>
ST_2 : Operation 421 [1/1] (0.00ns)   --->   "%sext_ln1625_101 = sext i16 %lhs_144" [H:/subband_ref_q610_opt_stage4_latency_stepL2.cpp:1625->H:/subband_ref_q610_opt_stage4_latency_stepL2.cpp:2719->H:/subband_ref_q610_opt_stage4_latency_stepL2.cpp:2746]   --->   Operation 421 'sext' 'sext_ln1625_101' <Predicate = true> <Delay = 0.00>
ST_2 : Operation 422 [1/1] (0.00ns)   --->   "%sext_ln1625_102 = sext i16 %rhs_143" [H:/subband_ref_q610_opt_stage4_latency_stepL2.cpp:1625->H:/subband_ref_q610_opt_stage4_latency_stepL2.cpp:2719->H:/subband_ref_q610_opt_stage4_latency_stepL2.cpp:2746]   --->   Operation 422 'sext' 'sext_ln1625_102' <Predicate = true> <Delay = 0.00>
ST_2 : Operation 423 [3/3] (1.05ns) (grouped into DSP with root node add_ln2719_18)   --->   "%product_q20_144 = mul i32 %sext_ln1625_102, i32 %sext_ln1625_101" [H:/subband_ref_q610_opt_stage4_latency_stepL2.cpp:1625->H:/subband_ref_q610_opt_stage4_latency_stepL2.cpp:2719->H:/subband_ref_q610_opt_stage4_latency_stepL2.cpp:2746]   --->   Operation 423 'mul' 'product_q20_144' <Predicate = true> <Delay = 1.05> <CoreInst = "DSP48">   --->   Core 119 'DSP48' <Latency = 2> <II = 1> <Delay = 3.88> <IPBlock> <Opcode : '' 'add' 'sub' 'mul' 'select'> <InPorts = 0> <OutPorts = 1> <Sync> <CReg>
ST_2 : Operation 424 [1/1] (0.00ns)   --->   "%rhs_144 = partselect i16 @_ssdm_op_PartSelect.i16.i512.i32.i32, i512 %weight_ih_0_load, i32 320, i32 335" [H:/subband_ref_q610_opt_stage4_latency_stepL2.cpp:2719->H:/subband_ref_q610_opt_stage4_latency_stepL2.cpp:2746]   --->   Operation 424 'partselect' 'rhs_144' <Predicate = true> <Delay = 0.00>
ST_2 : Operation 425 [1/1] (0.00ns)   --->   "%sext_ln1625_103 = sext i16 %lhs_145" [H:/subband_ref_q610_opt_stage4_latency_stepL2.cpp:1625->H:/subband_ref_q610_opt_stage4_latency_stepL2.cpp:2719->H:/subband_ref_q610_opt_stage4_latency_stepL2.cpp:2746]   --->   Operation 425 'sext' 'sext_ln1625_103' <Predicate = true> <Delay = 0.00>
ST_2 : Operation 426 [1/1] (0.00ns)   --->   "%sext_ln1625_104 = sext i16 %rhs_144" [H:/subband_ref_q610_opt_stage4_latency_stepL2.cpp:1625->H:/subband_ref_q610_opt_stage4_latency_stepL2.cpp:2719->H:/subband_ref_q610_opt_stage4_latency_stepL2.cpp:2746]   --->   Operation 426 'sext' 'sext_ln1625_104' <Predicate = true> <Delay = 0.00>
ST_2 : Operation 427 [3/3] (1.05ns) (grouped into DSP with root node add_ln2719_19)   --->   "%product_q20_145 = mul i32 %sext_ln1625_104, i32 %sext_ln1625_103" [H:/subband_ref_q610_opt_stage4_latency_stepL2.cpp:1625->H:/subband_ref_q610_opt_stage4_latency_stepL2.cpp:2719->H:/subband_ref_q610_opt_stage4_latency_stepL2.cpp:2746]   --->   Operation 427 'mul' 'product_q20_145' <Predicate = true> <Delay = 1.05> <CoreInst = "DSP48">   --->   Core 119 'DSP48' <Latency = 2> <II = 1> <Delay = 3.88> <IPBlock> <Opcode : '' 'add' 'sub' 'mul' 'select'> <InPorts = 0> <OutPorts = 1> <Sync> <CReg>
ST_2 : Operation 428 [1/1] (0.00ns)   --->   "%rhs_145 = partselect i16 @_ssdm_op_PartSelect.i16.i512.i32.i32, i512 %weight_ih_0_load, i32 336, i32 351" [H:/subband_ref_q610_opt_stage4_latency_stepL2.cpp:2719->H:/subband_ref_q610_opt_stage4_latency_stepL2.cpp:2746]   --->   Operation 428 'partselect' 'rhs_145' <Predicate = true> <Delay = 0.00>
ST_2 : Operation 429 [1/1] (0.00ns)   --->   "%sext_ln1625_105 = sext i16 %lhs_146" [H:/subband_ref_q610_opt_stage4_latency_stepL2.cpp:1625->H:/subband_ref_q610_opt_stage4_latency_stepL2.cpp:2719->H:/subband_ref_q610_opt_stage4_latency_stepL2.cpp:2746]   --->   Operation 429 'sext' 'sext_ln1625_105' <Predicate = true> <Delay = 0.00>
ST_2 : Operation 430 [1/1] (0.00ns)   --->   "%sext_ln1625_106 = sext i16 %rhs_145" [H:/subband_ref_q610_opt_stage4_latency_stepL2.cpp:1625->H:/subband_ref_q610_opt_stage4_latency_stepL2.cpp:2719->H:/subband_ref_q610_opt_stage4_latency_stepL2.cpp:2746]   --->   Operation 430 'sext' 'sext_ln1625_106' <Predicate = true> <Delay = 0.00>
ST_2 : Operation 431 [3/3] (1.05ns) (grouped into DSP with root node add_ln2719_20)   --->   "%product_q20_146 = mul i32 %sext_ln1625_106, i32 %sext_ln1625_105" [H:/subband_ref_q610_opt_stage4_latency_stepL2.cpp:1625->H:/subband_ref_q610_opt_stage4_latency_stepL2.cpp:2719->H:/subband_ref_q610_opt_stage4_latency_stepL2.cpp:2746]   --->   Operation 431 'mul' 'product_q20_146' <Predicate = true> <Delay = 1.05> <CoreInst = "DSP48">   --->   Core 119 'DSP48' <Latency = 2> <II = 1> <Delay = 3.88> <IPBlock> <Opcode : '' 'add' 'sub' 'mul' 'select'> <InPorts = 0> <OutPorts = 1> <Sync> <CReg>
ST_2 : Operation 432 [1/1] (0.00ns)   --->   "%rhs_146 = partselect i16 @_ssdm_op_PartSelect.i16.i512.i32.i32, i512 %weight_ih_0_load, i32 352, i32 367" [H:/subband_ref_q610_opt_stage4_latency_stepL2.cpp:2719->H:/subband_ref_q610_opt_stage4_latency_stepL2.cpp:2746]   --->   Operation 432 'partselect' 'rhs_146' <Predicate = true> <Delay = 0.00>
ST_2 : Operation 433 [1/1] (0.00ns)   --->   "%sext_ln1625_107 = sext i16 %lhs_147" [H:/subband_ref_q610_opt_stage4_latency_stepL2.cpp:1625->H:/subband_ref_q610_opt_stage4_latency_stepL2.cpp:2719->H:/subband_ref_q610_opt_stage4_latency_stepL2.cpp:2746]   --->   Operation 433 'sext' 'sext_ln1625_107' <Predicate = true> <Delay = 0.00>
ST_2 : Operation 434 [1/1] (0.00ns)   --->   "%sext_ln1625_108 = sext i16 %rhs_146" [H:/subband_ref_q610_opt_stage4_latency_stepL2.cpp:1625->H:/subband_ref_q610_opt_stage4_latency_stepL2.cpp:2719->H:/subband_ref_q610_opt_stage4_latency_stepL2.cpp:2746]   --->   Operation 434 'sext' 'sext_ln1625_108' <Predicate = true> <Delay = 0.00>
ST_2 : Operation 435 [3/3] (1.05ns) (grouped into DSP with root node add_ln2719_21)   --->   "%product_q20_147 = mul i32 %sext_ln1625_108, i32 %sext_ln1625_107" [H:/subband_ref_q610_opt_stage4_latency_stepL2.cpp:1625->H:/subband_ref_q610_opt_stage4_latency_stepL2.cpp:2719->H:/subband_ref_q610_opt_stage4_latency_stepL2.cpp:2746]   --->   Operation 435 'mul' 'product_q20_147' <Predicate = true> <Delay = 1.05> <CoreInst = "DSP48">   --->   Core 119 'DSP48' <Latency = 2> <II = 1> <Delay = 3.88> <IPBlock> <Opcode : '' 'add' 'sub' 'mul' 'select'> <InPorts = 0> <OutPorts = 1> <Sync> <CReg>
ST_2 : Operation 436 [1/1] (0.00ns)   --->   "%rhs_147 = partselect i16 @_ssdm_op_PartSelect.i16.i512.i32.i32, i512 %weight_ih_0_load, i32 368, i32 383" [H:/subband_ref_q610_opt_stage4_latency_stepL2.cpp:2719->H:/subband_ref_q610_opt_stage4_latency_stepL2.cpp:2746]   --->   Operation 436 'partselect' 'rhs_147' <Predicate = true> <Delay = 0.00>
ST_2 : Operation 437 [1/1] (0.00ns)   --->   "%sext_ln1625_109 = sext i16 %lhs_148" [H:/subband_ref_q610_opt_stage4_latency_stepL2.cpp:1625->H:/subband_ref_q610_opt_stage4_latency_stepL2.cpp:2719->H:/subband_ref_q610_opt_stage4_latency_stepL2.cpp:2746]   --->   Operation 437 'sext' 'sext_ln1625_109' <Predicate = true> <Delay = 0.00>
ST_2 : Operation 438 [1/1] (0.00ns)   --->   "%sext_ln1625_110 = sext i16 %rhs_147" [H:/subband_ref_q610_opt_stage4_latency_stepL2.cpp:1625->H:/subband_ref_q610_opt_stage4_latency_stepL2.cpp:2719->H:/subband_ref_q610_opt_stage4_latency_stepL2.cpp:2746]   --->   Operation 438 'sext' 'sext_ln1625_110' <Predicate = true> <Delay = 0.00>
ST_2 : Operation 439 [3/3] (1.05ns) (grouped into DSP with root node add_ln2719_22)   --->   "%product_q20_148 = mul i32 %sext_ln1625_110, i32 %sext_ln1625_109" [H:/subband_ref_q610_opt_stage4_latency_stepL2.cpp:1625->H:/subband_ref_q610_opt_stage4_latency_stepL2.cpp:2719->H:/subband_ref_q610_opt_stage4_latency_stepL2.cpp:2746]   --->   Operation 439 'mul' 'product_q20_148' <Predicate = true> <Delay = 1.05> <CoreInst = "DSP48">   --->   Core 119 'DSP48' <Latency = 2> <II = 1> <Delay = 3.88> <IPBlock> <Opcode : '' 'add' 'sub' 'mul' 'select'> <InPorts = 0> <OutPorts = 1> <Sync> <CReg>
ST_2 : Operation 440 [1/1] (0.00ns)   --->   "%rhs_148 = partselect i16 @_ssdm_op_PartSelect.i16.i512.i32.i32, i512 %weight_ih_0_load, i32 384, i32 399" [H:/subband_ref_q610_opt_stage4_latency_stepL2.cpp:2719->H:/subband_ref_q610_opt_stage4_latency_stepL2.cpp:2746]   --->   Operation 440 'partselect' 'rhs_148' <Predicate = true> <Delay = 0.00>
ST_2 : Operation 441 [1/1] (0.00ns)   --->   "%sext_ln1625_111 = sext i16 %lhs_149" [H:/subband_ref_q610_opt_stage4_latency_stepL2.cpp:1625->H:/subband_ref_q610_opt_stage4_latency_stepL2.cpp:2719->H:/subband_ref_q610_opt_stage4_latency_stepL2.cpp:2746]   --->   Operation 441 'sext' 'sext_ln1625_111' <Predicate = true> <Delay = 0.00>
ST_2 : Operation 442 [1/1] (0.00ns)   --->   "%sext_ln1625_112 = sext i16 %rhs_148" [H:/subband_ref_q610_opt_stage4_latency_stepL2.cpp:1625->H:/subband_ref_q610_opt_stage4_latency_stepL2.cpp:2719->H:/subband_ref_q610_opt_stage4_latency_stepL2.cpp:2746]   --->   Operation 442 'sext' 'sext_ln1625_112' <Predicate = true> <Delay = 0.00>
ST_2 : Operation 443 [3/3] (1.05ns) (grouped into DSP with root node add_ln2719_23)   --->   "%product_q20_149 = mul i32 %sext_ln1625_112, i32 %sext_ln1625_111" [H:/subband_ref_q610_opt_stage4_latency_stepL2.cpp:1625->H:/subband_ref_q610_opt_stage4_latency_stepL2.cpp:2719->H:/subband_ref_q610_opt_stage4_latency_stepL2.cpp:2746]   --->   Operation 443 'mul' 'product_q20_149' <Predicate = true> <Delay = 1.05> <CoreInst = "DSP48">   --->   Core 119 'DSP48' <Latency = 2> <II = 1> <Delay = 3.88> <IPBlock> <Opcode : '' 'add' 'sub' 'mul' 'select'> <InPorts = 0> <OutPorts = 1> <Sync> <CReg>
ST_2 : Operation 444 [1/1] (0.00ns)   --->   "%rhs_149 = partselect i16 @_ssdm_op_PartSelect.i16.i512.i32.i32, i512 %weight_ih_0_load, i32 400, i32 415" [H:/subband_ref_q610_opt_stage4_latency_stepL2.cpp:2719->H:/subband_ref_q610_opt_stage4_latency_stepL2.cpp:2746]   --->   Operation 444 'partselect' 'rhs_149' <Predicate = true> <Delay = 0.00>
ST_2 : Operation 445 [1/1] (0.00ns)   --->   "%sext_ln1625_113 = sext i16 %lhs_150" [H:/subband_ref_q610_opt_stage4_latency_stepL2.cpp:1625->H:/subband_ref_q610_opt_stage4_latency_stepL2.cpp:2719->H:/subband_ref_q610_opt_stage4_latency_stepL2.cpp:2746]   --->   Operation 445 'sext' 'sext_ln1625_113' <Predicate = true> <Delay = 0.00>
ST_2 : Operation 446 [1/1] (0.00ns)   --->   "%sext_ln1625_114 = sext i16 %rhs_149" [H:/subband_ref_q610_opt_stage4_latency_stepL2.cpp:1625->H:/subband_ref_q610_opt_stage4_latency_stepL2.cpp:2719->H:/subband_ref_q610_opt_stage4_latency_stepL2.cpp:2746]   --->   Operation 446 'sext' 'sext_ln1625_114' <Predicate = true> <Delay = 0.00>
ST_2 : Operation 447 [3/3] (1.05ns) (grouped into DSP with root node add_ln2719_24)   --->   "%product_q20_150 = mul i32 %sext_ln1625_114, i32 %sext_ln1625_113" [H:/subband_ref_q610_opt_stage4_latency_stepL2.cpp:1625->H:/subband_ref_q610_opt_stage4_latency_stepL2.cpp:2719->H:/subband_ref_q610_opt_stage4_latency_stepL2.cpp:2746]   --->   Operation 447 'mul' 'product_q20_150' <Predicate = true> <Delay = 1.05> <CoreInst = "DSP48">   --->   Core 119 'DSP48' <Latency = 2> <II = 1> <Delay = 3.88> <IPBlock> <Opcode : '' 'add' 'sub' 'mul' 'select'> <InPorts = 0> <OutPorts = 1> <Sync> <CReg>
ST_2 : Operation 448 [1/1] (0.00ns)   --->   "%rhs_150 = partselect i16 @_ssdm_op_PartSelect.i16.i512.i32.i32, i512 %weight_ih_0_load, i32 416, i32 431" [H:/subband_ref_q610_opt_stage4_latency_stepL2.cpp:2719->H:/subband_ref_q610_opt_stage4_latency_stepL2.cpp:2746]   --->   Operation 448 'partselect' 'rhs_150' <Predicate = true> <Delay = 0.00>
ST_2 : Operation 449 [1/1] (0.00ns)   --->   "%sext_ln1625_115 = sext i16 %lhs_151" [H:/subband_ref_q610_opt_stage4_latency_stepL2.cpp:1625->H:/subband_ref_q610_opt_stage4_latency_stepL2.cpp:2719->H:/subband_ref_q610_opt_stage4_latency_stepL2.cpp:2746]   --->   Operation 449 'sext' 'sext_ln1625_115' <Predicate = true> <Delay = 0.00>
ST_2 : Operation 450 [1/1] (0.00ns)   --->   "%sext_ln1625_116 = sext i16 %rhs_150" [H:/subband_ref_q610_opt_stage4_latency_stepL2.cpp:1625->H:/subband_ref_q610_opt_stage4_latency_stepL2.cpp:2719->H:/subband_ref_q610_opt_stage4_latency_stepL2.cpp:2746]   --->   Operation 450 'sext' 'sext_ln1625_116' <Predicate = true> <Delay = 0.00>
ST_2 : Operation 451 [3/3] (1.05ns) (grouped into DSP with root node add_ln2719_25)   --->   "%product_q20_151 = mul i32 %sext_ln1625_116, i32 %sext_ln1625_115" [H:/subband_ref_q610_opt_stage4_latency_stepL2.cpp:1625->H:/subband_ref_q610_opt_stage4_latency_stepL2.cpp:2719->H:/subband_ref_q610_opt_stage4_latency_stepL2.cpp:2746]   --->   Operation 451 'mul' 'product_q20_151' <Predicate = true> <Delay = 1.05> <CoreInst = "DSP48">   --->   Core 119 'DSP48' <Latency = 2> <II = 1> <Delay = 3.88> <IPBlock> <Opcode : '' 'add' 'sub' 'mul' 'select'> <InPorts = 0> <OutPorts = 1> <Sync> <CReg>
ST_2 : Operation 452 [1/1] (0.00ns)   --->   "%rhs_151 = partselect i16 @_ssdm_op_PartSelect.i16.i512.i32.i32, i512 %weight_ih_0_load, i32 432, i32 447" [H:/subband_ref_q610_opt_stage4_latency_stepL2.cpp:2719->H:/subband_ref_q610_opt_stage4_latency_stepL2.cpp:2746]   --->   Operation 452 'partselect' 'rhs_151' <Predicate = true> <Delay = 0.00>
ST_2 : Operation 453 [1/1] (0.00ns)   --->   "%sext_ln1625_117 = sext i16 %lhs_152" [H:/subband_ref_q610_opt_stage4_latency_stepL2.cpp:1625->H:/subband_ref_q610_opt_stage4_latency_stepL2.cpp:2719->H:/subband_ref_q610_opt_stage4_latency_stepL2.cpp:2746]   --->   Operation 453 'sext' 'sext_ln1625_117' <Predicate = true> <Delay = 0.00>
ST_2 : Operation 454 [1/1] (0.00ns)   --->   "%sext_ln1625_118 = sext i16 %rhs_151" [H:/subband_ref_q610_opt_stage4_latency_stepL2.cpp:1625->H:/subband_ref_q610_opt_stage4_latency_stepL2.cpp:2719->H:/subband_ref_q610_opt_stage4_latency_stepL2.cpp:2746]   --->   Operation 454 'sext' 'sext_ln1625_118' <Predicate = true> <Delay = 0.00>
ST_2 : Operation 455 [3/3] (1.05ns) (grouped into DSP with root node add_ln2719_26)   --->   "%product_q20_152 = mul i32 %sext_ln1625_118, i32 %sext_ln1625_117" [H:/subband_ref_q610_opt_stage4_latency_stepL2.cpp:1625->H:/subband_ref_q610_opt_stage4_latency_stepL2.cpp:2719->H:/subband_ref_q610_opt_stage4_latency_stepL2.cpp:2746]   --->   Operation 455 'mul' 'product_q20_152' <Predicate = true> <Delay = 1.05> <CoreInst = "DSP48">   --->   Core 119 'DSP48' <Latency = 2> <II = 1> <Delay = 3.88> <IPBlock> <Opcode : '' 'add' 'sub' 'mul' 'select'> <InPorts = 0> <OutPorts = 1> <Sync> <CReg>
ST_2 : Operation 456 [1/1] (0.00ns)   --->   "%rhs_152 = partselect i16 @_ssdm_op_PartSelect.i16.i512.i32.i32, i512 %weight_ih_0_load, i32 448, i32 463" [H:/subband_ref_q610_opt_stage4_latency_stepL2.cpp:2719->H:/subband_ref_q610_opt_stage4_latency_stepL2.cpp:2746]   --->   Operation 456 'partselect' 'rhs_152' <Predicate = true> <Delay = 0.00>
ST_2 : Operation 457 [1/1] (0.00ns)   --->   "%sext_ln1625_119 = sext i16 %lhs_153" [H:/subband_ref_q610_opt_stage4_latency_stepL2.cpp:1625->H:/subband_ref_q610_opt_stage4_latency_stepL2.cpp:2719->H:/subband_ref_q610_opt_stage4_latency_stepL2.cpp:2746]   --->   Operation 457 'sext' 'sext_ln1625_119' <Predicate = true> <Delay = 0.00>
ST_2 : Operation 458 [1/1] (0.00ns)   --->   "%sext_ln1625_120 = sext i16 %rhs_152" [H:/subband_ref_q610_opt_stage4_latency_stepL2.cpp:1625->H:/subband_ref_q610_opt_stage4_latency_stepL2.cpp:2719->H:/subband_ref_q610_opt_stage4_latency_stepL2.cpp:2746]   --->   Operation 458 'sext' 'sext_ln1625_120' <Predicate = true> <Delay = 0.00>
ST_2 : Operation 459 [3/3] (1.05ns) (grouped into DSP with root node add_ln2719_27)   --->   "%product_q20_153 = mul i32 %sext_ln1625_120, i32 %sext_ln1625_119" [H:/subband_ref_q610_opt_stage4_latency_stepL2.cpp:1625->H:/subband_ref_q610_opt_stage4_latency_stepL2.cpp:2719->H:/subband_ref_q610_opt_stage4_latency_stepL2.cpp:2746]   --->   Operation 459 'mul' 'product_q20_153' <Predicate = true> <Delay = 1.05> <CoreInst = "DSP48">   --->   Core 119 'DSP48' <Latency = 2> <II = 1> <Delay = 3.88> <IPBlock> <Opcode : '' 'add' 'sub' 'mul' 'select'> <InPorts = 0> <OutPorts = 1> <Sync> <CReg>
ST_2 : Operation 460 [1/1] (0.00ns)   --->   "%rhs_153 = partselect i16 @_ssdm_op_PartSelect.i16.i512.i32.i32, i512 %weight_ih_0_load, i32 464, i32 479" [H:/subband_ref_q610_opt_stage4_latency_stepL2.cpp:2719->H:/subband_ref_q610_opt_stage4_latency_stepL2.cpp:2746]   --->   Operation 460 'partselect' 'rhs_153' <Predicate = true> <Delay = 0.00>
ST_2 : Operation 461 [1/1] (0.00ns)   --->   "%sext_ln1625_121 = sext i16 %lhs_154" [H:/subband_ref_q610_opt_stage4_latency_stepL2.cpp:1625->H:/subband_ref_q610_opt_stage4_latency_stepL2.cpp:2719->H:/subband_ref_q610_opt_stage4_latency_stepL2.cpp:2746]   --->   Operation 461 'sext' 'sext_ln1625_121' <Predicate = true> <Delay = 0.00>
ST_2 : Operation 462 [1/1] (0.00ns)   --->   "%sext_ln1625_122 = sext i16 %rhs_153" [H:/subband_ref_q610_opt_stage4_latency_stepL2.cpp:1625->H:/subband_ref_q610_opt_stage4_latency_stepL2.cpp:2719->H:/subband_ref_q610_opt_stage4_latency_stepL2.cpp:2746]   --->   Operation 462 'sext' 'sext_ln1625_122' <Predicate = true> <Delay = 0.00>
ST_2 : Operation 463 [3/3] (1.05ns) (grouped into DSP with root node add_ln2719_28)   --->   "%product_q20_154 = mul i32 %sext_ln1625_122, i32 %sext_ln1625_121" [H:/subband_ref_q610_opt_stage4_latency_stepL2.cpp:1625->H:/subband_ref_q610_opt_stage4_latency_stepL2.cpp:2719->H:/subband_ref_q610_opt_stage4_latency_stepL2.cpp:2746]   --->   Operation 463 'mul' 'product_q20_154' <Predicate = true> <Delay = 1.05> <CoreInst = "DSP48">   --->   Core 119 'DSP48' <Latency = 2> <II = 1> <Delay = 3.88> <IPBlock> <Opcode : '' 'add' 'sub' 'mul' 'select'> <InPorts = 0> <OutPorts = 1> <Sync> <CReg>
ST_2 : Operation 464 [1/1] (0.00ns)   --->   "%rhs_154 = partselect i16 @_ssdm_op_PartSelect.i16.i512.i32.i32, i512 %weight_ih_0_load, i32 480, i32 495" [H:/subband_ref_q610_opt_stage4_latency_stepL2.cpp:2719->H:/subband_ref_q610_opt_stage4_latency_stepL2.cpp:2746]   --->   Operation 464 'partselect' 'rhs_154' <Predicate = true> <Delay = 0.00>
ST_2 : Operation 465 [1/1] (0.00ns)   --->   "%sext_ln1625_123 = sext i16 %lhs_155" [H:/subband_ref_q610_opt_stage4_latency_stepL2.cpp:1625->H:/subband_ref_q610_opt_stage4_latency_stepL2.cpp:2719->H:/subband_ref_q610_opt_stage4_latency_stepL2.cpp:2746]   --->   Operation 465 'sext' 'sext_ln1625_123' <Predicate = true> <Delay = 0.00>
ST_2 : Operation 466 [1/1] (0.00ns)   --->   "%sext_ln1625_124 = sext i16 %rhs_154" [H:/subband_ref_q610_opt_stage4_latency_stepL2.cpp:1625->H:/subband_ref_q610_opt_stage4_latency_stepL2.cpp:2719->H:/subband_ref_q610_opt_stage4_latency_stepL2.cpp:2746]   --->   Operation 466 'sext' 'sext_ln1625_124' <Predicate = true> <Delay = 0.00>
ST_2 : Operation 467 [3/3] (1.05ns) (grouped into DSP with root node add_ln2719_29)   --->   "%product_q20_155 = mul i32 %sext_ln1625_124, i32 %sext_ln1625_123" [H:/subband_ref_q610_opt_stage4_latency_stepL2.cpp:1625->H:/subband_ref_q610_opt_stage4_latency_stepL2.cpp:2719->H:/subband_ref_q610_opt_stage4_latency_stepL2.cpp:2746]   --->   Operation 467 'mul' 'product_q20_155' <Predicate = true> <Delay = 1.05> <CoreInst = "DSP48">   --->   Core 119 'DSP48' <Latency = 2> <II = 1> <Delay = 3.88> <IPBlock> <Opcode : '' 'add' 'sub' 'mul' 'select'> <InPorts = 0> <OutPorts = 1> <Sync> <CReg>
ST_2 : Operation 468 [1/1] (0.00ns)   --->   "%rhs_155 = partselect i16 @_ssdm_op_PartSelect.i16.i512.i32.i32, i512 %weight_ih_0_load, i32 496, i32 511" [H:/subband_ref_q610_opt_stage4_latency_stepL2.cpp:2719->H:/subband_ref_q610_opt_stage4_latency_stepL2.cpp:2746]   --->   Operation 468 'partselect' 'rhs_155' <Predicate = true> <Delay = 0.00>
ST_2 : Operation 469 [1/1] (0.00ns)   --->   "%sext_ln1625_125 = sext i16 %lhs_156" [H:/subband_ref_q610_opt_stage4_latency_stepL2.cpp:1625->H:/subband_ref_q610_opt_stage4_latency_stepL2.cpp:2719->H:/subband_ref_q610_opt_stage4_latency_stepL2.cpp:2746]   --->   Operation 469 'sext' 'sext_ln1625_125' <Predicate = true> <Delay = 0.00>
ST_2 : Operation 470 [1/1] (0.00ns)   --->   "%sext_ln1625_126 = sext i16 %rhs_155" [H:/subband_ref_q610_opt_stage4_latency_stepL2.cpp:1625->H:/subband_ref_q610_opt_stage4_latency_stepL2.cpp:2719->H:/subband_ref_q610_opt_stage4_latency_stepL2.cpp:2746]   --->   Operation 470 'sext' 'sext_ln1625_126' <Predicate = true> <Delay = 0.00>
ST_2 : Operation 471 [3/3] (1.05ns) (grouped into DSP with root node add_ln2719_30)   --->   "%product_q20_156 = mul i32 %sext_ln1625_126, i32 %sext_ln1625_125" [H:/subband_ref_q610_opt_stage4_latency_stepL2.cpp:1625->H:/subband_ref_q610_opt_stage4_latency_stepL2.cpp:2719->H:/subband_ref_q610_opt_stage4_latency_stepL2.cpp:2746]   --->   Operation 471 'mul' 'product_q20_156' <Predicate = true> <Delay = 1.05> <CoreInst = "DSP48">   --->   Core 119 'DSP48' <Latency = 2> <II = 1> <Delay = 3.88> <IPBlock> <Opcode : '' 'add' 'sub' 'mul' 'select'> <InPorts = 0> <OutPorts = 1> <Sync> <CReg>

State 3 <SV = 2> <Delay = 1.05>
ST_3 : Operation 472 [2/3] (1.05ns) (grouped into DSP with root node input_sum_q20)   --->   "%product_q20 = mul i32 %sext_ln1625_64, i32 %sext_ln1625" [H:/subband_ref_q610_opt_stage4_latency_stepL2.cpp:1625->H:/subband_ref_q610_opt_stage4_latency_stepL2.cpp:2719->H:/subband_ref_q610_opt_stage4_latency_stepL2.cpp:2746]   --->   Operation 472 'mul' 'product_q20' <Predicate = true> <Delay = 1.05> <CoreInst = "DSP48">   --->   Core 119 'DSP48' <Latency = 2> <II = 1> <Delay = 3.88> <IPBlock> <Opcode : '' 'add' 'sub' 'mul' 'select'> <InPorts = 0> <OutPorts = 1> <Sync> <CReg>
ST_3 : Operation 473 [2/3] (1.05ns) (grouped into DSP with root node add_ln2719)   --->   "%product_q20_126 = mul i32 %sext_ln1625_66, i32 %sext_ln1625_65" [H:/subband_ref_q610_opt_stage4_latency_stepL2.cpp:1625->H:/subband_ref_q610_opt_stage4_latency_stepL2.cpp:2719->H:/subband_ref_q610_opt_stage4_latency_stepL2.cpp:2746]   --->   Operation 473 'mul' 'product_q20_126' <Predicate = true> <Delay = 1.05> <CoreInst = "DSP48">   --->   Core 119 'DSP48' <Latency = 2> <II = 1> <Delay = 3.88> <IPBlock> <Opcode : '' 'add' 'sub' 'mul' 'select'> <InPorts = 0> <OutPorts = 1> <Sync> <CReg>
ST_3 : Operation 474 [2/3] (1.05ns) (grouped into DSP with root node add_ln2719_1)   --->   "%product_q20_127 = mul i32 %sext_ln1625_68, i32 %sext_ln1625_67" [H:/subband_ref_q610_opt_stage4_latency_stepL2.cpp:1625->H:/subband_ref_q610_opt_stage4_latency_stepL2.cpp:2719->H:/subband_ref_q610_opt_stage4_latency_stepL2.cpp:2746]   --->   Operation 474 'mul' 'product_q20_127' <Predicate = true> <Delay = 1.05> <CoreInst = "DSP48">   --->   Core 119 'DSP48' <Latency = 2> <II = 1> <Delay = 3.88> <IPBlock> <Opcode : '' 'add' 'sub' 'mul' 'select'> <InPorts = 0> <OutPorts = 1> <Sync> <CReg>
ST_3 : Operation 475 [2/3] (1.05ns) (grouped into DSP with root node add_ln2719_2)   --->   "%product_q20_128 = mul i32 %sext_ln1625_70, i32 %sext_ln1625_69" [H:/subband_ref_q610_opt_stage4_latency_stepL2.cpp:1625->H:/subband_ref_q610_opt_stage4_latency_stepL2.cpp:2719->H:/subband_ref_q610_opt_stage4_latency_stepL2.cpp:2746]   --->   Operation 475 'mul' 'product_q20_128' <Predicate = true> <Delay = 1.05> <CoreInst = "DSP48">   --->   Core 119 'DSP48' <Latency = 2> <II = 1> <Delay = 3.88> <IPBlock> <Opcode : '' 'add' 'sub' 'mul' 'select'> <InPorts = 0> <OutPorts = 1> <Sync> <CReg>
ST_3 : Operation 476 [2/3] (1.05ns) (grouped into DSP with root node add_ln2719_3)   --->   "%product_q20_129 = mul i32 %sext_ln1625_72, i32 %sext_ln1625_71" [H:/subband_ref_q610_opt_stage4_latency_stepL2.cpp:1625->H:/subband_ref_q610_opt_stage4_latency_stepL2.cpp:2719->H:/subband_ref_q610_opt_stage4_latency_stepL2.cpp:2746]   --->   Operation 476 'mul' 'product_q20_129' <Predicate = true> <Delay = 1.05> <CoreInst = "DSP48">   --->   Core 119 'DSP48' <Latency = 2> <II = 1> <Delay = 3.88> <IPBlock> <Opcode : '' 'add' 'sub' 'mul' 'select'> <InPorts = 0> <OutPorts = 1> <Sync> <CReg>
ST_3 : Operation 477 [2/3] (1.05ns) (grouped into DSP with root node add_ln2719_4)   --->   "%product_q20_130 = mul i32 %sext_ln1625_74, i32 %sext_ln1625_73" [H:/subband_ref_q610_opt_stage4_latency_stepL2.cpp:1625->H:/subband_ref_q610_opt_stage4_latency_stepL2.cpp:2719->H:/subband_ref_q610_opt_stage4_latency_stepL2.cpp:2746]   --->   Operation 477 'mul' 'product_q20_130' <Predicate = true> <Delay = 1.05> <CoreInst = "DSP48">   --->   Core 119 'DSP48' <Latency = 2> <II = 1> <Delay = 3.88> <IPBlock> <Opcode : '' 'add' 'sub' 'mul' 'select'> <InPorts = 0> <OutPorts = 1> <Sync> <CReg>
ST_3 : Operation 478 [2/3] (1.05ns) (grouped into DSP with root node add_ln2719_5)   --->   "%product_q20_131 = mul i32 %sext_ln1625_76, i32 %sext_ln1625_75" [H:/subband_ref_q610_opt_stage4_latency_stepL2.cpp:1625->H:/subband_ref_q610_opt_stage4_latency_stepL2.cpp:2719->H:/subband_ref_q610_opt_stage4_latency_stepL2.cpp:2746]   --->   Operation 478 'mul' 'product_q20_131' <Predicate = true> <Delay = 1.05> <CoreInst = "DSP48">   --->   Core 119 'DSP48' <Latency = 2> <II = 1> <Delay = 3.88> <IPBlock> <Opcode : '' 'add' 'sub' 'mul' 'select'> <InPorts = 0> <OutPorts = 1> <Sync> <CReg>
ST_3 : Operation 479 [2/3] (1.05ns) (grouped into DSP with root node add_ln2719_6)   --->   "%product_q20_132 = mul i32 %sext_ln1625_78, i32 %sext_ln1625_77" [H:/subband_ref_q610_opt_stage4_latency_stepL2.cpp:1625->H:/subband_ref_q610_opt_stage4_latency_stepL2.cpp:2719->H:/subband_ref_q610_opt_stage4_latency_stepL2.cpp:2746]   --->   Operation 479 'mul' 'product_q20_132' <Predicate = true> <Delay = 1.05> <CoreInst = "DSP48">   --->   Core 119 'DSP48' <Latency = 2> <II = 1> <Delay = 3.88> <IPBlock> <Opcode : '' 'add' 'sub' 'mul' 'select'> <InPorts = 0> <OutPorts = 1> <Sync> <CReg>
ST_3 : Operation 480 [2/3] (1.05ns) (grouped into DSP with root node add_ln2719_7)   --->   "%product_q20_133 = mul i32 %sext_ln1625_80, i32 %sext_ln1625_79" [H:/subband_ref_q610_opt_stage4_latency_stepL2.cpp:1625->H:/subband_ref_q610_opt_stage4_latency_stepL2.cpp:2719->H:/subband_ref_q610_opt_stage4_latency_stepL2.cpp:2746]   --->   Operation 480 'mul' 'product_q20_133' <Predicate = true> <Delay = 1.05> <CoreInst = "DSP48">   --->   Core 119 'DSP48' <Latency = 2> <II = 1> <Delay = 3.88> <IPBlock> <Opcode : '' 'add' 'sub' 'mul' 'select'> <InPorts = 0> <OutPorts = 1> <Sync> <CReg>
ST_3 : Operation 481 [2/3] (1.05ns) (grouped into DSP with root node add_ln2719_8)   --->   "%product_q20_134 = mul i32 %sext_ln1625_82, i32 %sext_ln1625_81" [H:/subband_ref_q610_opt_stage4_latency_stepL2.cpp:1625->H:/subband_ref_q610_opt_stage4_latency_stepL2.cpp:2719->H:/subband_ref_q610_opt_stage4_latency_stepL2.cpp:2746]   --->   Operation 481 'mul' 'product_q20_134' <Predicate = true> <Delay = 1.05> <CoreInst = "DSP48">   --->   Core 119 'DSP48' <Latency = 2> <II = 1> <Delay = 3.88> <IPBlock> <Opcode : '' 'add' 'sub' 'mul' 'select'> <InPorts = 0> <OutPorts = 1> <Sync> <CReg>
ST_3 : Operation 482 [2/3] (1.05ns) (grouped into DSP with root node add_ln2719_9)   --->   "%product_q20_135 = mul i32 %sext_ln1625_84, i32 %sext_ln1625_83" [H:/subband_ref_q610_opt_stage4_latency_stepL2.cpp:1625->H:/subband_ref_q610_opt_stage4_latency_stepL2.cpp:2719->H:/subband_ref_q610_opt_stage4_latency_stepL2.cpp:2746]   --->   Operation 482 'mul' 'product_q20_135' <Predicate = true> <Delay = 1.05> <CoreInst = "DSP48">   --->   Core 119 'DSP48' <Latency = 2> <II = 1> <Delay = 3.88> <IPBlock> <Opcode : '' 'add' 'sub' 'mul' 'select'> <InPorts = 0> <OutPorts = 1> <Sync> <CReg>
ST_3 : Operation 483 [2/3] (1.05ns) (grouped into DSP with root node add_ln2719_10)   --->   "%product_q20_136 = mul i32 %sext_ln1625_86, i32 %sext_ln1625_85" [H:/subband_ref_q610_opt_stage4_latency_stepL2.cpp:1625->H:/subband_ref_q610_opt_stage4_latency_stepL2.cpp:2719->H:/subband_ref_q610_opt_stage4_latency_stepL2.cpp:2746]   --->   Operation 483 'mul' 'product_q20_136' <Predicate = true> <Delay = 1.05> <CoreInst = "DSP48">   --->   Core 119 'DSP48' <Latency = 2> <II = 1> <Delay = 3.88> <IPBlock> <Opcode : '' 'add' 'sub' 'mul' 'select'> <InPorts = 0> <OutPorts = 1> <Sync> <CReg>
ST_3 : Operation 484 [2/3] (1.05ns) (grouped into DSP with root node add_ln2719_11)   --->   "%product_q20_137 = mul i32 %sext_ln1625_88, i32 %sext_ln1625_87" [H:/subband_ref_q610_opt_stage4_latency_stepL2.cpp:1625->H:/subband_ref_q610_opt_stage4_latency_stepL2.cpp:2719->H:/subband_ref_q610_opt_stage4_latency_stepL2.cpp:2746]   --->   Operation 484 'mul' 'product_q20_137' <Predicate = true> <Delay = 1.05> <CoreInst = "DSP48">   --->   Core 119 'DSP48' <Latency = 2> <II = 1> <Delay = 3.88> <IPBlock> <Opcode : '' 'add' 'sub' 'mul' 'select'> <InPorts = 0> <OutPorts = 1> <Sync> <CReg>
ST_3 : Operation 485 [2/3] (1.05ns) (grouped into DSP with root node add_ln2719_12)   --->   "%product_q20_138 = mul i32 %sext_ln1625_90, i32 %sext_ln1625_89" [H:/subband_ref_q610_opt_stage4_latency_stepL2.cpp:1625->H:/subband_ref_q610_opt_stage4_latency_stepL2.cpp:2719->H:/subband_ref_q610_opt_stage4_latency_stepL2.cpp:2746]   --->   Operation 485 'mul' 'product_q20_138' <Predicate = true> <Delay = 1.05> <CoreInst = "DSP48">   --->   Core 119 'DSP48' <Latency = 2> <II = 1> <Delay = 3.88> <IPBlock> <Opcode : '' 'add' 'sub' 'mul' 'select'> <InPorts = 0> <OutPorts = 1> <Sync> <CReg>
ST_3 : Operation 486 [2/3] (1.05ns) (grouped into DSP with root node add_ln2719_13)   --->   "%product_q20_139 = mul i32 %sext_ln1625_92, i32 %sext_ln1625_91" [H:/subband_ref_q610_opt_stage4_latency_stepL2.cpp:1625->H:/subband_ref_q610_opt_stage4_latency_stepL2.cpp:2719->H:/subband_ref_q610_opt_stage4_latency_stepL2.cpp:2746]   --->   Operation 486 'mul' 'product_q20_139' <Predicate = true> <Delay = 1.05> <CoreInst = "DSP48">   --->   Core 119 'DSP48' <Latency = 2> <II = 1> <Delay = 3.88> <IPBlock> <Opcode : '' 'add' 'sub' 'mul' 'select'> <InPorts = 0> <OutPorts = 1> <Sync> <CReg>
ST_3 : Operation 487 [2/3] (1.05ns) (grouped into DSP with root node add_ln2719_14)   --->   "%product_q20_140 = mul i32 %sext_ln1625_94, i32 %sext_ln1625_93" [H:/subband_ref_q610_opt_stage4_latency_stepL2.cpp:1625->H:/subband_ref_q610_opt_stage4_latency_stepL2.cpp:2719->H:/subband_ref_q610_opt_stage4_latency_stepL2.cpp:2746]   --->   Operation 487 'mul' 'product_q20_140' <Predicate = true> <Delay = 1.05> <CoreInst = "DSP48">   --->   Core 119 'DSP48' <Latency = 2> <II = 1> <Delay = 3.88> <IPBlock> <Opcode : '' 'add' 'sub' 'mul' 'select'> <InPorts = 0> <OutPorts = 1> <Sync> <CReg>
ST_3 : Operation 488 [2/3] (1.05ns) (grouped into DSP with root node add_ln2719_15)   --->   "%product_q20_141 = mul i32 %sext_ln1625_96, i32 %sext_ln1625_95" [H:/subband_ref_q610_opt_stage4_latency_stepL2.cpp:1625->H:/subband_ref_q610_opt_stage4_latency_stepL2.cpp:2719->H:/subband_ref_q610_opt_stage4_latency_stepL2.cpp:2746]   --->   Operation 488 'mul' 'product_q20_141' <Predicate = true> <Delay = 1.05> <CoreInst = "DSP48">   --->   Core 119 'DSP48' <Latency = 2> <II = 1> <Delay = 3.88> <IPBlock> <Opcode : '' 'add' 'sub' 'mul' 'select'> <InPorts = 0> <OutPorts = 1> <Sync> <CReg>
ST_3 : Operation 489 [2/3] (1.05ns) (grouped into DSP with root node add_ln2719_16)   --->   "%product_q20_142 = mul i32 %sext_ln1625_98, i32 %sext_ln1625_97" [H:/subband_ref_q610_opt_stage4_latency_stepL2.cpp:1625->H:/subband_ref_q610_opt_stage4_latency_stepL2.cpp:2719->H:/subband_ref_q610_opt_stage4_latency_stepL2.cpp:2746]   --->   Operation 489 'mul' 'product_q20_142' <Predicate = true> <Delay = 1.05> <CoreInst = "DSP48">   --->   Core 119 'DSP48' <Latency = 2> <II = 1> <Delay = 3.88> <IPBlock> <Opcode : '' 'add' 'sub' 'mul' 'select'> <InPorts = 0> <OutPorts = 1> <Sync> <CReg>
ST_3 : Operation 490 [2/3] (1.05ns) (grouped into DSP with root node add_ln2719_17)   --->   "%product_q20_143 = mul i32 %sext_ln1625_100, i32 %sext_ln1625_99" [H:/subband_ref_q610_opt_stage4_latency_stepL2.cpp:1625->H:/subband_ref_q610_opt_stage4_latency_stepL2.cpp:2719->H:/subband_ref_q610_opt_stage4_latency_stepL2.cpp:2746]   --->   Operation 490 'mul' 'product_q20_143' <Predicate = true> <Delay = 1.05> <CoreInst = "DSP48">   --->   Core 119 'DSP48' <Latency = 2> <II = 1> <Delay = 3.88> <IPBlock> <Opcode : '' 'add' 'sub' 'mul' 'select'> <InPorts = 0> <OutPorts = 1> <Sync> <CReg>
ST_3 : Operation 491 [2/3] (1.05ns) (grouped into DSP with root node add_ln2719_18)   --->   "%product_q20_144 = mul i32 %sext_ln1625_102, i32 %sext_ln1625_101" [H:/subband_ref_q610_opt_stage4_latency_stepL2.cpp:1625->H:/subband_ref_q610_opt_stage4_latency_stepL2.cpp:2719->H:/subband_ref_q610_opt_stage4_latency_stepL2.cpp:2746]   --->   Operation 491 'mul' 'product_q20_144' <Predicate = true> <Delay = 1.05> <CoreInst = "DSP48">   --->   Core 119 'DSP48' <Latency = 2> <II = 1> <Delay = 3.88> <IPBlock> <Opcode : '' 'add' 'sub' 'mul' 'select'> <InPorts = 0> <OutPorts = 1> <Sync> <CReg>
ST_3 : Operation 492 [2/3] (1.05ns) (grouped into DSP with root node add_ln2719_19)   --->   "%product_q20_145 = mul i32 %sext_ln1625_104, i32 %sext_ln1625_103" [H:/subband_ref_q610_opt_stage4_latency_stepL2.cpp:1625->H:/subband_ref_q610_opt_stage4_latency_stepL2.cpp:2719->H:/subband_ref_q610_opt_stage4_latency_stepL2.cpp:2746]   --->   Operation 492 'mul' 'product_q20_145' <Predicate = true> <Delay = 1.05> <CoreInst = "DSP48">   --->   Core 119 'DSP48' <Latency = 2> <II = 1> <Delay = 3.88> <IPBlock> <Opcode : '' 'add' 'sub' 'mul' 'select'> <InPorts = 0> <OutPorts = 1> <Sync> <CReg>
ST_3 : Operation 493 [2/3] (1.05ns) (grouped into DSP with root node add_ln2719_20)   --->   "%product_q20_146 = mul i32 %sext_ln1625_106, i32 %sext_ln1625_105" [H:/subband_ref_q610_opt_stage4_latency_stepL2.cpp:1625->H:/subband_ref_q610_opt_stage4_latency_stepL2.cpp:2719->H:/subband_ref_q610_opt_stage4_latency_stepL2.cpp:2746]   --->   Operation 493 'mul' 'product_q20_146' <Predicate = true> <Delay = 1.05> <CoreInst = "DSP48">   --->   Core 119 'DSP48' <Latency = 2> <II = 1> <Delay = 3.88> <IPBlock> <Opcode : '' 'add' 'sub' 'mul' 'select'> <InPorts = 0> <OutPorts = 1> <Sync> <CReg>
ST_3 : Operation 494 [2/3] (1.05ns) (grouped into DSP with root node add_ln2719_21)   --->   "%product_q20_147 = mul i32 %sext_ln1625_108, i32 %sext_ln1625_107" [H:/subband_ref_q610_opt_stage4_latency_stepL2.cpp:1625->H:/subband_ref_q610_opt_stage4_latency_stepL2.cpp:2719->H:/subband_ref_q610_opt_stage4_latency_stepL2.cpp:2746]   --->   Operation 494 'mul' 'product_q20_147' <Predicate = true> <Delay = 1.05> <CoreInst = "DSP48">   --->   Core 119 'DSP48' <Latency = 2> <II = 1> <Delay = 3.88> <IPBlock> <Opcode : '' 'add' 'sub' 'mul' 'select'> <InPorts = 0> <OutPorts = 1> <Sync> <CReg>
ST_3 : Operation 495 [2/3] (1.05ns) (grouped into DSP with root node add_ln2719_22)   --->   "%product_q20_148 = mul i32 %sext_ln1625_110, i32 %sext_ln1625_109" [H:/subband_ref_q610_opt_stage4_latency_stepL2.cpp:1625->H:/subband_ref_q610_opt_stage4_latency_stepL2.cpp:2719->H:/subband_ref_q610_opt_stage4_latency_stepL2.cpp:2746]   --->   Operation 495 'mul' 'product_q20_148' <Predicate = true> <Delay = 1.05> <CoreInst = "DSP48">   --->   Core 119 'DSP48' <Latency = 2> <II = 1> <Delay = 3.88> <IPBlock> <Opcode : '' 'add' 'sub' 'mul' 'select'> <InPorts = 0> <OutPorts = 1> <Sync> <CReg>
ST_3 : Operation 496 [2/3] (1.05ns) (grouped into DSP with root node add_ln2719_23)   --->   "%product_q20_149 = mul i32 %sext_ln1625_112, i32 %sext_ln1625_111" [H:/subband_ref_q610_opt_stage4_latency_stepL2.cpp:1625->H:/subband_ref_q610_opt_stage4_latency_stepL2.cpp:2719->H:/subband_ref_q610_opt_stage4_latency_stepL2.cpp:2746]   --->   Operation 496 'mul' 'product_q20_149' <Predicate = true> <Delay = 1.05> <CoreInst = "DSP48">   --->   Core 119 'DSP48' <Latency = 2> <II = 1> <Delay = 3.88> <IPBlock> <Opcode : '' 'add' 'sub' 'mul' 'select'> <InPorts = 0> <OutPorts = 1> <Sync> <CReg>
ST_3 : Operation 497 [2/3] (1.05ns) (grouped into DSP with root node add_ln2719_24)   --->   "%product_q20_150 = mul i32 %sext_ln1625_114, i32 %sext_ln1625_113" [H:/subband_ref_q610_opt_stage4_latency_stepL2.cpp:1625->H:/subband_ref_q610_opt_stage4_latency_stepL2.cpp:2719->H:/subband_ref_q610_opt_stage4_latency_stepL2.cpp:2746]   --->   Operation 497 'mul' 'product_q20_150' <Predicate = true> <Delay = 1.05> <CoreInst = "DSP48">   --->   Core 119 'DSP48' <Latency = 2> <II = 1> <Delay = 3.88> <IPBlock> <Opcode : '' 'add' 'sub' 'mul' 'select'> <InPorts = 0> <OutPorts = 1> <Sync> <CReg>
ST_3 : Operation 498 [2/3] (1.05ns) (grouped into DSP with root node add_ln2719_25)   --->   "%product_q20_151 = mul i32 %sext_ln1625_116, i32 %sext_ln1625_115" [H:/subband_ref_q610_opt_stage4_latency_stepL2.cpp:1625->H:/subband_ref_q610_opt_stage4_latency_stepL2.cpp:2719->H:/subband_ref_q610_opt_stage4_latency_stepL2.cpp:2746]   --->   Operation 498 'mul' 'product_q20_151' <Predicate = true> <Delay = 1.05> <CoreInst = "DSP48">   --->   Core 119 'DSP48' <Latency = 2> <II = 1> <Delay = 3.88> <IPBlock> <Opcode : '' 'add' 'sub' 'mul' 'select'> <InPorts = 0> <OutPorts = 1> <Sync> <CReg>
ST_3 : Operation 499 [2/3] (1.05ns) (grouped into DSP with root node add_ln2719_26)   --->   "%product_q20_152 = mul i32 %sext_ln1625_118, i32 %sext_ln1625_117" [H:/subband_ref_q610_opt_stage4_latency_stepL2.cpp:1625->H:/subband_ref_q610_opt_stage4_latency_stepL2.cpp:2719->H:/subband_ref_q610_opt_stage4_latency_stepL2.cpp:2746]   --->   Operation 499 'mul' 'product_q20_152' <Predicate = true> <Delay = 1.05> <CoreInst = "DSP48">   --->   Core 119 'DSP48' <Latency = 2> <II = 1> <Delay = 3.88> <IPBlock> <Opcode : '' 'add' 'sub' 'mul' 'select'> <InPorts = 0> <OutPorts = 1> <Sync> <CReg>
ST_3 : Operation 500 [2/3] (1.05ns) (grouped into DSP with root node add_ln2719_27)   --->   "%product_q20_153 = mul i32 %sext_ln1625_120, i32 %sext_ln1625_119" [H:/subband_ref_q610_opt_stage4_latency_stepL2.cpp:1625->H:/subband_ref_q610_opt_stage4_latency_stepL2.cpp:2719->H:/subband_ref_q610_opt_stage4_latency_stepL2.cpp:2746]   --->   Operation 500 'mul' 'product_q20_153' <Predicate = true> <Delay = 1.05> <CoreInst = "DSP48">   --->   Core 119 'DSP48' <Latency = 2> <II = 1> <Delay = 3.88> <IPBlock> <Opcode : '' 'add' 'sub' 'mul' 'select'> <InPorts = 0> <OutPorts = 1> <Sync> <CReg>
ST_3 : Operation 501 [2/3] (1.05ns) (grouped into DSP with root node add_ln2719_28)   --->   "%product_q20_154 = mul i32 %sext_ln1625_122, i32 %sext_ln1625_121" [H:/subband_ref_q610_opt_stage4_latency_stepL2.cpp:1625->H:/subband_ref_q610_opt_stage4_latency_stepL2.cpp:2719->H:/subband_ref_q610_opt_stage4_latency_stepL2.cpp:2746]   --->   Operation 501 'mul' 'product_q20_154' <Predicate = true> <Delay = 1.05> <CoreInst = "DSP48">   --->   Core 119 'DSP48' <Latency = 2> <II = 1> <Delay = 3.88> <IPBlock> <Opcode : '' 'add' 'sub' 'mul' 'select'> <InPorts = 0> <OutPorts = 1> <Sync> <CReg>
ST_3 : Operation 502 [2/3] (1.05ns) (grouped into DSP with root node add_ln2719_29)   --->   "%product_q20_155 = mul i32 %sext_ln1625_124, i32 %sext_ln1625_123" [H:/subband_ref_q610_opt_stage4_latency_stepL2.cpp:1625->H:/subband_ref_q610_opt_stage4_latency_stepL2.cpp:2719->H:/subband_ref_q610_opt_stage4_latency_stepL2.cpp:2746]   --->   Operation 502 'mul' 'product_q20_155' <Predicate = true> <Delay = 1.05> <CoreInst = "DSP48">   --->   Core 119 'DSP48' <Latency = 2> <II = 1> <Delay = 3.88> <IPBlock> <Opcode : '' 'add' 'sub' 'mul' 'select'> <InPorts = 0> <OutPorts = 1> <Sync> <CReg>
ST_3 : Operation 503 [2/3] (1.05ns) (grouped into DSP with root node add_ln2719_30)   --->   "%product_q20_156 = mul i32 %sext_ln1625_126, i32 %sext_ln1625_125" [H:/subband_ref_q610_opt_stage4_latency_stepL2.cpp:1625->H:/subband_ref_q610_opt_stage4_latency_stepL2.cpp:2719->H:/subband_ref_q610_opt_stage4_latency_stepL2.cpp:2746]   --->   Operation 503 'mul' 'product_q20_156' <Predicate = true> <Delay = 1.05> <CoreInst = "DSP48">   --->   Core 119 'DSP48' <Latency = 2> <II = 1> <Delay = 3.88> <IPBlock> <Opcode : '' 'add' 'sub' 'mul' 'select'> <InPorts = 0> <OutPorts = 1> <Sync> <CReg>
ST_3 : Operation 764 [1/1] (0.00ns)   --->   "%p_load291 = load i34 %empty"   --->   Operation 764 'load' 'p_load291' <Predicate = (icmp_ln2713)> <Delay = 0.00>
ST_3 : Operation 765 [1/1] (0.00ns)   --->   "%p_load289 = load i34 %empty_598"   --->   Operation 765 'load' 'p_load289' <Predicate = (icmp_ln2713)> <Delay = 0.00>
ST_3 : Operation 766 [1/1] (0.00ns)   --->   "%p_load287 = load i34 %empty_599"   --->   Operation 766 'load' 'p_load287' <Predicate = (icmp_ln2713)> <Delay = 0.00>
ST_3 : Operation 767 [1/1] (0.00ns)   --->   "%p_load285 = load i34 %empty_600"   --->   Operation 767 'load' 'p_load285' <Predicate = (icmp_ln2713)> <Delay = 0.00>
ST_3 : Operation 768 [1/1] (0.00ns)   --->   "%p_load283 = load i34 %empty_601"   --->   Operation 768 'load' 'p_load283' <Predicate = (icmp_ln2713)> <Delay = 0.00>
ST_3 : Operation 769 [1/1] (0.00ns)   --->   "%p_load281 = load i34 %empty_602"   --->   Operation 769 'load' 'p_load281' <Predicate = (icmp_ln2713)> <Delay = 0.00>
ST_3 : Operation 770 [1/1] (0.00ns)   --->   "%p_load279 = load i34 %empty_603"   --->   Operation 770 'load' 'p_load279' <Predicate = (icmp_ln2713)> <Delay = 0.00>
ST_3 : Operation 771 [1/1] (0.00ns)   --->   "%p_load277 = load i34 %empty_604"   --->   Operation 771 'load' 'p_load277' <Predicate = (icmp_ln2713)> <Delay = 0.00>
ST_3 : Operation 772 [1/1] (0.00ns)   --->   "%p_load275 = load i34 %empty_605"   --->   Operation 772 'load' 'p_load275' <Predicate = (icmp_ln2713)> <Delay = 0.00>
ST_3 : Operation 773 [1/1] (0.00ns)   --->   "%p_load273 = load i34 %empty_606"   --->   Operation 773 'load' 'p_load273' <Predicate = (icmp_ln2713)> <Delay = 0.00>
ST_3 : Operation 774 [1/1] (0.00ns)   --->   "%p_load271 = load i34 %empty_607"   --->   Operation 774 'load' 'p_load271' <Predicate = (icmp_ln2713)> <Delay = 0.00>
ST_3 : Operation 775 [1/1] (0.00ns)   --->   "%p_load269 = load i34 %empty_608"   --->   Operation 775 'load' 'p_load269' <Predicate = (icmp_ln2713)> <Delay = 0.00>
ST_3 : Operation 776 [1/1] (0.00ns)   --->   "%p_load267 = load i34 %empty_609"   --->   Operation 776 'load' 'p_load267' <Predicate = (icmp_ln2713)> <Delay = 0.00>
ST_3 : Operation 777 [1/1] (0.00ns)   --->   "%p_load265 = load i34 %empty_610"   --->   Operation 777 'load' 'p_load265' <Predicate = (icmp_ln2713)> <Delay = 0.00>
ST_3 : Operation 778 [1/1] (0.00ns)   --->   "%p_load263 = load i34 %empty_611"   --->   Operation 778 'load' 'p_load263' <Predicate = (icmp_ln2713)> <Delay = 0.00>
ST_3 : Operation 779 [1/1] (0.00ns)   --->   "%p_load261 = load i34 %empty_612"   --->   Operation 779 'load' 'p_load261' <Predicate = (icmp_ln2713)> <Delay = 0.00>
ST_3 : Operation 780 [1/1] (0.00ns)   --->   "%p_load259 = load i34 %empty_613"   --->   Operation 780 'load' 'p_load259' <Predicate = (icmp_ln2713)> <Delay = 0.00>
ST_3 : Operation 781 [1/1] (0.00ns)   --->   "%p_load257 = load i34 %empty_614"   --->   Operation 781 'load' 'p_load257' <Predicate = (icmp_ln2713)> <Delay = 0.00>
ST_3 : Operation 782 [1/1] (0.00ns)   --->   "%p_load255 = load i34 %empty_615"   --->   Operation 782 'load' 'p_load255' <Predicate = (icmp_ln2713)> <Delay = 0.00>
ST_3 : Operation 783 [1/1] (0.00ns)   --->   "%p_load253 = load i34 %empty_616"   --->   Operation 783 'load' 'p_load253' <Predicate = (icmp_ln2713)> <Delay = 0.00>
ST_3 : Operation 784 [1/1] (0.00ns)   --->   "%p_load251 = load i34 %empty_617"   --->   Operation 784 'load' 'p_load251' <Predicate = (icmp_ln2713)> <Delay = 0.00>
ST_3 : Operation 785 [1/1] (0.00ns)   --->   "%p_load249 = load i34 %empty_618"   --->   Operation 785 'load' 'p_load249' <Predicate = (icmp_ln2713)> <Delay = 0.00>
ST_3 : Operation 786 [1/1] (0.00ns)   --->   "%p_load247 = load i34 %empty_619"   --->   Operation 786 'load' 'p_load247' <Predicate = (icmp_ln2713)> <Delay = 0.00>
ST_3 : Operation 787 [1/1] (0.00ns)   --->   "%p_load245 = load i34 %empty_620"   --->   Operation 787 'load' 'p_load245' <Predicate = (icmp_ln2713)> <Delay = 0.00>
ST_3 : Operation 788 [1/1] (0.00ns)   --->   "%p_load243 = load i34 %empty_621"   --->   Operation 788 'load' 'p_load243' <Predicate = (icmp_ln2713)> <Delay = 0.00>
ST_3 : Operation 789 [1/1] (0.00ns)   --->   "%p_load241 = load i34 %empty_622"   --->   Operation 789 'load' 'p_load241' <Predicate = (icmp_ln2713)> <Delay = 0.00>
ST_3 : Operation 790 [1/1] (0.00ns)   --->   "%p_load239 = load i34 %empty_623"   --->   Operation 790 'load' 'p_load239' <Predicate = (icmp_ln2713)> <Delay = 0.00>
ST_3 : Operation 791 [1/1] (0.00ns)   --->   "%p_load237 = load i34 %empty_624"   --->   Operation 791 'load' 'p_load237' <Predicate = (icmp_ln2713)> <Delay = 0.00>
ST_3 : Operation 792 [1/1] (0.00ns)   --->   "%p_load235 = load i34 %empty_625"   --->   Operation 792 'load' 'p_load235' <Predicate = (icmp_ln2713)> <Delay = 0.00>
ST_3 : Operation 793 [1/1] (0.00ns)   --->   "%p_load233 = load i34 %empty_626"   --->   Operation 793 'load' 'p_load233' <Predicate = (icmp_ln2713)> <Delay = 0.00>
ST_3 : Operation 794 [1/1] (0.00ns)   --->   "%p_load231 = load i34 %empty_627"   --->   Operation 794 'load' 'p_load231' <Predicate = (icmp_ln2713)> <Delay = 0.00>
ST_3 : Operation 795 [1/1] (0.00ns)   --->   "%p_load229 = load i34 %empty_628"   --->   Operation 795 'load' 'p_load229' <Predicate = (icmp_ln2713)> <Delay = 0.00>
ST_3 : Operation 796 [1/1] (0.00ns)   --->   "%write_ln0 = write void @_ssdm_op_Write.ap_auto.i34P0A, i34 %p_out, i34 %p_load229"   --->   Operation 796 'write' 'write_ln0' <Predicate = (icmp_ln2713)> <Delay = 0.00>
ST_3 : Operation 797 [1/1] (0.00ns)   --->   "%write_ln0 = write void @_ssdm_op_Write.ap_auto.i34P0A, i34 %p_out1, i34 %p_load231"   --->   Operation 797 'write' 'write_ln0' <Predicate = (icmp_ln2713)> <Delay = 0.00>
ST_3 : Operation 798 [1/1] (0.00ns)   --->   "%write_ln0 = write void @_ssdm_op_Write.ap_auto.i34P0A, i34 %p_out2, i34 %p_load233"   --->   Operation 798 'write' 'write_ln0' <Predicate = (icmp_ln2713)> <Delay = 0.00>
ST_3 : Operation 799 [1/1] (0.00ns)   --->   "%write_ln0 = write void @_ssdm_op_Write.ap_auto.i34P0A, i34 %p_out3, i34 %p_load235"   --->   Operation 799 'write' 'write_ln0' <Predicate = (icmp_ln2713)> <Delay = 0.00>
ST_3 : Operation 800 [1/1] (0.00ns)   --->   "%write_ln0 = write void @_ssdm_op_Write.ap_auto.i34P0A, i34 %p_out4, i34 %p_load237"   --->   Operation 800 'write' 'write_ln0' <Predicate = (icmp_ln2713)> <Delay = 0.00>
ST_3 : Operation 801 [1/1] (0.00ns)   --->   "%write_ln0 = write void @_ssdm_op_Write.ap_auto.i34P0A, i34 %p_out5, i34 %p_load239"   --->   Operation 801 'write' 'write_ln0' <Predicate = (icmp_ln2713)> <Delay = 0.00>
ST_3 : Operation 802 [1/1] (0.00ns)   --->   "%write_ln0 = write void @_ssdm_op_Write.ap_auto.i34P0A, i34 %p_out6, i34 %p_load241"   --->   Operation 802 'write' 'write_ln0' <Predicate = (icmp_ln2713)> <Delay = 0.00>
ST_3 : Operation 803 [1/1] (0.00ns)   --->   "%write_ln0 = write void @_ssdm_op_Write.ap_auto.i34P0A, i34 %p_out7, i34 %p_load243"   --->   Operation 803 'write' 'write_ln0' <Predicate = (icmp_ln2713)> <Delay = 0.00>
ST_3 : Operation 804 [1/1] (0.00ns)   --->   "%write_ln0 = write void @_ssdm_op_Write.ap_auto.i34P0A, i34 %p_out8, i34 %p_load245"   --->   Operation 804 'write' 'write_ln0' <Predicate = (icmp_ln2713)> <Delay = 0.00>
ST_3 : Operation 805 [1/1] (0.00ns)   --->   "%write_ln0 = write void @_ssdm_op_Write.ap_auto.i34P0A, i34 %p_out9, i34 %p_load247"   --->   Operation 805 'write' 'write_ln0' <Predicate = (icmp_ln2713)> <Delay = 0.00>
ST_3 : Operation 806 [1/1] (0.00ns)   --->   "%write_ln0 = write void @_ssdm_op_Write.ap_auto.i34P0A, i34 %p_out10, i34 %p_load249"   --->   Operation 806 'write' 'write_ln0' <Predicate = (icmp_ln2713)> <Delay = 0.00>
ST_3 : Operation 807 [1/1] (0.00ns)   --->   "%write_ln0 = write void @_ssdm_op_Write.ap_auto.i34P0A, i34 %p_out11, i34 %p_load251"   --->   Operation 807 'write' 'write_ln0' <Predicate = (icmp_ln2713)> <Delay = 0.00>
ST_3 : Operation 808 [1/1] (0.00ns)   --->   "%write_ln0 = write void @_ssdm_op_Write.ap_auto.i34P0A, i34 %p_out12, i34 %p_load253"   --->   Operation 808 'write' 'write_ln0' <Predicate = (icmp_ln2713)> <Delay = 0.00>
ST_3 : Operation 809 [1/1] (0.00ns)   --->   "%write_ln0 = write void @_ssdm_op_Write.ap_auto.i34P0A, i34 %p_out13, i34 %p_load255"   --->   Operation 809 'write' 'write_ln0' <Predicate = (icmp_ln2713)> <Delay = 0.00>
ST_3 : Operation 810 [1/1] (0.00ns)   --->   "%write_ln0 = write void @_ssdm_op_Write.ap_auto.i34P0A, i34 %p_out14, i34 %p_load257"   --->   Operation 810 'write' 'write_ln0' <Predicate = (icmp_ln2713)> <Delay = 0.00>
ST_3 : Operation 811 [1/1] (0.00ns)   --->   "%write_ln0 = write void @_ssdm_op_Write.ap_auto.i34P0A, i34 %p_out15, i34 %p_load259"   --->   Operation 811 'write' 'write_ln0' <Predicate = (icmp_ln2713)> <Delay = 0.00>
ST_3 : Operation 812 [1/1] (0.00ns)   --->   "%write_ln0 = write void @_ssdm_op_Write.ap_auto.i34P0A, i34 %p_out16, i34 %p_load261"   --->   Operation 812 'write' 'write_ln0' <Predicate = (icmp_ln2713)> <Delay = 0.00>
ST_3 : Operation 813 [1/1] (0.00ns)   --->   "%write_ln0 = write void @_ssdm_op_Write.ap_auto.i34P0A, i34 %p_out17, i34 %p_load263"   --->   Operation 813 'write' 'write_ln0' <Predicate = (icmp_ln2713)> <Delay = 0.00>
ST_3 : Operation 814 [1/1] (0.00ns)   --->   "%write_ln0 = write void @_ssdm_op_Write.ap_auto.i34P0A, i34 %p_out18, i34 %p_load265"   --->   Operation 814 'write' 'write_ln0' <Predicate = (icmp_ln2713)> <Delay = 0.00>
ST_3 : Operation 815 [1/1] (0.00ns)   --->   "%write_ln0 = write void @_ssdm_op_Write.ap_auto.i34P0A, i34 %p_out19, i34 %p_load267"   --->   Operation 815 'write' 'write_ln0' <Predicate = (icmp_ln2713)> <Delay = 0.00>
ST_3 : Operation 816 [1/1] (0.00ns)   --->   "%write_ln0 = write void @_ssdm_op_Write.ap_auto.i34P0A, i34 %p_out20, i34 %p_load269"   --->   Operation 816 'write' 'write_ln0' <Predicate = (icmp_ln2713)> <Delay = 0.00>
ST_3 : Operation 817 [1/1] (0.00ns)   --->   "%write_ln0 = write void @_ssdm_op_Write.ap_auto.i34P0A, i34 %p_out21, i34 %p_load271"   --->   Operation 817 'write' 'write_ln0' <Predicate = (icmp_ln2713)> <Delay = 0.00>
ST_3 : Operation 818 [1/1] (0.00ns)   --->   "%write_ln0 = write void @_ssdm_op_Write.ap_auto.i34P0A, i34 %p_out22, i34 %p_load273"   --->   Operation 818 'write' 'write_ln0' <Predicate = (icmp_ln2713)> <Delay = 0.00>
ST_3 : Operation 819 [1/1] (0.00ns)   --->   "%write_ln0 = write void @_ssdm_op_Write.ap_auto.i34P0A, i34 %p_out23, i34 %p_load275"   --->   Operation 819 'write' 'write_ln0' <Predicate = (icmp_ln2713)> <Delay = 0.00>
ST_3 : Operation 820 [1/1] (0.00ns)   --->   "%write_ln0 = write void @_ssdm_op_Write.ap_auto.i34P0A, i34 %p_out24, i34 %p_load277"   --->   Operation 820 'write' 'write_ln0' <Predicate = (icmp_ln2713)> <Delay = 0.00>
ST_3 : Operation 821 [1/1] (0.00ns)   --->   "%write_ln0 = write void @_ssdm_op_Write.ap_auto.i34P0A, i34 %p_out25, i34 %p_load279"   --->   Operation 821 'write' 'write_ln0' <Predicate = (icmp_ln2713)> <Delay = 0.00>
ST_3 : Operation 822 [1/1] (0.00ns)   --->   "%write_ln0 = write void @_ssdm_op_Write.ap_auto.i34P0A, i34 %p_out26, i34 %p_load281"   --->   Operation 822 'write' 'write_ln0' <Predicate = (icmp_ln2713)> <Delay = 0.00>
ST_3 : Operation 823 [1/1] (0.00ns)   --->   "%write_ln0 = write void @_ssdm_op_Write.ap_auto.i34P0A, i34 %p_out27, i34 %p_load283"   --->   Operation 823 'write' 'write_ln0' <Predicate = (icmp_ln2713)> <Delay = 0.00>
ST_3 : Operation 824 [1/1] (0.00ns)   --->   "%write_ln0 = write void @_ssdm_op_Write.ap_auto.i34P0A, i34 %p_out28, i34 %p_load285"   --->   Operation 824 'write' 'write_ln0' <Predicate = (icmp_ln2713)> <Delay = 0.00>
ST_3 : Operation 825 [1/1] (0.00ns)   --->   "%write_ln0 = write void @_ssdm_op_Write.ap_auto.i34P0A, i34 %p_out29, i34 %p_load287"   --->   Operation 825 'write' 'write_ln0' <Predicate = (icmp_ln2713)> <Delay = 0.00>
ST_3 : Operation 826 [1/1] (0.00ns)   --->   "%write_ln0 = write void @_ssdm_op_Write.ap_auto.i34P0A, i34 %p_out30, i34 %p_load289"   --->   Operation 826 'write' 'write_ln0' <Predicate = (icmp_ln2713)> <Delay = 0.00>
ST_3 : Operation 827 [1/1] (0.00ns)   --->   "%write_ln0 = write void @_ssdm_op_Write.ap_auto.i34P0A, i34 %p_out31, i34 %p_load291"   --->   Operation 827 'write' 'write_ln0' <Predicate = (icmp_ln2713)> <Delay = 0.00>
ST_3 : Operation 828 [1/1] (0.00ns)   --->   "%ret_ln0 = ret"   --->   Operation 828 'ret' 'ret_ln0' <Predicate = (icmp_ln2713)> <Delay = 0.00>

State 4 <SV = 3> <Delay = 4.60>
ST_4 : Operation 504 [1/1] (0.00ns)   --->   "%p_load290 = load i34 %empty" [H:/subband_ref_q610_opt_stage4_latency_stepL2.cpp:2719->H:/subband_ref_q610_opt_stage4_latency_stepL2.cpp:2746]   --->   Operation 504 'load' 'p_load290' <Predicate = true> <Delay = 0.00>
ST_4 : Operation 505 [1/1] (0.00ns)   --->   "%p_load288 = load i34 %empty_598" [H:/subband_ref_q610_opt_stage4_latency_stepL2.cpp:2719->H:/subband_ref_q610_opt_stage4_latency_stepL2.cpp:2746]   --->   Operation 505 'load' 'p_load288' <Predicate = true> <Delay = 0.00>
ST_4 : Operation 506 [1/1] (0.00ns)   --->   "%p_load286 = load i34 %empty_599" [H:/subband_ref_q610_opt_stage4_latency_stepL2.cpp:2719->H:/subband_ref_q610_opt_stage4_latency_stepL2.cpp:2746]   --->   Operation 506 'load' 'p_load286' <Predicate = true> <Delay = 0.00>
ST_4 : Operation 507 [1/1] (0.00ns)   --->   "%p_load284 = load i34 %empty_600" [H:/subband_ref_q610_opt_stage4_latency_stepL2.cpp:2719->H:/subband_ref_q610_opt_stage4_latency_stepL2.cpp:2746]   --->   Operation 507 'load' 'p_load284' <Predicate = true> <Delay = 0.00>
ST_4 : Operation 508 [1/1] (0.00ns)   --->   "%p_load282 = load i34 %empty_601" [H:/subband_ref_q610_opt_stage4_latency_stepL2.cpp:2719->H:/subband_ref_q610_opt_stage4_latency_stepL2.cpp:2746]   --->   Operation 508 'load' 'p_load282' <Predicate = true> <Delay = 0.00>
ST_4 : Operation 509 [1/1] (0.00ns)   --->   "%p_load280 = load i34 %empty_602" [H:/subband_ref_q610_opt_stage4_latency_stepL2.cpp:2719->H:/subband_ref_q610_opt_stage4_latency_stepL2.cpp:2746]   --->   Operation 509 'load' 'p_load280' <Predicate = true> <Delay = 0.00>
ST_4 : Operation 510 [1/1] (0.00ns)   --->   "%p_load278 = load i34 %empty_603" [H:/subband_ref_q610_opt_stage4_latency_stepL2.cpp:2719->H:/subband_ref_q610_opt_stage4_latency_stepL2.cpp:2746]   --->   Operation 510 'load' 'p_load278' <Predicate = true> <Delay = 0.00>
ST_4 : Operation 511 [1/1] (0.00ns)   --->   "%p_load276 = load i34 %empty_604" [H:/subband_ref_q610_opt_stage4_latency_stepL2.cpp:2719->H:/subband_ref_q610_opt_stage4_latency_stepL2.cpp:2746]   --->   Operation 511 'load' 'p_load276' <Predicate = true> <Delay = 0.00>
ST_4 : Operation 512 [1/1] (0.00ns)   --->   "%p_load274 = load i34 %empty_605" [H:/subband_ref_q610_opt_stage4_latency_stepL2.cpp:2719->H:/subband_ref_q610_opt_stage4_latency_stepL2.cpp:2746]   --->   Operation 512 'load' 'p_load274' <Predicate = true> <Delay = 0.00>
ST_4 : Operation 513 [1/1] (0.00ns)   --->   "%p_load272 = load i34 %empty_606" [H:/subband_ref_q610_opt_stage4_latency_stepL2.cpp:2719->H:/subband_ref_q610_opt_stage4_latency_stepL2.cpp:2746]   --->   Operation 513 'load' 'p_load272' <Predicate = true> <Delay = 0.00>
ST_4 : Operation 514 [1/1] (0.00ns)   --->   "%p_load270 = load i34 %empty_607" [H:/subband_ref_q610_opt_stage4_latency_stepL2.cpp:2719->H:/subband_ref_q610_opt_stage4_latency_stepL2.cpp:2746]   --->   Operation 514 'load' 'p_load270' <Predicate = true> <Delay = 0.00>
ST_4 : Operation 515 [1/1] (0.00ns)   --->   "%p_load268 = load i34 %empty_608" [H:/subband_ref_q610_opt_stage4_latency_stepL2.cpp:2719->H:/subband_ref_q610_opt_stage4_latency_stepL2.cpp:2746]   --->   Operation 515 'load' 'p_load268' <Predicate = true> <Delay = 0.00>
ST_4 : Operation 516 [1/1] (0.00ns)   --->   "%p_load266 = load i34 %empty_609" [H:/subband_ref_q610_opt_stage4_latency_stepL2.cpp:2719->H:/subband_ref_q610_opt_stage4_latency_stepL2.cpp:2746]   --->   Operation 516 'load' 'p_load266' <Predicate = true> <Delay = 0.00>
ST_4 : Operation 517 [1/1] (0.00ns)   --->   "%p_load264 = load i34 %empty_610" [H:/subband_ref_q610_opt_stage4_latency_stepL2.cpp:2719->H:/subband_ref_q610_opt_stage4_latency_stepL2.cpp:2746]   --->   Operation 517 'load' 'p_load264' <Predicate = true> <Delay = 0.00>
ST_4 : Operation 518 [1/1] (0.00ns)   --->   "%p_load262 = load i34 %empty_611" [H:/subband_ref_q610_opt_stage4_latency_stepL2.cpp:2719->H:/subband_ref_q610_opt_stage4_latency_stepL2.cpp:2746]   --->   Operation 518 'load' 'p_load262' <Predicate = true> <Delay = 0.00>
ST_4 : Operation 519 [1/1] (0.00ns)   --->   "%p_load260 = load i34 %empty_612" [H:/subband_ref_q610_opt_stage4_latency_stepL2.cpp:2719->H:/subband_ref_q610_opt_stage4_latency_stepL2.cpp:2746]   --->   Operation 519 'load' 'p_load260' <Predicate = true> <Delay = 0.00>
ST_4 : Operation 520 [1/1] (0.00ns)   --->   "%p_load258 = load i34 %empty_613" [H:/subband_ref_q610_opt_stage4_latency_stepL2.cpp:2719->H:/subband_ref_q610_opt_stage4_latency_stepL2.cpp:2746]   --->   Operation 520 'load' 'p_load258' <Predicate = true> <Delay = 0.00>
ST_4 : Operation 521 [1/1] (0.00ns)   --->   "%p_load256 = load i34 %empty_614" [H:/subband_ref_q610_opt_stage4_latency_stepL2.cpp:2719->H:/subband_ref_q610_opt_stage4_latency_stepL2.cpp:2746]   --->   Operation 521 'load' 'p_load256' <Predicate = true> <Delay = 0.00>
ST_4 : Operation 522 [1/1] (0.00ns)   --->   "%p_load254 = load i34 %empty_615" [H:/subband_ref_q610_opt_stage4_latency_stepL2.cpp:2719->H:/subband_ref_q610_opt_stage4_latency_stepL2.cpp:2746]   --->   Operation 522 'load' 'p_load254' <Predicate = true> <Delay = 0.00>
ST_4 : Operation 523 [1/1] (0.00ns)   --->   "%p_load252 = load i34 %empty_616" [H:/subband_ref_q610_opt_stage4_latency_stepL2.cpp:2719->H:/subband_ref_q610_opt_stage4_latency_stepL2.cpp:2746]   --->   Operation 523 'load' 'p_load252' <Predicate = true> <Delay = 0.00>
ST_4 : Operation 524 [1/1] (0.00ns)   --->   "%p_load250 = load i34 %empty_617" [H:/subband_ref_q610_opt_stage4_latency_stepL2.cpp:2719->H:/subband_ref_q610_opt_stage4_latency_stepL2.cpp:2746]   --->   Operation 524 'load' 'p_load250' <Predicate = true> <Delay = 0.00>
ST_4 : Operation 525 [1/1] (0.00ns)   --->   "%p_load248 = load i34 %empty_618" [H:/subband_ref_q610_opt_stage4_latency_stepL2.cpp:2719->H:/subband_ref_q610_opt_stage4_latency_stepL2.cpp:2746]   --->   Operation 525 'load' 'p_load248' <Predicate = true> <Delay = 0.00>
ST_4 : Operation 526 [1/1] (0.00ns)   --->   "%p_load246 = load i34 %empty_619" [H:/subband_ref_q610_opt_stage4_latency_stepL2.cpp:2719->H:/subband_ref_q610_opt_stage4_latency_stepL2.cpp:2746]   --->   Operation 526 'load' 'p_load246' <Predicate = true> <Delay = 0.00>
ST_4 : Operation 527 [1/1] (0.00ns)   --->   "%p_load244 = load i34 %empty_620" [H:/subband_ref_q610_opt_stage4_latency_stepL2.cpp:2719->H:/subband_ref_q610_opt_stage4_latency_stepL2.cpp:2746]   --->   Operation 527 'load' 'p_load244' <Predicate = true> <Delay = 0.00>
ST_4 : Operation 528 [1/1] (0.00ns)   --->   "%p_load242 = load i34 %empty_621" [H:/subband_ref_q610_opt_stage4_latency_stepL2.cpp:2719->H:/subband_ref_q610_opt_stage4_latency_stepL2.cpp:2746]   --->   Operation 528 'load' 'p_load242' <Predicate = true> <Delay = 0.00>
ST_4 : Operation 529 [1/1] (0.00ns)   --->   "%p_load240 = load i34 %empty_622" [H:/subband_ref_q610_opt_stage4_latency_stepL2.cpp:2719->H:/subband_ref_q610_opt_stage4_latency_stepL2.cpp:2746]   --->   Operation 529 'load' 'p_load240' <Predicate = true> <Delay = 0.00>
ST_4 : Operation 530 [1/1] (0.00ns)   --->   "%p_load238 = load i34 %empty_623" [H:/subband_ref_q610_opt_stage4_latency_stepL2.cpp:2719->H:/subband_ref_q610_opt_stage4_latency_stepL2.cpp:2746]   --->   Operation 530 'load' 'p_load238' <Predicate = true> <Delay = 0.00>
ST_4 : Operation 531 [1/1] (0.00ns)   --->   "%p_load236 = load i34 %empty_624" [H:/subband_ref_q610_opt_stage4_latency_stepL2.cpp:2719->H:/subband_ref_q610_opt_stage4_latency_stepL2.cpp:2746]   --->   Operation 531 'load' 'p_load236' <Predicate = true> <Delay = 0.00>
ST_4 : Operation 532 [1/1] (0.00ns)   --->   "%p_load234 = load i34 %empty_625" [H:/subband_ref_q610_opt_stage4_latency_stepL2.cpp:2719->H:/subband_ref_q610_opt_stage4_latency_stepL2.cpp:2746]   --->   Operation 532 'load' 'p_load234' <Predicate = true> <Delay = 0.00>
ST_4 : Operation 533 [1/1] (0.00ns)   --->   "%p_load232 = load i34 %empty_626" [H:/subband_ref_q610_opt_stage4_latency_stepL2.cpp:2719->H:/subband_ref_q610_opt_stage4_latency_stepL2.cpp:2746]   --->   Operation 533 'load' 'p_load232' <Predicate = true> <Delay = 0.00>
ST_4 : Operation 534 [1/1] (0.00ns)   --->   "%p_load230 = load i34 %empty_627" [H:/subband_ref_q610_opt_stage4_latency_stepL2.cpp:2719->H:/subband_ref_q610_opt_stage4_latency_stepL2.cpp:2746]   --->   Operation 534 'load' 'p_load230' <Predicate = true> <Delay = 0.00>
ST_4 : Operation 535 [1/1] (0.00ns)   --->   "%p_load = load i34 %empty_628" [H:/subband_ref_q610_opt_stage4_latency_stepL2.cpp:2719->H:/subband_ref_q610_opt_stage4_latency_stepL2.cpp:2746]   --->   Operation 535 'load' 'p_load' <Predicate = true> <Delay = 0.00>
ST_4 : Operation 536 [1/1] (0.00ns)   --->   "%specpipeline_ln2714 = specpipeline void @_ssdm_op_SpecPipeline, i32 1, i32 0, i32 0, i32 0, void @empty_136" [H:/subband_ref_q610_opt_stage4_latency_stepL2.cpp:2714->H:/subband_ref_q610_opt_stage4_latency_stepL2.cpp:2746]   --->   Operation 536 'specpipeline' 'specpipeline_ln2714' <Predicate = true> <Delay = 0.00>
ST_4 : Operation 537 [1/1] (0.00ns)   --->   "%speclooptripcount_ln2713 = speclooptripcount void @_ssdm_op_SpecLoopTripCount, i64 7, i64 7, i64 7" [H:/subband_ref_q610_opt_stage4_latency_stepL2.cpp:2713->H:/subband_ref_q610_opt_stage4_latency_stepL2.cpp:2746]   --->   Operation 537 'speclooptripcount' 'speclooptripcount_ln2713' <Predicate = true> <Delay = 0.00>
ST_4 : Operation 538 [1/1] (0.00ns)   --->   "%specloopname_ln2713 = specloopname void @_ssdm_op_SpecLoopName, void @empty_160" [H:/subband_ref_q610_opt_stage4_latency_stepL2.cpp:2713->H:/subband_ref_q610_opt_stage4_latency_stepL2.cpp:2746]   --->   Operation 538 'specloopname' 'specloopname_ln2713' <Predicate = true> <Delay = 0.00>
ST_4 : Operation 539 [1/1] (0.00ns)   --->   "%rbegin32 = specregionbegin i32 @_ssdm_op_SpecRegionBegin, void @empty_103" [H:/subband_ref_q610_opt_stage4_latency_stepL2.cpp:1623->H:/subband_ref_q610_opt_stage4_latency_stepL2.cpp:2719->H:/subband_ref_q610_opt_stage4_latency_stepL2.cpp:2746]   --->   Operation 539 'specregionbegin' 'rbegin32' <Predicate = true> <Delay = 0.00>
ST_4 : Operation 540 [1/3] (0.00ns) (grouped into DSP with root node input_sum_q20)   --->   "%product_q20 = mul i32 %sext_ln1625_64, i32 %sext_ln1625" [H:/subband_ref_q610_opt_stage4_latency_stepL2.cpp:1625->H:/subband_ref_q610_opt_stage4_latency_stepL2.cpp:2719->H:/subband_ref_q610_opt_stage4_latency_stepL2.cpp:2746]   --->   Operation 540 'mul' 'product_q20' <Predicate = true> <Delay = 0.00> <CoreInst = "DSP48">   --->   Core 119 'DSP48' <Latency = 2> <II = 1> <Delay = 3.88> <IPBlock> <Opcode : '' 'add' 'sub' 'mul' 'select'> <InPorts = 0> <OutPorts = 1> <Sync> <CReg>
ST_4 : Operation 541 [1/1] (0.00ns)   --->   "%specfucore_ln1624 = specfucore void @_ssdm_op_SpecFUCore, i32 %product_q20, i64 12, i64 3, i64 2" [H:/subband_ref_q610_opt_stage4_latency_stepL2.cpp:1624->H:/subband_ref_q610_opt_stage4_latency_stepL2.cpp:2719->H:/subband_ref_q610_opt_stage4_latency_stepL2.cpp:2746]   --->   Operation 541 'specfucore' 'specfucore_ln1624' <Predicate = true> <Delay = 0.00>
ST_4 : Operation 542 [1/1] (0.00ns) (grouped into DSP with root node input_sum_q20)   --->   "%sext_ln1623 = sext i32 %product_q20" [H:/subband_ref_q610_opt_stage4_latency_stepL2.cpp:1623->H:/subband_ref_q610_opt_stage4_latency_stepL2.cpp:2719->H:/subband_ref_q610_opt_stage4_latency_stepL2.cpp:2746]   --->   Operation 542 'sext' 'sext_ln1623' <Predicate = true> <Delay = 0.00>
ST_4 : Operation 543 [1/1] (0.00ns)   --->   "%rend635 = specregionend i32 @_ssdm_op_SpecRegionEnd, void @empty_103, i32 %rbegin32" [H:/subband_ref_q610_opt_stage4_latency_stepL2.cpp:1625->H:/subband_ref_q610_opt_stage4_latency_stepL2.cpp:2719->H:/subband_ref_q610_opt_stage4_latency_stepL2.cpp:2746]   --->   Operation 543 'specregionend' 'rend635' <Predicate = true> <Delay = 0.00>
ST_4 : Operation 544 [1/1] (3.02ns) (root node of the DSP)   --->   "%input_sum_q20 = add i34 %sext_ln1623, i34 %p_load290" [H:/subband_ref_q610_opt_stage4_latency_stepL2.cpp:2719->H:/subband_ref_q610_opt_stage4_latency_stepL2.cpp:2746]   --->   Operation 544 'add' 'input_sum_q20' <Predicate = true> <Delay = 3.02> <CoreInst = "DSP48">   --->   Core 119 'DSP48' <Latency = 2> <II = 1> <Delay = 3.88> <IPBlock> <Opcode : '' 'add' 'sub' 'mul' 'select'> <InPorts = 0> <OutPorts = 1> <Sync> <CReg>
ST_4 : Operation 545 [1/1] (0.00ns)   --->   "%rbegin33 = specregionbegin i32 @_ssdm_op_SpecRegionBegin, void @empty_102" [H:/subband_ref_q610_opt_stage4_latency_stepL2.cpp:1623->H:/subband_ref_q610_opt_stage4_latency_stepL2.cpp:2719->H:/subband_ref_q610_opt_stage4_latency_stepL2.cpp:2746]   --->   Operation 545 'specregionbegin' 'rbegin33' <Predicate = true> <Delay = 0.00>
ST_4 : Operation 546 [1/3] (0.00ns) (grouped into DSP with root node add_ln2719)   --->   "%product_q20_126 = mul i32 %sext_ln1625_66, i32 %sext_ln1625_65" [H:/subband_ref_q610_opt_stage4_latency_stepL2.cpp:1625->H:/subband_ref_q610_opt_stage4_latency_stepL2.cpp:2719->H:/subband_ref_q610_opt_stage4_latency_stepL2.cpp:2746]   --->   Operation 546 'mul' 'product_q20_126' <Predicate = true> <Delay = 0.00> <CoreInst = "DSP48">   --->   Core 119 'DSP48' <Latency = 2> <II = 1> <Delay = 3.88> <IPBlock> <Opcode : '' 'add' 'sub' 'mul' 'select'> <InPorts = 0> <OutPorts = 1> <Sync> <CReg>
ST_4 : Operation 547 [1/1] (0.00ns)   --->   "%specfucore_ln1624 = specfucore void @_ssdm_op_SpecFUCore, i32 %product_q20_126, i64 12, i64 3, i64 2" [H:/subband_ref_q610_opt_stage4_latency_stepL2.cpp:1624->H:/subband_ref_q610_opt_stage4_latency_stepL2.cpp:2719->H:/subband_ref_q610_opt_stage4_latency_stepL2.cpp:2746]   --->   Operation 547 'specfucore' 'specfucore_ln1624' <Predicate = true> <Delay = 0.00>
ST_4 : Operation 548 [1/1] (0.00ns) (grouped into DSP with root node add_ln2719)   --->   "%sext_ln1623_32 = sext i32 %product_q20_126" [H:/subband_ref_q610_opt_stage4_latency_stepL2.cpp:1623->H:/subband_ref_q610_opt_stage4_latency_stepL2.cpp:2719->H:/subband_ref_q610_opt_stage4_latency_stepL2.cpp:2746]   --->   Operation 548 'sext' 'sext_ln1623_32' <Predicate = true> <Delay = 0.00>
ST_4 : Operation 549 [1/1] (0.00ns)   --->   "%rend633 = specregionend i32 @_ssdm_op_SpecRegionEnd, void @empty_102, i32 %rbegin33" [H:/subband_ref_q610_opt_stage4_latency_stepL2.cpp:1625->H:/subband_ref_q610_opt_stage4_latency_stepL2.cpp:2719->H:/subband_ref_q610_opt_stage4_latency_stepL2.cpp:2746]   --->   Operation 549 'specregionend' 'rend633' <Predicate = true> <Delay = 0.00>
ST_4 : Operation 550 [1/1] (3.02ns) (root node of the DSP)   --->   "%add_ln2719 = add i34 %sext_ln1623_32, i34 %p_load288" [H:/subband_ref_q610_opt_stage4_latency_stepL2.cpp:2719->H:/subband_ref_q610_opt_stage4_latency_stepL2.cpp:2746]   --->   Operation 550 'add' 'add_ln2719' <Predicate = true> <Delay = 3.02> <CoreInst = "DSP48">   --->   Core 119 'DSP48' <Latency = 2> <II = 1> <Delay = 3.88> <IPBlock> <Opcode : '' 'add' 'sub' 'mul' 'select'> <InPorts = 0> <OutPorts = 1> <Sync> <CReg>
ST_4 : Operation 551 [1/1] (0.00ns)   --->   "%rbegin34 = specregionbegin i32 @_ssdm_op_SpecRegionBegin, void @empty_101" [H:/subband_ref_q610_opt_stage4_latency_stepL2.cpp:1623->H:/subband_ref_q610_opt_stage4_latency_stepL2.cpp:2719->H:/subband_ref_q610_opt_stage4_latency_stepL2.cpp:2746]   --->   Operation 551 'specregionbegin' 'rbegin34' <Predicate = true> <Delay = 0.00>
ST_4 : Operation 552 [1/3] (0.00ns) (grouped into DSP with root node add_ln2719_1)   --->   "%product_q20_127 = mul i32 %sext_ln1625_68, i32 %sext_ln1625_67" [H:/subband_ref_q610_opt_stage4_latency_stepL2.cpp:1625->H:/subband_ref_q610_opt_stage4_latency_stepL2.cpp:2719->H:/subband_ref_q610_opt_stage4_latency_stepL2.cpp:2746]   --->   Operation 552 'mul' 'product_q20_127' <Predicate = true> <Delay = 0.00> <CoreInst = "DSP48">   --->   Core 119 'DSP48' <Latency = 2> <II = 1> <Delay = 3.88> <IPBlock> <Opcode : '' 'add' 'sub' 'mul' 'select'> <InPorts = 0> <OutPorts = 1> <Sync> <CReg>
ST_4 : Operation 553 [1/1] (0.00ns)   --->   "%specfucore_ln1624 = specfucore void @_ssdm_op_SpecFUCore, i32 %product_q20_127, i64 12, i64 3, i64 2" [H:/subband_ref_q610_opt_stage4_latency_stepL2.cpp:1624->H:/subband_ref_q610_opt_stage4_latency_stepL2.cpp:2719->H:/subband_ref_q610_opt_stage4_latency_stepL2.cpp:2746]   --->   Operation 553 'specfucore' 'specfucore_ln1624' <Predicate = true> <Delay = 0.00>
ST_4 : Operation 554 [1/1] (0.00ns) (grouped into DSP with root node add_ln2719_1)   --->   "%sext_ln1623_33 = sext i32 %product_q20_127" [H:/subband_ref_q610_opt_stage4_latency_stepL2.cpp:1623->H:/subband_ref_q610_opt_stage4_latency_stepL2.cpp:2719->H:/subband_ref_q610_opt_stage4_latency_stepL2.cpp:2746]   --->   Operation 554 'sext' 'sext_ln1623_33' <Predicate = true> <Delay = 0.00>
ST_4 : Operation 555 [1/1] (0.00ns)   --->   "%rend631 = specregionend i32 @_ssdm_op_SpecRegionEnd, void @empty_101, i32 %rbegin34" [H:/subband_ref_q610_opt_stage4_latency_stepL2.cpp:1625->H:/subband_ref_q610_opt_stage4_latency_stepL2.cpp:2719->H:/subband_ref_q610_opt_stage4_latency_stepL2.cpp:2746]   --->   Operation 555 'specregionend' 'rend631' <Predicate = true> <Delay = 0.00>
ST_4 : Operation 556 [1/1] (3.02ns) (root node of the DSP)   --->   "%add_ln2719_1 = add i34 %sext_ln1623_33, i34 %p_load286" [H:/subband_ref_q610_opt_stage4_latency_stepL2.cpp:2719->H:/subband_ref_q610_opt_stage4_latency_stepL2.cpp:2746]   --->   Operation 556 'add' 'add_ln2719_1' <Predicate = true> <Delay = 3.02> <CoreInst = "DSP48">   --->   Core 119 'DSP48' <Latency = 2> <II = 1> <Delay = 3.88> <IPBlock> <Opcode : '' 'add' 'sub' 'mul' 'select'> <InPorts = 0> <OutPorts = 1> <Sync> <CReg>
ST_4 : Operation 557 [1/1] (0.00ns)   --->   "%rbegin35 = specregionbegin i32 @_ssdm_op_SpecRegionBegin, void @empty_100" [H:/subband_ref_q610_opt_stage4_latency_stepL2.cpp:1623->H:/subband_ref_q610_opt_stage4_latency_stepL2.cpp:2719->H:/subband_ref_q610_opt_stage4_latency_stepL2.cpp:2746]   --->   Operation 557 'specregionbegin' 'rbegin35' <Predicate = true> <Delay = 0.00>
ST_4 : Operation 558 [1/3] (0.00ns) (grouped into DSP with root node add_ln2719_2)   --->   "%product_q20_128 = mul i32 %sext_ln1625_70, i32 %sext_ln1625_69" [H:/subband_ref_q610_opt_stage4_latency_stepL2.cpp:1625->H:/subband_ref_q610_opt_stage4_latency_stepL2.cpp:2719->H:/subband_ref_q610_opt_stage4_latency_stepL2.cpp:2746]   --->   Operation 558 'mul' 'product_q20_128' <Predicate = true> <Delay = 0.00> <CoreInst = "DSP48">   --->   Core 119 'DSP48' <Latency = 2> <II = 1> <Delay = 3.88> <IPBlock> <Opcode : '' 'add' 'sub' 'mul' 'select'> <InPorts = 0> <OutPorts = 1> <Sync> <CReg>
ST_4 : Operation 559 [1/1] (0.00ns)   --->   "%specfucore_ln1624 = specfucore void @_ssdm_op_SpecFUCore, i32 %product_q20_128, i64 12, i64 3, i64 2" [H:/subband_ref_q610_opt_stage4_latency_stepL2.cpp:1624->H:/subband_ref_q610_opt_stage4_latency_stepL2.cpp:2719->H:/subband_ref_q610_opt_stage4_latency_stepL2.cpp:2746]   --->   Operation 559 'specfucore' 'specfucore_ln1624' <Predicate = true> <Delay = 0.00>
ST_4 : Operation 560 [1/1] (0.00ns) (grouped into DSP with root node add_ln2719_2)   --->   "%sext_ln1623_34 = sext i32 %product_q20_128" [H:/subband_ref_q610_opt_stage4_latency_stepL2.cpp:1623->H:/subband_ref_q610_opt_stage4_latency_stepL2.cpp:2719->H:/subband_ref_q610_opt_stage4_latency_stepL2.cpp:2746]   --->   Operation 560 'sext' 'sext_ln1623_34' <Predicate = true> <Delay = 0.00>
ST_4 : Operation 561 [1/1] (0.00ns)   --->   "%rend629 = specregionend i32 @_ssdm_op_SpecRegionEnd, void @empty_100, i32 %rbegin35" [H:/subband_ref_q610_opt_stage4_latency_stepL2.cpp:1625->H:/subband_ref_q610_opt_stage4_latency_stepL2.cpp:2719->H:/subband_ref_q610_opt_stage4_latency_stepL2.cpp:2746]   --->   Operation 561 'specregionend' 'rend629' <Predicate = true> <Delay = 0.00>
ST_4 : Operation 562 [1/1] (3.02ns) (root node of the DSP)   --->   "%add_ln2719_2 = add i34 %sext_ln1623_34, i34 %p_load284" [H:/subband_ref_q610_opt_stage4_latency_stepL2.cpp:2719->H:/subband_ref_q610_opt_stage4_latency_stepL2.cpp:2746]   --->   Operation 562 'add' 'add_ln2719_2' <Predicate = true> <Delay = 3.02> <CoreInst = "DSP48">   --->   Core 119 'DSP48' <Latency = 2> <II = 1> <Delay = 3.88> <IPBlock> <Opcode : '' 'add' 'sub' 'mul' 'select'> <InPorts = 0> <OutPorts = 1> <Sync> <CReg>
ST_4 : Operation 563 [1/1] (0.00ns)   --->   "%rbegin36 = specregionbegin i32 @_ssdm_op_SpecRegionBegin, void @empty_99" [H:/subband_ref_q610_opt_stage4_latency_stepL2.cpp:1623->H:/subband_ref_q610_opt_stage4_latency_stepL2.cpp:2719->H:/subband_ref_q610_opt_stage4_latency_stepL2.cpp:2746]   --->   Operation 563 'specregionbegin' 'rbegin36' <Predicate = true> <Delay = 0.00>
ST_4 : Operation 564 [1/3] (0.00ns) (grouped into DSP with root node add_ln2719_3)   --->   "%product_q20_129 = mul i32 %sext_ln1625_72, i32 %sext_ln1625_71" [H:/subband_ref_q610_opt_stage4_latency_stepL2.cpp:1625->H:/subband_ref_q610_opt_stage4_latency_stepL2.cpp:2719->H:/subband_ref_q610_opt_stage4_latency_stepL2.cpp:2746]   --->   Operation 564 'mul' 'product_q20_129' <Predicate = true> <Delay = 0.00> <CoreInst = "DSP48">   --->   Core 119 'DSP48' <Latency = 2> <II = 1> <Delay = 3.88> <IPBlock> <Opcode : '' 'add' 'sub' 'mul' 'select'> <InPorts = 0> <OutPorts = 1> <Sync> <CReg>
ST_4 : Operation 565 [1/1] (0.00ns)   --->   "%specfucore_ln1624 = specfucore void @_ssdm_op_SpecFUCore, i32 %product_q20_129, i64 12, i64 3, i64 2" [H:/subband_ref_q610_opt_stage4_latency_stepL2.cpp:1624->H:/subband_ref_q610_opt_stage4_latency_stepL2.cpp:2719->H:/subband_ref_q610_opt_stage4_latency_stepL2.cpp:2746]   --->   Operation 565 'specfucore' 'specfucore_ln1624' <Predicate = true> <Delay = 0.00>
ST_4 : Operation 566 [1/1] (0.00ns) (grouped into DSP with root node add_ln2719_3)   --->   "%sext_ln1623_35 = sext i32 %product_q20_129" [H:/subband_ref_q610_opt_stage4_latency_stepL2.cpp:1623->H:/subband_ref_q610_opt_stage4_latency_stepL2.cpp:2719->H:/subband_ref_q610_opt_stage4_latency_stepL2.cpp:2746]   --->   Operation 566 'sext' 'sext_ln1623_35' <Predicate = true> <Delay = 0.00>
ST_4 : Operation 567 [1/1] (0.00ns)   --->   "%rend627 = specregionend i32 @_ssdm_op_SpecRegionEnd, void @empty_99, i32 %rbegin36" [H:/subband_ref_q610_opt_stage4_latency_stepL2.cpp:1625->H:/subband_ref_q610_opt_stage4_latency_stepL2.cpp:2719->H:/subband_ref_q610_opt_stage4_latency_stepL2.cpp:2746]   --->   Operation 567 'specregionend' 'rend627' <Predicate = true> <Delay = 0.00>
ST_4 : Operation 568 [1/1] (3.02ns) (root node of the DSP)   --->   "%add_ln2719_3 = add i34 %sext_ln1623_35, i34 %p_load282" [H:/subband_ref_q610_opt_stage4_latency_stepL2.cpp:2719->H:/subband_ref_q610_opt_stage4_latency_stepL2.cpp:2746]   --->   Operation 568 'add' 'add_ln2719_3' <Predicate = true> <Delay = 3.02> <CoreInst = "DSP48">   --->   Core 119 'DSP48' <Latency = 2> <II = 1> <Delay = 3.88> <IPBlock> <Opcode : '' 'add' 'sub' 'mul' 'select'> <InPorts = 0> <OutPorts = 1> <Sync> <CReg>
ST_4 : Operation 569 [1/1] (0.00ns)   --->   "%rbegin37 = specregionbegin i32 @_ssdm_op_SpecRegionBegin, void @empty_98" [H:/subband_ref_q610_opt_stage4_latency_stepL2.cpp:1623->H:/subband_ref_q610_opt_stage4_latency_stepL2.cpp:2719->H:/subband_ref_q610_opt_stage4_latency_stepL2.cpp:2746]   --->   Operation 569 'specregionbegin' 'rbegin37' <Predicate = true> <Delay = 0.00>
ST_4 : Operation 570 [1/3] (0.00ns) (grouped into DSP with root node add_ln2719_4)   --->   "%product_q20_130 = mul i32 %sext_ln1625_74, i32 %sext_ln1625_73" [H:/subband_ref_q610_opt_stage4_latency_stepL2.cpp:1625->H:/subband_ref_q610_opt_stage4_latency_stepL2.cpp:2719->H:/subband_ref_q610_opt_stage4_latency_stepL2.cpp:2746]   --->   Operation 570 'mul' 'product_q20_130' <Predicate = true> <Delay = 0.00> <CoreInst = "DSP48">   --->   Core 119 'DSP48' <Latency = 2> <II = 1> <Delay = 3.88> <IPBlock> <Opcode : '' 'add' 'sub' 'mul' 'select'> <InPorts = 0> <OutPorts = 1> <Sync> <CReg>
ST_4 : Operation 571 [1/1] (0.00ns)   --->   "%specfucore_ln1624 = specfucore void @_ssdm_op_SpecFUCore, i32 %product_q20_130, i64 12, i64 3, i64 2" [H:/subband_ref_q610_opt_stage4_latency_stepL2.cpp:1624->H:/subband_ref_q610_opt_stage4_latency_stepL2.cpp:2719->H:/subband_ref_q610_opt_stage4_latency_stepL2.cpp:2746]   --->   Operation 571 'specfucore' 'specfucore_ln1624' <Predicate = true> <Delay = 0.00>
ST_4 : Operation 572 [1/1] (0.00ns) (grouped into DSP with root node add_ln2719_4)   --->   "%sext_ln1623_36 = sext i32 %product_q20_130" [H:/subband_ref_q610_opt_stage4_latency_stepL2.cpp:1623->H:/subband_ref_q610_opt_stage4_latency_stepL2.cpp:2719->H:/subband_ref_q610_opt_stage4_latency_stepL2.cpp:2746]   --->   Operation 572 'sext' 'sext_ln1623_36' <Predicate = true> <Delay = 0.00>
ST_4 : Operation 573 [1/1] (0.00ns)   --->   "%rend625 = specregionend i32 @_ssdm_op_SpecRegionEnd, void @empty_98, i32 %rbegin37" [H:/subband_ref_q610_opt_stage4_latency_stepL2.cpp:1625->H:/subband_ref_q610_opt_stage4_latency_stepL2.cpp:2719->H:/subband_ref_q610_opt_stage4_latency_stepL2.cpp:2746]   --->   Operation 573 'specregionend' 'rend625' <Predicate = true> <Delay = 0.00>
ST_4 : Operation 574 [1/1] (3.02ns) (root node of the DSP)   --->   "%add_ln2719_4 = add i34 %sext_ln1623_36, i34 %p_load280" [H:/subband_ref_q610_opt_stage4_latency_stepL2.cpp:2719->H:/subband_ref_q610_opt_stage4_latency_stepL2.cpp:2746]   --->   Operation 574 'add' 'add_ln2719_4' <Predicate = true> <Delay = 3.02> <CoreInst = "DSP48">   --->   Core 119 'DSP48' <Latency = 2> <II = 1> <Delay = 3.88> <IPBlock> <Opcode : '' 'add' 'sub' 'mul' 'select'> <InPorts = 0> <OutPorts = 1> <Sync> <CReg>
ST_4 : Operation 575 [1/1] (0.00ns)   --->   "%rbegin38 = specregionbegin i32 @_ssdm_op_SpecRegionBegin, void @empty_97" [H:/subband_ref_q610_opt_stage4_latency_stepL2.cpp:1623->H:/subband_ref_q610_opt_stage4_latency_stepL2.cpp:2719->H:/subband_ref_q610_opt_stage4_latency_stepL2.cpp:2746]   --->   Operation 575 'specregionbegin' 'rbegin38' <Predicate = true> <Delay = 0.00>
ST_4 : Operation 576 [1/3] (0.00ns) (grouped into DSP with root node add_ln2719_5)   --->   "%product_q20_131 = mul i32 %sext_ln1625_76, i32 %sext_ln1625_75" [H:/subband_ref_q610_opt_stage4_latency_stepL2.cpp:1625->H:/subband_ref_q610_opt_stage4_latency_stepL2.cpp:2719->H:/subband_ref_q610_opt_stage4_latency_stepL2.cpp:2746]   --->   Operation 576 'mul' 'product_q20_131' <Predicate = true> <Delay = 0.00> <CoreInst = "DSP48">   --->   Core 119 'DSP48' <Latency = 2> <II = 1> <Delay = 3.88> <IPBlock> <Opcode : '' 'add' 'sub' 'mul' 'select'> <InPorts = 0> <OutPorts = 1> <Sync> <CReg>
ST_4 : Operation 577 [1/1] (0.00ns)   --->   "%specfucore_ln1624 = specfucore void @_ssdm_op_SpecFUCore, i32 %product_q20_131, i64 12, i64 3, i64 2" [H:/subband_ref_q610_opt_stage4_latency_stepL2.cpp:1624->H:/subband_ref_q610_opt_stage4_latency_stepL2.cpp:2719->H:/subband_ref_q610_opt_stage4_latency_stepL2.cpp:2746]   --->   Operation 577 'specfucore' 'specfucore_ln1624' <Predicate = true> <Delay = 0.00>
ST_4 : Operation 578 [1/1] (0.00ns) (grouped into DSP with root node add_ln2719_5)   --->   "%sext_ln1623_37 = sext i32 %product_q20_131" [H:/subband_ref_q610_opt_stage4_latency_stepL2.cpp:1623->H:/subband_ref_q610_opt_stage4_latency_stepL2.cpp:2719->H:/subband_ref_q610_opt_stage4_latency_stepL2.cpp:2746]   --->   Operation 578 'sext' 'sext_ln1623_37' <Predicate = true> <Delay = 0.00>
ST_4 : Operation 579 [1/1] (0.00ns)   --->   "%rend623 = specregionend i32 @_ssdm_op_SpecRegionEnd, void @empty_97, i32 %rbegin38" [H:/subband_ref_q610_opt_stage4_latency_stepL2.cpp:1625->H:/subband_ref_q610_opt_stage4_latency_stepL2.cpp:2719->H:/subband_ref_q610_opt_stage4_latency_stepL2.cpp:2746]   --->   Operation 579 'specregionend' 'rend623' <Predicate = true> <Delay = 0.00>
ST_4 : Operation 580 [1/1] (3.02ns) (root node of the DSP)   --->   "%add_ln2719_5 = add i34 %sext_ln1623_37, i34 %p_load278" [H:/subband_ref_q610_opt_stage4_latency_stepL2.cpp:2719->H:/subband_ref_q610_opt_stage4_latency_stepL2.cpp:2746]   --->   Operation 580 'add' 'add_ln2719_5' <Predicate = true> <Delay = 3.02> <CoreInst = "DSP48">   --->   Core 119 'DSP48' <Latency = 2> <II = 1> <Delay = 3.88> <IPBlock> <Opcode : '' 'add' 'sub' 'mul' 'select'> <InPorts = 0> <OutPorts = 1> <Sync> <CReg>
ST_4 : Operation 581 [1/1] (0.00ns)   --->   "%rbegin39 = specregionbegin i32 @_ssdm_op_SpecRegionBegin, void @empty_96" [H:/subband_ref_q610_opt_stage4_latency_stepL2.cpp:1623->H:/subband_ref_q610_opt_stage4_latency_stepL2.cpp:2719->H:/subband_ref_q610_opt_stage4_latency_stepL2.cpp:2746]   --->   Operation 581 'specregionbegin' 'rbegin39' <Predicate = true> <Delay = 0.00>
ST_4 : Operation 582 [1/3] (0.00ns) (grouped into DSP with root node add_ln2719_6)   --->   "%product_q20_132 = mul i32 %sext_ln1625_78, i32 %sext_ln1625_77" [H:/subband_ref_q610_opt_stage4_latency_stepL2.cpp:1625->H:/subband_ref_q610_opt_stage4_latency_stepL2.cpp:2719->H:/subband_ref_q610_opt_stage4_latency_stepL2.cpp:2746]   --->   Operation 582 'mul' 'product_q20_132' <Predicate = true> <Delay = 0.00> <CoreInst = "DSP48">   --->   Core 119 'DSP48' <Latency = 2> <II = 1> <Delay = 3.88> <IPBlock> <Opcode : '' 'add' 'sub' 'mul' 'select'> <InPorts = 0> <OutPorts = 1> <Sync> <CReg>
ST_4 : Operation 583 [1/1] (0.00ns)   --->   "%specfucore_ln1624 = specfucore void @_ssdm_op_SpecFUCore, i32 %product_q20_132, i64 12, i64 3, i64 2" [H:/subband_ref_q610_opt_stage4_latency_stepL2.cpp:1624->H:/subband_ref_q610_opt_stage4_latency_stepL2.cpp:2719->H:/subband_ref_q610_opt_stage4_latency_stepL2.cpp:2746]   --->   Operation 583 'specfucore' 'specfucore_ln1624' <Predicate = true> <Delay = 0.00>
ST_4 : Operation 584 [1/1] (0.00ns) (grouped into DSP with root node add_ln2719_6)   --->   "%sext_ln1623_38 = sext i32 %product_q20_132" [H:/subband_ref_q610_opt_stage4_latency_stepL2.cpp:1623->H:/subband_ref_q610_opt_stage4_latency_stepL2.cpp:2719->H:/subband_ref_q610_opt_stage4_latency_stepL2.cpp:2746]   --->   Operation 584 'sext' 'sext_ln1623_38' <Predicate = true> <Delay = 0.00>
ST_4 : Operation 585 [1/1] (0.00ns)   --->   "%rend621 = specregionend i32 @_ssdm_op_SpecRegionEnd, void @empty_96, i32 %rbegin39" [H:/subband_ref_q610_opt_stage4_latency_stepL2.cpp:1625->H:/subband_ref_q610_opt_stage4_latency_stepL2.cpp:2719->H:/subband_ref_q610_opt_stage4_latency_stepL2.cpp:2746]   --->   Operation 585 'specregionend' 'rend621' <Predicate = true> <Delay = 0.00>
ST_4 : Operation 586 [1/1] (3.02ns) (root node of the DSP)   --->   "%add_ln2719_6 = add i34 %sext_ln1623_38, i34 %p_load276" [H:/subband_ref_q610_opt_stage4_latency_stepL2.cpp:2719->H:/subband_ref_q610_opt_stage4_latency_stepL2.cpp:2746]   --->   Operation 586 'add' 'add_ln2719_6' <Predicate = true> <Delay = 3.02> <CoreInst = "DSP48">   --->   Core 119 'DSP48' <Latency = 2> <II = 1> <Delay = 3.88> <IPBlock> <Opcode : '' 'add' 'sub' 'mul' 'select'> <InPorts = 0> <OutPorts = 1> <Sync> <CReg>
ST_4 : Operation 587 [1/1] (0.00ns)   --->   "%rbegin40 = specregionbegin i32 @_ssdm_op_SpecRegionBegin, void @empty_95" [H:/subband_ref_q610_opt_stage4_latency_stepL2.cpp:1623->H:/subband_ref_q610_opt_stage4_latency_stepL2.cpp:2719->H:/subband_ref_q610_opt_stage4_latency_stepL2.cpp:2746]   --->   Operation 587 'specregionbegin' 'rbegin40' <Predicate = true> <Delay = 0.00>
ST_4 : Operation 588 [1/3] (0.00ns) (grouped into DSP with root node add_ln2719_7)   --->   "%product_q20_133 = mul i32 %sext_ln1625_80, i32 %sext_ln1625_79" [H:/subband_ref_q610_opt_stage4_latency_stepL2.cpp:1625->H:/subband_ref_q610_opt_stage4_latency_stepL2.cpp:2719->H:/subband_ref_q610_opt_stage4_latency_stepL2.cpp:2746]   --->   Operation 588 'mul' 'product_q20_133' <Predicate = true> <Delay = 0.00> <CoreInst = "DSP48">   --->   Core 119 'DSP48' <Latency = 2> <II = 1> <Delay = 3.88> <IPBlock> <Opcode : '' 'add' 'sub' 'mul' 'select'> <InPorts = 0> <OutPorts = 1> <Sync> <CReg>
ST_4 : Operation 589 [1/1] (0.00ns)   --->   "%specfucore_ln1624 = specfucore void @_ssdm_op_SpecFUCore, i32 %product_q20_133, i64 12, i64 3, i64 2" [H:/subband_ref_q610_opt_stage4_latency_stepL2.cpp:1624->H:/subband_ref_q610_opt_stage4_latency_stepL2.cpp:2719->H:/subband_ref_q610_opt_stage4_latency_stepL2.cpp:2746]   --->   Operation 589 'specfucore' 'specfucore_ln1624' <Predicate = true> <Delay = 0.00>
ST_4 : Operation 590 [1/1] (0.00ns) (grouped into DSP with root node add_ln2719_7)   --->   "%sext_ln1623_39 = sext i32 %product_q20_133" [H:/subband_ref_q610_opt_stage4_latency_stepL2.cpp:1623->H:/subband_ref_q610_opt_stage4_latency_stepL2.cpp:2719->H:/subband_ref_q610_opt_stage4_latency_stepL2.cpp:2746]   --->   Operation 590 'sext' 'sext_ln1623_39' <Predicate = true> <Delay = 0.00>
ST_4 : Operation 591 [1/1] (0.00ns)   --->   "%rend619 = specregionend i32 @_ssdm_op_SpecRegionEnd, void @empty_95, i32 %rbegin40" [H:/subband_ref_q610_opt_stage4_latency_stepL2.cpp:1625->H:/subband_ref_q610_opt_stage4_latency_stepL2.cpp:2719->H:/subband_ref_q610_opt_stage4_latency_stepL2.cpp:2746]   --->   Operation 591 'specregionend' 'rend619' <Predicate = true> <Delay = 0.00>
ST_4 : Operation 592 [1/1] (3.02ns) (root node of the DSP)   --->   "%add_ln2719_7 = add i34 %sext_ln1623_39, i34 %p_load274" [H:/subband_ref_q610_opt_stage4_latency_stepL2.cpp:2719->H:/subband_ref_q610_opt_stage4_latency_stepL2.cpp:2746]   --->   Operation 592 'add' 'add_ln2719_7' <Predicate = true> <Delay = 3.02> <CoreInst = "DSP48">   --->   Core 119 'DSP48' <Latency = 2> <II = 1> <Delay = 3.88> <IPBlock> <Opcode : '' 'add' 'sub' 'mul' 'select'> <InPorts = 0> <OutPorts = 1> <Sync> <CReg>
ST_4 : Operation 593 [1/1] (0.00ns)   --->   "%rbegin41 = specregionbegin i32 @_ssdm_op_SpecRegionBegin, void @empty_94" [H:/subband_ref_q610_opt_stage4_latency_stepL2.cpp:1623->H:/subband_ref_q610_opt_stage4_latency_stepL2.cpp:2719->H:/subband_ref_q610_opt_stage4_latency_stepL2.cpp:2746]   --->   Operation 593 'specregionbegin' 'rbegin41' <Predicate = true> <Delay = 0.00>
ST_4 : Operation 594 [1/3] (0.00ns) (grouped into DSP with root node add_ln2719_8)   --->   "%product_q20_134 = mul i32 %sext_ln1625_82, i32 %sext_ln1625_81" [H:/subband_ref_q610_opt_stage4_latency_stepL2.cpp:1625->H:/subband_ref_q610_opt_stage4_latency_stepL2.cpp:2719->H:/subband_ref_q610_opt_stage4_latency_stepL2.cpp:2746]   --->   Operation 594 'mul' 'product_q20_134' <Predicate = true> <Delay = 0.00> <CoreInst = "DSP48">   --->   Core 119 'DSP48' <Latency = 2> <II = 1> <Delay = 3.88> <IPBlock> <Opcode : '' 'add' 'sub' 'mul' 'select'> <InPorts = 0> <OutPorts = 1> <Sync> <CReg>
ST_4 : Operation 595 [1/1] (0.00ns)   --->   "%specfucore_ln1624 = specfucore void @_ssdm_op_SpecFUCore, i32 %product_q20_134, i64 12, i64 3, i64 2" [H:/subband_ref_q610_opt_stage4_latency_stepL2.cpp:1624->H:/subband_ref_q610_opt_stage4_latency_stepL2.cpp:2719->H:/subband_ref_q610_opt_stage4_latency_stepL2.cpp:2746]   --->   Operation 595 'specfucore' 'specfucore_ln1624' <Predicate = true> <Delay = 0.00>
ST_4 : Operation 596 [1/1] (0.00ns) (grouped into DSP with root node add_ln2719_8)   --->   "%sext_ln1623_40 = sext i32 %product_q20_134" [H:/subband_ref_q610_opt_stage4_latency_stepL2.cpp:1623->H:/subband_ref_q610_opt_stage4_latency_stepL2.cpp:2719->H:/subband_ref_q610_opt_stage4_latency_stepL2.cpp:2746]   --->   Operation 596 'sext' 'sext_ln1623_40' <Predicate = true> <Delay = 0.00>
ST_4 : Operation 597 [1/1] (0.00ns)   --->   "%rend617 = specregionend i32 @_ssdm_op_SpecRegionEnd, void @empty_94, i32 %rbegin41" [H:/subband_ref_q610_opt_stage4_latency_stepL2.cpp:1625->H:/subband_ref_q610_opt_stage4_latency_stepL2.cpp:2719->H:/subband_ref_q610_opt_stage4_latency_stepL2.cpp:2746]   --->   Operation 597 'specregionend' 'rend617' <Predicate = true> <Delay = 0.00>
ST_4 : Operation 598 [1/1] (3.02ns) (root node of the DSP)   --->   "%add_ln2719_8 = add i34 %sext_ln1623_40, i34 %p_load272" [H:/subband_ref_q610_opt_stage4_latency_stepL2.cpp:2719->H:/subband_ref_q610_opt_stage4_latency_stepL2.cpp:2746]   --->   Operation 598 'add' 'add_ln2719_8' <Predicate = true> <Delay = 3.02> <CoreInst = "DSP48">   --->   Core 119 'DSP48' <Latency = 2> <II = 1> <Delay = 3.88> <IPBlock> <Opcode : '' 'add' 'sub' 'mul' 'select'> <InPorts = 0> <OutPorts = 1> <Sync> <CReg>
ST_4 : Operation 599 [1/1] (0.00ns)   --->   "%rbegin42 = specregionbegin i32 @_ssdm_op_SpecRegionBegin, void @empty_93" [H:/subband_ref_q610_opt_stage4_latency_stepL2.cpp:1623->H:/subband_ref_q610_opt_stage4_latency_stepL2.cpp:2719->H:/subband_ref_q610_opt_stage4_latency_stepL2.cpp:2746]   --->   Operation 599 'specregionbegin' 'rbegin42' <Predicate = true> <Delay = 0.00>
ST_4 : Operation 600 [1/3] (0.00ns) (grouped into DSP with root node add_ln2719_9)   --->   "%product_q20_135 = mul i32 %sext_ln1625_84, i32 %sext_ln1625_83" [H:/subband_ref_q610_opt_stage4_latency_stepL2.cpp:1625->H:/subband_ref_q610_opt_stage4_latency_stepL2.cpp:2719->H:/subband_ref_q610_opt_stage4_latency_stepL2.cpp:2746]   --->   Operation 600 'mul' 'product_q20_135' <Predicate = true> <Delay = 0.00> <CoreInst = "DSP48">   --->   Core 119 'DSP48' <Latency = 2> <II = 1> <Delay = 3.88> <IPBlock> <Opcode : '' 'add' 'sub' 'mul' 'select'> <InPorts = 0> <OutPorts = 1> <Sync> <CReg>
ST_4 : Operation 601 [1/1] (0.00ns)   --->   "%specfucore_ln1624 = specfucore void @_ssdm_op_SpecFUCore, i32 %product_q20_135, i64 12, i64 3, i64 2" [H:/subband_ref_q610_opt_stage4_latency_stepL2.cpp:1624->H:/subband_ref_q610_opt_stage4_latency_stepL2.cpp:2719->H:/subband_ref_q610_opt_stage4_latency_stepL2.cpp:2746]   --->   Operation 601 'specfucore' 'specfucore_ln1624' <Predicate = true> <Delay = 0.00>
ST_4 : Operation 602 [1/1] (0.00ns) (grouped into DSP with root node add_ln2719_9)   --->   "%sext_ln1623_41 = sext i32 %product_q20_135" [H:/subband_ref_q610_opt_stage4_latency_stepL2.cpp:1623->H:/subband_ref_q610_opt_stage4_latency_stepL2.cpp:2719->H:/subband_ref_q610_opt_stage4_latency_stepL2.cpp:2746]   --->   Operation 602 'sext' 'sext_ln1623_41' <Predicate = true> <Delay = 0.00>
ST_4 : Operation 603 [1/1] (0.00ns)   --->   "%rend615 = specregionend i32 @_ssdm_op_SpecRegionEnd, void @empty_93, i32 %rbegin42" [H:/subband_ref_q610_opt_stage4_latency_stepL2.cpp:1625->H:/subband_ref_q610_opt_stage4_latency_stepL2.cpp:2719->H:/subband_ref_q610_opt_stage4_latency_stepL2.cpp:2746]   --->   Operation 603 'specregionend' 'rend615' <Predicate = true> <Delay = 0.00>
ST_4 : Operation 604 [1/1] (3.02ns) (root node of the DSP)   --->   "%add_ln2719_9 = add i34 %sext_ln1623_41, i34 %p_load270" [H:/subband_ref_q610_opt_stage4_latency_stepL2.cpp:2719->H:/subband_ref_q610_opt_stage4_latency_stepL2.cpp:2746]   --->   Operation 604 'add' 'add_ln2719_9' <Predicate = true> <Delay = 3.02> <CoreInst = "DSP48">   --->   Core 119 'DSP48' <Latency = 2> <II = 1> <Delay = 3.88> <IPBlock> <Opcode : '' 'add' 'sub' 'mul' 'select'> <InPorts = 0> <OutPorts = 1> <Sync> <CReg>
ST_4 : Operation 605 [1/1] (0.00ns)   --->   "%rbegin43 = specregionbegin i32 @_ssdm_op_SpecRegionBegin, void @empty_92" [H:/subband_ref_q610_opt_stage4_latency_stepL2.cpp:1623->H:/subband_ref_q610_opt_stage4_latency_stepL2.cpp:2719->H:/subband_ref_q610_opt_stage4_latency_stepL2.cpp:2746]   --->   Operation 605 'specregionbegin' 'rbegin43' <Predicate = true> <Delay = 0.00>
ST_4 : Operation 606 [1/3] (0.00ns) (grouped into DSP with root node add_ln2719_10)   --->   "%product_q20_136 = mul i32 %sext_ln1625_86, i32 %sext_ln1625_85" [H:/subband_ref_q610_opt_stage4_latency_stepL2.cpp:1625->H:/subband_ref_q610_opt_stage4_latency_stepL2.cpp:2719->H:/subband_ref_q610_opt_stage4_latency_stepL2.cpp:2746]   --->   Operation 606 'mul' 'product_q20_136' <Predicate = true> <Delay = 0.00> <CoreInst = "DSP48">   --->   Core 119 'DSP48' <Latency = 2> <II = 1> <Delay = 3.88> <IPBlock> <Opcode : '' 'add' 'sub' 'mul' 'select'> <InPorts = 0> <OutPorts = 1> <Sync> <CReg>
ST_4 : Operation 607 [1/1] (0.00ns)   --->   "%specfucore_ln1624 = specfucore void @_ssdm_op_SpecFUCore, i32 %product_q20_136, i64 12, i64 3, i64 2" [H:/subband_ref_q610_opt_stage4_latency_stepL2.cpp:1624->H:/subband_ref_q610_opt_stage4_latency_stepL2.cpp:2719->H:/subband_ref_q610_opt_stage4_latency_stepL2.cpp:2746]   --->   Operation 607 'specfucore' 'specfucore_ln1624' <Predicate = true> <Delay = 0.00>
ST_4 : Operation 608 [1/1] (0.00ns) (grouped into DSP with root node add_ln2719_10)   --->   "%sext_ln1623_42 = sext i32 %product_q20_136" [H:/subband_ref_q610_opt_stage4_latency_stepL2.cpp:1623->H:/subband_ref_q610_opt_stage4_latency_stepL2.cpp:2719->H:/subband_ref_q610_opt_stage4_latency_stepL2.cpp:2746]   --->   Operation 608 'sext' 'sext_ln1623_42' <Predicate = true> <Delay = 0.00>
ST_4 : Operation 609 [1/1] (0.00ns)   --->   "%rend613 = specregionend i32 @_ssdm_op_SpecRegionEnd, void @empty_92, i32 %rbegin43" [H:/subband_ref_q610_opt_stage4_latency_stepL2.cpp:1625->H:/subband_ref_q610_opt_stage4_latency_stepL2.cpp:2719->H:/subband_ref_q610_opt_stage4_latency_stepL2.cpp:2746]   --->   Operation 609 'specregionend' 'rend613' <Predicate = true> <Delay = 0.00>
ST_4 : Operation 610 [1/1] (3.02ns) (root node of the DSP)   --->   "%add_ln2719_10 = add i34 %sext_ln1623_42, i34 %p_load268" [H:/subband_ref_q610_opt_stage4_latency_stepL2.cpp:2719->H:/subband_ref_q610_opt_stage4_latency_stepL2.cpp:2746]   --->   Operation 610 'add' 'add_ln2719_10' <Predicate = true> <Delay = 3.02> <CoreInst = "DSP48">   --->   Core 119 'DSP48' <Latency = 2> <II = 1> <Delay = 3.88> <IPBlock> <Opcode : '' 'add' 'sub' 'mul' 'select'> <InPorts = 0> <OutPorts = 1> <Sync> <CReg>
ST_4 : Operation 611 [1/1] (0.00ns)   --->   "%rbegin44 = specregionbegin i32 @_ssdm_op_SpecRegionBegin, void @empty_91" [H:/subband_ref_q610_opt_stage4_latency_stepL2.cpp:1623->H:/subband_ref_q610_opt_stage4_latency_stepL2.cpp:2719->H:/subband_ref_q610_opt_stage4_latency_stepL2.cpp:2746]   --->   Operation 611 'specregionbegin' 'rbegin44' <Predicate = true> <Delay = 0.00>
ST_4 : Operation 612 [1/3] (0.00ns) (grouped into DSP with root node add_ln2719_11)   --->   "%product_q20_137 = mul i32 %sext_ln1625_88, i32 %sext_ln1625_87" [H:/subband_ref_q610_opt_stage4_latency_stepL2.cpp:1625->H:/subband_ref_q610_opt_stage4_latency_stepL2.cpp:2719->H:/subband_ref_q610_opt_stage4_latency_stepL2.cpp:2746]   --->   Operation 612 'mul' 'product_q20_137' <Predicate = true> <Delay = 0.00> <CoreInst = "DSP48">   --->   Core 119 'DSP48' <Latency = 2> <II = 1> <Delay = 3.88> <IPBlock> <Opcode : '' 'add' 'sub' 'mul' 'select'> <InPorts = 0> <OutPorts = 1> <Sync> <CReg>
ST_4 : Operation 613 [1/1] (0.00ns)   --->   "%specfucore_ln1624 = specfucore void @_ssdm_op_SpecFUCore, i32 %product_q20_137, i64 12, i64 3, i64 2" [H:/subband_ref_q610_opt_stage4_latency_stepL2.cpp:1624->H:/subband_ref_q610_opt_stage4_latency_stepL2.cpp:2719->H:/subband_ref_q610_opt_stage4_latency_stepL2.cpp:2746]   --->   Operation 613 'specfucore' 'specfucore_ln1624' <Predicate = true> <Delay = 0.00>
ST_4 : Operation 614 [1/1] (0.00ns) (grouped into DSP with root node add_ln2719_11)   --->   "%sext_ln1623_43 = sext i32 %product_q20_137" [H:/subband_ref_q610_opt_stage4_latency_stepL2.cpp:1623->H:/subband_ref_q610_opt_stage4_latency_stepL2.cpp:2719->H:/subband_ref_q610_opt_stage4_latency_stepL2.cpp:2746]   --->   Operation 614 'sext' 'sext_ln1623_43' <Predicate = true> <Delay = 0.00>
ST_4 : Operation 615 [1/1] (0.00ns)   --->   "%rend611 = specregionend i32 @_ssdm_op_SpecRegionEnd, void @empty_91, i32 %rbegin44" [H:/subband_ref_q610_opt_stage4_latency_stepL2.cpp:1625->H:/subband_ref_q610_opt_stage4_latency_stepL2.cpp:2719->H:/subband_ref_q610_opt_stage4_latency_stepL2.cpp:2746]   --->   Operation 615 'specregionend' 'rend611' <Predicate = true> <Delay = 0.00>
ST_4 : Operation 616 [1/1] (3.02ns) (root node of the DSP)   --->   "%add_ln2719_11 = add i34 %sext_ln1623_43, i34 %p_load266" [H:/subband_ref_q610_opt_stage4_latency_stepL2.cpp:2719->H:/subband_ref_q610_opt_stage4_latency_stepL2.cpp:2746]   --->   Operation 616 'add' 'add_ln2719_11' <Predicate = true> <Delay = 3.02> <CoreInst = "DSP48">   --->   Core 119 'DSP48' <Latency = 2> <II = 1> <Delay = 3.88> <IPBlock> <Opcode : '' 'add' 'sub' 'mul' 'select'> <InPorts = 0> <OutPorts = 1> <Sync> <CReg>
ST_4 : Operation 617 [1/1] (0.00ns)   --->   "%rbegin45 = specregionbegin i32 @_ssdm_op_SpecRegionBegin, void @empty_90" [H:/subband_ref_q610_opt_stage4_latency_stepL2.cpp:1623->H:/subband_ref_q610_opt_stage4_latency_stepL2.cpp:2719->H:/subband_ref_q610_opt_stage4_latency_stepL2.cpp:2746]   --->   Operation 617 'specregionbegin' 'rbegin45' <Predicate = true> <Delay = 0.00>
ST_4 : Operation 618 [1/3] (0.00ns) (grouped into DSP with root node add_ln2719_12)   --->   "%product_q20_138 = mul i32 %sext_ln1625_90, i32 %sext_ln1625_89" [H:/subband_ref_q610_opt_stage4_latency_stepL2.cpp:1625->H:/subband_ref_q610_opt_stage4_latency_stepL2.cpp:2719->H:/subband_ref_q610_opt_stage4_latency_stepL2.cpp:2746]   --->   Operation 618 'mul' 'product_q20_138' <Predicate = true> <Delay = 0.00> <CoreInst = "DSP48">   --->   Core 119 'DSP48' <Latency = 2> <II = 1> <Delay = 3.88> <IPBlock> <Opcode : '' 'add' 'sub' 'mul' 'select'> <InPorts = 0> <OutPorts = 1> <Sync> <CReg>
ST_4 : Operation 619 [1/1] (0.00ns)   --->   "%specfucore_ln1624 = specfucore void @_ssdm_op_SpecFUCore, i32 %product_q20_138, i64 12, i64 3, i64 2" [H:/subband_ref_q610_opt_stage4_latency_stepL2.cpp:1624->H:/subband_ref_q610_opt_stage4_latency_stepL2.cpp:2719->H:/subband_ref_q610_opt_stage4_latency_stepL2.cpp:2746]   --->   Operation 619 'specfucore' 'specfucore_ln1624' <Predicate = true> <Delay = 0.00>
ST_4 : Operation 620 [1/1] (0.00ns) (grouped into DSP with root node add_ln2719_12)   --->   "%sext_ln1623_44 = sext i32 %product_q20_138" [H:/subband_ref_q610_opt_stage4_latency_stepL2.cpp:1623->H:/subband_ref_q610_opt_stage4_latency_stepL2.cpp:2719->H:/subband_ref_q610_opt_stage4_latency_stepL2.cpp:2746]   --->   Operation 620 'sext' 'sext_ln1623_44' <Predicate = true> <Delay = 0.00>
ST_4 : Operation 621 [1/1] (0.00ns)   --->   "%rend609 = specregionend i32 @_ssdm_op_SpecRegionEnd, void @empty_90, i32 %rbegin45" [H:/subband_ref_q610_opt_stage4_latency_stepL2.cpp:1625->H:/subband_ref_q610_opt_stage4_latency_stepL2.cpp:2719->H:/subband_ref_q610_opt_stage4_latency_stepL2.cpp:2746]   --->   Operation 621 'specregionend' 'rend609' <Predicate = true> <Delay = 0.00>
ST_4 : Operation 622 [1/1] (3.02ns) (root node of the DSP)   --->   "%add_ln2719_12 = add i34 %sext_ln1623_44, i34 %p_load264" [H:/subband_ref_q610_opt_stage4_latency_stepL2.cpp:2719->H:/subband_ref_q610_opt_stage4_latency_stepL2.cpp:2746]   --->   Operation 622 'add' 'add_ln2719_12' <Predicate = true> <Delay = 3.02> <CoreInst = "DSP48">   --->   Core 119 'DSP48' <Latency = 2> <II = 1> <Delay = 3.88> <IPBlock> <Opcode : '' 'add' 'sub' 'mul' 'select'> <InPorts = 0> <OutPorts = 1> <Sync> <CReg>
ST_4 : Operation 623 [1/1] (0.00ns)   --->   "%rbegin46 = specregionbegin i32 @_ssdm_op_SpecRegionBegin, void @empty_89" [H:/subband_ref_q610_opt_stage4_latency_stepL2.cpp:1623->H:/subband_ref_q610_opt_stage4_latency_stepL2.cpp:2719->H:/subband_ref_q610_opt_stage4_latency_stepL2.cpp:2746]   --->   Operation 623 'specregionbegin' 'rbegin46' <Predicate = true> <Delay = 0.00>
ST_4 : Operation 624 [1/3] (0.00ns) (grouped into DSP with root node add_ln2719_13)   --->   "%product_q20_139 = mul i32 %sext_ln1625_92, i32 %sext_ln1625_91" [H:/subband_ref_q610_opt_stage4_latency_stepL2.cpp:1625->H:/subband_ref_q610_opt_stage4_latency_stepL2.cpp:2719->H:/subband_ref_q610_opt_stage4_latency_stepL2.cpp:2746]   --->   Operation 624 'mul' 'product_q20_139' <Predicate = true> <Delay = 0.00> <CoreInst = "DSP48">   --->   Core 119 'DSP48' <Latency = 2> <II = 1> <Delay = 3.88> <IPBlock> <Opcode : '' 'add' 'sub' 'mul' 'select'> <InPorts = 0> <OutPorts = 1> <Sync> <CReg>
ST_4 : Operation 625 [1/1] (0.00ns)   --->   "%specfucore_ln1624 = specfucore void @_ssdm_op_SpecFUCore, i32 %product_q20_139, i64 12, i64 3, i64 2" [H:/subband_ref_q610_opt_stage4_latency_stepL2.cpp:1624->H:/subband_ref_q610_opt_stage4_latency_stepL2.cpp:2719->H:/subband_ref_q610_opt_stage4_latency_stepL2.cpp:2746]   --->   Operation 625 'specfucore' 'specfucore_ln1624' <Predicate = true> <Delay = 0.00>
ST_4 : Operation 626 [1/1] (0.00ns) (grouped into DSP with root node add_ln2719_13)   --->   "%sext_ln1623_45 = sext i32 %product_q20_139" [H:/subband_ref_q610_opt_stage4_latency_stepL2.cpp:1623->H:/subband_ref_q610_opt_stage4_latency_stepL2.cpp:2719->H:/subband_ref_q610_opt_stage4_latency_stepL2.cpp:2746]   --->   Operation 626 'sext' 'sext_ln1623_45' <Predicate = true> <Delay = 0.00>
ST_4 : Operation 627 [1/1] (0.00ns)   --->   "%rend607 = specregionend i32 @_ssdm_op_SpecRegionEnd, void @empty_89, i32 %rbegin46" [H:/subband_ref_q610_opt_stage4_latency_stepL2.cpp:1625->H:/subband_ref_q610_opt_stage4_latency_stepL2.cpp:2719->H:/subband_ref_q610_opt_stage4_latency_stepL2.cpp:2746]   --->   Operation 627 'specregionend' 'rend607' <Predicate = true> <Delay = 0.00>
ST_4 : Operation 628 [1/1] (3.02ns) (root node of the DSP)   --->   "%add_ln2719_13 = add i34 %sext_ln1623_45, i34 %p_load262" [H:/subband_ref_q610_opt_stage4_latency_stepL2.cpp:2719->H:/subband_ref_q610_opt_stage4_latency_stepL2.cpp:2746]   --->   Operation 628 'add' 'add_ln2719_13' <Predicate = true> <Delay = 3.02> <CoreInst = "DSP48">   --->   Core 119 'DSP48' <Latency = 2> <II = 1> <Delay = 3.88> <IPBlock> <Opcode : '' 'add' 'sub' 'mul' 'select'> <InPorts = 0> <OutPorts = 1> <Sync> <CReg>
ST_4 : Operation 629 [1/1] (0.00ns)   --->   "%rbegin47 = specregionbegin i32 @_ssdm_op_SpecRegionBegin, void @empty_88" [H:/subband_ref_q610_opt_stage4_latency_stepL2.cpp:1623->H:/subband_ref_q610_opt_stage4_latency_stepL2.cpp:2719->H:/subband_ref_q610_opt_stage4_latency_stepL2.cpp:2746]   --->   Operation 629 'specregionbegin' 'rbegin47' <Predicate = true> <Delay = 0.00>
ST_4 : Operation 630 [1/3] (0.00ns) (grouped into DSP with root node add_ln2719_14)   --->   "%product_q20_140 = mul i32 %sext_ln1625_94, i32 %sext_ln1625_93" [H:/subband_ref_q610_opt_stage4_latency_stepL2.cpp:1625->H:/subband_ref_q610_opt_stage4_latency_stepL2.cpp:2719->H:/subband_ref_q610_opt_stage4_latency_stepL2.cpp:2746]   --->   Operation 630 'mul' 'product_q20_140' <Predicate = true> <Delay = 0.00> <CoreInst = "DSP48">   --->   Core 119 'DSP48' <Latency = 2> <II = 1> <Delay = 3.88> <IPBlock> <Opcode : '' 'add' 'sub' 'mul' 'select'> <InPorts = 0> <OutPorts = 1> <Sync> <CReg>
ST_4 : Operation 631 [1/1] (0.00ns)   --->   "%specfucore_ln1624 = specfucore void @_ssdm_op_SpecFUCore, i32 %product_q20_140, i64 12, i64 3, i64 2" [H:/subband_ref_q610_opt_stage4_latency_stepL2.cpp:1624->H:/subband_ref_q610_opt_stage4_latency_stepL2.cpp:2719->H:/subband_ref_q610_opt_stage4_latency_stepL2.cpp:2746]   --->   Operation 631 'specfucore' 'specfucore_ln1624' <Predicate = true> <Delay = 0.00>
ST_4 : Operation 632 [1/1] (0.00ns) (grouped into DSP with root node add_ln2719_14)   --->   "%sext_ln1623_46 = sext i32 %product_q20_140" [H:/subband_ref_q610_opt_stage4_latency_stepL2.cpp:1623->H:/subband_ref_q610_opt_stage4_latency_stepL2.cpp:2719->H:/subband_ref_q610_opt_stage4_latency_stepL2.cpp:2746]   --->   Operation 632 'sext' 'sext_ln1623_46' <Predicate = true> <Delay = 0.00>
ST_4 : Operation 633 [1/1] (0.00ns)   --->   "%rend605 = specregionend i32 @_ssdm_op_SpecRegionEnd, void @empty_88, i32 %rbegin47" [H:/subband_ref_q610_opt_stage4_latency_stepL2.cpp:1625->H:/subband_ref_q610_opt_stage4_latency_stepL2.cpp:2719->H:/subband_ref_q610_opt_stage4_latency_stepL2.cpp:2746]   --->   Operation 633 'specregionend' 'rend605' <Predicate = true> <Delay = 0.00>
ST_4 : Operation 634 [1/1] (3.02ns) (root node of the DSP)   --->   "%add_ln2719_14 = add i34 %sext_ln1623_46, i34 %p_load260" [H:/subband_ref_q610_opt_stage4_latency_stepL2.cpp:2719->H:/subband_ref_q610_opt_stage4_latency_stepL2.cpp:2746]   --->   Operation 634 'add' 'add_ln2719_14' <Predicate = true> <Delay = 3.02> <CoreInst = "DSP48">   --->   Core 119 'DSP48' <Latency = 2> <II = 1> <Delay = 3.88> <IPBlock> <Opcode : '' 'add' 'sub' 'mul' 'select'> <InPorts = 0> <OutPorts = 1> <Sync> <CReg>
ST_4 : Operation 635 [1/1] (0.00ns)   --->   "%rbegin48 = specregionbegin i32 @_ssdm_op_SpecRegionBegin, void @empty_87" [H:/subband_ref_q610_opt_stage4_latency_stepL2.cpp:1623->H:/subband_ref_q610_opt_stage4_latency_stepL2.cpp:2719->H:/subband_ref_q610_opt_stage4_latency_stepL2.cpp:2746]   --->   Operation 635 'specregionbegin' 'rbegin48' <Predicate = true> <Delay = 0.00>
ST_4 : Operation 636 [1/3] (0.00ns) (grouped into DSP with root node add_ln2719_15)   --->   "%product_q20_141 = mul i32 %sext_ln1625_96, i32 %sext_ln1625_95" [H:/subband_ref_q610_opt_stage4_latency_stepL2.cpp:1625->H:/subband_ref_q610_opt_stage4_latency_stepL2.cpp:2719->H:/subband_ref_q610_opt_stage4_latency_stepL2.cpp:2746]   --->   Operation 636 'mul' 'product_q20_141' <Predicate = true> <Delay = 0.00> <CoreInst = "DSP48">   --->   Core 119 'DSP48' <Latency = 2> <II = 1> <Delay = 3.88> <IPBlock> <Opcode : '' 'add' 'sub' 'mul' 'select'> <InPorts = 0> <OutPorts = 1> <Sync> <CReg>
ST_4 : Operation 637 [1/1] (0.00ns)   --->   "%specfucore_ln1624 = specfucore void @_ssdm_op_SpecFUCore, i32 %product_q20_141, i64 12, i64 3, i64 2" [H:/subband_ref_q610_opt_stage4_latency_stepL2.cpp:1624->H:/subband_ref_q610_opt_stage4_latency_stepL2.cpp:2719->H:/subband_ref_q610_opt_stage4_latency_stepL2.cpp:2746]   --->   Operation 637 'specfucore' 'specfucore_ln1624' <Predicate = true> <Delay = 0.00>
ST_4 : Operation 638 [1/1] (0.00ns) (grouped into DSP with root node add_ln2719_15)   --->   "%sext_ln1623_47 = sext i32 %product_q20_141" [H:/subband_ref_q610_opt_stage4_latency_stepL2.cpp:1623->H:/subband_ref_q610_opt_stage4_latency_stepL2.cpp:2719->H:/subband_ref_q610_opt_stage4_latency_stepL2.cpp:2746]   --->   Operation 638 'sext' 'sext_ln1623_47' <Predicate = true> <Delay = 0.00>
ST_4 : Operation 639 [1/1] (0.00ns)   --->   "%rend603 = specregionend i32 @_ssdm_op_SpecRegionEnd, void @empty_87, i32 %rbegin48" [H:/subband_ref_q610_opt_stage4_latency_stepL2.cpp:1625->H:/subband_ref_q610_opt_stage4_latency_stepL2.cpp:2719->H:/subband_ref_q610_opt_stage4_latency_stepL2.cpp:2746]   --->   Operation 639 'specregionend' 'rend603' <Predicate = true> <Delay = 0.00>
ST_4 : Operation 640 [1/1] (3.02ns) (root node of the DSP)   --->   "%add_ln2719_15 = add i34 %sext_ln1623_47, i34 %p_load258" [H:/subband_ref_q610_opt_stage4_latency_stepL2.cpp:2719->H:/subband_ref_q610_opt_stage4_latency_stepL2.cpp:2746]   --->   Operation 640 'add' 'add_ln2719_15' <Predicate = true> <Delay = 3.02> <CoreInst = "DSP48">   --->   Core 119 'DSP48' <Latency = 2> <II = 1> <Delay = 3.88> <IPBlock> <Opcode : '' 'add' 'sub' 'mul' 'select'> <InPorts = 0> <OutPorts = 1> <Sync> <CReg>
ST_4 : Operation 641 [1/1] (0.00ns)   --->   "%rbegin49 = specregionbegin i32 @_ssdm_op_SpecRegionBegin, void @empty_86" [H:/subband_ref_q610_opt_stage4_latency_stepL2.cpp:1623->H:/subband_ref_q610_opt_stage4_latency_stepL2.cpp:2719->H:/subband_ref_q610_opt_stage4_latency_stepL2.cpp:2746]   --->   Operation 641 'specregionbegin' 'rbegin49' <Predicate = true> <Delay = 0.00>
ST_4 : Operation 642 [1/3] (0.00ns) (grouped into DSP with root node add_ln2719_16)   --->   "%product_q20_142 = mul i32 %sext_ln1625_98, i32 %sext_ln1625_97" [H:/subband_ref_q610_opt_stage4_latency_stepL2.cpp:1625->H:/subband_ref_q610_opt_stage4_latency_stepL2.cpp:2719->H:/subband_ref_q610_opt_stage4_latency_stepL2.cpp:2746]   --->   Operation 642 'mul' 'product_q20_142' <Predicate = true> <Delay = 0.00> <CoreInst = "DSP48">   --->   Core 119 'DSP48' <Latency = 2> <II = 1> <Delay = 3.88> <IPBlock> <Opcode : '' 'add' 'sub' 'mul' 'select'> <InPorts = 0> <OutPorts = 1> <Sync> <CReg>
ST_4 : Operation 643 [1/1] (0.00ns)   --->   "%specfucore_ln1624 = specfucore void @_ssdm_op_SpecFUCore, i32 %product_q20_142, i64 12, i64 3, i64 2" [H:/subband_ref_q610_opt_stage4_latency_stepL2.cpp:1624->H:/subband_ref_q610_opt_stage4_latency_stepL2.cpp:2719->H:/subband_ref_q610_opt_stage4_latency_stepL2.cpp:2746]   --->   Operation 643 'specfucore' 'specfucore_ln1624' <Predicate = true> <Delay = 0.00>
ST_4 : Operation 644 [1/1] (0.00ns) (grouped into DSP with root node add_ln2719_16)   --->   "%sext_ln1623_48 = sext i32 %product_q20_142" [H:/subband_ref_q610_opt_stage4_latency_stepL2.cpp:1623->H:/subband_ref_q610_opt_stage4_latency_stepL2.cpp:2719->H:/subband_ref_q610_opt_stage4_latency_stepL2.cpp:2746]   --->   Operation 644 'sext' 'sext_ln1623_48' <Predicate = true> <Delay = 0.00>
ST_4 : Operation 645 [1/1] (0.00ns)   --->   "%rend601 = specregionend i32 @_ssdm_op_SpecRegionEnd, void @empty_86, i32 %rbegin49" [H:/subband_ref_q610_opt_stage4_latency_stepL2.cpp:1625->H:/subband_ref_q610_opt_stage4_latency_stepL2.cpp:2719->H:/subband_ref_q610_opt_stage4_latency_stepL2.cpp:2746]   --->   Operation 645 'specregionend' 'rend601' <Predicate = true> <Delay = 0.00>
ST_4 : Operation 646 [1/1] (3.02ns) (root node of the DSP)   --->   "%add_ln2719_16 = add i34 %sext_ln1623_48, i34 %p_load256" [H:/subband_ref_q610_opt_stage4_latency_stepL2.cpp:2719->H:/subband_ref_q610_opt_stage4_latency_stepL2.cpp:2746]   --->   Operation 646 'add' 'add_ln2719_16' <Predicate = true> <Delay = 3.02> <CoreInst = "DSP48">   --->   Core 119 'DSP48' <Latency = 2> <II = 1> <Delay = 3.88> <IPBlock> <Opcode : '' 'add' 'sub' 'mul' 'select'> <InPorts = 0> <OutPorts = 1> <Sync> <CReg>
ST_4 : Operation 647 [1/1] (0.00ns)   --->   "%rbegin50 = specregionbegin i32 @_ssdm_op_SpecRegionBegin, void @empty_85" [H:/subband_ref_q610_opt_stage4_latency_stepL2.cpp:1623->H:/subband_ref_q610_opt_stage4_latency_stepL2.cpp:2719->H:/subband_ref_q610_opt_stage4_latency_stepL2.cpp:2746]   --->   Operation 647 'specregionbegin' 'rbegin50' <Predicate = true> <Delay = 0.00>
ST_4 : Operation 648 [1/3] (0.00ns) (grouped into DSP with root node add_ln2719_17)   --->   "%product_q20_143 = mul i32 %sext_ln1625_100, i32 %sext_ln1625_99" [H:/subband_ref_q610_opt_stage4_latency_stepL2.cpp:1625->H:/subband_ref_q610_opt_stage4_latency_stepL2.cpp:2719->H:/subband_ref_q610_opt_stage4_latency_stepL2.cpp:2746]   --->   Operation 648 'mul' 'product_q20_143' <Predicate = true> <Delay = 0.00> <CoreInst = "DSP48">   --->   Core 119 'DSP48' <Latency = 2> <II = 1> <Delay = 3.88> <IPBlock> <Opcode : '' 'add' 'sub' 'mul' 'select'> <InPorts = 0> <OutPorts = 1> <Sync> <CReg>
ST_4 : Operation 649 [1/1] (0.00ns)   --->   "%specfucore_ln1624 = specfucore void @_ssdm_op_SpecFUCore, i32 %product_q20_143, i64 12, i64 3, i64 2" [H:/subband_ref_q610_opt_stage4_latency_stepL2.cpp:1624->H:/subband_ref_q610_opt_stage4_latency_stepL2.cpp:2719->H:/subband_ref_q610_opt_stage4_latency_stepL2.cpp:2746]   --->   Operation 649 'specfucore' 'specfucore_ln1624' <Predicate = true> <Delay = 0.00>
ST_4 : Operation 650 [1/1] (0.00ns) (grouped into DSP with root node add_ln2719_17)   --->   "%sext_ln1623_49 = sext i32 %product_q20_143" [H:/subband_ref_q610_opt_stage4_latency_stepL2.cpp:1623->H:/subband_ref_q610_opt_stage4_latency_stepL2.cpp:2719->H:/subband_ref_q610_opt_stage4_latency_stepL2.cpp:2746]   --->   Operation 650 'sext' 'sext_ln1623_49' <Predicate = true> <Delay = 0.00>
ST_4 : Operation 651 [1/1] (0.00ns)   --->   "%rend599 = specregionend i32 @_ssdm_op_SpecRegionEnd, void @empty_85, i32 %rbegin50" [H:/subband_ref_q610_opt_stage4_latency_stepL2.cpp:1625->H:/subband_ref_q610_opt_stage4_latency_stepL2.cpp:2719->H:/subband_ref_q610_opt_stage4_latency_stepL2.cpp:2746]   --->   Operation 651 'specregionend' 'rend599' <Predicate = true> <Delay = 0.00>
ST_4 : Operation 652 [1/1] (3.02ns) (root node of the DSP)   --->   "%add_ln2719_17 = add i34 %sext_ln1623_49, i34 %p_load254" [H:/subband_ref_q610_opt_stage4_latency_stepL2.cpp:2719->H:/subband_ref_q610_opt_stage4_latency_stepL2.cpp:2746]   --->   Operation 652 'add' 'add_ln2719_17' <Predicate = true> <Delay = 3.02> <CoreInst = "DSP48">   --->   Core 119 'DSP48' <Latency = 2> <II = 1> <Delay = 3.88> <IPBlock> <Opcode : '' 'add' 'sub' 'mul' 'select'> <InPorts = 0> <OutPorts = 1> <Sync> <CReg>
ST_4 : Operation 653 [1/1] (0.00ns)   --->   "%rbegin51 = specregionbegin i32 @_ssdm_op_SpecRegionBegin, void @empty_84" [H:/subband_ref_q610_opt_stage4_latency_stepL2.cpp:1623->H:/subband_ref_q610_opt_stage4_latency_stepL2.cpp:2719->H:/subband_ref_q610_opt_stage4_latency_stepL2.cpp:2746]   --->   Operation 653 'specregionbegin' 'rbegin51' <Predicate = true> <Delay = 0.00>
ST_4 : Operation 654 [1/3] (0.00ns) (grouped into DSP with root node add_ln2719_18)   --->   "%product_q20_144 = mul i32 %sext_ln1625_102, i32 %sext_ln1625_101" [H:/subband_ref_q610_opt_stage4_latency_stepL2.cpp:1625->H:/subband_ref_q610_opt_stage4_latency_stepL2.cpp:2719->H:/subband_ref_q610_opt_stage4_latency_stepL2.cpp:2746]   --->   Operation 654 'mul' 'product_q20_144' <Predicate = true> <Delay = 0.00> <CoreInst = "DSP48">   --->   Core 119 'DSP48' <Latency = 2> <II = 1> <Delay = 3.88> <IPBlock> <Opcode : '' 'add' 'sub' 'mul' 'select'> <InPorts = 0> <OutPorts = 1> <Sync> <CReg>
ST_4 : Operation 655 [1/1] (0.00ns)   --->   "%specfucore_ln1624 = specfucore void @_ssdm_op_SpecFUCore, i32 %product_q20_144, i64 12, i64 3, i64 2" [H:/subband_ref_q610_opt_stage4_latency_stepL2.cpp:1624->H:/subband_ref_q610_opt_stage4_latency_stepL2.cpp:2719->H:/subband_ref_q610_opt_stage4_latency_stepL2.cpp:2746]   --->   Operation 655 'specfucore' 'specfucore_ln1624' <Predicate = true> <Delay = 0.00>
ST_4 : Operation 656 [1/1] (0.00ns) (grouped into DSP with root node add_ln2719_18)   --->   "%sext_ln1623_50 = sext i32 %product_q20_144" [H:/subband_ref_q610_opt_stage4_latency_stepL2.cpp:1623->H:/subband_ref_q610_opt_stage4_latency_stepL2.cpp:2719->H:/subband_ref_q610_opt_stage4_latency_stepL2.cpp:2746]   --->   Operation 656 'sext' 'sext_ln1623_50' <Predicate = true> <Delay = 0.00>
ST_4 : Operation 657 [1/1] (0.00ns)   --->   "%rend597 = specregionend i32 @_ssdm_op_SpecRegionEnd, void @empty_84, i32 %rbegin51" [H:/subband_ref_q610_opt_stage4_latency_stepL2.cpp:1625->H:/subband_ref_q610_opt_stage4_latency_stepL2.cpp:2719->H:/subband_ref_q610_opt_stage4_latency_stepL2.cpp:2746]   --->   Operation 657 'specregionend' 'rend597' <Predicate = true> <Delay = 0.00>
ST_4 : Operation 658 [1/1] (3.02ns) (root node of the DSP)   --->   "%add_ln2719_18 = add i34 %sext_ln1623_50, i34 %p_load252" [H:/subband_ref_q610_opt_stage4_latency_stepL2.cpp:2719->H:/subband_ref_q610_opt_stage4_latency_stepL2.cpp:2746]   --->   Operation 658 'add' 'add_ln2719_18' <Predicate = true> <Delay = 3.02> <CoreInst = "DSP48">   --->   Core 119 'DSP48' <Latency = 2> <II = 1> <Delay = 3.88> <IPBlock> <Opcode : '' 'add' 'sub' 'mul' 'select'> <InPorts = 0> <OutPorts = 1> <Sync> <CReg>
ST_4 : Operation 659 [1/1] (0.00ns)   --->   "%rbegin52 = specregionbegin i32 @_ssdm_op_SpecRegionBegin, void @empty_83" [H:/subband_ref_q610_opt_stage4_latency_stepL2.cpp:1623->H:/subband_ref_q610_opt_stage4_latency_stepL2.cpp:2719->H:/subband_ref_q610_opt_stage4_latency_stepL2.cpp:2746]   --->   Operation 659 'specregionbegin' 'rbegin52' <Predicate = true> <Delay = 0.00>
ST_4 : Operation 660 [1/3] (0.00ns) (grouped into DSP with root node add_ln2719_19)   --->   "%product_q20_145 = mul i32 %sext_ln1625_104, i32 %sext_ln1625_103" [H:/subband_ref_q610_opt_stage4_latency_stepL2.cpp:1625->H:/subband_ref_q610_opt_stage4_latency_stepL2.cpp:2719->H:/subband_ref_q610_opt_stage4_latency_stepL2.cpp:2746]   --->   Operation 660 'mul' 'product_q20_145' <Predicate = true> <Delay = 0.00> <CoreInst = "DSP48">   --->   Core 119 'DSP48' <Latency = 2> <II = 1> <Delay = 3.88> <IPBlock> <Opcode : '' 'add' 'sub' 'mul' 'select'> <InPorts = 0> <OutPorts = 1> <Sync> <CReg>
ST_4 : Operation 661 [1/1] (0.00ns)   --->   "%specfucore_ln1624 = specfucore void @_ssdm_op_SpecFUCore, i32 %product_q20_145, i64 12, i64 3, i64 2" [H:/subband_ref_q610_opt_stage4_latency_stepL2.cpp:1624->H:/subband_ref_q610_opt_stage4_latency_stepL2.cpp:2719->H:/subband_ref_q610_opt_stage4_latency_stepL2.cpp:2746]   --->   Operation 661 'specfucore' 'specfucore_ln1624' <Predicate = true> <Delay = 0.00>
ST_4 : Operation 662 [1/1] (0.00ns) (grouped into DSP with root node add_ln2719_19)   --->   "%sext_ln1623_51 = sext i32 %product_q20_145" [H:/subband_ref_q610_opt_stage4_latency_stepL2.cpp:1623->H:/subband_ref_q610_opt_stage4_latency_stepL2.cpp:2719->H:/subband_ref_q610_opt_stage4_latency_stepL2.cpp:2746]   --->   Operation 662 'sext' 'sext_ln1623_51' <Predicate = true> <Delay = 0.00>
ST_4 : Operation 663 [1/1] (0.00ns)   --->   "%rend595 = specregionend i32 @_ssdm_op_SpecRegionEnd, void @empty_83, i32 %rbegin52" [H:/subband_ref_q610_opt_stage4_latency_stepL2.cpp:1625->H:/subband_ref_q610_opt_stage4_latency_stepL2.cpp:2719->H:/subband_ref_q610_opt_stage4_latency_stepL2.cpp:2746]   --->   Operation 663 'specregionend' 'rend595' <Predicate = true> <Delay = 0.00>
ST_4 : Operation 664 [1/1] (3.02ns) (root node of the DSP)   --->   "%add_ln2719_19 = add i34 %sext_ln1623_51, i34 %p_load250" [H:/subband_ref_q610_opt_stage4_latency_stepL2.cpp:2719->H:/subband_ref_q610_opt_stage4_latency_stepL2.cpp:2746]   --->   Operation 664 'add' 'add_ln2719_19' <Predicate = true> <Delay = 3.02> <CoreInst = "DSP48">   --->   Core 119 'DSP48' <Latency = 2> <II = 1> <Delay = 3.88> <IPBlock> <Opcode : '' 'add' 'sub' 'mul' 'select'> <InPorts = 0> <OutPorts = 1> <Sync> <CReg>
ST_4 : Operation 665 [1/1] (0.00ns)   --->   "%rbegin53 = specregionbegin i32 @_ssdm_op_SpecRegionBegin, void @empty_82" [H:/subband_ref_q610_opt_stage4_latency_stepL2.cpp:1623->H:/subband_ref_q610_opt_stage4_latency_stepL2.cpp:2719->H:/subband_ref_q610_opt_stage4_latency_stepL2.cpp:2746]   --->   Operation 665 'specregionbegin' 'rbegin53' <Predicate = true> <Delay = 0.00>
ST_4 : Operation 666 [1/3] (0.00ns) (grouped into DSP with root node add_ln2719_20)   --->   "%product_q20_146 = mul i32 %sext_ln1625_106, i32 %sext_ln1625_105" [H:/subband_ref_q610_opt_stage4_latency_stepL2.cpp:1625->H:/subband_ref_q610_opt_stage4_latency_stepL2.cpp:2719->H:/subband_ref_q610_opt_stage4_latency_stepL2.cpp:2746]   --->   Operation 666 'mul' 'product_q20_146' <Predicate = true> <Delay = 0.00> <CoreInst = "DSP48">   --->   Core 119 'DSP48' <Latency = 2> <II = 1> <Delay = 3.88> <IPBlock> <Opcode : '' 'add' 'sub' 'mul' 'select'> <InPorts = 0> <OutPorts = 1> <Sync> <CReg>
ST_4 : Operation 667 [1/1] (0.00ns)   --->   "%specfucore_ln1624 = specfucore void @_ssdm_op_SpecFUCore, i32 %product_q20_146, i64 12, i64 3, i64 2" [H:/subband_ref_q610_opt_stage4_latency_stepL2.cpp:1624->H:/subband_ref_q610_opt_stage4_latency_stepL2.cpp:2719->H:/subband_ref_q610_opt_stage4_latency_stepL2.cpp:2746]   --->   Operation 667 'specfucore' 'specfucore_ln1624' <Predicate = true> <Delay = 0.00>
ST_4 : Operation 668 [1/1] (0.00ns) (grouped into DSP with root node add_ln2719_20)   --->   "%sext_ln1623_52 = sext i32 %product_q20_146" [H:/subband_ref_q610_opt_stage4_latency_stepL2.cpp:1623->H:/subband_ref_q610_opt_stage4_latency_stepL2.cpp:2719->H:/subband_ref_q610_opt_stage4_latency_stepL2.cpp:2746]   --->   Operation 668 'sext' 'sext_ln1623_52' <Predicate = true> <Delay = 0.00>
ST_4 : Operation 669 [1/1] (0.00ns)   --->   "%rend593 = specregionend i32 @_ssdm_op_SpecRegionEnd, void @empty_82, i32 %rbegin53" [H:/subband_ref_q610_opt_stage4_latency_stepL2.cpp:1625->H:/subband_ref_q610_opt_stage4_latency_stepL2.cpp:2719->H:/subband_ref_q610_opt_stage4_latency_stepL2.cpp:2746]   --->   Operation 669 'specregionend' 'rend593' <Predicate = true> <Delay = 0.00>
ST_4 : Operation 670 [1/1] (3.02ns) (root node of the DSP)   --->   "%add_ln2719_20 = add i34 %sext_ln1623_52, i34 %p_load248" [H:/subband_ref_q610_opt_stage4_latency_stepL2.cpp:2719->H:/subband_ref_q610_opt_stage4_latency_stepL2.cpp:2746]   --->   Operation 670 'add' 'add_ln2719_20' <Predicate = true> <Delay = 3.02> <CoreInst = "DSP48">   --->   Core 119 'DSP48' <Latency = 2> <II = 1> <Delay = 3.88> <IPBlock> <Opcode : '' 'add' 'sub' 'mul' 'select'> <InPorts = 0> <OutPorts = 1> <Sync> <CReg>
ST_4 : Operation 671 [1/1] (0.00ns)   --->   "%rbegin54 = specregionbegin i32 @_ssdm_op_SpecRegionBegin, void @empty_80" [H:/subband_ref_q610_opt_stage4_latency_stepL2.cpp:1623->H:/subband_ref_q610_opt_stage4_latency_stepL2.cpp:2719->H:/subband_ref_q610_opt_stage4_latency_stepL2.cpp:2746]   --->   Operation 671 'specregionbegin' 'rbegin54' <Predicate = true> <Delay = 0.00>
ST_4 : Operation 672 [1/3] (0.00ns) (grouped into DSP with root node add_ln2719_21)   --->   "%product_q20_147 = mul i32 %sext_ln1625_108, i32 %sext_ln1625_107" [H:/subband_ref_q610_opt_stage4_latency_stepL2.cpp:1625->H:/subband_ref_q610_opt_stage4_latency_stepL2.cpp:2719->H:/subband_ref_q610_opt_stage4_latency_stepL2.cpp:2746]   --->   Operation 672 'mul' 'product_q20_147' <Predicate = true> <Delay = 0.00> <CoreInst = "DSP48">   --->   Core 119 'DSP48' <Latency = 2> <II = 1> <Delay = 3.88> <IPBlock> <Opcode : '' 'add' 'sub' 'mul' 'select'> <InPorts = 0> <OutPorts = 1> <Sync> <CReg>
ST_4 : Operation 673 [1/1] (0.00ns)   --->   "%specfucore_ln1624 = specfucore void @_ssdm_op_SpecFUCore, i32 %product_q20_147, i64 12, i64 3, i64 2" [H:/subband_ref_q610_opt_stage4_latency_stepL2.cpp:1624->H:/subband_ref_q610_opt_stage4_latency_stepL2.cpp:2719->H:/subband_ref_q610_opt_stage4_latency_stepL2.cpp:2746]   --->   Operation 673 'specfucore' 'specfucore_ln1624' <Predicate = true> <Delay = 0.00>
ST_4 : Operation 674 [1/1] (0.00ns) (grouped into DSP with root node add_ln2719_21)   --->   "%sext_ln1623_53 = sext i32 %product_q20_147" [H:/subband_ref_q610_opt_stage4_latency_stepL2.cpp:1623->H:/subband_ref_q610_opt_stage4_latency_stepL2.cpp:2719->H:/subband_ref_q610_opt_stage4_latency_stepL2.cpp:2746]   --->   Operation 674 'sext' 'sext_ln1623_53' <Predicate = true> <Delay = 0.00>
ST_4 : Operation 675 [1/1] (0.00ns)   --->   "%rend591 = specregionend i32 @_ssdm_op_SpecRegionEnd, void @empty_80, i32 %rbegin54" [H:/subband_ref_q610_opt_stage4_latency_stepL2.cpp:1625->H:/subband_ref_q610_opt_stage4_latency_stepL2.cpp:2719->H:/subband_ref_q610_opt_stage4_latency_stepL2.cpp:2746]   --->   Operation 675 'specregionend' 'rend591' <Predicate = true> <Delay = 0.00>
ST_4 : Operation 676 [1/1] (3.02ns) (root node of the DSP)   --->   "%add_ln2719_21 = add i34 %sext_ln1623_53, i34 %p_load246" [H:/subband_ref_q610_opt_stage4_latency_stepL2.cpp:2719->H:/subband_ref_q610_opt_stage4_latency_stepL2.cpp:2746]   --->   Operation 676 'add' 'add_ln2719_21' <Predicate = true> <Delay = 3.02> <CoreInst = "DSP48">   --->   Core 119 'DSP48' <Latency = 2> <II = 1> <Delay = 3.88> <IPBlock> <Opcode : '' 'add' 'sub' 'mul' 'select'> <InPorts = 0> <OutPorts = 1> <Sync> <CReg>
ST_4 : Operation 677 [1/1] (0.00ns)   --->   "%rbegin55 = specregionbegin i32 @_ssdm_op_SpecRegionBegin, void @empty_81" [H:/subband_ref_q610_opt_stage4_latency_stepL2.cpp:1623->H:/subband_ref_q610_opt_stage4_latency_stepL2.cpp:2719->H:/subband_ref_q610_opt_stage4_latency_stepL2.cpp:2746]   --->   Operation 677 'specregionbegin' 'rbegin55' <Predicate = true> <Delay = 0.00>
ST_4 : Operation 678 [1/3] (0.00ns) (grouped into DSP with root node add_ln2719_22)   --->   "%product_q20_148 = mul i32 %sext_ln1625_110, i32 %sext_ln1625_109" [H:/subband_ref_q610_opt_stage4_latency_stepL2.cpp:1625->H:/subband_ref_q610_opt_stage4_latency_stepL2.cpp:2719->H:/subband_ref_q610_opt_stage4_latency_stepL2.cpp:2746]   --->   Operation 678 'mul' 'product_q20_148' <Predicate = true> <Delay = 0.00> <CoreInst = "DSP48">   --->   Core 119 'DSP48' <Latency = 2> <II = 1> <Delay = 3.88> <IPBlock> <Opcode : '' 'add' 'sub' 'mul' 'select'> <InPorts = 0> <OutPorts = 1> <Sync> <CReg>
ST_4 : Operation 679 [1/1] (0.00ns)   --->   "%specfucore_ln1624 = specfucore void @_ssdm_op_SpecFUCore, i32 %product_q20_148, i64 12, i64 3, i64 2" [H:/subband_ref_q610_opt_stage4_latency_stepL2.cpp:1624->H:/subband_ref_q610_opt_stage4_latency_stepL2.cpp:2719->H:/subband_ref_q610_opt_stage4_latency_stepL2.cpp:2746]   --->   Operation 679 'specfucore' 'specfucore_ln1624' <Predicate = true> <Delay = 0.00>
ST_4 : Operation 680 [1/1] (0.00ns) (grouped into DSP with root node add_ln2719_22)   --->   "%sext_ln1623_54 = sext i32 %product_q20_148" [H:/subband_ref_q610_opt_stage4_latency_stepL2.cpp:1623->H:/subband_ref_q610_opt_stage4_latency_stepL2.cpp:2719->H:/subband_ref_q610_opt_stage4_latency_stepL2.cpp:2746]   --->   Operation 680 'sext' 'sext_ln1623_54' <Predicate = true> <Delay = 0.00>
ST_4 : Operation 681 [1/1] (0.00ns)   --->   "%rend589 = specregionend i32 @_ssdm_op_SpecRegionEnd, void @empty_81, i32 %rbegin55" [H:/subband_ref_q610_opt_stage4_latency_stepL2.cpp:1625->H:/subband_ref_q610_opt_stage4_latency_stepL2.cpp:2719->H:/subband_ref_q610_opt_stage4_latency_stepL2.cpp:2746]   --->   Operation 681 'specregionend' 'rend589' <Predicate = true> <Delay = 0.00>
ST_4 : Operation 682 [1/1] (3.02ns) (root node of the DSP)   --->   "%add_ln2719_22 = add i34 %sext_ln1623_54, i34 %p_load244" [H:/subband_ref_q610_opt_stage4_latency_stepL2.cpp:2719->H:/subband_ref_q610_opt_stage4_latency_stepL2.cpp:2746]   --->   Operation 682 'add' 'add_ln2719_22' <Predicate = true> <Delay = 3.02> <CoreInst = "DSP48">   --->   Core 119 'DSP48' <Latency = 2> <II = 1> <Delay = 3.88> <IPBlock> <Opcode : '' 'add' 'sub' 'mul' 'select'> <InPorts = 0> <OutPorts = 1> <Sync> <CReg>
ST_4 : Operation 683 [1/1] (0.00ns)   --->   "%rbegin56 = specregionbegin i32 @_ssdm_op_SpecRegionBegin, void @empty_79" [H:/subband_ref_q610_opt_stage4_latency_stepL2.cpp:1623->H:/subband_ref_q610_opt_stage4_latency_stepL2.cpp:2719->H:/subband_ref_q610_opt_stage4_latency_stepL2.cpp:2746]   --->   Operation 683 'specregionbegin' 'rbegin56' <Predicate = true> <Delay = 0.00>
ST_4 : Operation 684 [1/3] (0.00ns) (grouped into DSP with root node add_ln2719_23)   --->   "%product_q20_149 = mul i32 %sext_ln1625_112, i32 %sext_ln1625_111" [H:/subband_ref_q610_opt_stage4_latency_stepL2.cpp:1625->H:/subband_ref_q610_opt_stage4_latency_stepL2.cpp:2719->H:/subband_ref_q610_opt_stage4_latency_stepL2.cpp:2746]   --->   Operation 684 'mul' 'product_q20_149' <Predicate = true> <Delay = 0.00> <CoreInst = "DSP48">   --->   Core 119 'DSP48' <Latency = 2> <II = 1> <Delay = 3.88> <IPBlock> <Opcode : '' 'add' 'sub' 'mul' 'select'> <InPorts = 0> <OutPorts = 1> <Sync> <CReg>
ST_4 : Operation 685 [1/1] (0.00ns)   --->   "%specfucore_ln1624 = specfucore void @_ssdm_op_SpecFUCore, i32 %product_q20_149, i64 12, i64 3, i64 2" [H:/subband_ref_q610_opt_stage4_latency_stepL2.cpp:1624->H:/subband_ref_q610_opt_stage4_latency_stepL2.cpp:2719->H:/subband_ref_q610_opt_stage4_latency_stepL2.cpp:2746]   --->   Operation 685 'specfucore' 'specfucore_ln1624' <Predicate = true> <Delay = 0.00>
ST_4 : Operation 686 [1/1] (0.00ns) (grouped into DSP with root node add_ln2719_23)   --->   "%sext_ln1623_55 = sext i32 %product_q20_149" [H:/subband_ref_q610_opt_stage4_latency_stepL2.cpp:1623->H:/subband_ref_q610_opt_stage4_latency_stepL2.cpp:2719->H:/subband_ref_q610_opt_stage4_latency_stepL2.cpp:2746]   --->   Operation 686 'sext' 'sext_ln1623_55' <Predicate = true> <Delay = 0.00>
ST_4 : Operation 687 [1/1] (0.00ns)   --->   "%rend587 = specregionend i32 @_ssdm_op_SpecRegionEnd, void @empty_79, i32 %rbegin56" [H:/subband_ref_q610_opt_stage4_latency_stepL2.cpp:1625->H:/subband_ref_q610_opt_stage4_latency_stepL2.cpp:2719->H:/subband_ref_q610_opt_stage4_latency_stepL2.cpp:2746]   --->   Operation 687 'specregionend' 'rend587' <Predicate = true> <Delay = 0.00>
ST_4 : Operation 688 [1/1] (3.02ns) (root node of the DSP)   --->   "%add_ln2719_23 = add i34 %sext_ln1623_55, i34 %p_load242" [H:/subband_ref_q610_opt_stage4_latency_stepL2.cpp:2719->H:/subband_ref_q610_opt_stage4_latency_stepL2.cpp:2746]   --->   Operation 688 'add' 'add_ln2719_23' <Predicate = true> <Delay = 3.02> <CoreInst = "DSP48">   --->   Core 119 'DSP48' <Latency = 2> <II = 1> <Delay = 3.88> <IPBlock> <Opcode : '' 'add' 'sub' 'mul' 'select'> <InPorts = 0> <OutPorts = 1> <Sync> <CReg>
ST_4 : Operation 689 [1/1] (0.00ns)   --->   "%rbegin57 = specregionbegin i32 @_ssdm_op_SpecRegionBegin, void @empty_78" [H:/subband_ref_q610_opt_stage4_latency_stepL2.cpp:1623->H:/subband_ref_q610_opt_stage4_latency_stepL2.cpp:2719->H:/subband_ref_q610_opt_stage4_latency_stepL2.cpp:2746]   --->   Operation 689 'specregionbegin' 'rbegin57' <Predicate = true> <Delay = 0.00>
ST_4 : Operation 690 [1/3] (0.00ns) (grouped into DSP with root node add_ln2719_24)   --->   "%product_q20_150 = mul i32 %sext_ln1625_114, i32 %sext_ln1625_113" [H:/subband_ref_q610_opt_stage4_latency_stepL2.cpp:1625->H:/subband_ref_q610_opt_stage4_latency_stepL2.cpp:2719->H:/subband_ref_q610_opt_stage4_latency_stepL2.cpp:2746]   --->   Operation 690 'mul' 'product_q20_150' <Predicate = true> <Delay = 0.00> <CoreInst = "DSP48">   --->   Core 119 'DSP48' <Latency = 2> <II = 1> <Delay = 3.88> <IPBlock> <Opcode : '' 'add' 'sub' 'mul' 'select'> <InPorts = 0> <OutPorts = 1> <Sync> <CReg>
ST_4 : Operation 691 [1/1] (0.00ns)   --->   "%specfucore_ln1624 = specfucore void @_ssdm_op_SpecFUCore, i32 %product_q20_150, i64 12, i64 3, i64 2" [H:/subband_ref_q610_opt_stage4_latency_stepL2.cpp:1624->H:/subband_ref_q610_opt_stage4_latency_stepL2.cpp:2719->H:/subband_ref_q610_opt_stage4_latency_stepL2.cpp:2746]   --->   Operation 691 'specfucore' 'specfucore_ln1624' <Predicate = true> <Delay = 0.00>
ST_4 : Operation 692 [1/1] (0.00ns) (grouped into DSP with root node add_ln2719_24)   --->   "%sext_ln1623_56 = sext i32 %product_q20_150" [H:/subband_ref_q610_opt_stage4_latency_stepL2.cpp:1623->H:/subband_ref_q610_opt_stage4_latency_stepL2.cpp:2719->H:/subband_ref_q610_opt_stage4_latency_stepL2.cpp:2746]   --->   Operation 692 'sext' 'sext_ln1623_56' <Predicate = true> <Delay = 0.00>
ST_4 : Operation 693 [1/1] (0.00ns)   --->   "%rend585 = specregionend i32 @_ssdm_op_SpecRegionEnd, void @empty_78, i32 %rbegin57" [H:/subband_ref_q610_opt_stage4_latency_stepL2.cpp:1625->H:/subband_ref_q610_opt_stage4_latency_stepL2.cpp:2719->H:/subband_ref_q610_opt_stage4_latency_stepL2.cpp:2746]   --->   Operation 693 'specregionend' 'rend585' <Predicate = true> <Delay = 0.00>
ST_4 : Operation 694 [1/1] (3.02ns) (root node of the DSP)   --->   "%add_ln2719_24 = add i34 %sext_ln1623_56, i34 %p_load240" [H:/subband_ref_q610_opt_stage4_latency_stepL2.cpp:2719->H:/subband_ref_q610_opt_stage4_latency_stepL2.cpp:2746]   --->   Operation 694 'add' 'add_ln2719_24' <Predicate = true> <Delay = 3.02> <CoreInst = "DSP48">   --->   Core 119 'DSP48' <Latency = 2> <II = 1> <Delay = 3.88> <IPBlock> <Opcode : '' 'add' 'sub' 'mul' 'select'> <InPorts = 0> <OutPorts = 1> <Sync> <CReg>
ST_4 : Operation 695 [1/1] (0.00ns)   --->   "%rbegin58 = specregionbegin i32 @_ssdm_op_SpecRegionBegin, void @empty_77" [H:/subband_ref_q610_opt_stage4_latency_stepL2.cpp:1623->H:/subband_ref_q610_opt_stage4_latency_stepL2.cpp:2719->H:/subband_ref_q610_opt_stage4_latency_stepL2.cpp:2746]   --->   Operation 695 'specregionbegin' 'rbegin58' <Predicate = true> <Delay = 0.00>
ST_4 : Operation 696 [1/3] (0.00ns) (grouped into DSP with root node add_ln2719_25)   --->   "%product_q20_151 = mul i32 %sext_ln1625_116, i32 %sext_ln1625_115" [H:/subband_ref_q610_opt_stage4_latency_stepL2.cpp:1625->H:/subband_ref_q610_opt_stage4_latency_stepL2.cpp:2719->H:/subband_ref_q610_opt_stage4_latency_stepL2.cpp:2746]   --->   Operation 696 'mul' 'product_q20_151' <Predicate = true> <Delay = 0.00> <CoreInst = "DSP48">   --->   Core 119 'DSP48' <Latency = 2> <II = 1> <Delay = 3.88> <IPBlock> <Opcode : '' 'add' 'sub' 'mul' 'select'> <InPorts = 0> <OutPorts = 1> <Sync> <CReg>
ST_4 : Operation 697 [1/1] (0.00ns)   --->   "%specfucore_ln1624 = specfucore void @_ssdm_op_SpecFUCore, i32 %product_q20_151, i64 12, i64 3, i64 2" [H:/subband_ref_q610_opt_stage4_latency_stepL2.cpp:1624->H:/subband_ref_q610_opt_stage4_latency_stepL2.cpp:2719->H:/subband_ref_q610_opt_stage4_latency_stepL2.cpp:2746]   --->   Operation 697 'specfucore' 'specfucore_ln1624' <Predicate = true> <Delay = 0.00>
ST_4 : Operation 698 [1/1] (0.00ns) (grouped into DSP with root node add_ln2719_25)   --->   "%sext_ln1623_57 = sext i32 %product_q20_151" [H:/subband_ref_q610_opt_stage4_latency_stepL2.cpp:1623->H:/subband_ref_q610_opt_stage4_latency_stepL2.cpp:2719->H:/subband_ref_q610_opt_stage4_latency_stepL2.cpp:2746]   --->   Operation 698 'sext' 'sext_ln1623_57' <Predicate = true> <Delay = 0.00>
ST_4 : Operation 699 [1/1] (0.00ns)   --->   "%rend583 = specregionend i32 @_ssdm_op_SpecRegionEnd, void @empty_77, i32 %rbegin58" [H:/subband_ref_q610_opt_stage4_latency_stepL2.cpp:1625->H:/subband_ref_q610_opt_stage4_latency_stepL2.cpp:2719->H:/subband_ref_q610_opt_stage4_latency_stepL2.cpp:2746]   --->   Operation 699 'specregionend' 'rend583' <Predicate = true> <Delay = 0.00>
ST_4 : Operation 700 [1/1] (3.02ns) (root node of the DSP)   --->   "%add_ln2719_25 = add i34 %sext_ln1623_57, i34 %p_load238" [H:/subband_ref_q610_opt_stage4_latency_stepL2.cpp:2719->H:/subband_ref_q610_opt_stage4_latency_stepL2.cpp:2746]   --->   Operation 700 'add' 'add_ln2719_25' <Predicate = true> <Delay = 3.02> <CoreInst = "DSP48">   --->   Core 119 'DSP48' <Latency = 2> <II = 1> <Delay = 3.88> <IPBlock> <Opcode : '' 'add' 'sub' 'mul' 'select'> <InPorts = 0> <OutPorts = 1> <Sync> <CReg>
ST_4 : Operation 701 [1/1] (0.00ns)   --->   "%rbegin59 = specregionbegin i32 @_ssdm_op_SpecRegionBegin, void @empty_76" [H:/subband_ref_q610_opt_stage4_latency_stepL2.cpp:1623->H:/subband_ref_q610_opt_stage4_latency_stepL2.cpp:2719->H:/subband_ref_q610_opt_stage4_latency_stepL2.cpp:2746]   --->   Operation 701 'specregionbegin' 'rbegin59' <Predicate = true> <Delay = 0.00>
ST_4 : Operation 702 [1/3] (0.00ns) (grouped into DSP with root node add_ln2719_26)   --->   "%product_q20_152 = mul i32 %sext_ln1625_118, i32 %sext_ln1625_117" [H:/subband_ref_q610_opt_stage4_latency_stepL2.cpp:1625->H:/subband_ref_q610_opt_stage4_latency_stepL2.cpp:2719->H:/subband_ref_q610_opt_stage4_latency_stepL2.cpp:2746]   --->   Operation 702 'mul' 'product_q20_152' <Predicate = true> <Delay = 0.00> <CoreInst = "DSP48">   --->   Core 119 'DSP48' <Latency = 2> <II = 1> <Delay = 3.88> <IPBlock> <Opcode : '' 'add' 'sub' 'mul' 'select'> <InPorts = 0> <OutPorts = 1> <Sync> <CReg>
ST_4 : Operation 703 [1/1] (0.00ns)   --->   "%specfucore_ln1624 = specfucore void @_ssdm_op_SpecFUCore, i32 %product_q20_152, i64 12, i64 3, i64 2" [H:/subband_ref_q610_opt_stage4_latency_stepL2.cpp:1624->H:/subband_ref_q610_opt_stage4_latency_stepL2.cpp:2719->H:/subband_ref_q610_opt_stage4_latency_stepL2.cpp:2746]   --->   Operation 703 'specfucore' 'specfucore_ln1624' <Predicate = true> <Delay = 0.00>
ST_4 : Operation 704 [1/1] (0.00ns) (grouped into DSP with root node add_ln2719_26)   --->   "%sext_ln1623_58 = sext i32 %product_q20_152" [H:/subband_ref_q610_opt_stage4_latency_stepL2.cpp:1623->H:/subband_ref_q610_opt_stage4_latency_stepL2.cpp:2719->H:/subband_ref_q610_opt_stage4_latency_stepL2.cpp:2746]   --->   Operation 704 'sext' 'sext_ln1623_58' <Predicate = true> <Delay = 0.00>
ST_4 : Operation 705 [1/1] (0.00ns)   --->   "%rend581 = specregionend i32 @_ssdm_op_SpecRegionEnd, void @empty_76, i32 %rbegin59" [H:/subband_ref_q610_opt_stage4_latency_stepL2.cpp:1625->H:/subband_ref_q610_opt_stage4_latency_stepL2.cpp:2719->H:/subband_ref_q610_opt_stage4_latency_stepL2.cpp:2746]   --->   Operation 705 'specregionend' 'rend581' <Predicate = true> <Delay = 0.00>
ST_4 : Operation 706 [1/1] (3.02ns) (root node of the DSP)   --->   "%add_ln2719_26 = add i34 %sext_ln1623_58, i34 %p_load236" [H:/subband_ref_q610_opt_stage4_latency_stepL2.cpp:2719->H:/subband_ref_q610_opt_stage4_latency_stepL2.cpp:2746]   --->   Operation 706 'add' 'add_ln2719_26' <Predicate = true> <Delay = 3.02> <CoreInst = "DSP48">   --->   Core 119 'DSP48' <Latency = 2> <II = 1> <Delay = 3.88> <IPBlock> <Opcode : '' 'add' 'sub' 'mul' 'select'> <InPorts = 0> <OutPorts = 1> <Sync> <CReg>
ST_4 : Operation 707 [1/1] (0.00ns)   --->   "%rbegin60 = specregionbegin i32 @_ssdm_op_SpecRegionBegin, void @empty_75" [H:/subband_ref_q610_opt_stage4_latency_stepL2.cpp:1623->H:/subband_ref_q610_opt_stage4_latency_stepL2.cpp:2719->H:/subband_ref_q610_opt_stage4_latency_stepL2.cpp:2746]   --->   Operation 707 'specregionbegin' 'rbegin60' <Predicate = true> <Delay = 0.00>
ST_4 : Operation 708 [1/3] (0.00ns) (grouped into DSP with root node add_ln2719_27)   --->   "%product_q20_153 = mul i32 %sext_ln1625_120, i32 %sext_ln1625_119" [H:/subband_ref_q610_opt_stage4_latency_stepL2.cpp:1625->H:/subband_ref_q610_opt_stage4_latency_stepL2.cpp:2719->H:/subband_ref_q610_opt_stage4_latency_stepL2.cpp:2746]   --->   Operation 708 'mul' 'product_q20_153' <Predicate = true> <Delay = 0.00> <CoreInst = "DSP48">   --->   Core 119 'DSP48' <Latency = 2> <II = 1> <Delay = 3.88> <IPBlock> <Opcode : '' 'add' 'sub' 'mul' 'select'> <InPorts = 0> <OutPorts = 1> <Sync> <CReg>
ST_4 : Operation 709 [1/1] (0.00ns)   --->   "%specfucore_ln1624 = specfucore void @_ssdm_op_SpecFUCore, i32 %product_q20_153, i64 12, i64 3, i64 2" [H:/subband_ref_q610_opt_stage4_latency_stepL2.cpp:1624->H:/subband_ref_q610_opt_stage4_latency_stepL2.cpp:2719->H:/subband_ref_q610_opt_stage4_latency_stepL2.cpp:2746]   --->   Operation 709 'specfucore' 'specfucore_ln1624' <Predicate = true> <Delay = 0.00>
ST_4 : Operation 710 [1/1] (0.00ns) (grouped into DSP with root node add_ln2719_27)   --->   "%sext_ln1623_59 = sext i32 %product_q20_153" [H:/subband_ref_q610_opt_stage4_latency_stepL2.cpp:1623->H:/subband_ref_q610_opt_stage4_latency_stepL2.cpp:2719->H:/subband_ref_q610_opt_stage4_latency_stepL2.cpp:2746]   --->   Operation 710 'sext' 'sext_ln1623_59' <Predicate = true> <Delay = 0.00>
ST_4 : Operation 711 [1/1] (0.00ns)   --->   "%rend579 = specregionend i32 @_ssdm_op_SpecRegionEnd, void @empty_75, i32 %rbegin60" [H:/subband_ref_q610_opt_stage4_latency_stepL2.cpp:1625->H:/subband_ref_q610_opt_stage4_latency_stepL2.cpp:2719->H:/subband_ref_q610_opt_stage4_latency_stepL2.cpp:2746]   --->   Operation 711 'specregionend' 'rend579' <Predicate = true> <Delay = 0.00>
ST_4 : Operation 712 [1/1] (3.02ns) (root node of the DSP)   --->   "%add_ln2719_27 = add i34 %sext_ln1623_59, i34 %p_load234" [H:/subband_ref_q610_opt_stage4_latency_stepL2.cpp:2719->H:/subband_ref_q610_opt_stage4_latency_stepL2.cpp:2746]   --->   Operation 712 'add' 'add_ln2719_27' <Predicate = true> <Delay = 3.02> <CoreInst = "DSP48">   --->   Core 119 'DSP48' <Latency = 2> <II = 1> <Delay = 3.88> <IPBlock> <Opcode : '' 'add' 'sub' 'mul' 'select'> <InPorts = 0> <OutPorts = 1> <Sync> <CReg>
ST_4 : Operation 713 [1/1] (0.00ns)   --->   "%rbegin61 = specregionbegin i32 @_ssdm_op_SpecRegionBegin, void @empty_74" [H:/subband_ref_q610_opt_stage4_latency_stepL2.cpp:1623->H:/subband_ref_q610_opt_stage4_latency_stepL2.cpp:2719->H:/subband_ref_q610_opt_stage4_latency_stepL2.cpp:2746]   --->   Operation 713 'specregionbegin' 'rbegin61' <Predicate = true> <Delay = 0.00>
ST_4 : Operation 714 [1/3] (0.00ns) (grouped into DSP with root node add_ln2719_28)   --->   "%product_q20_154 = mul i32 %sext_ln1625_122, i32 %sext_ln1625_121" [H:/subband_ref_q610_opt_stage4_latency_stepL2.cpp:1625->H:/subband_ref_q610_opt_stage4_latency_stepL2.cpp:2719->H:/subband_ref_q610_opt_stage4_latency_stepL2.cpp:2746]   --->   Operation 714 'mul' 'product_q20_154' <Predicate = true> <Delay = 0.00> <CoreInst = "DSP48">   --->   Core 119 'DSP48' <Latency = 2> <II = 1> <Delay = 3.88> <IPBlock> <Opcode : '' 'add' 'sub' 'mul' 'select'> <InPorts = 0> <OutPorts = 1> <Sync> <CReg>
ST_4 : Operation 715 [1/1] (0.00ns)   --->   "%specfucore_ln1624 = specfucore void @_ssdm_op_SpecFUCore, i32 %product_q20_154, i64 12, i64 3, i64 2" [H:/subband_ref_q610_opt_stage4_latency_stepL2.cpp:1624->H:/subband_ref_q610_opt_stage4_latency_stepL2.cpp:2719->H:/subband_ref_q610_opt_stage4_latency_stepL2.cpp:2746]   --->   Operation 715 'specfucore' 'specfucore_ln1624' <Predicate = true> <Delay = 0.00>
ST_4 : Operation 716 [1/1] (0.00ns) (grouped into DSP with root node add_ln2719_28)   --->   "%sext_ln1623_60 = sext i32 %product_q20_154" [H:/subband_ref_q610_opt_stage4_latency_stepL2.cpp:1623->H:/subband_ref_q610_opt_stage4_latency_stepL2.cpp:2719->H:/subband_ref_q610_opt_stage4_latency_stepL2.cpp:2746]   --->   Operation 716 'sext' 'sext_ln1623_60' <Predicate = true> <Delay = 0.00>
ST_4 : Operation 717 [1/1] (0.00ns)   --->   "%rend577 = specregionend i32 @_ssdm_op_SpecRegionEnd, void @empty_74, i32 %rbegin61" [H:/subband_ref_q610_opt_stage4_latency_stepL2.cpp:1625->H:/subband_ref_q610_opt_stage4_latency_stepL2.cpp:2719->H:/subband_ref_q610_opt_stage4_latency_stepL2.cpp:2746]   --->   Operation 717 'specregionend' 'rend577' <Predicate = true> <Delay = 0.00>
ST_4 : Operation 718 [1/1] (3.02ns) (root node of the DSP)   --->   "%add_ln2719_28 = add i34 %sext_ln1623_60, i34 %p_load232" [H:/subband_ref_q610_opt_stage4_latency_stepL2.cpp:2719->H:/subband_ref_q610_opt_stage4_latency_stepL2.cpp:2746]   --->   Operation 718 'add' 'add_ln2719_28' <Predicate = true> <Delay = 3.02> <CoreInst = "DSP48">   --->   Core 119 'DSP48' <Latency = 2> <II = 1> <Delay = 3.88> <IPBlock> <Opcode : '' 'add' 'sub' 'mul' 'select'> <InPorts = 0> <OutPorts = 1> <Sync> <CReg>
ST_4 : Operation 719 [1/1] (0.00ns)   --->   "%rbegin62 = specregionbegin i32 @_ssdm_op_SpecRegionBegin, void @empty_73" [H:/subband_ref_q610_opt_stage4_latency_stepL2.cpp:1623->H:/subband_ref_q610_opt_stage4_latency_stepL2.cpp:2719->H:/subband_ref_q610_opt_stage4_latency_stepL2.cpp:2746]   --->   Operation 719 'specregionbegin' 'rbegin62' <Predicate = true> <Delay = 0.00>
ST_4 : Operation 720 [1/3] (0.00ns) (grouped into DSP with root node add_ln2719_29)   --->   "%product_q20_155 = mul i32 %sext_ln1625_124, i32 %sext_ln1625_123" [H:/subband_ref_q610_opt_stage4_latency_stepL2.cpp:1625->H:/subband_ref_q610_opt_stage4_latency_stepL2.cpp:2719->H:/subband_ref_q610_opt_stage4_latency_stepL2.cpp:2746]   --->   Operation 720 'mul' 'product_q20_155' <Predicate = true> <Delay = 0.00> <CoreInst = "DSP48">   --->   Core 119 'DSP48' <Latency = 2> <II = 1> <Delay = 3.88> <IPBlock> <Opcode : '' 'add' 'sub' 'mul' 'select'> <InPorts = 0> <OutPorts = 1> <Sync> <CReg>
ST_4 : Operation 721 [1/1] (0.00ns)   --->   "%specfucore_ln1624 = specfucore void @_ssdm_op_SpecFUCore, i32 %product_q20_155, i64 12, i64 3, i64 2" [H:/subband_ref_q610_opt_stage4_latency_stepL2.cpp:1624->H:/subband_ref_q610_opt_stage4_latency_stepL2.cpp:2719->H:/subband_ref_q610_opt_stage4_latency_stepL2.cpp:2746]   --->   Operation 721 'specfucore' 'specfucore_ln1624' <Predicate = true> <Delay = 0.00>
ST_4 : Operation 722 [1/1] (0.00ns) (grouped into DSP with root node add_ln2719_29)   --->   "%sext_ln1623_61 = sext i32 %product_q20_155" [H:/subband_ref_q610_opt_stage4_latency_stepL2.cpp:1623->H:/subband_ref_q610_opt_stage4_latency_stepL2.cpp:2719->H:/subband_ref_q610_opt_stage4_latency_stepL2.cpp:2746]   --->   Operation 722 'sext' 'sext_ln1623_61' <Predicate = true> <Delay = 0.00>
ST_4 : Operation 723 [1/1] (0.00ns)   --->   "%rend575 = specregionend i32 @_ssdm_op_SpecRegionEnd, void @empty_73, i32 %rbegin62" [H:/subband_ref_q610_opt_stage4_latency_stepL2.cpp:1625->H:/subband_ref_q610_opt_stage4_latency_stepL2.cpp:2719->H:/subband_ref_q610_opt_stage4_latency_stepL2.cpp:2746]   --->   Operation 723 'specregionend' 'rend575' <Predicate = true> <Delay = 0.00>
ST_4 : Operation 724 [1/1] (3.02ns) (root node of the DSP)   --->   "%add_ln2719_29 = add i34 %sext_ln1623_61, i34 %p_load230" [H:/subband_ref_q610_opt_stage4_latency_stepL2.cpp:2719->H:/subband_ref_q610_opt_stage4_latency_stepL2.cpp:2746]   --->   Operation 724 'add' 'add_ln2719_29' <Predicate = true> <Delay = 3.02> <CoreInst = "DSP48">   --->   Core 119 'DSP48' <Latency = 2> <II = 1> <Delay = 3.88> <IPBlock> <Opcode : '' 'add' 'sub' 'mul' 'select'> <InPorts = 0> <OutPorts = 1> <Sync> <CReg>
ST_4 : Operation 725 [1/1] (0.00ns)   --->   "%rbegin63 = specregionbegin i32 @_ssdm_op_SpecRegionBegin, void @empty_72" [H:/subband_ref_q610_opt_stage4_latency_stepL2.cpp:1623->H:/subband_ref_q610_opt_stage4_latency_stepL2.cpp:2719->H:/subband_ref_q610_opt_stage4_latency_stepL2.cpp:2746]   --->   Operation 725 'specregionbegin' 'rbegin63' <Predicate = true> <Delay = 0.00>
ST_4 : Operation 726 [1/3] (0.00ns) (grouped into DSP with root node add_ln2719_30)   --->   "%product_q20_156 = mul i32 %sext_ln1625_126, i32 %sext_ln1625_125" [H:/subband_ref_q610_opt_stage4_latency_stepL2.cpp:1625->H:/subband_ref_q610_opt_stage4_latency_stepL2.cpp:2719->H:/subband_ref_q610_opt_stage4_latency_stepL2.cpp:2746]   --->   Operation 726 'mul' 'product_q20_156' <Predicate = true> <Delay = 0.00> <CoreInst = "DSP48">   --->   Core 119 'DSP48' <Latency = 2> <II = 1> <Delay = 3.88> <IPBlock> <Opcode : '' 'add' 'sub' 'mul' 'select'> <InPorts = 0> <OutPorts = 1> <Sync> <CReg>
ST_4 : Operation 727 [1/1] (0.00ns)   --->   "%specfucore_ln1624 = specfucore void @_ssdm_op_SpecFUCore, i32 %product_q20_156, i64 12, i64 3, i64 2" [H:/subband_ref_q610_opt_stage4_latency_stepL2.cpp:1624->H:/subband_ref_q610_opt_stage4_latency_stepL2.cpp:2719->H:/subband_ref_q610_opt_stage4_latency_stepL2.cpp:2746]   --->   Operation 727 'specfucore' 'specfucore_ln1624' <Predicate = true> <Delay = 0.00>
ST_4 : Operation 728 [1/1] (0.00ns) (grouped into DSP with root node add_ln2719_30)   --->   "%sext_ln1623_62 = sext i32 %product_q20_156" [H:/subband_ref_q610_opt_stage4_latency_stepL2.cpp:1623->H:/subband_ref_q610_opt_stage4_latency_stepL2.cpp:2719->H:/subband_ref_q610_opt_stage4_latency_stepL2.cpp:2746]   --->   Operation 728 'sext' 'sext_ln1623_62' <Predicate = true> <Delay = 0.00>
ST_4 : Operation 729 [1/1] (0.00ns)   --->   "%rend573 = specregionend i32 @_ssdm_op_SpecRegionEnd, void @empty_72, i32 %rbegin63" [H:/subband_ref_q610_opt_stage4_latency_stepL2.cpp:1625->H:/subband_ref_q610_opt_stage4_latency_stepL2.cpp:2719->H:/subband_ref_q610_opt_stage4_latency_stepL2.cpp:2746]   --->   Operation 729 'specregionend' 'rend573' <Predicate = true> <Delay = 0.00>
ST_4 : Operation 730 [1/1] (3.02ns) (root node of the DSP)   --->   "%add_ln2719_30 = add i34 %sext_ln1623_62, i34 %p_load" [H:/subband_ref_q610_opt_stage4_latency_stepL2.cpp:2719->H:/subband_ref_q610_opt_stage4_latency_stepL2.cpp:2746]   --->   Operation 730 'add' 'add_ln2719_30' <Predicate = true> <Delay = 3.02> <CoreInst = "DSP48">   --->   Core 119 'DSP48' <Latency = 2> <II = 1> <Delay = 3.88> <IPBlock> <Opcode : '' 'add' 'sub' 'mul' 'select'> <InPorts = 0> <OutPorts = 1> <Sync> <CReg>
ST_4 : Operation 731 [1/1] (1.58ns)   --->   "%store_ln2719 = store i34 %add_ln2719_30, i34 %empty_628" [H:/subband_ref_q610_opt_stage4_latency_stepL2.cpp:2719->H:/subband_ref_q610_opt_stage4_latency_stepL2.cpp:2746]   --->   Operation 731 'store' 'store_ln2719' <Predicate = true> <Delay = 1.58>
ST_4 : Operation 732 [1/1] (1.58ns)   --->   "%store_ln2719 = store i34 %add_ln2719_29, i34 %empty_627" [H:/subband_ref_q610_opt_stage4_latency_stepL2.cpp:2719->H:/subband_ref_q610_opt_stage4_latency_stepL2.cpp:2746]   --->   Operation 732 'store' 'store_ln2719' <Predicate = true> <Delay = 1.58>
ST_4 : Operation 733 [1/1] (1.58ns)   --->   "%store_ln2719 = store i34 %add_ln2719_28, i34 %empty_626" [H:/subband_ref_q610_opt_stage4_latency_stepL2.cpp:2719->H:/subband_ref_q610_opt_stage4_latency_stepL2.cpp:2746]   --->   Operation 733 'store' 'store_ln2719' <Predicate = true> <Delay = 1.58>
ST_4 : Operation 734 [1/1] (1.58ns)   --->   "%store_ln2719 = store i34 %add_ln2719_27, i34 %empty_625" [H:/subband_ref_q610_opt_stage4_latency_stepL2.cpp:2719->H:/subband_ref_q610_opt_stage4_latency_stepL2.cpp:2746]   --->   Operation 734 'store' 'store_ln2719' <Predicate = true> <Delay = 1.58>
ST_4 : Operation 735 [1/1] (1.58ns)   --->   "%store_ln2719 = store i34 %add_ln2719_26, i34 %empty_624" [H:/subband_ref_q610_opt_stage4_latency_stepL2.cpp:2719->H:/subband_ref_q610_opt_stage4_latency_stepL2.cpp:2746]   --->   Operation 735 'store' 'store_ln2719' <Predicate = true> <Delay = 1.58>
ST_4 : Operation 736 [1/1] (1.58ns)   --->   "%store_ln2719 = store i34 %add_ln2719_25, i34 %empty_623" [H:/subband_ref_q610_opt_stage4_latency_stepL2.cpp:2719->H:/subband_ref_q610_opt_stage4_latency_stepL2.cpp:2746]   --->   Operation 736 'store' 'store_ln2719' <Predicate = true> <Delay = 1.58>
ST_4 : Operation 737 [1/1] (1.58ns)   --->   "%store_ln2719 = store i34 %add_ln2719_24, i34 %empty_622" [H:/subband_ref_q610_opt_stage4_latency_stepL2.cpp:2719->H:/subband_ref_q610_opt_stage4_latency_stepL2.cpp:2746]   --->   Operation 737 'store' 'store_ln2719' <Predicate = true> <Delay = 1.58>
ST_4 : Operation 738 [1/1] (1.58ns)   --->   "%store_ln2719 = store i34 %add_ln2719_23, i34 %empty_621" [H:/subband_ref_q610_opt_stage4_latency_stepL2.cpp:2719->H:/subband_ref_q610_opt_stage4_latency_stepL2.cpp:2746]   --->   Operation 738 'store' 'store_ln2719' <Predicate = true> <Delay = 1.58>
ST_4 : Operation 739 [1/1] (1.58ns)   --->   "%store_ln2719 = store i34 %add_ln2719_22, i34 %empty_620" [H:/subband_ref_q610_opt_stage4_latency_stepL2.cpp:2719->H:/subband_ref_q610_opt_stage4_latency_stepL2.cpp:2746]   --->   Operation 739 'store' 'store_ln2719' <Predicate = true> <Delay = 1.58>
ST_4 : Operation 740 [1/1] (1.58ns)   --->   "%store_ln2719 = store i34 %add_ln2719_21, i34 %empty_619" [H:/subband_ref_q610_opt_stage4_latency_stepL2.cpp:2719->H:/subband_ref_q610_opt_stage4_latency_stepL2.cpp:2746]   --->   Operation 740 'store' 'store_ln2719' <Predicate = true> <Delay = 1.58>
ST_4 : Operation 741 [1/1] (1.58ns)   --->   "%store_ln2719 = store i34 %add_ln2719_20, i34 %empty_618" [H:/subband_ref_q610_opt_stage4_latency_stepL2.cpp:2719->H:/subband_ref_q610_opt_stage4_latency_stepL2.cpp:2746]   --->   Operation 741 'store' 'store_ln2719' <Predicate = true> <Delay = 1.58>
ST_4 : Operation 742 [1/1] (1.58ns)   --->   "%store_ln2719 = store i34 %add_ln2719_19, i34 %empty_617" [H:/subband_ref_q610_opt_stage4_latency_stepL2.cpp:2719->H:/subband_ref_q610_opt_stage4_latency_stepL2.cpp:2746]   --->   Operation 742 'store' 'store_ln2719' <Predicate = true> <Delay = 1.58>
ST_4 : Operation 743 [1/1] (1.58ns)   --->   "%store_ln2719 = store i34 %add_ln2719_18, i34 %empty_616" [H:/subband_ref_q610_opt_stage4_latency_stepL2.cpp:2719->H:/subband_ref_q610_opt_stage4_latency_stepL2.cpp:2746]   --->   Operation 743 'store' 'store_ln2719' <Predicate = true> <Delay = 1.58>
ST_4 : Operation 744 [1/1] (1.58ns)   --->   "%store_ln2719 = store i34 %add_ln2719_17, i34 %empty_615" [H:/subband_ref_q610_opt_stage4_latency_stepL2.cpp:2719->H:/subband_ref_q610_opt_stage4_latency_stepL2.cpp:2746]   --->   Operation 744 'store' 'store_ln2719' <Predicate = true> <Delay = 1.58>
ST_4 : Operation 745 [1/1] (1.58ns)   --->   "%store_ln2719 = store i34 %add_ln2719_16, i34 %empty_614" [H:/subband_ref_q610_opt_stage4_latency_stepL2.cpp:2719->H:/subband_ref_q610_opt_stage4_latency_stepL2.cpp:2746]   --->   Operation 745 'store' 'store_ln2719' <Predicate = true> <Delay = 1.58>
ST_4 : Operation 746 [1/1] (1.58ns)   --->   "%store_ln2719 = store i34 %add_ln2719_15, i34 %empty_613" [H:/subband_ref_q610_opt_stage4_latency_stepL2.cpp:2719->H:/subband_ref_q610_opt_stage4_latency_stepL2.cpp:2746]   --->   Operation 746 'store' 'store_ln2719' <Predicate = true> <Delay = 1.58>
ST_4 : Operation 747 [1/1] (1.58ns)   --->   "%store_ln2719 = store i34 %add_ln2719_14, i34 %empty_612" [H:/subband_ref_q610_opt_stage4_latency_stepL2.cpp:2719->H:/subband_ref_q610_opt_stage4_latency_stepL2.cpp:2746]   --->   Operation 747 'store' 'store_ln2719' <Predicate = true> <Delay = 1.58>
ST_4 : Operation 748 [1/1] (1.58ns)   --->   "%store_ln2719 = store i34 %add_ln2719_13, i34 %empty_611" [H:/subband_ref_q610_opt_stage4_latency_stepL2.cpp:2719->H:/subband_ref_q610_opt_stage4_latency_stepL2.cpp:2746]   --->   Operation 748 'store' 'store_ln2719' <Predicate = true> <Delay = 1.58>
ST_4 : Operation 749 [1/1] (1.58ns)   --->   "%store_ln2719 = store i34 %add_ln2719_12, i34 %empty_610" [H:/subband_ref_q610_opt_stage4_latency_stepL2.cpp:2719->H:/subband_ref_q610_opt_stage4_latency_stepL2.cpp:2746]   --->   Operation 749 'store' 'store_ln2719' <Predicate = true> <Delay = 1.58>
ST_4 : Operation 750 [1/1] (1.58ns)   --->   "%store_ln2719 = store i34 %add_ln2719_11, i34 %empty_609" [H:/subband_ref_q610_opt_stage4_latency_stepL2.cpp:2719->H:/subband_ref_q610_opt_stage4_latency_stepL2.cpp:2746]   --->   Operation 750 'store' 'store_ln2719' <Predicate = true> <Delay = 1.58>
ST_4 : Operation 751 [1/1] (1.58ns)   --->   "%store_ln2719 = store i34 %add_ln2719_10, i34 %empty_608" [H:/subband_ref_q610_opt_stage4_latency_stepL2.cpp:2719->H:/subband_ref_q610_opt_stage4_latency_stepL2.cpp:2746]   --->   Operation 751 'store' 'store_ln2719' <Predicate = true> <Delay = 1.58>
ST_4 : Operation 752 [1/1] (1.58ns)   --->   "%store_ln2719 = store i34 %add_ln2719_9, i34 %empty_607" [H:/subband_ref_q610_opt_stage4_latency_stepL2.cpp:2719->H:/subband_ref_q610_opt_stage4_latency_stepL2.cpp:2746]   --->   Operation 752 'store' 'store_ln2719' <Predicate = true> <Delay = 1.58>
ST_4 : Operation 753 [1/1] (1.58ns)   --->   "%store_ln2719 = store i34 %add_ln2719_8, i34 %empty_606" [H:/subband_ref_q610_opt_stage4_latency_stepL2.cpp:2719->H:/subband_ref_q610_opt_stage4_latency_stepL2.cpp:2746]   --->   Operation 753 'store' 'store_ln2719' <Predicate = true> <Delay = 1.58>
ST_4 : Operation 754 [1/1] (1.58ns)   --->   "%store_ln2719 = store i34 %add_ln2719_7, i34 %empty_605" [H:/subband_ref_q610_opt_stage4_latency_stepL2.cpp:2719->H:/subband_ref_q610_opt_stage4_latency_stepL2.cpp:2746]   --->   Operation 754 'store' 'store_ln2719' <Predicate = true> <Delay = 1.58>
ST_4 : Operation 755 [1/1] (1.58ns)   --->   "%store_ln2719 = store i34 %add_ln2719_6, i34 %empty_604" [H:/subband_ref_q610_opt_stage4_latency_stepL2.cpp:2719->H:/subband_ref_q610_opt_stage4_latency_stepL2.cpp:2746]   --->   Operation 755 'store' 'store_ln2719' <Predicate = true> <Delay = 1.58>
ST_4 : Operation 756 [1/1] (1.58ns)   --->   "%store_ln2719 = store i34 %add_ln2719_5, i34 %empty_603" [H:/subband_ref_q610_opt_stage4_latency_stepL2.cpp:2719->H:/subband_ref_q610_opt_stage4_latency_stepL2.cpp:2746]   --->   Operation 756 'store' 'store_ln2719' <Predicate = true> <Delay = 1.58>
ST_4 : Operation 757 [1/1] (1.58ns)   --->   "%store_ln2719 = store i34 %add_ln2719_4, i34 %empty_602" [H:/subband_ref_q610_opt_stage4_latency_stepL2.cpp:2719->H:/subband_ref_q610_opt_stage4_latency_stepL2.cpp:2746]   --->   Operation 757 'store' 'store_ln2719' <Predicate = true> <Delay = 1.58>
ST_4 : Operation 758 [1/1] (1.58ns)   --->   "%store_ln2719 = store i34 %add_ln2719_3, i34 %empty_601" [H:/subband_ref_q610_opt_stage4_latency_stepL2.cpp:2719->H:/subband_ref_q610_opt_stage4_latency_stepL2.cpp:2746]   --->   Operation 758 'store' 'store_ln2719' <Predicate = true> <Delay = 1.58>
ST_4 : Operation 759 [1/1] (1.58ns)   --->   "%store_ln2719 = store i34 %add_ln2719_2, i34 %empty_600" [H:/subband_ref_q610_opt_stage4_latency_stepL2.cpp:2719->H:/subband_ref_q610_opt_stage4_latency_stepL2.cpp:2746]   --->   Operation 759 'store' 'store_ln2719' <Predicate = true> <Delay = 1.58>
ST_4 : Operation 760 [1/1] (1.58ns)   --->   "%store_ln2719 = store i34 %add_ln2719_1, i34 %empty_599" [H:/subband_ref_q610_opt_stage4_latency_stepL2.cpp:2719->H:/subband_ref_q610_opt_stage4_latency_stepL2.cpp:2746]   --->   Operation 760 'store' 'store_ln2719' <Predicate = true> <Delay = 1.58>
ST_4 : Operation 761 [1/1] (1.58ns)   --->   "%store_ln2719 = store i34 %add_ln2719, i34 %empty_598" [H:/subband_ref_q610_opt_stage4_latency_stepL2.cpp:2719->H:/subband_ref_q610_opt_stage4_latency_stepL2.cpp:2746]   --->   Operation 761 'store' 'store_ln2719' <Predicate = true> <Delay = 1.58>
ST_4 : Operation 762 [1/1] (1.58ns)   --->   "%store_ln2719 = store i34 %input_sum_q20, i34 %empty" [H:/subband_ref_q610_opt_stage4_latency_stepL2.cpp:2719->H:/subband_ref_q610_opt_stage4_latency_stepL2.cpp:2746]   --->   Operation 762 'store' 'store_ln2719' <Predicate = true> <Delay = 1.58>
ST_4 : Operation 763 [1/1] (0.00ns)   --->   "%br_ln2713 = br void %for.body4.i52" [H:/subband_ref_q610_opt_stage4_latency_stepL2.cpp:2713->H:/subband_ref_q610_opt_stage4_latency_stepL2.cpp:2746]   --->   Operation 763 'br' 'br_ln2713' <Predicate = true> <Delay = 0.00>


============================================================
+ Verbose Summary: Timing violations
============================================================
Target clock period: 10.000ns, clock uncertainty: 2.700ns.

 <State 1>: 6.573ns
The critical path consists of the following:
	'store' operation 0 bit ('store_ln2717', H:/subband_ref_q610_opt_stage4_latency_stepL2.cpp:2717->H:/subband_ref_q610_opt_stage4_latency_stepL2.cpp:2746) of constant 0 on local variable 'index', H:/subband_ref_q610_opt_stage4_latency_stepL2.cpp:2717->H:/subband_ref_q610_opt_stage4_latency_stepL2.cpp:2746 [518]  (1.588 ns)
	'load' operation 8 bit ('base_index', H:/subband_ref_q610_opt_stage4_latency_stepL2.cpp:2713->H:/subband_ref_q610_opt_stage4_latency_stepL2.cpp:2746) on local variable 'index', H:/subband_ref_q610_opt_stage4_latency_stepL2.cpp:2717->H:/subband_ref_q610_opt_stage4_latency_stepL2.cpp:2746 [553]  (0.000 ns)
	'add' operation 10 bit ('add_ln2719_31', H:/subband_ref_q610_opt_stage4_latency_stepL2.cpp:2719->H:/subband_ref_q610_opt_stage4_latency_stepL2.cpp:2746) [595]  (1.731 ns)
	'getelementptr' operation 10 bit ('weight_ih_0_addr', H:/subband_ref_q610_opt_stage4_latency_stepL2.cpp:2719->H:/subband_ref_q610_opt_stage4_latency_stepL2.cpp:2746) [597]  (0.000 ns)
	'load' operation 512 bit ('weight_ih_0_load', H:/subband_ref_q610_opt_stage4_latency_stepL2.cpp:2719->H:/subband_ref_q610_opt_stage4_latency_stepL2.cpp:2746) on array 'weight_ih_0' [598]  (3.254 ns)

 <State 2>: 4.304ns
The critical path consists of the following:
	'load' operation 512 bit ('weight_ih_0_load', H:/subband_ref_q610_opt_stage4_latency_stepL2.cpp:2719->H:/subband_ref_q610_opt_stage4_latency_stepL2.cpp:2746) on array 'weight_ih_0' [598]  (3.254 ns)
	'mul' operation 32 bit of DSP[607] ('product_q20', H:/subband_ref_q610_opt_stage4_latency_stepL2.cpp:1625->H:/subband_ref_q610_opt_stage4_latency_stepL2.cpp:2719->H:/subband_ref_q610_opt_stage4_latency_stepL2.cpp:2746) [603]  (1.050 ns)

 <State 3>: 1.050ns
The critical path consists of the following:
	'mul' operation 32 bit of DSP[607] ('product_q20', H:/subband_ref_q610_opt_stage4_latency_stepL2.cpp:1625->H:/subband_ref_q610_opt_stage4_latency_stepL2.cpp:2719->H:/subband_ref_q610_opt_stage4_latency_stepL2.cpp:2746) [603]  (1.050 ns)

 <State 4>: 4.608ns
The critical path consists of the following:
	'load' operation 34 bit ('p_load', H:/subband_ref_q610_opt_stage4_latency_stepL2.cpp:2719->H:/subband_ref_q610_opt_stage4_latency_stepL2.cpp:2746) on local variable 'empty_628' [588]  (0.000 ns)
	'add' operation 34 bit of DSP[917] ('add_ln2719_30', H:/subband_ref_q610_opt_stage4_latency_stepL2.cpp:2719->H:/subband_ref_q610_opt_stage4_latency_stepL2.cpp:2746) [917]  (3.020 ns)
	'store' operation 0 bit ('store_ln2719', H:/subband_ref_q610_opt_stage4_latency_stepL2.cpp:2719->H:/subband_ref_q610_opt_stage4_latency_stepL2.cpp:2746) of variable 'add_ln2719_30', H:/subband_ref_q610_opt_stage4_latency_stepL2.cpp:2719->H:/subband_ref_q610_opt_stage4_latency_stepL2.cpp:2746 on local variable 'empty_628' [920]  (1.588 ns)


============================================================
+ Verbose Summary: Binding
============================================================
N/A
* FSMD analyzer results:
  - Output states:
 - Input state : 
  - Chain level:
	State 1
	State 2
	State 3
	State 4


============================================================
+ Verbose Summary: Datapath Resource usage 
============================================================
N/A
