

================================================================
== Vitis HLS Report for 'p_anonymous_namespace_BuildRealtimeBandInputQ610_Pipeline_VITIS_LOOP_2651_1'
================================================================
* Date:           Thu May 14 12:27:13 2026

* Version:        2023.2 (Build 4023990 on Oct 11 2023)
* Project:        subband_q610_realtime_hls
* Solution:       solution1 (Vivado IP Flow Target)
* Product family: zynq
* Target device:  xc7z020-clg400-1


================================================================
== Performance Estimates
================================================================
+ Timing: 
    * Summary: 
    +--------+----------+----------+------------+
    |  Clock |  Target  | Estimated| Uncertainty|
    +--------+----------+----------+------------+
    |ap_clk  |  10.00 ns|  8.726 ns|     2.70 ns|
    +--------+----------+----------+------------+

+ Latency: 
    * Summary: 
    +---------+---------+----------+----------+-----+-----+---------+
    |  Latency (cycles) |  Latency (absolute) |  Interval | Pipeline|
    |   min   |   max   |    min   |    max   | min | max |   Type  |
    +---------+---------+----------+----------+-----+-----+---------+
    |      227|      227|  2.270 us|  2.270 us|  227|  227|       no|
    +---------+---------+----------+----------+-----+-----+---------+

    + Detail: 
        * Instance: 
        N/A

        * Loop: 
        +---------------------+---------+---------+----------+-----------+-----------+------+----------+
        |                     |  Latency (cycles) | Iteration|  Initiation Interval  | Trip |          |
        |      Loop Name      |   min   |   max   |  Latency |  achieved |   target  | Count| Pipelined|
        +---------------------+---------+---------+----------+-----------+-----------+------+----------+
        |- VITIS_LOOP_2651_1  |      225|      225|         3|          1|          1|   224|       yes|
        +---------------------+---------+---------+----------+-----------+-----------+------+----------+

============================================================
+ Verbose Summary: Synthesis Manager
============================================================
InlineROM: 1
ExposeGlobal: 0
============================================================
+ Verbose Summary: CDFG Model
============================================================
IsTopModel: 0
ResetActiveHigh: 1
IsCombinational: 0
IsDatapathOnly: 0
HasWiredReturn: 1
HasMFsm: 2
HasVarLatency: 1
IsPipeline: 0
IsRtlPipelined: 0
IsInstanceOverlapped: 0
IsDontTouch: 0
HasImplIP: 0
IsGatedGlobalClock: 0

+ Individual pipeline summary: 
  * Pipeline-0: initiation interval (II) = 1, depth = 3


============================================================
+ Verbose Summary: Schedule
============================================================
* Number of FSM states : 3
* Pipeline : 1
  Pipeline-0 : II = 1, D = 3, States = { 1 2 3 }
* Dataflow Pipeline: 0

* FSM state transitions: 
1 --> 2 
2 --> 3 
3 --> 

* FSM state operations: 

State 1 <SV = 0> <Delay = 8.72>
ST_1 : Operation 6 [1/1] (0.00ns)   --->   "%input_index = alloca i32 1" [H:/subband_ref_q610_opt_stage4_latency_stepL2.cpp:2651]   --->   Operation 6 'alloca' 'input_index' <Predicate = true> <Delay = 0.00>
ST_1 : Operation 7 [1/1] (0.00ns)   --->   "%zext_ln2656_read = read i10 @_ssdm_op_Read.ap_auto.i10, i10 %zext_ln2656"   --->   Operation 7 'read' 'zext_ln2656_read' <Predicate = true> <Delay = 0.00>
ST_1 : Operation 8 [1/1] (0.00ns)   --->   "%p_read412 = read i8 @_ssdm_op_Read.ap_auto.i8, i8 %p_read4"   --->   Operation 8 'read' 'p_read412' <Predicate = true> <Delay = 0.00>
ST_1 : Operation 9 [1/1] (0.00ns)   --->   "%center_start_read = read i10 @_ssdm_op_Read.ap_auto.i10, i10 %center_start"   --->   Operation 9 'read' 'center_start_read' <Predicate = true> <Delay = 0.00>
ST_1 : Operation 10 [1/1] (0.00ns)   --->   "%zext_ln2651_read = read i10 @_ssdm_op_Read.ap_auto.i10, i10 %zext_ln2651"   --->   Operation 10 'read' 'zext_ln2651_read' <Predicate = true> <Delay = 0.00>
ST_1 : Operation 11 [1/1] (0.00ns)   --->   "%p_read = read i7 @_ssdm_op_Read.ap_auto.i7, i7 %p_read3_cast2"   --->   Operation 11 'read' 'p_read' <Predicate = true> <Delay = 0.00>
ST_1 : Operation 12 [1/1] (0.00ns)   --->   "%zext_ln2651_cast = zext i10 %zext_ln2651_read"   --->   Operation 12 'zext' 'zext_ln2651_cast' <Predicate = true> <Delay = 0.00>
ST_1 : Operation 13 [1/1] (0.00ns)   --->   "%p_read3_cast2_cast1 = zext i7 %p_read"   --->   Operation 13 'zext' 'p_read3_cast2_cast1' <Predicate = true> <Delay = 0.00>
ST_1 : Operation 14 [1/1] (0.00ns)   --->   "%p_read3_cast2_cast = zext i7 %p_read"   --->   Operation 14 'zext' 'p_read3_cast2_cast' <Predicate = true> <Delay = 0.00>
ST_1 : Operation 15 [1/1] (0.00ns)   --->   "%specmemcore_ln0 = specmemcore void @_ssdm_op_SpecMemCore, i16 %noisy_frame, i64 666, i64 22, i64 18446744073709551615"   --->   Operation 15 'specmemcore' 'specmemcore_ln0' <Predicate = true> <Delay = 0.00>
ST_1 : Operation 16 [1/1] (0.00ns)   --->   "%specmemcore_ln0 = specmemcore void @_ssdm_op_SpecMemCore, i16 %fb_frame, i64 666, i64 22, i64 18446744073709551615"   --->   Operation 16 'specmemcore' 'specmemcore_ln0' <Predicate = true> <Delay = 0.00>
ST_1 : Operation 17 [1/1] (1.58ns)   --->   "%store_ln2651 = store i8 0, i8 %input_index" [H:/subband_ref_q610_opt_stage4_latency_stepL2.cpp:2651]   --->   Operation 17 'store' 'store_ln2651' <Predicate = true> <Delay = 1.58>
ST_1 : Operation 18 [1/1] (0.00ns)   --->   "%br_ln0 = br void %for.body"   --->   Operation 18 'br' 'br_ln0' <Predicate = true> <Delay = 0.00>
ST_1 : Operation 19 [1/1] (0.00ns)   --->   "%input_index_1 = load i8 %input_index" [H:/subband_ref_q610_opt_stage4_latency_stepL2.cpp:2651]   --->   Operation 19 'load' 'input_index_1' <Predicate = true> <Delay = 0.00>
ST_1 : Operation 20 [1/1] (1.91ns)   --->   "%icmp_ln2651 = icmp_eq  i8 %input_index_1, i8 224" [H:/subband_ref_q610_opt_stage4_latency_stepL2.cpp:2651]   --->   Operation 20 'icmp' 'icmp_ln2651' <Predicate = true> <Delay = 1.91> <CoreInst = "Cmp">   --->   Core 9 'Cmp' <Latency = 0> <II = 1> <Delay = 1.91> <FuncUnit> <Opcode : 'icmp'> <InPorts = 2> <OutPorts = 1>
ST_1 : Operation 21 [1/1] (1.91ns)   --->   "%input_index_2 = add i8 %input_index_1, i8 1" [H:/subband_ref_q610_opt_stage4_latency_stepL2.cpp:2651]   --->   Operation 21 'add' 'input_index_2' <Predicate = true> <Delay = 1.91> <CoreInst = "Adder">   --->   Core 1 'Adder' <Latency = 0> <II = 1> <Delay = 1.91> <FuncUnit> <Opcode : 'add' 'sub'> <InPorts = 2> <OutPorts = 1>
ST_1 : Operation 22 [1/1] (0.00ns)   --->   "%br_ln2651 = br i1 %icmp_ln2651, void %for.body.split_ifconv, void %for.end.exitStub" [H:/subband_ref_q610_opt_stage4_latency_stepL2.cpp:2651]   --->   Operation 22 'br' 'br_ln2651' <Predicate = true> <Delay = 0.00>
ST_1 : Operation 23 [1/1] (0.00ns)   --->   "%zext_ln2651_1 = zext i8 %input_index_1" [H:/subband_ref_q610_opt_stage4_latency_stepL2.cpp:2651]   --->   Operation 23 'zext' 'zext_ln2651_1' <Predicate = (!icmp_ln2651)> <Delay = 0.00>
ST_1 : Operation 24 [1/1] (0.00ns)   --->   "%zext_ln2651_2 = zext i8 %input_index_1" [H:/subband_ref_q610_opt_stage4_latency_stepL2.cpp:2651]   --->   Operation 24 'zext' 'zext_ln2651_2' <Predicate = (!icmp_ln2651)> <Delay = 0.00>
ST_1 : Operation 25 [1/1] (1.91ns)   --->   "%icmp_ln2654 = icmp_ult  i8 %input_index_1, i8 %p_read3_cast2_cast" [H:/subband_ref_q610_opt_stage4_latency_stepL2.cpp:2654]   --->   Operation 25 'icmp' 'icmp_ln2654' <Predicate = (!icmp_ln2651)> <Delay = 1.91> <CoreInst = "Cmp">   --->   Core 9 'Cmp' <Latency = 0> <II = 1> <Delay = 1.91> <FuncUnit> <Opcode : 'icmp'> <InPorts = 2> <OutPorts = 1>
ST_1 : Operation 26 [1/1] (0.00ns) (grouped into TernaryAdder)   --->   "%add_ln2655_1 = add i11 %zext_ln2651_cast, i11 2033" [H:/subband_ref_q610_opt_stage4_latency_stepL2.cpp:2655]   --->   Operation 26 'add' 'add_ln2655_1' <Predicate = (!icmp_ln2651)> <Delay = 0.00> <CoreInst = "TAddSub">   --->   Core 10 'TAddSub' <Latency = 0> <II = 1> <Delay = 1.87> <IPBlock> <Opcode : '' 'add' 'sub'> <InPorts = 3> <OutPorts = 1> <Sync> <CReg>
ST_1 : Operation 27 [1/1] (3.75ns) (root node of TernaryAdder)   --->   "%add_ln2655 = add i11 %add_ln2655_1, i11 %zext_ln2651_2" [H:/subband_ref_q610_opt_stage4_latency_stepL2.cpp:2655]   --->   Operation 27 'add' 'add_ln2655' <Predicate = (!icmp_ln2651)> <Delay = 3.75> <CoreInst = "TAddSub">   --->   Core 10 'TAddSub' <Latency = 0> <II = 1> <Delay = 1.87> <IPBlock> <Opcode : '' 'add' 'sub'> <InPorts = 3> <OutPorts = 1> <Sync> <CReg>
ST_1 : Operation 28 [1/1] (1.91ns)   --->   "%add_ln2655_2 = add i9 %zext_ln2651_1, i9 497" [H:/subband_ref_q610_opt_stage4_latency_stepL2.cpp:2655]   --->   Operation 28 'add' 'add_ln2655_2' <Predicate = (!icmp_ln2651)> <Delay = 1.91> <CoreInst = "Adder">   --->   Core 1 'Adder' <Latency = 0> <II = 1> <Delay = 1.91> <FuncUnit> <Opcode : 'add' 'sub'> <InPorts = 2> <OutPorts = 1>
ST_1 : Operation 29 [1/1] (0.00ns)   --->   "%sext_ln2655 = sext i9 %add_ln2655_2" [H:/subband_ref_q610_opt_stage4_latency_stepL2.cpp:2655]   --->   Operation 29 'sext' 'sext_ln2655' <Predicate = (!icmp_ln2651)> <Delay = 0.00>
ST_1 : Operation 30 [1/1] (1.73ns)   --->   "%add_ln2655_3 = add i10 %sext_ln2655, i10 %center_start_read" [H:/subband_ref_q610_opt_stage4_latency_stepL2.cpp:2655]   --->   Operation 30 'add' 'add_ln2655_3' <Predicate = (!icmp_ln2651)> <Delay = 1.73> <CoreInst = "Adder">   --->   Core 1 'Adder' <Latency = 0> <II = 1> <Delay = 1.73> <FuncUnit> <Opcode : 'add' 'sub'> <InPorts = 2> <OutPorts = 1>
ST_1 : Operation 31 [1/1] (1.73ns)   --->   "%sub_ln2435 = sub i10 0, i10 %add_ln2655_3" [H:/subband_ref_q610_opt_stage4_latency_stepL2.cpp:2435->H:/subband_ref_q610_opt_stage4_latency_stepL2.cpp:2655]   --->   Operation 31 'sub' 'sub_ln2435' <Predicate = (!icmp_ln2651)> <Delay = 1.73> <CoreInst = "Adder">   --->   Core 1 'Adder' <Latency = 0> <II = 1> <Delay = 1.73> <FuncUnit> <Opcode : 'add' 'sub'> <InPorts = 2> <OutPorts = 1>
ST_1 : Operation 32 [1/1] (0.00ns) (grouped into LUT with out node add_ln2656)   --->   "%tmp = bitselect i1 @_ssdm_op_BitSelect.i1.i11.i32, i11 %add_ln2655, i32 10" [H:/subband_ref_q610_opt_stage4_latency_stepL2.cpp:2434->H:/subband_ref_q610_opt_stage4_latency_stepL2.cpp:2655]   --->   Operation 32 'bitselect' 'tmp' <Predicate = (!icmp_ln2651)> <Delay = 0.00>
ST_1 : Operation 33 [1/1] (1.91ns)   --->   "%icmp_ln2657 = icmp_ult  i8 %input_index_1, i8 %p_read412" [H:/subband_ref_q610_opt_stage4_latency_stepL2.cpp:2657]   --->   Operation 33 'icmp' 'icmp_ln2657' <Predicate = (!icmp_ln2651)> <Delay = 1.91> <CoreInst = "Cmp">   --->   Core 9 'Cmp' <Latency = 0> <II = 1> <Delay = 1.91> <FuncUnit> <Opcode : 'icmp'> <InPorts = 2> <OutPorts = 1>
ST_1 : Operation 34 [1/1] (0.00ns)   --->   "%tmp_42 = partselect i3 @_ssdm_op_PartSelect.i3.i11.i32.i32, i11 %add_ln2655, i32 8, i32 10" [H:/subband_ref_q610_opt_stage4_latency_stepL2.cpp:2437->H:/subband_ref_q610_opt_stage4_latency_stepL2.cpp:2655]   --->   Operation 34 'partselect' 'tmp_42' <Predicate = (!icmp_ln2651)> <Delay = 0.00>
ST_1 : Operation 35 [1/1] (1.65ns)   --->   "%icmp_ln2437 = icmp_sgt  i3 %tmp_42, i3 0" [H:/subband_ref_q610_opt_stage4_latency_stepL2.cpp:2437->H:/subband_ref_q610_opt_stage4_latency_stepL2.cpp:2655]   --->   Operation 35 'icmp' 'icmp_ln2437' <Predicate = (!icmp_ln2651)> <Delay = 1.65> <CoreInst = "Cmp">   --->   Core 9 'Cmp' <Latency = 0> <II = 1> <Delay = 1.65> <FuncUnit> <Opcode : 'icmp'> <InPorts = 2> <OutPorts = 1>
ST_1 : Operation 36 [1/1] (0.00ns) (grouped into LUT with out node add_ln2656)   --->   "%trunc_ln2437 = trunc i11 %add_ln2655" [H:/subband_ref_q610_opt_stage4_latency_stepL2.cpp:2437->H:/subband_ref_q610_opt_stage4_latency_stepL2.cpp:2655]   --->   Operation 36 'trunc' 'trunc_ln2437' <Predicate = (!icmp_ln2651)> <Delay = 0.00>
ST_1 : Operation 37 [1/1] (1.73ns)   --->   "%sub_ln2438 = sub i10 510, i10 %add_ln2655_3" [H:/subband_ref_q610_opt_stage4_latency_stepL2.cpp:2438->H:/subband_ref_q610_opt_stage4_latency_stepL2.cpp:2655]   --->   Operation 37 'sub' 'sub_ln2438' <Predicate = (!icmp_ln2651)> <Delay = 1.73> <CoreInst = "Adder">   --->   Core 1 'Adder' <Latency = 0> <II = 1> <Delay = 1.73> <FuncUnit> <Opcode : 'add' 'sub'> <InPorts = 2> <OutPorts = 1>
ST_1 : Operation 38 [1/1] (0.00ns) (grouped into LUT with out node add_ln2656)   --->   "%select_ln2437 = select i1 %icmp_ln2437, i10 %sub_ln2438, i10 %trunc_ln2437" [H:/subband_ref_q610_opt_stage4_latency_stepL2.cpp:2437->H:/subband_ref_q610_opt_stage4_latency_stepL2.cpp:2655]   --->   Operation 38 'select' 'select_ln2437' <Predicate = (!icmp_ln2651)> <Delay = 0.00> <CoreInst = "Sel">   --->   Core 73 'Sel' <Latency = 0> <II = 1> <Delay = 0.68> <FuncUnit> <Opcode : 'select'> <InPorts = 3> <OutPorts = 1>
ST_1 : Operation 39 [1/1] (1.91ns)   --->   "%fb_index = sub i9 %zext_ln2651_1, i9 %p_read3_cast2_cast1" [H:/subband_ref_q610_opt_stage4_latency_stepL2.cpp:2658]   --->   Operation 39 'sub' 'fb_index' <Predicate = (!icmp_ln2651)> <Delay = 1.91> <CoreInst = "Adder">   --->   Core 1 'Adder' <Latency = 0> <II = 1> <Delay = 1.91> <FuncUnit> <Opcode : 'add' 'sub'> <InPorts = 2> <OutPorts = 1>
ST_1 : Operation 40 [1/1] (0.00ns)   --->   "%sext_ln2658 = sext i9 %fb_index" [H:/subband_ref_q610_opt_stage4_latency_stepL2.cpp:2658]   --->   Operation 40 'sext' 'sext_ln2658' <Predicate = (!icmp_ln2651)> <Delay = 0.00>
ST_1 : Operation 41 [1/1] (0.00ns)   --->   "%sext_ln2658_1 = sext i9 %fb_index" [H:/subband_ref_q610_opt_stage4_latency_stepL2.cpp:2658]   --->   Operation 41 'sext' 'sext_ln2658_1' <Predicate = (!icmp_ln2651)> <Delay = 0.00>
ST_1 : Operation 42 [1/1] (1.73ns)   --->   "%add_ln2659 = add i11 %sext_ln2658, i11 %zext_ln2651_cast" [H:/subband_ref_q610_opt_stage4_latency_stepL2.cpp:2659]   --->   Operation 42 'add' 'add_ln2659' <Predicate = (!icmp_ln2651)> <Delay = 1.73> <CoreInst = "Adder">   --->   Core 1 'Adder' <Latency = 0> <II = 1> <Delay = 1.73> <FuncUnit> <Opcode : 'add' 'sub'> <InPorts = 2> <OutPorts = 1>
ST_1 : Operation 43 [1/1] (1.73ns)   --->   "%add_ln2659_1 = add i10 %sext_ln2658_1, i10 %center_start_read" [H:/subband_ref_q610_opt_stage4_latency_stepL2.cpp:2659]   --->   Operation 43 'add' 'add_ln2659_1' <Predicate = (!icmp_ln2651)> <Delay = 1.73> <CoreInst = "Adder">   --->   Core 1 'Adder' <Latency = 0> <II = 1> <Delay = 1.73> <FuncUnit> <Opcode : 'add' 'sub'> <InPorts = 2> <OutPorts = 1>
ST_1 : Operation 44 [1/1] (1.73ns)   --->   "%sub_ln2435_1 = sub i10 0, i10 %add_ln2659_1" [H:/subband_ref_q610_opt_stage4_latency_stepL2.cpp:2435->H:/subband_ref_q610_opt_stage4_latency_stepL2.cpp:2659]   --->   Operation 44 'sub' 'sub_ln2435_1' <Predicate = (!icmp_ln2651)> <Delay = 1.73> <CoreInst = "Adder">   --->   Core 1 'Adder' <Latency = 0> <II = 1> <Delay = 1.73> <FuncUnit> <Opcode : 'add' 'sub'> <InPorts = 2> <OutPorts = 1>
ST_1 : Operation 45 [1/1] (0.00ns) (grouped into LUT with out node add_ln2660)   --->   "%tmp_43 = bitselect i1 @_ssdm_op_BitSelect.i1.i11.i32, i11 %add_ln2659, i32 10" [H:/subband_ref_q610_opt_stage4_latency_stepL2.cpp:2434->H:/subband_ref_q610_opt_stage4_latency_stepL2.cpp:2659]   --->   Operation 45 'bitselect' 'tmp_43' <Predicate = (!icmp_ln2651)> <Delay = 0.00>
ST_1 : Operation 46 [1/1] (0.00ns) (grouped into LUT with out node add_ln2656)   --->   "%source_freq = select i1 %tmp, i10 %sub_ln2435, i10 %select_ln2437" [H:/subband_ref_q610_opt_stage4_latency_stepL2.cpp:2434->H:/subband_ref_q610_opt_stage4_latency_stepL2.cpp:2655]   --->   Operation 46 'select' 'source_freq' <Predicate = (!icmp_ln2651)> <Delay = 0.00> <CoreInst = "Sel">   --->   Core 73 'Sel' <Latency = 0> <II = 1> <Delay = 0.68> <FuncUnit> <Opcode : 'select'> <InPorts = 3> <OutPorts = 1>
ST_1 : Operation 47 [1/1] (1.73ns) (out node of the LUT)   --->   "%add_ln2656 = add i10 %zext_ln2656_read, i10 %source_freq" [H:/subband_ref_q610_opt_stage4_latency_stepL2.cpp:2656]   --->   Operation 47 'add' 'add_ln2656' <Predicate = (!icmp_ln2651)> <Delay = 1.73> <CoreInst = "Adder">   --->   Core 1 'Adder' <Latency = 0> <II = 1> <Delay = 1.73> <FuncUnit> <Opcode : 'add' 'sub'> <InPorts = 2> <OutPorts = 1>
ST_1 : Operation 48 [1/1] (0.00ns)   --->   "%tmp_44 = partselect i3 @_ssdm_op_PartSelect.i3.i11.i32.i32, i11 %add_ln2659, i32 8, i32 10" [H:/subband_ref_q610_opt_stage4_latency_stepL2.cpp:2437->H:/subband_ref_q610_opt_stage4_latency_stepL2.cpp:2659]   --->   Operation 48 'partselect' 'tmp_44' <Predicate = (!icmp_ln2651)> <Delay = 0.00>
ST_1 : Operation 49 [1/1] (1.65ns)   --->   "%icmp_ln2437_1 = icmp_sgt  i3 %tmp_44, i3 0" [H:/subband_ref_q610_opt_stage4_latency_stepL2.cpp:2437->H:/subband_ref_q610_opt_stage4_latency_stepL2.cpp:2659]   --->   Operation 49 'icmp' 'icmp_ln2437_1' <Predicate = (!icmp_ln2651)> <Delay = 1.65> <CoreInst = "Cmp">   --->   Core 9 'Cmp' <Latency = 0> <II = 1> <Delay = 1.65> <FuncUnit> <Opcode : 'icmp'> <InPorts = 2> <OutPorts = 1>
ST_1 : Operation 50 [1/1] (0.00ns) (grouped into LUT with out node add_ln2660)   --->   "%trunc_ln2437_1 = trunc i11 %add_ln2659" [H:/subband_ref_q610_opt_stage4_latency_stepL2.cpp:2437->H:/subband_ref_q610_opt_stage4_latency_stepL2.cpp:2659]   --->   Operation 50 'trunc' 'trunc_ln2437_1' <Predicate = (!icmp_ln2651)> <Delay = 0.00>
ST_1 : Operation 51 [1/1] (1.73ns)   --->   "%sub_ln2438_1 = sub i10 510, i10 %add_ln2659_1" [H:/subband_ref_q610_opt_stage4_latency_stepL2.cpp:2438->H:/subband_ref_q610_opt_stage4_latency_stepL2.cpp:2659]   --->   Operation 51 'sub' 'sub_ln2438_1' <Predicate = (!icmp_ln2651)> <Delay = 1.73> <CoreInst = "Adder">   --->   Core 1 'Adder' <Latency = 0> <II = 1> <Delay = 1.73> <FuncUnit> <Opcode : 'add' 'sub'> <InPorts = 2> <OutPorts = 1>
ST_1 : Operation 52 [1/1] (0.00ns) (grouped into LUT with out node add_ln2660)   --->   "%select_ln2437_1 = select i1 %icmp_ln2437_1, i10 %sub_ln2438_1, i10 %trunc_ln2437_1" [H:/subband_ref_q610_opt_stage4_latency_stepL2.cpp:2437->H:/subband_ref_q610_opt_stage4_latency_stepL2.cpp:2659]   --->   Operation 52 'select' 'select_ln2437_1' <Predicate = (!icmp_ln2651)> <Delay = 0.00> <CoreInst = "Sel">   --->   Core 73 'Sel' <Latency = 0> <II = 1> <Delay = 0.68> <FuncUnit> <Opcode : 'select'> <InPorts = 3> <OutPorts = 1>
ST_1 : Operation 53 [1/1] (0.00ns) (grouped into LUT with out node add_ln2660)   --->   "%source_freq_1 = select i1 %tmp_43, i10 %sub_ln2435_1, i10 %select_ln2437_1" [H:/subband_ref_q610_opt_stage4_latency_stepL2.cpp:2434->H:/subband_ref_q610_opt_stage4_latency_stepL2.cpp:2659]   --->   Operation 53 'select' 'source_freq_1' <Predicate = (!icmp_ln2651)> <Delay = 0.00> <CoreInst = "Sel">   --->   Core 73 'Sel' <Latency = 0> <II = 1> <Delay = 0.68> <FuncUnit> <Opcode : 'select'> <InPorts = 3> <OutPorts = 1>
ST_1 : Operation 54 [1/1] (1.73ns) (out node of the LUT)   --->   "%add_ln2660 = add i10 %zext_ln2656_read, i10 %source_freq_1" [H:/subband_ref_q610_opt_stage4_latency_stepL2.cpp:2660]   --->   Operation 54 'add' 'add_ln2660' <Predicate = (!icmp_ln2651)> <Delay = 1.73> <CoreInst = "Adder">   --->   Core 1 'Adder' <Latency = 0> <II = 1> <Delay = 1.73> <FuncUnit> <Opcode : 'add' 'sub'> <InPorts = 2> <OutPorts = 1>
ST_1 : Operation 55 [1/1] (1.93ns)   --->   "%switch_ln2662 = switch i8 %input_index_1, void %arrayidx141.case.223, i8 0, void %arrayidx141.case.0, i8 1, void %arrayidx141.case.1, i8 2, void %arrayidx141.case.2, i8 3, void %arrayidx141.case.3, i8 4, void %arrayidx141.case.4, i8 5, void %arrayidx141.case.5, i8 6, void %arrayidx141.case.6, i8 7, void %arrayidx141.case.7, i8 8, void %arrayidx141.case.8, i8 9, void %arrayidx141.case.9, i8 10, void %arrayidx141.case.10, i8 11, void %arrayidx141.case.11, i8 12, void %arrayidx141.case.12, i8 13, void %arrayidx141.case.13, i8 14, void %arrayidx141.case.14, i8 15, void %arrayidx141.case.15, i8 16, void %arrayidx141.case.16, i8 17, void %arrayidx141.case.17, i8 18, void %arrayidx141.case.18, i8 19, void %arrayidx141.case.19, i8 20, void %arrayidx141.case.20, i8 21, void %arrayidx141.case.21, i8 22, void %arrayidx141.case.22, i8 23, void %arrayidx141.case.23, i8 24, void %arrayidx141.case.24, i8 25, void %arrayidx141.case.25, i8 26, void %arrayidx141.case.26, i8 27, void %arrayidx141.case.27, i8 28, void %arrayidx141.case.28, i8 29, void %arrayidx141.case.29, i8 30, void %arrayidx141.case.30, i8 31, void %arrayidx141.case.31, i8 32, void %arrayidx141.case.32, i8 33, void %arrayidx141.case.33, i8 34, void %arrayidx141.case.34, i8 35, void %arrayidx141.case.35, i8 36, void %arrayidx141.case.36, i8 37, void %arrayidx141.case.37, i8 38, void %arrayidx141.case.38, i8 39, void %arrayidx141.case.39, i8 40, void %arrayidx141.case.40, i8 41, void %arrayidx141.case.41, i8 42, void %arrayidx141.case.42, i8 43, void %arrayidx141.case.43, i8 44, void %arrayidx141.case.44, i8 45, void %arrayidx141.case.45, i8 46, void %arrayidx141.case.46, i8 47, void %arrayidx141.case.47, i8 48, void %arrayidx141.case.48, i8 49, void %arrayidx141.case.49, i8 50, void %arrayidx141.case.50, i8 51, void %arrayidx141.case.51, i8 52, void %arrayidx141.case.52, i8 53, void %arrayidx141.case.53, i8 54, void %arrayidx141.case.54, i8 55, void %arrayidx141.case.55, i8 56, void %arrayidx141.case.56, i8 57, void %arrayidx141.case.57, i8 58, void %arrayidx141.case.58, i8 59, void %arrayidx141.case.59, i8 60, void %arrayidx141.case.60, i8 61, void %arrayidx141.case.61, i8 62, void %arrayidx141.case.62, i8 63, void %arrayidx141.case.63, i8 64, void %arrayidx141.case.64, i8 65, void %arrayidx141.case.65, i8 66, void %arrayidx141.case.66, i8 67, void %arrayidx141.case.67, i8 68, void %arrayidx141.case.68, i8 69, void %arrayidx141.case.69, i8 70, void %arrayidx141.case.70, i8 71, void %arrayidx141.case.71, i8 72, void %arrayidx141.case.72, i8 73, void %arrayidx141.case.73, i8 74, void %arrayidx141.case.74, i8 75, void %arrayidx141.case.75, i8 76, void %arrayidx141.case.76, i8 77, void %arrayidx141.case.77, i8 78, void %arrayidx141.case.78, i8 79, void %arrayidx141.case.79, i8 80, void %arrayidx141.case.80, i8 81, void %arrayidx141.case.81, i8 82, void %arrayidx141.case.82, i8 83, void %arrayidx141.case.83, i8 84, void %arrayidx141.case.84, i8 85, void %arrayidx141.case.85, i8 86, void %arrayidx141.case.86, i8 87, void %arrayidx141.case.87, i8 88, void %arrayidx141.case.88, i8 89, void %arrayidx141.case.89, i8 90, void %arrayidx141.case.90, i8 91, void %arrayidx141.case.91, i8 92, void %arrayidx141.case.92, i8 93, void %arrayidx141.case.93, i8 94, void %arrayidx141.case.94, i8 95, void %arrayidx141.case.95, i8 96, void %arrayidx141.case.96, i8 97, void %arrayidx141.case.97, i8 98, void %arrayidx141.case.98, i8 99, void %arrayidx141.case.99, i8 100, void %arrayidx141.case.100, i8 101, void %arrayidx141.case.101, i8 102, void %arrayidx141.case.102, i8 103, void %arrayidx141.case.103, i8 104, void %arrayidx141.case.104, i8 105, void %arrayidx141.case.105, i8 106, void %arrayidx141.case.106, i8 107, void %arrayidx141.case.107, i8 108, void %arrayidx141.case.108, i8 109, void %arrayidx141.case.109, i8 110, void %arrayidx141.case.110, i8 111, void %arrayidx141.case.111, i8 112, void %arrayidx141.case.112, i8 113, void %arrayidx141.case.113, i8 114, void %arrayidx141.case.114, i8 115, void %arrayidx141.case.115, i8 116, void %arrayidx141.case.116, i8 117, void %arrayidx141.case.117, i8 118, void %arrayidx141.case.118, i8 119, void %arrayidx141.case.119, i8 120, void %arrayidx141.case.120, i8 121, void %arrayidx141.case.121, i8 122, void %arrayidx141.case.122, i8 123, void %arrayidx141.case.123, i8 124, void %arrayidx141.case.124, i8 125, void %arrayidx141.case.125, i8 126, void %arrayidx141.case.126, i8 127, void %arrayidx141.case.127, i8 128, void %arrayidx141.case.128, i8 129, void %arrayidx141.case.129, i8 130, void %arrayidx141.case.130, i8 131, void %arrayidx141.case.131, i8 132, void %arrayidx141.case.132, i8 133, void %arrayidx141.case.133, i8 134, void %arrayidx141.case.134, i8 135, void %arrayidx141.case.135, i8 136, void %arrayidx141.case.136, i8 137, void %arrayidx141.case.137, i8 138, void %arrayidx141.case.138, i8 139, void %arrayidx141.case.139, i8 140, void %arrayidx141.case.140, i8 141, void %arrayidx141.case.141, i8 142, void %arrayidx141.case.142, i8 143, void %arrayidx141.case.143, i8 144, void %arrayidx141.case.144, i8 145, void %arrayidx141.case.145, i8 146, void %arrayidx141.case.146, i8 147, void %arrayidx141.case.147, i8 148, void %arrayidx141.case.148, i8 149, void %arrayidx141.case.149, i8 150, void %arrayidx141.case.150, i8 151, void %arrayidx141.case.151, i8 152, void %arrayidx141.case.152, i8 153, void %arrayidx141.case.153, i8 154, void %arrayidx141.case.154, i8 155, void %arrayidx141.case.155, i8 156, void %arrayidx141.case.156, i8 157, void %arrayidx141.case.157, i8 158, void %arrayidx141.case.158, i8 159, void %arrayidx141.case.159, i8 160, void %arrayidx141.case.160, i8 161, void %arrayidx141.case.161, i8 162, void %arrayidx141.case.162, i8 163, void %arrayidx141.case.163, i8 164, void %arrayidx141.case.164, i8 165, void %arrayidx141.case.165, i8 166, void %arrayidx141.case.166, i8 167, void %arrayidx141.case.167, i8 168, void %arrayidx141.case.168, i8 169, void %arrayidx141.case.169, i8 170, void %arrayidx141.case.170, i8 171, void %arrayidx141.case.171, i8 172, void %arrayidx141.case.172, i8 173, void %arrayidx141.case.173, i8 174, void %arrayidx141.case.174, i8 175, void %arrayidx141.case.175, i8 176, void %arrayidx141.case.176, i8 177, void %arrayidx141.case.177, i8 178, void %arrayidx141.case.178, i8 179, void %arrayidx141.case.179, i8 180, void %arrayidx141.case.180, i8 181, void %arrayidx141.case.181, i8 182, void %arrayidx141.case.182, i8 183, void %arrayidx141.case.183, i8 184, void %arrayidx141.case.184, i8 185, void %arrayidx141.case.185, i8 186, void %arrayidx141.case.186, i8 187, void %arrayidx141.case.187, i8 188, void %arrayidx141.case.188, i8 189, void %arrayidx141.case.189, i8 190, void %arrayidx141.case.190, i8 191, void %arrayidx141.case.191, i8 192, void %arrayidx141.case.192, i8 193, void %arrayidx141.case.193, i8 194, void %arrayidx141.case.194, i8 195, void %arrayidx141.case.195, i8 196, void %arrayidx141.case.196, i8 197, void %arrayidx141.case.197, i8 198, void %arrayidx141.case.198, i8 199, void %arrayidx141.case.199, i8 200, void %arrayidx141.case.200, i8 201, void %arrayidx141.case.201, i8 202, void %arrayidx141.case.202, i8 203, void %arrayidx141.case.203, i8 204, void %arrayidx141.case.204, i8 205, void %arrayidx141.case.205, i8 206, void %arrayidx141.case.206, i8 207, void %arrayidx141.case.207, i8 208, void %arrayidx141.case.208, i8 209, void %arrayidx141.case.209, i8 210, void %arrayidx141.case.210, i8 211, void %arrayidx141.case.211, i8 212, void %arrayidx141.case.212, i8 213, void %arrayidx141.case.213, i8 214, void %arrayidx141.case.214, i8 215, void %arrayidx141.case.215, i8 216, void %arrayidx141.case.216, i8 217, void %arrayidx141.case.217, i8 218, void %arrayidx141.case.218, i8 219, void %arrayidx141.case.219, i8 220, void %arrayidx141.case.220, i8 221, void %arrayidx141.case.221, i8 222, void %arrayidx141.case.222" [H:/subband_ref_q610_opt_stage4_latency_stepL2.cpp:2662]   --->   Operation 55 'switch' 'switch_ln2662' <Predicate = (!icmp_ln2651)> <Delay = 1.93>
ST_1 : Operation 56 [1/1] (1.58ns)   --->   "%store_ln2651 = store i8 %input_index_2, i8 %input_index" [H:/subband_ref_q610_opt_stage4_latency_stepL2.cpp:2651]   --->   Operation 56 'store' 'store_ln2651' <Predicate = (!icmp_ln2651)> <Delay = 1.58>
ST_1 : Operation 57 [1/1] (0.00ns)   --->   "%br_ln2651 = br void %for.body" [H:/subband_ref_q610_opt_stage4_latency_stepL2.cpp:2651]   --->   Operation 57 'br' 'br_ln2651' <Predicate = (!icmp_ln2651)> <Delay = 0.00>

State 2 <SV = 1> <Delay = 3.25>
ST_2 : Operation 58 [1/1] (0.00ns)   --->   "%zext_ln2656_1 = zext i10 %add_ln2656" [H:/subband_ref_q610_opt_stage4_latency_stepL2.cpp:2656]   --->   Operation 58 'zext' 'zext_ln2656_1' <Predicate = (icmp_ln2654)> <Delay = 0.00>
ST_2 : Operation 59 [1/1] (0.00ns)   --->   "%noisy_frame_addr = getelementptr i16 %noisy_frame, i32 0, i32 %zext_ln2656_1" [H:/subband_ref_q610_opt_stage4_latency_stepL2.cpp:2656]   --->   Operation 59 'getelementptr' 'noisy_frame_addr' <Predicate = (icmp_ln2654)> <Delay = 0.00>
ST_2 : Operation 60 [2/2] (3.25ns)   --->   "%value = load i10 %noisy_frame_addr" [H:/subband_ref_q610_opt_stage4_latency_stepL2.cpp:2656]   --->   Operation 60 'load' 'value' <Predicate = (icmp_ln2654)> <Delay = 3.25> <CoreInst = "RAM_2P_BRAM">   --->   Core 91 'RAM_2P_BRAM' <Latency = 1> <II = 1> <Delay = 3.25> <Storage> <Opcode : 'load' 'store'> <Ports = 2> <Width = 16> <Depth = 1024> <RAM>
ST_2 : Operation 61 [1/1] (0.00ns)   --->   "%zext_ln2660 = zext i10 %add_ln2660" [H:/subband_ref_q610_opt_stage4_latency_stepL2.cpp:2660]   --->   Operation 61 'zext' 'zext_ln2660' <Predicate = true> <Delay = 0.00>
ST_2 : Operation 62 [1/1] (0.00ns)   --->   "%fb_frame_addr = getelementptr i16 %fb_frame, i32 0, i32 %zext_ln2660" [H:/subband_ref_q610_opt_stage4_latency_stepL2.cpp:2660]   --->   Operation 62 'getelementptr' 'fb_frame_addr' <Predicate = true> <Delay = 0.00>
ST_2 : Operation 63 [2/2] (3.25ns)   --->   "%value_86 = load i10 %fb_frame_addr" [H:/subband_ref_q610_opt_stage4_latency_stepL2.cpp:2660]   --->   Operation 63 'load' 'value_86' <Predicate = true> <Delay = 3.25> <CoreInst = "RAM_2P_BRAM">   --->   Core 91 'RAM_2P_BRAM' <Latency = 1> <II = 1> <Delay = 3.25> <Storage> <Opcode : 'load' 'store'> <Ports = 2> <Width = 16> <Depth = 1024> <RAM>
ST_2 : Operation 521 [1/1] (0.00ns)   --->   "%ret_ln0 = ret"   --->   Operation 521 'ret' 'ret_ln0' <Predicate = (icmp_ln2651)> <Delay = 0.00>

State 3 <SV = 2> <Delay = 4.23>
ST_3 : Operation 64 [1/1] (0.00ns)   --->   "%specpipeline_ln2652 = specpipeline void @_ssdm_op_SpecPipeline, i32 1, i32 0, i32 0, i32 0, void @empty_136" [H:/subband_ref_q610_opt_stage4_latency_stepL2.cpp:2652]   --->   Operation 64 'specpipeline' 'specpipeline_ln2652' <Predicate = true> <Delay = 0.00>
ST_3 : Operation 65 [1/1] (0.00ns)   --->   "%speclooptripcount_ln2651 = speclooptripcount void @_ssdm_op_SpecLoopTripCount, i64 224, i64 224, i64 224" [H:/subband_ref_q610_opt_stage4_latency_stepL2.cpp:2651]   --->   Operation 65 'speclooptripcount' 'speclooptripcount_ln2651' <Predicate = true> <Delay = 0.00>
ST_3 : Operation 66 [1/1] (0.00ns)   --->   "%specloopname_ln2651 = specloopname void @_ssdm_op_SpecLoopName, void @empty_167" [H:/subband_ref_q610_opt_stage4_latency_stepL2.cpp:2651]   --->   Operation 66 'specloopname' 'specloopname_ln2651' <Predicate = true> <Delay = 0.00>
ST_3 : Operation 67 [1/2] (3.25ns)   --->   "%value = load i10 %noisy_frame_addr" [H:/subband_ref_q610_opt_stage4_latency_stepL2.cpp:2656]   --->   Operation 67 'load' 'value' <Predicate = (icmp_ln2654)> <Delay = 3.25> <CoreInst = "RAM_2P_BRAM">   --->   Core 91 'RAM_2P_BRAM' <Latency = 1> <II = 1> <Delay = 3.25> <Storage> <Opcode : 'load' 'store'> <Ports = 2> <Width = 16> <Depth = 1024> <RAM>
ST_3 : Operation 68 [1/2] (3.25ns)   --->   "%value_86 = load i10 %fb_frame_addr" [H:/subband_ref_q610_opt_stage4_latency_stepL2.cpp:2660]   --->   Operation 68 'load' 'value_86' <Predicate = true> <Delay = 3.25> <CoreInst = "RAM_2P_BRAM">   --->   Core 91 'RAM_2P_BRAM' <Latency = 1> <II = 1> <Delay = 3.25> <Storage> <Opcode : 'load' 'store'> <Ports = 2> <Width = 16> <Depth = 1024> <RAM>
ST_3 : Operation 69 [1/1] (0.00ns) (grouped into LUT with out node value_88)   --->   "%value_87 = select i1 %icmp_ln2654, i16 %value, i16 0" [H:/subband_ref_q610_opt_stage4_latency_stepL2.cpp:2654]   --->   Operation 69 'select' 'value_87' <Predicate = true> <Delay = 0.00> <CoreInst = "Sel">   --->   Core 73 'Sel' <Latency = 0> <II = 1> <Delay = 0.80> <FuncUnit> <Opcode : 'select'> <InPorts = 3> <OutPorts = 1>
ST_3 : Operation 70 [1/1] (0.00ns) (grouped into LUT with out node value_88)   --->   "%xor_ln2654 = xor i1 %icmp_ln2654, i1 1" [H:/subband_ref_q610_opt_stage4_latency_stepL2.cpp:2654]   --->   Operation 70 'xor' 'xor_ln2654' <Predicate = true> <Delay = 0.00> <CoreInst = "LogicGate">   --->   Core 74 'LogicGate' <Latency = 0> <II = 1> <Delay = 0.97> <FuncUnit> <Opcode : 'and' 'or' 'xor'> <InPorts = 2> <OutPorts = 1>
ST_3 : Operation 71 [1/1] (0.00ns) (grouped into LUT with out node value_88)   --->   "%and_ln2657 = and i1 %icmp_ln2657, i1 %xor_ln2654" [H:/subband_ref_q610_opt_stage4_latency_stepL2.cpp:2657]   --->   Operation 71 'and' 'and_ln2657' <Predicate = true> <Delay = 0.00> <CoreInst = "LogicGate">   --->   Core 74 'LogicGate' <Latency = 0> <II = 1> <Delay = 0.97> <FuncUnit> <Opcode : 'and' 'or' 'xor'> <InPorts = 2> <OutPorts = 1>
ST_3 : Operation 72 [1/1] (0.97ns) (out node of the LUT)   --->   "%value_88 = select i1 %and_ln2657, i16 %value_86, i16 %value_87" [H:/subband_ref_q610_opt_stage4_latency_stepL2.cpp:2657]   --->   Operation 72 'select' 'value_88' <Predicate = true> <Delay = 0.97> <CoreInst = "Sel">   --->   Core 73 'Sel' <Latency = 0> <II = 1> <Delay = 0.80> <FuncUnit> <Opcode : 'select'> <InPorts = 3> <OutPorts = 1>
ST_3 : Operation 73 [1/1] (0.00ns)   --->   "%write_ln2662 = write void @_ssdm_op_Write.ap_auto.i16P0A, i16 %input_buffer_222, i16 %value_88" [H:/subband_ref_q610_opt_stage4_latency_stepL2.cpp:2662]   --->   Operation 73 'write' 'write_ln2662' <Predicate = (input_index_1 == 222)> <Delay = 0.00>
ST_3 : Operation 74 [1/1] (0.00ns)   --->   "%br_ln2662 = br void %arrayidx141.exit" [H:/subband_ref_q610_opt_stage4_latency_stepL2.cpp:2662]   --->   Operation 74 'br' 'br_ln2662' <Predicate = (input_index_1 == 222)> <Delay = 0.00>
ST_3 : Operation 75 [1/1] (0.00ns)   --->   "%write_ln2662 = write void @_ssdm_op_Write.ap_auto.i16P0A, i16 %input_buffer_221, i16 %value_88" [H:/subband_ref_q610_opt_stage4_latency_stepL2.cpp:2662]   --->   Operation 75 'write' 'write_ln2662' <Predicate = (input_index_1 == 221)> <Delay = 0.00>
ST_3 : Operation 76 [1/1] (0.00ns)   --->   "%br_ln2662 = br void %arrayidx141.exit" [H:/subband_ref_q610_opt_stage4_latency_stepL2.cpp:2662]   --->   Operation 76 'br' 'br_ln2662' <Predicate = (input_index_1 == 221)> <Delay = 0.00>
ST_3 : Operation 77 [1/1] (0.00ns)   --->   "%write_ln2662 = write void @_ssdm_op_Write.ap_auto.i16P0A, i16 %input_buffer_220, i16 %value_88" [H:/subband_ref_q610_opt_stage4_latency_stepL2.cpp:2662]   --->   Operation 77 'write' 'write_ln2662' <Predicate = (input_index_1 == 220)> <Delay = 0.00>
ST_3 : Operation 78 [1/1] (0.00ns)   --->   "%br_ln2662 = br void %arrayidx141.exit" [H:/subband_ref_q610_opt_stage4_latency_stepL2.cpp:2662]   --->   Operation 78 'br' 'br_ln2662' <Predicate = (input_index_1 == 220)> <Delay = 0.00>
ST_3 : Operation 79 [1/1] (0.00ns)   --->   "%write_ln2662 = write void @_ssdm_op_Write.ap_auto.i16P0A, i16 %input_buffer_219, i16 %value_88" [H:/subband_ref_q610_opt_stage4_latency_stepL2.cpp:2662]   --->   Operation 79 'write' 'write_ln2662' <Predicate = (input_index_1 == 219)> <Delay = 0.00>
ST_3 : Operation 80 [1/1] (0.00ns)   --->   "%br_ln2662 = br void %arrayidx141.exit" [H:/subband_ref_q610_opt_stage4_latency_stepL2.cpp:2662]   --->   Operation 80 'br' 'br_ln2662' <Predicate = (input_index_1 == 219)> <Delay = 0.00>
ST_3 : Operation 81 [1/1] (0.00ns)   --->   "%write_ln2662 = write void @_ssdm_op_Write.ap_auto.i16P0A, i16 %input_buffer_218, i16 %value_88" [H:/subband_ref_q610_opt_stage4_latency_stepL2.cpp:2662]   --->   Operation 81 'write' 'write_ln2662' <Predicate = (input_index_1 == 218)> <Delay = 0.00>
ST_3 : Operation 82 [1/1] (0.00ns)   --->   "%br_ln2662 = br void %arrayidx141.exit" [H:/subband_ref_q610_opt_stage4_latency_stepL2.cpp:2662]   --->   Operation 82 'br' 'br_ln2662' <Predicate = (input_index_1 == 218)> <Delay = 0.00>
ST_3 : Operation 83 [1/1] (0.00ns)   --->   "%write_ln2662 = write void @_ssdm_op_Write.ap_auto.i16P0A, i16 %input_buffer_217, i16 %value_88" [H:/subband_ref_q610_opt_stage4_latency_stepL2.cpp:2662]   --->   Operation 83 'write' 'write_ln2662' <Predicate = (input_index_1 == 217)> <Delay = 0.00>
ST_3 : Operation 84 [1/1] (0.00ns)   --->   "%br_ln2662 = br void %arrayidx141.exit" [H:/subband_ref_q610_opt_stage4_latency_stepL2.cpp:2662]   --->   Operation 84 'br' 'br_ln2662' <Predicate = (input_index_1 == 217)> <Delay = 0.00>
ST_3 : Operation 85 [1/1] (0.00ns)   --->   "%write_ln2662 = write void @_ssdm_op_Write.ap_auto.i16P0A, i16 %input_buffer_216, i16 %value_88" [H:/subband_ref_q610_opt_stage4_latency_stepL2.cpp:2662]   --->   Operation 85 'write' 'write_ln2662' <Predicate = (input_index_1 == 216)> <Delay = 0.00>
ST_3 : Operation 86 [1/1] (0.00ns)   --->   "%br_ln2662 = br void %arrayidx141.exit" [H:/subband_ref_q610_opt_stage4_latency_stepL2.cpp:2662]   --->   Operation 86 'br' 'br_ln2662' <Predicate = (input_index_1 == 216)> <Delay = 0.00>
ST_3 : Operation 87 [1/1] (0.00ns)   --->   "%write_ln2662 = write void @_ssdm_op_Write.ap_auto.i16P0A, i16 %input_buffer_215, i16 %value_88" [H:/subband_ref_q610_opt_stage4_latency_stepL2.cpp:2662]   --->   Operation 87 'write' 'write_ln2662' <Predicate = (input_index_1 == 215)> <Delay = 0.00>
ST_3 : Operation 88 [1/1] (0.00ns)   --->   "%br_ln2662 = br void %arrayidx141.exit" [H:/subband_ref_q610_opt_stage4_latency_stepL2.cpp:2662]   --->   Operation 88 'br' 'br_ln2662' <Predicate = (input_index_1 == 215)> <Delay = 0.00>
ST_3 : Operation 89 [1/1] (0.00ns)   --->   "%write_ln2662 = write void @_ssdm_op_Write.ap_auto.i16P0A, i16 %input_buffer_214, i16 %value_88" [H:/subband_ref_q610_opt_stage4_latency_stepL2.cpp:2662]   --->   Operation 89 'write' 'write_ln2662' <Predicate = (input_index_1 == 214)> <Delay = 0.00>
ST_3 : Operation 90 [1/1] (0.00ns)   --->   "%br_ln2662 = br void %arrayidx141.exit" [H:/subband_ref_q610_opt_stage4_latency_stepL2.cpp:2662]   --->   Operation 90 'br' 'br_ln2662' <Predicate = (input_index_1 == 214)> <Delay = 0.00>
ST_3 : Operation 91 [1/1] (0.00ns)   --->   "%write_ln2662 = write void @_ssdm_op_Write.ap_auto.i16P0A, i16 %input_buffer_213, i16 %value_88" [H:/subband_ref_q610_opt_stage4_latency_stepL2.cpp:2662]   --->   Operation 91 'write' 'write_ln2662' <Predicate = (input_index_1 == 213)> <Delay = 0.00>
ST_3 : Operation 92 [1/1] (0.00ns)   --->   "%br_ln2662 = br void %arrayidx141.exit" [H:/subband_ref_q610_opt_stage4_latency_stepL2.cpp:2662]   --->   Operation 92 'br' 'br_ln2662' <Predicate = (input_index_1 == 213)> <Delay = 0.00>
ST_3 : Operation 93 [1/1] (0.00ns)   --->   "%write_ln2662 = write void @_ssdm_op_Write.ap_auto.i16P0A, i16 %input_buffer_212, i16 %value_88" [H:/subband_ref_q610_opt_stage4_latency_stepL2.cpp:2662]   --->   Operation 93 'write' 'write_ln2662' <Predicate = (input_index_1 == 212)> <Delay = 0.00>
ST_3 : Operation 94 [1/1] (0.00ns)   --->   "%br_ln2662 = br void %arrayidx141.exit" [H:/subband_ref_q610_opt_stage4_latency_stepL2.cpp:2662]   --->   Operation 94 'br' 'br_ln2662' <Predicate = (input_index_1 == 212)> <Delay = 0.00>
ST_3 : Operation 95 [1/1] (0.00ns)   --->   "%write_ln2662 = write void @_ssdm_op_Write.ap_auto.i16P0A, i16 %input_buffer_211, i16 %value_88" [H:/subband_ref_q610_opt_stage4_latency_stepL2.cpp:2662]   --->   Operation 95 'write' 'write_ln2662' <Predicate = (input_index_1 == 211)> <Delay = 0.00>
ST_3 : Operation 96 [1/1] (0.00ns)   --->   "%br_ln2662 = br void %arrayidx141.exit" [H:/subband_ref_q610_opt_stage4_latency_stepL2.cpp:2662]   --->   Operation 96 'br' 'br_ln2662' <Predicate = (input_index_1 == 211)> <Delay = 0.00>
ST_3 : Operation 97 [1/1] (0.00ns)   --->   "%write_ln2662 = write void @_ssdm_op_Write.ap_auto.i16P0A, i16 %input_buffer_210, i16 %value_88" [H:/subband_ref_q610_opt_stage4_latency_stepL2.cpp:2662]   --->   Operation 97 'write' 'write_ln2662' <Predicate = (input_index_1 == 210)> <Delay = 0.00>
ST_3 : Operation 98 [1/1] (0.00ns)   --->   "%br_ln2662 = br void %arrayidx141.exit" [H:/subband_ref_q610_opt_stage4_latency_stepL2.cpp:2662]   --->   Operation 98 'br' 'br_ln2662' <Predicate = (input_index_1 == 210)> <Delay = 0.00>
ST_3 : Operation 99 [1/1] (0.00ns)   --->   "%write_ln2662 = write void @_ssdm_op_Write.ap_auto.i16P0A, i16 %input_buffer_209, i16 %value_88" [H:/subband_ref_q610_opt_stage4_latency_stepL2.cpp:2662]   --->   Operation 99 'write' 'write_ln2662' <Predicate = (input_index_1 == 209)> <Delay = 0.00>
ST_3 : Operation 100 [1/1] (0.00ns)   --->   "%br_ln2662 = br void %arrayidx141.exit" [H:/subband_ref_q610_opt_stage4_latency_stepL2.cpp:2662]   --->   Operation 100 'br' 'br_ln2662' <Predicate = (input_index_1 == 209)> <Delay = 0.00>
ST_3 : Operation 101 [1/1] (0.00ns)   --->   "%write_ln2662 = write void @_ssdm_op_Write.ap_auto.i16P0A, i16 %input_buffer_208, i16 %value_88" [H:/subband_ref_q610_opt_stage4_latency_stepL2.cpp:2662]   --->   Operation 101 'write' 'write_ln2662' <Predicate = (input_index_1 == 208)> <Delay = 0.00>
ST_3 : Operation 102 [1/1] (0.00ns)   --->   "%br_ln2662 = br void %arrayidx141.exit" [H:/subband_ref_q610_opt_stage4_latency_stepL2.cpp:2662]   --->   Operation 102 'br' 'br_ln2662' <Predicate = (input_index_1 == 208)> <Delay = 0.00>
ST_3 : Operation 103 [1/1] (0.00ns)   --->   "%write_ln2662 = write void @_ssdm_op_Write.ap_auto.i16P0A, i16 %input_buffer_207, i16 %value_88" [H:/subband_ref_q610_opt_stage4_latency_stepL2.cpp:2662]   --->   Operation 103 'write' 'write_ln2662' <Predicate = (input_index_1 == 207)> <Delay = 0.00>
ST_3 : Operation 104 [1/1] (0.00ns)   --->   "%br_ln2662 = br void %arrayidx141.exit" [H:/subband_ref_q610_opt_stage4_latency_stepL2.cpp:2662]   --->   Operation 104 'br' 'br_ln2662' <Predicate = (input_index_1 == 207)> <Delay = 0.00>
ST_3 : Operation 105 [1/1] (0.00ns)   --->   "%write_ln2662 = write void @_ssdm_op_Write.ap_auto.i16P0A, i16 %input_buffer_206, i16 %value_88" [H:/subband_ref_q610_opt_stage4_latency_stepL2.cpp:2662]   --->   Operation 105 'write' 'write_ln2662' <Predicate = (input_index_1 == 206)> <Delay = 0.00>
ST_3 : Operation 106 [1/1] (0.00ns)   --->   "%br_ln2662 = br void %arrayidx141.exit" [H:/subband_ref_q610_opt_stage4_latency_stepL2.cpp:2662]   --->   Operation 106 'br' 'br_ln2662' <Predicate = (input_index_1 == 206)> <Delay = 0.00>
ST_3 : Operation 107 [1/1] (0.00ns)   --->   "%write_ln2662 = write void @_ssdm_op_Write.ap_auto.i16P0A, i16 %input_buffer_205, i16 %value_88" [H:/subband_ref_q610_opt_stage4_latency_stepL2.cpp:2662]   --->   Operation 107 'write' 'write_ln2662' <Predicate = (input_index_1 == 205)> <Delay = 0.00>
ST_3 : Operation 108 [1/1] (0.00ns)   --->   "%br_ln2662 = br void %arrayidx141.exit" [H:/subband_ref_q610_opt_stage4_latency_stepL2.cpp:2662]   --->   Operation 108 'br' 'br_ln2662' <Predicate = (input_index_1 == 205)> <Delay = 0.00>
ST_3 : Operation 109 [1/1] (0.00ns)   --->   "%write_ln2662 = write void @_ssdm_op_Write.ap_auto.i16P0A, i16 %input_buffer_204, i16 %value_88" [H:/subband_ref_q610_opt_stage4_latency_stepL2.cpp:2662]   --->   Operation 109 'write' 'write_ln2662' <Predicate = (input_index_1 == 204)> <Delay = 0.00>
ST_3 : Operation 110 [1/1] (0.00ns)   --->   "%br_ln2662 = br void %arrayidx141.exit" [H:/subband_ref_q610_opt_stage4_latency_stepL2.cpp:2662]   --->   Operation 110 'br' 'br_ln2662' <Predicate = (input_index_1 == 204)> <Delay = 0.00>
ST_3 : Operation 111 [1/1] (0.00ns)   --->   "%write_ln2662 = write void @_ssdm_op_Write.ap_auto.i16P0A, i16 %input_buffer_203, i16 %value_88" [H:/subband_ref_q610_opt_stage4_latency_stepL2.cpp:2662]   --->   Operation 111 'write' 'write_ln2662' <Predicate = (input_index_1 == 203)> <Delay = 0.00>
ST_3 : Operation 112 [1/1] (0.00ns)   --->   "%br_ln2662 = br void %arrayidx141.exit" [H:/subband_ref_q610_opt_stage4_latency_stepL2.cpp:2662]   --->   Operation 112 'br' 'br_ln2662' <Predicate = (input_index_1 == 203)> <Delay = 0.00>
ST_3 : Operation 113 [1/1] (0.00ns)   --->   "%write_ln2662 = write void @_ssdm_op_Write.ap_auto.i16P0A, i16 %input_buffer_202, i16 %value_88" [H:/subband_ref_q610_opt_stage4_latency_stepL2.cpp:2662]   --->   Operation 113 'write' 'write_ln2662' <Predicate = (input_index_1 == 202)> <Delay = 0.00>
ST_3 : Operation 114 [1/1] (0.00ns)   --->   "%br_ln2662 = br void %arrayidx141.exit" [H:/subband_ref_q610_opt_stage4_latency_stepL2.cpp:2662]   --->   Operation 114 'br' 'br_ln2662' <Predicate = (input_index_1 == 202)> <Delay = 0.00>
ST_3 : Operation 115 [1/1] (0.00ns)   --->   "%write_ln2662 = write void @_ssdm_op_Write.ap_auto.i16P0A, i16 %input_buffer_201, i16 %value_88" [H:/subband_ref_q610_opt_stage4_latency_stepL2.cpp:2662]   --->   Operation 115 'write' 'write_ln2662' <Predicate = (input_index_1 == 201)> <Delay = 0.00>
ST_3 : Operation 116 [1/1] (0.00ns)   --->   "%br_ln2662 = br void %arrayidx141.exit" [H:/subband_ref_q610_opt_stage4_latency_stepL2.cpp:2662]   --->   Operation 116 'br' 'br_ln2662' <Predicate = (input_index_1 == 201)> <Delay = 0.00>
ST_3 : Operation 117 [1/1] (0.00ns)   --->   "%write_ln2662 = write void @_ssdm_op_Write.ap_auto.i16P0A, i16 %input_buffer_200, i16 %value_88" [H:/subband_ref_q610_opt_stage4_latency_stepL2.cpp:2662]   --->   Operation 117 'write' 'write_ln2662' <Predicate = (input_index_1 == 200)> <Delay = 0.00>
ST_3 : Operation 118 [1/1] (0.00ns)   --->   "%br_ln2662 = br void %arrayidx141.exit" [H:/subband_ref_q610_opt_stage4_latency_stepL2.cpp:2662]   --->   Operation 118 'br' 'br_ln2662' <Predicate = (input_index_1 == 200)> <Delay = 0.00>
ST_3 : Operation 119 [1/1] (0.00ns)   --->   "%write_ln2662 = write void @_ssdm_op_Write.ap_auto.i16P0A, i16 %input_buffer_199, i16 %value_88" [H:/subband_ref_q610_opt_stage4_latency_stepL2.cpp:2662]   --->   Operation 119 'write' 'write_ln2662' <Predicate = (input_index_1 == 199)> <Delay = 0.00>
ST_3 : Operation 120 [1/1] (0.00ns)   --->   "%br_ln2662 = br void %arrayidx141.exit" [H:/subband_ref_q610_opt_stage4_latency_stepL2.cpp:2662]   --->   Operation 120 'br' 'br_ln2662' <Predicate = (input_index_1 == 199)> <Delay = 0.00>
ST_3 : Operation 121 [1/1] (0.00ns)   --->   "%write_ln2662 = write void @_ssdm_op_Write.ap_auto.i16P0A, i16 %input_buffer_198, i16 %value_88" [H:/subband_ref_q610_opt_stage4_latency_stepL2.cpp:2662]   --->   Operation 121 'write' 'write_ln2662' <Predicate = (input_index_1 == 198)> <Delay = 0.00>
ST_3 : Operation 122 [1/1] (0.00ns)   --->   "%br_ln2662 = br void %arrayidx141.exit" [H:/subband_ref_q610_opt_stage4_latency_stepL2.cpp:2662]   --->   Operation 122 'br' 'br_ln2662' <Predicate = (input_index_1 == 198)> <Delay = 0.00>
ST_3 : Operation 123 [1/1] (0.00ns)   --->   "%write_ln2662 = write void @_ssdm_op_Write.ap_auto.i16P0A, i16 %input_buffer_197, i16 %value_88" [H:/subband_ref_q610_opt_stage4_latency_stepL2.cpp:2662]   --->   Operation 123 'write' 'write_ln2662' <Predicate = (input_index_1 == 197)> <Delay = 0.00>
ST_3 : Operation 124 [1/1] (0.00ns)   --->   "%br_ln2662 = br void %arrayidx141.exit" [H:/subband_ref_q610_opt_stage4_latency_stepL2.cpp:2662]   --->   Operation 124 'br' 'br_ln2662' <Predicate = (input_index_1 == 197)> <Delay = 0.00>
ST_3 : Operation 125 [1/1] (0.00ns)   --->   "%write_ln2662 = write void @_ssdm_op_Write.ap_auto.i16P0A, i16 %input_buffer_196, i16 %value_88" [H:/subband_ref_q610_opt_stage4_latency_stepL2.cpp:2662]   --->   Operation 125 'write' 'write_ln2662' <Predicate = (input_index_1 == 196)> <Delay = 0.00>
ST_3 : Operation 126 [1/1] (0.00ns)   --->   "%br_ln2662 = br void %arrayidx141.exit" [H:/subband_ref_q610_opt_stage4_latency_stepL2.cpp:2662]   --->   Operation 126 'br' 'br_ln2662' <Predicate = (input_index_1 == 196)> <Delay = 0.00>
ST_3 : Operation 127 [1/1] (0.00ns)   --->   "%write_ln2662 = write void @_ssdm_op_Write.ap_auto.i16P0A, i16 %input_buffer_195, i16 %value_88" [H:/subband_ref_q610_opt_stage4_latency_stepL2.cpp:2662]   --->   Operation 127 'write' 'write_ln2662' <Predicate = (input_index_1 == 195)> <Delay = 0.00>
ST_3 : Operation 128 [1/1] (0.00ns)   --->   "%br_ln2662 = br void %arrayidx141.exit" [H:/subband_ref_q610_opt_stage4_latency_stepL2.cpp:2662]   --->   Operation 128 'br' 'br_ln2662' <Predicate = (input_index_1 == 195)> <Delay = 0.00>
ST_3 : Operation 129 [1/1] (0.00ns)   --->   "%write_ln2662 = write void @_ssdm_op_Write.ap_auto.i16P0A, i16 %input_buffer_194, i16 %value_88" [H:/subband_ref_q610_opt_stage4_latency_stepL2.cpp:2662]   --->   Operation 129 'write' 'write_ln2662' <Predicate = (input_index_1 == 194)> <Delay = 0.00>
ST_3 : Operation 130 [1/1] (0.00ns)   --->   "%br_ln2662 = br void %arrayidx141.exit" [H:/subband_ref_q610_opt_stage4_latency_stepL2.cpp:2662]   --->   Operation 130 'br' 'br_ln2662' <Predicate = (input_index_1 == 194)> <Delay = 0.00>
ST_3 : Operation 131 [1/1] (0.00ns)   --->   "%write_ln2662 = write void @_ssdm_op_Write.ap_auto.i16P0A, i16 %input_buffer_193, i16 %value_88" [H:/subband_ref_q610_opt_stage4_latency_stepL2.cpp:2662]   --->   Operation 131 'write' 'write_ln2662' <Predicate = (input_index_1 == 193)> <Delay = 0.00>
ST_3 : Operation 132 [1/1] (0.00ns)   --->   "%br_ln2662 = br void %arrayidx141.exit" [H:/subband_ref_q610_opt_stage4_latency_stepL2.cpp:2662]   --->   Operation 132 'br' 'br_ln2662' <Predicate = (input_index_1 == 193)> <Delay = 0.00>
ST_3 : Operation 133 [1/1] (0.00ns)   --->   "%write_ln2662 = write void @_ssdm_op_Write.ap_auto.i16P0A, i16 %input_buffer_192, i16 %value_88" [H:/subband_ref_q610_opt_stage4_latency_stepL2.cpp:2662]   --->   Operation 133 'write' 'write_ln2662' <Predicate = (input_index_1 == 192)> <Delay = 0.00>
ST_3 : Operation 134 [1/1] (0.00ns)   --->   "%br_ln2662 = br void %arrayidx141.exit" [H:/subband_ref_q610_opt_stage4_latency_stepL2.cpp:2662]   --->   Operation 134 'br' 'br_ln2662' <Predicate = (input_index_1 == 192)> <Delay = 0.00>
ST_3 : Operation 135 [1/1] (0.00ns)   --->   "%write_ln2662 = write void @_ssdm_op_Write.ap_auto.i16P0A, i16 %input_buffer_191, i16 %value_88" [H:/subband_ref_q610_opt_stage4_latency_stepL2.cpp:2662]   --->   Operation 135 'write' 'write_ln2662' <Predicate = (input_index_1 == 191)> <Delay = 0.00>
ST_3 : Operation 136 [1/1] (0.00ns)   --->   "%br_ln2662 = br void %arrayidx141.exit" [H:/subband_ref_q610_opt_stage4_latency_stepL2.cpp:2662]   --->   Operation 136 'br' 'br_ln2662' <Predicate = (input_index_1 == 191)> <Delay = 0.00>
ST_3 : Operation 137 [1/1] (0.00ns)   --->   "%write_ln2662 = write void @_ssdm_op_Write.ap_auto.i16P0A, i16 %input_buffer_190, i16 %value_88" [H:/subband_ref_q610_opt_stage4_latency_stepL2.cpp:2662]   --->   Operation 137 'write' 'write_ln2662' <Predicate = (input_index_1 == 190)> <Delay = 0.00>
ST_3 : Operation 138 [1/1] (0.00ns)   --->   "%br_ln2662 = br void %arrayidx141.exit" [H:/subband_ref_q610_opt_stage4_latency_stepL2.cpp:2662]   --->   Operation 138 'br' 'br_ln2662' <Predicate = (input_index_1 == 190)> <Delay = 0.00>
ST_3 : Operation 139 [1/1] (0.00ns)   --->   "%write_ln2662 = write void @_ssdm_op_Write.ap_auto.i16P0A, i16 %input_buffer_189, i16 %value_88" [H:/subband_ref_q610_opt_stage4_latency_stepL2.cpp:2662]   --->   Operation 139 'write' 'write_ln2662' <Predicate = (input_index_1 == 189)> <Delay = 0.00>
ST_3 : Operation 140 [1/1] (0.00ns)   --->   "%br_ln2662 = br void %arrayidx141.exit" [H:/subband_ref_q610_opt_stage4_latency_stepL2.cpp:2662]   --->   Operation 140 'br' 'br_ln2662' <Predicate = (input_index_1 == 189)> <Delay = 0.00>
ST_3 : Operation 141 [1/1] (0.00ns)   --->   "%write_ln2662 = write void @_ssdm_op_Write.ap_auto.i16P0A, i16 %input_buffer_188, i16 %value_88" [H:/subband_ref_q610_opt_stage4_latency_stepL2.cpp:2662]   --->   Operation 141 'write' 'write_ln2662' <Predicate = (input_index_1 == 188)> <Delay = 0.00>
ST_3 : Operation 142 [1/1] (0.00ns)   --->   "%br_ln2662 = br void %arrayidx141.exit" [H:/subband_ref_q610_opt_stage4_latency_stepL2.cpp:2662]   --->   Operation 142 'br' 'br_ln2662' <Predicate = (input_index_1 == 188)> <Delay = 0.00>
ST_3 : Operation 143 [1/1] (0.00ns)   --->   "%write_ln2662 = write void @_ssdm_op_Write.ap_auto.i16P0A, i16 %input_buffer_187, i16 %value_88" [H:/subband_ref_q610_opt_stage4_latency_stepL2.cpp:2662]   --->   Operation 143 'write' 'write_ln2662' <Predicate = (input_index_1 == 187)> <Delay = 0.00>
ST_3 : Operation 144 [1/1] (0.00ns)   --->   "%br_ln2662 = br void %arrayidx141.exit" [H:/subband_ref_q610_opt_stage4_latency_stepL2.cpp:2662]   --->   Operation 144 'br' 'br_ln2662' <Predicate = (input_index_1 == 187)> <Delay = 0.00>
ST_3 : Operation 145 [1/1] (0.00ns)   --->   "%write_ln2662 = write void @_ssdm_op_Write.ap_auto.i16P0A, i16 %input_buffer_186, i16 %value_88" [H:/subband_ref_q610_opt_stage4_latency_stepL2.cpp:2662]   --->   Operation 145 'write' 'write_ln2662' <Predicate = (input_index_1 == 186)> <Delay = 0.00>
ST_3 : Operation 146 [1/1] (0.00ns)   --->   "%br_ln2662 = br void %arrayidx141.exit" [H:/subband_ref_q610_opt_stage4_latency_stepL2.cpp:2662]   --->   Operation 146 'br' 'br_ln2662' <Predicate = (input_index_1 == 186)> <Delay = 0.00>
ST_3 : Operation 147 [1/1] (0.00ns)   --->   "%write_ln2662 = write void @_ssdm_op_Write.ap_auto.i16P0A, i16 %input_buffer_185, i16 %value_88" [H:/subband_ref_q610_opt_stage4_latency_stepL2.cpp:2662]   --->   Operation 147 'write' 'write_ln2662' <Predicate = (input_index_1 == 185)> <Delay = 0.00>
ST_3 : Operation 148 [1/1] (0.00ns)   --->   "%br_ln2662 = br void %arrayidx141.exit" [H:/subband_ref_q610_opt_stage4_latency_stepL2.cpp:2662]   --->   Operation 148 'br' 'br_ln2662' <Predicate = (input_index_1 == 185)> <Delay = 0.00>
ST_3 : Operation 149 [1/1] (0.00ns)   --->   "%write_ln2662 = write void @_ssdm_op_Write.ap_auto.i16P0A, i16 %input_buffer_184, i16 %value_88" [H:/subband_ref_q610_opt_stage4_latency_stepL2.cpp:2662]   --->   Operation 149 'write' 'write_ln2662' <Predicate = (input_index_1 == 184)> <Delay = 0.00>
ST_3 : Operation 150 [1/1] (0.00ns)   --->   "%br_ln2662 = br void %arrayidx141.exit" [H:/subband_ref_q610_opt_stage4_latency_stepL2.cpp:2662]   --->   Operation 150 'br' 'br_ln2662' <Predicate = (input_index_1 == 184)> <Delay = 0.00>
ST_3 : Operation 151 [1/1] (0.00ns)   --->   "%write_ln2662 = write void @_ssdm_op_Write.ap_auto.i16P0A, i16 %input_buffer_183, i16 %value_88" [H:/subband_ref_q610_opt_stage4_latency_stepL2.cpp:2662]   --->   Operation 151 'write' 'write_ln2662' <Predicate = (input_index_1 == 183)> <Delay = 0.00>
ST_3 : Operation 152 [1/1] (0.00ns)   --->   "%br_ln2662 = br void %arrayidx141.exit" [H:/subband_ref_q610_opt_stage4_latency_stepL2.cpp:2662]   --->   Operation 152 'br' 'br_ln2662' <Predicate = (input_index_1 == 183)> <Delay = 0.00>
ST_3 : Operation 153 [1/1] (0.00ns)   --->   "%write_ln2662 = write void @_ssdm_op_Write.ap_auto.i16P0A, i16 %input_buffer_182, i16 %value_88" [H:/subband_ref_q610_opt_stage4_latency_stepL2.cpp:2662]   --->   Operation 153 'write' 'write_ln2662' <Predicate = (input_index_1 == 182)> <Delay = 0.00>
ST_3 : Operation 154 [1/1] (0.00ns)   --->   "%br_ln2662 = br void %arrayidx141.exit" [H:/subband_ref_q610_opt_stage4_latency_stepL2.cpp:2662]   --->   Operation 154 'br' 'br_ln2662' <Predicate = (input_index_1 == 182)> <Delay = 0.00>
ST_3 : Operation 155 [1/1] (0.00ns)   --->   "%write_ln2662 = write void @_ssdm_op_Write.ap_auto.i16P0A, i16 %input_buffer_181, i16 %value_88" [H:/subband_ref_q610_opt_stage4_latency_stepL2.cpp:2662]   --->   Operation 155 'write' 'write_ln2662' <Predicate = (input_index_1 == 181)> <Delay = 0.00>
ST_3 : Operation 156 [1/1] (0.00ns)   --->   "%br_ln2662 = br void %arrayidx141.exit" [H:/subband_ref_q610_opt_stage4_latency_stepL2.cpp:2662]   --->   Operation 156 'br' 'br_ln2662' <Predicate = (input_index_1 == 181)> <Delay = 0.00>
ST_3 : Operation 157 [1/1] (0.00ns)   --->   "%write_ln2662 = write void @_ssdm_op_Write.ap_auto.i16P0A, i16 %input_buffer_180, i16 %value_88" [H:/subband_ref_q610_opt_stage4_latency_stepL2.cpp:2662]   --->   Operation 157 'write' 'write_ln2662' <Predicate = (input_index_1 == 180)> <Delay = 0.00>
ST_3 : Operation 158 [1/1] (0.00ns)   --->   "%br_ln2662 = br void %arrayidx141.exit" [H:/subband_ref_q610_opt_stage4_latency_stepL2.cpp:2662]   --->   Operation 158 'br' 'br_ln2662' <Predicate = (input_index_1 == 180)> <Delay = 0.00>
ST_3 : Operation 159 [1/1] (0.00ns)   --->   "%write_ln2662 = write void @_ssdm_op_Write.ap_auto.i16P0A, i16 %input_buffer_179, i16 %value_88" [H:/subband_ref_q610_opt_stage4_latency_stepL2.cpp:2662]   --->   Operation 159 'write' 'write_ln2662' <Predicate = (input_index_1 == 179)> <Delay = 0.00>
ST_3 : Operation 160 [1/1] (0.00ns)   --->   "%br_ln2662 = br void %arrayidx141.exit" [H:/subband_ref_q610_opt_stage4_latency_stepL2.cpp:2662]   --->   Operation 160 'br' 'br_ln2662' <Predicate = (input_index_1 == 179)> <Delay = 0.00>
ST_3 : Operation 161 [1/1] (0.00ns)   --->   "%write_ln2662 = write void @_ssdm_op_Write.ap_auto.i16P0A, i16 %input_buffer_178, i16 %value_88" [H:/subband_ref_q610_opt_stage4_latency_stepL2.cpp:2662]   --->   Operation 161 'write' 'write_ln2662' <Predicate = (input_index_1 == 178)> <Delay = 0.00>
ST_3 : Operation 162 [1/1] (0.00ns)   --->   "%br_ln2662 = br void %arrayidx141.exit" [H:/subband_ref_q610_opt_stage4_latency_stepL2.cpp:2662]   --->   Operation 162 'br' 'br_ln2662' <Predicate = (input_index_1 == 178)> <Delay = 0.00>
ST_3 : Operation 163 [1/1] (0.00ns)   --->   "%write_ln2662 = write void @_ssdm_op_Write.ap_auto.i16P0A, i16 %input_buffer_177, i16 %value_88" [H:/subband_ref_q610_opt_stage4_latency_stepL2.cpp:2662]   --->   Operation 163 'write' 'write_ln2662' <Predicate = (input_index_1 == 177)> <Delay = 0.00>
ST_3 : Operation 164 [1/1] (0.00ns)   --->   "%br_ln2662 = br void %arrayidx141.exit" [H:/subband_ref_q610_opt_stage4_latency_stepL2.cpp:2662]   --->   Operation 164 'br' 'br_ln2662' <Predicate = (input_index_1 == 177)> <Delay = 0.00>
ST_3 : Operation 165 [1/1] (0.00ns)   --->   "%write_ln2662 = write void @_ssdm_op_Write.ap_auto.i16P0A, i16 %input_buffer_176, i16 %value_88" [H:/subband_ref_q610_opt_stage4_latency_stepL2.cpp:2662]   --->   Operation 165 'write' 'write_ln2662' <Predicate = (input_index_1 == 176)> <Delay = 0.00>
ST_3 : Operation 166 [1/1] (0.00ns)   --->   "%br_ln2662 = br void %arrayidx141.exit" [H:/subband_ref_q610_opt_stage4_latency_stepL2.cpp:2662]   --->   Operation 166 'br' 'br_ln2662' <Predicate = (input_index_1 == 176)> <Delay = 0.00>
ST_3 : Operation 167 [1/1] (0.00ns)   --->   "%write_ln2662 = write void @_ssdm_op_Write.ap_auto.i16P0A, i16 %input_buffer_175, i16 %value_88" [H:/subband_ref_q610_opt_stage4_latency_stepL2.cpp:2662]   --->   Operation 167 'write' 'write_ln2662' <Predicate = (input_index_1 == 175)> <Delay = 0.00>
ST_3 : Operation 168 [1/1] (0.00ns)   --->   "%br_ln2662 = br void %arrayidx141.exit" [H:/subband_ref_q610_opt_stage4_latency_stepL2.cpp:2662]   --->   Operation 168 'br' 'br_ln2662' <Predicate = (input_index_1 == 175)> <Delay = 0.00>
ST_3 : Operation 169 [1/1] (0.00ns)   --->   "%write_ln2662 = write void @_ssdm_op_Write.ap_auto.i16P0A, i16 %input_buffer_174, i16 %value_88" [H:/subband_ref_q610_opt_stage4_latency_stepL2.cpp:2662]   --->   Operation 169 'write' 'write_ln2662' <Predicate = (input_index_1 == 174)> <Delay = 0.00>
ST_3 : Operation 170 [1/1] (0.00ns)   --->   "%br_ln2662 = br void %arrayidx141.exit" [H:/subband_ref_q610_opt_stage4_latency_stepL2.cpp:2662]   --->   Operation 170 'br' 'br_ln2662' <Predicate = (input_index_1 == 174)> <Delay = 0.00>
ST_3 : Operation 171 [1/1] (0.00ns)   --->   "%write_ln2662 = write void @_ssdm_op_Write.ap_auto.i16P0A, i16 %input_buffer_173, i16 %value_88" [H:/subband_ref_q610_opt_stage4_latency_stepL2.cpp:2662]   --->   Operation 171 'write' 'write_ln2662' <Predicate = (input_index_1 == 173)> <Delay = 0.00>
ST_3 : Operation 172 [1/1] (0.00ns)   --->   "%br_ln2662 = br void %arrayidx141.exit" [H:/subband_ref_q610_opt_stage4_latency_stepL2.cpp:2662]   --->   Operation 172 'br' 'br_ln2662' <Predicate = (input_index_1 == 173)> <Delay = 0.00>
ST_3 : Operation 173 [1/1] (0.00ns)   --->   "%write_ln2662 = write void @_ssdm_op_Write.ap_auto.i16P0A, i16 %input_buffer_172, i16 %value_88" [H:/subband_ref_q610_opt_stage4_latency_stepL2.cpp:2662]   --->   Operation 173 'write' 'write_ln2662' <Predicate = (input_index_1 == 172)> <Delay = 0.00>
ST_3 : Operation 174 [1/1] (0.00ns)   --->   "%br_ln2662 = br void %arrayidx141.exit" [H:/subband_ref_q610_opt_stage4_latency_stepL2.cpp:2662]   --->   Operation 174 'br' 'br_ln2662' <Predicate = (input_index_1 == 172)> <Delay = 0.00>
ST_3 : Operation 175 [1/1] (0.00ns)   --->   "%write_ln2662 = write void @_ssdm_op_Write.ap_auto.i16P0A, i16 %input_buffer_171, i16 %value_88" [H:/subband_ref_q610_opt_stage4_latency_stepL2.cpp:2662]   --->   Operation 175 'write' 'write_ln2662' <Predicate = (input_index_1 == 171)> <Delay = 0.00>
ST_3 : Operation 176 [1/1] (0.00ns)   --->   "%br_ln2662 = br void %arrayidx141.exit" [H:/subband_ref_q610_opt_stage4_latency_stepL2.cpp:2662]   --->   Operation 176 'br' 'br_ln2662' <Predicate = (input_index_1 == 171)> <Delay = 0.00>
ST_3 : Operation 177 [1/1] (0.00ns)   --->   "%write_ln2662 = write void @_ssdm_op_Write.ap_auto.i16P0A, i16 %input_buffer_170, i16 %value_88" [H:/subband_ref_q610_opt_stage4_latency_stepL2.cpp:2662]   --->   Operation 177 'write' 'write_ln2662' <Predicate = (input_index_1 == 170)> <Delay = 0.00>
ST_3 : Operation 178 [1/1] (0.00ns)   --->   "%br_ln2662 = br void %arrayidx141.exit" [H:/subband_ref_q610_opt_stage4_latency_stepL2.cpp:2662]   --->   Operation 178 'br' 'br_ln2662' <Predicate = (input_index_1 == 170)> <Delay = 0.00>
ST_3 : Operation 179 [1/1] (0.00ns)   --->   "%write_ln2662 = write void @_ssdm_op_Write.ap_auto.i16P0A, i16 %input_buffer_169, i16 %value_88" [H:/subband_ref_q610_opt_stage4_latency_stepL2.cpp:2662]   --->   Operation 179 'write' 'write_ln2662' <Predicate = (input_index_1 == 169)> <Delay = 0.00>
ST_3 : Operation 180 [1/1] (0.00ns)   --->   "%br_ln2662 = br void %arrayidx141.exit" [H:/subband_ref_q610_opt_stage4_latency_stepL2.cpp:2662]   --->   Operation 180 'br' 'br_ln2662' <Predicate = (input_index_1 == 169)> <Delay = 0.00>
ST_3 : Operation 181 [1/1] (0.00ns)   --->   "%write_ln2662 = write void @_ssdm_op_Write.ap_auto.i16P0A, i16 %input_buffer_168, i16 %value_88" [H:/subband_ref_q610_opt_stage4_latency_stepL2.cpp:2662]   --->   Operation 181 'write' 'write_ln2662' <Predicate = (input_index_1 == 168)> <Delay = 0.00>
ST_3 : Operation 182 [1/1] (0.00ns)   --->   "%br_ln2662 = br void %arrayidx141.exit" [H:/subband_ref_q610_opt_stage4_latency_stepL2.cpp:2662]   --->   Operation 182 'br' 'br_ln2662' <Predicate = (input_index_1 == 168)> <Delay = 0.00>
ST_3 : Operation 183 [1/1] (0.00ns)   --->   "%write_ln2662 = write void @_ssdm_op_Write.ap_auto.i16P0A, i16 %input_buffer_167, i16 %value_88" [H:/subband_ref_q610_opt_stage4_latency_stepL2.cpp:2662]   --->   Operation 183 'write' 'write_ln2662' <Predicate = (input_index_1 == 167)> <Delay = 0.00>
ST_3 : Operation 184 [1/1] (0.00ns)   --->   "%br_ln2662 = br void %arrayidx141.exit" [H:/subband_ref_q610_opt_stage4_latency_stepL2.cpp:2662]   --->   Operation 184 'br' 'br_ln2662' <Predicate = (input_index_1 == 167)> <Delay = 0.00>
ST_3 : Operation 185 [1/1] (0.00ns)   --->   "%write_ln2662 = write void @_ssdm_op_Write.ap_auto.i16P0A, i16 %input_buffer_166, i16 %value_88" [H:/subband_ref_q610_opt_stage4_latency_stepL2.cpp:2662]   --->   Operation 185 'write' 'write_ln2662' <Predicate = (input_index_1 == 166)> <Delay = 0.00>
ST_3 : Operation 186 [1/1] (0.00ns)   --->   "%br_ln2662 = br void %arrayidx141.exit" [H:/subband_ref_q610_opt_stage4_latency_stepL2.cpp:2662]   --->   Operation 186 'br' 'br_ln2662' <Predicate = (input_index_1 == 166)> <Delay = 0.00>
ST_3 : Operation 187 [1/1] (0.00ns)   --->   "%write_ln2662 = write void @_ssdm_op_Write.ap_auto.i16P0A, i16 %input_buffer_165, i16 %value_88" [H:/subband_ref_q610_opt_stage4_latency_stepL2.cpp:2662]   --->   Operation 187 'write' 'write_ln2662' <Predicate = (input_index_1 == 165)> <Delay = 0.00>
ST_3 : Operation 188 [1/1] (0.00ns)   --->   "%br_ln2662 = br void %arrayidx141.exit" [H:/subband_ref_q610_opt_stage4_latency_stepL2.cpp:2662]   --->   Operation 188 'br' 'br_ln2662' <Predicate = (input_index_1 == 165)> <Delay = 0.00>
ST_3 : Operation 189 [1/1] (0.00ns)   --->   "%write_ln2662 = write void @_ssdm_op_Write.ap_auto.i16P0A, i16 %input_buffer_164, i16 %value_88" [H:/subband_ref_q610_opt_stage4_latency_stepL2.cpp:2662]   --->   Operation 189 'write' 'write_ln2662' <Predicate = (input_index_1 == 164)> <Delay = 0.00>
ST_3 : Operation 190 [1/1] (0.00ns)   --->   "%br_ln2662 = br void %arrayidx141.exit" [H:/subband_ref_q610_opt_stage4_latency_stepL2.cpp:2662]   --->   Operation 190 'br' 'br_ln2662' <Predicate = (input_index_1 == 164)> <Delay = 0.00>
ST_3 : Operation 191 [1/1] (0.00ns)   --->   "%write_ln2662 = write void @_ssdm_op_Write.ap_auto.i16P0A, i16 %input_buffer_163, i16 %value_88" [H:/subband_ref_q610_opt_stage4_latency_stepL2.cpp:2662]   --->   Operation 191 'write' 'write_ln2662' <Predicate = (input_index_1 == 163)> <Delay = 0.00>
ST_3 : Operation 192 [1/1] (0.00ns)   --->   "%br_ln2662 = br void %arrayidx141.exit" [H:/subband_ref_q610_opt_stage4_latency_stepL2.cpp:2662]   --->   Operation 192 'br' 'br_ln2662' <Predicate = (input_index_1 == 163)> <Delay = 0.00>
ST_3 : Operation 193 [1/1] (0.00ns)   --->   "%write_ln2662 = write void @_ssdm_op_Write.ap_auto.i16P0A, i16 %input_buffer_162, i16 %value_88" [H:/subband_ref_q610_opt_stage4_latency_stepL2.cpp:2662]   --->   Operation 193 'write' 'write_ln2662' <Predicate = (input_index_1 == 162)> <Delay = 0.00>
ST_3 : Operation 194 [1/1] (0.00ns)   --->   "%br_ln2662 = br void %arrayidx141.exit" [H:/subband_ref_q610_opt_stage4_latency_stepL2.cpp:2662]   --->   Operation 194 'br' 'br_ln2662' <Predicate = (input_index_1 == 162)> <Delay = 0.00>
ST_3 : Operation 195 [1/1] (0.00ns)   --->   "%write_ln2662 = write void @_ssdm_op_Write.ap_auto.i16P0A, i16 %input_buffer_161, i16 %value_88" [H:/subband_ref_q610_opt_stage4_latency_stepL2.cpp:2662]   --->   Operation 195 'write' 'write_ln2662' <Predicate = (input_index_1 == 161)> <Delay = 0.00>
ST_3 : Operation 196 [1/1] (0.00ns)   --->   "%br_ln2662 = br void %arrayidx141.exit" [H:/subband_ref_q610_opt_stage4_latency_stepL2.cpp:2662]   --->   Operation 196 'br' 'br_ln2662' <Predicate = (input_index_1 == 161)> <Delay = 0.00>
ST_3 : Operation 197 [1/1] (0.00ns)   --->   "%write_ln2662 = write void @_ssdm_op_Write.ap_auto.i16P0A, i16 %input_buffer_160, i16 %value_88" [H:/subband_ref_q610_opt_stage4_latency_stepL2.cpp:2662]   --->   Operation 197 'write' 'write_ln2662' <Predicate = (input_index_1 == 160)> <Delay = 0.00>
ST_3 : Operation 198 [1/1] (0.00ns)   --->   "%br_ln2662 = br void %arrayidx141.exit" [H:/subband_ref_q610_opt_stage4_latency_stepL2.cpp:2662]   --->   Operation 198 'br' 'br_ln2662' <Predicate = (input_index_1 == 160)> <Delay = 0.00>
ST_3 : Operation 199 [1/1] (0.00ns)   --->   "%write_ln2662 = write void @_ssdm_op_Write.ap_auto.i16P0A, i16 %input_buffer_159, i16 %value_88" [H:/subband_ref_q610_opt_stage4_latency_stepL2.cpp:2662]   --->   Operation 199 'write' 'write_ln2662' <Predicate = (input_index_1 == 159)> <Delay = 0.00>
ST_3 : Operation 200 [1/1] (0.00ns)   --->   "%br_ln2662 = br void %arrayidx141.exit" [H:/subband_ref_q610_opt_stage4_latency_stepL2.cpp:2662]   --->   Operation 200 'br' 'br_ln2662' <Predicate = (input_index_1 == 159)> <Delay = 0.00>
ST_3 : Operation 201 [1/1] (0.00ns)   --->   "%write_ln2662 = write void @_ssdm_op_Write.ap_auto.i16P0A, i16 %input_buffer_158, i16 %value_88" [H:/subband_ref_q610_opt_stage4_latency_stepL2.cpp:2662]   --->   Operation 201 'write' 'write_ln2662' <Predicate = (input_index_1 == 158)> <Delay = 0.00>
ST_3 : Operation 202 [1/1] (0.00ns)   --->   "%br_ln2662 = br void %arrayidx141.exit" [H:/subband_ref_q610_opt_stage4_latency_stepL2.cpp:2662]   --->   Operation 202 'br' 'br_ln2662' <Predicate = (input_index_1 == 158)> <Delay = 0.00>
ST_3 : Operation 203 [1/1] (0.00ns)   --->   "%write_ln2662 = write void @_ssdm_op_Write.ap_auto.i16P0A, i16 %input_buffer_157, i16 %value_88" [H:/subband_ref_q610_opt_stage4_latency_stepL2.cpp:2662]   --->   Operation 203 'write' 'write_ln2662' <Predicate = (input_index_1 == 157)> <Delay = 0.00>
ST_3 : Operation 204 [1/1] (0.00ns)   --->   "%br_ln2662 = br void %arrayidx141.exit" [H:/subband_ref_q610_opt_stage4_latency_stepL2.cpp:2662]   --->   Operation 204 'br' 'br_ln2662' <Predicate = (input_index_1 == 157)> <Delay = 0.00>
ST_3 : Operation 205 [1/1] (0.00ns)   --->   "%write_ln2662 = write void @_ssdm_op_Write.ap_auto.i16P0A, i16 %input_buffer_156, i16 %value_88" [H:/subband_ref_q610_opt_stage4_latency_stepL2.cpp:2662]   --->   Operation 205 'write' 'write_ln2662' <Predicate = (input_index_1 == 156)> <Delay = 0.00>
ST_3 : Operation 206 [1/1] (0.00ns)   --->   "%br_ln2662 = br void %arrayidx141.exit" [H:/subband_ref_q610_opt_stage4_latency_stepL2.cpp:2662]   --->   Operation 206 'br' 'br_ln2662' <Predicate = (input_index_1 == 156)> <Delay = 0.00>
ST_3 : Operation 207 [1/1] (0.00ns)   --->   "%write_ln2662 = write void @_ssdm_op_Write.ap_auto.i16P0A, i16 %input_buffer_155, i16 %value_88" [H:/subband_ref_q610_opt_stage4_latency_stepL2.cpp:2662]   --->   Operation 207 'write' 'write_ln2662' <Predicate = (input_index_1 == 155)> <Delay = 0.00>
ST_3 : Operation 208 [1/1] (0.00ns)   --->   "%br_ln2662 = br void %arrayidx141.exit" [H:/subband_ref_q610_opt_stage4_latency_stepL2.cpp:2662]   --->   Operation 208 'br' 'br_ln2662' <Predicate = (input_index_1 == 155)> <Delay = 0.00>
ST_3 : Operation 209 [1/1] (0.00ns)   --->   "%write_ln2662 = write void @_ssdm_op_Write.ap_auto.i16P0A, i16 %input_buffer_154, i16 %value_88" [H:/subband_ref_q610_opt_stage4_latency_stepL2.cpp:2662]   --->   Operation 209 'write' 'write_ln2662' <Predicate = (input_index_1 == 154)> <Delay = 0.00>
ST_3 : Operation 210 [1/1] (0.00ns)   --->   "%br_ln2662 = br void %arrayidx141.exit" [H:/subband_ref_q610_opt_stage4_latency_stepL2.cpp:2662]   --->   Operation 210 'br' 'br_ln2662' <Predicate = (input_index_1 == 154)> <Delay = 0.00>
ST_3 : Operation 211 [1/1] (0.00ns)   --->   "%write_ln2662 = write void @_ssdm_op_Write.ap_auto.i16P0A, i16 %input_buffer_153, i16 %value_88" [H:/subband_ref_q610_opt_stage4_latency_stepL2.cpp:2662]   --->   Operation 211 'write' 'write_ln2662' <Predicate = (input_index_1 == 153)> <Delay = 0.00>
ST_3 : Operation 212 [1/1] (0.00ns)   --->   "%br_ln2662 = br void %arrayidx141.exit" [H:/subband_ref_q610_opt_stage4_latency_stepL2.cpp:2662]   --->   Operation 212 'br' 'br_ln2662' <Predicate = (input_index_1 == 153)> <Delay = 0.00>
ST_3 : Operation 213 [1/1] (0.00ns)   --->   "%write_ln2662 = write void @_ssdm_op_Write.ap_auto.i16P0A, i16 %input_buffer_152, i16 %value_88" [H:/subband_ref_q610_opt_stage4_latency_stepL2.cpp:2662]   --->   Operation 213 'write' 'write_ln2662' <Predicate = (input_index_1 == 152)> <Delay = 0.00>
ST_3 : Operation 214 [1/1] (0.00ns)   --->   "%br_ln2662 = br void %arrayidx141.exit" [H:/subband_ref_q610_opt_stage4_latency_stepL2.cpp:2662]   --->   Operation 214 'br' 'br_ln2662' <Predicate = (input_index_1 == 152)> <Delay = 0.00>
ST_3 : Operation 215 [1/1] (0.00ns)   --->   "%write_ln2662 = write void @_ssdm_op_Write.ap_auto.i16P0A, i16 %input_buffer_151, i16 %value_88" [H:/subband_ref_q610_opt_stage4_latency_stepL2.cpp:2662]   --->   Operation 215 'write' 'write_ln2662' <Predicate = (input_index_1 == 151)> <Delay = 0.00>
ST_3 : Operation 216 [1/1] (0.00ns)   --->   "%br_ln2662 = br void %arrayidx141.exit" [H:/subband_ref_q610_opt_stage4_latency_stepL2.cpp:2662]   --->   Operation 216 'br' 'br_ln2662' <Predicate = (input_index_1 == 151)> <Delay = 0.00>
ST_3 : Operation 217 [1/1] (0.00ns)   --->   "%write_ln2662 = write void @_ssdm_op_Write.ap_auto.i16P0A, i16 %input_buffer_150, i16 %value_88" [H:/subband_ref_q610_opt_stage4_latency_stepL2.cpp:2662]   --->   Operation 217 'write' 'write_ln2662' <Predicate = (input_index_1 == 150)> <Delay = 0.00>
ST_3 : Operation 218 [1/1] (0.00ns)   --->   "%br_ln2662 = br void %arrayidx141.exit" [H:/subband_ref_q610_opt_stage4_latency_stepL2.cpp:2662]   --->   Operation 218 'br' 'br_ln2662' <Predicate = (input_index_1 == 150)> <Delay = 0.00>
ST_3 : Operation 219 [1/1] (0.00ns)   --->   "%write_ln2662 = write void @_ssdm_op_Write.ap_auto.i16P0A, i16 %input_buffer_149, i16 %value_88" [H:/subband_ref_q610_opt_stage4_latency_stepL2.cpp:2662]   --->   Operation 219 'write' 'write_ln2662' <Predicate = (input_index_1 == 149)> <Delay = 0.00>
ST_3 : Operation 220 [1/1] (0.00ns)   --->   "%br_ln2662 = br void %arrayidx141.exit" [H:/subband_ref_q610_opt_stage4_latency_stepL2.cpp:2662]   --->   Operation 220 'br' 'br_ln2662' <Predicate = (input_index_1 == 149)> <Delay = 0.00>
ST_3 : Operation 221 [1/1] (0.00ns)   --->   "%write_ln2662 = write void @_ssdm_op_Write.ap_auto.i16P0A, i16 %input_buffer_148, i16 %value_88" [H:/subband_ref_q610_opt_stage4_latency_stepL2.cpp:2662]   --->   Operation 221 'write' 'write_ln2662' <Predicate = (input_index_1 == 148)> <Delay = 0.00>
ST_3 : Operation 222 [1/1] (0.00ns)   --->   "%br_ln2662 = br void %arrayidx141.exit" [H:/subband_ref_q610_opt_stage4_latency_stepL2.cpp:2662]   --->   Operation 222 'br' 'br_ln2662' <Predicate = (input_index_1 == 148)> <Delay = 0.00>
ST_3 : Operation 223 [1/1] (0.00ns)   --->   "%write_ln2662 = write void @_ssdm_op_Write.ap_auto.i16P0A, i16 %input_buffer_147, i16 %value_88" [H:/subband_ref_q610_opt_stage4_latency_stepL2.cpp:2662]   --->   Operation 223 'write' 'write_ln2662' <Predicate = (input_index_1 == 147)> <Delay = 0.00>
ST_3 : Operation 224 [1/1] (0.00ns)   --->   "%br_ln2662 = br void %arrayidx141.exit" [H:/subband_ref_q610_opt_stage4_latency_stepL2.cpp:2662]   --->   Operation 224 'br' 'br_ln2662' <Predicate = (input_index_1 == 147)> <Delay = 0.00>
ST_3 : Operation 225 [1/1] (0.00ns)   --->   "%write_ln2662 = write void @_ssdm_op_Write.ap_auto.i16P0A, i16 %input_buffer_146, i16 %value_88" [H:/subband_ref_q610_opt_stage4_latency_stepL2.cpp:2662]   --->   Operation 225 'write' 'write_ln2662' <Predicate = (input_index_1 == 146)> <Delay = 0.00>
ST_3 : Operation 226 [1/1] (0.00ns)   --->   "%br_ln2662 = br void %arrayidx141.exit" [H:/subband_ref_q610_opt_stage4_latency_stepL2.cpp:2662]   --->   Operation 226 'br' 'br_ln2662' <Predicate = (input_index_1 == 146)> <Delay = 0.00>
ST_3 : Operation 227 [1/1] (0.00ns)   --->   "%write_ln2662 = write void @_ssdm_op_Write.ap_auto.i16P0A, i16 %input_buffer_145, i16 %value_88" [H:/subband_ref_q610_opt_stage4_latency_stepL2.cpp:2662]   --->   Operation 227 'write' 'write_ln2662' <Predicate = (input_index_1 == 145)> <Delay = 0.00>
ST_3 : Operation 228 [1/1] (0.00ns)   --->   "%br_ln2662 = br void %arrayidx141.exit" [H:/subband_ref_q610_opt_stage4_latency_stepL2.cpp:2662]   --->   Operation 228 'br' 'br_ln2662' <Predicate = (input_index_1 == 145)> <Delay = 0.00>
ST_3 : Operation 229 [1/1] (0.00ns)   --->   "%write_ln2662 = write void @_ssdm_op_Write.ap_auto.i16P0A, i16 %input_buffer_144, i16 %value_88" [H:/subband_ref_q610_opt_stage4_latency_stepL2.cpp:2662]   --->   Operation 229 'write' 'write_ln2662' <Predicate = (input_index_1 == 144)> <Delay = 0.00>
ST_3 : Operation 230 [1/1] (0.00ns)   --->   "%br_ln2662 = br void %arrayidx141.exit" [H:/subband_ref_q610_opt_stage4_latency_stepL2.cpp:2662]   --->   Operation 230 'br' 'br_ln2662' <Predicate = (input_index_1 == 144)> <Delay = 0.00>
ST_3 : Operation 231 [1/1] (0.00ns)   --->   "%write_ln2662 = write void @_ssdm_op_Write.ap_auto.i16P0A, i16 %input_buffer_143, i16 %value_88" [H:/subband_ref_q610_opt_stage4_latency_stepL2.cpp:2662]   --->   Operation 231 'write' 'write_ln2662' <Predicate = (input_index_1 == 143)> <Delay = 0.00>
ST_3 : Operation 232 [1/1] (0.00ns)   --->   "%br_ln2662 = br void %arrayidx141.exit" [H:/subband_ref_q610_opt_stage4_latency_stepL2.cpp:2662]   --->   Operation 232 'br' 'br_ln2662' <Predicate = (input_index_1 == 143)> <Delay = 0.00>
ST_3 : Operation 233 [1/1] (0.00ns)   --->   "%write_ln2662 = write void @_ssdm_op_Write.ap_auto.i16P0A, i16 %input_buffer_142, i16 %value_88" [H:/subband_ref_q610_opt_stage4_latency_stepL2.cpp:2662]   --->   Operation 233 'write' 'write_ln2662' <Predicate = (input_index_1 == 142)> <Delay = 0.00>
ST_3 : Operation 234 [1/1] (0.00ns)   --->   "%br_ln2662 = br void %arrayidx141.exit" [H:/subband_ref_q610_opt_stage4_latency_stepL2.cpp:2662]   --->   Operation 234 'br' 'br_ln2662' <Predicate = (input_index_1 == 142)> <Delay = 0.00>
ST_3 : Operation 235 [1/1] (0.00ns)   --->   "%write_ln2662 = write void @_ssdm_op_Write.ap_auto.i16P0A, i16 %input_buffer_141, i16 %value_88" [H:/subband_ref_q610_opt_stage4_latency_stepL2.cpp:2662]   --->   Operation 235 'write' 'write_ln2662' <Predicate = (input_index_1 == 141)> <Delay = 0.00>
ST_3 : Operation 236 [1/1] (0.00ns)   --->   "%br_ln2662 = br void %arrayidx141.exit" [H:/subband_ref_q610_opt_stage4_latency_stepL2.cpp:2662]   --->   Operation 236 'br' 'br_ln2662' <Predicate = (input_index_1 == 141)> <Delay = 0.00>
ST_3 : Operation 237 [1/1] (0.00ns)   --->   "%write_ln2662 = write void @_ssdm_op_Write.ap_auto.i16P0A, i16 %input_buffer_140, i16 %value_88" [H:/subband_ref_q610_opt_stage4_latency_stepL2.cpp:2662]   --->   Operation 237 'write' 'write_ln2662' <Predicate = (input_index_1 == 140)> <Delay = 0.00>
ST_3 : Operation 238 [1/1] (0.00ns)   --->   "%br_ln2662 = br void %arrayidx141.exit" [H:/subband_ref_q610_opt_stage4_latency_stepL2.cpp:2662]   --->   Operation 238 'br' 'br_ln2662' <Predicate = (input_index_1 == 140)> <Delay = 0.00>
ST_3 : Operation 239 [1/1] (0.00ns)   --->   "%write_ln2662 = write void @_ssdm_op_Write.ap_auto.i16P0A, i16 %input_buffer_139, i16 %value_88" [H:/subband_ref_q610_opt_stage4_latency_stepL2.cpp:2662]   --->   Operation 239 'write' 'write_ln2662' <Predicate = (input_index_1 == 139)> <Delay = 0.00>
ST_3 : Operation 240 [1/1] (0.00ns)   --->   "%br_ln2662 = br void %arrayidx141.exit" [H:/subband_ref_q610_opt_stage4_latency_stepL2.cpp:2662]   --->   Operation 240 'br' 'br_ln2662' <Predicate = (input_index_1 == 139)> <Delay = 0.00>
ST_3 : Operation 241 [1/1] (0.00ns)   --->   "%write_ln2662 = write void @_ssdm_op_Write.ap_auto.i16P0A, i16 %input_buffer_138, i16 %value_88" [H:/subband_ref_q610_opt_stage4_latency_stepL2.cpp:2662]   --->   Operation 241 'write' 'write_ln2662' <Predicate = (input_index_1 == 138)> <Delay = 0.00>
ST_3 : Operation 242 [1/1] (0.00ns)   --->   "%br_ln2662 = br void %arrayidx141.exit" [H:/subband_ref_q610_opt_stage4_latency_stepL2.cpp:2662]   --->   Operation 242 'br' 'br_ln2662' <Predicate = (input_index_1 == 138)> <Delay = 0.00>
ST_3 : Operation 243 [1/1] (0.00ns)   --->   "%write_ln2662 = write void @_ssdm_op_Write.ap_auto.i16P0A, i16 %input_buffer_137, i16 %value_88" [H:/subband_ref_q610_opt_stage4_latency_stepL2.cpp:2662]   --->   Operation 243 'write' 'write_ln2662' <Predicate = (input_index_1 == 137)> <Delay = 0.00>
ST_3 : Operation 244 [1/1] (0.00ns)   --->   "%br_ln2662 = br void %arrayidx141.exit" [H:/subband_ref_q610_opt_stage4_latency_stepL2.cpp:2662]   --->   Operation 244 'br' 'br_ln2662' <Predicate = (input_index_1 == 137)> <Delay = 0.00>
ST_3 : Operation 245 [1/1] (0.00ns)   --->   "%write_ln2662 = write void @_ssdm_op_Write.ap_auto.i16P0A, i16 %input_buffer_136, i16 %value_88" [H:/subband_ref_q610_opt_stage4_latency_stepL2.cpp:2662]   --->   Operation 245 'write' 'write_ln2662' <Predicate = (input_index_1 == 136)> <Delay = 0.00>
ST_3 : Operation 246 [1/1] (0.00ns)   --->   "%br_ln2662 = br void %arrayidx141.exit" [H:/subband_ref_q610_opt_stage4_latency_stepL2.cpp:2662]   --->   Operation 246 'br' 'br_ln2662' <Predicate = (input_index_1 == 136)> <Delay = 0.00>
ST_3 : Operation 247 [1/1] (0.00ns)   --->   "%write_ln2662 = write void @_ssdm_op_Write.ap_auto.i16P0A, i16 %input_buffer_135, i16 %value_88" [H:/subband_ref_q610_opt_stage4_latency_stepL2.cpp:2662]   --->   Operation 247 'write' 'write_ln2662' <Predicate = (input_index_1 == 135)> <Delay = 0.00>
ST_3 : Operation 248 [1/1] (0.00ns)   --->   "%br_ln2662 = br void %arrayidx141.exit" [H:/subband_ref_q610_opt_stage4_latency_stepL2.cpp:2662]   --->   Operation 248 'br' 'br_ln2662' <Predicate = (input_index_1 == 135)> <Delay = 0.00>
ST_3 : Operation 249 [1/1] (0.00ns)   --->   "%write_ln2662 = write void @_ssdm_op_Write.ap_auto.i16P0A, i16 %input_buffer_134, i16 %value_88" [H:/subband_ref_q610_opt_stage4_latency_stepL2.cpp:2662]   --->   Operation 249 'write' 'write_ln2662' <Predicate = (input_index_1 == 134)> <Delay = 0.00>
ST_3 : Operation 250 [1/1] (0.00ns)   --->   "%br_ln2662 = br void %arrayidx141.exit" [H:/subband_ref_q610_opt_stage4_latency_stepL2.cpp:2662]   --->   Operation 250 'br' 'br_ln2662' <Predicate = (input_index_1 == 134)> <Delay = 0.00>
ST_3 : Operation 251 [1/1] (0.00ns)   --->   "%write_ln2662 = write void @_ssdm_op_Write.ap_auto.i16P0A, i16 %input_buffer_133, i16 %value_88" [H:/subband_ref_q610_opt_stage4_latency_stepL2.cpp:2662]   --->   Operation 251 'write' 'write_ln2662' <Predicate = (input_index_1 == 133)> <Delay = 0.00>
ST_3 : Operation 252 [1/1] (0.00ns)   --->   "%br_ln2662 = br void %arrayidx141.exit" [H:/subband_ref_q610_opt_stage4_latency_stepL2.cpp:2662]   --->   Operation 252 'br' 'br_ln2662' <Predicate = (input_index_1 == 133)> <Delay = 0.00>
ST_3 : Operation 253 [1/1] (0.00ns)   --->   "%write_ln2662 = write void @_ssdm_op_Write.ap_auto.i16P0A, i16 %input_buffer_132, i16 %value_88" [H:/subband_ref_q610_opt_stage4_latency_stepL2.cpp:2662]   --->   Operation 253 'write' 'write_ln2662' <Predicate = (input_index_1 == 132)> <Delay = 0.00>
ST_3 : Operation 254 [1/1] (0.00ns)   --->   "%br_ln2662 = br void %arrayidx141.exit" [H:/subband_ref_q610_opt_stage4_latency_stepL2.cpp:2662]   --->   Operation 254 'br' 'br_ln2662' <Predicate = (input_index_1 == 132)> <Delay = 0.00>
ST_3 : Operation 255 [1/1] (0.00ns)   --->   "%write_ln2662 = write void @_ssdm_op_Write.ap_auto.i16P0A, i16 %input_buffer_131, i16 %value_88" [H:/subband_ref_q610_opt_stage4_latency_stepL2.cpp:2662]   --->   Operation 255 'write' 'write_ln2662' <Predicate = (input_index_1 == 131)> <Delay = 0.00>
ST_3 : Operation 256 [1/1] (0.00ns)   --->   "%br_ln2662 = br void %arrayidx141.exit" [H:/subband_ref_q610_opt_stage4_latency_stepL2.cpp:2662]   --->   Operation 256 'br' 'br_ln2662' <Predicate = (input_index_1 == 131)> <Delay = 0.00>
ST_3 : Operation 257 [1/1] (0.00ns)   --->   "%write_ln2662 = write void @_ssdm_op_Write.ap_auto.i16P0A, i16 %input_buffer_130, i16 %value_88" [H:/subband_ref_q610_opt_stage4_latency_stepL2.cpp:2662]   --->   Operation 257 'write' 'write_ln2662' <Predicate = (input_index_1 == 130)> <Delay = 0.00>
ST_3 : Operation 258 [1/1] (0.00ns)   --->   "%br_ln2662 = br void %arrayidx141.exit" [H:/subband_ref_q610_opt_stage4_latency_stepL2.cpp:2662]   --->   Operation 258 'br' 'br_ln2662' <Predicate = (input_index_1 == 130)> <Delay = 0.00>
ST_3 : Operation 259 [1/1] (0.00ns)   --->   "%write_ln2662 = write void @_ssdm_op_Write.ap_auto.i16P0A, i16 %input_buffer_129, i16 %value_88" [H:/subband_ref_q610_opt_stage4_latency_stepL2.cpp:2662]   --->   Operation 259 'write' 'write_ln2662' <Predicate = (input_index_1 == 129)> <Delay = 0.00>
ST_3 : Operation 260 [1/1] (0.00ns)   --->   "%br_ln2662 = br void %arrayidx141.exit" [H:/subband_ref_q610_opt_stage4_latency_stepL2.cpp:2662]   --->   Operation 260 'br' 'br_ln2662' <Predicate = (input_index_1 == 129)> <Delay = 0.00>
ST_3 : Operation 261 [1/1] (0.00ns)   --->   "%write_ln2662 = write void @_ssdm_op_Write.ap_auto.i16P0A, i16 %input_buffer_128, i16 %value_88" [H:/subband_ref_q610_opt_stage4_latency_stepL2.cpp:2662]   --->   Operation 261 'write' 'write_ln2662' <Predicate = (input_index_1 == 128)> <Delay = 0.00>
ST_3 : Operation 262 [1/1] (0.00ns)   --->   "%br_ln2662 = br void %arrayidx141.exit" [H:/subband_ref_q610_opt_stage4_latency_stepL2.cpp:2662]   --->   Operation 262 'br' 'br_ln2662' <Predicate = (input_index_1 == 128)> <Delay = 0.00>
ST_3 : Operation 263 [1/1] (0.00ns)   --->   "%write_ln2662 = write void @_ssdm_op_Write.ap_auto.i16P0A, i16 %input_buffer_127, i16 %value_88" [H:/subband_ref_q610_opt_stage4_latency_stepL2.cpp:2662]   --->   Operation 263 'write' 'write_ln2662' <Predicate = (input_index_1 == 127)> <Delay = 0.00>
ST_3 : Operation 264 [1/1] (0.00ns)   --->   "%br_ln2662 = br void %arrayidx141.exit" [H:/subband_ref_q610_opt_stage4_latency_stepL2.cpp:2662]   --->   Operation 264 'br' 'br_ln2662' <Predicate = (input_index_1 == 127)> <Delay = 0.00>
ST_3 : Operation 265 [1/1] (0.00ns)   --->   "%write_ln2662 = write void @_ssdm_op_Write.ap_auto.i16P0A, i16 %input_buffer_126, i16 %value_88" [H:/subband_ref_q610_opt_stage4_latency_stepL2.cpp:2662]   --->   Operation 265 'write' 'write_ln2662' <Predicate = (input_index_1 == 126)> <Delay = 0.00>
ST_3 : Operation 266 [1/1] (0.00ns)   --->   "%br_ln2662 = br void %arrayidx141.exit" [H:/subband_ref_q610_opt_stage4_latency_stepL2.cpp:2662]   --->   Operation 266 'br' 'br_ln2662' <Predicate = (input_index_1 == 126)> <Delay = 0.00>
ST_3 : Operation 267 [1/1] (0.00ns)   --->   "%write_ln2662 = write void @_ssdm_op_Write.ap_auto.i16P0A, i16 %input_buffer_125, i16 %value_88" [H:/subband_ref_q610_opt_stage4_latency_stepL2.cpp:2662]   --->   Operation 267 'write' 'write_ln2662' <Predicate = (input_index_1 == 125)> <Delay = 0.00>
ST_3 : Operation 268 [1/1] (0.00ns)   --->   "%br_ln2662 = br void %arrayidx141.exit" [H:/subband_ref_q610_opt_stage4_latency_stepL2.cpp:2662]   --->   Operation 268 'br' 'br_ln2662' <Predicate = (input_index_1 == 125)> <Delay = 0.00>
ST_3 : Operation 269 [1/1] (0.00ns)   --->   "%write_ln2662 = write void @_ssdm_op_Write.ap_auto.i16P0A, i16 %input_buffer_124, i16 %value_88" [H:/subband_ref_q610_opt_stage4_latency_stepL2.cpp:2662]   --->   Operation 269 'write' 'write_ln2662' <Predicate = (input_index_1 == 124)> <Delay = 0.00>
ST_3 : Operation 270 [1/1] (0.00ns)   --->   "%br_ln2662 = br void %arrayidx141.exit" [H:/subband_ref_q610_opt_stage4_latency_stepL2.cpp:2662]   --->   Operation 270 'br' 'br_ln2662' <Predicate = (input_index_1 == 124)> <Delay = 0.00>
ST_3 : Operation 271 [1/1] (0.00ns)   --->   "%write_ln2662 = write void @_ssdm_op_Write.ap_auto.i16P0A, i16 %input_buffer_123, i16 %value_88" [H:/subband_ref_q610_opt_stage4_latency_stepL2.cpp:2662]   --->   Operation 271 'write' 'write_ln2662' <Predicate = (input_index_1 == 123)> <Delay = 0.00>
ST_3 : Operation 272 [1/1] (0.00ns)   --->   "%br_ln2662 = br void %arrayidx141.exit" [H:/subband_ref_q610_opt_stage4_latency_stepL2.cpp:2662]   --->   Operation 272 'br' 'br_ln2662' <Predicate = (input_index_1 == 123)> <Delay = 0.00>
ST_3 : Operation 273 [1/1] (0.00ns)   --->   "%write_ln2662 = write void @_ssdm_op_Write.ap_auto.i16P0A, i16 %input_buffer_122, i16 %value_88" [H:/subband_ref_q610_opt_stage4_latency_stepL2.cpp:2662]   --->   Operation 273 'write' 'write_ln2662' <Predicate = (input_index_1 == 122)> <Delay = 0.00>
ST_3 : Operation 274 [1/1] (0.00ns)   --->   "%br_ln2662 = br void %arrayidx141.exit" [H:/subband_ref_q610_opt_stage4_latency_stepL2.cpp:2662]   --->   Operation 274 'br' 'br_ln2662' <Predicate = (input_index_1 == 122)> <Delay = 0.00>
ST_3 : Operation 275 [1/1] (0.00ns)   --->   "%write_ln2662 = write void @_ssdm_op_Write.ap_auto.i16P0A, i16 %input_buffer_121, i16 %value_88" [H:/subband_ref_q610_opt_stage4_latency_stepL2.cpp:2662]   --->   Operation 275 'write' 'write_ln2662' <Predicate = (input_index_1 == 121)> <Delay = 0.00>
ST_3 : Operation 276 [1/1] (0.00ns)   --->   "%br_ln2662 = br void %arrayidx141.exit" [H:/subband_ref_q610_opt_stage4_latency_stepL2.cpp:2662]   --->   Operation 276 'br' 'br_ln2662' <Predicate = (input_index_1 == 121)> <Delay = 0.00>
ST_3 : Operation 277 [1/1] (0.00ns)   --->   "%write_ln2662 = write void @_ssdm_op_Write.ap_auto.i16P0A, i16 %input_buffer_120, i16 %value_88" [H:/subband_ref_q610_opt_stage4_latency_stepL2.cpp:2662]   --->   Operation 277 'write' 'write_ln2662' <Predicate = (input_index_1 == 120)> <Delay = 0.00>
ST_3 : Operation 278 [1/1] (0.00ns)   --->   "%br_ln2662 = br void %arrayidx141.exit" [H:/subband_ref_q610_opt_stage4_latency_stepL2.cpp:2662]   --->   Operation 278 'br' 'br_ln2662' <Predicate = (input_index_1 == 120)> <Delay = 0.00>
ST_3 : Operation 279 [1/1] (0.00ns)   --->   "%write_ln2662 = write void @_ssdm_op_Write.ap_auto.i16P0A, i16 %input_buffer_119, i16 %value_88" [H:/subband_ref_q610_opt_stage4_latency_stepL2.cpp:2662]   --->   Operation 279 'write' 'write_ln2662' <Predicate = (input_index_1 == 119)> <Delay = 0.00>
ST_3 : Operation 280 [1/1] (0.00ns)   --->   "%br_ln2662 = br void %arrayidx141.exit" [H:/subband_ref_q610_opt_stage4_latency_stepL2.cpp:2662]   --->   Operation 280 'br' 'br_ln2662' <Predicate = (input_index_1 == 119)> <Delay = 0.00>
ST_3 : Operation 281 [1/1] (0.00ns)   --->   "%write_ln2662 = write void @_ssdm_op_Write.ap_auto.i16P0A, i16 %input_buffer_118, i16 %value_88" [H:/subband_ref_q610_opt_stage4_latency_stepL2.cpp:2662]   --->   Operation 281 'write' 'write_ln2662' <Predicate = (input_index_1 == 118)> <Delay = 0.00>
ST_3 : Operation 282 [1/1] (0.00ns)   --->   "%br_ln2662 = br void %arrayidx141.exit" [H:/subband_ref_q610_opt_stage4_latency_stepL2.cpp:2662]   --->   Operation 282 'br' 'br_ln2662' <Predicate = (input_index_1 == 118)> <Delay = 0.00>
ST_3 : Operation 283 [1/1] (0.00ns)   --->   "%write_ln2662 = write void @_ssdm_op_Write.ap_auto.i16P0A, i16 %input_buffer_117, i16 %value_88" [H:/subband_ref_q610_opt_stage4_latency_stepL2.cpp:2662]   --->   Operation 283 'write' 'write_ln2662' <Predicate = (input_index_1 == 117)> <Delay = 0.00>
ST_3 : Operation 284 [1/1] (0.00ns)   --->   "%br_ln2662 = br void %arrayidx141.exit" [H:/subband_ref_q610_opt_stage4_latency_stepL2.cpp:2662]   --->   Operation 284 'br' 'br_ln2662' <Predicate = (input_index_1 == 117)> <Delay = 0.00>
ST_3 : Operation 285 [1/1] (0.00ns)   --->   "%write_ln2662 = write void @_ssdm_op_Write.ap_auto.i16P0A, i16 %input_buffer_116, i16 %value_88" [H:/subband_ref_q610_opt_stage4_latency_stepL2.cpp:2662]   --->   Operation 285 'write' 'write_ln2662' <Predicate = (input_index_1 == 116)> <Delay = 0.00>
ST_3 : Operation 286 [1/1] (0.00ns)   --->   "%br_ln2662 = br void %arrayidx141.exit" [H:/subband_ref_q610_opt_stage4_latency_stepL2.cpp:2662]   --->   Operation 286 'br' 'br_ln2662' <Predicate = (input_index_1 == 116)> <Delay = 0.00>
ST_3 : Operation 287 [1/1] (0.00ns)   --->   "%write_ln2662 = write void @_ssdm_op_Write.ap_auto.i16P0A, i16 %input_buffer_115, i16 %value_88" [H:/subband_ref_q610_opt_stage4_latency_stepL2.cpp:2662]   --->   Operation 287 'write' 'write_ln2662' <Predicate = (input_index_1 == 115)> <Delay = 0.00>
ST_3 : Operation 288 [1/1] (0.00ns)   --->   "%br_ln2662 = br void %arrayidx141.exit" [H:/subband_ref_q610_opt_stage4_latency_stepL2.cpp:2662]   --->   Operation 288 'br' 'br_ln2662' <Predicate = (input_index_1 == 115)> <Delay = 0.00>
ST_3 : Operation 289 [1/1] (0.00ns)   --->   "%write_ln2662 = write void @_ssdm_op_Write.ap_auto.i16P0A, i16 %input_buffer_114, i16 %value_88" [H:/subband_ref_q610_opt_stage4_latency_stepL2.cpp:2662]   --->   Operation 289 'write' 'write_ln2662' <Predicate = (input_index_1 == 114)> <Delay = 0.00>
ST_3 : Operation 290 [1/1] (0.00ns)   --->   "%br_ln2662 = br void %arrayidx141.exit" [H:/subband_ref_q610_opt_stage4_latency_stepL2.cpp:2662]   --->   Operation 290 'br' 'br_ln2662' <Predicate = (input_index_1 == 114)> <Delay = 0.00>
ST_3 : Operation 291 [1/1] (0.00ns)   --->   "%write_ln2662 = write void @_ssdm_op_Write.ap_auto.i16P0A, i16 %input_buffer_113, i16 %value_88" [H:/subband_ref_q610_opt_stage4_latency_stepL2.cpp:2662]   --->   Operation 291 'write' 'write_ln2662' <Predicate = (input_index_1 == 113)> <Delay = 0.00>
ST_3 : Operation 292 [1/1] (0.00ns)   --->   "%br_ln2662 = br void %arrayidx141.exit" [H:/subband_ref_q610_opt_stage4_latency_stepL2.cpp:2662]   --->   Operation 292 'br' 'br_ln2662' <Predicate = (input_index_1 == 113)> <Delay = 0.00>
ST_3 : Operation 293 [1/1] (0.00ns)   --->   "%write_ln2662 = write void @_ssdm_op_Write.ap_auto.i16P0A, i16 %input_buffer_112, i16 %value_88" [H:/subband_ref_q610_opt_stage4_latency_stepL2.cpp:2662]   --->   Operation 293 'write' 'write_ln2662' <Predicate = (input_index_1 == 112)> <Delay = 0.00>
ST_3 : Operation 294 [1/1] (0.00ns)   --->   "%br_ln2662 = br void %arrayidx141.exit" [H:/subband_ref_q610_opt_stage4_latency_stepL2.cpp:2662]   --->   Operation 294 'br' 'br_ln2662' <Predicate = (input_index_1 == 112)> <Delay = 0.00>
ST_3 : Operation 295 [1/1] (0.00ns)   --->   "%write_ln2662 = write void @_ssdm_op_Write.ap_auto.i16P0A, i16 %input_buffer_111, i16 %value_88" [H:/subband_ref_q610_opt_stage4_latency_stepL2.cpp:2662]   --->   Operation 295 'write' 'write_ln2662' <Predicate = (input_index_1 == 111)> <Delay = 0.00>
ST_3 : Operation 296 [1/1] (0.00ns)   --->   "%br_ln2662 = br void %arrayidx141.exit" [H:/subband_ref_q610_opt_stage4_latency_stepL2.cpp:2662]   --->   Operation 296 'br' 'br_ln2662' <Predicate = (input_index_1 == 111)> <Delay = 0.00>
ST_3 : Operation 297 [1/1] (0.00ns)   --->   "%write_ln2662 = write void @_ssdm_op_Write.ap_auto.i16P0A, i16 %input_buffer_110, i16 %value_88" [H:/subband_ref_q610_opt_stage4_latency_stepL2.cpp:2662]   --->   Operation 297 'write' 'write_ln2662' <Predicate = (input_index_1 == 110)> <Delay = 0.00>
ST_3 : Operation 298 [1/1] (0.00ns)   --->   "%br_ln2662 = br void %arrayidx141.exit" [H:/subband_ref_q610_opt_stage4_latency_stepL2.cpp:2662]   --->   Operation 298 'br' 'br_ln2662' <Predicate = (input_index_1 == 110)> <Delay = 0.00>
ST_3 : Operation 299 [1/1] (0.00ns)   --->   "%write_ln2662 = write void @_ssdm_op_Write.ap_auto.i16P0A, i16 %input_buffer_109, i16 %value_88" [H:/subband_ref_q610_opt_stage4_latency_stepL2.cpp:2662]   --->   Operation 299 'write' 'write_ln2662' <Predicate = (input_index_1 == 109)> <Delay = 0.00>
ST_3 : Operation 300 [1/1] (0.00ns)   --->   "%br_ln2662 = br void %arrayidx141.exit" [H:/subband_ref_q610_opt_stage4_latency_stepL2.cpp:2662]   --->   Operation 300 'br' 'br_ln2662' <Predicate = (input_index_1 == 109)> <Delay = 0.00>
ST_3 : Operation 301 [1/1] (0.00ns)   --->   "%write_ln2662 = write void @_ssdm_op_Write.ap_auto.i16P0A, i16 %input_buffer_108, i16 %value_88" [H:/subband_ref_q610_opt_stage4_latency_stepL2.cpp:2662]   --->   Operation 301 'write' 'write_ln2662' <Predicate = (input_index_1 == 108)> <Delay = 0.00>
ST_3 : Operation 302 [1/1] (0.00ns)   --->   "%br_ln2662 = br void %arrayidx141.exit" [H:/subband_ref_q610_opt_stage4_latency_stepL2.cpp:2662]   --->   Operation 302 'br' 'br_ln2662' <Predicate = (input_index_1 == 108)> <Delay = 0.00>
ST_3 : Operation 303 [1/1] (0.00ns)   --->   "%write_ln2662 = write void @_ssdm_op_Write.ap_auto.i16P0A, i16 %input_buffer_107, i16 %value_88" [H:/subband_ref_q610_opt_stage4_latency_stepL2.cpp:2662]   --->   Operation 303 'write' 'write_ln2662' <Predicate = (input_index_1 == 107)> <Delay = 0.00>
ST_3 : Operation 304 [1/1] (0.00ns)   --->   "%br_ln2662 = br void %arrayidx141.exit" [H:/subband_ref_q610_opt_stage4_latency_stepL2.cpp:2662]   --->   Operation 304 'br' 'br_ln2662' <Predicate = (input_index_1 == 107)> <Delay = 0.00>
ST_3 : Operation 305 [1/1] (0.00ns)   --->   "%write_ln2662 = write void @_ssdm_op_Write.ap_auto.i16P0A, i16 %input_buffer_106, i16 %value_88" [H:/subband_ref_q610_opt_stage4_latency_stepL2.cpp:2662]   --->   Operation 305 'write' 'write_ln2662' <Predicate = (input_index_1 == 106)> <Delay = 0.00>
ST_3 : Operation 306 [1/1] (0.00ns)   --->   "%br_ln2662 = br void %arrayidx141.exit" [H:/subband_ref_q610_opt_stage4_latency_stepL2.cpp:2662]   --->   Operation 306 'br' 'br_ln2662' <Predicate = (input_index_1 == 106)> <Delay = 0.00>
ST_3 : Operation 307 [1/1] (0.00ns)   --->   "%write_ln2662 = write void @_ssdm_op_Write.ap_auto.i16P0A, i16 %input_buffer_105, i16 %value_88" [H:/subband_ref_q610_opt_stage4_latency_stepL2.cpp:2662]   --->   Operation 307 'write' 'write_ln2662' <Predicate = (input_index_1 == 105)> <Delay = 0.00>
ST_3 : Operation 308 [1/1] (0.00ns)   --->   "%br_ln2662 = br void %arrayidx141.exit" [H:/subband_ref_q610_opt_stage4_latency_stepL2.cpp:2662]   --->   Operation 308 'br' 'br_ln2662' <Predicate = (input_index_1 == 105)> <Delay = 0.00>
ST_3 : Operation 309 [1/1] (0.00ns)   --->   "%write_ln2662 = write void @_ssdm_op_Write.ap_auto.i16P0A, i16 %input_buffer_104, i16 %value_88" [H:/subband_ref_q610_opt_stage4_latency_stepL2.cpp:2662]   --->   Operation 309 'write' 'write_ln2662' <Predicate = (input_index_1 == 104)> <Delay = 0.00>
ST_3 : Operation 310 [1/1] (0.00ns)   --->   "%br_ln2662 = br void %arrayidx141.exit" [H:/subband_ref_q610_opt_stage4_latency_stepL2.cpp:2662]   --->   Operation 310 'br' 'br_ln2662' <Predicate = (input_index_1 == 104)> <Delay = 0.00>
ST_3 : Operation 311 [1/1] (0.00ns)   --->   "%write_ln2662 = write void @_ssdm_op_Write.ap_auto.i16P0A, i16 %input_buffer_103, i16 %value_88" [H:/subband_ref_q610_opt_stage4_latency_stepL2.cpp:2662]   --->   Operation 311 'write' 'write_ln2662' <Predicate = (input_index_1 == 103)> <Delay = 0.00>
ST_3 : Operation 312 [1/1] (0.00ns)   --->   "%br_ln2662 = br void %arrayidx141.exit" [H:/subband_ref_q610_opt_stage4_latency_stepL2.cpp:2662]   --->   Operation 312 'br' 'br_ln2662' <Predicate = (input_index_1 == 103)> <Delay = 0.00>
ST_3 : Operation 313 [1/1] (0.00ns)   --->   "%write_ln2662 = write void @_ssdm_op_Write.ap_auto.i16P0A, i16 %input_buffer_102, i16 %value_88" [H:/subband_ref_q610_opt_stage4_latency_stepL2.cpp:2662]   --->   Operation 313 'write' 'write_ln2662' <Predicate = (input_index_1 == 102)> <Delay = 0.00>
ST_3 : Operation 314 [1/1] (0.00ns)   --->   "%br_ln2662 = br void %arrayidx141.exit" [H:/subband_ref_q610_opt_stage4_latency_stepL2.cpp:2662]   --->   Operation 314 'br' 'br_ln2662' <Predicate = (input_index_1 == 102)> <Delay = 0.00>
ST_3 : Operation 315 [1/1] (0.00ns)   --->   "%write_ln2662 = write void @_ssdm_op_Write.ap_auto.i16P0A, i16 %input_buffer_101, i16 %value_88" [H:/subband_ref_q610_opt_stage4_latency_stepL2.cpp:2662]   --->   Operation 315 'write' 'write_ln2662' <Predicate = (input_index_1 == 101)> <Delay = 0.00>
ST_3 : Operation 316 [1/1] (0.00ns)   --->   "%br_ln2662 = br void %arrayidx141.exit" [H:/subband_ref_q610_opt_stage4_latency_stepL2.cpp:2662]   --->   Operation 316 'br' 'br_ln2662' <Predicate = (input_index_1 == 101)> <Delay = 0.00>
ST_3 : Operation 317 [1/1] (0.00ns)   --->   "%write_ln2662 = write void @_ssdm_op_Write.ap_auto.i16P0A, i16 %input_buffer_100, i16 %value_88" [H:/subband_ref_q610_opt_stage4_latency_stepL2.cpp:2662]   --->   Operation 317 'write' 'write_ln2662' <Predicate = (input_index_1 == 100)> <Delay = 0.00>
ST_3 : Operation 318 [1/1] (0.00ns)   --->   "%br_ln2662 = br void %arrayidx141.exit" [H:/subband_ref_q610_opt_stage4_latency_stepL2.cpp:2662]   --->   Operation 318 'br' 'br_ln2662' <Predicate = (input_index_1 == 100)> <Delay = 0.00>
ST_3 : Operation 319 [1/1] (0.00ns)   --->   "%write_ln2662 = write void @_ssdm_op_Write.ap_auto.i16P0A, i16 %input_buffer_99, i16 %value_88" [H:/subband_ref_q610_opt_stage4_latency_stepL2.cpp:2662]   --->   Operation 319 'write' 'write_ln2662' <Predicate = (input_index_1 == 99)> <Delay = 0.00>
ST_3 : Operation 320 [1/1] (0.00ns)   --->   "%br_ln2662 = br void %arrayidx141.exit" [H:/subband_ref_q610_opt_stage4_latency_stepL2.cpp:2662]   --->   Operation 320 'br' 'br_ln2662' <Predicate = (input_index_1 == 99)> <Delay = 0.00>
ST_3 : Operation 321 [1/1] (0.00ns)   --->   "%write_ln2662 = write void @_ssdm_op_Write.ap_auto.i16P0A, i16 %input_buffer_98, i16 %value_88" [H:/subband_ref_q610_opt_stage4_latency_stepL2.cpp:2662]   --->   Operation 321 'write' 'write_ln2662' <Predicate = (input_index_1 == 98)> <Delay = 0.00>
ST_3 : Operation 322 [1/1] (0.00ns)   --->   "%br_ln2662 = br void %arrayidx141.exit" [H:/subband_ref_q610_opt_stage4_latency_stepL2.cpp:2662]   --->   Operation 322 'br' 'br_ln2662' <Predicate = (input_index_1 == 98)> <Delay = 0.00>
ST_3 : Operation 323 [1/1] (0.00ns)   --->   "%write_ln2662 = write void @_ssdm_op_Write.ap_auto.i16P0A, i16 %input_buffer_97, i16 %value_88" [H:/subband_ref_q610_opt_stage4_latency_stepL2.cpp:2662]   --->   Operation 323 'write' 'write_ln2662' <Predicate = (input_index_1 == 97)> <Delay = 0.00>
ST_3 : Operation 324 [1/1] (0.00ns)   --->   "%br_ln2662 = br void %arrayidx141.exit" [H:/subband_ref_q610_opt_stage4_latency_stepL2.cpp:2662]   --->   Operation 324 'br' 'br_ln2662' <Predicate = (input_index_1 == 97)> <Delay = 0.00>
ST_3 : Operation 325 [1/1] (0.00ns)   --->   "%write_ln2662 = write void @_ssdm_op_Write.ap_auto.i16P0A, i16 %input_buffer_96, i16 %value_88" [H:/subband_ref_q610_opt_stage4_latency_stepL2.cpp:2662]   --->   Operation 325 'write' 'write_ln2662' <Predicate = (input_index_1 == 96)> <Delay = 0.00>
ST_3 : Operation 326 [1/1] (0.00ns)   --->   "%br_ln2662 = br void %arrayidx141.exit" [H:/subband_ref_q610_opt_stage4_latency_stepL2.cpp:2662]   --->   Operation 326 'br' 'br_ln2662' <Predicate = (input_index_1 == 96)> <Delay = 0.00>
ST_3 : Operation 327 [1/1] (0.00ns)   --->   "%write_ln2662 = write void @_ssdm_op_Write.ap_auto.i16P0A, i16 %input_buffer_95, i16 %value_88" [H:/subband_ref_q610_opt_stage4_latency_stepL2.cpp:2662]   --->   Operation 327 'write' 'write_ln2662' <Predicate = (input_index_1 == 95)> <Delay = 0.00>
ST_3 : Operation 328 [1/1] (0.00ns)   --->   "%br_ln2662 = br void %arrayidx141.exit" [H:/subband_ref_q610_opt_stage4_latency_stepL2.cpp:2662]   --->   Operation 328 'br' 'br_ln2662' <Predicate = (input_index_1 == 95)> <Delay = 0.00>
ST_3 : Operation 329 [1/1] (0.00ns)   --->   "%write_ln2662 = write void @_ssdm_op_Write.ap_auto.i16P0A, i16 %input_buffer_94, i16 %value_88" [H:/subband_ref_q610_opt_stage4_latency_stepL2.cpp:2662]   --->   Operation 329 'write' 'write_ln2662' <Predicate = (input_index_1 == 94)> <Delay = 0.00>
ST_3 : Operation 330 [1/1] (0.00ns)   --->   "%br_ln2662 = br void %arrayidx141.exit" [H:/subband_ref_q610_opt_stage4_latency_stepL2.cpp:2662]   --->   Operation 330 'br' 'br_ln2662' <Predicate = (input_index_1 == 94)> <Delay = 0.00>
ST_3 : Operation 331 [1/1] (0.00ns)   --->   "%write_ln2662 = write void @_ssdm_op_Write.ap_auto.i16P0A, i16 %input_buffer_93, i16 %value_88" [H:/subband_ref_q610_opt_stage4_latency_stepL2.cpp:2662]   --->   Operation 331 'write' 'write_ln2662' <Predicate = (input_index_1 == 93)> <Delay = 0.00>
ST_3 : Operation 332 [1/1] (0.00ns)   --->   "%br_ln2662 = br void %arrayidx141.exit" [H:/subband_ref_q610_opt_stage4_latency_stepL2.cpp:2662]   --->   Operation 332 'br' 'br_ln2662' <Predicate = (input_index_1 == 93)> <Delay = 0.00>
ST_3 : Operation 333 [1/1] (0.00ns)   --->   "%write_ln2662 = write void @_ssdm_op_Write.ap_auto.i16P0A, i16 %input_buffer_92, i16 %value_88" [H:/subband_ref_q610_opt_stage4_latency_stepL2.cpp:2662]   --->   Operation 333 'write' 'write_ln2662' <Predicate = (input_index_1 == 92)> <Delay = 0.00>
ST_3 : Operation 334 [1/1] (0.00ns)   --->   "%br_ln2662 = br void %arrayidx141.exit" [H:/subband_ref_q610_opt_stage4_latency_stepL2.cpp:2662]   --->   Operation 334 'br' 'br_ln2662' <Predicate = (input_index_1 == 92)> <Delay = 0.00>
ST_3 : Operation 335 [1/1] (0.00ns)   --->   "%write_ln2662 = write void @_ssdm_op_Write.ap_auto.i16P0A, i16 %input_buffer_91, i16 %value_88" [H:/subband_ref_q610_opt_stage4_latency_stepL2.cpp:2662]   --->   Operation 335 'write' 'write_ln2662' <Predicate = (input_index_1 == 91)> <Delay = 0.00>
ST_3 : Operation 336 [1/1] (0.00ns)   --->   "%br_ln2662 = br void %arrayidx141.exit" [H:/subband_ref_q610_opt_stage4_latency_stepL2.cpp:2662]   --->   Operation 336 'br' 'br_ln2662' <Predicate = (input_index_1 == 91)> <Delay = 0.00>
ST_3 : Operation 337 [1/1] (0.00ns)   --->   "%write_ln2662 = write void @_ssdm_op_Write.ap_auto.i16P0A, i16 %input_buffer_90, i16 %value_88" [H:/subband_ref_q610_opt_stage4_latency_stepL2.cpp:2662]   --->   Operation 337 'write' 'write_ln2662' <Predicate = (input_index_1 == 90)> <Delay = 0.00>
ST_3 : Operation 338 [1/1] (0.00ns)   --->   "%br_ln2662 = br void %arrayidx141.exit" [H:/subband_ref_q610_opt_stage4_latency_stepL2.cpp:2662]   --->   Operation 338 'br' 'br_ln2662' <Predicate = (input_index_1 == 90)> <Delay = 0.00>
ST_3 : Operation 339 [1/1] (0.00ns)   --->   "%write_ln2662 = write void @_ssdm_op_Write.ap_auto.i16P0A, i16 %input_buffer_89, i16 %value_88" [H:/subband_ref_q610_opt_stage4_latency_stepL2.cpp:2662]   --->   Operation 339 'write' 'write_ln2662' <Predicate = (input_index_1 == 89)> <Delay = 0.00>
ST_3 : Operation 340 [1/1] (0.00ns)   --->   "%br_ln2662 = br void %arrayidx141.exit" [H:/subband_ref_q610_opt_stage4_latency_stepL2.cpp:2662]   --->   Operation 340 'br' 'br_ln2662' <Predicate = (input_index_1 == 89)> <Delay = 0.00>
ST_3 : Operation 341 [1/1] (0.00ns)   --->   "%write_ln2662 = write void @_ssdm_op_Write.ap_auto.i16P0A, i16 %input_buffer_88, i16 %value_88" [H:/subband_ref_q610_opt_stage4_latency_stepL2.cpp:2662]   --->   Operation 341 'write' 'write_ln2662' <Predicate = (input_index_1 == 88)> <Delay = 0.00>
ST_3 : Operation 342 [1/1] (0.00ns)   --->   "%br_ln2662 = br void %arrayidx141.exit" [H:/subband_ref_q610_opt_stage4_latency_stepL2.cpp:2662]   --->   Operation 342 'br' 'br_ln2662' <Predicate = (input_index_1 == 88)> <Delay = 0.00>
ST_3 : Operation 343 [1/1] (0.00ns)   --->   "%write_ln2662 = write void @_ssdm_op_Write.ap_auto.i16P0A, i16 %input_buffer_87, i16 %value_88" [H:/subband_ref_q610_opt_stage4_latency_stepL2.cpp:2662]   --->   Operation 343 'write' 'write_ln2662' <Predicate = (input_index_1 == 87)> <Delay = 0.00>
ST_3 : Operation 344 [1/1] (0.00ns)   --->   "%br_ln2662 = br void %arrayidx141.exit" [H:/subband_ref_q610_opt_stage4_latency_stepL2.cpp:2662]   --->   Operation 344 'br' 'br_ln2662' <Predicate = (input_index_1 == 87)> <Delay = 0.00>
ST_3 : Operation 345 [1/1] (0.00ns)   --->   "%write_ln2662 = write void @_ssdm_op_Write.ap_auto.i16P0A, i16 %input_buffer_86, i16 %value_88" [H:/subband_ref_q610_opt_stage4_latency_stepL2.cpp:2662]   --->   Operation 345 'write' 'write_ln2662' <Predicate = (input_index_1 == 86)> <Delay = 0.00>
ST_3 : Operation 346 [1/1] (0.00ns)   --->   "%br_ln2662 = br void %arrayidx141.exit" [H:/subband_ref_q610_opt_stage4_latency_stepL2.cpp:2662]   --->   Operation 346 'br' 'br_ln2662' <Predicate = (input_index_1 == 86)> <Delay = 0.00>
ST_3 : Operation 347 [1/1] (0.00ns)   --->   "%write_ln2662 = write void @_ssdm_op_Write.ap_auto.i16P0A, i16 %input_buffer_85, i16 %value_88" [H:/subband_ref_q610_opt_stage4_latency_stepL2.cpp:2662]   --->   Operation 347 'write' 'write_ln2662' <Predicate = (input_index_1 == 85)> <Delay = 0.00>
ST_3 : Operation 348 [1/1] (0.00ns)   --->   "%br_ln2662 = br void %arrayidx141.exit" [H:/subband_ref_q610_opt_stage4_latency_stepL2.cpp:2662]   --->   Operation 348 'br' 'br_ln2662' <Predicate = (input_index_1 == 85)> <Delay = 0.00>
ST_3 : Operation 349 [1/1] (0.00ns)   --->   "%write_ln2662 = write void @_ssdm_op_Write.ap_auto.i16P0A, i16 %input_buffer_84, i16 %value_88" [H:/subband_ref_q610_opt_stage4_latency_stepL2.cpp:2662]   --->   Operation 349 'write' 'write_ln2662' <Predicate = (input_index_1 == 84)> <Delay = 0.00>
ST_3 : Operation 350 [1/1] (0.00ns)   --->   "%br_ln2662 = br void %arrayidx141.exit" [H:/subband_ref_q610_opt_stage4_latency_stepL2.cpp:2662]   --->   Operation 350 'br' 'br_ln2662' <Predicate = (input_index_1 == 84)> <Delay = 0.00>
ST_3 : Operation 351 [1/1] (0.00ns)   --->   "%write_ln2662 = write void @_ssdm_op_Write.ap_auto.i16P0A, i16 %input_buffer_83, i16 %value_88" [H:/subband_ref_q610_opt_stage4_latency_stepL2.cpp:2662]   --->   Operation 351 'write' 'write_ln2662' <Predicate = (input_index_1 == 83)> <Delay = 0.00>
ST_3 : Operation 352 [1/1] (0.00ns)   --->   "%br_ln2662 = br void %arrayidx141.exit" [H:/subband_ref_q610_opt_stage4_latency_stepL2.cpp:2662]   --->   Operation 352 'br' 'br_ln2662' <Predicate = (input_index_1 == 83)> <Delay = 0.00>
ST_3 : Operation 353 [1/1] (0.00ns)   --->   "%write_ln2662 = write void @_ssdm_op_Write.ap_auto.i16P0A, i16 %input_buffer_82, i16 %value_88" [H:/subband_ref_q610_opt_stage4_latency_stepL2.cpp:2662]   --->   Operation 353 'write' 'write_ln2662' <Predicate = (input_index_1 == 82)> <Delay = 0.00>
ST_3 : Operation 354 [1/1] (0.00ns)   --->   "%br_ln2662 = br void %arrayidx141.exit" [H:/subband_ref_q610_opt_stage4_latency_stepL2.cpp:2662]   --->   Operation 354 'br' 'br_ln2662' <Predicate = (input_index_1 == 82)> <Delay = 0.00>
ST_3 : Operation 355 [1/1] (0.00ns)   --->   "%write_ln2662 = write void @_ssdm_op_Write.ap_auto.i16P0A, i16 %input_buffer_81, i16 %value_88" [H:/subband_ref_q610_opt_stage4_latency_stepL2.cpp:2662]   --->   Operation 355 'write' 'write_ln2662' <Predicate = (input_index_1 == 81)> <Delay = 0.00>
ST_3 : Operation 356 [1/1] (0.00ns)   --->   "%br_ln2662 = br void %arrayidx141.exit" [H:/subband_ref_q610_opt_stage4_latency_stepL2.cpp:2662]   --->   Operation 356 'br' 'br_ln2662' <Predicate = (input_index_1 == 81)> <Delay = 0.00>
ST_3 : Operation 357 [1/1] (0.00ns)   --->   "%write_ln2662 = write void @_ssdm_op_Write.ap_auto.i16P0A, i16 %input_buffer_80, i16 %value_88" [H:/subband_ref_q610_opt_stage4_latency_stepL2.cpp:2662]   --->   Operation 357 'write' 'write_ln2662' <Predicate = (input_index_1 == 80)> <Delay = 0.00>
ST_3 : Operation 358 [1/1] (0.00ns)   --->   "%br_ln2662 = br void %arrayidx141.exit" [H:/subband_ref_q610_opt_stage4_latency_stepL2.cpp:2662]   --->   Operation 358 'br' 'br_ln2662' <Predicate = (input_index_1 == 80)> <Delay = 0.00>
ST_3 : Operation 359 [1/1] (0.00ns)   --->   "%write_ln2662 = write void @_ssdm_op_Write.ap_auto.i16P0A, i16 %input_buffer_79, i16 %value_88" [H:/subband_ref_q610_opt_stage4_latency_stepL2.cpp:2662]   --->   Operation 359 'write' 'write_ln2662' <Predicate = (input_index_1 == 79)> <Delay = 0.00>
ST_3 : Operation 360 [1/1] (0.00ns)   --->   "%br_ln2662 = br void %arrayidx141.exit" [H:/subband_ref_q610_opt_stage4_latency_stepL2.cpp:2662]   --->   Operation 360 'br' 'br_ln2662' <Predicate = (input_index_1 == 79)> <Delay = 0.00>
ST_3 : Operation 361 [1/1] (0.00ns)   --->   "%write_ln2662 = write void @_ssdm_op_Write.ap_auto.i16P0A, i16 %input_buffer_78, i16 %value_88" [H:/subband_ref_q610_opt_stage4_latency_stepL2.cpp:2662]   --->   Operation 361 'write' 'write_ln2662' <Predicate = (input_index_1 == 78)> <Delay = 0.00>
ST_3 : Operation 362 [1/1] (0.00ns)   --->   "%br_ln2662 = br void %arrayidx141.exit" [H:/subband_ref_q610_opt_stage4_latency_stepL2.cpp:2662]   --->   Operation 362 'br' 'br_ln2662' <Predicate = (input_index_1 == 78)> <Delay = 0.00>
ST_3 : Operation 363 [1/1] (0.00ns)   --->   "%write_ln2662 = write void @_ssdm_op_Write.ap_auto.i16P0A, i16 %input_buffer_77, i16 %value_88" [H:/subband_ref_q610_opt_stage4_latency_stepL2.cpp:2662]   --->   Operation 363 'write' 'write_ln2662' <Predicate = (input_index_1 == 77)> <Delay = 0.00>
ST_3 : Operation 364 [1/1] (0.00ns)   --->   "%br_ln2662 = br void %arrayidx141.exit" [H:/subband_ref_q610_opt_stage4_latency_stepL2.cpp:2662]   --->   Operation 364 'br' 'br_ln2662' <Predicate = (input_index_1 == 77)> <Delay = 0.00>
ST_3 : Operation 365 [1/1] (0.00ns)   --->   "%write_ln2662 = write void @_ssdm_op_Write.ap_auto.i16P0A, i16 %input_buffer_76, i16 %value_88" [H:/subband_ref_q610_opt_stage4_latency_stepL2.cpp:2662]   --->   Operation 365 'write' 'write_ln2662' <Predicate = (input_index_1 == 76)> <Delay = 0.00>
ST_3 : Operation 366 [1/1] (0.00ns)   --->   "%br_ln2662 = br void %arrayidx141.exit" [H:/subband_ref_q610_opt_stage4_latency_stepL2.cpp:2662]   --->   Operation 366 'br' 'br_ln2662' <Predicate = (input_index_1 == 76)> <Delay = 0.00>
ST_3 : Operation 367 [1/1] (0.00ns)   --->   "%write_ln2662 = write void @_ssdm_op_Write.ap_auto.i16P0A, i16 %input_buffer_75, i16 %value_88" [H:/subband_ref_q610_opt_stage4_latency_stepL2.cpp:2662]   --->   Operation 367 'write' 'write_ln2662' <Predicate = (input_index_1 == 75)> <Delay = 0.00>
ST_3 : Operation 368 [1/1] (0.00ns)   --->   "%br_ln2662 = br void %arrayidx141.exit" [H:/subband_ref_q610_opt_stage4_latency_stepL2.cpp:2662]   --->   Operation 368 'br' 'br_ln2662' <Predicate = (input_index_1 == 75)> <Delay = 0.00>
ST_3 : Operation 369 [1/1] (0.00ns)   --->   "%write_ln2662 = write void @_ssdm_op_Write.ap_auto.i16P0A, i16 %input_buffer_74, i16 %value_88" [H:/subband_ref_q610_opt_stage4_latency_stepL2.cpp:2662]   --->   Operation 369 'write' 'write_ln2662' <Predicate = (input_index_1 == 74)> <Delay = 0.00>
ST_3 : Operation 370 [1/1] (0.00ns)   --->   "%br_ln2662 = br void %arrayidx141.exit" [H:/subband_ref_q610_opt_stage4_latency_stepL2.cpp:2662]   --->   Operation 370 'br' 'br_ln2662' <Predicate = (input_index_1 == 74)> <Delay = 0.00>
ST_3 : Operation 371 [1/1] (0.00ns)   --->   "%write_ln2662 = write void @_ssdm_op_Write.ap_auto.i16P0A, i16 %input_buffer_73, i16 %value_88" [H:/subband_ref_q610_opt_stage4_latency_stepL2.cpp:2662]   --->   Operation 371 'write' 'write_ln2662' <Predicate = (input_index_1 == 73)> <Delay = 0.00>
ST_3 : Operation 372 [1/1] (0.00ns)   --->   "%br_ln2662 = br void %arrayidx141.exit" [H:/subband_ref_q610_opt_stage4_latency_stepL2.cpp:2662]   --->   Operation 372 'br' 'br_ln2662' <Predicate = (input_index_1 == 73)> <Delay = 0.00>
ST_3 : Operation 373 [1/1] (0.00ns)   --->   "%write_ln2662 = write void @_ssdm_op_Write.ap_auto.i16P0A, i16 %input_buffer_72, i16 %value_88" [H:/subband_ref_q610_opt_stage4_latency_stepL2.cpp:2662]   --->   Operation 373 'write' 'write_ln2662' <Predicate = (input_index_1 == 72)> <Delay = 0.00>
ST_3 : Operation 374 [1/1] (0.00ns)   --->   "%br_ln2662 = br void %arrayidx141.exit" [H:/subband_ref_q610_opt_stage4_latency_stepL2.cpp:2662]   --->   Operation 374 'br' 'br_ln2662' <Predicate = (input_index_1 == 72)> <Delay = 0.00>
ST_3 : Operation 375 [1/1] (0.00ns)   --->   "%write_ln2662 = write void @_ssdm_op_Write.ap_auto.i16P0A, i16 %input_buffer_71, i16 %value_88" [H:/subband_ref_q610_opt_stage4_latency_stepL2.cpp:2662]   --->   Operation 375 'write' 'write_ln2662' <Predicate = (input_index_1 == 71)> <Delay = 0.00>
ST_3 : Operation 376 [1/1] (0.00ns)   --->   "%br_ln2662 = br void %arrayidx141.exit" [H:/subband_ref_q610_opt_stage4_latency_stepL2.cpp:2662]   --->   Operation 376 'br' 'br_ln2662' <Predicate = (input_index_1 == 71)> <Delay = 0.00>
ST_3 : Operation 377 [1/1] (0.00ns)   --->   "%write_ln2662 = write void @_ssdm_op_Write.ap_auto.i16P0A, i16 %input_buffer_70, i16 %value_88" [H:/subband_ref_q610_opt_stage4_latency_stepL2.cpp:2662]   --->   Operation 377 'write' 'write_ln2662' <Predicate = (input_index_1 == 70)> <Delay = 0.00>
ST_3 : Operation 378 [1/1] (0.00ns)   --->   "%br_ln2662 = br void %arrayidx141.exit" [H:/subband_ref_q610_opt_stage4_latency_stepL2.cpp:2662]   --->   Operation 378 'br' 'br_ln2662' <Predicate = (input_index_1 == 70)> <Delay = 0.00>
ST_3 : Operation 379 [1/1] (0.00ns)   --->   "%write_ln2662 = write void @_ssdm_op_Write.ap_auto.i16P0A, i16 %input_buffer_69, i16 %value_88" [H:/subband_ref_q610_opt_stage4_latency_stepL2.cpp:2662]   --->   Operation 379 'write' 'write_ln2662' <Predicate = (input_index_1 == 69)> <Delay = 0.00>
ST_3 : Operation 380 [1/1] (0.00ns)   --->   "%br_ln2662 = br void %arrayidx141.exit" [H:/subband_ref_q610_opt_stage4_latency_stepL2.cpp:2662]   --->   Operation 380 'br' 'br_ln2662' <Predicate = (input_index_1 == 69)> <Delay = 0.00>
ST_3 : Operation 381 [1/1] (0.00ns)   --->   "%write_ln2662 = write void @_ssdm_op_Write.ap_auto.i16P0A, i16 %input_buffer_68, i16 %value_88" [H:/subband_ref_q610_opt_stage4_latency_stepL2.cpp:2662]   --->   Operation 381 'write' 'write_ln2662' <Predicate = (input_index_1 == 68)> <Delay = 0.00>
ST_3 : Operation 382 [1/1] (0.00ns)   --->   "%br_ln2662 = br void %arrayidx141.exit" [H:/subband_ref_q610_opt_stage4_latency_stepL2.cpp:2662]   --->   Operation 382 'br' 'br_ln2662' <Predicate = (input_index_1 == 68)> <Delay = 0.00>
ST_3 : Operation 383 [1/1] (0.00ns)   --->   "%write_ln2662 = write void @_ssdm_op_Write.ap_auto.i16P0A, i16 %input_buffer_67, i16 %value_88" [H:/subband_ref_q610_opt_stage4_latency_stepL2.cpp:2662]   --->   Operation 383 'write' 'write_ln2662' <Predicate = (input_index_1 == 67)> <Delay = 0.00>
ST_3 : Operation 384 [1/1] (0.00ns)   --->   "%br_ln2662 = br void %arrayidx141.exit" [H:/subband_ref_q610_opt_stage4_latency_stepL2.cpp:2662]   --->   Operation 384 'br' 'br_ln2662' <Predicate = (input_index_1 == 67)> <Delay = 0.00>
ST_3 : Operation 385 [1/1] (0.00ns)   --->   "%write_ln2662 = write void @_ssdm_op_Write.ap_auto.i16P0A, i16 %input_buffer_66, i16 %value_88" [H:/subband_ref_q610_opt_stage4_latency_stepL2.cpp:2662]   --->   Operation 385 'write' 'write_ln2662' <Predicate = (input_index_1 == 66)> <Delay = 0.00>
ST_3 : Operation 386 [1/1] (0.00ns)   --->   "%br_ln2662 = br void %arrayidx141.exit" [H:/subband_ref_q610_opt_stage4_latency_stepL2.cpp:2662]   --->   Operation 386 'br' 'br_ln2662' <Predicate = (input_index_1 == 66)> <Delay = 0.00>
ST_3 : Operation 387 [1/1] (0.00ns)   --->   "%write_ln2662 = write void @_ssdm_op_Write.ap_auto.i16P0A, i16 %input_buffer_65, i16 %value_88" [H:/subband_ref_q610_opt_stage4_latency_stepL2.cpp:2662]   --->   Operation 387 'write' 'write_ln2662' <Predicate = (input_index_1 == 65)> <Delay = 0.00>
ST_3 : Operation 388 [1/1] (0.00ns)   --->   "%br_ln2662 = br void %arrayidx141.exit" [H:/subband_ref_q610_opt_stage4_latency_stepL2.cpp:2662]   --->   Operation 388 'br' 'br_ln2662' <Predicate = (input_index_1 == 65)> <Delay = 0.00>
ST_3 : Operation 389 [1/1] (0.00ns)   --->   "%write_ln2662 = write void @_ssdm_op_Write.ap_auto.i16P0A, i16 %input_buffer_64, i16 %value_88" [H:/subband_ref_q610_opt_stage4_latency_stepL2.cpp:2662]   --->   Operation 389 'write' 'write_ln2662' <Predicate = (input_index_1 == 64)> <Delay = 0.00>
ST_3 : Operation 390 [1/1] (0.00ns)   --->   "%br_ln2662 = br void %arrayidx141.exit" [H:/subband_ref_q610_opt_stage4_latency_stepL2.cpp:2662]   --->   Operation 390 'br' 'br_ln2662' <Predicate = (input_index_1 == 64)> <Delay = 0.00>
ST_3 : Operation 391 [1/1] (0.00ns)   --->   "%write_ln2662 = write void @_ssdm_op_Write.ap_auto.i16P0A, i16 %input_buffer_63, i16 %value_88" [H:/subband_ref_q610_opt_stage4_latency_stepL2.cpp:2662]   --->   Operation 391 'write' 'write_ln2662' <Predicate = (input_index_1 == 63)> <Delay = 0.00>
ST_3 : Operation 392 [1/1] (0.00ns)   --->   "%br_ln2662 = br void %arrayidx141.exit" [H:/subband_ref_q610_opt_stage4_latency_stepL2.cpp:2662]   --->   Operation 392 'br' 'br_ln2662' <Predicate = (input_index_1 == 63)> <Delay = 0.00>
ST_3 : Operation 393 [1/1] (0.00ns)   --->   "%write_ln2662 = write void @_ssdm_op_Write.ap_auto.i16P0A, i16 %input_buffer_62, i16 %value_88" [H:/subband_ref_q610_opt_stage4_latency_stepL2.cpp:2662]   --->   Operation 393 'write' 'write_ln2662' <Predicate = (input_index_1 == 62)> <Delay = 0.00>
ST_3 : Operation 394 [1/1] (0.00ns)   --->   "%br_ln2662 = br void %arrayidx141.exit" [H:/subband_ref_q610_opt_stage4_latency_stepL2.cpp:2662]   --->   Operation 394 'br' 'br_ln2662' <Predicate = (input_index_1 == 62)> <Delay = 0.00>
ST_3 : Operation 395 [1/1] (0.00ns)   --->   "%write_ln2662 = write void @_ssdm_op_Write.ap_auto.i16P0A, i16 %input_buffer_61, i16 %value_88" [H:/subband_ref_q610_opt_stage4_latency_stepL2.cpp:2662]   --->   Operation 395 'write' 'write_ln2662' <Predicate = (input_index_1 == 61)> <Delay = 0.00>
ST_3 : Operation 396 [1/1] (0.00ns)   --->   "%br_ln2662 = br void %arrayidx141.exit" [H:/subband_ref_q610_opt_stage4_latency_stepL2.cpp:2662]   --->   Operation 396 'br' 'br_ln2662' <Predicate = (input_index_1 == 61)> <Delay = 0.00>
ST_3 : Operation 397 [1/1] (0.00ns)   --->   "%write_ln2662 = write void @_ssdm_op_Write.ap_auto.i16P0A, i16 %input_buffer_60, i16 %value_88" [H:/subband_ref_q610_opt_stage4_latency_stepL2.cpp:2662]   --->   Operation 397 'write' 'write_ln2662' <Predicate = (input_index_1 == 60)> <Delay = 0.00>
ST_3 : Operation 398 [1/1] (0.00ns)   --->   "%br_ln2662 = br void %arrayidx141.exit" [H:/subband_ref_q610_opt_stage4_latency_stepL2.cpp:2662]   --->   Operation 398 'br' 'br_ln2662' <Predicate = (input_index_1 == 60)> <Delay = 0.00>
ST_3 : Operation 399 [1/1] (0.00ns)   --->   "%write_ln2662 = write void @_ssdm_op_Write.ap_auto.i16P0A, i16 %input_buffer_59, i16 %value_88" [H:/subband_ref_q610_opt_stage4_latency_stepL2.cpp:2662]   --->   Operation 399 'write' 'write_ln2662' <Predicate = (input_index_1 == 59)> <Delay = 0.00>
ST_3 : Operation 400 [1/1] (0.00ns)   --->   "%br_ln2662 = br void %arrayidx141.exit" [H:/subband_ref_q610_opt_stage4_latency_stepL2.cpp:2662]   --->   Operation 400 'br' 'br_ln2662' <Predicate = (input_index_1 == 59)> <Delay = 0.00>
ST_3 : Operation 401 [1/1] (0.00ns)   --->   "%write_ln2662 = write void @_ssdm_op_Write.ap_auto.i16P0A, i16 %input_buffer_58, i16 %value_88" [H:/subband_ref_q610_opt_stage4_latency_stepL2.cpp:2662]   --->   Operation 401 'write' 'write_ln2662' <Predicate = (input_index_1 == 58)> <Delay = 0.00>
ST_3 : Operation 402 [1/1] (0.00ns)   --->   "%br_ln2662 = br void %arrayidx141.exit" [H:/subband_ref_q610_opt_stage4_latency_stepL2.cpp:2662]   --->   Operation 402 'br' 'br_ln2662' <Predicate = (input_index_1 == 58)> <Delay = 0.00>
ST_3 : Operation 403 [1/1] (0.00ns)   --->   "%write_ln2662 = write void @_ssdm_op_Write.ap_auto.i16P0A, i16 %input_buffer_57, i16 %value_88" [H:/subband_ref_q610_opt_stage4_latency_stepL2.cpp:2662]   --->   Operation 403 'write' 'write_ln2662' <Predicate = (input_index_1 == 57)> <Delay = 0.00>
ST_3 : Operation 404 [1/1] (0.00ns)   --->   "%br_ln2662 = br void %arrayidx141.exit" [H:/subband_ref_q610_opt_stage4_latency_stepL2.cpp:2662]   --->   Operation 404 'br' 'br_ln2662' <Predicate = (input_index_1 == 57)> <Delay = 0.00>
ST_3 : Operation 405 [1/1] (0.00ns)   --->   "%write_ln2662 = write void @_ssdm_op_Write.ap_auto.i16P0A, i16 %input_buffer_56, i16 %value_88" [H:/subband_ref_q610_opt_stage4_latency_stepL2.cpp:2662]   --->   Operation 405 'write' 'write_ln2662' <Predicate = (input_index_1 == 56)> <Delay = 0.00>
ST_3 : Operation 406 [1/1] (0.00ns)   --->   "%br_ln2662 = br void %arrayidx141.exit" [H:/subband_ref_q610_opt_stage4_latency_stepL2.cpp:2662]   --->   Operation 406 'br' 'br_ln2662' <Predicate = (input_index_1 == 56)> <Delay = 0.00>
ST_3 : Operation 407 [1/1] (0.00ns)   --->   "%write_ln2662 = write void @_ssdm_op_Write.ap_auto.i16P0A, i16 %input_buffer_55, i16 %value_88" [H:/subband_ref_q610_opt_stage4_latency_stepL2.cpp:2662]   --->   Operation 407 'write' 'write_ln2662' <Predicate = (input_index_1 == 55)> <Delay = 0.00>
ST_3 : Operation 408 [1/1] (0.00ns)   --->   "%br_ln2662 = br void %arrayidx141.exit" [H:/subband_ref_q610_opt_stage4_latency_stepL2.cpp:2662]   --->   Operation 408 'br' 'br_ln2662' <Predicate = (input_index_1 == 55)> <Delay = 0.00>
ST_3 : Operation 409 [1/1] (0.00ns)   --->   "%write_ln2662 = write void @_ssdm_op_Write.ap_auto.i16P0A, i16 %input_buffer_54, i16 %value_88" [H:/subband_ref_q610_opt_stage4_latency_stepL2.cpp:2662]   --->   Operation 409 'write' 'write_ln2662' <Predicate = (input_index_1 == 54)> <Delay = 0.00>
ST_3 : Operation 410 [1/1] (0.00ns)   --->   "%br_ln2662 = br void %arrayidx141.exit" [H:/subband_ref_q610_opt_stage4_latency_stepL2.cpp:2662]   --->   Operation 410 'br' 'br_ln2662' <Predicate = (input_index_1 == 54)> <Delay = 0.00>
ST_3 : Operation 411 [1/1] (0.00ns)   --->   "%write_ln2662 = write void @_ssdm_op_Write.ap_auto.i16P0A, i16 %input_buffer_53, i16 %value_88" [H:/subband_ref_q610_opt_stage4_latency_stepL2.cpp:2662]   --->   Operation 411 'write' 'write_ln2662' <Predicate = (input_index_1 == 53)> <Delay = 0.00>
ST_3 : Operation 412 [1/1] (0.00ns)   --->   "%br_ln2662 = br void %arrayidx141.exit" [H:/subband_ref_q610_opt_stage4_latency_stepL2.cpp:2662]   --->   Operation 412 'br' 'br_ln2662' <Predicate = (input_index_1 == 53)> <Delay = 0.00>
ST_3 : Operation 413 [1/1] (0.00ns)   --->   "%write_ln2662 = write void @_ssdm_op_Write.ap_auto.i16P0A, i16 %input_buffer_52, i16 %value_88" [H:/subband_ref_q610_opt_stage4_latency_stepL2.cpp:2662]   --->   Operation 413 'write' 'write_ln2662' <Predicate = (input_index_1 == 52)> <Delay = 0.00>
ST_3 : Operation 414 [1/1] (0.00ns)   --->   "%br_ln2662 = br void %arrayidx141.exit" [H:/subband_ref_q610_opt_stage4_latency_stepL2.cpp:2662]   --->   Operation 414 'br' 'br_ln2662' <Predicate = (input_index_1 == 52)> <Delay = 0.00>
ST_3 : Operation 415 [1/1] (0.00ns)   --->   "%write_ln2662 = write void @_ssdm_op_Write.ap_auto.i16P0A, i16 %input_buffer_51, i16 %value_88" [H:/subband_ref_q610_opt_stage4_latency_stepL2.cpp:2662]   --->   Operation 415 'write' 'write_ln2662' <Predicate = (input_index_1 == 51)> <Delay = 0.00>
ST_3 : Operation 416 [1/1] (0.00ns)   --->   "%br_ln2662 = br void %arrayidx141.exit" [H:/subband_ref_q610_opt_stage4_latency_stepL2.cpp:2662]   --->   Operation 416 'br' 'br_ln2662' <Predicate = (input_index_1 == 51)> <Delay = 0.00>
ST_3 : Operation 417 [1/1] (0.00ns)   --->   "%write_ln2662 = write void @_ssdm_op_Write.ap_auto.i16P0A, i16 %input_buffer_50, i16 %value_88" [H:/subband_ref_q610_opt_stage4_latency_stepL2.cpp:2662]   --->   Operation 417 'write' 'write_ln2662' <Predicate = (input_index_1 == 50)> <Delay = 0.00>
ST_3 : Operation 418 [1/1] (0.00ns)   --->   "%br_ln2662 = br void %arrayidx141.exit" [H:/subband_ref_q610_opt_stage4_latency_stepL2.cpp:2662]   --->   Operation 418 'br' 'br_ln2662' <Predicate = (input_index_1 == 50)> <Delay = 0.00>
ST_3 : Operation 419 [1/1] (0.00ns)   --->   "%write_ln2662 = write void @_ssdm_op_Write.ap_auto.i16P0A, i16 %input_buffer_49, i16 %value_88" [H:/subband_ref_q610_opt_stage4_latency_stepL2.cpp:2662]   --->   Operation 419 'write' 'write_ln2662' <Predicate = (input_index_1 == 49)> <Delay = 0.00>
ST_3 : Operation 420 [1/1] (0.00ns)   --->   "%br_ln2662 = br void %arrayidx141.exit" [H:/subband_ref_q610_opt_stage4_latency_stepL2.cpp:2662]   --->   Operation 420 'br' 'br_ln2662' <Predicate = (input_index_1 == 49)> <Delay = 0.00>
ST_3 : Operation 421 [1/1] (0.00ns)   --->   "%write_ln2662 = write void @_ssdm_op_Write.ap_auto.i16P0A, i16 %input_buffer_48, i16 %value_88" [H:/subband_ref_q610_opt_stage4_latency_stepL2.cpp:2662]   --->   Operation 421 'write' 'write_ln2662' <Predicate = (input_index_1 == 48)> <Delay = 0.00>
ST_3 : Operation 422 [1/1] (0.00ns)   --->   "%br_ln2662 = br void %arrayidx141.exit" [H:/subband_ref_q610_opt_stage4_latency_stepL2.cpp:2662]   --->   Operation 422 'br' 'br_ln2662' <Predicate = (input_index_1 == 48)> <Delay = 0.00>
ST_3 : Operation 423 [1/1] (0.00ns)   --->   "%write_ln2662 = write void @_ssdm_op_Write.ap_auto.i16P0A, i16 %input_buffer_47, i16 %value_88" [H:/subband_ref_q610_opt_stage4_latency_stepL2.cpp:2662]   --->   Operation 423 'write' 'write_ln2662' <Predicate = (input_index_1 == 47)> <Delay = 0.00>
ST_3 : Operation 424 [1/1] (0.00ns)   --->   "%br_ln2662 = br void %arrayidx141.exit" [H:/subband_ref_q610_opt_stage4_latency_stepL2.cpp:2662]   --->   Operation 424 'br' 'br_ln2662' <Predicate = (input_index_1 == 47)> <Delay = 0.00>
ST_3 : Operation 425 [1/1] (0.00ns)   --->   "%write_ln2662 = write void @_ssdm_op_Write.ap_auto.i16P0A, i16 %input_buffer_46, i16 %value_88" [H:/subband_ref_q610_opt_stage4_latency_stepL2.cpp:2662]   --->   Operation 425 'write' 'write_ln2662' <Predicate = (input_index_1 == 46)> <Delay = 0.00>
ST_3 : Operation 426 [1/1] (0.00ns)   --->   "%br_ln2662 = br void %arrayidx141.exit" [H:/subband_ref_q610_opt_stage4_latency_stepL2.cpp:2662]   --->   Operation 426 'br' 'br_ln2662' <Predicate = (input_index_1 == 46)> <Delay = 0.00>
ST_3 : Operation 427 [1/1] (0.00ns)   --->   "%write_ln2662 = write void @_ssdm_op_Write.ap_auto.i16P0A, i16 %input_buffer_45, i16 %value_88" [H:/subband_ref_q610_opt_stage4_latency_stepL2.cpp:2662]   --->   Operation 427 'write' 'write_ln2662' <Predicate = (input_index_1 == 45)> <Delay = 0.00>
ST_3 : Operation 428 [1/1] (0.00ns)   --->   "%br_ln2662 = br void %arrayidx141.exit" [H:/subband_ref_q610_opt_stage4_latency_stepL2.cpp:2662]   --->   Operation 428 'br' 'br_ln2662' <Predicate = (input_index_1 == 45)> <Delay = 0.00>
ST_3 : Operation 429 [1/1] (0.00ns)   --->   "%write_ln2662 = write void @_ssdm_op_Write.ap_auto.i16P0A, i16 %input_buffer_44, i16 %value_88" [H:/subband_ref_q610_opt_stage4_latency_stepL2.cpp:2662]   --->   Operation 429 'write' 'write_ln2662' <Predicate = (input_index_1 == 44)> <Delay = 0.00>
ST_3 : Operation 430 [1/1] (0.00ns)   --->   "%br_ln2662 = br void %arrayidx141.exit" [H:/subband_ref_q610_opt_stage4_latency_stepL2.cpp:2662]   --->   Operation 430 'br' 'br_ln2662' <Predicate = (input_index_1 == 44)> <Delay = 0.00>
ST_3 : Operation 431 [1/1] (0.00ns)   --->   "%write_ln2662 = write void @_ssdm_op_Write.ap_auto.i16P0A, i16 %input_buffer_43, i16 %value_88" [H:/subband_ref_q610_opt_stage4_latency_stepL2.cpp:2662]   --->   Operation 431 'write' 'write_ln2662' <Predicate = (input_index_1 == 43)> <Delay = 0.00>
ST_3 : Operation 432 [1/1] (0.00ns)   --->   "%br_ln2662 = br void %arrayidx141.exit" [H:/subband_ref_q610_opt_stage4_latency_stepL2.cpp:2662]   --->   Operation 432 'br' 'br_ln2662' <Predicate = (input_index_1 == 43)> <Delay = 0.00>
ST_3 : Operation 433 [1/1] (0.00ns)   --->   "%write_ln2662 = write void @_ssdm_op_Write.ap_auto.i16P0A, i16 %input_buffer_42, i16 %value_88" [H:/subband_ref_q610_opt_stage4_latency_stepL2.cpp:2662]   --->   Operation 433 'write' 'write_ln2662' <Predicate = (input_index_1 == 42)> <Delay = 0.00>
ST_3 : Operation 434 [1/1] (0.00ns)   --->   "%br_ln2662 = br void %arrayidx141.exit" [H:/subband_ref_q610_opt_stage4_latency_stepL2.cpp:2662]   --->   Operation 434 'br' 'br_ln2662' <Predicate = (input_index_1 == 42)> <Delay = 0.00>
ST_3 : Operation 435 [1/1] (0.00ns)   --->   "%write_ln2662 = write void @_ssdm_op_Write.ap_auto.i16P0A, i16 %input_buffer_41, i16 %value_88" [H:/subband_ref_q610_opt_stage4_latency_stepL2.cpp:2662]   --->   Operation 435 'write' 'write_ln2662' <Predicate = (input_index_1 == 41)> <Delay = 0.00>
ST_3 : Operation 436 [1/1] (0.00ns)   --->   "%br_ln2662 = br void %arrayidx141.exit" [H:/subband_ref_q610_opt_stage4_latency_stepL2.cpp:2662]   --->   Operation 436 'br' 'br_ln2662' <Predicate = (input_index_1 == 41)> <Delay = 0.00>
ST_3 : Operation 437 [1/1] (0.00ns)   --->   "%write_ln2662 = write void @_ssdm_op_Write.ap_auto.i16P0A, i16 %input_buffer_40, i16 %value_88" [H:/subband_ref_q610_opt_stage4_latency_stepL2.cpp:2662]   --->   Operation 437 'write' 'write_ln2662' <Predicate = (input_index_1 == 40)> <Delay = 0.00>
ST_3 : Operation 438 [1/1] (0.00ns)   --->   "%br_ln2662 = br void %arrayidx141.exit" [H:/subband_ref_q610_opt_stage4_latency_stepL2.cpp:2662]   --->   Operation 438 'br' 'br_ln2662' <Predicate = (input_index_1 == 40)> <Delay = 0.00>
ST_3 : Operation 439 [1/1] (0.00ns)   --->   "%write_ln2662 = write void @_ssdm_op_Write.ap_auto.i16P0A, i16 %input_buffer_39, i16 %value_88" [H:/subband_ref_q610_opt_stage4_latency_stepL2.cpp:2662]   --->   Operation 439 'write' 'write_ln2662' <Predicate = (input_index_1 == 39)> <Delay = 0.00>
ST_3 : Operation 440 [1/1] (0.00ns)   --->   "%br_ln2662 = br void %arrayidx141.exit" [H:/subband_ref_q610_opt_stage4_latency_stepL2.cpp:2662]   --->   Operation 440 'br' 'br_ln2662' <Predicate = (input_index_1 == 39)> <Delay = 0.00>
ST_3 : Operation 441 [1/1] (0.00ns)   --->   "%write_ln2662 = write void @_ssdm_op_Write.ap_auto.i16P0A, i16 %input_buffer_38, i16 %value_88" [H:/subband_ref_q610_opt_stage4_latency_stepL2.cpp:2662]   --->   Operation 441 'write' 'write_ln2662' <Predicate = (input_index_1 == 38)> <Delay = 0.00>
ST_3 : Operation 442 [1/1] (0.00ns)   --->   "%br_ln2662 = br void %arrayidx141.exit" [H:/subband_ref_q610_opt_stage4_latency_stepL2.cpp:2662]   --->   Operation 442 'br' 'br_ln2662' <Predicate = (input_index_1 == 38)> <Delay = 0.00>
ST_3 : Operation 443 [1/1] (0.00ns)   --->   "%write_ln2662 = write void @_ssdm_op_Write.ap_auto.i16P0A, i16 %input_buffer_37, i16 %value_88" [H:/subband_ref_q610_opt_stage4_latency_stepL2.cpp:2662]   --->   Operation 443 'write' 'write_ln2662' <Predicate = (input_index_1 == 37)> <Delay = 0.00>
ST_3 : Operation 444 [1/1] (0.00ns)   --->   "%br_ln2662 = br void %arrayidx141.exit" [H:/subband_ref_q610_opt_stage4_latency_stepL2.cpp:2662]   --->   Operation 444 'br' 'br_ln2662' <Predicate = (input_index_1 == 37)> <Delay = 0.00>
ST_3 : Operation 445 [1/1] (0.00ns)   --->   "%write_ln2662 = write void @_ssdm_op_Write.ap_auto.i16P0A, i16 %input_buffer_36, i16 %value_88" [H:/subband_ref_q610_opt_stage4_latency_stepL2.cpp:2662]   --->   Operation 445 'write' 'write_ln2662' <Predicate = (input_index_1 == 36)> <Delay = 0.00>
ST_3 : Operation 446 [1/1] (0.00ns)   --->   "%br_ln2662 = br void %arrayidx141.exit" [H:/subband_ref_q610_opt_stage4_latency_stepL2.cpp:2662]   --->   Operation 446 'br' 'br_ln2662' <Predicate = (input_index_1 == 36)> <Delay = 0.00>
ST_3 : Operation 447 [1/1] (0.00ns)   --->   "%write_ln2662 = write void @_ssdm_op_Write.ap_auto.i16P0A, i16 %input_buffer_35, i16 %value_88" [H:/subband_ref_q610_opt_stage4_latency_stepL2.cpp:2662]   --->   Operation 447 'write' 'write_ln2662' <Predicate = (input_index_1 == 35)> <Delay = 0.00>
ST_3 : Operation 448 [1/1] (0.00ns)   --->   "%br_ln2662 = br void %arrayidx141.exit" [H:/subband_ref_q610_opt_stage4_latency_stepL2.cpp:2662]   --->   Operation 448 'br' 'br_ln2662' <Predicate = (input_index_1 == 35)> <Delay = 0.00>
ST_3 : Operation 449 [1/1] (0.00ns)   --->   "%write_ln2662 = write void @_ssdm_op_Write.ap_auto.i16P0A, i16 %input_buffer_34, i16 %value_88" [H:/subband_ref_q610_opt_stage4_latency_stepL2.cpp:2662]   --->   Operation 449 'write' 'write_ln2662' <Predicate = (input_index_1 == 34)> <Delay = 0.00>
ST_3 : Operation 450 [1/1] (0.00ns)   --->   "%br_ln2662 = br void %arrayidx141.exit" [H:/subband_ref_q610_opt_stage4_latency_stepL2.cpp:2662]   --->   Operation 450 'br' 'br_ln2662' <Predicate = (input_index_1 == 34)> <Delay = 0.00>
ST_3 : Operation 451 [1/1] (0.00ns)   --->   "%write_ln2662 = write void @_ssdm_op_Write.ap_auto.i16P0A, i16 %input_buffer_33, i16 %value_88" [H:/subband_ref_q610_opt_stage4_latency_stepL2.cpp:2662]   --->   Operation 451 'write' 'write_ln2662' <Predicate = (input_index_1 == 33)> <Delay = 0.00>
ST_3 : Operation 452 [1/1] (0.00ns)   --->   "%br_ln2662 = br void %arrayidx141.exit" [H:/subband_ref_q610_opt_stage4_latency_stepL2.cpp:2662]   --->   Operation 452 'br' 'br_ln2662' <Predicate = (input_index_1 == 33)> <Delay = 0.00>
ST_3 : Operation 453 [1/1] (0.00ns)   --->   "%write_ln2662 = write void @_ssdm_op_Write.ap_auto.i16P0A, i16 %input_buffer_32, i16 %value_88" [H:/subband_ref_q610_opt_stage4_latency_stepL2.cpp:2662]   --->   Operation 453 'write' 'write_ln2662' <Predicate = (input_index_1 == 32)> <Delay = 0.00>
ST_3 : Operation 454 [1/1] (0.00ns)   --->   "%br_ln2662 = br void %arrayidx141.exit" [H:/subband_ref_q610_opt_stage4_latency_stepL2.cpp:2662]   --->   Operation 454 'br' 'br_ln2662' <Predicate = (input_index_1 == 32)> <Delay = 0.00>
ST_3 : Operation 455 [1/1] (0.00ns)   --->   "%write_ln2662 = write void @_ssdm_op_Write.ap_auto.i16P0A, i16 %input_buffer_31, i16 %value_88" [H:/subband_ref_q610_opt_stage4_latency_stepL2.cpp:2662]   --->   Operation 455 'write' 'write_ln2662' <Predicate = (input_index_1 == 31)> <Delay = 0.00>
ST_3 : Operation 456 [1/1] (0.00ns)   --->   "%br_ln2662 = br void %arrayidx141.exit" [H:/subband_ref_q610_opt_stage4_latency_stepL2.cpp:2662]   --->   Operation 456 'br' 'br_ln2662' <Predicate = (input_index_1 == 31)> <Delay = 0.00>
ST_3 : Operation 457 [1/1] (0.00ns)   --->   "%write_ln2662 = write void @_ssdm_op_Write.ap_auto.i16P0A, i16 %input_buffer_30, i16 %value_88" [H:/subband_ref_q610_opt_stage4_latency_stepL2.cpp:2662]   --->   Operation 457 'write' 'write_ln2662' <Predicate = (input_index_1 == 30)> <Delay = 0.00>
ST_3 : Operation 458 [1/1] (0.00ns)   --->   "%br_ln2662 = br void %arrayidx141.exit" [H:/subband_ref_q610_opt_stage4_latency_stepL2.cpp:2662]   --->   Operation 458 'br' 'br_ln2662' <Predicate = (input_index_1 == 30)> <Delay = 0.00>
ST_3 : Operation 459 [1/1] (0.00ns)   --->   "%write_ln2662 = write void @_ssdm_op_Write.ap_auto.i16P0A, i16 %input_buffer_29, i16 %value_88" [H:/subband_ref_q610_opt_stage4_latency_stepL2.cpp:2662]   --->   Operation 459 'write' 'write_ln2662' <Predicate = (input_index_1 == 29)> <Delay = 0.00>
ST_3 : Operation 460 [1/1] (0.00ns)   --->   "%br_ln2662 = br void %arrayidx141.exit" [H:/subband_ref_q610_opt_stage4_latency_stepL2.cpp:2662]   --->   Operation 460 'br' 'br_ln2662' <Predicate = (input_index_1 == 29)> <Delay = 0.00>
ST_3 : Operation 461 [1/1] (0.00ns)   --->   "%write_ln2662 = write void @_ssdm_op_Write.ap_auto.i16P0A, i16 %input_buffer_28, i16 %value_88" [H:/subband_ref_q610_opt_stage4_latency_stepL2.cpp:2662]   --->   Operation 461 'write' 'write_ln2662' <Predicate = (input_index_1 == 28)> <Delay = 0.00>
ST_3 : Operation 462 [1/1] (0.00ns)   --->   "%br_ln2662 = br void %arrayidx141.exit" [H:/subband_ref_q610_opt_stage4_latency_stepL2.cpp:2662]   --->   Operation 462 'br' 'br_ln2662' <Predicate = (input_index_1 == 28)> <Delay = 0.00>
ST_3 : Operation 463 [1/1] (0.00ns)   --->   "%write_ln2662 = write void @_ssdm_op_Write.ap_auto.i16P0A, i16 %input_buffer_27, i16 %value_88" [H:/subband_ref_q610_opt_stage4_latency_stepL2.cpp:2662]   --->   Operation 463 'write' 'write_ln2662' <Predicate = (input_index_1 == 27)> <Delay = 0.00>
ST_3 : Operation 464 [1/1] (0.00ns)   --->   "%br_ln2662 = br void %arrayidx141.exit" [H:/subband_ref_q610_opt_stage4_latency_stepL2.cpp:2662]   --->   Operation 464 'br' 'br_ln2662' <Predicate = (input_index_1 == 27)> <Delay = 0.00>
ST_3 : Operation 465 [1/1] (0.00ns)   --->   "%write_ln2662 = write void @_ssdm_op_Write.ap_auto.i16P0A, i16 %input_buffer_26, i16 %value_88" [H:/subband_ref_q610_opt_stage4_latency_stepL2.cpp:2662]   --->   Operation 465 'write' 'write_ln2662' <Predicate = (input_index_1 == 26)> <Delay = 0.00>
ST_3 : Operation 466 [1/1] (0.00ns)   --->   "%br_ln2662 = br void %arrayidx141.exit" [H:/subband_ref_q610_opt_stage4_latency_stepL2.cpp:2662]   --->   Operation 466 'br' 'br_ln2662' <Predicate = (input_index_1 == 26)> <Delay = 0.00>
ST_3 : Operation 467 [1/1] (0.00ns)   --->   "%write_ln2662 = write void @_ssdm_op_Write.ap_auto.i16P0A, i16 %input_buffer_25, i16 %value_88" [H:/subband_ref_q610_opt_stage4_latency_stepL2.cpp:2662]   --->   Operation 467 'write' 'write_ln2662' <Predicate = (input_index_1 == 25)> <Delay = 0.00>
ST_3 : Operation 468 [1/1] (0.00ns)   --->   "%br_ln2662 = br void %arrayidx141.exit" [H:/subband_ref_q610_opt_stage4_latency_stepL2.cpp:2662]   --->   Operation 468 'br' 'br_ln2662' <Predicate = (input_index_1 == 25)> <Delay = 0.00>
ST_3 : Operation 469 [1/1] (0.00ns)   --->   "%write_ln2662 = write void @_ssdm_op_Write.ap_auto.i16P0A, i16 %input_buffer_24, i16 %value_88" [H:/subband_ref_q610_opt_stage4_latency_stepL2.cpp:2662]   --->   Operation 469 'write' 'write_ln2662' <Predicate = (input_index_1 == 24)> <Delay = 0.00>
ST_3 : Operation 470 [1/1] (0.00ns)   --->   "%br_ln2662 = br void %arrayidx141.exit" [H:/subband_ref_q610_opt_stage4_latency_stepL2.cpp:2662]   --->   Operation 470 'br' 'br_ln2662' <Predicate = (input_index_1 == 24)> <Delay = 0.00>
ST_3 : Operation 471 [1/1] (0.00ns)   --->   "%write_ln2662 = write void @_ssdm_op_Write.ap_auto.i16P0A, i16 %input_buffer_23, i16 %value_88" [H:/subband_ref_q610_opt_stage4_latency_stepL2.cpp:2662]   --->   Operation 471 'write' 'write_ln2662' <Predicate = (input_index_1 == 23)> <Delay = 0.00>
ST_3 : Operation 472 [1/1] (0.00ns)   --->   "%br_ln2662 = br void %arrayidx141.exit" [H:/subband_ref_q610_opt_stage4_latency_stepL2.cpp:2662]   --->   Operation 472 'br' 'br_ln2662' <Predicate = (input_index_1 == 23)> <Delay = 0.00>
ST_3 : Operation 473 [1/1] (0.00ns)   --->   "%write_ln2662 = write void @_ssdm_op_Write.ap_auto.i16P0A, i16 %input_buffer_22, i16 %value_88" [H:/subband_ref_q610_opt_stage4_latency_stepL2.cpp:2662]   --->   Operation 473 'write' 'write_ln2662' <Predicate = (input_index_1 == 22)> <Delay = 0.00>
ST_3 : Operation 474 [1/1] (0.00ns)   --->   "%br_ln2662 = br void %arrayidx141.exit" [H:/subband_ref_q610_opt_stage4_latency_stepL2.cpp:2662]   --->   Operation 474 'br' 'br_ln2662' <Predicate = (input_index_1 == 22)> <Delay = 0.00>
ST_3 : Operation 475 [1/1] (0.00ns)   --->   "%write_ln2662 = write void @_ssdm_op_Write.ap_auto.i16P0A, i16 %input_buffer_21, i16 %value_88" [H:/subband_ref_q610_opt_stage4_latency_stepL2.cpp:2662]   --->   Operation 475 'write' 'write_ln2662' <Predicate = (input_index_1 == 21)> <Delay = 0.00>
ST_3 : Operation 476 [1/1] (0.00ns)   --->   "%br_ln2662 = br void %arrayidx141.exit" [H:/subband_ref_q610_opt_stage4_latency_stepL2.cpp:2662]   --->   Operation 476 'br' 'br_ln2662' <Predicate = (input_index_1 == 21)> <Delay = 0.00>
ST_3 : Operation 477 [1/1] (0.00ns)   --->   "%write_ln2662 = write void @_ssdm_op_Write.ap_auto.i16P0A, i16 %input_buffer_20, i16 %value_88" [H:/subband_ref_q610_opt_stage4_latency_stepL2.cpp:2662]   --->   Operation 477 'write' 'write_ln2662' <Predicate = (input_index_1 == 20)> <Delay = 0.00>
ST_3 : Operation 478 [1/1] (0.00ns)   --->   "%br_ln2662 = br void %arrayidx141.exit" [H:/subband_ref_q610_opt_stage4_latency_stepL2.cpp:2662]   --->   Operation 478 'br' 'br_ln2662' <Predicate = (input_index_1 == 20)> <Delay = 0.00>
ST_3 : Operation 479 [1/1] (0.00ns)   --->   "%write_ln2662 = write void @_ssdm_op_Write.ap_auto.i16P0A, i16 %input_buffer_19, i16 %value_88" [H:/subband_ref_q610_opt_stage4_latency_stepL2.cpp:2662]   --->   Operation 479 'write' 'write_ln2662' <Predicate = (input_index_1 == 19)> <Delay = 0.00>
ST_3 : Operation 480 [1/1] (0.00ns)   --->   "%br_ln2662 = br void %arrayidx141.exit" [H:/subband_ref_q610_opt_stage4_latency_stepL2.cpp:2662]   --->   Operation 480 'br' 'br_ln2662' <Predicate = (input_index_1 == 19)> <Delay = 0.00>
ST_3 : Operation 481 [1/1] (0.00ns)   --->   "%write_ln2662 = write void @_ssdm_op_Write.ap_auto.i16P0A, i16 %input_buffer_18, i16 %value_88" [H:/subband_ref_q610_opt_stage4_latency_stepL2.cpp:2662]   --->   Operation 481 'write' 'write_ln2662' <Predicate = (input_index_1 == 18)> <Delay = 0.00>
ST_3 : Operation 482 [1/1] (0.00ns)   --->   "%br_ln2662 = br void %arrayidx141.exit" [H:/subband_ref_q610_opt_stage4_latency_stepL2.cpp:2662]   --->   Operation 482 'br' 'br_ln2662' <Predicate = (input_index_1 == 18)> <Delay = 0.00>
ST_3 : Operation 483 [1/1] (0.00ns)   --->   "%write_ln2662 = write void @_ssdm_op_Write.ap_auto.i16P0A, i16 %input_buffer_17, i16 %value_88" [H:/subband_ref_q610_opt_stage4_latency_stepL2.cpp:2662]   --->   Operation 483 'write' 'write_ln2662' <Predicate = (input_index_1 == 17)> <Delay = 0.00>
ST_3 : Operation 484 [1/1] (0.00ns)   --->   "%br_ln2662 = br void %arrayidx141.exit" [H:/subband_ref_q610_opt_stage4_latency_stepL2.cpp:2662]   --->   Operation 484 'br' 'br_ln2662' <Predicate = (input_index_1 == 17)> <Delay = 0.00>
ST_3 : Operation 485 [1/1] (0.00ns)   --->   "%write_ln2662 = write void @_ssdm_op_Write.ap_auto.i16P0A, i16 %input_buffer_16, i16 %value_88" [H:/subband_ref_q610_opt_stage4_latency_stepL2.cpp:2662]   --->   Operation 485 'write' 'write_ln2662' <Predicate = (input_index_1 == 16)> <Delay = 0.00>
ST_3 : Operation 486 [1/1] (0.00ns)   --->   "%br_ln2662 = br void %arrayidx141.exit" [H:/subband_ref_q610_opt_stage4_latency_stepL2.cpp:2662]   --->   Operation 486 'br' 'br_ln2662' <Predicate = (input_index_1 == 16)> <Delay = 0.00>
ST_3 : Operation 487 [1/1] (0.00ns)   --->   "%write_ln2662 = write void @_ssdm_op_Write.ap_auto.i16P0A, i16 %input_buffer_15, i16 %value_88" [H:/subband_ref_q610_opt_stage4_latency_stepL2.cpp:2662]   --->   Operation 487 'write' 'write_ln2662' <Predicate = (input_index_1 == 15)> <Delay = 0.00>
ST_3 : Operation 488 [1/1] (0.00ns)   --->   "%br_ln2662 = br void %arrayidx141.exit" [H:/subband_ref_q610_opt_stage4_latency_stepL2.cpp:2662]   --->   Operation 488 'br' 'br_ln2662' <Predicate = (input_index_1 == 15)> <Delay = 0.00>
ST_3 : Operation 489 [1/1] (0.00ns)   --->   "%write_ln2662 = write void @_ssdm_op_Write.ap_auto.i16P0A, i16 %input_buffer_14, i16 %value_88" [H:/subband_ref_q610_opt_stage4_latency_stepL2.cpp:2662]   --->   Operation 489 'write' 'write_ln2662' <Predicate = (input_index_1 == 14)> <Delay = 0.00>
ST_3 : Operation 490 [1/1] (0.00ns)   --->   "%br_ln2662 = br void %arrayidx141.exit" [H:/subband_ref_q610_opt_stage4_latency_stepL2.cpp:2662]   --->   Operation 490 'br' 'br_ln2662' <Predicate = (input_index_1 == 14)> <Delay = 0.00>
ST_3 : Operation 491 [1/1] (0.00ns)   --->   "%write_ln2662 = write void @_ssdm_op_Write.ap_auto.i16P0A, i16 %input_buffer_13, i16 %value_88" [H:/subband_ref_q610_opt_stage4_latency_stepL2.cpp:2662]   --->   Operation 491 'write' 'write_ln2662' <Predicate = (input_index_1 == 13)> <Delay = 0.00>
ST_3 : Operation 492 [1/1] (0.00ns)   --->   "%br_ln2662 = br void %arrayidx141.exit" [H:/subband_ref_q610_opt_stage4_latency_stepL2.cpp:2662]   --->   Operation 492 'br' 'br_ln2662' <Predicate = (input_index_1 == 13)> <Delay = 0.00>
ST_3 : Operation 493 [1/1] (0.00ns)   --->   "%write_ln2662 = write void @_ssdm_op_Write.ap_auto.i16P0A, i16 %input_buffer_12, i16 %value_88" [H:/subband_ref_q610_opt_stage4_latency_stepL2.cpp:2662]   --->   Operation 493 'write' 'write_ln2662' <Predicate = (input_index_1 == 12)> <Delay = 0.00>
ST_3 : Operation 494 [1/1] (0.00ns)   --->   "%br_ln2662 = br void %arrayidx141.exit" [H:/subband_ref_q610_opt_stage4_latency_stepL2.cpp:2662]   --->   Operation 494 'br' 'br_ln2662' <Predicate = (input_index_1 == 12)> <Delay = 0.00>
ST_3 : Operation 495 [1/1] (0.00ns)   --->   "%write_ln2662 = write void @_ssdm_op_Write.ap_auto.i16P0A, i16 %input_buffer_11, i16 %value_88" [H:/subband_ref_q610_opt_stage4_latency_stepL2.cpp:2662]   --->   Operation 495 'write' 'write_ln2662' <Predicate = (input_index_1 == 11)> <Delay = 0.00>
ST_3 : Operation 496 [1/1] (0.00ns)   --->   "%br_ln2662 = br void %arrayidx141.exit" [H:/subband_ref_q610_opt_stage4_latency_stepL2.cpp:2662]   --->   Operation 496 'br' 'br_ln2662' <Predicate = (input_index_1 == 11)> <Delay = 0.00>
ST_3 : Operation 497 [1/1] (0.00ns)   --->   "%write_ln2662 = write void @_ssdm_op_Write.ap_auto.i16P0A, i16 %input_buffer_10, i16 %value_88" [H:/subband_ref_q610_opt_stage4_latency_stepL2.cpp:2662]   --->   Operation 497 'write' 'write_ln2662' <Predicate = (input_index_1 == 10)> <Delay = 0.00>
ST_3 : Operation 498 [1/1] (0.00ns)   --->   "%br_ln2662 = br void %arrayidx141.exit" [H:/subband_ref_q610_opt_stage4_latency_stepL2.cpp:2662]   --->   Operation 498 'br' 'br_ln2662' <Predicate = (input_index_1 == 10)> <Delay = 0.00>
ST_3 : Operation 499 [1/1] (0.00ns)   --->   "%write_ln2662 = write void @_ssdm_op_Write.ap_auto.i16P0A, i16 %input_buffer_9, i16 %value_88" [H:/subband_ref_q610_opt_stage4_latency_stepL2.cpp:2662]   --->   Operation 499 'write' 'write_ln2662' <Predicate = (input_index_1 == 9)> <Delay = 0.00>
ST_3 : Operation 500 [1/1] (0.00ns)   --->   "%br_ln2662 = br void %arrayidx141.exit" [H:/subband_ref_q610_opt_stage4_latency_stepL2.cpp:2662]   --->   Operation 500 'br' 'br_ln2662' <Predicate = (input_index_1 == 9)> <Delay = 0.00>
ST_3 : Operation 501 [1/1] (0.00ns)   --->   "%write_ln2662 = write void @_ssdm_op_Write.ap_auto.i16P0A, i16 %input_buffer_8, i16 %value_88" [H:/subband_ref_q610_opt_stage4_latency_stepL2.cpp:2662]   --->   Operation 501 'write' 'write_ln2662' <Predicate = (input_index_1 == 8)> <Delay = 0.00>
ST_3 : Operation 502 [1/1] (0.00ns)   --->   "%br_ln2662 = br void %arrayidx141.exit" [H:/subband_ref_q610_opt_stage4_latency_stepL2.cpp:2662]   --->   Operation 502 'br' 'br_ln2662' <Predicate = (input_index_1 == 8)> <Delay = 0.00>
ST_3 : Operation 503 [1/1] (0.00ns)   --->   "%write_ln2662 = write void @_ssdm_op_Write.ap_auto.i16P0A, i16 %input_buffer_7, i16 %value_88" [H:/subband_ref_q610_opt_stage4_latency_stepL2.cpp:2662]   --->   Operation 503 'write' 'write_ln2662' <Predicate = (input_index_1 == 7)> <Delay = 0.00>
ST_3 : Operation 504 [1/1] (0.00ns)   --->   "%br_ln2662 = br void %arrayidx141.exit" [H:/subband_ref_q610_opt_stage4_latency_stepL2.cpp:2662]   --->   Operation 504 'br' 'br_ln2662' <Predicate = (input_index_1 == 7)> <Delay = 0.00>
ST_3 : Operation 505 [1/1] (0.00ns)   --->   "%write_ln2662 = write void @_ssdm_op_Write.ap_auto.i16P0A, i16 %input_buffer_6, i16 %value_88" [H:/subband_ref_q610_opt_stage4_latency_stepL2.cpp:2662]   --->   Operation 505 'write' 'write_ln2662' <Predicate = (input_index_1 == 6)> <Delay = 0.00>
ST_3 : Operation 506 [1/1] (0.00ns)   --->   "%br_ln2662 = br void %arrayidx141.exit" [H:/subband_ref_q610_opt_stage4_latency_stepL2.cpp:2662]   --->   Operation 506 'br' 'br_ln2662' <Predicate = (input_index_1 == 6)> <Delay = 0.00>
ST_3 : Operation 507 [1/1] (0.00ns)   --->   "%write_ln2662 = write void @_ssdm_op_Write.ap_auto.i16P0A, i16 %input_buffer_5, i16 %value_88" [H:/subband_ref_q610_opt_stage4_latency_stepL2.cpp:2662]   --->   Operation 507 'write' 'write_ln2662' <Predicate = (input_index_1 == 5)> <Delay = 0.00>
ST_3 : Operation 508 [1/1] (0.00ns)   --->   "%br_ln2662 = br void %arrayidx141.exit" [H:/subband_ref_q610_opt_stage4_latency_stepL2.cpp:2662]   --->   Operation 508 'br' 'br_ln2662' <Predicate = (input_index_1 == 5)> <Delay = 0.00>
ST_3 : Operation 509 [1/1] (0.00ns)   --->   "%write_ln2662 = write void @_ssdm_op_Write.ap_auto.i16P0A, i16 %input_buffer_4, i16 %value_88" [H:/subband_ref_q610_opt_stage4_latency_stepL2.cpp:2662]   --->   Operation 509 'write' 'write_ln2662' <Predicate = (input_index_1 == 4)> <Delay = 0.00>
ST_3 : Operation 510 [1/1] (0.00ns)   --->   "%br_ln2662 = br void %arrayidx141.exit" [H:/subband_ref_q610_opt_stage4_latency_stepL2.cpp:2662]   --->   Operation 510 'br' 'br_ln2662' <Predicate = (input_index_1 == 4)> <Delay = 0.00>
ST_3 : Operation 511 [1/1] (0.00ns)   --->   "%write_ln2662 = write void @_ssdm_op_Write.ap_auto.i16P0A, i16 %input_buffer_3, i16 %value_88" [H:/subband_ref_q610_opt_stage4_latency_stepL2.cpp:2662]   --->   Operation 511 'write' 'write_ln2662' <Predicate = (input_index_1 == 3)> <Delay = 0.00>
ST_3 : Operation 512 [1/1] (0.00ns)   --->   "%br_ln2662 = br void %arrayidx141.exit" [H:/subband_ref_q610_opt_stage4_latency_stepL2.cpp:2662]   --->   Operation 512 'br' 'br_ln2662' <Predicate = (input_index_1 == 3)> <Delay = 0.00>
ST_3 : Operation 513 [1/1] (0.00ns)   --->   "%write_ln2662 = write void @_ssdm_op_Write.ap_auto.i16P0A, i16 %input_buffer_2, i16 %value_88" [H:/subband_ref_q610_opt_stage4_latency_stepL2.cpp:2662]   --->   Operation 513 'write' 'write_ln2662' <Predicate = (input_index_1 == 2)> <Delay = 0.00>
ST_3 : Operation 514 [1/1] (0.00ns)   --->   "%br_ln2662 = br void %arrayidx141.exit" [H:/subband_ref_q610_opt_stage4_latency_stepL2.cpp:2662]   --->   Operation 514 'br' 'br_ln2662' <Predicate = (input_index_1 == 2)> <Delay = 0.00>
ST_3 : Operation 515 [1/1] (0.00ns)   --->   "%write_ln2662 = write void @_ssdm_op_Write.ap_auto.i16P0A, i16 %input_buffer_1, i16 %value_88" [H:/subband_ref_q610_opt_stage4_latency_stepL2.cpp:2662]   --->   Operation 515 'write' 'write_ln2662' <Predicate = (input_index_1 == 1)> <Delay = 0.00>
ST_3 : Operation 516 [1/1] (0.00ns)   --->   "%br_ln2662 = br void %arrayidx141.exit" [H:/subband_ref_q610_opt_stage4_latency_stepL2.cpp:2662]   --->   Operation 516 'br' 'br_ln2662' <Predicate = (input_index_1 == 1)> <Delay = 0.00>
ST_3 : Operation 517 [1/1] (0.00ns)   --->   "%write_ln2662 = write void @_ssdm_op_Write.ap_auto.i16P0A, i16 %input_buffer_0, i16 %value_88" [H:/subband_ref_q610_opt_stage4_latency_stepL2.cpp:2662]   --->   Operation 517 'write' 'write_ln2662' <Predicate = (input_index_1 == 0)> <Delay = 0.00>
ST_3 : Operation 518 [1/1] (0.00ns)   --->   "%br_ln2662 = br void %arrayidx141.exit" [H:/subband_ref_q610_opt_stage4_latency_stepL2.cpp:2662]   --->   Operation 518 'br' 'br_ln2662' <Predicate = (input_index_1 == 0)> <Delay = 0.00>
ST_3 : Operation 519 [1/1] (0.00ns)   --->   "%write_ln2662 = write void @_ssdm_op_Write.ap_auto.i16P0A, i16 %input_buffer_223, i16 %value_88" [H:/subband_ref_q610_opt_stage4_latency_stepL2.cpp:2662]   --->   Operation 519 'write' 'write_ln2662' <Predicate = (input_index_1 == 255) | (input_index_1 == 254) | (input_index_1 == 253) | (input_index_1 == 252) | (input_index_1 == 251) | (input_index_1 == 250) | (input_index_1 == 249) | (input_index_1 == 248) | (input_index_1 == 247) | (input_index_1 == 246) | (input_index_1 == 245) | (input_index_1 == 244) | (input_index_1 == 243) | (input_index_1 == 242) | (input_index_1 == 241) | (input_index_1 == 240) | (input_index_1 == 239) | (input_index_1 == 238) | (input_index_1 == 237) | (input_index_1 == 236) | (input_index_1 == 235) | (input_index_1 == 234) | (input_index_1 == 233) | (input_index_1 == 232) | (input_index_1 == 231) | (input_index_1 == 230) | (input_index_1 == 229) | (input_index_1 == 228) | (input_index_1 == 227) | (input_index_1 == 226) | (input_index_1 == 225) | (input_index_1 == 224) | (input_index_1 == 223)> <Delay = 0.00>
ST_3 : Operation 520 [1/1] (0.00ns)   --->   "%br_ln2662 = br void %arrayidx141.exit" [H:/subband_ref_q610_opt_stage4_latency_stepL2.cpp:2662]   --->   Operation 520 'br' 'br_ln2662' <Predicate = (input_index_1 == 255) | (input_index_1 == 254) | (input_index_1 == 253) | (input_index_1 == 252) | (input_index_1 == 251) | (input_index_1 == 250) | (input_index_1 == 249) | (input_index_1 == 248) | (input_index_1 == 247) | (input_index_1 == 246) | (input_index_1 == 245) | (input_index_1 == 244) | (input_index_1 == 243) | (input_index_1 == 242) | (input_index_1 == 241) | (input_index_1 == 240) | (input_index_1 == 239) | (input_index_1 == 238) | (input_index_1 == 237) | (input_index_1 == 236) | (input_index_1 == 235) | (input_index_1 == 234) | (input_index_1 == 233) | (input_index_1 == 232) | (input_index_1 == 231) | (input_index_1 == 230) | (input_index_1 == 229) | (input_index_1 == 228) | (input_index_1 == 227) | (input_index_1 == 226) | (input_index_1 == 225) | (input_index_1 == 224) | (input_index_1 == 223)> <Delay = 0.00>


============================================================
+ Verbose Summary: Binding
============================================================
STG Binding: 
---------------- STG Properties BEGIN ----------------
- Is combinational: 0
- Is one-state seq: 0
- Is datapath-only: 0
- Is pipelined: 0
- Is top level: 0
Port [ Return ] is wired: 1; IO mode=ap_ctrl_hs:ce=0
Port [ input_buffer_0]:  wired=1; compound=0; hidden=0; nouse=0; global=0; static=0; extern=0; dir=1; type=0; pingpong=0; private_global=0; IO mode=ap_vld:ce=0
Port [ input_buffer_223]:  wired=1; compound=0; hidden=0; nouse=0; global=0; static=0; extern=0; dir=1; type=0; pingpong=0; private_global=0; IO mode=ap_vld:ce=0
Port [ input_buffer_222]:  wired=1; compound=0; hidden=0; nouse=0; global=0; static=0; extern=0; dir=1; type=0; pingpong=0; private_global=0; IO mode=ap_vld:ce=0
Port [ input_buffer_221]:  wired=1; compound=0; hidden=0; nouse=0; global=0; static=0; extern=0; dir=1; type=0; pingpong=0; private_global=0; IO mode=ap_vld:ce=0
Port [ input_buffer_220]:  wired=1; compound=0; hidden=0; nouse=0; global=0; static=0; extern=0; dir=1; type=0; pingpong=0; private_global=0; IO mode=ap_vld:ce=0
Port [ input_buffer_219]:  wired=1; compound=0; hidden=0; nouse=0; global=0; static=0; extern=0; dir=1; type=0; pingpong=0; private_global=0; IO mode=ap_vld:ce=0
Port [ input_buffer_218]:  wired=1; compound=0; hidden=0; nouse=0; global=0; static=0; extern=0; dir=1; type=0; pingpong=0; private_global=0; IO mode=ap_vld:ce=0
Port [ input_buffer_217]:  wired=1; compound=0; hidden=0; nouse=0; global=0; static=0; extern=0; dir=1; type=0; pingpong=0; private_global=0; IO mode=ap_vld:ce=0
Port [ input_buffer_216]:  wired=1; compound=0; hidden=0; nouse=0; global=0; static=0; extern=0; dir=1; type=0; pingpong=0; private_global=0; IO mode=ap_vld:ce=0
Port [ input_buffer_215]:  wired=1; compound=0; hidden=0; nouse=0; global=0; static=0; extern=0; dir=1; type=0; pingpong=0; private_global=0; IO mode=ap_vld:ce=0
Port [ input_buffer_214]:  wired=1; compound=0; hidden=0; nouse=0; global=0; static=0; extern=0; dir=1; type=0; pingpong=0; private_global=0; IO mode=ap_vld:ce=0
Port [ input_buffer_213]:  wired=1; compound=0; hidden=0; nouse=0; global=0; static=0; extern=0; dir=1; type=0; pingpong=0; private_global=0; IO mode=ap_vld:ce=0
Port [ input_buffer_212]:  wired=1; compound=0; hidden=0; nouse=0; global=0; static=0; extern=0; dir=1; type=0; pingpong=0; private_global=0; IO mode=ap_vld:ce=0
Port [ input_buffer_211]:  wired=1; compound=0; hidden=0; nouse=0; global=0; static=0; extern=0; dir=1; type=0; pingpong=0; private_global=0; IO mode=ap_vld:ce=0
Port [ input_buffer_210]:  wired=1; compound=0; hidden=0; nouse=0; global=0; static=0; extern=0; dir=1; type=0; pingpong=0; private_global=0; IO mode=ap_vld:ce=0
Port [ input_buffer_209]:  wired=1; compound=0; hidden=0; nouse=0; global=0; static=0; extern=0; dir=1; type=0; pingpong=0; private_global=0; IO mode=ap_vld:ce=0
Port [ input_buffer_208]:  wired=1; compound=0; hidden=0; nouse=0; global=0; static=0; extern=0; dir=1; type=0; pingpong=0; private_global=0; IO mode=ap_vld:ce=0
Port [ input_buffer_207]:  wired=1; compound=0; hidden=0; nouse=0; global=0; static=0; extern=0; dir=1; type=0; pingpong=0; private_global=0; IO mode=ap_vld:ce=0
Port [ input_buffer_206]:  wired=1; compound=0; hidden=0; nouse=0; global=0; static=0; extern=0; dir=1; type=0; pingpong=0; private_global=0; IO mode=ap_vld:ce=0
Port [ input_buffer_205]:  wired=1; compound=0; hidden=0; nouse=0; global=0; static=0; extern=0; dir=1; type=0; pingpong=0; private_global=0; IO mode=ap_vld:ce=0
Port [ input_buffer_204]:  wired=1; compound=0; hidden=0; nouse=0; global=0; static=0; extern=0; dir=1; type=0; pingpong=0; private_global=0; IO mode=ap_vld:ce=0
Port [ input_buffer_203]:  wired=1; compound=0; hidden=0; nouse=0; global=0; static=0; extern=0; dir=1; type=0; pingpong=0; private_global=0; IO mode=ap_vld:ce=0
Port [ input_buffer_202]:  wired=1; compound=0; hidden=0; nouse=0; global=0; static=0; extern=0; dir=1; type=0; pingpong=0; private_global=0; IO mode=ap_vld:ce=0
Port [ input_buffer_201]:  wired=1; compound=0; hidden=0; nouse=0; global=0; static=0; extern=0; dir=1; type=0; pingpong=0; private_global=0; IO mode=ap_vld:ce=0
Port [ input_buffer_200]:  wired=1; compound=0; hidden=0; nouse=0; global=0; static=0; extern=0; dir=1; type=0; pingpong=0; private_global=0; IO mode=ap_vld:ce=0
Port [ input_buffer_199]:  wired=1; compound=0; hidden=0; nouse=0; global=0; static=0; extern=0; dir=1; type=0; pingpong=0; private_global=0; IO mode=ap_vld:ce=0
Port [ input_buffer_198]:  wired=1; compound=0; hidden=0; nouse=0; global=0; static=0; extern=0; dir=1; type=0; pingpong=0; private_global=0; IO mode=ap_vld:ce=0
Port [ input_buffer_197]:  wired=1; compound=0; hidden=0; nouse=0; global=0; static=0; extern=0; dir=1; type=0; pingpong=0; private_global=0; IO mode=ap_vld:ce=0
Port [ input_buffer_196]:  wired=1; compound=0; hidden=0; nouse=0; global=0; static=0; extern=0; dir=1; type=0; pingpong=0; private_global=0; IO mode=ap_vld:ce=0
Port [ input_buffer_195]:  wired=1; compound=0; hidden=0; nouse=0; global=0; static=0; extern=0; dir=1; type=0; pingpong=0; private_global=0; IO mode=ap_vld:ce=0
Port [ input_buffer_194]:  wired=1; compound=0; hidden=0; nouse=0; global=0; static=0; extern=0; dir=1; type=0; pingpong=0; private_global=0; IO mode=ap_vld:ce=0
Port [ input_buffer_193]:  wired=1; compound=0; hidden=0; nouse=0; global=0; static=0; extern=0; dir=1; type=0; pingpong=0; private_global=0; IO mode=ap_vld:ce=0
Port [ input_buffer_192]:  wired=1; compound=0; hidden=0; nouse=0; global=0; static=0; extern=0; dir=1; type=0; pingpong=0; private_global=0; IO mode=ap_vld:ce=0
Port [ input_buffer_191]:  wired=1; compound=0; hidden=0; nouse=0; global=0; static=0; extern=0; dir=1; type=0; pingpong=0; private_global=0; IO mode=ap_vld:ce=0
Port [ input_buffer_190]:  wired=1; compound=0; hidden=0; nouse=0; global=0; static=0; extern=0; dir=1; type=0; pingpong=0; private_global=0; IO mode=ap_vld:ce=0
Port [ input_buffer_189]:  wired=1; compound=0; hidden=0; nouse=0; global=0; static=0; extern=0; dir=1; type=0; pingpong=0; private_global=0; IO mode=ap_vld:ce=0
Port [ input_buffer_188]:  wired=1; compound=0; hidden=0; nouse=0; global=0; static=0; extern=0; dir=1; type=0; pingpong=0; private_global=0; IO mode=ap_vld:ce=0
Port [ input_buffer_187]:  wired=1; compound=0; hidden=0; nouse=0; global=0; static=0; extern=0; dir=1; type=0; pingpong=0; private_global=0; IO mode=ap_vld:ce=0
Port [ input_buffer_186]:  wired=1; compound=0; hidden=0; nouse=0; global=0; static=0; extern=0; dir=1; type=0; pingpong=0; private_global=0; IO mode=ap_vld:ce=0
Port [ input_buffer_185]:  wired=1; compound=0; hidden=0; nouse=0; global=0; static=0; extern=0; dir=1; type=0; pingpong=0; private_global=0; IO mode=ap_vld:ce=0
Port [ input_buffer_184]:  wired=1; compound=0; hidden=0; nouse=0; global=0; static=0; extern=0; dir=1; type=0; pingpong=0; private_global=0; IO mode=ap_vld:ce=0
Port [ input_buffer_183]:  wired=1; compound=0; hidden=0; nouse=0; global=0; static=0; extern=0; dir=1; type=0; pingpong=0; private_global=0; IO mode=ap_vld:ce=0
Port [ input_buffer_182]:  wired=1; compound=0; hidden=0; nouse=0; global=0; static=0; extern=0; dir=1; type=0; pingpong=0; private_global=0; IO mode=ap_vld:ce=0
Port [ input_buffer_181]:  wired=1; compound=0; hidden=0; nouse=0; global=0; static=0; extern=0; dir=1; type=0; pingpong=0; private_global=0; IO mode=ap_vld:ce=0
Port [ input_buffer_180]:  wired=1; compound=0; hidden=0; nouse=0; global=0; static=0; extern=0; dir=1; type=0; pingpong=0; private_global=0; IO mode=ap_vld:ce=0
Port [ input_buffer_179]:  wired=1; compound=0; hidden=0; nouse=0; global=0; static=0; extern=0; dir=1; type=0; pingpong=0; private_global=0; IO mode=ap_vld:ce=0
Port [ input_buffer_178]:  wired=1; compound=0; hidden=0; nouse=0; global=0; static=0; extern=0; dir=1; type=0; pingpong=0; private_global=0; IO mode=ap_vld:ce=0
Port [ input_buffer_177]:  wired=1; compound=0; hidden=0; nouse=0; global=0; static=0; extern=0; dir=1; type=0; pingpong=0; private_global=0; IO mode=ap_vld:ce=0
Port [ input_buffer_176]:  wired=1; compound=0; hidden=0; nouse=0; global=0; static=0; extern=0; dir=1; type=0; pingpong=0; private_global=0; IO mode=ap_vld:ce=0
Port [ input_buffer_175]:  wired=1; compound=0; hidden=0; nouse=0; global=0; static=0; extern=0; dir=1; type=0; pingpong=0; private_global=0; IO mode=ap_vld:ce=0
Port [ input_buffer_174]:  wired=1; compound=0; hidden=0; nouse=0; global=0; static=0; extern=0; dir=1; type=0; pingpong=0; private_global=0; IO mode=ap_vld:ce=0
Port [ input_buffer_173]:  wired=1; compound=0; hidden=0; nouse=0; global=0; static=0; extern=0; dir=1; type=0; pingpong=0; private_global=0; IO mode=ap_vld:ce=0
Port [ input_buffer_172]:  wired=1; compound=0; hidden=0; nouse=0; global=0; static=0; extern=0; dir=1; type=0; pingpong=0; private_global=0; IO mode=ap_vld:ce=0
Port [ input_buffer_171]:  wired=1; compound=0; hidden=0; nouse=0; global=0; static=0; extern=0; dir=1; type=0; pingpong=0; private_global=0; IO mode=ap_vld:ce=0
Port [ input_buffer_170]:  wired=1; compound=0; hidden=0; nouse=0; global=0; static=0; extern=0; dir=1; type=0; pingpong=0; private_global=0; IO mode=ap_vld:ce=0
Port [ input_buffer_169]:  wired=1; compound=0; hidden=0; nouse=0; global=0; static=0; extern=0; dir=1; type=0; pingpong=0; private_global=0; IO mode=ap_vld:ce=0
Port [ input_buffer_168]:  wired=1; compound=0; hidden=0; nouse=0; global=0; static=0; extern=0; dir=1; type=0; pingpong=0; private_global=0; IO mode=ap_vld:ce=0
Port [ input_buffer_167]:  wired=1; compound=0; hidden=0; nouse=0; global=0; static=0; extern=0; dir=1; type=0; pingpong=0; private_global=0; IO mode=ap_vld:ce=0
Port [ input_buffer_166]:  wired=1; compound=0; hidden=0; nouse=0; global=0; static=0; extern=0; dir=1; type=0; pingpong=0; private_global=0; IO mode=ap_vld:ce=0
Port [ input_buffer_165]:  wired=1; compound=0; hidden=0; nouse=0; global=0; static=0; extern=0; dir=1; type=0; pingpong=0; private_global=0; IO mode=ap_vld:ce=0
Port [ input_buffer_164]:  wired=1; compound=0; hidden=0; nouse=0; global=0; static=0; extern=0; dir=1; type=0; pingpong=0; private_global=0; IO mode=ap_vld:ce=0
Port [ input_buffer_163]:  wired=1; compound=0; hidden=0; nouse=0; global=0; static=0; extern=0; dir=1; type=0; pingpong=0; private_global=0; IO mode=ap_vld:ce=0
Port [ input_buffer_162]:  wired=1; compound=0; hidden=0; nouse=0; global=0; static=0; extern=0; dir=1; type=0; pingpong=0; private_global=0; IO mode=ap_vld:ce=0
Port [ input_buffer_161]:  wired=1; compound=0; hidden=0; nouse=0; global=0; static=0; extern=0; dir=1; type=0; pingpong=0; private_global=0; IO mode=ap_vld:ce=0
Port [ input_buffer_160]:  wired=1; compound=0; hidden=0; nouse=0; global=0; static=0; extern=0; dir=1; type=0; pingpong=0; private_global=0; IO mode=ap_vld:ce=0
Port [ input_buffer_159]:  wired=1; compound=0; hidden=0; nouse=0; global=0; static=0; extern=0; dir=1; type=0; pingpong=0; private_global=0; IO mode=ap_vld:ce=0
Port [ input_buffer_158]:  wired=1; compound=0; hidden=0; nouse=0; global=0; static=0; extern=0; dir=1; type=0; pingpong=0; private_global=0; IO mode=ap_vld:ce=0
Port [ input_buffer_157]:  wired=1; compound=0; hidden=0; nouse=0; global=0; static=0; extern=0; dir=1; type=0; pingpong=0; private_global=0; IO mode=ap_vld:ce=0
Port [ input_buffer_156]:  wired=1; compound=0; hidden=0; nouse=0; global=0; static=0; extern=0; dir=1; type=0; pingpong=0; private_global=0; IO mode=ap_vld:ce=0
Port [ input_buffer_155]:  wired=1; compound=0; hidden=0; nouse=0; global=0; static=0; extern=0; dir=1; type=0; pingpong=0; private_global=0; IO mode=ap_vld:ce=0
Port [ input_buffer_154]:  wired=1; compound=0; hidden=0; nouse=0; global=0; static=0; extern=0; dir=1; type=0; pingpong=0; private_global=0; IO mode=ap_vld:ce=0
Port [ input_buffer_153]:  wired=1; compound=0; hidden=0; nouse=0; global=0; static=0; extern=0; dir=1; type=0; pingpong=0; private_global=0; IO mode=ap_vld:ce=0
Port [ input_buffer_152]:  wired=1; compound=0; hidden=0; nouse=0; global=0; static=0; extern=0; dir=1; type=0; pingpong=0; private_global=0; IO mode=ap_vld:ce=0
Port [ input_buffer_151]:  wired=1; compound=0; hidden=0; nouse=0; global=0; static=0; extern=0; dir=1; type=0; pingpong=0; private_global=0; IO mode=ap_vld:ce=0
Port [ input_buffer_150]:  wired=1; compound=0; hidden=0; nouse=0; global=0; static=0; extern=0; dir=1; type=0; pingpong=0; private_global=0; IO mode=ap_vld:ce=0
Port [ input_buffer_149]:  wired=1; compound=0; hidden=0; nouse=0; global=0; static=0; extern=0; dir=1; type=0; pingpong=0; private_global=0; IO mode=ap_vld:ce=0
Port [ input_buffer_148]:  wired=1; compound=0; hidden=0; nouse=0; global=0; static=0; extern=0; dir=1; type=0; pingpong=0; private_global=0; IO mode=ap_vld:ce=0
Port [ input_buffer_147]:  wired=1; compound=0; hidden=0; nouse=0; global=0; static=0; extern=0; dir=1; type=0; pingpong=0; private_global=0; IO mode=ap_vld:ce=0
Port [ input_buffer_146]:  wired=1; compound=0; hidden=0; nouse=0; global=0; static=0; extern=0; dir=1; type=0; pingpong=0; private_global=0; IO mode=ap_vld:ce=0
Port [ input_buffer_145]:  wired=1; compound=0; hidden=0; nouse=0; global=0; static=0; extern=0; dir=1; type=0; pingpong=0; private_global=0; IO mode=ap_vld:ce=0
Port [ input_buffer_144]:  wired=1; compound=0; hidden=0; nouse=0; global=0; static=0; extern=0; dir=1; type=0; pingpong=0; private_global=0; IO mode=ap_vld:ce=0
Port [ input_buffer_143]:  wired=1; compound=0; hidden=0; nouse=0; global=0; static=0; extern=0; dir=1; type=0; pingpong=0; private_global=0; IO mode=ap_vld:ce=0
Port [ input_buffer_142]:  wired=1; compound=0; hidden=0; nouse=0; global=0; static=0; extern=0; dir=1; type=0; pingpong=0; private_global=0; IO mode=ap_vld:ce=0
Port [ input_buffer_141]:  wired=1; compound=0; hidden=0; nouse=0; global=0; static=0; extern=0; dir=1; type=0; pingpong=0; private_global=0; IO mode=ap_vld:ce=0
Port [ input_buffer_140]:  wired=1; compound=0; hidden=0; nouse=0; global=0; static=0; extern=0; dir=1; type=0; pingpong=0; private_global=0; IO mode=ap_vld:ce=0
Port [ input_buffer_139]:  wired=1; compound=0; hidden=0; nouse=0; global=0; static=0; extern=0; dir=1; type=0; pingpong=0; private_global=0; IO mode=ap_vld:ce=0
Port [ input_buffer_138]:  wired=1; compound=0; hidden=0; nouse=0; global=0; static=0; extern=0; dir=1; type=0; pingpong=0; private_global=0; IO mode=ap_vld:ce=0
Port [ input_buffer_137]:  wired=1; compound=0; hidden=0; nouse=0; global=0; static=0; extern=0; dir=1; type=0; pingpong=0; private_global=0; IO mode=ap_vld:ce=0
Port [ input_buffer_136]:  wired=1; compound=0; hidden=0; nouse=0; global=0; static=0; extern=0; dir=1; type=0; pingpong=0; private_global=0; IO mode=ap_vld:ce=0
Port [ input_buffer_135]:  wired=1; compound=0; hidden=0; nouse=0; global=0; static=0; extern=0; dir=1; type=0; pingpong=0; private_global=0; IO mode=ap_vld:ce=0
Port [ input_buffer_134]:  wired=1; compound=0; hidden=0; nouse=0; global=0; static=0; extern=0; dir=1; type=0; pingpong=0; private_global=0; IO mode=ap_vld:ce=0
Port [ input_buffer_133]:  wired=1; compound=0; hidden=0; nouse=0; global=0; static=0; extern=0; dir=1; type=0; pingpong=0; private_global=0; IO mode=ap_vld:ce=0
Port [ input_buffer_132]:  wired=1; compound=0; hidden=0; nouse=0; global=0; static=0; extern=0; dir=1; type=0; pingpong=0; private_global=0; IO mode=ap_vld:ce=0
Port [ input_buffer_131]:  wired=1; compound=0; hidden=0; nouse=0; global=0; static=0; extern=0; dir=1; type=0; pingpong=0; private_global=0; IO mode=ap_vld:ce=0
Port [ input_buffer_130]:  wired=1; compound=0; hidden=0; nouse=0; global=0; static=0; extern=0; dir=1; type=0; pingpong=0; private_global=0; IO mode=ap_vld:ce=0
Port [ input_buffer_129]:  wired=1; compound=0; hidden=0; nouse=0; global=0; static=0; extern=0; dir=1; type=0; pingpong=0; private_global=0; IO mode=ap_vld:ce=0
Port [ input_buffer_128]:  wired=1; compound=0; hidden=0; nouse=0; global=0; static=0; extern=0; dir=1; type=0; pingpong=0; private_global=0; IO mode=ap_vld:ce=0
Port [ input_buffer_127]:  wired=1; compound=0; hidden=0; nouse=0; global=0; static=0; extern=0; dir=1; type=0; pingpong=0; private_global=0; IO mode=ap_vld:ce=0
Port [ input_buffer_126]:  wired=1; compound=0; hidden=0; nouse=0; global=0; static=0; extern=0; dir=1; type=0; pingpong=0; private_global=0; IO mode=ap_vld:ce=0
Port [ input_buffer_125]:  wired=1; compound=0; hidden=0; nouse=0; global=0; static=0; extern=0; dir=1; type=0; pingpong=0; private_global=0; IO mode=ap_vld:ce=0
Port [ input_buffer_124]:  wired=1; compound=0; hidden=0; nouse=0; global=0; static=0; extern=0; dir=1; type=0; pingpong=0; private_global=0; IO mode=ap_vld:ce=0
Port [ input_buffer_123]:  wired=1; compound=0; hidden=0; nouse=0; global=0; static=0; extern=0; dir=1; type=0; pingpong=0; private_global=0; IO mode=ap_vld:ce=0
Port [ input_buffer_122]:  wired=1; compound=0; hidden=0; nouse=0; global=0; static=0; extern=0; dir=1; type=0; pingpong=0; private_global=0; IO mode=ap_vld:ce=0
Port [ input_buffer_121]:  wired=1; compound=0; hidden=0; nouse=0; global=0; static=0; extern=0; dir=1; type=0; pingpong=0; private_global=0; IO mode=ap_vld:ce=0
Port [ input_buffer_120]:  wired=1; compound=0; hidden=0; nouse=0; global=0; static=0; extern=0; dir=1; type=0; pingpong=0; private_global=0; IO mode=ap_vld:ce=0
Port [ input_buffer_119]:  wired=1; compound=0; hidden=0; nouse=0; global=0; static=0; extern=0; dir=1; type=0; pingpong=0; private_global=0; IO mode=ap_vld:ce=0
Port [ input_buffer_118]:  wired=1; compound=0; hidden=0; nouse=0; global=0; static=0; extern=0; dir=1; type=0; pingpong=0; private_global=0; IO mode=ap_vld:ce=0
Port [ input_buffer_117]:  wired=1; compound=0; hidden=0; nouse=0; global=0; static=0; extern=0; dir=1; type=0; pingpong=0; private_global=0; IO mode=ap_vld:ce=0
Port [ input_buffer_116]:  wired=1; compound=0; hidden=0; nouse=0; global=0; static=0; extern=0; dir=1; type=0; pingpong=0; private_global=0; IO mode=ap_vld:ce=0
Port [ input_buffer_115]:  wired=1; compound=0; hidden=0; nouse=0; global=0; static=0; extern=0; dir=1; type=0; pingpong=0; private_global=0; IO mode=ap_vld:ce=0
Port [ input_buffer_114]:  wired=1; compound=0; hidden=0; nouse=0; global=0; static=0; extern=0; dir=1; type=0; pingpong=0; private_global=0; IO mode=ap_vld:ce=0
Port [ input_buffer_113]:  wired=1; compound=0; hidden=0; nouse=0; global=0; static=0; extern=0; dir=1; type=0; pingpong=0; private_global=0; IO mode=ap_vld:ce=0
Port [ input_buffer_112]:  wired=1; compound=0; hidden=0; nouse=0; global=0; static=0; extern=0; dir=1; type=0; pingpong=0; private_global=0; IO mode=ap_vld:ce=0
Port [ input_buffer_111]:  wired=1; compound=0; hidden=0; nouse=0; global=0; static=0; extern=0; dir=1; type=0; pingpong=0; private_global=0; IO mode=ap_vld:ce=0
Port [ input_buffer_110]:  wired=1; compound=0; hidden=0; nouse=0; global=0; static=0; extern=0; dir=1; type=0; pingpong=0; private_global=0; IO mode=ap_vld:ce=0
Port [ input_buffer_109]:  wired=1; compound=0; hidden=0; nouse=0; global=0; static=0; extern=0; dir=1; type=0; pingpong=0; private_global=0; IO mode=ap_vld:ce=0
Port [ input_buffer_108]:  wired=1; compound=0; hidden=0; nouse=0; global=0; static=0; extern=0; dir=1; type=0; pingpong=0; private_global=0; IO mode=ap_vld:ce=0
Port [ input_buffer_107]:  wired=1; compound=0; hidden=0; nouse=0; global=0; static=0; extern=0; dir=1; type=0; pingpong=0; private_global=0; IO mode=ap_vld:ce=0
Port [ input_buffer_106]:  wired=1; compound=0; hidden=0; nouse=0; global=0; static=0; extern=0; dir=1; type=0; pingpong=0; private_global=0; IO mode=ap_vld:ce=0
Port [ input_buffer_105]:  wired=1; compound=0; hidden=0; nouse=0; global=0; static=0; extern=0; dir=1; type=0; pingpong=0; private_global=0; IO mode=ap_vld:ce=0
Port [ input_buffer_104]:  wired=1; compound=0; hidden=0; nouse=0; global=0; static=0; extern=0; dir=1; type=0; pingpong=0; private_global=0; IO mode=ap_vld:ce=0
Port [ input_buffer_103]:  wired=1; compound=0; hidden=0; nouse=0; global=0; static=0; extern=0; dir=1; type=0; pingpong=0; private_global=0; IO mode=ap_vld:ce=0
Port [ input_buffer_102]:  wired=1; compound=0; hidden=0; nouse=0; global=0; static=0; extern=0; dir=1; type=0; pingpong=0; private_global=0; IO mode=ap_vld:ce=0
Port [ input_buffer_101]:  wired=1; compound=0; hidden=0; nouse=0; global=0; static=0; extern=0; dir=1; type=0; pingpong=0; private_global=0; IO mode=ap_vld:ce=0
Port [ input_buffer_100]:  wired=1; compound=0; hidden=0; nouse=0; global=0; static=0; extern=0; dir=1; type=0; pingpong=0; private_global=0; IO mode=ap_vld:ce=0
Port [ input_buffer_99]:  wired=1; compound=0; hidden=0; nouse=0; global=0; static=0; extern=0; dir=1; type=0; pingpong=0; private_global=0; IO mode=ap_vld:ce=0
Port [ input_buffer_98]:  wired=1; compound=0; hidden=0; nouse=0; global=0; static=0; extern=0; dir=1; type=0; pingpong=0; private_global=0; IO mode=ap_vld:ce=0
Port [ input_buffer_97]:  wired=1; compound=0; hidden=0; nouse=0; global=0; static=0; extern=0; dir=1; type=0; pingpong=0; private_global=0; IO mode=ap_vld:ce=0
Port [ input_buffer_96]:  wired=1; compound=0; hidden=0; nouse=0; global=0; static=0; extern=0; dir=1; type=0; pingpong=0; private_global=0; IO mode=ap_vld:ce=0
Port [ input_buffer_95]:  wired=1; compound=0; hidden=0; nouse=0; global=0; static=0; extern=0; dir=1; type=0; pingpong=0; private_global=0; IO mode=ap_vld:ce=0
Port [ input_buffer_94]:  wired=1; compound=0; hidden=0; nouse=0; global=0; static=0; extern=0; dir=1; type=0; pingpong=0; private_global=0; IO mode=ap_vld:ce=0
Port [ input_buffer_93]:  wired=1; compound=0; hidden=0; nouse=0; global=0; static=0; extern=0; dir=1; type=0; pingpong=0; private_global=0; IO mode=ap_vld:ce=0
Port [ input_buffer_92]:  wired=1; compound=0; hidden=0; nouse=0; global=0; static=0; extern=0; dir=1; type=0; pingpong=0; private_global=0; IO mode=ap_vld:ce=0
Port [ input_buffer_91]:  wired=1; compound=0; hidden=0; nouse=0; global=0; static=0; extern=0; dir=1; type=0; pingpong=0; private_global=0; IO mode=ap_vld:ce=0
Port [ input_buffer_90]:  wired=1; compound=0; hidden=0; nouse=0; global=0; static=0; extern=0; dir=1; type=0; pingpong=0; private_global=0; IO mode=ap_vld:ce=0
Port [ input_buffer_89]:  wired=1; compound=0; hidden=0; nouse=0; global=0; static=0; extern=0; dir=1; type=0; pingpong=0; private_global=0; IO mode=ap_vld:ce=0
Port [ input_buffer_88]:  wired=1; compound=0; hidden=0; nouse=0; global=0; static=0; extern=0; dir=1; type=0; pingpong=0; private_global=0; IO mode=ap_vld:ce=0
Port [ input_buffer_87]:  wired=1; compound=0; hidden=0; nouse=0; global=0; static=0; extern=0; dir=1; type=0; pingpong=0; private_global=0; IO mode=ap_vld:ce=0
Port [ input_buffer_86]:  wired=1; compound=0; hidden=0; nouse=0; global=0; static=0; extern=0; dir=1; type=0; pingpong=0; private_global=0; IO mode=ap_vld:ce=0
Port [ input_buffer_85]:  wired=1; compound=0; hidden=0; nouse=0; global=0; static=0; extern=0; dir=1; type=0; pingpong=0; private_global=0; IO mode=ap_vld:ce=0
Port [ input_buffer_84]:  wired=1; compound=0; hidden=0; nouse=0; global=0; static=0; extern=0; dir=1; type=0; pingpong=0; private_global=0; IO mode=ap_vld:ce=0
Port [ input_buffer_83]:  wired=1; compound=0; hidden=0; nouse=0; global=0; static=0; extern=0; dir=1; type=0; pingpong=0; private_global=0; IO mode=ap_vld:ce=0
Port [ input_buffer_82]:  wired=1; compound=0; hidden=0; nouse=0; global=0; static=0; extern=0; dir=1; type=0; pingpong=0; private_global=0; IO mode=ap_vld:ce=0
Port [ input_buffer_81]:  wired=1; compound=0; hidden=0; nouse=0; global=0; static=0; extern=0; dir=1; type=0; pingpong=0; private_global=0; IO mode=ap_vld:ce=0
Port [ input_buffer_80]:  wired=1; compound=0; hidden=0; nouse=0; global=0; static=0; extern=0; dir=1; type=0; pingpong=0; private_global=0; IO mode=ap_vld:ce=0
Port [ input_buffer_79]:  wired=1; compound=0; hidden=0; nouse=0; global=0; static=0; extern=0; dir=1; type=0; pingpong=0; private_global=0; IO mode=ap_vld:ce=0
Port [ input_buffer_78]:  wired=1; compound=0; hidden=0; nouse=0; global=0; static=0; extern=0; dir=1; type=0; pingpong=0; private_global=0; IO mode=ap_vld:ce=0
Port [ input_buffer_77]:  wired=1; compound=0; hidden=0; nouse=0; global=0; static=0; extern=0; dir=1; type=0; pingpong=0; private_global=0; IO mode=ap_vld:ce=0
Port [ input_buffer_76]:  wired=1; compound=0; hidden=0; nouse=0; global=0; static=0; extern=0; dir=1; type=0; pingpong=0; private_global=0; IO mode=ap_vld:ce=0
Port [ input_buffer_75]:  wired=1; compound=0; hidden=0; nouse=0; global=0; static=0; extern=0; dir=1; type=0; pingpong=0; private_global=0; IO mode=ap_vld:ce=0
Port [ input_buffer_74]:  wired=1; compound=0; hidden=0; nouse=0; global=0; static=0; extern=0; dir=1; type=0; pingpong=0; private_global=0; IO mode=ap_vld:ce=0
Port [ input_buffer_73]:  wired=1; compound=0; hidden=0; nouse=0; global=0; static=0; extern=0; dir=1; type=0; pingpong=0; private_global=0; IO mode=ap_vld:ce=0
Port [ input_buffer_72]:  wired=1; compound=0; hidden=0; nouse=0; global=0; static=0; extern=0; dir=1; type=0; pingpong=0; private_global=0; IO mode=ap_vld:ce=0
Port [ input_buffer_71]:  wired=1; compound=0; hidden=0; nouse=0; global=0; static=0; extern=0; dir=1; type=0; pingpong=0; private_global=0; IO mode=ap_vld:ce=0
Port [ input_buffer_70]:  wired=1; compound=0; hidden=0; nouse=0; global=0; static=0; extern=0; dir=1; type=0; pingpong=0; private_global=0; IO mode=ap_vld:ce=0
Port [ input_buffer_69]:  wired=1; compound=0; hidden=0; nouse=0; global=0; static=0; extern=0; dir=1; type=0; pingpong=0; private_global=0; IO mode=ap_vld:ce=0
Port [ input_buffer_68]:  wired=1; compound=0; hidden=0; nouse=0; global=0; static=0; extern=0; dir=1; type=0; pingpong=0; private_global=0; IO mode=ap_vld:ce=0
Port [ input_buffer_67]:  wired=1; compound=0; hidden=0; nouse=0; global=0; static=0; extern=0; dir=1; type=0; pingpong=0; private_global=0; IO mode=ap_vld:ce=0
Port [ input_buffer_66]:  wired=1; compound=0; hidden=0; nouse=0; global=0; static=0; extern=0; dir=1; type=0; pingpong=0; private_global=0; IO mode=ap_vld:ce=0
Port [ input_buffer_65]:  wired=1; compound=0; hidden=0; nouse=0; global=0; static=0; extern=0; dir=1; type=0; pingpong=0; private_global=0; IO mode=ap_vld:ce=0
Port [ input_buffer_64]:  wired=1; compound=0; hidden=0; nouse=0; global=0; static=0; extern=0; dir=1; type=0; pingpong=0; private_global=0; IO mode=ap_vld:ce=0
Port [ input_buffer_63]:  wired=1; compound=0; hidden=0; nouse=0; global=0; static=0; extern=0; dir=1; type=0; pingpong=0; private_global=0; IO mode=ap_vld:ce=0
Port [ input_buffer_62]:  wired=1; compound=0; hidden=0; nouse=0; global=0; static=0; extern=0; dir=1; type=0; pingpong=0; private_global=0; IO mode=ap_vld:ce=0
Port [ input_buffer_61]:  wired=1; compound=0; hidden=0; nouse=0; global=0; static=0; extern=0; dir=1; type=0; pingpong=0; private_global=0; IO mode=ap_vld:ce=0
Port [ input_buffer_60]:  wired=1; compound=0; hidden=0; nouse=0; global=0; static=0; extern=0; dir=1; type=0; pingpong=0; private_global=0; IO mode=ap_vld:ce=0
Port [ input_buffer_59]:  wired=1; compound=0; hidden=0; nouse=0; global=0; static=0; extern=0; dir=1; type=0; pingpong=0; private_global=0; IO mode=ap_vld:ce=0
Port [ input_buffer_58]:  wired=1; compound=0; hidden=0; nouse=0; global=0; static=0; extern=0; dir=1; type=0; pingpong=0; private_global=0; IO mode=ap_vld:ce=0
Port [ input_buffer_57]:  wired=1; compound=0; hidden=0; nouse=0; global=0; static=0; extern=0; dir=1; type=0; pingpong=0; private_global=0; IO mode=ap_vld:ce=0
Port [ input_buffer_56]:  wired=1; compound=0; hidden=0; nouse=0; global=0; static=0; extern=0; dir=1; type=0; pingpong=0; private_global=0; IO mode=ap_vld:ce=0
Port [ input_buffer_55]:  wired=1; compound=0; hidden=0; nouse=0; global=0; static=0; extern=0; dir=1; type=0; pingpong=0; private_global=0; IO mode=ap_vld:ce=0
Port [ input_buffer_54]:  wired=1; compound=0; hidden=0; nouse=0; global=0; static=0; extern=0; dir=1; type=0; pingpong=0; private_global=0; IO mode=ap_vld:ce=0
Port [ input_buffer_53]:  wired=1; compound=0; hidden=0; nouse=0; global=0; static=0; extern=0; dir=1; type=0; pingpong=0; private_global=0; IO mode=ap_vld:ce=0
Port [ input_buffer_52]:  wired=1; compound=0; hidden=0; nouse=0; global=0; static=0; extern=0; dir=1; type=0; pingpong=0; private_global=0; IO mode=ap_vld:ce=0
Port [ input_buffer_51]:  wired=1; compound=0; hidden=0; nouse=0; global=0; static=0; extern=0; dir=1; type=0; pingpong=0; private_global=0; IO mode=ap_vld:ce=0
Port [ input_buffer_50]:  wired=1; compound=0; hidden=0; nouse=0; global=0; static=0; extern=0; dir=1; type=0; pingpong=0; private_global=0; IO mode=ap_vld:ce=0
Port [ input_buffer_49]:  wired=1; compound=0; hidden=0; nouse=0; global=0; static=0; extern=0; dir=1; type=0; pingpong=0; private_global=0; IO mode=ap_vld:ce=0
Port [ input_buffer_48]:  wired=1; compound=0; hidden=0; nouse=0; global=0; static=0; extern=0; dir=1; type=0; pingpong=0; private_global=0; IO mode=ap_vld:ce=0
Port [ input_buffer_47]:  wired=1; compound=0; hidden=0; nouse=0; global=0; static=0; extern=0; dir=1; type=0; pingpong=0; private_global=0; IO mode=ap_vld:ce=0
Port [ input_buffer_46]:  wired=1; compound=0; hidden=0; nouse=0; global=0; static=0; extern=0; dir=1; type=0; pingpong=0; private_global=0; IO mode=ap_vld:ce=0
Port [ input_buffer_45]:  wired=1; compound=0; hidden=0; nouse=0; global=0; static=0; extern=0; dir=1; type=0; pingpong=0; private_global=0; IO mode=ap_vld:ce=0
Port [ input_buffer_44]:  wired=1; compound=0; hidden=0; nouse=0; global=0; static=0; extern=0; dir=1; type=0; pingpong=0; private_global=0; IO mode=ap_vld:ce=0
Port [ input_buffer_43]:  wired=1; compound=0; hidden=0; nouse=0; global=0; static=0; extern=0; dir=1; type=0; pingpong=0; private_global=0; IO mode=ap_vld:ce=0
Port [ input_buffer_42]:  wired=1; compound=0; hidden=0; nouse=0; global=0; static=0; extern=0; dir=1; type=0; pingpong=0; private_global=0; IO mode=ap_vld:ce=0
Port [ input_buffer_41]:  wired=1; compound=0; hidden=0; nouse=0; global=0; static=0; extern=0; dir=1; type=0; pingpong=0; private_global=0; IO mode=ap_vld:ce=0
Port [ input_buffer_40]:  wired=1; compound=0; hidden=0; nouse=0; global=0; static=0; extern=0; dir=1; type=0; pingpong=0; private_global=0; IO mode=ap_vld:ce=0
Port [ input_buffer_39]:  wired=1; compound=0; hidden=0; nouse=0; global=0; static=0; extern=0; dir=1; type=0; pingpong=0; private_global=0; IO mode=ap_vld:ce=0
Port [ input_buffer_38]:  wired=1; compound=0; hidden=0; nouse=0; global=0; static=0; extern=0; dir=1; type=0; pingpong=0; private_global=0; IO mode=ap_vld:ce=0
Port [ input_buffer_37]:  wired=1; compound=0; hidden=0; nouse=0; global=0; static=0; extern=0; dir=1; type=0; pingpong=0; private_global=0; IO mode=ap_vld:ce=0
Port [ input_buffer_36]:  wired=1; compound=0; hidden=0; nouse=0; global=0; static=0; extern=0; dir=1; type=0; pingpong=0; private_global=0; IO mode=ap_vld:ce=0
Port [ input_buffer_35]:  wired=1; compound=0; hidden=0; nouse=0; global=0; static=0; extern=0; dir=1; type=0; pingpong=0; private_global=0; IO mode=ap_vld:ce=0
Port [ input_buffer_34]:  wired=1; compound=0; hidden=0; nouse=0; global=0; static=0; extern=0; dir=1; type=0; pingpong=0; private_global=0; IO mode=ap_vld:ce=0
Port [ input_buffer_33]:  wired=1; compound=0; hidden=0; nouse=0; global=0; static=0; extern=0; dir=1; type=0; pingpong=0; private_global=0; IO mode=ap_vld:ce=0
Port [ input_buffer_32]:  wired=1; compound=0; hidden=0; nouse=0; global=0; static=0; extern=0; dir=1; type=0; pingpong=0; private_global=0; IO mode=ap_vld:ce=0
Port [ input_buffer_31]:  wired=1; compound=0; hidden=0; nouse=0; global=0; static=0; extern=0; dir=1; type=0; pingpong=0; private_global=0; IO mode=ap_vld:ce=0
Port [ input_buffer_30]:  wired=1; compound=0; hidden=0; nouse=0; global=0; static=0; extern=0; dir=1; type=0; pingpong=0; private_global=0; IO mode=ap_vld:ce=0
Port [ input_buffer_29]:  wired=1; compound=0; hidden=0; nouse=0; global=0; static=0; extern=0; dir=1; type=0; pingpong=0; private_global=0; IO mode=ap_vld:ce=0
Port [ input_buffer_28]:  wired=1; compound=0; hidden=0; nouse=0; global=0; static=0; extern=0; dir=1; type=0; pingpong=0; private_global=0; IO mode=ap_vld:ce=0
Port [ input_buffer_27]:  wired=1; compound=0; hidden=0; nouse=0; global=0; static=0; extern=0; dir=1; type=0; pingpong=0; private_global=0; IO mode=ap_vld:ce=0
Port [ input_buffer_26]:  wired=1; compound=0; hidden=0; nouse=0; global=0; static=0; extern=0; dir=1; type=0; pingpong=0; private_global=0; IO mode=ap_vld:ce=0
Port [ input_buffer_25]:  wired=1; compound=0; hidden=0; nouse=0; global=0; static=0; extern=0; dir=1; type=0; pingpong=0; private_global=0; IO mode=ap_vld:ce=0
Port [ input_buffer_24]:  wired=1; compound=0; hidden=0; nouse=0; global=0; static=0; extern=0; dir=1; type=0; pingpong=0; private_global=0; IO mode=ap_vld:ce=0
Port [ input_buffer_23]:  wired=1; compound=0; hidden=0; nouse=0; global=0; static=0; extern=0; dir=1; type=0; pingpong=0; private_global=0; IO mode=ap_vld:ce=0
Port [ input_buffer_22]:  wired=1; compound=0; hidden=0; nouse=0; global=0; static=0; extern=0; dir=1; type=0; pingpong=0; private_global=0; IO mode=ap_vld:ce=0
Port [ input_buffer_21]:  wired=1; compound=0; hidden=0; nouse=0; global=0; static=0; extern=0; dir=1; type=0; pingpong=0; private_global=0; IO mode=ap_vld:ce=0
Port [ input_buffer_20]:  wired=1; compound=0; hidden=0; nouse=0; global=0; static=0; extern=0; dir=1; type=0; pingpong=0; private_global=0; IO mode=ap_vld:ce=0
Port [ input_buffer_19]:  wired=1; compound=0; hidden=0; nouse=0; global=0; static=0; extern=0; dir=1; type=0; pingpong=0; private_global=0; IO mode=ap_vld:ce=0
Port [ input_buffer_18]:  wired=1; compound=0; hidden=0; nouse=0; global=0; static=0; extern=0; dir=1; type=0; pingpong=0; private_global=0; IO mode=ap_vld:ce=0
Port [ input_buffer_17]:  wired=1; compound=0; hidden=0; nouse=0; global=0; static=0; extern=0; dir=1; type=0; pingpong=0; private_global=0; IO mode=ap_vld:ce=0
Port [ input_buffer_16]:  wired=1; compound=0; hidden=0; nouse=0; global=0; static=0; extern=0; dir=1; type=0; pingpong=0; private_global=0; IO mode=ap_vld:ce=0
Port [ input_buffer_15]:  wired=1; compound=0; hidden=0; nouse=0; global=0; static=0; extern=0; dir=1; type=0; pingpong=0; private_global=0; IO mode=ap_vld:ce=0
Port [ input_buffer_14]:  wired=1; compound=0; hidden=0; nouse=0; global=0; static=0; extern=0; dir=1; type=0; pingpong=0; private_global=0; IO mode=ap_vld:ce=0
Port [ input_buffer_13]:  wired=1; compound=0; hidden=0; nouse=0; global=0; static=0; extern=0; dir=1; type=0; pingpong=0; private_global=0; IO mode=ap_vld:ce=0
Port [ input_buffer_12]:  wired=1; compound=0; hidden=0; nouse=0; global=0; static=0; extern=0; dir=1; type=0; pingpong=0; private_global=0; IO mode=ap_vld:ce=0
Port [ input_buffer_11]:  wired=1; compound=0; hidden=0; nouse=0; global=0; static=0; extern=0; dir=1; type=0; pingpong=0; private_global=0; IO mode=ap_vld:ce=0
Port [ input_buffer_10]:  wired=1; compound=0; hidden=0; nouse=0; global=0; static=0; extern=0; dir=1; type=0; pingpong=0; private_global=0; IO mode=ap_vld:ce=0
Port [ input_buffer_9]:  wired=1; compound=0; hidden=0; nouse=0; global=0; static=0; extern=0; dir=1; type=0; pingpong=0; private_global=0; IO mode=ap_vld:ce=0
Port [ input_buffer_8]:  wired=1; compound=0; hidden=0; nouse=0; global=0; static=0; extern=0; dir=1; type=0; pingpong=0; private_global=0; IO mode=ap_vld:ce=0
Port [ input_buffer_7]:  wired=1; compound=0; hidden=0; nouse=0; global=0; static=0; extern=0; dir=1; type=0; pingpong=0; private_global=0; IO mode=ap_vld:ce=0
Port [ input_buffer_6]:  wired=1; compound=0; hidden=0; nouse=0; global=0; static=0; extern=0; dir=1; type=0; pingpong=0; private_global=0; IO mode=ap_vld:ce=0
Port [ input_buffer_5]:  wired=1; compound=0; hidden=0; nouse=0; global=0; static=0; extern=0; dir=1; type=0; pingpong=0; private_global=0; IO mode=ap_vld:ce=0
Port [ input_buffer_4]:  wired=1; compound=0; hidden=0; nouse=0; global=0; static=0; extern=0; dir=1; type=0; pingpong=0; private_global=0; IO mode=ap_vld:ce=0
Port [ input_buffer_3]:  wired=1; compound=0; hidden=0; nouse=0; global=0; static=0; extern=0; dir=1; type=0; pingpong=0; private_global=0; IO mode=ap_vld:ce=0
Port [ input_buffer_2]:  wired=1; compound=0; hidden=0; nouse=0; global=0; static=0; extern=0; dir=1; type=0; pingpong=0; private_global=0; IO mode=ap_vld:ce=0
Port [ input_buffer_1]:  wired=1; compound=0; hidden=0; nouse=0; global=0; static=0; extern=0; dir=1; type=0; pingpong=0; private_global=0; IO mode=ap_vld:ce=0
Port [ p_read3_cast2]:  wired=1; compound=0; hidden=0; nouse=0; global=0; static=0; extern=0; dir=0; type=0; pingpong=0; private_global=0; IO mode=ap_none:ce=0
Port [ zext_ln2651]:  wired=1; compound=0; hidden=0; nouse=0; global=0; static=0; extern=0; dir=0; type=0; pingpong=0; private_global=0; IO mode=ap_none:ce=0
Port [ center_start]:  wired=1; compound=0; hidden=0; nouse=0; global=0; static=0; extern=0; dir=0; type=0; pingpong=0; private_global=0; IO mode=ap_none:ce=0
Port [ p_read4]:  wired=1; compound=0; hidden=0; nouse=0; global=0; static=0; extern=0; dir=0; type=0; pingpong=0; private_global=0; IO mode=ap_none:ce=0
Port [ zext_ln2656]:  wired=1; compound=0; hidden=0; nouse=0; global=0; static=0; extern=0; dir=0; type=0; pingpong=0; private_global=0; IO mode=ap_none:ce=0
Port [ noisy_frame]:  wired=1; compound=1; hidden=0; nouse=0; global=0; static=0; extern=0; dir=0; type=1; pingpong=0; private_global=0; MemPort=[13]; IO mode=ap_memory:ce=0
Port [ fb_frame]:  wired=1; compound=1; hidden=0; nouse=0; global=0; static=0; extern=0; dir=0; type=1; pingpong=0; private_global=0; MemPort=[13]; IO mode=ap_memory:ce=0
---------------- STG Properties END ------------------

---------------- Datapath Model BEGIN ----------------

<LifeTime>
<method=bitvector/>
input_index              (alloca           ) [ 0100]
zext_ln2656_read         (read             ) [ 0000]
p_read412                (read             ) [ 0000]
center_start_read        (read             ) [ 0000]
zext_ln2651_read         (read             ) [ 0000]
p_read                   (read             ) [ 0000]
zext_ln2651_cast         (zext             ) [ 0000]
p_read3_cast2_cast1      (zext             ) [ 0000]
p_read3_cast2_cast       (zext             ) [ 0000]
specmemcore_ln0          (specmemcore      ) [ 0000]
specmemcore_ln0          (specmemcore      ) [ 0000]
store_ln2651             (store            ) [ 0000]
br_ln0                   (br               ) [ 0000]
input_index_1            (load             ) [ 0111]
icmp_ln2651              (icmp             ) [ 0110]
input_index_2            (add              ) [ 0000]
br_ln2651                (br               ) [ 0000]
zext_ln2651_1            (zext             ) [ 0000]
zext_ln2651_2            (zext             ) [ 0000]
icmp_ln2654              (icmp             ) [ 0111]
add_ln2655_1             (add              ) [ 0000]
add_ln2655               (add              ) [ 0000]
add_ln2655_2             (add              ) [ 0000]
sext_ln2655              (sext             ) [ 0000]
add_ln2655_3             (add              ) [ 0000]
sub_ln2435               (sub              ) [ 0000]
tmp                      (bitselect        ) [ 0000]
icmp_ln2657              (icmp             ) [ 0111]
tmp_42                   (partselect       ) [ 0000]
icmp_ln2437              (icmp             ) [ 0000]
trunc_ln2437             (trunc            ) [ 0000]
sub_ln2438               (sub              ) [ 0000]
select_ln2437            (select           ) [ 0000]
fb_index                 (sub              ) [ 0000]
sext_ln2658              (sext             ) [ 0000]
sext_ln2658_1            (sext             ) [ 0000]
add_ln2659               (add              ) [ 0000]
add_ln2659_1             (add              ) [ 0000]
sub_ln2435_1             (sub              ) [ 0000]
tmp_43                   (bitselect        ) [ 0000]
source_freq              (select           ) [ 0000]
add_ln2656               (add              ) [ 0110]
tmp_44                   (partselect       ) [ 0000]
icmp_ln2437_1            (icmp             ) [ 0000]
trunc_ln2437_1           (trunc            ) [ 0000]
sub_ln2438_1             (sub              ) [ 0000]
select_ln2437_1          (select           ) [ 0000]
source_freq_1            (select           ) [ 0000]
add_ln2660               (add              ) [ 0110]
switch_ln2662            (switch           ) [ 0000]
store_ln2651             (store            ) [ 0000]
br_ln2651                (br               ) [ 0000]
zext_ln2656_1            (zext             ) [ 0000]
noisy_frame_addr         (getelementptr    ) [ 0101]
zext_ln2660              (zext             ) [ 0000]
fb_frame_addr            (getelementptr    ) [ 0101]
specpipeline_ln2652      (specpipeline     ) [ 0000]
speclooptripcount_ln2651 (speclooptripcount) [ 0000]
specloopname_ln2651      (specloopname     ) [ 0000]
value                    (load             ) [ 0000]
value_86                 (load             ) [ 0000]
value_87                 (select           ) [ 0000]
xor_ln2654               (xor              ) [ 0000]
and_ln2657               (and              ) [ 0000]
value_88                 (select           ) [ 0000]
write_ln2662             (write            ) [ 0000]
br_ln2662                (br               ) [ 0000]
write_ln2662             (write            ) [ 0000]
br_ln2662                (br               ) [ 0000]
write_ln2662             (write            ) [ 0000]
br_ln2662                (br               ) [ 0000]
write_ln2662             (write            ) [ 0000]
br_ln2662                (br               ) [ 0000]
write_ln2662             (write            ) [ 0000]
br_ln2662                (br               ) [ 0000]
write_ln2662             (write            ) [ 0000]
br_ln2662                (br               ) [ 0000]
write_ln2662             (write            ) [ 0000]
br_ln2662                (br               ) [ 0000]
write_ln2662             (write            ) [ 0000]
br_ln2662                (br               ) [ 0000]
write_ln2662             (write            ) [ 0000]
br_ln2662                (br               ) [ 0000]
write_ln2662             (write            ) [ 0000]
br_ln2662                (br               ) [ 0000]
write_ln2662             (write            ) [ 0000]
br_ln2662                (br               ) [ 0000]
write_ln2662             (write            ) [ 0000]
br_ln2662                (br               ) [ 0000]
write_ln2662             (write            ) [ 0000]
br_ln2662                (br               ) [ 0000]
write_ln2662             (write            ) [ 0000]
br_ln2662                (br               ) [ 0000]
write_ln2662             (write            ) [ 0000]
br_ln2662                (br               ) [ 0000]
write_ln2662             (write            ) [ 0000]
br_ln2662                (br               ) [ 0000]
write_ln2662             (write            ) [ 0000]
br_ln2662                (br               ) [ 0000]
write_ln2662             (write            ) [ 0000]
br_ln2662                (br               ) [ 0000]
write_ln2662             (write            ) [ 0000]
br_ln2662                (br               ) [ 0000]
write_ln2662             (write            ) [ 0000]
br_ln2662                (br               ) [ 0000]
write_ln2662             (write            ) [ 0000]
br_ln2662                (br               ) [ 0000]
write_ln2662             (write            ) [ 0000]
br_ln2662                (br               ) [ 0000]
write_ln2662             (write            ) [ 0000]
br_ln2662                (br               ) [ 0000]
write_ln2662             (write            ) [ 0000]
br_ln2662                (br               ) [ 0000]
write_ln2662             (write            ) [ 0000]
br_ln2662                (br               ) [ 0000]
write_ln2662             (write            ) [ 0000]
br_ln2662                (br               ) [ 0000]
write_ln2662             (write            ) [ 0000]
br_ln2662                (br               ) [ 0000]
write_ln2662             (write            ) [ 0000]
br_ln2662                (br               ) [ 0000]
write_ln2662             (write            ) [ 0000]
br_ln2662                (br               ) [ 0000]
write_ln2662             (write            ) [ 0000]
br_ln2662                (br               ) [ 0000]
write_ln2662             (write            ) [ 0000]
br_ln2662                (br               ) [ 0000]
write_ln2662             (write            ) [ 0000]
br_ln2662                (br               ) [ 0000]
write_ln2662             (write            ) [ 0000]
br_ln2662                (br               ) [ 0000]
write_ln2662             (write            ) [ 0000]
br_ln2662                (br               ) [ 0000]
write_ln2662             (write            ) [ 0000]
br_ln2662                (br               ) [ 0000]
write_ln2662             (write            ) [ 0000]
br_ln2662                (br               ) [ 0000]
write_ln2662             (write            ) [ 0000]
br_ln2662                (br               ) [ 0000]
write_ln2662             (write            ) [ 0000]
br_ln2662                (br               ) [ 0000]
write_ln2662             (write            ) [ 0000]
br_ln2662                (br               ) [ 0000]
write_ln2662             (write            ) [ 0000]
br_ln2662                (br               ) [ 0000]
write_ln2662             (write            ) [ 0000]
br_ln2662                (br               ) [ 0000]
write_ln2662             (write            ) [ 0000]
br_ln2662                (br               ) [ 0000]
write_ln2662             (write            ) [ 0000]
br_ln2662                (br               ) [ 0000]
write_ln2662             (write            ) [ 0000]
br_ln2662                (br               ) [ 0000]
write_ln2662             (write            ) [ 0000]
br_ln2662                (br               ) [ 0000]
write_ln2662             (write            ) [ 0000]
br_ln2662                (br               ) [ 0000]
write_ln2662             (write            ) [ 0000]
br_ln2662                (br               ) [ 0000]
write_ln2662             (write            ) [ 0000]
br_ln2662                (br               ) [ 0000]
write_ln2662             (write            ) [ 0000]
br_ln2662                (br               ) [ 0000]
write_ln2662             (write            ) [ 0000]
br_ln2662                (br               ) [ 0000]
write_ln2662             (write            ) [ 0000]
br_ln2662                (br               ) [ 0000]
write_ln2662             (write            ) [ 0000]
br_ln2662                (br               ) [ 0000]
write_ln2662             (write            ) [ 0000]
br_ln2662                (br               ) [ 0000]
write_ln2662             (write            ) [ 0000]
br_ln2662                (br               ) [ 0000]
write_ln2662             (write            ) [ 0000]
br_ln2662                (br               ) [ 0000]
write_ln2662             (write            ) [ 0000]
br_ln2662                (br               ) [ 0000]
write_ln2662             (write            ) [ 0000]
br_ln2662                (br               ) [ 0000]
write_ln2662             (write            ) [ 0000]
br_ln2662                (br               ) [ 0000]
write_ln2662             (write            ) [ 0000]
br_ln2662                (br               ) [ 0000]
write_ln2662             (write            ) [ 0000]
br_ln2662                (br               ) [ 0000]
write_ln2662             (write            ) [ 0000]
br_ln2662                (br               ) [ 0000]
write_ln2662             (write            ) [ 0000]
br_ln2662                (br               ) [ 0000]
write_ln2662             (write            ) [ 0000]
br_ln2662                (br               ) [ 0000]
write_ln2662             (write            ) [ 0000]
br_ln2662                (br               ) [ 0000]
write_ln2662             (write            ) [ 0000]
br_ln2662                (br               ) [ 0000]
write_ln2662             (write            ) [ 0000]
br_ln2662                (br               ) [ 0000]
write_ln2662             (write            ) [ 0000]
br_ln2662                (br               ) [ 0000]
write_ln2662             (write            ) [ 0000]
br_ln2662                (br               ) [ 0000]
write_ln2662             (write            ) [ 0000]
br_ln2662                (br               ) [ 0000]
write_ln2662             (write            ) [ 0000]
br_ln2662                (br               ) [ 0000]
write_ln2662             (write            ) [ 0000]
br_ln2662                (br               ) [ 0000]
write_ln2662             (write            ) [ 0000]
br_ln2662                (br               ) [ 0000]
write_ln2662             (write            ) [ 0000]
br_ln2662                (br               ) [ 0000]
write_ln2662             (write            ) [ 0000]
br_ln2662                (br               ) [ 0000]
write_ln2662             (write            ) [ 0000]
br_ln2662                (br               ) [ 0000]
write_ln2662             (write            ) [ 0000]
br_ln2662                (br               ) [ 0000]
write_ln2662             (write            ) [ 0000]
br_ln2662                (br               ) [ 0000]
write_ln2662             (write            ) [ 0000]
br_ln2662                (br               ) [ 0000]
write_ln2662             (write            ) [ 0000]
br_ln2662                (br               ) [ 0000]
write_ln2662             (write            ) [ 0000]
br_ln2662                (br               ) [ 0000]
write_ln2662             (write            ) [ 0000]
br_ln2662                (br               ) [ 0000]
write_ln2662             (write            ) [ 0000]
br_ln2662                (br               ) [ 0000]
write_ln2662             (write            ) [ 0000]
br_ln2662                (br               ) [ 0000]
write_ln2662             (write            ) [ 0000]
br_ln2662                (br               ) [ 0000]
write_ln2662             (write            ) [ 0000]
br_ln2662                (br               ) [ 0000]
write_ln2662             (write            ) [ 0000]
br_ln2662                (br               ) [ 0000]
write_ln2662             (write            ) [ 0000]
br_ln2662                (br               ) [ 0000]
write_ln2662             (write            ) [ 0000]
br_ln2662                (br               ) [ 0000]
write_ln2662             (write            ) [ 0000]
br_ln2662                (br               ) [ 0000]
write_ln2662             (write            ) [ 0000]
br_ln2662                (br               ) [ 0000]
write_ln2662             (write            ) [ 0000]
br_ln2662                (br               ) [ 0000]
write_ln2662             (write            ) [ 0000]
br_ln2662                (br               ) [ 0000]
write_ln2662             (write            ) [ 0000]
br_ln2662                (br               ) [ 0000]
write_ln2662             (write            ) [ 0000]
br_ln2662                (br               ) [ 0000]
write_ln2662             (write            ) [ 0000]
br_ln2662                (br               ) [ 0000]
write_ln2662             (write            ) [ 0000]
br_ln2662                (br               ) [ 0000]
write_ln2662             (write            ) [ 0000]
br_ln2662                (br               ) [ 0000]
write_ln2662             (write            ) [ 0000]
br_ln2662                (br               ) [ 0000]
write_ln2662             (write            ) [ 0000]
br_ln2662                (br               ) [ 0000]
write_ln2662             (write            ) [ 0000]
br_ln2662                (br               ) [ 0000]
write_ln2662             (write            ) [ 0000]
br_ln2662                (br               ) [ 0000]
write_ln2662             (write            ) [ 0000]
br_ln2662                (br               ) [ 0000]
write_ln2662             (write            ) [ 0000]
br_ln2662                (br               ) [ 0000]
write_ln2662             (write            ) [ 0000]
br_ln2662                (br               ) [ 0000]
write_ln2662             (write            ) [ 0000]
br_ln2662                (br               ) [ 0000]
write_ln2662             (write            ) [ 0000]
br_ln2662                (br               ) [ 0000]
write_ln2662             (write            ) [ 0000]
br_ln2662                (br               ) [ 0000]
write_ln2662             (write            ) [ 0000]
br_ln2662                (br               ) [ 0000]
write_ln2662             (write            ) [ 0000]
br_ln2662                (br               ) [ 0000]
write_ln2662             (write            ) [ 0000]
br_ln2662                (br               ) [ 0000]
write_ln2662             (write            ) [ 0000]
br_ln2662                (br               ) [ 0000]
write_ln2662             (write            ) [ 0000]
br_ln2662                (br               ) [ 0000]
write_ln2662             (write            ) [ 0000]
br_ln2662                (br               ) [ 0000]
write_ln2662             (write            ) [ 0000]
br_ln2662                (br               ) [ 0000]
write_ln2662             (write            ) [ 0000]
br_ln2662                (br               ) [ 0000]
write_ln2662             (write            ) [ 0000]
br_ln2662                (br               ) [ 0000]
write_ln2662             (write            ) [ 0000]
br_ln2662                (br               ) [ 0000]
write_ln2662             (write            ) [ 0000]
br_ln2662                (br               ) [ 0000]
write_ln2662             (write            ) [ 0000]
br_ln2662                (br               ) [ 0000]
write_ln2662             (write            ) [ 0000]
br_ln2662                (br               ) [ 0000]
write_ln2662             (write            ) [ 0000]
br_ln2662                (br               ) [ 0000]
write_ln2662             (write            ) [ 0000]
br_ln2662                (br               ) [ 0000]
write_ln2662             (write            ) [ 0000]
br_ln2662                (br               ) [ 0000]
write_ln2662             (write            ) [ 0000]
br_ln2662                (br               ) [ 0000]
write_ln2662             (write            ) [ 0000]
br_ln2662                (br               ) [ 0000]
write_ln2662             (write            ) [ 0000]
br_ln2662                (br               ) [ 0000]
write_ln2662             (write            ) [ 0000]
br_ln2662                (br               ) [ 0000]
write_ln2662             (write            ) [ 0000]
br_ln2662                (br               ) [ 0000]
write_ln2662             (write            ) [ 0000]
br_ln2662                (br               ) [ 0000]
write_ln2662             (write            ) [ 0000]
br_ln2662                (br               ) [ 0000]
write_ln2662             (write            ) [ 0000]
br_ln2662                (br               ) [ 0000]
write_ln2662             (write            ) [ 0000]
br_ln2662                (br               ) [ 0000]
write_ln2662             (write            ) [ 0000]
br_ln2662                (br               ) [ 0000]
write_ln2662             (write            ) [ 0000]
br_ln2662                (br               ) [ 0000]
write_ln2662             (write            ) [ 0000]
br_ln2662                (br               ) [ 0000]
write_ln2662             (write            ) [ 0000]
br_ln2662                (br               ) [ 0000]
write_ln2662             (write            ) [ 0000]
br_ln2662                (br               ) [ 0000]
write_ln2662             (write            ) [ 0000]
br_ln2662                (br               ) [ 0000]
write_ln2662             (write            ) [ 0000]
br_ln2662                (br               ) [ 0000]
write_ln2662             (write            ) [ 0000]
br_ln2662                (br               ) [ 0000]
write_ln2662             (write            ) [ 0000]
br_ln2662                (br               ) [ 0000]
write_ln2662             (write            ) [ 0000]
br_ln2662                (br               ) [ 0000]
write_ln2662             (write            ) [ 0000]
br_ln2662                (br               ) [ 0000]
write_ln2662             (write            ) [ 0000]
br_ln2662                (br               ) [ 0000]
write_ln2662             (write            ) [ 0000]
br_ln2662                (br               ) [ 0000]
write_ln2662             (write            ) [ 0000]
br_ln2662                (br               ) [ 0000]
write_ln2662             (write            ) [ 0000]
br_ln2662                (br               ) [ 0000]
write_ln2662             (write            ) [ 0000]
br_ln2662                (br               ) [ 0000]
write_ln2662             (write            ) [ 0000]
br_ln2662                (br               ) [ 0000]
write_ln2662             (write            ) [ 0000]
br_ln2662                (br               ) [ 0000]
write_ln2662             (write            ) [ 0000]
br_ln2662                (br               ) [ 0000]
write_ln2662             (write            ) [ 0000]
br_ln2662                (br               ) [ 0000]
write_ln2662             (write            ) [ 0000]
br_ln2662                (br               ) [ 0000]
write_ln2662             (write            ) [ 0000]
br_ln2662                (br               ) [ 0000]
write_ln2662             (write            ) [ 0000]
br_ln2662                (br               ) [ 0000]
write_ln2662             (write            ) [ 0000]
br_ln2662                (br               ) [ 0000]
write_ln2662             (write            ) [ 0000]
br_ln2662                (br               ) [ 0000]
write_ln2662             (write            ) [ 0000]
br_ln2662                (br               ) [ 0000]
write_ln2662             (write            ) [ 0000]
br_ln2662                (br               ) [ 0000]
write_ln2662             (write            ) [ 0000]
br_ln2662                (br               ) [ 0000]
write_ln2662             (write            ) [ 0000]
br_ln2662                (br               ) [ 0000]
write_ln2662             (write            ) [ 0000]
br_ln2662                (br               ) [ 0000]
write_ln2662             (write            ) [ 0000]
br_ln2662                (br               ) [ 0000]
write_ln2662             (write            ) [ 0000]
br_ln2662                (br               ) [ 0000]
write_ln2662             (write            ) [ 0000]
br_ln2662                (br               ) [ 0000]
write_ln2662             (write            ) [ 0000]
br_ln2662                (br               ) [ 0000]
write_ln2662             (write            ) [ 0000]
br_ln2662                (br               ) [ 0000]
write_ln2662             (write            ) [ 0000]
br_ln2662                (br               ) [ 0000]
write_ln2662             (write            ) [ 0000]
br_ln2662                (br               ) [ 0000]
write_ln2662             (write            ) [ 0000]
br_ln2662                (br               ) [ 0000]
write_ln2662             (write            ) [ 0000]
br_ln2662                (br               ) [ 0000]
write_ln2662             (write            ) [ 0000]
br_ln2662                (br               ) [ 0000]
write_ln2662             (write            ) [ 0000]
br_ln2662                (br               ) [ 0000]
write_ln2662             (write            ) [ 0000]
br_ln2662                (br               ) [ 0000]
write_ln2662             (write            ) [ 0000]
br_ln2662                (br               ) [ 0000]
write_ln2662             (write            ) [ 0000]
br_ln2662                (br               ) [ 0000]
write_ln2662             (write            ) [ 0000]
br_ln2662                (br               ) [ 0000]
write_ln2662             (write            ) [ 0000]
br_ln2662                (br               ) [ 0000]
write_ln2662             (write            ) [ 0000]
br_ln2662                (br               ) [ 0000]
write_ln2662             (write            ) [ 0000]
br_ln2662                (br               ) [ 0000]
write_ln2662             (write            ) [ 0000]
br_ln2662                (br               ) [ 0000]
write_ln2662             (write            ) [ 0000]
br_ln2662                (br               ) [ 0000]
write_ln2662             (write            ) [ 0000]
br_ln2662                (br               ) [ 0000]
write_ln2662             (write            ) [ 0000]
br_ln2662                (br               ) [ 0000]
write_ln2662             (write            ) [ 0000]
br_ln2662                (br               ) [ 0000]
write_ln2662             (write            ) [ 0000]
br_ln2662                (br               ) [ 0000]
write_ln2662             (write            ) [ 0000]
br_ln2662                (br               ) [ 0000]
write_ln2662             (write            ) [ 0000]
br_ln2662                (br               ) [ 0000]
write_ln2662             (write            ) [ 0000]
br_ln2662                (br               ) [ 0000]
write_ln2662             (write            ) [ 0000]
br_ln2662                (br               ) [ 0000]
write_ln2662             (write            ) [ 0000]
br_ln2662                (br               ) [ 0000]
write_ln2662             (write            ) [ 0000]
br_ln2662                (br               ) [ 0000]
write_ln2662             (write            ) [ 0000]
br_ln2662                (br               ) [ 0000]
write_ln2662             (write            ) [ 0000]
br_ln2662                (br               ) [ 0000]
write_ln2662             (write            ) [ 0000]
br_ln2662                (br               ) [ 0000]
write_ln2662             (write            ) [ 0000]
br_ln2662                (br               ) [ 0000]
write_ln2662             (write            ) [ 0000]
br_ln2662                (br               ) [ 0000]
write_ln2662             (write            ) [ 0000]
br_ln2662                (br               ) [ 0000]
write_ln2662             (write            ) [ 0000]
br_ln2662                (br               ) [ 0000]
write_ln2662             (write            ) [ 0000]
br_ln2662                (br               ) [ 0000]
write_ln2662             (write            ) [ 0000]
br_ln2662                (br               ) [ 0000]
write_ln2662             (write            ) [ 0000]
br_ln2662                (br               ) [ 0000]
write_ln2662             (write            ) [ 0000]
br_ln2662                (br               ) [ 0000]
write_ln2662             (write            ) [ 0000]
br_ln2662                (br               ) [ 0000]
write_ln2662             (write            ) [ 0000]
br_ln2662                (br               ) [ 0000]
write_ln2662             (write            ) [ 0000]
br_ln2662                (br               ) [ 0000]
write_ln2662             (write            ) [ 0000]
br_ln2662                (br               ) [ 0000]
write_ln2662             (write            ) [ 0000]
br_ln2662                (br               ) [ 0000]
write_ln2662             (write            ) [ 0000]
br_ln2662                (br               ) [ 0000]
write_ln2662             (write            ) [ 0000]
br_ln2662                (br               ) [ 0000]
write_ln2662             (write            ) [ 0000]
br_ln2662                (br               ) [ 0000]
write_ln2662             (write            ) [ 0000]
br_ln2662                (br               ) [ 0000]
write_ln2662             (write            ) [ 0000]
br_ln2662                (br               ) [ 0000]
write_ln2662             (write            ) [ 0000]
br_ln2662                (br               ) [ 0000]
write_ln2662             (write            ) [ 0000]
br_ln2662                (br               ) [ 0000]
write_ln2662             (write            ) [ 0000]
br_ln2662                (br               ) [ 0000]
write_ln2662             (write            ) [ 0000]
br_ln2662                (br               ) [ 0000]
write_ln2662             (write            ) [ 0000]
br_ln2662                (br               ) [ 0000]
write_ln2662             (write            ) [ 0000]
br_ln2662                (br               ) [ 0000]
write_ln2662             (write            ) [ 0000]
br_ln2662                (br               ) [ 0000]
write_ln2662             (write            ) [ 0000]
br_ln2662                (br               ) [ 0000]
write_ln2662             (write            ) [ 0000]
br_ln2662                (br               ) [ 0000]
write_ln2662             (write            ) [ 0000]
br_ln2662                (br               ) [ 0000]
write_ln2662             (write            ) [ 0000]
br_ln2662                (br               ) [ 0000]
ret_ln0                  (ret              ) [ 0000]
</LifeTime>

<model>

<comp_list>
<comp id="0" class="1000" name="input_buffer_0">
<pin_list>
<pin id="1" dir="1" index="0" bw="1" slack="0"/>
</pin_list>
<bind>
<StgValue><ssdm name="input_buffer_0"/></StgValue>
</bind>
</comp>

<comp id="2" class="1000" name="input_buffer_223">
<pin_list>
<pin id="3" dir="1" index="0" bw="1" slack="0"/>
</pin_list>
<bind>
<StgValue><ssdm name="input_buffer_223"/></StgValue>
</bind>
</comp>

<comp id="4" class="1000" name="input_buffer_222">
<pin_list>
<pin id="5" dir="1" index="0" bw="1" slack="0"/>
</pin_list>
<bind>
<StgValue><ssdm name="input_buffer_222"/></StgValue>
</bind>
</comp>

<comp id="6" class="1000" name="input_buffer_221">
<pin_list>
<pin id="7" dir="1" index="0" bw="1" slack="0"/>
</pin_list>
<bind>
<StgValue><ssdm name="input_buffer_221"/></StgValue>
</bind>
</comp>

<comp id="8" class="1000" name="input_buffer_220">
<pin_list>
<pin id="9" dir="1" index="0" bw="1" slack="0"/>
</pin_list>
<bind>
<StgValue><ssdm name="input_buffer_220"/></StgValue>
</bind>
</comp>

<comp id="10" class="1000" name="input_buffer_219">
<pin_list>
<pin id="11" dir="1" index="0" bw="1" slack="0"/>
</pin_list>
<bind>
<StgValue><ssdm name="input_buffer_219"/></StgValue>
</bind>
</comp>

<comp id="12" class="1000" name="input_buffer_218">
<pin_list>
<pin id="13" dir="1" index="0" bw="1" slack="0"/>
</pin_list>
<bind>
<StgValue><ssdm name="input_buffer_218"/></StgValue>
</bind>
</comp>

<comp id="14" class="1000" name="input_buffer_217">
<pin_list>
<pin id="15" dir="1" index="0" bw="1" slack="0"/>
</pin_list>
<bind>
<StgValue><ssdm name="input_buffer_217"/></StgValue>
</bind>
</comp>

<comp id="16" class="1000" name="input_buffer_216">
<pin_list>
<pin id="17" dir="1" index="0" bw="1" slack="0"/>
</pin_list>
<bind>
<StgValue><ssdm name="input_buffer_216"/></StgValue>
</bind>
</comp>

<comp id="18" class="1000" name="input_buffer_215">
<pin_list>
<pin id="19" dir="1" index="0" bw="1" slack="0"/>
</pin_list>
<bind>
<StgValue><ssdm name="input_buffer_215"/></StgValue>
</bind>
</comp>

<comp id="20" class="1000" name="input_buffer_214">
<pin_list>
<pin id="21" dir="1" index="0" bw="1" slack="0"/>
</pin_list>
<bind>
<StgValue><ssdm name="input_buffer_214"/></StgValue>
</bind>
</comp>

<comp id="22" class="1000" name="input_buffer_213">
<pin_list>
<pin id="23" dir="1" index="0" bw="1" slack="0"/>
</pin_list>
<bind>
<StgValue><ssdm name="input_buffer_213"/></StgValue>
</bind>
</comp>

<comp id="24" class="1000" name="input_buffer_212">
<pin_list>
<pin id="25" dir="1" index="0" bw="1" slack="0"/>
</pin_list>
<bind>
<StgValue><ssdm name="input_buffer_212"/></StgValue>
</bind>
</comp>

<comp id="26" class="1000" name="input_buffer_211">
<pin_list>
<pin id="27" dir="1" index="0" bw="1" slack="0"/>
</pin_list>
<bind>
<StgValue><ssdm name="input_buffer_211"/></StgValue>
</bind>
</comp>

<comp id="28" class="1000" name="input_buffer_210">
<pin_list>
<pin id="29" dir="1" index="0" bw="1" slack="0"/>
</pin_list>
<bind>
<StgValue><ssdm name="input_buffer_210"/></StgValue>
</bind>
</comp>

<comp id="30" class="1000" name="input_buffer_209">
<pin_list>
<pin id="31" dir="1" index="0" bw="1" slack="0"/>
</pin_list>
<bind>
<StgValue><ssdm name="input_buffer_209"/></StgValue>
</bind>
</comp>

<comp id="32" class="1000" name="input_buffer_208">
<pin_list>
<pin id="33" dir="1" index="0" bw="1" slack="0"/>
</pin_list>
<bind>
<StgValue><ssdm name="input_buffer_208"/></StgValue>
</bind>
</comp>

<comp id="34" class="1000" name="input_buffer_207">
<pin_list>
<pin id="35" dir="1" index="0" bw="1" slack="0"/>
</pin_list>
<bind>
<StgValue><ssdm name="input_buffer_207"/></StgValue>
</bind>
</comp>

<comp id="36" class="1000" name="input_buffer_206">
<pin_list>
<pin id="37" dir="1" index="0" bw="1" slack="0"/>
</pin_list>
<bind>
<StgValue><ssdm name="input_buffer_206"/></StgValue>
</bind>
</comp>

<comp id="38" class="1000" name="input_buffer_205">
<pin_list>
<pin id="39" dir="1" index="0" bw="1" slack="0"/>
</pin_list>
<bind>
<StgValue><ssdm name="input_buffer_205"/></StgValue>
</bind>
</comp>

<comp id="40" class="1000" name="input_buffer_204">
<pin_list>
<pin id="41" dir="1" index="0" bw="1" slack="0"/>
</pin_list>
<bind>
<StgValue><ssdm name="input_buffer_204"/></StgValue>
</bind>
</comp>

<comp id="42" class="1000" name="input_buffer_203">
<pin_list>
<pin id="43" dir="1" index="0" bw="1" slack="0"/>
</pin_list>
<bind>
<StgValue><ssdm name="input_buffer_203"/></StgValue>
</bind>
</comp>

<comp id="44" class="1000" name="input_buffer_202">
<pin_list>
<pin id="45" dir="1" index="0" bw="1" slack="0"/>
</pin_list>
<bind>
<StgValue><ssdm name="input_buffer_202"/></StgValue>
</bind>
</comp>

<comp id="46" class="1000" name="input_buffer_201">
<pin_list>
<pin id="47" dir="1" index="0" bw="1" slack="0"/>
</pin_list>
<bind>
<StgValue><ssdm name="input_buffer_201"/></StgValue>
</bind>
</comp>

<comp id="48" class="1000" name="input_buffer_200">
<pin_list>
<pin id="49" dir="1" index="0" bw="1" slack="0"/>
</pin_list>
<bind>
<StgValue><ssdm name="input_buffer_200"/></StgValue>
</bind>
</comp>

<comp id="50" class="1000" name="input_buffer_199">
<pin_list>
<pin id="51" dir="1" index="0" bw="1" slack="0"/>
</pin_list>
<bind>
<StgValue><ssdm name="input_buffer_199"/></StgValue>
</bind>
</comp>

<comp id="52" class="1000" name="input_buffer_198">
<pin_list>
<pin id="53" dir="1" index="0" bw="1" slack="0"/>
</pin_list>
<bind>
<StgValue><ssdm name="input_buffer_198"/></StgValue>
</bind>
</comp>

<comp id="54" class="1000" name="input_buffer_197">
<pin_list>
<pin id="55" dir="1" index="0" bw="1" slack="0"/>
</pin_list>
<bind>
<StgValue><ssdm name="input_buffer_197"/></StgValue>
</bind>
</comp>

<comp id="56" class="1000" name="input_buffer_196">
<pin_list>
<pin id="57" dir="1" index="0" bw="1" slack="0"/>
</pin_list>
<bind>
<StgValue><ssdm name="input_buffer_196"/></StgValue>
</bind>
</comp>

<comp id="58" class="1000" name="input_buffer_195">
<pin_list>
<pin id="59" dir="1" index="0" bw="1" slack="0"/>
</pin_list>
<bind>
<StgValue><ssdm name="input_buffer_195"/></StgValue>
</bind>
</comp>

<comp id="60" class="1000" name="input_buffer_194">
<pin_list>
<pin id="61" dir="1" index="0" bw="1" slack="0"/>
</pin_list>
<bind>
<StgValue><ssdm name="input_buffer_194"/></StgValue>
</bind>
</comp>

<comp id="62" class="1000" name="input_buffer_193">
<pin_list>
<pin id="63" dir="1" index="0" bw="1" slack="0"/>
</pin_list>
<bind>
<StgValue><ssdm name="input_buffer_193"/></StgValue>
</bind>
</comp>

<comp id="64" class="1000" name="input_buffer_192">
<pin_list>
<pin id="65" dir="1" index="0" bw="1" slack="0"/>
</pin_list>
<bind>
<StgValue><ssdm name="input_buffer_192"/></StgValue>
</bind>
</comp>

<comp id="66" class="1000" name="input_buffer_191">
<pin_list>
<pin id="67" dir="1" index="0" bw="1" slack="0"/>
</pin_list>
<bind>
<StgValue><ssdm name="input_buffer_191"/></StgValue>
</bind>
</comp>

<comp id="68" class="1000" name="input_buffer_190">
<pin_list>
<pin id="69" dir="1" index="0" bw="1" slack="0"/>
</pin_list>
<bind>
<StgValue><ssdm name="input_buffer_190"/></StgValue>
</bind>
</comp>

<comp id="70" class="1000" name="input_buffer_189">
<pin_list>
<pin id="71" dir="1" index="0" bw="1" slack="0"/>
</pin_list>
<bind>
<StgValue><ssdm name="input_buffer_189"/></StgValue>
</bind>
</comp>

<comp id="72" class="1000" name="input_buffer_188">
<pin_list>
<pin id="73" dir="1" index="0" bw="1" slack="0"/>
</pin_list>
<bind>
<StgValue><ssdm name="input_buffer_188"/></StgValue>
</bind>
</comp>

<comp id="74" class="1000" name="input_buffer_187">
<pin_list>
<pin id="75" dir="1" index="0" bw="1" slack="0"/>
</pin_list>
<bind>
<StgValue><ssdm name="input_buffer_187"/></StgValue>
</bind>
</comp>

<comp id="76" class="1000" name="input_buffer_186">
<pin_list>
<pin id="77" dir="1" index="0" bw="1" slack="0"/>
</pin_list>
<bind>
<StgValue><ssdm name="input_buffer_186"/></StgValue>
</bind>
</comp>

<comp id="78" class="1000" name="input_buffer_185">
<pin_list>
<pin id="79" dir="1" index="0" bw="1" slack="0"/>
</pin_list>
<bind>
<StgValue><ssdm name="input_buffer_185"/></StgValue>
</bind>
</comp>

<comp id="80" class="1000" name="input_buffer_184">
<pin_list>
<pin id="81" dir="1" index="0" bw="1" slack="0"/>
</pin_list>
<bind>
<StgValue><ssdm name="input_buffer_184"/></StgValue>
</bind>
</comp>

<comp id="82" class="1000" name="input_buffer_183">
<pin_list>
<pin id="83" dir="1" index="0" bw="1" slack="0"/>
</pin_list>
<bind>
<StgValue><ssdm name="input_buffer_183"/></StgValue>
</bind>
</comp>

<comp id="84" class="1000" name="input_buffer_182">
<pin_list>
<pin id="85" dir="1" index="0" bw="1" slack="0"/>
</pin_list>
<bind>
<StgValue><ssdm name="input_buffer_182"/></StgValue>
</bind>
</comp>

<comp id="86" class="1000" name="input_buffer_181">
<pin_list>
<pin id="87" dir="1" index="0" bw="1" slack="0"/>
</pin_list>
<bind>
<StgValue><ssdm name="input_buffer_181"/></StgValue>
</bind>
</comp>

<comp id="88" class="1000" name="input_buffer_180">
<pin_list>
<pin id="89" dir="1" index="0" bw="1" slack="0"/>
</pin_list>
<bind>
<StgValue><ssdm name="input_buffer_180"/></StgValue>
</bind>
</comp>

<comp id="90" class="1000" name="input_buffer_179">
<pin_list>
<pin id="91" dir="1" index="0" bw="1" slack="0"/>
</pin_list>
<bind>
<StgValue><ssdm name="input_buffer_179"/></StgValue>
</bind>
</comp>

<comp id="92" class="1000" name="input_buffer_178">
<pin_list>
<pin id="93" dir="1" index="0" bw="1" slack="0"/>
</pin_list>
<bind>
<StgValue><ssdm name="input_buffer_178"/></StgValue>
</bind>
</comp>

<comp id="94" class="1000" name="input_buffer_177">
<pin_list>
<pin id="95" dir="1" index="0" bw="1" slack="0"/>
</pin_list>
<bind>
<StgValue><ssdm name="input_buffer_177"/></StgValue>
</bind>
</comp>

<comp id="96" class="1000" name="input_buffer_176">
<pin_list>
<pin id="97" dir="1" index="0" bw="1" slack="0"/>
</pin_list>
<bind>
<StgValue><ssdm name="input_buffer_176"/></StgValue>
</bind>
</comp>

<comp id="98" class="1000" name="input_buffer_175">
<pin_list>
<pin id="99" dir="1" index="0" bw="1" slack="0"/>
</pin_list>
<bind>
<StgValue><ssdm name="input_buffer_175"/></StgValue>
</bind>
</comp>

<comp id="100" class="1000" name="input_buffer_174">
<pin_list>
<pin id="101" dir="1" index="0" bw="1" slack="0"/>
</pin_list>
<bind>
<StgValue><ssdm name="input_buffer_174"/></StgValue>
</bind>
</comp>

<comp id="102" class="1000" name="input_buffer_173">
<pin_list>
<pin id="103" dir="1" index="0" bw="1" slack="0"/>
</pin_list>
<bind>
<StgValue><ssdm name="input_buffer_173"/></StgValue>
</bind>
</comp>

<comp id="104" class="1000" name="input_buffer_172">
<pin_list>
<pin id="105" dir="1" index="0" bw="1" slack="0"/>
</pin_list>
<bind>
<StgValue><ssdm name="input_buffer_172"/></StgValue>
</bind>
</comp>

<comp id="106" class="1000" name="input_buffer_171">
<pin_list>
<pin id="107" dir="1" index="0" bw="1" slack="0"/>
</pin_list>
<bind>
<StgValue><ssdm name="input_buffer_171"/></StgValue>
</bind>
</comp>

<comp id="108" class="1000" name="input_buffer_170">
<pin_list>
<pin id="109" dir="1" index="0" bw="1" slack="0"/>
</pin_list>
<bind>
<StgValue><ssdm name="input_buffer_170"/></StgValue>
</bind>
</comp>

<comp id="110" class="1000" name="input_buffer_169">
<pin_list>
<pin id="111" dir="1" index="0" bw="1" slack="0"/>
</pin_list>
<bind>
<StgValue><ssdm name="input_buffer_169"/></StgValue>
</bind>
</comp>

<comp id="112" class="1000" name="input_buffer_168">
<pin_list>
<pin id="113" dir="1" index="0" bw="1" slack="0"/>
</pin_list>
<bind>
<StgValue><ssdm name="input_buffer_168"/></StgValue>
</bind>
</comp>

<comp id="114" class="1000" name="input_buffer_167">
<pin_list>
<pin id="115" dir="1" index="0" bw="1" slack="0"/>
</pin_list>
<bind>
<StgValue><ssdm name="input_buffer_167"/></StgValue>
</bind>
</comp>

<comp id="116" class="1000" name="input_buffer_166">
<pin_list>
<pin id="117" dir="1" index="0" bw="1" slack="0"/>
</pin_list>
<bind>
<StgValue><ssdm name="input_buffer_166"/></StgValue>
</bind>
</comp>

<comp id="118" class="1000" name="input_buffer_165">
<pin_list>
<pin id="119" dir="1" index="0" bw="1" slack="0"/>
</pin_list>
<bind>
<StgValue><ssdm name="input_buffer_165"/></StgValue>
</bind>
</comp>

<comp id="120" class="1000" name="input_buffer_164">
<pin_list>
<pin id="121" dir="1" index="0" bw="1" slack="0"/>
</pin_list>
<bind>
<StgValue><ssdm name="input_buffer_164"/></StgValue>
</bind>
</comp>

<comp id="122" class="1000" name="input_buffer_163">
<pin_list>
<pin id="123" dir="1" index="0" bw="1" slack="0"/>
</pin_list>
<bind>
<StgValue><ssdm name="input_buffer_163"/></StgValue>
</bind>
</comp>

<comp id="124" class="1000" name="input_buffer_162">
<pin_list>
<pin id="125" dir="1" index="0" bw="1" slack="0"/>
</pin_list>
<bind>
<StgValue><ssdm name="input_buffer_162"/></StgValue>
</bind>
</comp>

<comp id="126" class="1000" name="input_buffer_161">
<pin_list>
<pin id="127" dir="1" index="0" bw="1" slack="0"/>
</pin_list>
<bind>
<StgValue><ssdm name="input_buffer_161"/></StgValue>
</bind>
</comp>

<comp id="128" class="1000" name="input_buffer_160">
<pin_list>
<pin id="129" dir="1" index="0" bw="1" slack="0"/>
</pin_list>
<bind>
<StgValue><ssdm name="input_buffer_160"/></StgValue>
</bind>
</comp>

<comp id="130" class="1000" name="input_buffer_159">
<pin_list>
<pin id="131" dir="1" index="0" bw="1" slack="0"/>
</pin_list>
<bind>
<StgValue><ssdm name="input_buffer_159"/></StgValue>
</bind>
</comp>

<comp id="132" class="1000" name="input_buffer_158">
<pin_list>
<pin id="133" dir="1" index="0" bw="1" slack="0"/>
</pin_list>
<bind>
<StgValue><ssdm name="input_buffer_158"/></StgValue>
</bind>
</comp>

<comp id="134" class="1000" name="input_buffer_157">
<pin_list>
<pin id="135" dir="1" index="0" bw="1" slack="0"/>
</pin_list>
<bind>
<StgValue><ssdm name="input_buffer_157"/></StgValue>
</bind>
</comp>

<comp id="136" class="1000" name="input_buffer_156">
<pin_list>
<pin id="137" dir="1" index="0" bw="1" slack="0"/>
</pin_list>
<bind>
<StgValue><ssdm name="input_buffer_156"/></StgValue>
</bind>
</comp>

<comp id="138" class="1000" name="input_buffer_155">
<pin_list>
<pin id="139" dir="1" index="0" bw="1" slack="0"/>
</pin_list>
<bind>
<StgValue><ssdm name="input_buffer_155"/></StgValue>
</bind>
</comp>

<comp id="140" class="1000" name="input_buffer_154">
<pin_list>
<pin id="141" dir="1" index="0" bw="1" slack="0"/>
</pin_list>
<bind>
<StgValue><ssdm name="input_buffer_154"/></StgValue>
</bind>
</comp>

<comp id="142" class="1000" name="input_buffer_153">
<pin_list>
<pin id="143" dir="1" index="0" bw="1" slack="0"/>
</pin_list>
<bind>
<StgValue><ssdm name="input_buffer_153"/></StgValue>
</bind>
</comp>

<comp id="144" class="1000" name="input_buffer_152">
<pin_list>
<pin id="145" dir="1" index="0" bw="1" slack="0"/>
</pin_list>
<bind>
<StgValue><ssdm name="input_buffer_152"/></StgValue>
</bind>
</comp>

<comp id="146" class="1000" name="input_buffer_151">
<pin_list>
<pin id="147" dir="1" index="0" bw="1" slack="0"/>
</pin_list>
<bind>
<StgValue><ssdm name="input_buffer_151"/></StgValue>
</bind>
</comp>

<comp id="148" class="1000" name="input_buffer_150">
<pin_list>
<pin id="149" dir="1" index="0" bw="1" slack="0"/>
</pin_list>
<bind>
<StgValue><ssdm name="input_buffer_150"/></StgValue>
</bind>
</comp>

<comp id="150" class="1000" name="input_buffer_149">
<pin_list>
<pin id="151" dir="1" index="0" bw="1" slack="0"/>
</pin_list>
<bind>
<StgValue><ssdm name="input_buffer_149"/></StgValue>
</bind>
</comp>

<comp id="152" class="1000" name="input_buffer_148">
<pin_list>
<pin id="153" dir="1" index="0" bw="1" slack="0"/>
</pin_list>
<bind>
<StgValue><ssdm name="input_buffer_148"/></StgValue>
</bind>
</comp>

<comp id="154" class="1000" name="input_buffer_147">
<pin_list>
<pin id="155" dir="1" index="0" bw="1" slack="0"/>
</pin_list>
<bind>
<StgValue><ssdm name="input_buffer_147"/></StgValue>
</bind>
</comp>

<comp id="156" class="1000" name="input_buffer_146">
<pin_list>
<pin id="157" dir="1" index="0" bw="1" slack="0"/>
</pin_list>
<bind>
<StgValue><ssdm name="input_buffer_146"/></StgValue>
</bind>
</comp>

<comp id="158" class="1000" name="input_buffer_145">
<pin_list>
<pin id="159" dir="1" index="0" bw="1" slack="0"/>
</pin_list>
<bind>
<StgValue><ssdm name="input_buffer_145"/></StgValue>
</bind>
</comp>

<comp id="160" class="1000" name="input_buffer_144">
<pin_list>
<pin id="161" dir="1" index="0" bw="1" slack="0"/>
</pin_list>
<bind>
<StgValue><ssdm name="input_buffer_144"/></StgValue>
</bind>
</comp>

<comp id="162" class="1000" name="input_buffer_143">
<pin_list>
<pin id="163" dir="1" index="0" bw="1" slack="0"/>
</pin_list>
<bind>
<StgValue><ssdm name="input_buffer_143"/></StgValue>
</bind>
</comp>

<comp id="164" class="1000" name="input_buffer_142">
<pin_list>
<pin id="165" dir="1" index="0" bw="1" slack="0"/>
</pin_list>
<bind>
<StgValue><ssdm name="input_buffer_142"/></StgValue>
</bind>
</comp>

<comp id="166" class="1000" name="input_buffer_141">
<pin_list>
<pin id="167" dir="1" index="0" bw="1" slack="0"/>
</pin_list>
<bind>
<StgValue><ssdm name="input_buffer_141"/></StgValue>
</bind>
</comp>

<comp id="168" class="1000" name="input_buffer_140">
<pin_list>
<pin id="169" dir="1" index="0" bw="1" slack="0"/>
</pin_list>
<bind>
<StgValue><ssdm name="input_buffer_140"/></StgValue>
</bind>
</comp>

<comp id="170" class="1000" name="input_buffer_139">
<pin_list>
<pin id="171" dir="1" index="0" bw="1" slack="0"/>
</pin_list>
<bind>
<StgValue><ssdm name="input_buffer_139"/></StgValue>
</bind>
</comp>

<comp id="172" class="1000" name="input_buffer_138">
<pin_list>
<pin id="173" dir="1" index="0" bw="1" slack="0"/>
</pin_list>
<bind>
<StgValue><ssdm name="input_buffer_138"/></StgValue>
</bind>
</comp>

<comp id="174" class="1000" name="input_buffer_137">
<pin_list>
<pin id="175" dir="1" index="0" bw="1" slack="0"/>
</pin_list>
<bind>
<StgValue><ssdm name="input_buffer_137"/></StgValue>
</bind>
</comp>

<comp id="176" class="1000" name="input_buffer_136">
<pin_list>
<pin id="177" dir="1" index="0" bw="1" slack="0"/>
</pin_list>
<bind>
<StgValue><ssdm name="input_buffer_136"/></StgValue>
</bind>
</comp>

<comp id="178" class="1000" name="input_buffer_135">
<pin_list>
<pin id="179" dir="1" index="0" bw="1" slack="0"/>
</pin_list>
<bind>
<StgValue><ssdm name="input_buffer_135"/></StgValue>
</bind>
</comp>

<comp id="180" class="1000" name="input_buffer_134">
<pin_list>
<pin id="181" dir="1" index="0" bw="1" slack="0"/>
</pin_list>
<bind>
<StgValue><ssdm name="input_buffer_134"/></StgValue>
</bind>
</comp>

<comp id="182" class="1000" name="input_buffer_133">
<pin_list>
<pin id="183" dir="1" index="0" bw="1" slack="0"/>
</pin_list>
<bind>
<StgValue><ssdm name="input_buffer_133"/></StgValue>
</bind>
</comp>

<comp id="184" class="1000" name="input_buffer_132">
<pin_list>
<pin id="185" dir="1" index="0" bw="1" slack="0"/>
</pin_list>
<bind>
<StgValue><ssdm name="input_buffer_132"/></StgValue>
</bind>
</comp>

<comp id="186" class="1000" name="input_buffer_131">
<pin_list>
<pin id="187" dir="1" index="0" bw="1" slack="0"/>
</pin_list>
<bind>
<StgValue><ssdm name="input_buffer_131"/></StgValue>
</bind>
</comp>

<comp id="188" class="1000" name="input_buffer_130">
<pin_list>
<pin id="189" dir="1" index="0" bw="1" slack="0"/>
</pin_list>
<bind>
<StgValue><ssdm name="input_buffer_130"/></StgValue>
</bind>
</comp>

<comp id="190" class="1000" name="input_buffer_129">
<pin_list>
<pin id="191" dir="1" index="0" bw="1" slack="0"/>
</pin_list>
<bind>
<StgValue><ssdm name="input_buffer_129"/></StgValue>
</bind>
</comp>

<comp id="192" class="1000" name="input_buffer_128">
<pin_list>
<pin id="193" dir="1" index="0" bw="1" slack="0"/>
</pin_list>
<bind>
<StgValue><ssdm name="input_buffer_128"/></StgValue>
</bind>
</comp>

<comp id="194" class="1000" name="input_buffer_127">
<pin_list>
<pin id="195" dir="1" index="0" bw="1" slack="0"/>
</pin_list>
<bind>
<StgValue><ssdm name="input_buffer_127"/></StgValue>
</bind>
</comp>

<comp id="196" class="1000" name="input_buffer_126">
<pin_list>
<pin id="197" dir="1" index="0" bw="1" slack="0"/>
</pin_list>
<bind>
<StgValue><ssdm name="input_buffer_126"/></StgValue>
</bind>
</comp>

<comp id="198" class="1000" name="input_buffer_125">
<pin_list>
<pin id="199" dir="1" index="0" bw="1" slack="0"/>
</pin_list>
<bind>
<StgValue><ssdm name="input_buffer_125"/></StgValue>
</bind>
</comp>

<comp id="200" class="1000" name="input_buffer_124">
<pin_list>
<pin id="201" dir="1" index="0" bw="1" slack="0"/>
</pin_list>
<bind>
<StgValue><ssdm name="input_buffer_124"/></StgValue>
</bind>
</comp>

<comp id="202" class="1000" name="input_buffer_123">
<pin_list>
<pin id="203" dir="1" index="0" bw="1" slack="0"/>
</pin_list>
<bind>
<StgValue><ssdm name="input_buffer_123"/></StgValue>
</bind>
</comp>

<comp id="204" class="1000" name="input_buffer_122">
<pin_list>
<pin id="205" dir="1" index="0" bw="1" slack="0"/>
</pin_list>
<bind>
<StgValue><ssdm name="input_buffer_122"/></StgValue>
</bind>
</comp>

<comp id="206" class="1000" name="input_buffer_121">
<pin_list>
<pin id="207" dir="1" index="0" bw="1" slack="0"/>
</pin_list>
<bind>
<StgValue><ssdm name="input_buffer_121"/></StgValue>
</bind>
</comp>

<comp id="208" class="1000" name="input_buffer_120">
<pin_list>
<pin id="209" dir="1" index="0" bw="1" slack="0"/>
</pin_list>
<bind>
<StgValue><ssdm name="input_buffer_120"/></StgValue>
</bind>
</comp>

<comp id="210" class="1000" name="input_buffer_119">
<pin_list>
<pin id="211" dir="1" index="0" bw="1" slack="0"/>
</pin_list>
<bind>
<StgValue><ssdm name="input_buffer_119"/></StgValue>
</bind>
</comp>

<comp id="212" class="1000" name="input_buffer_118">
<pin_list>
<pin id="213" dir="1" index="0" bw="1" slack="0"/>
</pin_list>
<bind>
<StgValue><ssdm name="input_buffer_118"/></StgValue>
</bind>
</comp>

<comp id="214" class="1000" name="input_buffer_117">
<pin_list>
<pin id="215" dir="1" index="0" bw="1" slack="0"/>
</pin_list>
<bind>
<StgValue><ssdm name="input_buffer_117"/></StgValue>
</bind>
</comp>

<comp id="216" class="1000" name="input_buffer_116">
<pin_list>
<pin id="217" dir="1" index="0" bw="1" slack="0"/>
</pin_list>
<bind>
<StgValue><ssdm name="input_buffer_116"/></StgValue>
</bind>
</comp>

<comp id="218" class="1000" name="input_buffer_115">
<pin_list>
<pin id="219" dir="1" index="0" bw="1" slack="0"/>
</pin_list>
<bind>
<StgValue><ssdm name="input_buffer_115"/></StgValue>
</bind>
</comp>

<comp id="220" class="1000" name="input_buffer_114">
<pin_list>
<pin id="221" dir="1" index="0" bw="1" slack="0"/>
</pin_list>
<bind>
<StgValue><ssdm name="input_buffer_114"/></StgValue>
</bind>
</comp>

<comp id="222" class="1000" name="input_buffer_113">
<pin_list>
<pin id="223" dir="1" index="0" bw="1" slack="0"/>
</pin_list>
<bind>
<StgValue><ssdm name="input_buffer_113"/></StgValue>
</bind>
</comp>

<comp id="224" class="1000" name="input_buffer_112">
<pin_list>
<pin id="225" dir="1" index="0" bw="1" slack="0"/>
</pin_list>
<bind>
<StgValue><ssdm name="input_buffer_112"/></StgValue>
</bind>
</comp>

<comp id="226" class="1000" name="input_buffer_111">
<pin_list>
<pin id="227" dir="1" index="0" bw="1" slack="0"/>
</pin_list>
<bind>
<StgValue><ssdm name="input_buffer_111"/></StgValue>
</bind>
</comp>

<comp id="228" class="1000" name="input_buffer_110">
<pin_list>
<pin id="229" dir="1" index="0" bw="1" slack="0"/>
</pin_list>
<bind>
<StgValue><ssdm name="input_buffer_110"/></StgValue>
</bind>
</comp>

<comp id="230" class="1000" name="input_buffer_109">
<pin_list>
<pin id="231" dir="1" index="0" bw="1" slack="0"/>
</pin_list>
<bind>
<StgValue><ssdm name="input_buffer_109"/></StgValue>
</bind>
</comp>

<comp id="232" class="1000" name="input_buffer_108">
<pin_list>
<pin id="233" dir="1" index="0" bw="1" slack="0"/>
</pin_list>
<bind>
<StgValue><ssdm name="input_buffer_108"/></StgValue>
</bind>
</comp>

<comp id="234" class="1000" name="input_buffer_107">
<pin_list>
<pin id="235" dir="1" index="0" bw="1" slack="0"/>
</pin_list>
<bind>
<StgValue><ssdm name="input_buffer_107"/></StgValue>
</bind>
</comp>

<comp id="236" class="1000" name="input_buffer_106">
<pin_list>
<pin id="237" dir="1" index="0" bw="1" slack="0"/>
</pin_list>
<bind>
<StgValue><ssdm name="input_buffer_106"/></StgValue>
</bind>
</comp>

<comp id="238" class="1000" name="input_buffer_105">
<pin_list>
<pin id="239" dir="1" index="0" bw="1" slack="0"/>
</pin_list>
<bind>
<StgValue><ssdm name="input_buffer_105"/></StgValue>
</bind>
</comp>

<comp id="240" class="1000" name="input_buffer_104">
<pin_list>
<pin id="241" dir="1" index="0" bw="1" slack="0"/>
</pin_list>
<bind>
<StgValue><ssdm name="input_buffer_104"/></StgValue>
</bind>
</comp>

<comp id="242" class="1000" name="input_buffer_103">
<pin_list>
<pin id="243" dir="1" index="0" bw="1" slack="0"/>
</pin_list>
<bind>
<StgValue><ssdm name="input_buffer_103"/></StgValue>
</bind>
</comp>

<comp id="244" class="1000" name="input_buffer_102">
<pin_list>
<pin id="245" dir="1" index="0" bw="1" slack="0"/>
</pin_list>
<bind>
<StgValue><ssdm name="input_buffer_102"/></StgValue>
</bind>
</comp>

<comp id="246" class="1000" name="input_buffer_101">
<pin_list>
<pin id="247" dir="1" index="0" bw="1" slack="0"/>
</pin_list>
<bind>
<StgValue><ssdm name="input_buffer_101"/></StgValue>
</bind>
</comp>

<comp id="248" class="1000" name="input_buffer_100">
<pin_list>
<pin id="249" dir="1" index="0" bw="1" slack="0"/>
</pin_list>
<bind>
<StgValue><ssdm name="input_buffer_100"/></StgValue>
</bind>
</comp>

<comp id="250" class="1000" name="input_buffer_99">
<pin_list>
<pin id="251" dir="1" index="0" bw="1" slack="0"/>
</pin_list>
<bind>
<StgValue><ssdm name="input_buffer_99"/></StgValue>
</bind>
</comp>

<comp id="252" class="1000" name="input_buffer_98">
<pin_list>
<pin id="253" dir="1" index="0" bw="1" slack="0"/>
</pin_list>
<bind>
<StgValue><ssdm name="input_buffer_98"/></StgValue>
</bind>
</comp>

<comp id="254" class="1000" name="input_buffer_97">
<pin_list>
<pin id="255" dir="1" index="0" bw="1" slack="0"/>
</pin_list>
<bind>
<StgValue><ssdm name="input_buffer_97"/></StgValue>
</bind>
</comp>

<comp id="256" class="1000" name="input_buffer_96">
<pin_list>
<pin id="257" dir="1" index="0" bw="1" slack="0"/>
</pin_list>
<bind>
<StgValue><ssdm name="input_buffer_96"/></StgValue>
</bind>
</comp>

<comp id="258" class="1000" name="input_buffer_95">
<pin_list>
<pin id="259" dir="1" index="0" bw="1" slack="0"/>
</pin_list>
<bind>
<StgValue><ssdm name="input_buffer_95"/></StgValue>
</bind>
</comp>

<comp id="260" class="1000" name="input_buffer_94">
<pin_list>
<pin id="261" dir="1" index="0" bw="1" slack="0"/>
</pin_list>
<bind>
<StgValue><ssdm name="input_buffer_94"/></StgValue>
</bind>
</comp>

<comp id="262" class="1000" name="input_buffer_93">
<pin_list>
<pin id="263" dir="1" index="0" bw="1" slack="0"/>
</pin_list>
<bind>
<StgValue><ssdm name="input_buffer_93"/></StgValue>
</bind>
</comp>

<comp id="264" class="1000" name="input_buffer_92">
<pin_list>
<pin id="265" dir="1" index="0" bw="1" slack="0"/>
</pin_list>
<bind>
<StgValue><ssdm name="input_buffer_92"/></StgValue>
</bind>
</comp>

<comp id="266" class="1000" name="input_buffer_91">
<pin_list>
<pin id="267" dir="1" index="0" bw="1" slack="0"/>
</pin_list>
<bind>
<StgValue><ssdm name="input_buffer_91"/></StgValue>
</bind>
</comp>

<comp id="268" class="1000" name="input_buffer_90">
<pin_list>
<pin id="269" dir="1" index="0" bw="1" slack="0"/>
</pin_list>
<bind>
<StgValue><ssdm name="input_buffer_90"/></StgValue>
</bind>
</comp>

<comp id="270" class="1000" name="input_buffer_89">
<pin_list>
<pin id="271" dir="1" index="0" bw="1" slack="0"/>
</pin_list>
<bind>
<StgValue><ssdm name="input_buffer_89"/></StgValue>
</bind>
</comp>

<comp id="272" class="1000" name="input_buffer_88">
<pin_list>
<pin id="273" dir="1" index="0" bw="1" slack="0"/>
</pin_list>
<bind>
<StgValue><ssdm name="input_buffer_88"/></StgValue>
</bind>
</comp>

<comp id="274" class="1000" name="input_buffer_87">
<pin_list>
<pin id="275" dir="1" index="0" bw="1" slack="0"/>
</pin_list>
<bind>
<StgValue><ssdm name="input_buffer_87"/></StgValue>
</bind>
</comp>

<comp id="276" class="1000" name="input_buffer_86">
<pin_list>
<pin id="277" dir="1" index="0" bw="1" slack="0"/>
</pin_list>
<bind>
<StgValue><ssdm name="input_buffer_86"/></StgValue>
</bind>
</comp>

<comp id="278" class="1000" name="input_buffer_85">
<pin_list>
<pin id="279" dir="1" index="0" bw="1" slack="0"/>
</pin_list>
<bind>
<StgValue><ssdm name="input_buffer_85"/></StgValue>
</bind>
</comp>

<comp id="280" class="1000" name="input_buffer_84">
<pin_list>
<pin id="281" dir="1" index="0" bw="1" slack="0"/>
</pin_list>
<bind>
<StgValue><ssdm name="input_buffer_84"/></StgValue>
</bind>
</comp>

<comp id="282" class="1000" name="input_buffer_83">
<pin_list>
<pin id="283" dir="1" index="0" bw="1" slack="0"/>
</pin_list>
<bind>
<StgValue><ssdm name="input_buffer_83"/></StgValue>
</bind>
</comp>

<comp id="284" class="1000" name="input_buffer_82">
<pin_list>
<pin id="285" dir="1" index="0" bw="1" slack="0"/>
</pin_list>
<bind>
<StgValue><ssdm name="input_buffer_82"/></StgValue>
</bind>
</comp>

<comp id="286" class="1000" name="input_buffer_81">
<pin_list>
<pin id="287" dir="1" index="0" bw="1" slack="0"/>
</pin_list>
<bind>
<StgValue><ssdm name="input_buffer_81"/></StgValue>
</bind>
</comp>

<comp id="288" class="1000" name="input_buffer_80">
<pin_list>
<pin id="289" dir="1" index="0" bw="1" slack="0"/>
</pin_list>
<bind>
<StgValue><ssdm name="input_buffer_80"/></StgValue>
</bind>
</comp>

<comp id="290" class="1000" name="input_buffer_79">
<pin_list>
<pin id="291" dir="1" index="0" bw="1" slack="0"/>
</pin_list>
<bind>
<StgValue><ssdm name="input_buffer_79"/></StgValue>
</bind>
</comp>

<comp id="292" class="1000" name="input_buffer_78">
<pin_list>
<pin id="293" dir="1" index="0" bw="1" slack="0"/>
</pin_list>
<bind>
<StgValue><ssdm name="input_buffer_78"/></StgValue>
</bind>
</comp>

<comp id="294" class="1000" name="input_buffer_77">
<pin_list>
<pin id="295" dir="1" index="0" bw="1" slack="0"/>
</pin_list>
<bind>
<StgValue><ssdm name="input_buffer_77"/></StgValue>
</bind>
</comp>

<comp id="296" class="1000" name="input_buffer_76">
<pin_list>
<pin id="297" dir="1" index="0" bw="1" slack="0"/>
</pin_list>
<bind>
<StgValue><ssdm name="input_buffer_76"/></StgValue>
</bind>
</comp>

<comp id="298" class="1000" name="input_buffer_75">
<pin_list>
<pin id="299" dir="1" index="0" bw="1" slack="0"/>
</pin_list>
<bind>
<StgValue><ssdm name="input_buffer_75"/></StgValue>
</bind>
</comp>

<comp id="300" class="1000" name="input_buffer_74">
<pin_list>
<pin id="301" dir="1" index="0" bw="1" slack="0"/>
</pin_list>
<bind>
<StgValue><ssdm name="input_buffer_74"/></StgValue>
</bind>
</comp>

<comp id="302" class="1000" name="input_buffer_73">
<pin_list>
<pin id="303" dir="1" index="0" bw="1" slack="0"/>
</pin_list>
<bind>
<StgValue><ssdm name="input_buffer_73"/></StgValue>
</bind>
</comp>

<comp id="304" class="1000" name="input_buffer_72">
<pin_list>
<pin id="305" dir="1" index="0" bw="1" slack="0"/>
</pin_list>
<bind>
<StgValue><ssdm name="input_buffer_72"/></StgValue>
</bind>
</comp>

<comp id="306" class="1000" name="input_buffer_71">
<pin_list>
<pin id="307" dir="1" index="0" bw="1" slack="0"/>
</pin_list>
<bind>
<StgValue><ssdm name="input_buffer_71"/></StgValue>
</bind>
</comp>

<comp id="308" class="1000" name="input_buffer_70">
<pin_list>
<pin id="309" dir="1" index="0" bw="1" slack="0"/>
</pin_list>
<bind>
<StgValue><ssdm name="input_buffer_70"/></StgValue>
</bind>
</comp>

<comp id="310" class="1000" name="input_buffer_69">
<pin_list>
<pin id="311" dir="1" index="0" bw="1" slack="0"/>
</pin_list>
<bind>
<StgValue><ssdm name="input_buffer_69"/></StgValue>
</bind>
</comp>

<comp id="312" class="1000" name="input_buffer_68">
<pin_list>
<pin id="313" dir="1" index="0" bw="1" slack="0"/>
</pin_list>
<bind>
<StgValue><ssdm name="input_buffer_68"/></StgValue>
</bind>
</comp>

<comp id="314" class="1000" name="input_buffer_67">
<pin_list>
<pin id="315" dir="1" index="0" bw="1" slack="0"/>
</pin_list>
<bind>
<StgValue><ssdm name="input_buffer_67"/></StgValue>
</bind>
</comp>

<comp id="316" class="1000" name="input_buffer_66">
<pin_list>
<pin id="317" dir="1" index="0" bw="1" slack="0"/>
</pin_list>
<bind>
<StgValue><ssdm name="input_buffer_66"/></StgValue>
</bind>
</comp>

<comp id="318" class="1000" name="input_buffer_65">
<pin_list>
<pin id="319" dir="1" index="0" bw="1" slack="0"/>
</pin_list>
<bind>
<StgValue><ssdm name="input_buffer_65"/></StgValue>
</bind>
</comp>

<comp id="320" class="1000" name="input_buffer_64">
<pin_list>
<pin id="321" dir="1" index="0" bw="1" slack="0"/>
</pin_list>
<bind>
<StgValue><ssdm name="input_buffer_64"/></StgValue>
</bind>
</comp>

<comp id="322" class="1000" name="input_buffer_63">
<pin_list>
<pin id="323" dir="1" index="0" bw="1" slack="0"/>
</pin_list>
<bind>
<StgValue><ssdm name="input_buffer_63"/></StgValue>
</bind>
</comp>

<comp id="324" class="1000" name="input_buffer_62">
<pin_list>
<pin id="325" dir="1" index="0" bw="1" slack="0"/>
</pin_list>
<bind>
<StgValue><ssdm name="input_buffer_62"/></StgValue>
</bind>
</comp>

<comp id="326" class="1000" name="input_buffer_61">
<pin_list>
<pin id="327" dir="1" index="0" bw="1" slack="0"/>
</pin_list>
<bind>
<StgValue><ssdm name="input_buffer_61"/></StgValue>
</bind>
</comp>

<comp id="328" class="1000" name="input_buffer_60">
<pin_list>
<pin id="329" dir="1" index="0" bw="1" slack="0"/>
</pin_list>
<bind>
<StgValue><ssdm name="input_buffer_60"/></StgValue>
</bind>
</comp>

<comp id="330" class="1000" name="input_buffer_59">
<pin_list>
<pin id="331" dir="1" index="0" bw="1" slack="0"/>
</pin_list>
<bind>
<StgValue><ssdm name="input_buffer_59"/></StgValue>
</bind>
</comp>

<comp id="332" class="1000" name="input_buffer_58">
<pin_list>
<pin id="333" dir="1" index="0" bw="1" slack="0"/>
</pin_list>
<bind>
<StgValue><ssdm name="input_buffer_58"/></StgValue>
</bind>
</comp>

<comp id="334" class="1000" name="input_buffer_57">
<pin_list>
<pin id="335" dir="1" index="0" bw="1" slack="0"/>
</pin_list>
<bind>
<StgValue><ssdm name="input_buffer_57"/></StgValue>
</bind>
</comp>

<comp id="336" class="1000" name="input_buffer_56">
<pin_list>
<pin id="337" dir="1" index="0" bw="1" slack="0"/>
</pin_list>
<bind>
<StgValue><ssdm name="input_buffer_56"/></StgValue>
</bind>
</comp>

<comp id="338" class="1000" name="input_buffer_55">
<pin_list>
<pin id="339" dir="1" index="0" bw="1" slack="0"/>
</pin_list>
<bind>
<StgValue><ssdm name="input_buffer_55"/></StgValue>
</bind>
</comp>

<comp id="340" class="1000" name="input_buffer_54">
<pin_list>
<pin id="341" dir="1" index="0" bw="1" slack="0"/>
</pin_list>
<bind>
<StgValue><ssdm name="input_buffer_54"/></StgValue>
</bind>
</comp>

<comp id="342" class="1000" name="input_buffer_53">
<pin_list>
<pin id="343" dir="1" index="0" bw="1" slack="0"/>
</pin_list>
<bind>
<StgValue><ssdm name="input_buffer_53"/></StgValue>
</bind>
</comp>

<comp id="344" class="1000" name="input_buffer_52">
<pin_list>
<pin id="345" dir="1" index="0" bw="1" slack="0"/>
</pin_list>
<bind>
<StgValue><ssdm name="input_buffer_52"/></StgValue>
</bind>
</comp>

<comp id="346" class="1000" name="input_buffer_51">
<pin_list>
<pin id="347" dir="1" index="0" bw="1" slack="0"/>
</pin_list>
<bind>
<StgValue><ssdm name="input_buffer_51"/></StgValue>
</bind>
</comp>

<comp id="348" class="1000" name="input_buffer_50">
<pin_list>
<pin id="349" dir="1" index="0" bw="1" slack="0"/>
</pin_list>
<bind>
<StgValue><ssdm name="input_buffer_50"/></StgValue>
</bind>
</comp>

<comp id="350" class="1000" name="input_buffer_49">
<pin_list>
<pin id="351" dir="1" index="0" bw="1" slack="0"/>
</pin_list>
<bind>
<StgValue><ssdm name="input_buffer_49"/></StgValue>
</bind>
</comp>

<comp id="352" class="1000" name="input_buffer_48">
<pin_list>
<pin id="353" dir="1" index="0" bw="1" slack="0"/>
</pin_list>
<bind>
<StgValue><ssdm name="input_buffer_48"/></StgValue>
</bind>
</comp>

<comp id="354" class="1000" name="input_buffer_47">
<pin_list>
<pin id="355" dir="1" index="0" bw="1" slack="0"/>
</pin_list>
<bind>
<StgValue><ssdm name="input_buffer_47"/></StgValue>
</bind>
</comp>

<comp id="356" class="1000" name="input_buffer_46">
<pin_list>
<pin id="357" dir="1" index="0" bw="1" slack="0"/>
</pin_list>
<bind>
<StgValue><ssdm name="input_buffer_46"/></StgValue>
</bind>
</comp>

<comp id="358" class="1000" name="input_buffer_45">
<pin_list>
<pin id="359" dir="1" index="0" bw="1" slack="0"/>
</pin_list>
<bind>
<StgValue><ssdm name="input_buffer_45"/></StgValue>
</bind>
</comp>

<comp id="360" class="1000" name="input_buffer_44">
<pin_list>
<pin id="361" dir="1" index="0" bw="1" slack="0"/>
</pin_list>
<bind>
<StgValue><ssdm name="input_buffer_44"/></StgValue>
</bind>
</comp>

<comp id="362" class="1000" name="input_buffer_43">
<pin_list>
<pin id="363" dir="1" index="0" bw="1" slack="0"/>
</pin_list>
<bind>
<StgValue><ssdm name="input_buffer_43"/></StgValue>
</bind>
</comp>

<comp id="364" class="1000" name="input_buffer_42">
<pin_list>
<pin id="365" dir="1" index="0" bw="1" slack="0"/>
</pin_list>
<bind>
<StgValue><ssdm name="input_buffer_42"/></StgValue>
</bind>
</comp>

<comp id="366" class="1000" name="input_buffer_41">
<pin_list>
<pin id="367" dir="1" index="0" bw="1" slack="0"/>
</pin_list>
<bind>
<StgValue><ssdm name="input_buffer_41"/></StgValue>
</bind>
</comp>

<comp id="368" class="1000" name="input_buffer_40">
<pin_list>
<pin id="369" dir="1" index="0" bw="1" slack="0"/>
</pin_list>
<bind>
<StgValue><ssdm name="input_buffer_40"/></StgValue>
</bind>
</comp>

<comp id="370" class="1000" name="input_buffer_39">
<pin_list>
<pin id="371" dir="1" index="0" bw="1" slack="0"/>
</pin_list>
<bind>
<StgValue><ssdm name="input_buffer_39"/></StgValue>
</bind>
</comp>

<comp id="372" class="1000" name="input_buffer_38">
<pin_list>
<pin id="373" dir="1" index="0" bw="1" slack="0"/>
</pin_list>
<bind>
<StgValue><ssdm name="input_buffer_38"/></StgValue>
</bind>
</comp>

<comp id="374" class="1000" name="input_buffer_37">
<pin_list>
<pin id="375" dir="1" index="0" bw="1" slack="0"/>
</pin_list>
<bind>
<StgValue><ssdm name="input_buffer_37"/></StgValue>
</bind>
</comp>

<comp id="376" class="1000" name="input_buffer_36">
<pin_list>
<pin id="377" dir="1" index="0" bw="1" slack="0"/>
</pin_list>
<bind>
<StgValue><ssdm name="input_buffer_36"/></StgValue>
</bind>
</comp>

<comp id="378" class="1000" name="input_buffer_35">
<pin_list>
<pin id="379" dir="1" index="0" bw="1" slack="0"/>
</pin_list>
<bind>
<StgValue><ssdm name="input_buffer_35"/></StgValue>
</bind>
</comp>

<comp id="380" class="1000" name="input_buffer_34">
<pin_list>
<pin id="381" dir="1" index="0" bw="1" slack="0"/>
</pin_list>
<bind>
<StgValue><ssdm name="input_buffer_34"/></StgValue>
</bind>
</comp>

<comp id="382" class="1000" name="input_buffer_33">
<pin_list>
<pin id="383" dir="1" index="0" bw="1" slack="0"/>
</pin_list>
<bind>
<StgValue><ssdm name="input_buffer_33"/></StgValue>
</bind>
</comp>

<comp id="384" class="1000" name="input_buffer_32">
<pin_list>
<pin id="385" dir="1" index="0" bw="1" slack="0"/>
</pin_list>
<bind>
<StgValue><ssdm name="input_buffer_32"/></StgValue>
</bind>
</comp>

<comp id="386" class="1000" name="input_buffer_31">
<pin_list>
<pin id="387" dir="1" index="0" bw="1" slack="0"/>
</pin_list>
<bind>
<StgValue><ssdm name="input_buffer_31"/></StgValue>
</bind>
</comp>

<comp id="388" class="1000" name="input_buffer_30">
<pin_list>
<pin id="389" dir="1" index="0" bw="1" slack="0"/>
</pin_list>
<bind>
<StgValue><ssdm name="input_buffer_30"/></StgValue>
</bind>
</comp>

<comp id="390" class="1000" name="input_buffer_29">
<pin_list>
<pin id="391" dir="1" index="0" bw="1" slack="0"/>
</pin_list>
<bind>
<StgValue><ssdm name="input_buffer_29"/></StgValue>
</bind>
</comp>

<comp id="392" class="1000" name="input_buffer_28">
<pin_list>
<pin id="393" dir="1" index="0" bw="1" slack="0"/>
</pin_list>
<bind>
<StgValue><ssdm name="input_buffer_28"/></StgValue>
</bind>
</comp>

<comp id="394" class="1000" name="input_buffer_27">
<pin_list>
<pin id="395" dir="1" index="0" bw="1" slack="0"/>
</pin_list>
<bind>
<StgValue><ssdm name="input_buffer_27"/></StgValue>
</bind>
</comp>

<comp id="396" class="1000" name="input_buffer_26">
<pin_list>
<pin id="397" dir="1" index="0" bw="1" slack="0"/>
</pin_list>
<bind>
<StgValue><ssdm name="input_buffer_26"/></StgValue>
</bind>
</comp>

<comp id="398" class="1000" name="input_buffer_25">
<pin_list>
<pin id="399" dir="1" index="0" bw="1" slack="0"/>
</pin_list>
<bind>
<StgValue><ssdm name="input_buffer_25"/></StgValue>
</bind>
</comp>

<comp id="400" class="1000" name="input_buffer_24">
<pin_list>
<pin id="401" dir="1" index="0" bw="1" slack="0"/>
</pin_list>
<bind>
<StgValue><ssdm name="input_buffer_24"/></StgValue>
</bind>
</comp>

<comp id="402" class="1000" name="input_buffer_23">
<pin_list>
<pin id="403" dir="1" index="0" bw="1" slack="0"/>
</pin_list>
<bind>
<StgValue><ssdm name="input_buffer_23"/></StgValue>
</bind>
</comp>

<comp id="404" class="1000" name="input_buffer_22">
<pin_list>
<pin id="405" dir="1" index="0" bw="1" slack="0"/>
</pin_list>
<bind>
<StgValue><ssdm name="input_buffer_22"/></StgValue>
</bind>
</comp>

<comp id="406" class="1000" name="input_buffer_21">
<pin_list>
<pin id="407" dir="1" index="0" bw="1" slack="0"/>
</pin_list>
<bind>
<StgValue><ssdm name="input_buffer_21"/></StgValue>
</bind>
</comp>

<comp id="408" class="1000" name="input_buffer_20">
<pin_list>
<pin id="409" dir="1" index="0" bw="1" slack="0"/>
</pin_list>
<bind>
<StgValue><ssdm name="input_buffer_20"/></StgValue>
</bind>
</comp>

<comp id="410" class="1000" name="input_buffer_19">
<pin_list>
<pin id="411" dir="1" index="0" bw="1" slack="0"/>
</pin_list>
<bind>
<StgValue><ssdm name="input_buffer_19"/></StgValue>
</bind>
</comp>

<comp id="412" class="1000" name="input_buffer_18">
<pin_list>
<pin id="413" dir="1" index="0" bw="1" slack="0"/>
</pin_list>
<bind>
<StgValue><ssdm name="input_buffer_18"/></StgValue>
</bind>
</comp>

<comp id="414" class="1000" name="input_buffer_17">
<pin_list>
<pin id="415" dir="1" index="0" bw="1" slack="0"/>
</pin_list>
<bind>
<StgValue><ssdm name="input_buffer_17"/></StgValue>
</bind>
</comp>

<comp id="416" class="1000" name="input_buffer_16">
<pin_list>
<pin id="417" dir="1" index="0" bw="1" slack="0"/>
</pin_list>
<bind>
<StgValue><ssdm name="input_buffer_16"/></StgValue>
</bind>
</comp>

<comp id="418" class="1000" name="input_buffer_15">
<pin_list>
<pin id="419" dir="1" index="0" bw="1" slack="0"/>
</pin_list>
<bind>
<StgValue><ssdm name="input_buffer_15"/></StgValue>
</bind>
</comp>

<comp id="420" class="1000" name="input_buffer_14">
<pin_list>
<pin id="421" dir="1" index="0" bw="1" slack="0"/>
</pin_list>
<bind>
<StgValue><ssdm name="input_buffer_14"/></StgValue>
</bind>
</comp>

<comp id="422" class="1000" name="input_buffer_13">
<pin_list>
<pin id="423" dir="1" index="0" bw="1" slack="0"/>
</pin_list>
<bind>
<StgValue><ssdm name="input_buffer_13"/></StgValue>
</bind>
</comp>

<comp id="424" class="1000" name="input_buffer_12">
<pin_list>
<pin id="425" dir="1" index="0" bw="1" slack="0"/>
</pin_list>
<bind>
<StgValue><ssdm name="input_buffer_12"/></StgValue>
</bind>
</comp>

<comp id="426" class="1000" name="input_buffer_11">
<pin_list>
<pin id="427" dir="1" index="0" bw="1" slack="0"/>
</pin_list>
<bind>
<StgValue><ssdm name="input_buffer_11"/></StgValue>
</bind>
</comp>

<comp id="428" class="1000" name="input_buffer_10">
<pin_list>
<pin id="429" dir="1" index="0" bw="1" slack="0"/>
</pin_list>
<bind>
<StgValue><ssdm name="input_buffer_10"/></StgValue>
</bind>
</comp>

<comp id="430" class="1000" name="input_buffer_9">
<pin_list>
<pin id="431" dir="1" index="0" bw="1" slack="0"/>
</pin_list>
<bind>
<StgValue><ssdm name="input_buffer_9"/></StgValue>
</bind>
</comp>

<comp id="432" class="1000" name="input_buffer_8">
<pin_list>
<pin id="433" dir="1" index="0" bw="1" slack="0"/>
</pin_list>
<bind>
<StgValue><ssdm name="input_buffer_8"/></StgValue>
</bind>
</comp>

<comp id="434" class="1000" name="input_buffer_7">
<pin_list>
<pin id="435" dir="1" index="0" bw="1" slack="0"/>
</pin_list>
<bind>
<StgValue><ssdm name="input_buffer_7"/></StgValue>
</bind>
</comp>

<comp id="436" class="1000" name="input_buffer_6">
<pin_list>
<pin id="437" dir="1" index="0" bw="1" slack="0"/>
</pin_list>
<bind>
<StgValue><ssdm name="input_buffer_6"/></StgValue>
</bind>
</comp>

<comp id="438" class="1000" name="input_buffer_5">
<pin_list>
<pin id="439" dir="1" index="0" bw="1" slack="0"/>
</pin_list>
<bind>
<StgValue><ssdm name="input_buffer_5"/></StgValue>
</bind>
</comp>

<comp id="440" class="1000" name="input_buffer_4">
<pin_list>
<pin id="441" dir="1" index="0" bw="1" slack="0"/>
</pin_list>
<bind>
<StgValue><ssdm name="input_buffer_4"/></StgValue>
</bind>
</comp>

<comp id="442" class="1000" name="input_buffer_3">
<pin_list>
<pin id="443" dir="1" index="0" bw="1" slack="0"/>
</pin_list>
<bind>
<StgValue><ssdm name="input_buffer_3"/></StgValue>
</bind>
</comp>

<comp id="444" class="1000" name="input_buffer_2">
<pin_list>
<pin id="445" dir="1" index="0" bw="1" slack="0"/>
</pin_list>
<bind>
<StgValue><ssdm name="input_buffer_2"/></StgValue>
</bind>
</comp>

<comp id="446" class="1000" name="input_buffer_1">
<pin_list>
<pin id="447" dir="1" index="0" bw="1" slack="0"/>
</pin_list>
<bind>
<StgValue><ssdm name="input_buffer_1"/></StgValue>
</bind>
</comp>

<comp id="448" class="1000" name="p_read3_cast2">
<pin_list>
<pin id="449" dir="1" index="0" bw="1" slack="0"/>
</pin_list>
<bind>
<StgValue><ssdm name="p_read3_cast2"/></StgValue>
</bind>
</comp>

<comp id="450" class="1000" name="zext_ln2651">
<pin_list>
<pin id="451" dir="1" index="0" bw="1" slack="0"/>
</pin_list>
<bind>
<StgValue><ssdm name="zext_ln2651"/></StgValue>
</bind>
</comp>

<comp id="452" class="1000" name="center_start">
<pin_list>
<pin id="453" dir="1" index="0" bw="1" slack="0"/>
</pin_list>
<bind>
<StgValue><ssdm name="center_start"/></StgValue>
</bind>
</comp>

<comp id="454" class="1000" name="p_read4">
<pin_list>
<pin id="455" dir="1" index="0" bw="1" slack="0"/>
</pin_list>
<bind>
<StgValue><ssdm name="p_read4"/></StgValue>
</bind>
</comp>

<comp id="456" class="1000" name="zext_ln2656">
<pin_list>
<pin id="457" dir="1" index="0" bw="1" slack="0"/>
</pin_list>
<bind>
<StgValue><ssdm name="zext_ln2656"/></StgValue>
</bind>
</comp>

<comp id="458" class="1000" name="noisy_frame">
<pin_list>
<pin id="459" dir="1" index="0" bw="1" slack="0"/>
</pin_list>
<bind>
<StgValue><ssdm name="noisy_frame"/><MemPortTyVec>1 3 </MemPortTyVec>
</StgValue>
</bind>
</comp>

<comp id="460" class="1000" name="fb_frame">
<pin_list>
<pin id="461" dir="1" index="0" bw="1" slack="0"/>
</pin_list>
<bind>
<StgValue><ssdm name="fb_frame"/><MemPortTyVec>1 3 </MemPortTyVec>
</StgValue>
</bind>
</comp>

<comp id="462" class="1001" name="const_462">
<pin_list>
<pin id="463" dir="1" index="0" bw="1" slack="0"/>
</pin_list>
<bind>
<StgValue><ssdm name=""/></StgValue>
</bind>
</comp>

<comp id="464" class="1001" name="const_464">
<pin_list>
<pin id="465" dir="1" index="0" bw="1" slack="0"/>
</pin_list>
<bind>
<StgValue><ssdm name="_ssdm_op_Read.ap_auto.i10"/></StgValue>
</bind>
</comp>

<comp id="466" class="1001" name="const_466">
<pin_list>
<pin id="467" dir="1" index="0" bw="1" slack="0"/>
</pin_list>
<bind>
<StgValue><ssdm name="_ssdm_op_Read.ap_auto.i8"/></StgValue>
</bind>
</comp>

<comp id="468" class="1001" name="const_468">
<pin_list>
<pin id="469" dir="1" index="0" bw="1" slack="0"/>
</pin_list>
<bind>
<StgValue><ssdm name="_ssdm_op_Read.ap_auto.i7"/></StgValue>
</bind>
</comp>

<comp id="470" class="1001" name="const_470">
<pin_list>
<pin id="471" dir="1" index="0" bw="1" slack="2147483647"/>
</pin_list>
<bind>
<StgValue><ssdm name="_ssdm_op_SpecMemCore"/></StgValue>
</bind>
</comp>

<comp id="472" class="1001" name="const_472">
<pin_list>
<pin id="473" dir="1" index="0" bw="1" slack="2147483647"/>
</pin_list>
<bind>
<StgValue><ssdm name=""/></StgValue>
</bind>
</comp>

<comp id="474" class="1001" name="const_474">
<pin_list>
<pin id="475" dir="1" index="0" bw="1" slack="2147483647"/>
</pin_list>
<bind>
<StgValue><ssdm name=""/></StgValue>
</bind>
</comp>

<comp id="476" class="1001" name="const_476">
<pin_list>
<pin id="477" dir="1" index="0" bw="1" slack="2147483647"/>
</pin_list>
<bind>
<StgValue><ssdm name=""/></StgValue>
</bind>
</comp>

<comp id="478" class="1001" name="const_478">
<pin_list>
<pin id="479" dir="1" index="0" bw="1" slack="0"/>
</pin_list>
<bind>
<StgValue><ssdm name=""/></StgValue>
</bind>
</comp>

<comp id="480" class="1001" name="const_480">
<pin_list>
<pin id="481" dir="1" index="0" bw="1" slack="0"/>
</pin_list>
<bind>
<StgValue><ssdm name=""/></StgValue>
</bind>
</comp>

<comp id="482" class="1001" name="const_482">
<pin_list>
<pin id="483" dir="1" index="0" bw="1" slack="0"/>
</pin_list>
<bind>
<StgValue><ssdm name=""/></StgValue>
</bind>
</comp>

<comp id="484" class="1001" name="const_484">
<pin_list>
<pin id="485" dir="1" index="0" bw="1" slack="0"/>
</pin_list>
<bind>
<StgValue><ssdm name=""/></StgValue>
</bind>
</comp>

<comp id="486" class="1001" name="const_486">
<pin_list>
<pin id="487" dir="1" index="0" bw="1" slack="0"/>
</pin_list>
<bind>
<StgValue><ssdm name=""/></StgValue>
</bind>
</comp>

<comp id="488" class="1001" name="const_488">
<pin_list>
<pin id="489" dir="1" index="0" bw="1" slack="0"/>
</pin_list>
<bind>
<StgValue><ssdm name=""/></StgValue>
</bind>
</comp>

<comp id="490" class="1001" name="const_490">
<pin_list>
<pin id="491" dir="1" index="0" bw="1" slack="0"/>
</pin_list>
<bind>
<StgValue><ssdm name="_ssdm_op_BitSelect.i1.i11.i32"/></StgValue>
</bind>
</comp>

<comp id="492" class="1001" name="const_492">
<pin_list>
<pin id="493" dir="1" index="0" bw="1" slack="0"/>
</pin_list>
<bind>
<StgValue><ssdm name=""/></StgValue>
</bind>
</comp>

<comp id="494" class="1001" name="const_494">
<pin_list>
<pin id="495" dir="1" index="0" bw="1" slack="0"/>
</pin_list>
<bind>
<StgValue><ssdm name="_ssdm_op_PartSelect.i3.i11.i32.i32"/></StgValue>
</bind>
</comp>

<comp id="496" class="1001" name="const_496">
<pin_list>
<pin id="497" dir="1" index="0" bw="1" slack="0"/>
</pin_list>
<bind>
<StgValue><ssdm name=""/></StgValue>
</bind>
</comp>

<comp id="498" class="1001" name="const_498">
<pin_list>
<pin id="499" dir="1" index="0" bw="1" slack="0"/>
</pin_list>
<bind>
<StgValue><ssdm name=""/></StgValue>
</bind>
</comp>

<comp id="500" class="1001" name="const_500">
<pin_list>
<pin id="501" dir="1" index="0" bw="1" slack="0"/>
</pin_list>
<bind>
<StgValue><ssdm name=""/></StgValue>
</bind>
</comp>

<comp id="502" class="1001" name="const_502">
<pin_list>
<pin id="503" dir="1" index="0" bw="1" slack="2147483647"/>
</pin_list>
<bind>
<StgValue><ssdm name=""/></StgValue>
</bind>
</comp>

<comp id="504" class="1001" name="const_504">
<pin_list>
<pin id="505" dir="1" index="0" bw="1" slack="2147483647"/>
</pin_list>
<bind>
<StgValue><ssdm name=""/></StgValue>
</bind>
</comp>

<comp id="506" class="1001" name="const_506">
<pin_list>
<pin id="507" dir="1" index="0" bw="1" slack="2147483647"/>
</pin_list>
<bind>
<StgValue><ssdm name=""/></StgValue>
</bind>
</comp>

<comp id="508" class="1001" name="const_508">
<pin_list>
<pin id="509" dir="1" index="0" bw="1" slack="2147483647"/>
</pin_list>
<bind>
<StgValue><ssdm name=""/></StgValue>
</bind>
</comp>

<comp id="510" class="1001" name="const_510">
<pin_list>
<pin id="511" dir="1" index="0" bw="1" slack="2147483647"/>
</pin_list>
<bind>
<StgValue><ssdm name=""/></StgValue>
</bind>
</comp>

<comp id="512" class="1001" name="const_512">
<pin_list>
<pin id="513" dir="1" index="0" bw="1" slack="2147483647"/>
</pin_list>
<bind>
<StgValue><ssdm name=""/></StgValue>
</bind>
</comp>

<comp id="514" class="1001" name="const_514">
<pin_list>
<pin id="515" dir="1" index="0" bw="1" slack="2147483647"/>
</pin_list>
<bind>
<StgValue><ssdm name=""/></StgValue>
</bind>
</comp>

<comp id="516" class="1001" name="const_516">
<pin_list>
<pin id="517" dir="1" index="0" bw="1" slack="2147483647"/>
</pin_list>
<bind>
<StgValue><ssdm name=""/></StgValue>
</bind>
</comp>

<comp id="518" class="1001" name="const_518">
<pin_list>
<pin id="519" dir="1" index="0" bw="1" slack="2147483647"/>
</pin_list>
<bind>
<StgValue><ssdm name=""/></StgValue>
</bind>
</comp>

<comp id="520" class="1001" name="const_520">
<pin_list>
<pin id="521" dir="1" index="0" bw="1" slack="2147483647"/>
</pin_list>
<bind>
<StgValue><ssdm name=""/></StgValue>
</bind>
</comp>

<comp id="522" class="1001" name="const_522">
<pin_list>
<pin id="523" dir="1" index="0" bw="1" slack="2147483647"/>
</pin_list>
<bind>
<StgValue><ssdm name=""/></StgValue>
</bind>
</comp>

<comp id="524" class="1001" name="const_524">
<pin_list>
<pin id="525" dir="1" index="0" bw="1" slack="2147483647"/>
</pin_list>
<bind>
<StgValue><ssdm name=""/></StgValue>
</bind>
</comp>

<comp id="526" class="1001" name="const_526">
<pin_list>
<pin id="527" dir="1" index="0" bw="1" slack="2147483647"/>
</pin_list>
<bind>
<StgValue><ssdm name=""/></StgValue>
</bind>
</comp>

<comp id="528" class="1001" name="const_528">
<pin_list>
<pin id="529" dir="1" index="0" bw="1" slack="2147483647"/>
</pin_list>
<bind>
<StgValue><ssdm name=""/></StgValue>
</bind>
</comp>

<comp id="530" class="1001" name="const_530">
<pin_list>
<pin id="531" dir="1" index="0" bw="1" slack="2147483647"/>
</pin_list>
<bind>
<StgValue><ssdm name=""/></StgValue>
</bind>
</comp>

<comp id="532" class="1001" name="const_532">
<pin_list>
<pin id="533" dir="1" index="0" bw="1" slack="2147483647"/>
</pin_list>
<bind>
<StgValue><ssdm name=""/></StgValue>
</bind>
</comp>

<comp id="534" class="1001" name="const_534">
<pin_list>
<pin id="535" dir="1" index="0" bw="1" slack="2147483647"/>
</pin_list>
<bind>
<StgValue><ssdm name=""/></StgValue>
</bind>
</comp>

<comp id="536" class="1001" name="const_536">
<pin_list>
<pin id="537" dir="1" index="0" bw="1" slack="2147483647"/>
</pin_list>
<bind>
<StgValue><ssdm name=""/></StgValue>
</bind>
</comp>

<comp id="538" class="1001" name="const_538">
<pin_list>
<pin id="539" dir="1" index="0" bw="1" slack="2147483647"/>
</pin_list>
<bind>
<StgValue><ssdm name=""/></StgValue>
</bind>
</comp>

<comp id="540" class="1001" name="const_540">
<pin_list>
<pin id="541" dir="1" index="0" bw="1" slack="2147483647"/>
</pin_list>
<bind>
<StgValue><ssdm name=""/></StgValue>
</bind>
</comp>

<comp id="542" class="1001" name="const_542">
<pin_list>
<pin id="543" dir="1" index="0" bw="1" slack="2147483647"/>
</pin_list>
<bind>
<StgValue><ssdm name=""/></StgValue>
</bind>
</comp>

<comp id="544" class="1001" name="const_544">
<pin_list>
<pin id="545" dir="1" index="0" bw="1" slack="2147483647"/>
</pin_list>
<bind>
<StgValue><ssdm name=""/></StgValue>
</bind>
</comp>

<comp id="546" class="1001" name="const_546">
<pin_list>
<pin id="547" dir="1" index="0" bw="1" slack="2147483647"/>
</pin_list>
<bind>
<StgValue><ssdm name=""/></StgValue>
</bind>
</comp>

<comp id="548" class="1001" name="const_548">
<pin_list>
<pin id="549" dir="1" index="0" bw="1" slack="2147483647"/>
</pin_list>
<bind>
<StgValue><ssdm name=""/></StgValue>
</bind>
</comp>

<comp id="550" class="1001" name="const_550">
<pin_list>
<pin id="551" dir="1" index="0" bw="1" slack="2147483647"/>
</pin_list>
<bind>
<StgValue><ssdm name=""/></StgValue>
</bind>
</comp>

<comp id="552" class="1001" name="const_552">
<pin_list>
<pin id="553" dir="1" index="0" bw="1" slack="2147483647"/>
</pin_list>
<bind>
<StgValue><ssdm name=""/></StgValue>
</bind>
</comp>

<comp id="554" class="1001" name="const_554">
<pin_list>
<pin id="555" dir="1" index="0" bw="1" slack="2147483647"/>
</pin_list>
<bind>
<StgValue><ssdm name=""/></StgValue>
</bind>
</comp>

<comp id="556" class="1001" name="const_556">
<pin_list>
<pin id="557" dir="1" index="0" bw="1" slack="2147483647"/>
</pin_list>
<bind>
<StgValue><ssdm name=""/></StgValue>
</bind>
</comp>

<comp id="558" class="1001" name="const_558">
<pin_list>
<pin id="559" dir="1" index="0" bw="1" slack="2147483647"/>
</pin_list>
<bind>
<StgValue><ssdm name=""/></StgValue>
</bind>
</comp>

<comp id="560" class="1001" name="const_560">
<pin_list>
<pin id="561" dir="1" index="0" bw="1" slack="2147483647"/>
</pin_list>
<bind>
<StgValue><ssdm name=""/></StgValue>
</bind>
</comp>

<comp id="562" class="1001" name="const_562">
<pin_list>
<pin id="563" dir="1" index="0" bw="1" slack="2147483647"/>
</pin_list>
<bind>
<StgValue><ssdm name=""/></StgValue>
</bind>
</comp>

<comp id="564" class="1001" name="const_564">
<pin_list>
<pin id="565" dir="1" index="0" bw="1" slack="2147483647"/>
</pin_list>
<bind>
<StgValue><ssdm name=""/></StgValue>
</bind>
</comp>

<comp id="566" class="1001" name="const_566">
<pin_list>
<pin id="567" dir="1" index="0" bw="1" slack="2147483647"/>
</pin_list>
<bind>
<StgValue><ssdm name=""/></StgValue>
</bind>
</comp>

<comp id="568" class="1001" name="const_568">
<pin_list>
<pin id="569" dir="1" index="0" bw="1" slack="2147483647"/>
</pin_list>
<bind>
<StgValue><ssdm name=""/></StgValue>
</bind>
</comp>

<comp id="570" class="1001" name="const_570">
<pin_list>
<pin id="571" dir="1" index="0" bw="1" slack="2147483647"/>
</pin_list>
<bind>
<StgValue><ssdm name=""/></StgValue>
</bind>
</comp>

<comp id="572" class="1001" name="const_572">
<pin_list>
<pin id="573" dir="1" index="0" bw="1" slack="2147483647"/>
</pin_list>
<bind>
<StgValue><ssdm name=""/></StgValue>
</bind>
</comp>

<comp id="574" class="1001" name="const_574">
<pin_list>
<pin id="575" dir="1" index="0" bw="1" slack="2147483647"/>
</pin_list>
<bind>
<StgValue><ssdm name=""/></StgValue>
</bind>
</comp>

<comp id="576" class="1001" name="const_576">
<pin_list>
<pin id="577" dir="1" index="0" bw="1" slack="2147483647"/>
</pin_list>
<bind>
<StgValue><ssdm name=""/></StgValue>
</bind>
</comp>

<comp id="578" class="1001" name="const_578">
<pin_list>
<pin id="579" dir="1" index="0" bw="1" slack="2147483647"/>
</pin_list>
<bind>
<StgValue><ssdm name=""/></StgValue>
</bind>
</comp>

<comp id="580" class="1001" name="const_580">
<pin_list>
<pin id="581" dir="1" index="0" bw="1" slack="2147483647"/>
</pin_list>
<bind>
<StgValue><ssdm name=""/></StgValue>
</bind>
</comp>

<comp id="582" class="1001" name="const_582">
<pin_list>
<pin id="583" dir="1" index="0" bw="1" slack="2147483647"/>
</pin_list>
<bind>
<StgValue><ssdm name=""/></StgValue>
</bind>
</comp>

<comp id="584" class="1001" name="const_584">
<pin_list>
<pin id="585" dir="1" index="0" bw="1" slack="2147483647"/>
</pin_list>
<bind>
<StgValue><ssdm name=""/></StgValue>
</bind>
</comp>

<comp id="586" class="1001" name="const_586">
<pin_list>
<pin id="587" dir="1" index="0" bw="1" slack="2147483647"/>
</pin_list>
<bind>
<StgValue><ssdm name=""/></StgValue>
</bind>
</comp>

<comp id="588" class="1001" name="const_588">
<pin_list>
<pin id="589" dir="1" index="0" bw="1" slack="2147483647"/>
</pin_list>
<bind>
<StgValue><ssdm name=""/></StgValue>
</bind>
</comp>

<comp id="590" class="1001" name="const_590">
<pin_list>
<pin id="591" dir="1" index="0" bw="1" slack="2147483647"/>
</pin_list>
<bind>
<StgValue><ssdm name=""/></StgValue>
</bind>
</comp>

<comp id="592" class="1001" name="const_592">
<pin_list>
<pin id="593" dir="1" index="0" bw="1" slack="2147483647"/>
</pin_list>
<bind>
<StgValue><ssdm name=""/></StgValue>
</bind>
</comp>

<comp id="594" class="1001" name="const_594">
<pin_list>
<pin id="595" dir="1" index="0" bw="1" slack="2147483647"/>
</pin_list>
<bind>
<StgValue><ssdm name=""/></StgValue>
</bind>
</comp>

<comp id="596" class="1001" name="const_596">
<pin_list>
<pin id="597" dir="1" index="0" bw="1" slack="2147483647"/>
</pin_list>
<bind>
<StgValue><ssdm name=""/></StgValue>
</bind>
</comp>

<comp id="598" class="1001" name="const_598">
<pin_list>
<pin id="599" dir="1" index="0" bw="1" slack="2147483647"/>
</pin_list>
<bind>
<StgValue><ssdm name=""/></StgValue>
</bind>
</comp>

<comp id="600" class="1001" name="const_600">
<pin_list>
<pin id="601" dir="1" index="0" bw="1" slack="2147483647"/>
</pin_list>
<bind>
<StgValue><ssdm name=""/></StgValue>
</bind>
</comp>

<comp id="602" class="1001" name="const_602">
<pin_list>
<pin id="603" dir="1" index="0" bw="1" slack="2147483647"/>
</pin_list>
<bind>
<StgValue><ssdm name=""/></StgValue>
</bind>
</comp>

<comp id="604" class="1001" name="const_604">
<pin_list>
<pin id="605" dir="1" index="0" bw="1" slack="2147483647"/>
</pin_list>
<bind>
<StgValue><ssdm name=""/></StgValue>
</bind>
</comp>

<comp id="606" class="1001" name="const_606">
<pin_list>
<pin id="607" dir="1" index="0" bw="1" slack="2147483647"/>
</pin_list>
<bind>
<StgValue><ssdm name=""/></StgValue>
</bind>
</comp>

<comp id="608" class="1001" name="const_608">
<pin_list>
<pin id="609" dir="1" index="0" bw="1" slack="2147483647"/>
</pin_list>
<bind>
<StgValue><ssdm name=""/></StgValue>
</bind>
</comp>

<comp id="610" class="1001" name="const_610">
<pin_list>
<pin id="611" dir="1" index="0" bw="1" slack="2147483647"/>
</pin_list>
<bind>
<StgValue><ssdm name=""/></StgValue>
</bind>
</comp>

<comp id="612" class="1001" name="const_612">
<pin_list>
<pin id="613" dir="1" index="0" bw="1" slack="2147483647"/>
</pin_list>
<bind>
<StgValue><ssdm name=""/></StgValue>
</bind>
</comp>

<comp id="614" class="1001" name="const_614">
<pin_list>
<pin id="615" dir="1" index="0" bw="1" slack="2147483647"/>
</pin_list>
<bind>
<StgValue><ssdm name=""/></StgValue>
</bind>
</comp>

<comp id="616" class="1001" name="const_616">
<pin_list>
<pin id="617" dir="1" index="0" bw="1" slack="2147483647"/>
</pin_list>
<bind>
<StgValue><ssdm name=""/></StgValue>
</bind>
</comp>

<comp id="618" class="1001" name="const_618">
<pin_list>
<pin id="619" dir="1" index="0" bw="1" slack="2147483647"/>
</pin_list>
<bind>
<StgValue><ssdm name=""/></StgValue>
</bind>
</comp>

<comp id="620" class="1001" name="const_620">
<pin_list>
<pin id="621" dir="1" index="0" bw="1" slack="2147483647"/>
</pin_list>
<bind>
<StgValue><ssdm name=""/></StgValue>
</bind>
</comp>

<comp id="622" class="1001" name="const_622">
<pin_list>
<pin id="623" dir="1" index="0" bw="1" slack="2147483647"/>
</pin_list>
<bind>
<StgValue><ssdm name=""/></StgValue>
</bind>
</comp>

<comp id="624" class="1001" name="const_624">
<pin_list>
<pin id="625" dir="1" index="0" bw="1" slack="2147483647"/>
</pin_list>
<bind>
<StgValue><ssdm name=""/></StgValue>
</bind>
</comp>

<comp id="626" class="1001" name="const_626">
<pin_list>
<pin id="627" dir="1" index="0" bw="1" slack="2147483647"/>
</pin_list>
<bind>
<StgValue><ssdm name=""/></StgValue>
</bind>
</comp>

<comp id="628" class="1001" name="const_628">
<pin_list>
<pin id="629" dir="1" index="0" bw="1" slack="2147483647"/>
</pin_list>
<bind>
<StgValue><ssdm name=""/></StgValue>
</bind>
</comp>

<comp id="630" class="1001" name="const_630">
<pin_list>
<pin id="631" dir="1" index="0" bw="1" slack="2147483647"/>
</pin_list>
<bind>
<StgValue><ssdm name=""/></StgValue>
</bind>
</comp>

<comp id="632" class="1001" name="const_632">
<pin_list>
<pin id="633" dir="1" index="0" bw="1" slack="2147483647"/>
</pin_list>
<bind>
<StgValue><ssdm name=""/></StgValue>
</bind>
</comp>

<comp id="634" class="1001" name="const_634">
<pin_list>
<pin id="635" dir="1" index="0" bw="1" slack="2147483647"/>
</pin_list>
<bind>
<StgValue><ssdm name=""/></StgValue>
</bind>
</comp>

<comp id="636" class="1001" name="const_636">
<pin_list>
<pin id="637" dir="1" index="0" bw="1" slack="2147483647"/>
</pin_list>
<bind>
<StgValue><ssdm name=""/></StgValue>
</bind>
</comp>

<comp id="638" class="1001" name="const_638">
<pin_list>
<pin id="639" dir="1" index="0" bw="1" slack="2147483647"/>
</pin_list>
<bind>
<StgValue><ssdm name=""/></StgValue>
</bind>
</comp>

<comp id="640" class="1001" name="const_640">
<pin_list>
<pin id="641" dir="1" index="0" bw="1" slack="2147483647"/>
</pin_list>
<bind>
<StgValue><ssdm name=""/></StgValue>
</bind>
</comp>

<comp id="642" class="1001" name="const_642">
<pin_list>
<pin id="643" dir="1" index="0" bw="1" slack="2147483647"/>
</pin_list>
<bind>
<StgValue><ssdm name=""/></StgValue>
</bind>
</comp>

<comp id="644" class="1001" name="const_644">
<pin_list>
<pin id="645" dir="1" index="0" bw="1" slack="2147483647"/>
</pin_list>
<bind>
<StgValue><ssdm name=""/></StgValue>
</bind>
</comp>

<comp id="646" class="1001" name="const_646">
<pin_list>
<pin id="647" dir="1" index="0" bw="1" slack="2147483647"/>
</pin_list>
<bind>
<StgValue><ssdm name=""/></StgValue>
</bind>
</comp>

<comp id="648" class="1001" name="const_648">
<pin_list>
<pin id="649" dir="1" index="0" bw="1" slack="2147483647"/>
</pin_list>
<bind>
<StgValue><ssdm name=""/></StgValue>
</bind>
</comp>

<comp id="650" class="1001" name="const_650">
<pin_list>
<pin id="651" dir="1" index="0" bw="1" slack="2147483647"/>
</pin_list>
<bind>
<StgValue><ssdm name=""/></StgValue>
</bind>
</comp>

<comp id="652" class="1001" name="const_652">
<pin_list>
<pin id="653" dir="1" index="0" bw="1" slack="2147483647"/>
</pin_list>
<bind>
<StgValue><ssdm name=""/></StgValue>
</bind>
</comp>

<comp id="654" class="1001" name="const_654">
<pin_list>
<pin id="655" dir="1" index="0" bw="1" slack="2147483647"/>
</pin_list>
<bind>
<StgValue><ssdm name=""/></StgValue>
</bind>
</comp>

<comp id="656" class="1001" name="const_656">
<pin_list>
<pin id="657" dir="1" index="0" bw="1" slack="2147483647"/>
</pin_list>
<bind>
<StgValue><ssdm name=""/></StgValue>
</bind>
</comp>

<comp id="658" class="1001" name="const_658">
<pin_list>
<pin id="659" dir="1" index="0" bw="1" slack="2147483647"/>
</pin_list>
<bind>
<StgValue><ssdm name=""/></StgValue>
</bind>
</comp>

<comp id="660" class="1001" name="const_660">
<pin_list>
<pin id="661" dir="1" index="0" bw="1" slack="2147483647"/>
</pin_list>
<bind>
<StgValue><ssdm name=""/></StgValue>
</bind>
</comp>

<comp id="662" class="1001" name="const_662">
<pin_list>
<pin id="663" dir="1" index="0" bw="1" slack="2147483647"/>
</pin_list>
<bind>
<StgValue><ssdm name=""/></StgValue>
</bind>
</comp>

<comp id="664" class="1001" name="const_664">
<pin_list>
<pin id="665" dir="1" index="0" bw="1" slack="2147483647"/>
</pin_list>
<bind>
<StgValue><ssdm name=""/></StgValue>
</bind>
</comp>

<comp id="666" class="1001" name="const_666">
<pin_list>
<pin id="667" dir="1" index="0" bw="1" slack="2147483647"/>
</pin_list>
<bind>
<StgValue><ssdm name=""/></StgValue>
</bind>
</comp>

<comp id="668" class="1001" name="const_668">
<pin_list>
<pin id="669" dir="1" index="0" bw="1" slack="2147483647"/>
</pin_list>
<bind>
<StgValue><ssdm name=""/></StgValue>
</bind>
</comp>

<comp id="670" class="1001" name="const_670">
<pin_list>
<pin id="671" dir="1" index="0" bw="1" slack="2147483647"/>
</pin_list>
<bind>
<StgValue><ssdm name=""/></StgValue>
</bind>
</comp>

<comp id="672" class="1001" name="const_672">
<pin_list>
<pin id="673" dir="1" index="0" bw="1" slack="2147483647"/>
</pin_list>
<bind>
<StgValue><ssdm name=""/></StgValue>
</bind>
</comp>

<comp id="674" class="1001" name="const_674">
<pin_list>
<pin id="675" dir="1" index="0" bw="1" slack="2147483647"/>
</pin_list>
<bind>
<StgValue><ssdm name=""/></StgValue>
</bind>
</comp>

<comp id="676" class="1001" name="const_676">
<pin_list>
<pin id="677" dir="1" index="0" bw="1" slack="2147483647"/>
</pin_list>
<bind>
<StgValue><ssdm name=""/></StgValue>
</bind>
</comp>

<comp id="678" class="1001" name="const_678">
<pin_list>
<pin id="679" dir="1" index="0" bw="1" slack="2147483647"/>
</pin_list>
<bind>
<StgValue><ssdm name=""/></StgValue>
</bind>
</comp>

<comp id="680" class="1001" name="const_680">
<pin_list>
<pin id="681" dir="1" index="0" bw="1" slack="2147483647"/>
</pin_list>
<bind>
<StgValue><ssdm name=""/></StgValue>
</bind>
</comp>

<comp id="682" class="1001" name="const_682">
<pin_list>
<pin id="683" dir="1" index="0" bw="1" slack="2147483647"/>
</pin_list>
<bind>
<StgValue><ssdm name=""/></StgValue>
</bind>
</comp>

<comp id="684" class="1001" name="const_684">
<pin_list>
<pin id="685" dir="1" index="0" bw="1" slack="2147483647"/>
</pin_list>
<bind>
<StgValue><ssdm name=""/></StgValue>
</bind>
</comp>

<comp id="686" class="1001" name="const_686">
<pin_list>
<pin id="687" dir="1" index="0" bw="1" slack="2147483647"/>
</pin_list>
<bind>
<StgValue><ssdm name=""/></StgValue>
</bind>
</comp>

<comp id="688" class="1001" name="const_688">
<pin_list>
<pin id="689" dir="1" index="0" bw="1" slack="2147483647"/>
</pin_list>
<bind>
<StgValue><ssdm name=""/></StgValue>
</bind>
</comp>

<comp id="690" class="1001" name="const_690">
<pin_list>
<pin id="691" dir="1" index="0" bw="1" slack="2147483647"/>
</pin_list>
<bind>
<StgValue><ssdm name=""/></StgValue>
</bind>
</comp>

<comp id="692" class="1001" name="const_692">
<pin_list>
<pin id="693" dir="1" index="0" bw="1" slack="2147483647"/>
</pin_list>
<bind>
<StgValue><ssdm name=""/></StgValue>
</bind>
</comp>

<comp id="694" class="1001" name="const_694">
<pin_list>
<pin id="695" dir="1" index="0" bw="1" slack="2147483647"/>
</pin_list>
<bind>
<StgValue><ssdm name=""/></StgValue>
</bind>
</comp>

<comp id="696" class="1001" name="const_696">
<pin_list>
<pin id="697" dir="1" index="0" bw="1" slack="2147483647"/>
</pin_list>
<bind>
<StgValue><ssdm name=""/></StgValue>
</bind>
</comp>

<comp id="698" class="1001" name="const_698">
<pin_list>
<pin id="699" dir="1" index="0" bw="1" slack="2147483647"/>
</pin_list>
<bind>
<StgValue><ssdm name=""/></StgValue>
</bind>
</comp>

<comp id="700" class="1001" name="const_700">
<pin_list>
<pin id="701" dir="1" index="0" bw="1" slack="2147483647"/>
</pin_list>
<bind>
<StgValue><ssdm name=""/></StgValue>
</bind>
</comp>

<comp id="702" class="1001" name="const_702">
<pin_list>
<pin id="703" dir="1" index="0" bw="1" slack="2147483647"/>
</pin_list>
<bind>
<StgValue><ssdm name=""/></StgValue>
</bind>
</comp>

<comp id="704" class="1001" name="const_704">
<pin_list>
<pin id="705" dir="1" index="0" bw="1" slack="2147483647"/>
</pin_list>
<bind>
<StgValue><ssdm name=""/></StgValue>
</bind>
</comp>

<comp id="706" class="1001" name="const_706">
<pin_list>
<pin id="707" dir="1" index="0" bw="1" slack="2147483647"/>
</pin_list>
<bind>
<StgValue><ssdm name=""/></StgValue>
</bind>
</comp>

<comp id="708" class="1001" name="const_708">
<pin_list>
<pin id="709" dir="1" index="0" bw="1" slack="2147483647"/>
</pin_list>
<bind>
<StgValue><ssdm name=""/></StgValue>
</bind>
</comp>

<comp id="710" class="1001" name="const_710">
<pin_list>
<pin id="711" dir="1" index="0" bw="1" slack="2147483647"/>
</pin_list>
<bind>
<StgValue><ssdm name=""/></StgValue>
</bind>
</comp>

<comp id="712" class="1001" name="const_712">
<pin_list>
<pin id="713" dir="1" index="0" bw="1" slack="2147483647"/>
</pin_list>
<bind>
<StgValue><ssdm name=""/></StgValue>
</bind>
</comp>

<comp id="714" class="1001" name="const_714">
<pin_list>
<pin id="715" dir="1" index="0" bw="1" slack="2147483647"/>
</pin_list>
<bind>
<StgValue><ssdm name=""/></StgValue>
</bind>
</comp>

<comp id="716" class="1001" name="const_716">
<pin_list>
<pin id="717" dir="1" index="0" bw="1" slack="2147483647"/>
</pin_list>
<bind>
<StgValue><ssdm name=""/></StgValue>
</bind>
</comp>

<comp id="718" class="1001" name="const_718">
<pin_list>
<pin id="719" dir="1" index="0" bw="1" slack="2147483647"/>
</pin_list>
<bind>
<StgValue><ssdm name=""/></StgValue>
</bind>
</comp>

<comp id="720" class="1001" name="const_720">
<pin_list>
<pin id="721" dir="1" index="0" bw="1" slack="2147483647"/>
</pin_list>
<bind>
<StgValue><ssdm name=""/></StgValue>
</bind>
</comp>

<comp id="722" class="1001" name="const_722">
<pin_list>
<pin id="723" dir="1" index="0" bw="1" slack="2147483647"/>
</pin_list>
<bind>
<StgValue><ssdm name=""/></StgValue>
</bind>
</comp>

<comp id="724" class="1001" name="const_724">
<pin_list>
<pin id="725" dir="1" index="0" bw="1" slack="2147483647"/>
</pin_list>
<bind>
<StgValue><ssdm name=""/></StgValue>
</bind>
</comp>

<comp id="726" class="1001" name="const_726">
<pin_list>
<pin id="727" dir="1" index="0" bw="1" slack="2147483647"/>
</pin_list>
<bind>
<StgValue><ssdm name=""/></StgValue>
</bind>
</comp>

<comp id="728" class="1001" name="const_728">
<pin_list>
<pin id="729" dir="1" index="0" bw="1" slack="2147483647"/>
</pin_list>
<bind>
<StgValue><ssdm name=""/></StgValue>
</bind>
</comp>

<comp id="730" class="1001" name="const_730">
<pin_list>
<pin id="731" dir="1" index="0" bw="1" slack="2147483647"/>
</pin_list>
<bind>
<StgValue><ssdm name=""/></StgValue>
</bind>
</comp>

<comp id="732" class="1001" name="const_732">
<pin_list>
<pin id="733" dir="1" index="0" bw="1" slack="2147483647"/>
</pin_list>
<bind>
<StgValue><ssdm name=""/></StgValue>
</bind>
</comp>

<comp id="734" class="1001" name="const_734">
<pin_list>
<pin id="735" dir="1" index="0" bw="1" slack="2147483647"/>
</pin_list>
<bind>
<StgValue><ssdm name=""/></StgValue>
</bind>
</comp>

<comp id="736" class="1001" name="const_736">
<pin_list>
<pin id="737" dir="1" index="0" bw="1" slack="2147483647"/>
</pin_list>
<bind>
<StgValue><ssdm name=""/></StgValue>
</bind>
</comp>

<comp id="738" class="1001" name="const_738">
<pin_list>
<pin id="739" dir="1" index="0" bw="1" slack="2147483647"/>
</pin_list>
<bind>
<StgValue><ssdm name=""/></StgValue>
</bind>
</comp>

<comp id="740" class="1001" name="const_740">
<pin_list>
<pin id="741" dir="1" index="0" bw="1" slack="2147483647"/>
</pin_list>
<bind>
<StgValue><ssdm name=""/></StgValue>
</bind>
</comp>

<comp id="742" class="1001" name="const_742">
<pin_list>
<pin id="743" dir="1" index="0" bw="1" slack="2147483647"/>
</pin_list>
<bind>
<StgValue><ssdm name=""/></StgValue>
</bind>
</comp>

<comp id="744" class="1001" name="const_744">
<pin_list>
<pin id="745" dir="1" index="0" bw="1" slack="2147483647"/>
</pin_list>
<bind>
<StgValue><ssdm name=""/></StgValue>
</bind>
</comp>

<comp id="746" class="1001" name="const_746">
<pin_list>
<pin id="747" dir="1" index="0" bw="1" slack="2147483647"/>
</pin_list>
<bind>
<StgValue><ssdm name=""/></StgValue>
</bind>
</comp>

<comp id="748" class="1001" name="const_748">
<pin_list>
<pin id="749" dir="1" index="0" bw="1" slack="2147483647"/>
</pin_list>
<bind>
<StgValue><ssdm name=""/></StgValue>
</bind>
</comp>

<comp id="750" class="1001" name="const_750">
<pin_list>
<pin id="751" dir="1" index="0" bw="1" slack="2147483647"/>
</pin_list>
<bind>
<StgValue><ssdm name=""/></StgValue>
</bind>
</comp>

<comp id="752" class="1001" name="const_752">
<pin_list>
<pin id="753" dir="1" index="0" bw="1" slack="2147483647"/>
</pin_list>
<bind>
<StgValue><ssdm name=""/></StgValue>
</bind>
</comp>

<comp id="754" class="1001" name="const_754">
<pin_list>
<pin id="755" dir="1" index="0" bw="1" slack="2147483647"/>
</pin_list>
<bind>
<StgValue><ssdm name=""/></StgValue>
</bind>
</comp>

<comp id="756" class="1001" name="const_756">
<pin_list>
<pin id="757" dir="1" index="0" bw="1" slack="2147483647"/>
</pin_list>
<bind>
<StgValue><ssdm name=""/></StgValue>
</bind>
</comp>

<comp id="758" class="1001" name="const_758">
<pin_list>
<pin id="759" dir="1" index="0" bw="1" slack="2147483647"/>
</pin_list>
<bind>
<StgValue><ssdm name=""/></StgValue>
</bind>
</comp>

<comp id="760" class="1001" name="const_760">
<pin_list>
<pin id="761" dir="1" index="0" bw="1" slack="2147483647"/>
</pin_list>
<bind>
<StgValue><ssdm name=""/></StgValue>
</bind>
</comp>

<comp id="762" class="1001" name="const_762">
<pin_list>
<pin id="763" dir="1" index="0" bw="1" slack="2147483647"/>
</pin_list>
<bind>
<StgValue><ssdm name=""/></StgValue>
</bind>
</comp>

<comp id="764" class="1001" name="const_764">
<pin_list>
<pin id="765" dir="1" index="0" bw="1" slack="2147483647"/>
</pin_list>
<bind>
<StgValue><ssdm name=""/></StgValue>
</bind>
</comp>

<comp id="766" class="1001" name="const_766">
<pin_list>
<pin id="767" dir="1" index="0" bw="1" slack="2147483647"/>
</pin_list>
<bind>
<StgValue><ssdm name=""/></StgValue>
</bind>
</comp>

<comp id="768" class="1001" name="const_768">
<pin_list>
<pin id="769" dir="1" index="0" bw="1" slack="2147483647"/>
</pin_list>
<bind>
<StgValue><ssdm name=""/></StgValue>
</bind>
</comp>

<comp id="770" class="1001" name="const_770">
<pin_list>
<pin id="771" dir="1" index="0" bw="1" slack="2147483647"/>
</pin_list>
<bind>
<StgValue><ssdm name=""/></StgValue>
</bind>
</comp>

<comp id="772" class="1001" name="const_772">
<pin_list>
<pin id="773" dir="1" index="0" bw="1" slack="2147483647"/>
</pin_list>
<bind>
<StgValue><ssdm name=""/></StgValue>
</bind>
</comp>

<comp id="774" class="1001" name="const_774">
<pin_list>
<pin id="775" dir="1" index="0" bw="1" slack="2147483647"/>
</pin_list>
<bind>
<StgValue><ssdm name=""/></StgValue>
</bind>
</comp>

<comp id="776" class="1001" name="const_776">
<pin_list>
<pin id="777" dir="1" index="0" bw="1" slack="2147483647"/>
</pin_list>
<bind>
<StgValue><ssdm name=""/></StgValue>
</bind>
</comp>

<comp id="778" class="1001" name="const_778">
<pin_list>
<pin id="779" dir="1" index="0" bw="1" slack="2147483647"/>
</pin_list>
<bind>
<StgValue><ssdm name=""/></StgValue>
</bind>
</comp>

<comp id="780" class="1001" name="const_780">
<pin_list>
<pin id="781" dir="1" index="0" bw="1" slack="2147483647"/>
</pin_list>
<bind>
<StgValue><ssdm name=""/></StgValue>
</bind>
</comp>

<comp id="782" class="1001" name="const_782">
<pin_list>
<pin id="783" dir="1" index="0" bw="1" slack="2147483647"/>
</pin_list>
<bind>
<StgValue><ssdm name=""/></StgValue>
</bind>
</comp>

<comp id="784" class="1001" name="const_784">
<pin_list>
<pin id="785" dir="1" index="0" bw="1" slack="2147483647"/>
</pin_list>
<bind>
<StgValue><ssdm name=""/></StgValue>
</bind>
</comp>

<comp id="786" class="1001" name="const_786">
<pin_list>
<pin id="787" dir="1" index="0" bw="1" slack="2147483647"/>
</pin_list>
<bind>
<StgValue><ssdm name=""/></StgValue>
</bind>
</comp>

<comp id="788" class="1001" name="const_788">
<pin_list>
<pin id="789" dir="1" index="0" bw="1" slack="2147483647"/>
</pin_list>
<bind>
<StgValue><ssdm name=""/></StgValue>
</bind>
</comp>

<comp id="790" class="1001" name="const_790">
<pin_list>
<pin id="791" dir="1" index="0" bw="1" slack="2147483647"/>
</pin_list>
<bind>
<StgValue><ssdm name=""/></StgValue>
</bind>
</comp>

<comp id="792" class="1001" name="const_792">
<pin_list>
<pin id="793" dir="1" index="0" bw="1" slack="2147483647"/>
</pin_list>
<bind>
<StgValue><ssdm name=""/></StgValue>
</bind>
</comp>

<comp id="794" class="1001" name="const_794">
<pin_list>
<pin id="795" dir="1" index="0" bw="1" slack="2147483647"/>
</pin_list>
<bind>
<StgValue><ssdm name=""/></StgValue>
</bind>
</comp>

<comp id="796" class="1001" name="const_796">
<pin_list>
<pin id="797" dir="1" index="0" bw="1" slack="2147483647"/>
</pin_list>
<bind>
<StgValue><ssdm name=""/></StgValue>
</bind>
</comp>

<comp id="798" class="1001" name="const_798">
<pin_list>
<pin id="799" dir="1" index="0" bw="1" slack="2147483647"/>
</pin_list>
<bind>
<StgValue><ssdm name=""/></StgValue>
</bind>
</comp>

<comp id="800" class="1001" name="const_800">
<pin_list>
<pin id="801" dir="1" index="0" bw="1" slack="2147483647"/>
</pin_list>
<bind>
<StgValue><ssdm name=""/></StgValue>
</bind>
</comp>

<comp id="802" class="1001" name="const_802">
<pin_list>
<pin id="803" dir="1" index="0" bw="1" slack="2147483647"/>
</pin_list>
<bind>
<StgValue><ssdm name=""/></StgValue>
</bind>
</comp>

<comp id="804" class="1001" name="const_804">
<pin_list>
<pin id="805" dir="1" index="0" bw="1" slack="2147483647"/>
</pin_list>
<bind>
<StgValue><ssdm name=""/></StgValue>
</bind>
</comp>

<comp id="806" class="1001" name="const_806">
<pin_list>
<pin id="807" dir="1" index="0" bw="1" slack="2147483647"/>
</pin_list>
<bind>
<StgValue><ssdm name=""/></StgValue>
</bind>
</comp>

<comp id="808" class="1001" name="const_808">
<pin_list>
<pin id="809" dir="1" index="0" bw="1" slack="2147483647"/>
</pin_list>
<bind>
<StgValue><ssdm name=""/></StgValue>
</bind>
</comp>

<comp id="810" class="1001" name="const_810">
<pin_list>
<pin id="811" dir="1" index="0" bw="1" slack="2147483647"/>
</pin_list>
<bind>
<StgValue><ssdm name=""/></StgValue>
</bind>
</comp>

<comp id="812" class="1001" name="const_812">
<pin_list>
<pin id="813" dir="1" index="0" bw="1" slack="2147483647"/>
</pin_list>
<bind>
<StgValue><ssdm name=""/></StgValue>
</bind>
</comp>

<comp id="814" class="1001" name="const_814">
<pin_list>
<pin id="815" dir="1" index="0" bw="1" slack="2147483647"/>
</pin_list>
<bind>
<StgValue><ssdm name=""/></StgValue>
</bind>
</comp>

<comp id="816" class="1001" name="const_816">
<pin_list>
<pin id="817" dir="1" index="0" bw="1" slack="2147483647"/>
</pin_list>
<bind>
<StgValue><ssdm name=""/></StgValue>
</bind>
</comp>

<comp id="818" class="1001" name="const_818">
<pin_list>
<pin id="819" dir="1" index="0" bw="1" slack="2147483647"/>
</pin_list>
<bind>
<StgValue><ssdm name=""/></StgValue>
</bind>
</comp>

<comp id="820" class="1001" name="const_820">
<pin_list>
<pin id="821" dir="1" index="0" bw="1" slack="2147483647"/>
</pin_list>
<bind>
<StgValue><ssdm name=""/></StgValue>
</bind>
</comp>

<comp id="822" class="1001" name="const_822">
<pin_list>
<pin id="823" dir="1" index="0" bw="1" slack="2147483647"/>
</pin_list>
<bind>
<StgValue><ssdm name=""/></StgValue>
</bind>
</comp>

<comp id="824" class="1001" name="const_824">
<pin_list>
<pin id="825" dir="1" index="0" bw="1" slack="2147483647"/>
</pin_list>
<bind>
<StgValue><ssdm name=""/></StgValue>
</bind>
</comp>

<comp id="826" class="1001" name="const_826">
<pin_list>
<pin id="827" dir="1" index="0" bw="1" slack="2147483647"/>
</pin_list>
<bind>
<StgValue><ssdm name=""/></StgValue>
</bind>
</comp>

<comp id="828" class="1001" name="const_828">
<pin_list>
<pin id="829" dir="1" index="0" bw="1" slack="2147483647"/>
</pin_list>
<bind>
<StgValue><ssdm name=""/></StgValue>
</bind>
</comp>

<comp id="830" class="1001" name="const_830">
<pin_list>
<pin id="831" dir="1" index="0" bw="1" slack="2147483647"/>
</pin_list>
<bind>
<StgValue><ssdm name=""/></StgValue>
</bind>
</comp>

<comp id="832" class="1001" name="const_832">
<pin_list>
<pin id="833" dir="1" index="0" bw="1" slack="2147483647"/>
</pin_list>
<bind>
<StgValue><ssdm name=""/></StgValue>
</bind>
</comp>

<comp id="834" class="1001" name="const_834">
<pin_list>
<pin id="835" dir="1" index="0" bw="1" slack="2147483647"/>
</pin_list>
<bind>
<StgValue><ssdm name=""/></StgValue>
</bind>
</comp>

<comp id="836" class="1001" name="const_836">
<pin_list>
<pin id="837" dir="1" index="0" bw="1" slack="2147483647"/>
</pin_list>
<bind>
<StgValue><ssdm name=""/></StgValue>
</bind>
</comp>

<comp id="838" class="1001" name="const_838">
<pin_list>
<pin id="839" dir="1" index="0" bw="1" slack="2147483647"/>
</pin_list>
<bind>
<StgValue><ssdm name=""/></StgValue>
</bind>
</comp>

<comp id="840" class="1001" name="const_840">
<pin_list>
<pin id="841" dir="1" index="0" bw="1" slack="2147483647"/>
</pin_list>
<bind>
<StgValue><ssdm name=""/></StgValue>
</bind>
</comp>

<comp id="842" class="1001" name="const_842">
<pin_list>
<pin id="843" dir="1" index="0" bw="1" slack="2147483647"/>
</pin_list>
<bind>
<StgValue><ssdm name=""/></StgValue>
</bind>
</comp>

<comp id="844" class="1001" name="const_844">
<pin_list>
<pin id="845" dir="1" index="0" bw="1" slack="2147483647"/>
</pin_list>
<bind>
<StgValue><ssdm name=""/></StgValue>
</bind>
</comp>

<comp id="846" class="1001" name="const_846">
<pin_list>
<pin id="847" dir="1" index="0" bw="1" slack="2147483647"/>
</pin_list>
<bind>
<StgValue><ssdm name=""/></StgValue>
</bind>
</comp>

<comp id="848" class="1001" name="const_848">
<pin_list>
<pin id="849" dir="1" index="0" bw="1" slack="2147483647"/>
</pin_list>
<bind>
<StgValue><ssdm name=""/></StgValue>
</bind>
</comp>

<comp id="850" class="1001" name="const_850">
<pin_list>
<pin id="851" dir="1" index="0" bw="1" slack="2147483647"/>
</pin_list>
<bind>
<StgValue><ssdm name=""/></StgValue>
</bind>
</comp>

<comp id="852" class="1001" name="const_852">
<pin_list>
<pin id="853" dir="1" index="0" bw="1" slack="2147483647"/>
</pin_list>
<bind>
<StgValue><ssdm name=""/></StgValue>
</bind>
</comp>

<comp id="854" class="1001" name="const_854">
<pin_list>
<pin id="855" dir="1" index="0" bw="1" slack="2147483647"/>
</pin_list>
<bind>
<StgValue><ssdm name=""/></StgValue>
</bind>
</comp>

<comp id="856" class="1001" name="const_856">
<pin_list>
<pin id="857" dir="1" index="0" bw="1" slack="2147483647"/>
</pin_list>
<bind>
<StgValue><ssdm name=""/></StgValue>
</bind>
</comp>

<comp id="858" class="1001" name="const_858">
<pin_list>
<pin id="859" dir="1" index="0" bw="1" slack="2147483647"/>
</pin_list>
<bind>
<StgValue><ssdm name=""/></StgValue>
</bind>
</comp>

<comp id="860" class="1001" name="const_860">
<pin_list>
<pin id="861" dir="1" index="0" bw="1" slack="2147483647"/>
</pin_list>
<bind>
<StgValue><ssdm name=""/></StgValue>
</bind>
</comp>

<comp id="862" class="1001" name="const_862">
<pin_list>
<pin id="863" dir="1" index="0" bw="1" slack="2147483647"/>
</pin_list>
<bind>
<StgValue><ssdm name=""/></StgValue>
</bind>
</comp>

<comp id="864" class="1001" name="const_864">
<pin_list>
<pin id="865" dir="1" index="0" bw="1" slack="2147483647"/>
</pin_list>
<bind>
<StgValue><ssdm name=""/></StgValue>
</bind>
</comp>

<comp id="866" class="1001" name="const_866">
<pin_list>
<pin id="867" dir="1" index="0" bw="1" slack="2147483647"/>
</pin_list>
<bind>
<StgValue><ssdm name=""/></StgValue>
</bind>
</comp>

<comp id="868" class="1001" name="const_868">
<pin_list>
<pin id="869" dir="1" index="0" bw="1" slack="2147483647"/>
</pin_list>
<bind>
<StgValue><ssdm name=""/></StgValue>
</bind>
</comp>

<comp id="870" class="1001" name="const_870">
<pin_list>
<pin id="871" dir="1" index="0" bw="1" slack="2147483647"/>
</pin_list>
<bind>
<StgValue><ssdm name=""/></StgValue>
</bind>
</comp>

<comp id="872" class="1001" name="const_872">
<pin_list>
<pin id="873" dir="1" index="0" bw="1" slack="2147483647"/>
</pin_list>
<bind>
<StgValue><ssdm name=""/></StgValue>
</bind>
</comp>

<comp id="874" class="1001" name="const_874">
<pin_list>
<pin id="875" dir="1" index="0" bw="1" slack="2147483647"/>
</pin_list>
<bind>
<StgValue><ssdm name=""/></StgValue>
</bind>
</comp>

<comp id="876" class="1001" name="const_876">
<pin_list>
<pin id="877" dir="1" index="0" bw="1" slack="2147483647"/>
</pin_list>
<bind>
<StgValue><ssdm name=""/></StgValue>
</bind>
</comp>

<comp id="878" class="1001" name="const_878">
<pin_list>
<pin id="879" dir="1" index="0" bw="1" slack="2147483647"/>
</pin_list>
<bind>
<StgValue><ssdm name=""/></StgValue>
</bind>
</comp>

<comp id="880" class="1001" name="const_880">
<pin_list>
<pin id="881" dir="1" index="0" bw="1" slack="2147483647"/>
</pin_list>
<bind>
<StgValue><ssdm name=""/></StgValue>
</bind>
</comp>

<comp id="882" class="1001" name="const_882">
<pin_list>
<pin id="883" dir="1" index="0" bw="1" slack="2147483647"/>
</pin_list>
<bind>
<StgValue><ssdm name=""/></StgValue>
</bind>
</comp>

<comp id="884" class="1001" name="const_884">
<pin_list>
<pin id="885" dir="1" index="0" bw="1" slack="2147483647"/>
</pin_list>
<bind>
<StgValue><ssdm name=""/></StgValue>
</bind>
</comp>

<comp id="886" class="1001" name="const_886">
<pin_list>
<pin id="887" dir="1" index="0" bw="1" slack="2147483647"/>
</pin_list>
<bind>
<StgValue><ssdm name=""/></StgValue>
</bind>
</comp>

<comp id="888" class="1001" name="const_888">
<pin_list>
<pin id="889" dir="1" index="0" bw="1" slack="2147483647"/>
</pin_list>
<bind>
<StgValue><ssdm name=""/></StgValue>
</bind>
</comp>

<comp id="890" class="1001" name="const_890">
<pin_list>
<pin id="891" dir="1" index="0" bw="1" slack="2147483647"/>
</pin_list>
<bind>
<StgValue><ssdm name=""/></StgValue>
</bind>
</comp>

<comp id="892" class="1001" name="const_892">
<pin_list>
<pin id="893" dir="1" index="0" bw="1" slack="2147483647"/>
</pin_list>
<bind>
<StgValue><ssdm name=""/></StgValue>
</bind>
</comp>

<comp id="894" class="1001" name="const_894">
<pin_list>
<pin id="895" dir="1" index="0" bw="1" slack="2147483647"/>
</pin_list>
<bind>
<StgValue><ssdm name=""/></StgValue>
</bind>
</comp>

<comp id="896" class="1001" name="const_896">
<pin_list>
<pin id="897" dir="1" index="0" bw="1" slack="2147483647"/>
</pin_list>
<bind>
<StgValue><ssdm name=""/></StgValue>
</bind>
</comp>

<comp id="898" class="1001" name="const_898">
<pin_list>
<pin id="899" dir="1" index="0" bw="1" slack="2147483647"/>
</pin_list>
<bind>
<StgValue><ssdm name=""/></StgValue>
</bind>
</comp>

<comp id="900" class="1001" name="const_900">
<pin_list>
<pin id="901" dir="1" index="0" bw="1" slack="2147483647"/>
</pin_list>
<bind>
<StgValue><ssdm name=""/></StgValue>
</bind>
</comp>

<comp id="902" class="1001" name="const_902">
<pin_list>
<pin id="903" dir="1" index="0" bw="1" slack="2147483647"/>
</pin_list>
<bind>
<StgValue><ssdm name=""/></StgValue>
</bind>
</comp>

<comp id="904" class="1001" name="const_904">
<pin_list>
<pin id="905" dir="1" index="0" bw="1" slack="2147483647"/>
</pin_list>
<bind>
<StgValue><ssdm name=""/></StgValue>
</bind>
</comp>

<comp id="906" class="1001" name="const_906">
<pin_list>
<pin id="907" dir="1" index="0" bw="1" slack="2147483647"/>
</pin_list>
<bind>
<StgValue><ssdm name=""/></StgValue>
</bind>
</comp>

<comp id="908" class="1001" name="const_908">
<pin_list>
<pin id="909" dir="1" index="0" bw="1" slack="2147483647"/>
</pin_list>
<bind>
<StgValue><ssdm name=""/></StgValue>
</bind>
</comp>

<comp id="910" class="1001" name="const_910">
<pin_list>
<pin id="911" dir="1" index="0" bw="1" slack="2147483647"/>
</pin_list>
<bind>
<StgValue><ssdm name=""/></StgValue>
</bind>
</comp>

<comp id="912" class="1001" name="const_912">
<pin_list>
<pin id="913" dir="1" index="0" bw="1" slack="2147483647"/>
</pin_list>
<bind>
<StgValue><ssdm name=""/></StgValue>
</bind>
</comp>

<comp id="914" class="1001" name="const_914">
<pin_list>
<pin id="915" dir="1" index="0" bw="1" slack="2147483647"/>
</pin_list>
<bind>
<StgValue><ssdm name=""/></StgValue>
</bind>
</comp>

<comp id="916" class="1001" name="const_916">
<pin_list>
<pin id="917" dir="1" index="0" bw="1" slack="2147483647"/>
</pin_list>
<bind>
<StgValue><ssdm name=""/></StgValue>
</bind>
</comp>

<comp id="918" class="1001" name="const_918">
<pin_list>
<pin id="919" dir="1" index="0" bw="1" slack="2147483647"/>
</pin_list>
<bind>
<StgValue><ssdm name=""/></StgValue>
</bind>
</comp>

<comp id="920" class="1001" name="const_920">
<pin_list>
<pin id="921" dir="1" index="0" bw="1" slack="2147483647"/>
</pin_list>
<bind>
<StgValue><ssdm name=""/></StgValue>
</bind>
</comp>

<comp id="922" class="1001" name="const_922">
<pin_list>
<pin id="923" dir="1" index="0" bw="1" slack="2147483647"/>
</pin_list>
<bind>
<StgValue><ssdm name=""/></StgValue>
</bind>
</comp>

<comp id="924" class="1001" name="const_924">
<pin_list>
<pin id="925" dir="1" index="0" bw="1" slack="2147483647"/>
</pin_list>
<bind>
<StgValue><ssdm name=""/></StgValue>
</bind>
</comp>

<comp id="926" class="1001" name="const_926">
<pin_list>
<pin id="927" dir="1" index="0" bw="1" slack="2147483647"/>
</pin_list>
<bind>
<StgValue><ssdm name=""/></StgValue>
</bind>
</comp>

<comp id="928" class="1001" name="const_928">
<pin_list>
<pin id="929" dir="1" index="0" bw="1" slack="2147483647"/>
</pin_list>
<bind>
<StgValue><ssdm name=""/></StgValue>
</bind>
</comp>

<comp id="930" class="1001" name="const_930">
<pin_list>
<pin id="931" dir="1" index="0" bw="1" slack="2147483647"/>
</pin_list>
<bind>
<StgValue><ssdm name=""/></StgValue>
</bind>
</comp>

<comp id="932" class="1001" name="const_932">
<pin_list>
<pin id="933" dir="1" index="0" bw="1" slack="2147483647"/>
</pin_list>
<bind>
<StgValue><ssdm name=""/></StgValue>
</bind>
</comp>

<comp id="934" class="1001" name="const_934">
<pin_list>
<pin id="935" dir="1" index="0" bw="1" slack="2147483647"/>
</pin_list>
<bind>
<StgValue><ssdm name=""/></StgValue>
</bind>
</comp>

<comp id="936" class="1001" name="const_936">
<pin_list>
<pin id="937" dir="1" index="0" bw="1" slack="2147483647"/>
</pin_list>
<bind>
<StgValue><ssdm name=""/></StgValue>
</bind>
</comp>

<comp id="938" class="1001" name="const_938">
<pin_list>
<pin id="939" dir="1" index="0" bw="1" slack="2147483647"/>
</pin_list>
<bind>
<StgValue><ssdm name=""/></StgValue>
</bind>
</comp>

<comp id="940" class="1001" name="const_940">
<pin_list>
<pin id="941" dir="1" index="0" bw="1" slack="2147483647"/>
</pin_list>
<bind>
<StgValue><ssdm name=""/></StgValue>
</bind>
</comp>

<comp id="942" class="1001" name="const_942">
<pin_list>
<pin id="943" dir="1" index="0" bw="1" slack="2147483647"/>
</pin_list>
<bind>
<StgValue><ssdm name=""/></StgValue>
</bind>
</comp>

<comp id="944" class="1001" name="const_944">
<pin_list>
<pin id="945" dir="1" index="0" bw="1" slack="0"/>
</pin_list>
<bind>
<StgValue><ssdm name=""/></StgValue>
</bind>
</comp>

<comp id="946" class="1001" name="const_946">
<pin_list>
<pin id="947" dir="1" index="0" bw="1" slack="2147483647"/>
</pin_list>
<bind>
<StgValue><ssdm name="_ssdm_op_SpecPipeline"/></StgValue>
</bind>
</comp>

<comp id="948" class="1001" name="const_948">
<pin_list>
<pin id="949" dir="1" index="0" bw="1" slack="2147483647"/>
</pin_list>
<bind>
<StgValue><ssdm name="empty_136"/></StgValue>
</bind>
</comp>

<comp id="950" class="1001" name="const_950">
<pin_list>
<pin id="951" dir="1" index="0" bw="1" slack="2147483647"/>
</pin_list>
<bind>
<StgValue><ssdm name="_ssdm_op_SpecLoopTripCount"/></StgValue>
</bind>
</comp>

<comp id="952" class="1001" name="const_952">
<pin_list>
<pin id="953" dir="1" index="0" bw="1" slack="2147483647"/>
</pin_list>
<bind>
<StgValue><ssdm name=""/></StgValue>
</bind>
</comp>

<comp id="954" class="1001" name="const_954">
<pin_list>
<pin id="955" dir="1" index="0" bw="1" slack="2147483647"/>
</pin_list>
<bind>
<StgValue><ssdm name="_ssdm_op_SpecLoopName"/></StgValue>
</bind>
</comp>

<comp id="956" class="1001" name="const_956">
<pin_list>
<pin id="957" dir="1" index="0" bw="1" slack="2147483647"/>
</pin_list>
<bind>
<StgValue><ssdm name="empty_167"/></StgValue>
</bind>
</comp>

<comp id="958" class="1001" name="const_958">
<pin_list>
<pin id="959" dir="1" index="0" bw="1" slack="0"/>
</pin_list>
<bind>
<StgValue><ssdm name=""/></StgValue>
</bind>
</comp>

<comp id="960" class="1001" name="const_960">
<pin_list>
<pin id="961" dir="1" index="0" bw="1" slack="0"/>
</pin_list>
<bind>
<StgValue><ssdm name=""/></StgValue>
</bind>
</comp>

<comp id="962" class="1001" name="const_962">
<pin_list>
<pin id="963" dir="1" index="0" bw="1" slack="0"/>
</pin_list>
<bind>
<StgValue><ssdm name="_ssdm_op_Write.ap_auto.i16P0A"/></StgValue>
</bind>
</comp>

<comp id="964" class="1004" name="input_index_fu_964">
<pin_list>
<pin id="965" dir="0" index="0" bw="1" slack="0"/>
<pin id="966" dir="1" index="1" bw="8" slack="0"/>
</pin_list>
<bind>
<opcode="alloca(26) " fcode="alloca"/>
<opset="input_index/1 "/>
</bind>
</comp>

<comp id="968" class="1004" name="zext_ln2656_read_read_fu_968">
<pin_list>
<pin id="969" dir="0" index="0" bw="10" slack="0"/>
<pin id="970" dir="0" index="1" bw="10" slack="0"/>
<pin id="971" dir="1" index="2" bw="10" slack="0"/>
</pin_list>
<bind>
<opcode="read(1150) " fcode="read"/>
<opset="zext_ln2656_read/1 "/>
</bind>
</comp>

<comp id="974" class="1004" name="p_read412_read_fu_974">
<pin_list>
<pin id="975" dir="0" index="0" bw="8" slack="0"/>
<pin id="976" dir="0" index="1" bw="8" slack="0"/>
<pin id="977" dir="1" index="2" bw="8" slack="0"/>
</pin_list>
<bind>
<opcode="read(1150) " fcode="read"/>
<opset="p_read412/1 "/>
</bind>
</comp>

<comp id="980" class="1004" name="center_start_read_read_fu_980">
<pin_list>
<pin id="981" dir="0" index="0" bw="10" slack="0"/>
<pin id="982" dir="0" index="1" bw="10" slack="0"/>
<pin id="983" dir="1" index="2" bw="10" slack="0"/>
</pin_list>
<bind>
<opcode="read(1150) " fcode="read"/>
<opset="center_start_read/1 "/>
</bind>
</comp>

<comp id="986" class="1004" name="zext_ln2651_read_read_fu_986">
<pin_list>
<pin id="987" dir="0" index="0" bw="10" slack="0"/>
<pin id="988" dir="0" index="1" bw="10" slack="0"/>
<pin id="989" dir="1" index="2" bw="10" slack="0"/>
</pin_list>
<bind>
<opcode="read(1150) " fcode="read"/>
<opset="zext_ln2651_read/1 "/>
</bind>
</comp>

<comp id="992" class="1004" name="p_read_read_fu_992">
<pin_list>
<pin id="993" dir="0" index="0" bw="7" slack="0"/>
<pin id="994" dir="0" index="1" bw="7" slack="0"/>
<pin id="995" dir="1" index="2" bw="7" slack="0"/>
</pin_list>
<bind>
<opcode="read(1150) " fcode="read"/>
<opset="p_read/1 "/>
</bind>
</comp>

<comp id="998" class="1004" name="write_ln2662_write_fu_998">
<pin_list>
<pin id="999" dir="0" index="0" bw="0" slack="0"/>
<pin id="1000" dir="0" index="1" bw="16" slack="0"/>
<pin id="1001" dir="0" index="2" bw="16" slack="0"/>
<pin id="1002" dir="1" index="3" bw="0" slack="2147483647"/>
</pin_list>
<bind>
<opcode="write(1151) " fcode="write"/>
<opset="write_ln2662/3 "/>
</bind>
</comp>

<comp id="1005" class="1004" name="write_ln2662_write_fu_1005">
<pin_list>
<pin id="1006" dir="0" index="0" bw="0" slack="0"/>
<pin id="1007" dir="0" index="1" bw="16" slack="0"/>
<pin id="1008" dir="0" index="2" bw="16" slack="0"/>
<pin id="1009" dir="1" index="3" bw="0" slack="2147483647"/>
</pin_list>
<bind>
<opcode="write(1151) " fcode="write"/>
<opset="write_ln2662/3 "/>
</bind>
</comp>

<comp id="1012" class="1004" name="write_ln2662_write_fu_1012">
<pin_list>
<pin id="1013" dir="0" index="0" bw="0" slack="0"/>
<pin id="1014" dir="0" index="1" bw="16" slack="0"/>
<pin id="1015" dir="0" index="2" bw="16" slack="0"/>
<pin id="1016" dir="1" index="3" bw="0" slack="2147483647"/>
</pin_list>
<bind>
<opcode="write(1151) " fcode="write"/>
<opset="write_ln2662/3 "/>
</bind>
</comp>

<comp id="1019" class="1004" name="write_ln2662_write_fu_1019">
<pin_list>
<pin id="1020" dir="0" index="0" bw="0" slack="0"/>
<pin id="1021" dir="0" index="1" bw="16" slack="0"/>
<pin id="1022" dir="0" index="2" bw="16" slack="0"/>
<pin id="1023" dir="1" index="3" bw="0" slack="2147483647"/>
</pin_list>
<bind>
<opcode="write(1151) " fcode="write"/>
<opset="write_ln2662/3 "/>
</bind>
</comp>

<comp id="1026" class="1004" name="write_ln2662_write_fu_1026">
<pin_list>
<pin id="1027" dir="0" index="0" bw="0" slack="0"/>
<pin id="1028" dir="0" index="1" bw="16" slack="0"/>
<pin id="1029" dir="0" index="2" bw="16" slack="0"/>
<pin id="1030" dir="1" index="3" bw="0" slack="2147483647"/>
</pin_list>
<bind>
<opcode="write(1151) " fcode="write"/>
<opset="write_ln2662/3 "/>
</bind>
</comp>

<comp id="1033" class="1004" name="write_ln2662_write_fu_1033">
<pin_list>
<pin id="1034" dir="0" index="0" bw="0" slack="0"/>
<pin id="1035" dir="0" index="1" bw="16" slack="0"/>
<pin id="1036" dir="0" index="2" bw="16" slack="0"/>
<pin id="1037" dir="1" index="3" bw="0" slack="2147483647"/>
</pin_list>
<bind>
<opcode="write(1151) " fcode="write"/>
<opset="write_ln2662/3 "/>
</bind>
</comp>

<comp id="1040" class="1004" name="write_ln2662_write_fu_1040">
<pin_list>
<pin id="1041" dir="0" index="0" bw="0" slack="0"/>
<pin id="1042" dir="0" index="1" bw="16" slack="0"/>
<pin id="1043" dir="0" index="2" bw="16" slack="0"/>
<pin id="1044" dir="1" index="3" bw="0" slack="2147483647"/>
</pin_list>
<bind>
<opcode="write(1151) " fcode="write"/>
<opset="write_ln2662/3 "/>
</bind>
</comp>

<comp id="1047" class="1004" name="write_ln2662_write_fu_1047">
<pin_list>
<pin id="1048" dir="0" index="0" bw="0" slack="0"/>
<pin id="1049" dir="0" index="1" bw="16" slack="0"/>
<pin id="1050" dir="0" index="2" bw="16" slack="0"/>
<pin id="1051" dir="1" index="3" bw="0" slack="2147483647"/>
</pin_list>
<bind>
<opcode="write(1151) " fcode="write"/>
<opset="write_ln2662/3 "/>
</bind>
</comp>

<comp id="1054" class="1004" name="write_ln2662_write_fu_1054">
<pin_list>
<pin id="1055" dir="0" index="0" bw="0" slack="0"/>
<pin id="1056" dir="0" index="1" bw="16" slack="0"/>
<pin id="1057" dir="0" index="2" bw="16" slack="0"/>
<pin id="1058" dir="1" index="3" bw="0" slack="2147483647"/>
</pin_list>
<bind>
<opcode="write(1151) " fcode="write"/>
<opset="write_ln2662/3 "/>
</bind>
</comp>

<comp id="1061" class="1004" name="write_ln2662_write_fu_1061">
<pin_list>
<pin id="1062" dir="0" index="0" bw="0" slack="0"/>
<pin id="1063" dir="0" index="1" bw="16" slack="0"/>
<pin id="1064" dir="0" index="2" bw="16" slack="0"/>
<pin id="1065" dir="1" index="3" bw="0" slack="2147483647"/>
</pin_list>
<bind>
<opcode="write(1151) " fcode="write"/>
<opset="write_ln2662/3 "/>
</bind>
</comp>

<comp id="1068" class="1004" name="write_ln2662_write_fu_1068">
<pin_list>
<pin id="1069" dir="0" index="0" bw="0" slack="0"/>
<pin id="1070" dir="0" index="1" bw="16" slack="0"/>
<pin id="1071" dir="0" index="2" bw="16" slack="0"/>
<pin id="1072" dir="1" index="3" bw="0" slack="2147483647"/>
</pin_list>
<bind>
<opcode="write(1151) " fcode="write"/>
<opset="write_ln2662/3 "/>
</bind>
</comp>

<comp id="1075" class="1004" name="write_ln2662_write_fu_1075">
<pin_list>
<pin id="1076" dir="0" index="0" bw="0" slack="0"/>
<pin id="1077" dir="0" index="1" bw="16" slack="0"/>
<pin id="1078" dir="0" index="2" bw="16" slack="0"/>
<pin id="1079" dir="1" index="3" bw="0" slack="2147483647"/>
</pin_list>
<bind>
<opcode="write(1151) " fcode="write"/>
<opset="write_ln2662/3 "/>
</bind>
</comp>

<comp id="1082" class="1004" name="write_ln2662_write_fu_1082">
<pin_list>
<pin id="1083" dir="0" index="0" bw="0" slack="0"/>
<pin id="1084" dir="0" index="1" bw="16" slack="0"/>
<pin id="1085" dir="0" index="2" bw="16" slack="0"/>
<pin id="1086" dir="1" index="3" bw="0" slack="2147483647"/>
</pin_list>
<bind>
<opcode="write(1151) " fcode="write"/>
<opset="write_ln2662/3 "/>
</bind>
</comp>

<comp id="1089" class="1004" name="write_ln2662_write_fu_1089">
<pin_list>
<pin id="1090" dir="0" index="0" bw="0" slack="0"/>
<pin id="1091" dir="0" index="1" bw="16" slack="0"/>
<pin id="1092" dir="0" index="2" bw="16" slack="0"/>
<pin id="1093" dir="1" index="3" bw="0" slack="2147483647"/>
</pin_list>
<bind>
<opcode="write(1151) " fcode="write"/>
<opset="write_ln2662/3 "/>
</bind>
</comp>

<comp id="1096" class="1004" name="write_ln2662_write_fu_1096">
<pin_list>
<pin id="1097" dir="0" index="0" bw="0" slack="0"/>
<pin id="1098" dir="0" index="1" bw="16" slack="0"/>
<pin id="1099" dir="0" index="2" bw="16" slack="0"/>
<pin id="1100" dir="1" index="3" bw="0" slack="2147483647"/>
</pin_list>
<bind>
<opcode="write(1151) " fcode="write"/>
<opset="write_ln2662/3 "/>
</bind>
</comp>

<comp id="1103" class="1004" name="write_ln2662_write_fu_1103">
<pin_list>
<pin id="1104" dir="0" index="0" bw="0" slack="0"/>
<pin id="1105" dir="0" index="1" bw="16" slack="0"/>
<pin id="1106" dir="0" index="2" bw="16" slack="0"/>
<pin id="1107" dir="1" index="3" bw="0" slack="2147483647"/>
</pin_list>
<bind>
<opcode="write(1151) " fcode="write"/>
<opset="write_ln2662/3 "/>
</bind>
</comp>

<comp id="1110" class="1004" name="write_ln2662_write_fu_1110">
<pin_list>
<pin id="1111" dir="0" index="0" bw="0" slack="0"/>
<pin id="1112" dir="0" index="1" bw="16" slack="0"/>
<pin id="1113" dir="0" index="2" bw="16" slack="0"/>
<pin id="1114" dir="1" index="3" bw="0" slack="2147483647"/>
</pin_list>
<bind>
<opcode="write(1151) " fcode="write"/>
<opset="write_ln2662/3 "/>
</bind>
</comp>

<comp id="1117" class="1004" name="write_ln2662_write_fu_1117">
<pin_list>
<pin id="1118" dir="0" index="0" bw="0" slack="0"/>
<pin id="1119" dir="0" index="1" bw="16" slack="0"/>
<pin id="1120" dir="0" index="2" bw="16" slack="0"/>
<pin id="1121" dir="1" index="3" bw="0" slack="2147483647"/>
</pin_list>
<bind>
<opcode="write(1151) " fcode="write"/>
<opset="write_ln2662/3 "/>
</bind>
</comp>

<comp id="1124" class="1004" name="write_ln2662_write_fu_1124">
<pin_list>
<pin id="1125" dir="0" index="0" bw="0" slack="0"/>
<pin id="1126" dir="0" index="1" bw="16" slack="0"/>
<pin id="1127" dir="0" index="2" bw="16" slack="0"/>
<pin id="1128" dir="1" index="3" bw="0" slack="2147483647"/>
</pin_list>
<bind>
<opcode="write(1151) " fcode="write"/>
<opset="write_ln2662/3 "/>
</bind>
</comp>

<comp id="1131" class="1004" name="write_ln2662_write_fu_1131">
<pin_list>
<pin id="1132" dir="0" index="0" bw="0" slack="0"/>
<pin id="1133" dir="0" index="1" bw="16" slack="0"/>
<pin id="1134" dir="0" index="2" bw="16" slack="0"/>
<pin id="1135" dir="1" index="3" bw="0" slack="2147483647"/>
</pin_list>
<bind>
<opcode="write(1151) " fcode="write"/>
<opset="write_ln2662/3 "/>
</bind>
</comp>

<comp id="1138" class="1004" name="write_ln2662_write_fu_1138">
<pin_list>
<pin id="1139" dir="0" index="0" bw="0" slack="0"/>
<pin id="1140" dir="0" index="1" bw="16" slack="0"/>
<pin id="1141" dir="0" index="2" bw="16" slack="0"/>
<pin id="1142" dir="1" index="3" bw="0" slack="2147483647"/>
</pin_list>
<bind>
<opcode="write(1151) " fcode="write"/>
<opset="write_ln2662/3 "/>
</bind>
</comp>

<comp id="1145" class="1004" name="write_ln2662_write_fu_1145">
<pin_list>
<pin id="1146" dir="0" index="0" bw="0" slack="0"/>
<pin id="1147" dir="0" index="1" bw="16" slack="0"/>
<pin id="1148" dir="0" index="2" bw="16" slack="0"/>
<pin id="1149" dir="1" index="3" bw="0" slack="2147483647"/>
</pin_list>
<bind>
<opcode="write(1151) " fcode="write"/>
<opset="write_ln2662/3 "/>
</bind>
</comp>

<comp id="1152" class="1004" name="write_ln2662_write_fu_1152">
<pin_list>
<pin id="1153" dir="0" index="0" bw="0" slack="0"/>
<pin id="1154" dir="0" index="1" bw="16" slack="0"/>
<pin id="1155" dir="0" index="2" bw="16" slack="0"/>
<pin id="1156" dir="1" index="3" bw="0" slack="2147483647"/>
</pin_list>
<bind>
<opcode="write(1151) " fcode="write"/>
<opset="write_ln2662/3 "/>
</bind>
</comp>

<comp id="1159" class="1004" name="write_ln2662_write_fu_1159">
<pin_list>
<pin id="1160" dir="0" index="0" bw="0" slack="0"/>
<pin id="1161" dir="0" index="1" bw="16" slack="0"/>
<pin id="1162" dir="0" index="2" bw="16" slack="0"/>
<pin id="1163" dir="1" index="3" bw="0" slack="2147483647"/>
</pin_list>
<bind>
<opcode="write(1151) " fcode="write"/>
<opset="write_ln2662/3 "/>
</bind>
</comp>

<comp id="1166" class="1004" name="write_ln2662_write_fu_1166">
<pin_list>
<pin id="1167" dir="0" index="0" bw="0" slack="0"/>
<pin id="1168" dir="0" index="1" bw="16" slack="0"/>
<pin id="1169" dir="0" index="2" bw="16" slack="0"/>
<pin id="1170" dir="1" index="3" bw="0" slack="2147483647"/>
</pin_list>
<bind>
<opcode="write(1151) " fcode="write"/>
<opset="write_ln2662/3 "/>
</bind>
</comp>

<comp id="1173" class="1004" name="write_ln2662_write_fu_1173">
<pin_list>
<pin id="1174" dir="0" index="0" bw="0" slack="0"/>
<pin id="1175" dir="0" index="1" bw="16" slack="0"/>
<pin id="1176" dir="0" index="2" bw="16" slack="0"/>
<pin id="1177" dir="1" index="3" bw="0" slack="2147483647"/>
</pin_list>
<bind>
<opcode="write(1151) " fcode="write"/>
<opset="write_ln2662/3 "/>
</bind>
</comp>

<comp id="1180" class="1004" name="write_ln2662_write_fu_1180">
<pin_list>
<pin id="1181" dir="0" index="0" bw="0" slack="0"/>
<pin id="1182" dir="0" index="1" bw="16" slack="0"/>
<pin id="1183" dir="0" index="2" bw="16" slack="0"/>
<pin id="1184" dir="1" index="3" bw="0" slack="2147483647"/>
</pin_list>
<bind>
<opcode="write(1151) " fcode="write"/>
<opset="write_ln2662/3 "/>
</bind>
</comp>

<comp id="1187" class="1004" name="write_ln2662_write_fu_1187">
<pin_list>
<pin id="1188" dir="0" index="0" bw="0" slack="0"/>
<pin id="1189" dir="0" index="1" bw="16" slack="0"/>
<pin id="1190" dir="0" index="2" bw="16" slack="0"/>
<pin id="1191" dir="1" index="3" bw="0" slack="2147483647"/>
</pin_list>
<bind>
<opcode="write(1151) " fcode="write"/>
<opset="write_ln2662/3 "/>
</bind>
</comp>

<comp id="1194" class="1004" name="write_ln2662_write_fu_1194">
<pin_list>
<pin id="1195" dir="0" index="0" bw="0" slack="0"/>
<pin id="1196" dir="0" index="1" bw="16" slack="0"/>
<pin id="1197" dir="0" index="2" bw="16" slack="0"/>
<pin id="1198" dir="1" index="3" bw="0" slack="2147483647"/>
</pin_list>
<bind>
<opcode="write(1151) " fcode="write"/>
<opset="write_ln2662/3 "/>
</bind>
</comp>

<comp id="1201" class="1004" name="write_ln2662_write_fu_1201">
<pin_list>
<pin id="1202" dir="0" index="0" bw="0" slack="0"/>
<pin id="1203" dir="0" index="1" bw="16" slack="0"/>
<pin id="1204" dir="0" index="2" bw="16" slack="0"/>
<pin id="1205" dir="1" index="3" bw="0" slack="2147483647"/>
</pin_list>
<bind>
<opcode="write(1151) " fcode="write"/>
<opset="write_ln2662/3 "/>
</bind>
</comp>

<comp id="1208" class="1004" name="write_ln2662_write_fu_1208">
<pin_list>
<pin id="1209" dir="0" index="0" bw="0" slack="0"/>
<pin id="1210" dir="0" index="1" bw="16" slack="0"/>
<pin id="1211" dir="0" index="2" bw="16" slack="0"/>
<pin id="1212" dir="1" index="3" bw="0" slack="2147483647"/>
</pin_list>
<bind>
<opcode="write(1151) " fcode="write"/>
<opset="write_ln2662/3 "/>
</bind>
</comp>

<comp id="1215" class="1004" name="write_ln2662_write_fu_1215">
<pin_list>
<pin id="1216" dir="0" index="0" bw="0" slack="0"/>
<pin id="1217" dir="0" index="1" bw="16" slack="0"/>
<pin id="1218" dir="0" index="2" bw="16" slack="0"/>
<pin id="1219" dir="1" index="3" bw="0" slack="2147483647"/>
</pin_list>
<bind>
<opcode="write(1151) " fcode="write"/>
<opset="write_ln2662/3 "/>
</bind>
</comp>

<comp id="1222" class="1004" name="write_ln2662_write_fu_1222">
<pin_list>
<pin id="1223" dir="0" index="0" bw="0" slack="0"/>
<pin id="1224" dir="0" index="1" bw="16" slack="0"/>
<pin id="1225" dir="0" index="2" bw="16" slack="0"/>
<pin id="1226" dir="1" index="3" bw="0" slack="2147483647"/>
</pin_list>
<bind>
<opcode="write(1151) " fcode="write"/>
<opset="write_ln2662/3 "/>
</bind>
</comp>

<comp id="1229" class="1004" name="write_ln2662_write_fu_1229">
<pin_list>
<pin id="1230" dir="0" index="0" bw="0" slack="0"/>
<pin id="1231" dir="0" index="1" bw="16" slack="0"/>
<pin id="1232" dir="0" index="2" bw="16" slack="0"/>
<pin id="1233" dir="1" index="3" bw="0" slack="2147483647"/>
</pin_list>
<bind>
<opcode="write(1151) " fcode="write"/>
<opset="write_ln2662/3 "/>
</bind>
</comp>

<comp id="1236" class="1004" name="write_ln2662_write_fu_1236">
<pin_list>
<pin id="1237" dir="0" index="0" bw="0" slack="0"/>
<pin id="1238" dir="0" index="1" bw="16" slack="0"/>
<pin id="1239" dir="0" index="2" bw="16" slack="0"/>
<pin id="1240" dir="1" index="3" bw="0" slack="2147483647"/>
</pin_list>
<bind>
<opcode="write(1151) " fcode="write"/>
<opset="write_ln2662/3 "/>
</bind>
</comp>

<comp id="1243" class="1004" name="write_ln2662_write_fu_1243">
<pin_list>
<pin id="1244" dir="0" index="0" bw="0" slack="0"/>
<pin id="1245" dir="0" index="1" bw="16" slack="0"/>
<pin id="1246" dir="0" index="2" bw="16" slack="0"/>
<pin id="1247" dir="1" index="3" bw="0" slack="2147483647"/>
</pin_list>
<bind>
<opcode="write(1151) " fcode="write"/>
<opset="write_ln2662/3 "/>
</bind>
</comp>

<comp id="1250" class="1004" name="write_ln2662_write_fu_1250">
<pin_list>
<pin id="1251" dir="0" index="0" bw="0" slack="0"/>
<pin id="1252" dir="0" index="1" bw="16" slack="0"/>
<pin id="1253" dir="0" index="2" bw="16" slack="0"/>
<pin id="1254" dir="1" index="3" bw="0" slack="2147483647"/>
</pin_list>
<bind>
<opcode="write(1151) " fcode="write"/>
<opset="write_ln2662/3 "/>
</bind>
</comp>

<comp id="1257" class="1004" name="write_ln2662_write_fu_1257">
<pin_list>
<pin id="1258" dir="0" index="0" bw="0" slack="0"/>
<pin id="1259" dir="0" index="1" bw="16" slack="0"/>
<pin id="1260" dir="0" index="2" bw="16" slack="0"/>
<pin id="1261" dir="1" index="3" bw="0" slack="2147483647"/>
</pin_list>
<bind>
<opcode="write(1151) " fcode="write"/>
<opset="write_ln2662/3 "/>
</bind>
</comp>

<comp id="1264" class="1004" name="write_ln2662_write_fu_1264">
<pin_list>
<pin id="1265" dir="0" index="0" bw="0" slack="0"/>
<pin id="1266" dir="0" index="1" bw="16" slack="0"/>
<pin id="1267" dir="0" index="2" bw="16" slack="0"/>
<pin id="1268" dir="1" index="3" bw="0" slack="2147483647"/>
</pin_list>
<bind>
<opcode="write(1151) " fcode="write"/>
<opset="write_ln2662/3 "/>
</bind>
</comp>

<comp id="1271" class="1004" name="write_ln2662_write_fu_1271">
<pin_list>
<pin id="1272" dir="0" index="0" bw="0" slack="0"/>
<pin id="1273" dir="0" index="1" bw="16" slack="0"/>
<pin id="1274" dir="0" index="2" bw="16" slack="0"/>
<pin id="1275" dir="1" index="3" bw="0" slack="2147483647"/>
</pin_list>
<bind>
<opcode="write(1151) " fcode="write"/>
<opset="write_ln2662/3 "/>
</bind>
</comp>

<comp id="1278" class="1004" name="write_ln2662_write_fu_1278">
<pin_list>
<pin id="1279" dir="0" index="0" bw="0" slack="0"/>
<pin id="1280" dir="0" index="1" bw="16" slack="0"/>
<pin id="1281" dir="0" index="2" bw="16" slack="0"/>
<pin id="1282" dir="1" index="3" bw="0" slack="2147483647"/>
</pin_list>
<bind>
<opcode="write(1151) " fcode="write"/>
<opset="write_ln2662/3 "/>
</bind>
</comp>

<comp id="1285" class="1004" name="write_ln2662_write_fu_1285">
<pin_list>
<pin id="1286" dir="0" index="0" bw="0" slack="0"/>
<pin id="1287" dir="0" index="1" bw="16" slack="0"/>
<pin id="1288" dir="0" index="2" bw="16" slack="0"/>
<pin id="1289" dir="1" index="3" bw="0" slack="2147483647"/>
</pin_list>
<bind>
<opcode="write(1151) " fcode="write"/>
<opset="write_ln2662/3 "/>
</bind>
</comp>

<comp id="1292" class="1004" name="write_ln2662_write_fu_1292">
<pin_list>
<pin id="1293" dir="0" index="0" bw="0" slack="0"/>
<pin id="1294" dir="0" index="1" bw="16" slack="0"/>
<pin id="1295" dir="0" index="2" bw="16" slack="0"/>
<pin id="1296" dir="1" index="3" bw="0" slack="2147483647"/>
</pin_list>
<bind>
<opcode="write(1151) " fcode="write"/>
<opset="write_ln2662/3 "/>
</bind>
</comp>

<comp id="1299" class="1004" name="write_ln2662_write_fu_1299">
<pin_list>
<pin id="1300" dir="0" index="0" bw="0" slack="0"/>
<pin id="1301" dir="0" index="1" bw="16" slack="0"/>
<pin id="1302" dir="0" index="2" bw="16" slack="0"/>
<pin id="1303" dir="1" index="3" bw="0" slack="2147483647"/>
</pin_list>
<bind>
<opcode="write(1151) " fcode="write"/>
<opset="write_ln2662/3 "/>
</bind>
</comp>

<comp id="1306" class="1004" name="write_ln2662_write_fu_1306">
<pin_list>
<pin id="1307" dir="0" index="0" bw="0" slack="0"/>
<pin id="1308" dir="0" index="1" bw="16" slack="0"/>
<pin id="1309" dir="0" index="2" bw="16" slack="0"/>
<pin id="1310" dir="1" index="3" bw="0" slack="2147483647"/>
</pin_list>
<bind>
<opcode="write(1151) " fcode="write"/>
<opset="write_ln2662/3 "/>
</bind>
</comp>

<comp id="1313" class="1004" name="write_ln2662_write_fu_1313">
<pin_list>
<pin id="1314" dir="0" index="0" bw="0" slack="0"/>
<pin id="1315" dir="0" index="1" bw="16" slack="0"/>
<pin id="1316" dir="0" index="2" bw="16" slack="0"/>
<pin id="1317" dir="1" index="3" bw="0" slack="2147483647"/>
</pin_list>
<bind>
<opcode="write(1151) " fcode="write"/>
<opset="write_ln2662/3 "/>
</bind>
</comp>

<comp id="1320" class="1004" name="write_ln2662_write_fu_1320">
<pin_list>
<pin id="1321" dir="0" index="0" bw="0" slack="0"/>
<pin id="1322" dir="0" index="1" bw="16" slack="0"/>
<pin id="1323" dir="0" index="2" bw="16" slack="0"/>
<pin id="1324" dir="1" index="3" bw="0" slack="2147483647"/>
</pin_list>
<bind>
<opcode="write(1151) " fcode="write"/>
<opset="write_ln2662/3 "/>
</bind>
</comp>

<comp id="1327" class="1004" name="write_ln2662_write_fu_1327">
<pin_list>
<pin id="1328" dir="0" index="0" bw="0" slack="0"/>
<pin id="1329" dir="0" index="1" bw="16" slack="0"/>
<pin id="1330" dir="0" index="2" bw="16" slack="0"/>
<pin id="1331" dir="1" index="3" bw="0" slack="2147483647"/>
</pin_list>
<bind>
<opcode="write(1151) " fcode="write"/>
<opset="write_ln2662/3 "/>
</bind>
</comp>

<comp id="1334" class="1004" name="write_ln2662_write_fu_1334">
<pin_list>
<pin id="1335" dir="0" index="0" bw="0" slack="0"/>
<pin id="1336" dir="0" index="1" bw="16" slack="0"/>
<pin id="1337" dir="0" index="2" bw="16" slack="0"/>
<pin id="1338" dir="1" index="3" bw="0" slack="2147483647"/>
</pin_list>
<bind>
<opcode="write(1151) " fcode="write"/>
<opset="write_ln2662/3 "/>
</bind>
</comp>

<comp id="1341" class="1004" name="write_ln2662_write_fu_1341">
<pin_list>
<pin id="1342" dir="0" index="0" bw="0" slack="0"/>
<pin id="1343" dir="0" index="1" bw="16" slack="0"/>
<pin id="1344" dir="0" index="2" bw="16" slack="0"/>
<pin id="1345" dir="1" index="3" bw="0" slack="2147483647"/>
</pin_list>
<bind>
<opcode="write(1151) " fcode="write"/>
<opset="write_ln2662/3 "/>
</bind>
</comp>

<comp id="1348" class="1004" name="write_ln2662_write_fu_1348">
<pin_list>
<pin id="1349" dir="0" index="0" bw="0" slack="0"/>
<pin id="1350" dir="0" index="1" bw="16" slack="0"/>
<pin id="1351" dir="0" index="2" bw="16" slack="0"/>
<pin id="1352" dir="1" index="3" bw="0" slack="2147483647"/>
</pin_list>
<bind>
<opcode="write(1151) " fcode="write"/>
<opset="write_ln2662/3 "/>
</bind>
</comp>

<comp id="1355" class="1004" name="write_ln2662_write_fu_1355">
<pin_list>
<pin id="1356" dir="0" index="0" bw="0" slack="0"/>
<pin id="1357" dir="0" index="1" bw="16" slack="0"/>
<pin id="1358" dir="0" index="2" bw="16" slack="0"/>
<pin id="1359" dir="1" index="3" bw="0" slack="2147483647"/>
</pin_list>
<bind>
<opcode="write(1151) " fcode="write"/>
<opset="write_ln2662/3 "/>
</bind>
</comp>

<comp id="1362" class="1004" name="write_ln2662_write_fu_1362">
<pin_list>
<pin id="1363" dir="0" index="0" bw="0" slack="0"/>
<pin id="1364" dir="0" index="1" bw="16" slack="0"/>
<pin id="1365" dir="0" index="2" bw="16" slack="0"/>
<pin id="1366" dir="1" index="3" bw="0" slack="2147483647"/>
</pin_list>
<bind>
<opcode="write(1151) " fcode="write"/>
<opset="write_ln2662/3 "/>
</bind>
</comp>

<comp id="1369" class="1004" name="write_ln2662_write_fu_1369">
<pin_list>
<pin id="1370" dir="0" index="0" bw="0" slack="0"/>
<pin id="1371" dir="0" index="1" bw="16" slack="0"/>
<pin id="1372" dir="0" index="2" bw="16" slack="0"/>
<pin id="1373" dir="1" index="3" bw="0" slack="2147483647"/>
</pin_list>
<bind>
<opcode="write(1151) " fcode="write"/>
<opset="write_ln2662/3 "/>
</bind>
</comp>

<comp id="1376" class="1004" name="write_ln2662_write_fu_1376">
<pin_list>
<pin id="1377" dir="0" index="0" bw="0" slack="0"/>
<pin id="1378" dir="0" index="1" bw="16" slack="0"/>
<pin id="1379" dir="0" index="2" bw="16" slack="0"/>
<pin id="1380" dir="1" index="3" bw="0" slack="2147483647"/>
</pin_list>
<bind>
<opcode="write(1151) " fcode="write"/>
<opset="write_ln2662/3 "/>
</bind>
</comp>

<comp id="1383" class="1004" name="write_ln2662_write_fu_1383">
<pin_list>
<pin id="1384" dir="0" index="0" bw="0" slack="0"/>
<pin id="1385" dir="0" index="1" bw="16" slack="0"/>
<pin id="1386" dir="0" index="2" bw="16" slack="0"/>
<pin id="1387" dir="1" index="3" bw="0" slack="2147483647"/>
</pin_list>
<bind>
<opcode="write(1151) " fcode="write"/>
<opset="write_ln2662/3 "/>
</bind>
</comp>

<comp id="1390" class="1004" name="write_ln2662_write_fu_1390">
<pin_list>
<pin id="1391" dir="0" index="0" bw="0" slack="0"/>
<pin id="1392" dir="0" index="1" bw="16" slack="0"/>
<pin id="1393" dir="0" index="2" bw="16" slack="0"/>
<pin id="1394" dir="1" index="3" bw="0" slack="2147483647"/>
</pin_list>
<bind>
<opcode="write(1151) " fcode="write"/>
<opset="write_ln2662/3 "/>
</bind>
</comp>

<comp id="1397" class="1004" name="write_ln2662_write_fu_1397">
<pin_list>
<pin id="1398" dir="0" index="0" bw="0" slack="0"/>
<pin id="1399" dir="0" index="1" bw="16" slack="0"/>
<pin id="1400" dir="0" index="2" bw="16" slack="0"/>
<pin id="1401" dir="1" index="3" bw="0" slack="2147483647"/>
</pin_list>
<bind>
<opcode="write(1151) " fcode="write"/>
<opset="write_ln2662/3 "/>
</bind>
</comp>

<comp id="1404" class="1004" name="write_ln2662_write_fu_1404">
<pin_list>
<pin id="1405" dir="0" index="0" bw="0" slack="0"/>
<pin id="1406" dir="0" index="1" bw="16" slack="0"/>
<pin id="1407" dir="0" index="2" bw="16" slack="0"/>
<pin id="1408" dir="1" index="3" bw="0" slack="2147483647"/>
</pin_list>
<bind>
<opcode="write(1151) " fcode="write"/>
<opset="write_ln2662/3 "/>
</bind>
</comp>

<comp id="1411" class="1004" name="write_ln2662_write_fu_1411">
<pin_list>
<pin id="1412" dir="0" index="0" bw="0" slack="0"/>
<pin id="1413" dir="0" index="1" bw="16" slack="0"/>
<pin id="1414" dir="0" index="2" bw="16" slack="0"/>
<pin id="1415" dir="1" index="3" bw="0" slack="2147483647"/>
</pin_list>
<bind>
<opcode="write(1151) " fcode="write"/>
<opset="write_ln2662/3 "/>
</bind>
</comp>

<comp id="1418" class="1004" name="write_ln2662_write_fu_1418">
<pin_list>
<pin id="1419" dir="0" index="0" bw="0" slack="0"/>
<pin id="1420" dir="0" index="1" bw="16" slack="0"/>
<pin id="1421" dir="0" index="2" bw="16" slack="0"/>
<pin id="1422" dir="1" index="3" bw="0" slack="2147483647"/>
</pin_list>
<bind>
<opcode="write(1151) " fcode="write"/>
<opset="write_ln2662/3 "/>
</bind>
</comp>

<comp id="1425" class="1004" name="write_ln2662_write_fu_1425">
<pin_list>
<pin id="1426" dir="0" index="0" bw="0" slack="0"/>
<pin id="1427" dir="0" index="1" bw="16" slack="0"/>
<pin id="1428" dir="0" index="2" bw="16" slack="0"/>
<pin id="1429" dir="1" index="3" bw="0" slack="2147483647"/>
</pin_list>
<bind>
<opcode="write(1151) " fcode="write"/>
<opset="write_ln2662/3 "/>
</bind>
</comp>

<comp id="1432" class="1004" name="write_ln2662_write_fu_1432">
<pin_list>
<pin id="1433" dir="0" index="0" bw="0" slack="0"/>
<pin id="1434" dir="0" index="1" bw="16" slack="0"/>
<pin id="1435" dir="0" index="2" bw="16" slack="0"/>
<pin id="1436" dir="1" index="3" bw="0" slack="2147483647"/>
</pin_list>
<bind>
<opcode="write(1151) " fcode="write"/>
<opset="write_ln2662/3 "/>
</bind>
</comp>

<comp id="1439" class="1004" name="write_ln2662_write_fu_1439">
<pin_list>
<pin id="1440" dir="0" index="0" bw="0" slack="0"/>
<pin id="1441" dir="0" index="1" bw="16" slack="0"/>
<pin id="1442" dir="0" index="2" bw="16" slack="0"/>
<pin id="1443" dir="1" index="3" bw="0" slack="2147483647"/>
</pin_list>
<bind>
<opcode="write(1151) " fcode="write"/>
<opset="write_ln2662/3 "/>
</bind>
</comp>

<comp id="1446" class="1004" name="write_ln2662_write_fu_1446">
<pin_list>
<pin id="1447" dir="0" index="0" bw="0" slack="0"/>
<pin id="1448" dir="0" index="1" bw="16" slack="0"/>
<pin id="1449" dir="0" index="2" bw="16" slack="0"/>
<pin id="1450" dir="1" index="3" bw="0" slack="2147483647"/>
</pin_list>
<bind>
<opcode="write(1151) " fcode="write"/>
<opset="write_ln2662/3 "/>
</bind>
</comp>

<comp id="1453" class="1004" name="write_ln2662_write_fu_1453">
<pin_list>
<pin id="1454" dir="0" index="0" bw="0" slack="0"/>
<pin id="1455" dir="0" index="1" bw="16" slack="0"/>
<pin id="1456" dir="0" index="2" bw="16" slack="0"/>
<pin id="1457" dir="1" index="3" bw="0" slack="2147483647"/>
</pin_list>
<bind>
<opcode="write(1151) " fcode="write"/>
<opset="write_ln2662/3 "/>
</bind>
</comp>

<comp id="1460" class="1004" name="write_ln2662_write_fu_1460">
<pin_list>
<pin id="1461" dir="0" index="0" bw="0" slack="0"/>
<pin id="1462" dir="0" index="1" bw="16" slack="0"/>
<pin id="1463" dir="0" index="2" bw="16" slack="0"/>
<pin id="1464" dir="1" index="3" bw="0" slack="2147483647"/>
</pin_list>
<bind>
<opcode="write(1151) " fcode="write"/>
<opset="write_ln2662/3 "/>
</bind>
</comp>

<comp id="1467" class="1004" name="write_ln2662_write_fu_1467">
<pin_list>
<pin id="1468" dir="0" index="0" bw="0" slack="0"/>
<pin id="1469" dir="0" index="1" bw="16" slack="0"/>
<pin id="1470" dir="0" index="2" bw="16" slack="0"/>
<pin id="1471" dir="1" index="3" bw="0" slack="2147483647"/>
</pin_list>
<bind>
<opcode="write(1151) " fcode="write"/>
<opset="write_ln2662/3 "/>
</bind>
</comp>

<comp id="1474" class="1004" name="write_ln2662_write_fu_1474">
<pin_list>
<pin id="1475" dir="0" index="0" bw="0" slack="0"/>
<pin id="1476" dir="0" index="1" bw="16" slack="0"/>
<pin id="1477" dir="0" index="2" bw="16" slack="0"/>
<pin id="1478" dir="1" index="3" bw="0" slack="2147483647"/>
</pin_list>
<bind>
<opcode="write(1151) " fcode="write"/>
<opset="write_ln2662/3 "/>
</bind>
</comp>

<comp id="1481" class="1004" name="write_ln2662_write_fu_1481">
<pin_list>
<pin id="1482" dir="0" index="0" bw="0" slack="0"/>
<pin id="1483" dir="0" index="1" bw="16" slack="0"/>
<pin id="1484" dir="0" index="2" bw="16" slack="0"/>
<pin id="1485" dir="1" index="3" bw="0" slack="2147483647"/>
</pin_list>
<bind>
<opcode="write(1151) " fcode="write"/>
<opset="write_ln2662/3 "/>
</bind>
</comp>

<comp id="1488" class="1004" name="write_ln2662_write_fu_1488">
<pin_list>
<pin id="1489" dir="0" index="0" bw="0" slack="0"/>
<pin id="1490" dir="0" index="1" bw="16" slack="0"/>
<pin id="1491" dir="0" index="2" bw="16" slack="0"/>
<pin id="1492" dir="1" index="3" bw="0" slack="2147483647"/>
</pin_list>
<bind>
<opcode="write(1151) " fcode="write"/>
<opset="write_ln2662/3 "/>
</bind>
</comp>

<comp id="1495" class="1004" name="write_ln2662_write_fu_1495">
<pin_list>
<pin id="1496" dir="0" index="0" bw="0" slack="0"/>
<pin id="1497" dir="0" index="1" bw="16" slack="0"/>
<pin id="1498" dir="0" index="2" bw="16" slack="0"/>
<pin id="1499" dir="1" index="3" bw="0" slack="2147483647"/>
</pin_list>
<bind>
<opcode="write(1151) " fcode="write"/>
<opset="write_ln2662/3 "/>
</bind>
</comp>

<comp id="1502" class="1004" name="write_ln2662_write_fu_1502">
<pin_list>
<pin id="1503" dir="0" index="0" bw="0" slack="0"/>
<pin id="1504" dir="0" index="1" bw="16" slack="0"/>
<pin id="1505" dir="0" index="2" bw="16" slack="0"/>
<pin id="1506" dir="1" index="3" bw="0" slack="2147483647"/>
</pin_list>
<bind>
<opcode="write(1151) " fcode="write"/>
<opset="write_ln2662/3 "/>
</bind>
</comp>

<comp id="1509" class="1004" name="write_ln2662_write_fu_1509">
<pin_list>
<pin id="1510" dir="0" index="0" bw="0" slack="0"/>
<pin id="1511" dir="0" index="1" bw="16" slack="0"/>
<pin id="1512" dir="0" index="2" bw="16" slack="0"/>
<pin id="1513" dir="1" index="3" bw="0" slack="2147483647"/>
</pin_list>
<bind>
<opcode="write(1151) " fcode="write"/>
<opset="write_ln2662/3 "/>
</bind>
</comp>

<comp id="1516" class="1004" name="write_ln2662_write_fu_1516">
<pin_list>
<pin id="1517" dir="0" index="0" bw="0" slack="0"/>
<pin id="1518" dir="0" index="1" bw="16" slack="0"/>
<pin id="1519" dir="0" index="2" bw="16" slack="0"/>
<pin id="1520" dir="1" index="3" bw="0" slack="2147483647"/>
</pin_list>
<bind>
<opcode="write(1151) " fcode="write"/>
<opset="write_ln2662/3 "/>
</bind>
</comp>

<comp id="1523" class="1004" name="write_ln2662_write_fu_1523">
<pin_list>
<pin id="1524" dir="0" index="0" bw="0" slack="0"/>
<pin id="1525" dir="0" index="1" bw="16" slack="0"/>
<pin id="1526" dir="0" index="2" bw="16" slack="0"/>
<pin id="1527" dir="1" index="3" bw="0" slack="2147483647"/>
</pin_list>
<bind>
<opcode="write(1151) " fcode="write"/>
<opset="write_ln2662/3 "/>
</bind>
</comp>

<comp id="1530" class="1004" name="write_ln2662_write_fu_1530">
<pin_list>
<pin id="1531" dir="0" index="0" bw="0" slack="0"/>
<pin id="1532" dir="0" index="1" bw="16" slack="0"/>
<pin id="1533" dir="0" index="2" bw="16" slack="0"/>
<pin id="1534" dir="1" index="3" bw="0" slack="2147483647"/>
</pin_list>
<bind>
<opcode="write(1151) " fcode="write"/>
<opset="write_ln2662/3 "/>
</bind>
</comp>

<comp id="1537" class="1004" name="write_ln2662_write_fu_1537">
<pin_list>
<pin id="1538" dir="0" index="0" bw="0" slack="0"/>
<pin id="1539" dir="0" index="1" bw="16" slack="0"/>
<pin id="1540" dir="0" index="2" bw="16" slack="0"/>
<pin id="1541" dir="1" index="3" bw="0" slack="2147483647"/>
</pin_list>
<bind>
<opcode="write(1151) " fcode="write"/>
<opset="write_ln2662/3 "/>
</bind>
</comp>

<comp id="1544" class="1004" name="write_ln2662_write_fu_1544">
<pin_list>
<pin id="1545" dir="0" index="0" bw="0" slack="0"/>
<pin id="1546" dir="0" index="1" bw="16" slack="0"/>
<pin id="1547" dir="0" index="2" bw="16" slack="0"/>
<pin id="1548" dir="1" index="3" bw="0" slack="2147483647"/>
</pin_list>
<bind>
<opcode="write(1151) " fcode="write"/>
<opset="write_ln2662/3 "/>
</bind>
</comp>

<comp id="1551" class="1004" name="write_ln2662_write_fu_1551">
<pin_list>
<pin id="1552" dir="0" index="0" bw="0" slack="0"/>
<pin id="1553" dir="0" index="1" bw="16" slack="0"/>
<pin id="1554" dir="0" index="2" bw="16" slack="0"/>
<pin id="1555" dir="1" index="3" bw="0" slack="2147483647"/>
</pin_list>
<bind>
<opcode="write(1151) " fcode="write"/>
<opset="write_ln2662/3 "/>
</bind>
</comp>

<comp id="1558" class="1004" name="write_ln2662_write_fu_1558">
<pin_list>
<pin id="1559" dir="0" index="0" bw="0" slack="0"/>
<pin id="1560" dir="0" index="1" bw="16" slack="0"/>
<pin id="1561" dir="0" index="2" bw="16" slack="0"/>
<pin id="1562" dir="1" index="3" bw="0" slack="2147483647"/>
</pin_list>
<bind>
<opcode="write(1151) " fcode="write"/>
<opset="write_ln2662/3 "/>
</bind>
</comp>

<comp id="1565" class="1004" name="write_ln2662_write_fu_1565">
<pin_list>
<pin id="1566" dir="0" index="0" bw="0" slack="0"/>
<pin id="1567" dir="0" index="1" bw="16" slack="0"/>
<pin id="1568" dir="0" index="2" bw="16" slack="0"/>
<pin id="1569" dir="1" index="3" bw="0" slack="2147483647"/>
</pin_list>
<bind>
<opcode="write(1151) " fcode="write"/>
<opset="write_ln2662/3 "/>
</bind>
</comp>

<comp id="1572" class="1004" name="write_ln2662_write_fu_1572">
<pin_list>
<pin id="1573" dir="0" index="0" bw="0" slack="0"/>
<pin id="1574" dir="0" index="1" bw="16" slack="0"/>
<pin id="1575" dir="0" index="2" bw="16" slack="0"/>
<pin id="1576" dir="1" index="3" bw="0" slack="2147483647"/>
</pin_list>
<bind>
<opcode="write(1151) " fcode="write"/>
<opset="write_ln2662/3 "/>
</bind>
</comp>

<comp id="1579" class="1004" name="write_ln2662_write_fu_1579">
<pin_list>
<pin id="1580" dir="0" index="0" bw="0" slack="0"/>
<pin id="1581" dir="0" index="1" bw="16" slack="0"/>
<pin id="1582" dir="0" index="2" bw="16" slack="0"/>
<pin id="1583" dir="1" index="3" bw="0" slack="2147483647"/>
</pin_list>
<bind>
<opcode="write(1151) " fcode="write"/>
<opset="write_ln2662/3 "/>
</bind>
</comp>

<comp id="1586" class="1004" name="write_ln2662_write_fu_1586">
<pin_list>
<pin id="1587" dir="0" index="0" bw="0" slack="0"/>
<pin id="1588" dir="0" index="1" bw="16" slack="0"/>
<pin id="1589" dir="0" index="2" bw="16" slack="0"/>
<pin id="1590" dir="1" index="3" bw="0" slack="2147483647"/>
</pin_list>
<bind>
<opcode="write(1151) " fcode="write"/>
<opset="write_ln2662/3 "/>
</bind>
</comp>

<comp id="1593" class="1004" name="write_ln2662_write_fu_1593">
<pin_list>
<pin id="1594" dir="0" index="0" bw="0" slack="0"/>
<pin id="1595" dir="0" index="1" bw="16" slack="0"/>
<pin id="1596" dir="0" index="2" bw="16" slack="0"/>
<pin id="1597" dir="1" index="3" bw="0" slack="2147483647"/>
</pin_list>
<bind>
<opcode="write(1151) " fcode="write"/>
<opset="write_ln2662/3 "/>
</bind>
</comp>

<comp id="1600" class="1004" name="write_ln2662_write_fu_1600">
<pin_list>
<pin id="1601" dir="0" index="0" bw="0" slack="0"/>
<pin id="1602" dir="0" index="1" bw="16" slack="0"/>
<pin id="1603" dir="0" index="2" bw="16" slack="0"/>
<pin id="1604" dir="1" index="3" bw="0" slack="2147483647"/>
</pin_list>
<bind>
<opcode="write(1151) " fcode="write"/>
<opset="write_ln2662/3 "/>
</bind>
</comp>

<comp id="1607" class="1004" name="write_ln2662_write_fu_1607">
<pin_list>
<pin id="1608" dir="0" index="0" bw="0" slack="0"/>
<pin id="1609" dir="0" index="1" bw="16" slack="0"/>
<pin id="1610" dir="0" index="2" bw="16" slack="0"/>
<pin id="1611" dir="1" index="3" bw="0" slack="2147483647"/>
</pin_list>
<bind>
<opcode="write(1151) " fcode="write"/>
<opset="write_ln2662/3 "/>
</bind>
</comp>

<comp id="1614" class="1004" name="write_ln2662_write_fu_1614">
<pin_list>
<pin id="1615" dir="0" index="0" bw="0" slack="0"/>
<pin id="1616" dir="0" index="1" bw="16" slack="0"/>
<pin id="1617" dir="0" index="2" bw="16" slack="0"/>
<pin id="1618" dir="1" index="3" bw="0" slack="2147483647"/>
</pin_list>
<bind>
<opcode="write(1151) " fcode="write"/>
<opset="write_ln2662/3 "/>
</bind>
</comp>

<comp id="1621" class="1004" name="write_ln2662_write_fu_1621">
<pin_list>
<pin id="1622" dir="0" index="0" bw="0" slack="0"/>
<pin id="1623" dir="0" index="1" bw="16" slack="0"/>
<pin id="1624" dir="0" index="2" bw="16" slack="0"/>
<pin id="1625" dir="1" index="3" bw="0" slack="2147483647"/>
</pin_list>
<bind>
<opcode="write(1151) " fcode="write"/>
<opset="write_ln2662/3 "/>
</bind>
</comp>

<comp id="1628" class="1004" name="write_ln2662_write_fu_1628">
<pin_list>
<pin id="1629" dir="0" index="0" bw="0" slack="0"/>
<pin id="1630" dir="0" index="1" bw="16" slack="0"/>
<pin id="1631" dir="0" index="2" bw="16" slack="0"/>
<pin id="1632" dir="1" index="3" bw="0" slack="2147483647"/>
</pin_list>
<bind>
<opcode="write(1151) " fcode="write"/>
<opset="write_ln2662/3 "/>
</bind>
</comp>

<comp id="1635" class="1004" name="write_ln2662_write_fu_1635">
<pin_list>
<pin id="1636" dir="0" index="0" bw="0" slack="0"/>
<pin id="1637" dir="0" index="1" bw="16" slack="0"/>
<pin id="1638" dir="0" index="2" bw="16" slack="0"/>
<pin id="1639" dir="1" index="3" bw="0" slack="2147483647"/>
</pin_list>
<bind>
<opcode="write(1151) " fcode="write"/>
<opset="write_ln2662/3 "/>
</bind>
</comp>

<comp id="1642" class="1004" name="write_ln2662_write_fu_1642">
<pin_list>
<pin id="1643" dir="0" index="0" bw="0" slack="0"/>
<pin id="1644" dir="0" index="1" bw="16" slack="0"/>
<pin id="1645" dir="0" index="2" bw="16" slack="0"/>
<pin id="1646" dir="1" index="3" bw="0" slack="2147483647"/>
</pin_list>
<bind>
<opcode="write(1151) " fcode="write"/>
<opset="write_ln2662/3 "/>
</bind>
</comp>

<comp id="1649" class="1004" name="write_ln2662_write_fu_1649">
<pin_list>
<pin id="1650" dir="0" index="0" bw="0" slack="0"/>
<pin id="1651" dir="0" index="1" bw="16" slack="0"/>
<pin id="1652" dir="0" index="2" bw="16" slack="0"/>
<pin id="1653" dir="1" index="3" bw="0" slack="2147483647"/>
</pin_list>
<bind>
<opcode="write(1151) " fcode="write"/>
<opset="write_ln2662/3 "/>
</bind>
</comp>

<comp id="1656" class="1004" name="write_ln2662_write_fu_1656">
<pin_list>
<pin id="1657" dir="0" index="0" bw="0" slack="0"/>
<pin id="1658" dir="0" index="1" bw="16" slack="0"/>
<pin id="1659" dir="0" index="2" bw="16" slack="0"/>
<pin id="1660" dir="1" index="3" bw="0" slack="2147483647"/>
</pin_list>
<bind>
<opcode="write(1151) " fcode="write"/>
<opset="write_ln2662/3 "/>
</bind>
</comp>

<comp id="1663" class="1004" name="write_ln2662_write_fu_1663">
<pin_list>
<pin id="1664" dir="0" index="0" bw="0" slack="0"/>
<pin id="1665" dir="0" index="1" bw="16" slack="0"/>
<pin id="1666" dir="0" index="2" bw="16" slack="0"/>
<pin id="1667" dir="1" index="3" bw="0" slack="2147483647"/>
</pin_list>
<bind>
<opcode="write(1151) " fcode="write"/>
<opset="write_ln2662/3 "/>
</bind>
</comp>

<comp id="1670" class="1004" name="write_ln2662_write_fu_1670">
<pin_list>
<pin id="1671" dir="0" index="0" bw="0" slack="0"/>
<pin id="1672" dir="0" index="1" bw="16" slack="0"/>
<pin id="1673" dir="0" index="2" bw="16" slack="0"/>
<pin id="1674" dir="1" index="3" bw="0" slack="2147483647"/>
</pin_list>
<bind>
<opcode="write(1151) " fcode="write"/>
<opset="write_ln2662/3 "/>
</bind>
</comp>

<comp id="1677" class="1004" name="write_ln2662_write_fu_1677">
<pin_list>
<pin id="1678" dir="0" index="0" bw="0" slack="0"/>
<pin id="1679" dir="0" index="1" bw="16" slack="0"/>
<pin id="1680" dir="0" index="2" bw="16" slack="0"/>
<pin id="1681" dir="1" index="3" bw="0" slack="2147483647"/>
</pin_list>
<bind>
<opcode="write(1151) " fcode="write"/>
<opset="write_ln2662/3 "/>
</bind>
</comp>

<comp id="1684" class="1004" name="write_ln2662_write_fu_1684">
<pin_list>
<pin id="1685" dir="0" index="0" bw="0" slack="0"/>
<pin id="1686" dir="0" index="1" bw="16" slack="0"/>
<pin id="1687" dir="0" index="2" bw="16" slack="0"/>
<pin id="1688" dir="1" index="3" bw="0" slack="2147483647"/>
</pin_list>
<bind>
<opcode="write(1151) " fcode="write"/>
<opset="write_ln2662/3 "/>
</bind>
</comp>

<comp id="1691" class="1004" name="write_ln2662_write_fu_1691">
<pin_list>
<pin id="1692" dir="0" index="0" bw="0" slack="0"/>
<pin id="1693" dir="0" index="1" bw="16" slack="0"/>
<pin id="1694" dir="0" index="2" bw="16" slack="0"/>
<pin id="1695" dir="1" index="3" bw="0" slack="2147483647"/>
</pin_list>
<bind>
<opcode="write(1151) " fcode="write"/>
<opset="write_ln2662/3 "/>
</bind>
</comp>

<comp id="1698" class="1004" name="write_ln2662_write_fu_1698">
<pin_list>
<pin id="1699" dir="0" index="0" bw="0" slack="0"/>
<pin id="1700" dir="0" index="1" bw="16" slack="0"/>
<pin id="1701" dir="0" index="2" bw="16" slack="0"/>
<pin id="1702" dir="1" index="3" bw="0" slack="2147483647"/>
</pin_list>
<bind>
<opcode="write(1151) " fcode="write"/>
<opset="write_ln2662/3 "/>
</bind>
</comp>

<comp id="1705" class="1004" name="write_ln2662_write_fu_1705">
<pin_list>
<pin id="1706" dir="0" index="0" bw="0" slack="0"/>
<pin id="1707" dir="0" index="1" bw="16" slack="0"/>
<pin id="1708" dir="0" index="2" bw="16" slack="0"/>
<pin id="1709" dir="1" index="3" bw="0" slack="2147483647"/>
</pin_list>
<bind>
<opcode="write(1151) " fcode="write"/>
<opset="write_ln2662/3 "/>
</bind>
</comp>

<comp id="1712" class="1004" name="write_ln2662_write_fu_1712">
<pin_list>
<pin id="1713" dir="0" index="0" bw="0" slack="0"/>
<pin id="1714" dir="0" index="1" bw="16" slack="0"/>
<pin id="1715" dir="0" index="2" bw="16" slack="0"/>
<pin id="1716" dir="1" index="3" bw="0" slack="2147483647"/>
</pin_list>
<bind>
<opcode="write(1151) " fcode="write"/>
<opset="write_ln2662/3 "/>
</bind>
</comp>

<comp id="1719" class="1004" name="write_ln2662_write_fu_1719">
<pin_list>
<pin id="1720" dir="0" index="0" bw="0" slack="0"/>
<pin id="1721" dir="0" index="1" bw="16" slack="0"/>
<pin id="1722" dir="0" index="2" bw="16" slack="0"/>
<pin id="1723" dir="1" index="3" bw="0" slack="2147483647"/>
</pin_list>
<bind>
<opcode="write(1151) " fcode="write"/>
<opset="write_ln2662/3 "/>
</bind>
</comp>

<comp id="1726" class="1004" name="write_ln2662_write_fu_1726">
<pin_list>
<pin id="1727" dir="0" index="0" bw="0" slack="0"/>
<pin id="1728" dir="0" index="1" bw="16" slack="0"/>
<pin id="1729" dir="0" index="2" bw="16" slack="0"/>
<pin id="1730" dir="1" index="3" bw="0" slack="2147483647"/>
</pin_list>
<bind>
<opcode="write(1151) " fcode="write"/>
<opset="write_ln2662/3 "/>
</bind>
</comp>

<comp id="1733" class="1004" name="write_ln2662_write_fu_1733">
<pin_list>
<pin id="1734" dir="0" index="0" bw="0" slack="0"/>
<pin id="1735" dir="0" index="1" bw="16" slack="0"/>
<pin id="1736" dir="0" index="2" bw="16" slack="0"/>
<pin id="1737" dir="1" index="3" bw="0" slack="2147483647"/>
</pin_list>
<bind>
<opcode="write(1151) " fcode="write"/>
<opset="write_ln2662/3 "/>
</bind>
</comp>

<comp id="1740" class="1004" name="write_ln2662_write_fu_1740">
<pin_list>
<pin id="1741" dir="0" index="0" bw="0" slack="0"/>
<pin id="1742" dir="0" index="1" bw="16" slack="0"/>
<pin id="1743" dir="0" index="2" bw="16" slack="0"/>
<pin id="1744" dir="1" index="3" bw="0" slack="2147483647"/>
</pin_list>
<bind>
<opcode="write(1151) " fcode="write"/>
<opset="write_ln2662/3 "/>
</bind>
</comp>

<comp id="1747" class="1004" name="write_ln2662_write_fu_1747">
<pin_list>
<pin id="1748" dir="0" index="0" bw="0" slack="0"/>
<pin id="1749" dir="0" index="1" bw="16" slack="0"/>
<pin id="1750" dir="0" index="2" bw="16" slack="0"/>
<pin id="1751" dir="1" index="3" bw="0" slack="2147483647"/>
</pin_list>
<bind>
<opcode="write(1151) " fcode="write"/>
<opset="write_ln2662/3 "/>
</bind>
</comp>

<comp id="1754" class="1004" name="write_ln2662_write_fu_1754">
<pin_list>
<pin id="1755" dir="0" index="0" bw="0" slack="0"/>
<pin id="1756" dir="0" index="1" bw="16" slack="0"/>
<pin id="1757" dir="0" index="2" bw="16" slack="0"/>
<pin id="1758" dir="1" index="3" bw="0" slack="2147483647"/>
</pin_list>
<bind>
<opcode="write(1151) " fcode="write"/>
<opset="write_ln2662/3 "/>
</bind>
</comp>

<comp id="1761" class="1004" name="write_ln2662_write_fu_1761">
<pin_list>
<pin id="1762" dir="0" index="0" bw="0" slack="0"/>
<pin id="1763" dir="0" index="1" bw="16" slack="0"/>
<pin id="1764" dir="0" index="2" bw="16" slack="0"/>
<pin id="1765" dir="1" index="3" bw="0" slack="2147483647"/>
</pin_list>
<bind>
<opcode="write(1151) " fcode="write"/>
<opset="write_ln2662/3 "/>
</bind>
</comp>

<comp id="1768" class="1004" name="write_ln2662_write_fu_1768">
<pin_list>
<pin id="1769" dir="0" index="0" bw="0" slack="0"/>
<pin id="1770" dir="0" index="1" bw="16" slack="0"/>
<pin id="1771" dir="0" index="2" bw="16" slack="0"/>
<pin id="1772" dir="1" index="3" bw="0" slack="2147483647"/>
</pin_list>
<bind>
<opcode="write(1151) " fcode="write"/>
<opset="write_ln2662/3 "/>
</bind>
</comp>

<comp id="1775" class="1004" name="write_ln2662_write_fu_1775">
<pin_list>
<pin id="1776" dir="0" index="0" bw="0" slack="0"/>
<pin id="1777" dir="0" index="1" bw="16" slack="0"/>
<pin id="1778" dir="0" index="2" bw="16" slack="0"/>
<pin id="1779" dir="1" index="3" bw="0" slack="2147483647"/>
</pin_list>
<bind>
<opcode="write(1151) " fcode="write"/>
<opset="write_ln2662/3 "/>
</bind>
</comp>

<comp id="1782" class="1004" name="write_ln2662_write_fu_1782">
<pin_list>
<pin id="1783" dir="0" index="0" bw="0" slack="0"/>
<pin id="1784" dir="0" index="1" bw="16" slack="0"/>
<pin id="1785" dir="0" index="2" bw="16" slack="0"/>
<pin id="1786" dir="1" index="3" bw="0" slack="2147483647"/>
</pin_list>
<bind>
<opcode="write(1151) " fcode="write"/>
<opset="write_ln2662/3 "/>
</bind>
</comp>

<comp id="1789" class="1004" name="write_ln2662_write_fu_1789">
<pin_list>
<pin id="1790" dir="0" index="0" bw="0" slack="0"/>
<pin id="1791" dir="0" index="1" bw="16" slack="0"/>
<pin id="1792" dir="0" index="2" bw="16" slack="0"/>
<pin id="1793" dir="1" index="3" bw="0" slack="2147483647"/>
</pin_list>
<bind>
<opcode="write(1151) " fcode="write"/>
<opset="write_ln2662/3 "/>
</bind>
</comp>

<comp id="1796" class="1004" name="write_ln2662_write_fu_1796">
<pin_list>
<pin id="1797" dir="0" index="0" bw="0" slack="0"/>
<pin id="1798" dir="0" index="1" bw="16" slack="0"/>
<pin id="1799" dir="0" index="2" bw="16" slack="0"/>
<pin id="1800" dir="1" index="3" bw="0" slack="2147483647"/>
</pin_list>
<bind>
<opcode="write(1151) " fcode="write"/>
<opset="write_ln2662/3 "/>
</bind>
</comp>

<comp id="1803" class="1004" name="write_ln2662_write_fu_1803">
<pin_list>
<pin id="1804" dir="0" index="0" bw="0" slack="0"/>
<pin id="1805" dir="0" index="1" bw="16" slack="0"/>
<pin id="1806" dir="0" index="2" bw="16" slack="0"/>
<pin id="1807" dir="1" index="3" bw="0" slack="2147483647"/>
</pin_list>
<bind>
<opcode="write(1151) " fcode="write"/>
<opset="write_ln2662/3 "/>
</bind>
</comp>

<comp id="1810" class="1004" name="write_ln2662_write_fu_1810">
<pin_list>
<pin id="1811" dir="0" index="0" bw="0" slack="0"/>
<pin id="1812" dir="0" index="1" bw="16" slack="0"/>
<pin id="1813" dir="0" index="2" bw="16" slack="0"/>
<pin id="1814" dir="1" index="3" bw="0" slack="2147483647"/>
</pin_list>
<bind>
<opcode="write(1151) " fcode="write"/>
<opset="write_ln2662/3 "/>
</bind>
</comp>

<comp id="1817" class="1004" name="write_ln2662_write_fu_1817">
<pin_list>
<pin id="1818" dir="0" index="0" bw="0" slack="0"/>
<pin id="1819" dir="0" index="1" bw="16" slack="0"/>
<pin id="1820" dir="0" index="2" bw="16" slack="0"/>
<pin id="1821" dir="1" index="3" bw="0" slack="2147483647"/>
</pin_list>
<bind>
<opcode="write(1151) " fcode="write"/>
<opset="write_ln2662/3 "/>
</bind>
</comp>

<comp id="1824" class="1004" name="write_ln2662_write_fu_1824">
<pin_list>
<pin id="1825" dir="0" index="0" bw="0" slack="0"/>
<pin id="1826" dir="0" index="1" bw="16" slack="0"/>
<pin id="1827" dir="0" index="2" bw="16" slack="0"/>
<pin id="1828" dir="1" index="3" bw="0" slack="2147483647"/>
</pin_list>
<bind>
<opcode="write(1151) " fcode="write"/>
<opset="write_ln2662/3 "/>
</bind>
</comp>

<comp id="1831" class="1004" name="write_ln2662_write_fu_1831">
<pin_list>
<pin id="1832" dir="0" index="0" bw="0" slack="0"/>
<pin id="1833" dir="0" index="1" bw="16" slack="0"/>
<pin id="1834" dir="0" index="2" bw="16" slack="0"/>
<pin id="1835" dir="1" index="3" bw="0" slack="2147483647"/>
</pin_list>
<bind>
<opcode="write(1151) " fcode="write"/>
<opset="write_ln2662/3 "/>
</bind>
</comp>

<comp id="1838" class="1004" name="write_ln2662_write_fu_1838">
<pin_list>
<pin id="1839" dir="0" index="0" bw="0" slack="0"/>
<pin id="1840" dir="0" index="1" bw="16" slack="0"/>
<pin id="1841" dir="0" index="2" bw="16" slack="0"/>
<pin id="1842" dir="1" index="3" bw="0" slack="2147483647"/>
</pin_list>
<bind>
<opcode="write(1151) " fcode="write"/>
<opset="write_ln2662/3 "/>
</bind>
</comp>

<comp id="1845" class="1004" name="write_ln2662_write_fu_1845">
<pin_list>
<pin id="1846" dir="0" index="0" bw="0" slack="0"/>
<pin id="1847" dir="0" index="1" bw="16" slack="0"/>
<pin id="1848" dir="0" index="2" bw="16" slack="0"/>
<pin id="1849" dir="1" index="3" bw="0" slack="2147483647"/>
</pin_list>
<bind>
<opcode="write(1151) " fcode="write"/>
<opset="write_ln2662/3 "/>
</bind>
</comp>

<comp id="1852" class="1004" name="write_ln2662_write_fu_1852">
<pin_list>
<pin id="1853" dir="0" index="0" bw="0" slack="0"/>
<pin id="1854" dir="0" index="1" bw="16" slack="0"/>
<pin id="1855" dir="0" index="2" bw="16" slack="0"/>
<pin id="1856" dir="1" index="3" bw="0" slack="2147483647"/>
</pin_list>
<bind>
<opcode="write(1151) " fcode="write"/>
<opset="write_ln2662/3 "/>
</bind>
</comp>

<comp id="1859" class="1004" name="write_ln2662_write_fu_1859">
<pin_list>
<pin id="1860" dir="0" index="0" bw="0" slack="0"/>
<pin id="1861" dir="0" index="1" bw="16" slack="0"/>
<pin id="1862" dir="0" index="2" bw="16" slack="0"/>
<pin id="1863" dir="1" index="3" bw="0" slack="2147483647"/>
</pin_list>
<bind>
<opcode="write(1151) " fcode="write"/>
<opset="write_ln2662/3 "/>
</bind>
</comp>

<comp id="1866" class="1004" name="write_ln2662_write_fu_1866">
<pin_list>
<pin id="1867" dir="0" index="0" bw="0" slack="0"/>
<pin id="1868" dir="0" index="1" bw="16" slack="0"/>
<pin id="1869" dir="0" index="2" bw="16" slack="0"/>
<pin id="1870" dir="1" index="3" bw="0" slack="2147483647"/>
</pin_list>
<bind>
<opcode="write(1151) " fcode="write"/>
<opset="write_ln2662/3 "/>
</bind>
</comp>

<comp id="1873" class="1004" name="write_ln2662_write_fu_1873">
<pin_list>
<pin id="1874" dir="0" index="0" bw="0" slack="0"/>
<pin id="1875" dir="0" index="1" bw="16" slack="0"/>
<pin id="1876" dir="0" index="2" bw="16" slack="0"/>
<pin id="1877" dir="1" index="3" bw="0" slack="2147483647"/>
</pin_list>
<bind>
<opcode="write(1151) " fcode="write"/>
<opset="write_ln2662/3 "/>
</bind>
</comp>

<comp id="1880" class="1004" name="write_ln2662_write_fu_1880">
<pin_list>
<pin id="1881" dir="0" index="0" bw="0" slack="0"/>
<pin id="1882" dir="0" index="1" bw="16" slack="0"/>
<pin id="1883" dir="0" index="2" bw="16" slack="0"/>
<pin id="1884" dir="1" index="3" bw="0" slack="2147483647"/>
</pin_list>
<bind>
<opcode="write(1151) " fcode="write"/>
<opset="write_ln2662/3 "/>
</bind>
</comp>

<comp id="1887" class="1004" name="write_ln2662_write_fu_1887">
<pin_list>
<pin id="1888" dir="0" index="0" bw="0" slack="0"/>
<pin id="1889" dir="0" index="1" bw="16" slack="0"/>
<pin id="1890" dir="0" index="2" bw="16" slack="0"/>
<pin id="1891" dir="1" index="3" bw="0" slack="2147483647"/>
</pin_list>
<bind>
<opcode="write(1151) " fcode="write"/>
<opset="write_ln2662/3 "/>
</bind>
</comp>

<comp id="1894" class="1004" name="write_ln2662_write_fu_1894">
<pin_list>
<pin id="1895" dir="0" index="0" bw="0" slack="0"/>
<pin id="1896" dir="0" index="1" bw="16" slack="0"/>
<pin id="1897" dir="0" index="2" bw="16" slack="0"/>
<pin id="1898" dir="1" index="3" bw="0" slack="2147483647"/>
</pin_list>
<bind>
<opcode="write(1151) " fcode="write"/>
<opset="write_ln2662/3 "/>
</bind>
</comp>

<comp id="1901" class="1004" name="write_ln2662_write_fu_1901">
<pin_list>
<pin id="1902" dir="0" index="0" bw="0" slack="0"/>
<pin id="1903" dir="0" index="1" bw="16" slack="0"/>
<pin id="1904" dir="0" index="2" bw="16" slack="0"/>
<pin id="1905" dir="1" index="3" bw="0" slack="2147483647"/>
</pin_list>
<bind>
<opcode="write(1151) " fcode="write"/>
<opset="write_ln2662/3 "/>
</bind>
</comp>

<comp id="1908" class="1004" name="write_ln2662_write_fu_1908">
<pin_list>
<pin id="1909" dir="0" index="0" bw="0" slack="0"/>
<pin id="1910" dir="0" index="1" bw="16" slack="0"/>
<pin id="1911" dir="0" index="2" bw="16" slack="0"/>
<pin id="1912" dir="1" index="3" bw="0" slack="2147483647"/>
</pin_list>
<bind>
<opcode="write(1151) " fcode="write"/>
<opset="write_ln2662/3 "/>
</bind>
</comp>

<comp id="1915" class="1004" name="write_ln2662_write_fu_1915">
<pin_list>
<pin id="1916" dir="0" index="0" bw="0" slack="0"/>
<pin id="1917" dir="0" index="1" bw="16" slack="0"/>
<pin id="1918" dir="0" index="2" bw="16" slack="0"/>
<pin id="1919" dir="1" index="3" bw="0" slack="2147483647"/>
</pin_list>
<bind>
<opcode="write(1151) " fcode="write"/>
<opset="write_ln2662/3 "/>
</bind>
</comp>

<comp id="1922" class="1004" name="write_ln2662_write_fu_1922">
<pin_list>
<pin id="1923" dir="0" index="0" bw="0" slack="0"/>
<pin id="1924" dir="0" index="1" bw="16" slack="0"/>
<pin id="1925" dir="0" index="2" bw="16" slack="0"/>
<pin id="1926" dir="1" index="3" bw="0" slack="2147483647"/>
</pin_list>
<bind>
<opcode="write(1151) " fcode="write"/>
<opset="write_ln2662/3 "/>
</bind>
</comp>

<comp id="1929" class="1004" name="write_ln2662_write_fu_1929">
<pin_list>
<pin id="1930" dir="0" index="0" bw="0" slack="0"/>
<pin id="1931" dir="0" index="1" bw="16" slack="0"/>
<pin id="1932" dir="0" index="2" bw="16" slack="0"/>
<pin id="1933" dir="1" index="3" bw="0" slack="2147483647"/>
</pin_list>
<bind>
<opcode="write(1151) " fcode="write"/>
<opset="write_ln2662/3 "/>
</bind>
</comp>

<comp id="1936" class="1004" name="write_ln2662_write_fu_1936">
<pin_list>
<pin id="1937" dir="0" index="0" bw="0" slack="0"/>
<pin id="1938" dir="0" index="1" bw="16" slack="0"/>
<pin id="1939" dir="0" index="2" bw="16" slack="0"/>
<pin id="1940" dir="1" index="3" bw="0" slack="2147483647"/>
</pin_list>
<bind>
<opcode="write(1151) " fcode="write"/>
<opset="write_ln2662/3 "/>
</bind>
</comp>

<comp id="1943" class="1004" name="write_ln2662_write_fu_1943">
<pin_list>
<pin id="1944" dir="0" index="0" bw="0" slack="0"/>
<pin id="1945" dir="0" index="1" bw="16" slack="0"/>
<pin id="1946" dir="0" index="2" bw="16" slack="0"/>
<pin id="1947" dir="1" index="3" bw="0" slack="2147483647"/>
</pin_list>
<bind>
<opcode="write(1151) " fcode="write"/>
<opset="write_ln2662/3 "/>
</bind>
</comp>

<comp id="1950" class="1004" name="write_ln2662_write_fu_1950">
<pin_list>
<pin id="1951" dir="0" index="0" bw="0" slack="0"/>
<pin id="1952" dir="0" index="1" bw="16" slack="0"/>
<pin id="1953" dir="0" index="2" bw="16" slack="0"/>
<pin id="1954" dir="1" index="3" bw="0" slack="2147483647"/>
</pin_list>
<bind>
<opcode="write(1151) " fcode="write"/>
<opset="write_ln2662/3 "/>
</bind>
</comp>

<comp id="1957" class="1004" name="write_ln2662_write_fu_1957">
<pin_list>
<pin id="1958" dir="0" index="0" bw="0" slack="0"/>
<pin id="1959" dir="0" index="1" bw="16" slack="0"/>
<pin id="1960" dir="0" index="2" bw="16" slack="0"/>
<pin id="1961" dir="1" index="3" bw="0" slack="2147483647"/>
</pin_list>
<bind>
<opcode="write(1151) " fcode="write"/>
<opset="write_ln2662/3 "/>
</bind>
</comp>

<comp id="1964" class="1004" name="write_ln2662_write_fu_1964">
<pin_list>
<pin id="1965" dir="0" index="0" bw="0" slack="0"/>
<pin id="1966" dir="0" index="1" bw="16" slack="0"/>
<pin id="1967" dir="0" index="2" bw="16" slack="0"/>
<pin id="1968" dir="1" index="3" bw="0" slack="2147483647"/>
</pin_list>
<bind>
<opcode="write(1151) " fcode="write"/>
<opset="write_ln2662/3 "/>
</bind>
</comp>

<comp id="1971" class="1004" name="write_ln2662_write_fu_1971">
<pin_list>
<pin id="1972" dir="0" index="0" bw="0" slack="0"/>
<pin id="1973" dir="0" index="1" bw="16" slack="0"/>
<pin id="1974" dir="0" index="2" bw="16" slack="0"/>
<pin id="1975" dir="1" index="3" bw="0" slack="2147483647"/>
</pin_list>
<bind>
<opcode="write(1151) " fcode="write"/>
<opset="write_ln2662/3 "/>
</bind>
</comp>

<comp id="1978" class="1004" name="write_ln2662_write_fu_1978">
<pin_list>
<pin id="1979" dir="0" index="0" bw="0" slack="0"/>
<pin id="1980" dir="0" index="1" bw="16" slack="0"/>
<pin id="1981" dir="0" index="2" bw="16" slack="0"/>
<pin id="1982" dir="1" index="3" bw="0" slack="2147483647"/>
</pin_list>
<bind>
<opcode="write(1151) " fcode="write"/>
<opset="write_ln2662/3 "/>
</bind>
</comp>

<comp id="1985" class="1004" name="write_ln2662_write_fu_1985">
<pin_list>
<pin id="1986" dir="0" index="0" bw="0" slack="0"/>
<pin id="1987" dir="0" index="1" bw="16" slack="0"/>
<pin id="1988" dir="0" index="2" bw="16" slack="0"/>
<pin id="1989" dir="1" index="3" bw="0" slack="2147483647"/>
</pin_list>
<bind>
<opcode="write(1151) " fcode="write"/>
<opset="write_ln2662/3 "/>
</bind>
</comp>

<comp id="1992" class="1004" name="write_ln2662_write_fu_1992">
<pin_list>
<pin id="1993" dir="0" index="0" bw="0" slack="0"/>
<pin id="1994" dir="0" index="1" bw="16" slack="0"/>
<pin id="1995" dir="0" index="2" bw="16" slack="0"/>
<pin id="1996" dir="1" index="3" bw="0" slack="2147483647"/>
</pin_list>
<bind>
<opcode="write(1151) " fcode="write"/>
<opset="write_ln2662/3 "/>
</bind>
</comp>

<comp id="1999" class="1004" name="write_ln2662_write_fu_1999">
<pin_list>
<pin id="2000" dir="0" index="0" bw="0" slack="0"/>
<pin id="2001" dir="0" index="1" bw="16" slack="0"/>
<pin id="2002" dir="0" index="2" bw="16" slack="0"/>
<pin id="2003" dir="1" index="3" bw="0" slack="2147483647"/>
</pin_list>
<bind>
<opcode="write(1151) " fcode="write"/>
<opset="write_ln2662/3 "/>
</bind>
</comp>

<comp id="2006" class="1004" name="write_ln2662_write_fu_2006">
<pin_list>
<pin id="2007" dir="0" index="0" bw="0" slack="0"/>
<pin id="2008" dir="0" index="1" bw="16" slack="0"/>
<pin id="2009" dir="0" index="2" bw="16" slack="0"/>
<pin id="2010" dir="1" index="3" bw="0" slack="2147483647"/>
</pin_list>
<bind>
<opcode="write(1151) " fcode="write"/>
<opset="write_ln2662/3 "/>
</bind>
</comp>

<comp id="2013" class="1004" name="write_ln2662_write_fu_2013">
<pin_list>
<pin id="2014" dir="0" index="0" bw="0" slack="0"/>
<pin id="2015" dir="0" index="1" bw="16" slack="0"/>
<pin id="2016" dir="0" index="2" bw="16" slack="0"/>
<pin id="2017" dir="1" index="3" bw="0" slack="2147483647"/>
</pin_list>
<bind>
<opcode="write(1151) " fcode="write"/>
<opset="write_ln2662/3 "/>
</bind>
</comp>

<comp id="2020" class="1004" name="write_ln2662_write_fu_2020">
<pin_list>
<pin id="2021" dir="0" index="0" bw="0" slack="0"/>
<pin id="2022" dir="0" index="1" bw="16" slack="0"/>
<pin id="2023" dir="0" index="2" bw="16" slack="0"/>
<pin id="2024" dir="1" index="3" bw="0" slack="2147483647"/>
</pin_list>
<bind>
<opcode="write(1151) " fcode="write"/>
<opset="write_ln2662/3 "/>
</bind>
</comp>

<comp id="2027" class="1004" name="write_ln2662_write_fu_2027">
<pin_list>
<pin id="2028" dir="0" index="0" bw="0" slack="0"/>
<pin id="2029" dir="0" index="1" bw="16" slack="0"/>
<pin id="2030" dir="0" index="2" bw="16" slack="0"/>
<pin id="2031" dir="1" index="3" bw="0" slack="2147483647"/>
</pin_list>
<bind>
<opcode="write(1151) " fcode="write"/>
<opset="write_ln2662/3 "/>
</bind>
</comp>

<comp id="2034" class="1004" name="write_ln2662_write_fu_2034">
<pin_list>
<pin id="2035" dir="0" index="0" bw="0" slack="0"/>
<pin id="2036" dir="0" index="1" bw="16" slack="0"/>
<pin id="2037" dir="0" index="2" bw="16" slack="0"/>
<pin id="2038" dir="1" index="3" bw="0" slack="2147483647"/>
</pin_list>
<bind>
<opcode="write(1151) " fcode="write"/>
<opset="write_ln2662/3 "/>
</bind>
</comp>

<comp id="2041" class="1004" name="write_ln2662_write_fu_2041">
<pin_list>
<pin id="2042" dir="0" index="0" bw="0" slack="0"/>
<pin id="2043" dir="0" index="1" bw="16" slack="0"/>
<pin id="2044" dir="0" index="2" bw="16" slack="0"/>
<pin id="2045" dir="1" index="3" bw="0" slack="2147483647"/>
</pin_list>
<bind>
<opcode="write(1151) " fcode="write"/>
<opset="write_ln2662/3 "/>
</bind>
</comp>

<comp id="2048" class="1004" name="write_ln2662_write_fu_2048">
<pin_list>
<pin id="2049" dir="0" index="0" bw="0" slack="0"/>
<pin id="2050" dir="0" index="1" bw="16" slack="0"/>
<pin id="2051" dir="0" index="2" bw="16" slack="0"/>
<pin id="2052" dir="1" index="3" bw="0" slack="2147483647"/>
</pin_list>
<bind>
<opcode="write(1151) " fcode="write"/>
<opset="write_ln2662/3 "/>
</bind>
</comp>

<comp id="2055" class="1004" name="write_ln2662_write_fu_2055">
<pin_list>
<pin id="2056" dir="0" index="0" bw="0" slack="0"/>
<pin id="2057" dir="0" index="1" bw="16" slack="0"/>
<pin id="2058" dir="0" index="2" bw="16" slack="0"/>
<pin id="2059" dir="1" index="3" bw="0" slack="2147483647"/>
</pin_list>
<bind>
<opcode="write(1151) " fcode="write"/>
<opset="write_ln2662/3 "/>
</bind>
</comp>

<comp id="2062" class="1004" name="write_ln2662_write_fu_2062">
<pin_list>
<pin id="2063" dir="0" index="0" bw="0" slack="0"/>
<pin id="2064" dir="0" index="1" bw="16" slack="0"/>
<pin id="2065" dir="0" index="2" bw="16" slack="0"/>
<pin id="2066" dir="1" index="3" bw="0" slack="2147483647"/>
</pin_list>
<bind>
<opcode="write(1151) " fcode="write"/>
<opset="write_ln2662/3 "/>
</bind>
</comp>

<comp id="2069" class="1004" name="write_ln2662_write_fu_2069">
<pin_list>
<pin id="2070" dir="0" index="0" bw="0" slack="0"/>
<pin id="2071" dir="0" index="1" bw="16" slack="0"/>
<pin id="2072" dir="0" index="2" bw="16" slack="0"/>
<pin id="2073" dir="1" index="3" bw="0" slack="2147483647"/>
</pin_list>
<bind>
<opcode="write(1151) " fcode="write"/>
<opset="write_ln2662/3 "/>
</bind>
</comp>

<comp id="2076" class="1004" name="write_ln2662_write_fu_2076">
<pin_list>
<pin id="2077" dir="0" index="0" bw="0" slack="0"/>
<pin id="2078" dir="0" index="1" bw="16" slack="0"/>
<pin id="2079" dir="0" index="2" bw="16" slack="0"/>
<pin id="2080" dir="1" index="3" bw="0" slack="2147483647"/>
</pin_list>
<bind>
<opcode="write(1151) " fcode="write"/>
<opset="write_ln2662/3 "/>
</bind>
</comp>

<comp id="2083" class="1004" name="write_ln2662_write_fu_2083">
<pin_list>
<pin id="2084" dir="0" index="0" bw="0" slack="0"/>
<pin id="2085" dir="0" index="1" bw="16" slack="0"/>
<pin id="2086" dir="0" index="2" bw="16" slack="0"/>
<pin id="2087" dir="1" index="3" bw="0" slack="2147483647"/>
</pin_list>
<bind>
<opcode="write(1151) " fcode="write"/>
<opset="write_ln2662/3 "/>
</bind>
</comp>

<comp id="2090" class="1004" name="write_ln2662_write_fu_2090">
<pin_list>
<pin id="2091" dir="0" index="0" bw="0" slack="0"/>
<pin id="2092" dir="0" index="1" bw="16" slack="0"/>
<pin id="2093" dir="0" index="2" bw="16" slack="0"/>
<pin id="2094" dir="1" index="3" bw="0" slack="2147483647"/>
</pin_list>
<bind>
<opcode="write(1151) " fcode="write"/>
<opset="write_ln2662/3 "/>
</bind>
</comp>

<comp id="2097" class="1004" name="write_ln2662_write_fu_2097">
<pin_list>
<pin id="2098" dir="0" index="0" bw="0" slack="0"/>
<pin id="2099" dir="0" index="1" bw="16" slack="0"/>
<pin id="2100" dir="0" index="2" bw="16" slack="0"/>
<pin id="2101" dir="1" index="3" bw="0" slack="2147483647"/>
</pin_list>
<bind>
<opcode="write(1151) " fcode="write"/>
<opset="write_ln2662/3 "/>
</bind>
</comp>

<comp id="2104" class="1004" name="write_ln2662_write_fu_2104">
<pin_list>
<pin id="2105" dir="0" index="0" bw="0" slack="0"/>
<pin id="2106" dir="0" index="1" bw="16" slack="0"/>
<pin id="2107" dir="0" index="2" bw="16" slack="0"/>
<pin id="2108" dir="1" index="3" bw="0" slack="2147483647"/>
</pin_list>
<bind>
<opcode="write(1151) " fcode="write"/>
<opset="write_ln2662/3 "/>
</bind>
</comp>

<comp id="2111" class="1004" name="write_ln2662_write_fu_2111">
<pin_list>
<pin id="2112" dir="0" index="0" bw="0" slack="0"/>
<pin id="2113" dir="0" index="1" bw="16" slack="0"/>
<pin id="2114" dir="0" index="2" bw="16" slack="0"/>
<pin id="2115" dir="1" index="3" bw="0" slack="2147483647"/>
</pin_list>
<bind>
<opcode="write(1151) " fcode="write"/>
<opset="write_ln2662/3 "/>
</bind>
</comp>

<comp id="2118" class="1004" name="write_ln2662_write_fu_2118">
<pin_list>
<pin id="2119" dir="0" index="0" bw="0" slack="0"/>
<pin id="2120" dir="0" index="1" bw="16" slack="0"/>
<pin id="2121" dir="0" index="2" bw="16" slack="0"/>
<pin id="2122" dir="1" index="3" bw="0" slack="2147483647"/>
</pin_list>
<bind>
<opcode="write(1151) " fcode="write"/>
<opset="write_ln2662/3 "/>
</bind>
</comp>

<comp id="2125" class="1004" name="write_ln2662_write_fu_2125">
<pin_list>
<pin id="2126" dir="0" index="0" bw="0" slack="0"/>
<pin id="2127" dir="0" index="1" bw="16" slack="0"/>
<pin id="2128" dir="0" index="2" bw="16" slack="0"/>
<pin id="2129" dir="1" index="3" bw="0" slack="2147483647"/>
</pin_list>
<bind>
<opcode="write(1151) " fcode="write"/>
<opset="write_ln2662/3 "/>
</bind>
</comp>

<comp id="2132" class="1004" name="write_ln2662_write_fu_2132">
<pin_list>
<pin id="2133" dir="0" index="0" bw="0" slack="0"/>
<pin id="2134" dir="0" index="1" bw="16" slack="0"/>
<pin id="2135" dir="0" index="2" bw="16" slack="0"/>
<pin id="2136" dir="1" index="3" bw="0" slack="2147483647"/>
</pin_list>
<bind>
<opcode="write(1151) " fcode="write"/>
<opset="write_ln2662/3 "/>
</bind>
</comp>

<comp id="2139" class="1004" name="write_ln2662_write_fu_2139">
<pin_list>
<pin id="2140" dir="0" index="0" bw="0" slack="0"/>
<pin id="2141" dir="0" index="1" bw="16" slack="0"/>
<pin id="2142" dir="0" index="2" bw="16" slack="0"/>
<pin id="2143" dir="1" index="3" bw="0" slack="2147483647"/>
</pin_list>
<bind>
<opcode="write(1151) " fcode="write"/>
<opset="write_ln2662/3 "/>
</bind>
</comp>

<comp id="2146" class="1004" name="write_ln2662_write_fu_2146">
<pin_list>
<pin id="2147" dir="0" index="0" bw="0" slack="0"/>
<pin id="2148" dir="0" index="1" bw="16" slack="0"/>
<pin id="2149" dir="0" index="2" bw="16" slack="0"/>
<pin id="2150" dir="1" index="3" bw="0" slack="2147483647"/>
</pin_list>
<bind>
<opcode="write(1151) " fcode="write"/>
<opset="write_ln2662/3 "/>
</bind>
</comp>

<comp id="2153" class="1004" name="write_ln2662_write_fu_2153">
<pin_list>
<pin id="2154" dir="0" index="0" bw="0" slack="0"/>
<pin id="2155" dir="0" index="1" bw="16" slack="0"/>
<pin id="2156" dir="0" index="2" bw="16" slack="0"/>
<pin id="2157" dir="1" index="3" bw="0" slack="2147483647"/>
</pin_list>
<bind>
<opcode="write(1151) " fcode="write"/>
<opset="write_ln2662/3 "/>
</bind>
</comp>

<comp id="2160" class="1004" name="write_ln2662_write_fu_2160">
<pin_list>
<pin id="2161" dir="0" index="0" bw="0" slack="0"/>
<pin id="2162" dir="0" index="1" bw="16" slack="0"/>
<pin id="2163" dir="0" index="2" bw="16" slack="0"/>
<pin id="2164" dir="1" index="3" bw="0" slack="2147483647"/>
</pin_list>
<bind>
<opcode="write(1151) " fcode="write"/>
<opset="write_ln2662/3 "/>
</bind>
</comp>

<comp id="2167" class="1004" name="write_ln2662_write_fu_2167">
<pin_list>
<pin id="2168" dir="0" index="0" bw="0" slack="0"/>
<pin id="2169" dir="0" index="1" bw="16" slack="0"/>
<pin id="2170" dir="0" index="2" bw="16" slack="0"/>
<pin id="2171" dir="1" index="3" bw="0" slack="2147483647"/>
</pin_list>
<bind>
<opcode="write(1151) " fcode="write"/>
<opset="write_ln2662/3 "/>
</bind>
</comp>

<comp id="2174" class="1004" name="write_ln2662_write_fu_2174">
<pin_list>
<pin id="2175" dir="0" index="0" bw="0" slack="0"/>
<pin id="2176" dir="0" index="1" bw="16" slack="0"/>
<pin id="2177" dir="0" index="2" bw="16" slack="0"/>
<pin id="2178" dir="1" index="3" bw="0" slack="2147483647"/>
</pin_list>
<bind>
<opcode="write(1151) " fcode="write"/>
<opset="write_ln2662/3 "/>
</bind>
</comp>

<comp id="2181" class="1004" name="write_ln2662_write_fu_2181">
<pin_list>
<pin id="2182" dir="0" index="0" bw="0" slack="0"/>
<pin id="2183" dir="0" index="1" bw="16" slack="0"/>
<pin id="2184" dir="0" index="2" bw="16" slack="0"/>
<pin id="2185" dir="1" index="3" bw="0" slack="2147483647"/>
</pin_list>
<bind>
<opcode="write(1151) " fcode="write"/>
<opset="write_ln2662/3 "/>
</bind>
</comp>

<comp id="2188" class="1004" name="write_ln2662_write_fu_2188">
<pin_list>
<pin id="2189" dir="0" index="0" bw="0" slack="0"/>
<pin id="2190" dir="0" index="1" bw="16" slack="0"/>
<pin id="2191" dir="0" index="2" bw="16" slack="0"/>
<pin id="2192" dir="1" index="3" bw="0" slack="2147483647"/>
</pin_list>
<bind>
<opcode="write(1151) " fcode="write"/>
<opset="write_ln2662/3 "/>
</bind>
</comp>

<comp id="2195" class="1004" name="write_ln2662_write_fu_2195">
<pin_list>
<pin id="2196" dir="0" index="0" bw="0" slack="0"/>
<pin id="2197" dir="0" index="1" bw="16" slack="0"/>
<pin id="2198" dir="0" index="2" bw="16" slack="0"/>
<pin id="2199" dir="1" index="3" bw="0" slack="2147483647"/>
</pin_list>
<bind>
<opcode="write(1151) " fcode="write"/>
<opset="write_ln2662/3 "/>
</bind>
</comp>

<comp id="2202" class="1004" name="write_ln2662_write_fu_2202">
<pin_list>
<pin id="2203" dir="0" index="0" bw="0" slack="0"/>
<pin id="2204" dir="0" index="1" bw="16" slack="0"/>
<pin id="2205" dir="0" index="2" bw="16" slack="0"/>
<pin id="2206" dir="1" index="3" bw="0" slack="2147483647"/>
</pin_list>
<bind>
<opcode="write(1151) " fcode="write"/>
<opset="write_ln2662/3 "/>
</bind>
</comp>

<comp id="2209" class="1004" name="write_ln2662_write_fu_2209">
<pin_list>
<pin id="2210" dir="0" index="0" bw="0" slack="0"/>
<pin id="2211" dir="0" index="1" bw="16" slack="0"/>
<pin id="2212" dir="0" index="2" bw="16" slack="0"/>
<pin id="2213" dir="1" index="3" bw="0" slack="2147483647"/>
</pin_list>
<bind>
<opcode="write(1151) " fcode="write"/>
<opset="write_ln2662/3 "/>
</bind>
</comp>

<comp id="2216" class="1004" name="write_ln2662_write_fu_2216">
<pin_list>
<pin id="2217" dir="0" index="0" bw="0" slack="0"/>
<pin id="2218" dir="0" index="1" bw="16" slack="0"/>
<pin id="2219" dir="0" index="2" bw="16" slack="0"/>
<pin id="2220" dir="1" index="3" bw="0" slack="2147483647"/>
</pin_list>
<bind>
<opcode="write(1151) " fcode="write"/>
<opset="write_ln2662/3 "/>
</bind>
</comp>

<comp id="2223" class="1004" name="write_ln2662_write_fu_2223">
<pin_list>
<pin id="2224" dir="0" index="0" bw="0" slack="0"/>
<pin id="2225" dir="0" index="1" bw="16" slack="0"/>
<pin id="2226" dir="0" index="2" bw="16" slack="0"/>
<pin id="2227" dir="1" index="3" bw="0" slack="2147483647"/>
</pin_list>
<bind>
<opcode="write(1151) " fcode="write"/>
<opset="write_ln2662/3 "/>
</bind>
</comp>

<comp id="2230" class="1004" name="write_ln2662_write_fu_2230">
<pin_list>
<pin id="2231" dir="0" index="0" bw="0" slack="0"/>
<pin id="2232" dir="0" index="1" bw="16" slack="0"/>
<pin id="2233" dir="0" index="2" bw="16" slack="0"/>
<pin id="2234" dir="1" index="3" bw="0" slack="2147483647"/>
</pin_list>
<bind>
<opcode="write(1151) " fcode="write"/>
<opset="write_ln2662/3 "/>
</bind>
</comp>

<comp id="2237" class="1004" name="write_ln2662_write_fu_2237">
<pin_list>
<pin id="2238" dir="0" index="0" bw="0" slack="0"/>
<pin id="2239" dir="0" index="1" bw="16" slack="0"/>
<pin id="2240" dir="0" index="2" bw="16" slack="0"/>
<pin id="2241" dir="1" index="3" bw="0" slack="2147483647"/>
</pin_list>
<bind>
<opcode="write(1151) " fcode="write"/>
<opset="write_ln2662/3 "/>
</bind>
</comp>

<comp id="2244" class="1004" name="write_ln2662_write_fu_2244">
<pin_list>
<pin id="2245" dir="0" index="0" bw="0" slack="0"/>
<pin id="2246" dir="0" index="1" bw="16" slack="0"/>
<pin id="2247" dir="0" index="2" bw="16" slack="0"/>
<pin id="2248" dir="1" index="3" bw="0" slack="2147483647"/>
</pin_list>
<bind>
<opcode="write(1151) " fcode="write"/>
<opset="write_ln2662/3 "/>
</bind>
</comp>

<comp id="2251" class="1004" name="write_ln2662_write_fu_2251">
<pin_list>
<pin id="2252" dir="0" index="0" bw="0" slack="0"/>
<pin id="2253" dir="0" index="1" bw="16" slack="0"/>
<pin id="2254" dir="0" index="2" bw="16" slack="0"/>
<pin id="2255" dir="1" index="3" bw="0" slack="2147483647"/>
</pin_list>
<bind>
<opcode="write(1151) " fcode="write"/>
<opset="write_ln2662/3 "/>
</bind>
</comp>

<comp id="2258" class="1004" name="write_ln2662_write_fu_2258">
<pin_list>
<pin id="2259" dir="0" index="0" bw="0" slack="0"/>
<pin id="2260" dir="0" index="1" bw="16" slack="0"/>
<pin id="2261" dir="0" index="2" bw="16" slack="0"/>
<pin id="2262" dir="1" index="3" bw="0" slack="2147483647"/>
</pin_list>
<bind>
<opcode="write(1151) " fcode="write"/>
<opset="write_ln2662/3 "/>
</bind>
</comp>

<comp id="2265" class="1004" name="write_ln2662_write_fu_2265">
<pin_list>
<pin id="2266" dir="0" index="0" bw="0" slack="0"/>
<pin id="2267" dir="0" index="1" bw="16" slack="0"/>
<pin id="2268" dir="0" index="2" bw="16" slack="0"/>
<pin id="2269" dir="1" index="3" bw="0" slack="2147483647"/>
</pin_list>
<bind>
<opcode="write(1151) " fcode="write"/>
<opset="write_ln2662/3 "/>
</bind>
</comp>

<comp id="2272" class="1004" name="write_ln2662_write_fu_2272">
<pin_list>
<pin id="2273" dir="0" index="0" bw="0" slack="0"/>
<pin id="2274" dir="0" index="1" bw="16" slack="0"/>
<pin id="2275" dir="0" index="2" bw="16" slack="0"/>
<pin id="2276" dir="1" index="3" bw="0" slack="2147483647"/>
</pin_list>
<bind>
<opcode="write(1151) " fcode="write"/>
<opset="write_ln2662/3 "/>
</bind>
</comp>

<comp id="2279" class="1004" name="write_ln2662_write_fu_2279">
<pin_list>
<pin id="2280" dir="0" index="0" bw="0" slack="0"/>
<pin id="2281" dir="0" index="1" bw="16" slack="0"/>
<pin id="2282" dir="0" index="2" bw="16" slack="0"/>
<pin id="2283" dir="1" index="3" bw="0" slack="2147483647"/>
</pin_list>
<bind>
<opcode="write(1151) " fcode="write"/>
<opset="write_ln2662/3 "/>
</bind>
</comp>

<comp id="2286" class="1004" name="write_ln2662_write_fu_2286">
<pin_list>
<pin id="2287" dir="0" index="0" bw="0" slack="0"/>
<pin id="2288" dir="0" index="1" bw="16" slack="0"/>
<pin id="2289" dir="0" index="2" bw="16" slack="0"/>
<pin id="2290" dir="1" index="3" bw="0" slack="2147483647"/>
</pin_list>
<bind>
<opcode="write(1151) " fcode="write"/>
<opset="write_ln2662/3 "/>
</bind>
</comp>

<comp id="2293" class="1004" name="write_ln2662_write_fu_2293">
<pin_list>
<pin id="2294" dir="0" index="0" bw="0" slack="0"/>
<pin id="2295" dir="0" index="1" bw="16" slack="0"/>
<pin id="2296" dir="0" index="2" bw="16" slack="0"/>
<pin id="2297" dir="1" index="3" bw="0" slack="2147483647"/>
</pin_list>
<bind>
<opcode="write(1151) " fcode="write"/>
<opset="write_ln2662/3 "/>
</bind>
</comp>

<comp id="2300" class="1004" name="write_ln2662_write_fu_2300">
<pin_list>
<pin id="2301" dir="0" index="0" bw="0" slack="0"/>
<pin id="2302" dir="0" index="1" bw="16" slack="0"/>
<pin id="2303" dir="0" index="2" bw="16" slack="0"/>
<pin id="2304" dir="1" index="3" bw="0" slack="2147483647"/>
</pin_list>
<bind>
<opcode="write(1151) " fcode="write"/>
<opset="write_ln2662/3 "/>
</bind>
</comp>

<comp id="2307" class="1004" name="write_ln2662_write_fu_2307">
<pin_list>
<pin id="2308" dir="0" index="0" bw="0" slack="0"/>
<pin id="2309" dir="0" index="1" bw="16" slack="0"/>
<pin id="2310" dir="0" index="2" bw="16" slack="0"/>
<pin id="2311" dir="1" index="3" bw="0" slack="2147483647"/>
</pin_list>
<bind>
<opcode="write(1151) " fcode="write"/>
<opset="write_ln2662/3 "/>
</bind>
</comp>

<comp id="2314" class="1004" name="write_ln2662_write_fu_2314">
<pin_list>
<pin id="2315" dir="0" index="0" bw="0" slack="0"/>
<pin id="2316" dir="0" index="1" bw="16" slack="0"/>
<pin id="2317" dir="0" index="2" bw="16" slack="0"/>
<pin id="2318" dir="1" index="3" bw="0" slack="2147483647"/>
</pin_list>
<bind>
<opcode="write(1151) " fcode="write"/>
<opset="write_ln2662/3 "/>
</bind>
</comp>

<comp id="2321" class="1004" name="write_ln2662_write_fu_2321">
<pin_list>
<pin id="2322" dir="0" index="0" bw="0" slack="0"/>
<pin id="2323" dir="0" index="1" bw="16" slack="0"/>
<pin id="2324" dir="0" index="2" bw="16" slack="0"/>
<pin id="2325" dir="1" index="3" bw="0" slack="2147483647"/>
</pin_list>
<bind>
<opcode="write(1151) " fcode="write"/>
<opset="write_ln2662/3 "/>
</bind>
</comp>

<comp id="2328" class="1004" name="write_ln2662_write_fu_2328">
<pin_list>
<pin id="2329" dir="0" index="0" bw="0" slack="0"/>
<pin id="2330" dir="0" index="1" bw="16" slack="0"/>
<pin id="2331" dir="0" index="2" bw="16" slack="0"/>
<pin id="2332" dir="1" index="3" bw="0" slack="2147483647"/>
</pin_list>
<bind>
<opcode="write(1151) " fcode="write"/>
<opset="write_ln2662/3 "/>
</bind>
</comp>

<comp id="2335" class="1004" name="write_ln2662_write_fu_2335">
<pin_list>
<pin id="2336" dir="0" index="0" bw="0" slack="0"/>
<pin id="2337" dir="0" index="1" bw="16" slack="0"/>
<pin id="2338" dir="0" index="2" bw="16" slack="0"/>
<pin id="2339" dir="1" index="3" bw="0" slack="2147483647"/>
</pin_list>
<bind>
<opcode="write(1151) " fcode="write"/>
<opset="write_ln2662/3 "/>
</bind>
</comp>

<comp id="2342" class="1004" name="write_ln2662_write_fu_2342">
<pin_list>
<pin id="2343" dir="0" index="0" bw="0" slack="0"/>
<pin id="2344" dir="0" index="1" bw="16" slack="0"/>
<pin id="2345" dir="0" index="2" bw="16" slack="0"/>
<pin id="2346" dir="1" index="3" bw="0" slack="2147483647"/>
</pin_list>
<bind>
<opcode="write(1151) " fcode="write"/>
<opset="write_ln2662/3 "/>
</bind>
</comp>

<comp id="2349" class="1004" name="write_ln2662_write_fu_2349">
<pin_list>
<pin id="2350" dir="0" index="0" bw="0" slack="0"/>
<pin id="2351" dir="0" index="1" bw="16" slack="0"/>
<pin id="2352" dir="0" index="2" bw="16" slack="0"/>
<pin id="2353" dir="1" index="3" bw="0" slack="2147483647"/>
</pin_list>
<bind>
<opcode="write(1151) " fcode="write"/>
<opset="write_ln2662/3 "/>
</bind>
</comp>

<comp id="2356" class="1004" name="write_ln2662_write_fu_2356">
<pin_list>
<pin id="2357" dir="0" index="0" bw="0" slack="0"/>
<pin id="2358" dir="0" index="1" bw="16" slack="0"/>
<pin id="2359" dir="0" index="2" bw="16" slack="0"/>
<pin id="2360" dir="1" index="3" bw="0" slack="2147483647"/>
</pin_list>
<bind>
<opcode="write(1151) " fcode="write"/>
<opset="write_ln2662/3 "/>
</bind>
</comp>

<comp id="2363" class="1004" name="write_ln2662_write_fu_2363">
<pin_list>
<pin id="2364" dir="0" index="0" bw="0" slack="0"/>
<pin id="2365" dir="0" index="1" bw="16" slack="0"/>
<pin id="2366" dir="0" index="2" bw="16" slack="0"/>
<pin id="2367" dir="1" index="3" bw="0" slack="2147483647"/>
</pin_list>
<bind>
<opcode="write(1151) " fcode="write"/>
<opset="write_ln2662/3 "/>
</bind>
</comp>

<comp id="2370" class="1004" name="write_ln2662_write_fu_2370">
<pin_list>
<pin id="2371" dir="0" index="0" bw="0" slack="0"/>
<pin id="2372" dir="0" index="1" bw="16" slack="0"/>
<pin id="2373" dir="0" index="2" bw="16" slack="0"/>
<pin id="2374" dir="1" index="3" bw="0" slack="2147483647"/>
</pin_list>
<bind>
<opcode="write(1151) " fcode="write"/>
<opset="write_ln2662/3 "/>
</bind>
</comp>

<comp id="2377" class="1004" name="write_ln2662_write_fu_2377">
<pin_list>
<pin id="2378" dir="0" index="0" bw="0" slack="0"/>
<pin id="2379" dir="0" index="1" bw="16" slack="0"/>
<pin id="2380" dir="0" index="2" bw="16" slack="0"/>
<pin id="2381" dir="1" index="3" bw="0" slack="2147483647"/>
</pin_list>
<bind>
<opcode="write(1151) " fcode="write"/>
<opset="write_ln2662/3 "/>
</bind>
</comp>

<comp id="2384" class="1004" name="write_ln2662_write_fu_2384">
<pin_list>
<pin id="2385" dir="0" index="0" bw="0" slack="0"/>
<pin id="2386" dir="0" index="1" bw="16" slack="0"/>
<pin id="2387" dir="0" index="2" bw="16" slack="0"/>
<pin id="2388" dir="1" index="3" bw="0" slack="2147483647"/>
</pin_list>
<bind>
<opcode="write(1151) " fcode="write"/>
<opset="write_ln2662/3 "/>
</bind>
</comp>

<comp id="2391" class="1004" name="write_ln2662_write_fu_2391">
<pin_list>
<pin id="2392" dir="0" index="0" bw="0" slack="0"/>
<pin id="2393" dir="0" index="1" bw="16" slack="0"/>
<pin id="2394" dir="0" index="2" bw="16" slack="0"/>
<pin id="2395" dir="1" index="3" bw="0" slack="2147483647"/>
</pin_list>
<bind>
<opcode="write(1151) " fcode="write"/>
<opset="write_ln2662/3 "/>
</bind>
</comp>

<comp id="2398" class="1004" name="write_ln2662_write_fu_2398">
<pin_list>
<pin id="2399" dir="0" index="0" bw="0" slack="0"/>
<pin id="2400" dir="0" index="1" bw="16" slack="0"/>
<pin id="2401" dir="0" index="2" bw="16" slack="0"/>
<pin id="2402" dir="1" index="3" bw="0" slack="2147483647"/>
</pin_list>
<bind>
<opcode="write(1151) " fcode="write"/>
<opset="write_ln2662/3 "/>
</bind>
</comp>

<comp id="2405" class="1004" name="write_ln2662_write_fu_2405">
<pin_list>
<pin id="2406" dir="0" index="0" bw="0" slack="0"/>
<pin id="2407" dir="0" index="1" bw="16" slack="0"/>
<pin id="2408" dir="0" index="2" bw="16" slack="0"/>
<pin id="2409" dir="1" index="3" bw="0" slack="2147483647"/>
</pin_list>
<bind>
<opcode="write(1151) " fcode="write"/>
<opset="write_ln2662/3 "/>
</bind>
</comp>

<comp id="2412" class="1004" name="write_ln2662_write_fu_2412">
<pin_list>
<pin id="2413" dir="0" index="0" bw="0" slack="0"/>
<pin id="2414" dir="0" index="1" bw="16" slack="0"/>
<pin id="2415" dir="0" index="2" bw="16" slack="0"/>
<pin id="2416" dir="1" index="3" bw="0" slack="2147483647"/>
</pin_list>
<bind>
<opcode="write(1151) " fcode="write"/>
<opset="write_ln2662/3 "/>
</bind>
</comp>

<comp id="2419" class="1004" name="write_ln2662_write_fu_2419">
<pin_list>
<pin id="2420" dir="0" index="0" bw="0" slack="0"/>
<pin id="2421" dir="0" index="1" bw="16" slack="0"/>
<pin id="2422" dir="0" index="2" bw="16" slack="0"/>
<pin id="2423" dir="1" index="3" bw="0" slack="2147483647"/>
</pin_list>
<bind>
<opcode="write(1151) " fcode="write"/>
<opset="write_ln2662/3 "/>
</bind>
</comp>

<comp id="2426" class="1004" name="write_ln2662_write_fu_2426">
<pin_list>
<pin id="2427" dir="0" index="0" bw="0" slack="0"/>
<pin id="2428" dir="0" index="1" bw="16" slack="0"/>
<pin id="2429" dir="0" index="2" bw="16" slack="0"/>
<pin id="2430" dir="1" index="3" bw="0" slack="2147483647"/>
</pin_list>
<bind>
<opcode="write(1151) " fcode="write"/>
<opset="write_ln2662/3 "/>
</bind>
</comp>

<comp id="2433" class="1004" name="write_ln2662_write_fu_2433">
<pin_list>
<pin id="2434" dir="0" index="0" bw="0" slack="0"/>
<pin id="2435" dir="0" index="1" bw="16" slack="0"/>
<pin id="2436" dir="0" index="2" bw="16" slack="0"/>
<pin id="2437" dir="1" index="3" bw="0" slack="2147483647"/>
</pin_list>
<bind>
<opcode="write(1151) " fcode="write"/>
<opset="write_ln2662/3 "/>
</bind>
</comp>

<comp id="2440" class="1004" name="write_ln2662_write_fu_2440">
<pin_list>
<pin id="2441" dir="0" index="0" bw="0" slack="0"/>
<pin id="2442" dir="0" index="1" bw="16" slack="0"/>
<pin id="2443" dir="0" index="2" bw="16" slack="0"/>
<pin id="2444" dir="1" index="3" bw="0" slack="2147483647"/>
</pin_list>
<bind>
<opcode="write(1151) " fcode="write"/>
<opset="write_ln2662/3 "/>
</bind>
</comp>

<comp id="2447" class="1004" name="write_ln2662_write_fu_2447">
<pin_list>
<pin id="2448" dir="0" index="0" bw="0" slack="0"/>
<pin id="2449" dir="0" index="1" bw="16" slack="0"/>
<pin id="2450" dir="0" index="2" bw="16" slack="0"/>
<pin id="2451" dir="1" index="3" bw="0" slack="2147483647"/>
</pin_list>
<bind>
<opcode="write(1151) " fcode="write"/>
<opset="write_ln2662/3 "/>
</bind>
</comp>

<comp id="2454" class="1004" name="write_ln2662_write_fu_2454">
<pin_list>
<pin id="2455" dir="0" index="0" bw="0" slack="0"/>
<pin id="2456" dir="0" index="1" bw="16" slack="0"/>
<pin id="2457" dir="0" index="2" bw="16" slack="0"/>
<pin id="2458" dir="1" index="3" bw="0" slack="2147483647"/>
</pin_list>
<bind>
<opcode="write(1151) " fcode="write"/>
<opset="write_ln2662/3 "/>
</bind>
</comp>

<comp id="2461" class="1004" name="write_ln2662_write_fu_2461">
<pin_list>
<pin id="2462" dir="0" index="0" bw="0" slack="0"/>
<pin id="2463" dir="0" index="1" bw="16" slack="0"/>
<pin id="2464" dir="0" index="2" bw="16" slack="0"/>
<pin id="2465" dir="1" index="3" bw="0" slack="2147483647"/>
</pin_list>
<bind>
<opcode="write(1151) " fcode="write"/>
<opset="write_ln2662/3 "/>
</bind>
</comp>

<comp id="2468" class="1004" name="write_ln2662_write_fu_2468">
<pin_list>
<pin id="2469" dir="0" index="0" bw="0" slack="0"/>
<pin id="2470" dir="0" index="1" bw="16" slack="0"/>
<pin id="2471" dir="0" index="2" bw="16" slack="0"/>
<pin id="2472" dir="1" index="3" bw="0" slack="2147483647"/>
</pin_list>
<bind>
<opcode="write(1151) " fcode="write"/>
<opset="write_ln2662/3 "/>
</bind>
</comp>

<comp id="2475" class="1004" name="write_ln2662_write_fu_2475">
<pin_list>
<pin id="2476" dir="0" index="0" bw="0" slack="0"/>
<pin id="2477" dir="0" index="1" bw="16" slack="0"/>
<pin id="2478" dir="0" index="2" bw="16" slack="0"/>
<pin id="2479" dir="1" index="3" bw="0" slack="2147483647"/>
</pin_list>
<bind>
<opcode="write(1151) " fcode="write"/>
<opset="write_ln2662/3 "/>
</bind>
</comp>

<comp id="2482" class="1004" name="write_ln2662_write_fu_2482">
<pin_list>
<pin id="2483" dir="0" index="0" bw="0" slack="0"/>
<pin id="2484" dir="0" index="1" bw="16" slack="0"/>
<pin id="2485" dir="0" index="2" bw="16" slack="0"/>
<pin id="2486" dir="1" index="3" bw="0" slack="2147483647"/>
</pin_list>
<bind>
<opcode="write(1151) " fcode="write"/>
<opset="write_ln2662/3 "/>
</bind>
</comp>

<comp id="2489" class="1004" name="write_ln2662_write_fu_2489">
<pin_list>
<pin id="2490" dir="0" index="0" bw="0" slack="0"/>
<pin id="2491" dir="0" index="1" bw="16" slack="0"/>
<pin id="2492" dir="0" index="2" bw="16" slack="0"/>
<pin id="2493" dir="1" index="3" bw="0" slack="2147483647"/>
</pin_list>
<bind>
<opcode="write(1151) " fcode="write"/>
<opset="write_ln2662/3 "/>
</bind>
</comp>

<comp id="2496" class="1004" name="write_ln2662_write_fu_2496">
<pin_list>
<pin id="2497" dir="0" index="0" bw="0" slack="0"/>
<pin id="2498" dir="0" index="1" bw="16" slack="0"/>
<pin id="2499" dir="0" index="2" bw="16" slack="0"/>
<pin id="2500" dir="1" index="3" bw="0" slack="2147483647"/>
</pin_list>
<bind>
<opcode="write(1151) " fcode="write"/>
<opset="write_ln2662/3 "/>
</bind>
</comp>

<comp id="2503" class="1004" name="write_ln2662_write_fu_2503">
<pin_list>
<pin id="2504" dir="0" index="0" bw="0" slack="0"/>
<pin id="2505" dir="0" index="1" bw="16" slack="0"/>
<pin id="2506" dir="0" index="2" bw="16" slack="0"/>
<pin id="2507" dir="1" index="3" bw="0" slack="2147483647"/>
</pin_list>
<bind>
<opcode="write(1151) " fcode="write"/>
<opset="write_ln2662/3 "/>
</bind>
</comp>

<comp id="2510" class="1004" name="write_ln2662_write_fu_2510">
<pin_list>
<pin id="2511" dir="0" index="0" bw="0" slack="0"/>
<pin id="2512" dir="0" index="1" bw="16" slack="0"/>
<pin id="2513" dir="0" index="2" bw="16" slack="0"/>
<pin id="2514" dir="1" index="3" bw="0" slack="2147483647"/>
</pin_list>
<bind>
<opcode="write(1151) " fcode="write"/>
<opset="write_ln2662/3 "/>
</bind>
</comp>

<comp id="2517" class="1004" name="write_ln2662_write_fu_2517">
<pin_list>
<pin id="2518" dir="0" index="0" bw="0" slack="0"/>
<pin id="2519" dir="0" index="1" bw="16" slack="0"/>
<pin id="2520" dir="0" index="2" bw="16" slack="0"/>
<pin id="2521" dir="1" index="3" bw="0" slack="2147483647"/>
</pin_list>
<bind>
<opcode="write(1151) " fcode="write"/>
<opset="write_ln2662/3 "/>
</bind>
</comp>

<comp id="2524" class="1004" name="write_ln2662_write_fu_2524">
<pin_list>
<pin id="2525" dir="0" index="0" bw="0" slack="0"/>
<pin id="2526" dir="0" index="1" bw="16" slack="0"/>
<pin id="2527" dir="0" index="2" bw="16" slack="0"/>
<pin id="2528" dir="1" index="3" bw="0" slack="2147483647"/>
</pin_list>
<bind>
<opcode="write(1151) " fcode="write"/>
<opset="write_ln2662/3 "/>
</bind>
</comp>

<comp id="2531" class="1004" name="write_ln2662_write_fu_2531">
<pin_list>
<pin id="2532" dir="0" index="0" bw="0" slack="0"/>
<pin id="2533" dir="0" index="1" bw="16" slack="0"/>
<pin id="2534" dir="0" index="2" bw="16" slack="0"/>
<pin id="2535" dir="1" index="3" bw="0" slack="2147483647"/>
</pin_list>
<bind>
<opcode="write(1151) " fcode="write"/>
<opset="write_ln2662/3 "/>
</bind>
</comp>

<comp id="2538" class="1004" name="write_ln2662_write_fu_2538">
<pin_list>
<pin id="2539" dir="0" index="0" bw="0" slack="0"/>
<pin id="2540" dir="0" index="1" bw="16" slack="0"/>
<pin id="2541" dir="0" index="2" bw="16" slack="0"/>
<pin id="2542" dir="1" index="3" bw="0" slack="2147483647"/>
</pin_list>
<bind>
<opcode="write(1151) " fcode="write"/>
<opset="write_ln2662/3 "/>
</bind>
</comp>

<comp id="2545" class="1004" name="write_ln2662_write_fu_2545">
<pin_list>
<pin id="2546" dir="0" index="0" bw="0" slack="0"/>
<pin id="2547" dir="0" index="1" bw="16" slack="0"/>
<pin id="2548" dir="0" index="2" bw="16" slack="0"/>
<pin id="2549" dir="1" index="3" bw="0" slack="2147483647"/>
</pin_list>
<bind>
<opcode="write(1151) " fcode="write"/>
<opset="write_ln2662/3 "/>
</bind>
</comp>

<comp id="2552" class="1004" name="write_ln2662_write_fu_2552">
<pin_list>
<pin id="2553" dir="0" index="0" bw="0" slack="0"/>
<pin id="2554" dir="0" index="1" bw="16" slack="0"/>
<pin id="2555" dir="0" index="2" bw="16" slack="0"/>
<pin id="2556" dir="1" index="3" bw="0" slack="2147483647"/>
</pin_list>
<bind>
<opcode="write(1151) " fcode="write"/>
<opset="write_ln2662/3 "/>
</bind>
</comp>

<comp id="2559" class="1004" name="write_ln2662_write_fu_2559">
<pin_list>
<pin id="2560" dir="0" index="0" bw="0" slack="0"/>
<pin id="2561" dir="0" index="1" bw="16" slack="0"/>
<pin id="2562" dir="0" index="2" bw="16" slack="0"/>
<pin id="2563" dir="1" index="3" bw="0" slack="2147483647"/>
</pin_list>
<bind>
<opcode="write(1151) " fcode="write"/>
<opset="write_ln2662/3 "/>
</bind>
</comp>

<comp id="2566" class="1004" name="noisy_frame_addr_gep_fu_2566">
<pin_list>
<pin id="2567" dir="0" index="0" bw="16" slack="0"/>
<pin id="2568" dir="0" index="1" bw="1" slack="0"/>
<pin id="2569" dir="0" index="2" bw="10" slack="0"/>
<pin id="2570" dir="1" index="3" bw="10" slack="0"/>
</pin_list>
<bind>
<opcode="getelementptr(29) " fcode="getelementptr"/>
<opset="noisy_frame_addr/2 "/>
</bind>
</comp>

<comp id="2573" class="1004" name="grp_access_fu_2573">
<pin_list>
<pin id="2574" dir="0" index="0" bw="10" slack="0"/>
<pin id="2575" dir="0" index="1" bw="16" slack="2147483647"/>
<pin id="2576" dir="0" index="2" bw="0" slack="2147483647"/>
<pin id="2577" dir="1" index="3" bw="16" slack="0"/>
</pin_list>
<bind>
<opcode="load(27) " fcode="load"/>
<opset="value/2 "/>
</bind>
</comp>

<comp id="2579" class="1004" name="fb_frame_addr_gep_fu_2579">
<pin_list>
<pin id="2580" dir="0" index="0" bw="16" slack="0"/>
<pin id="2581" dir="0" index="1" bw="1" slack="0"/>
<pin id="2582" dir="0" index="2" bw="10" slack="0"/>
<pin id="2583" dir="1" index="3" bw="10" slack="0"/>
</pin_list>
<bind>
<opcode="getelementptr(29) " fcode="getelementptr"/>
<opset="fb_frame_addr/2 "/>
</bind>
</comp>

<comp id="2586" class="1004" name="grp_access_fu_2586">
<pin_list>
<pin id="2587" dir="0" index="0" bw="10" slack="0"/>
<pin id="2588" dir="0" index="1" bw="16" slack="2147483647"/>
<pin id="2589" dir="0" index="2" bw="0" slack="2147483647"/>
<pin id="2590" dir="1" index="3" bw="16" slack="0"/>
</pin_list>
<bind>
<opcode="load(27) " fcode="load"/>
<opset="value_86/2 "/>
</bind>
</comp>

<comp id="2592" class="1004" name="zext_ln2651_cast_fu_2592">
<pin_list>
<pin id="2593" dir="0" index="0" bw="10" slack="0"/>
<pin id="2594" dir="1" index="1" bw="11" slack="0"/>
</pin_list>
<bind>
<opcode="zext(34) " fcode="zext"/>
<opset="zext_ln2651_cast/1 "/>
</bind>
</comp>

<comp id="2596" class="1004" name="p_read3_cast2_cast1_fu_2596">
<pin_list>
<pin id="2597" dir="0" index="0" bw="7" slack="0"/>
<pin id="2598" dir="1" index="1" bw="9" slack="0"/>
</pin_list>
<bind>
<opcode="zext(34) " fcode="zext"/>
<opset="p_read3_cast2_cast1/1 "/>
</bind>
</comp>

<comp id="2600" class="1004" name="p_read3_cast2_cast_fu_2600">
<pin_list>
<pin id="2601" dir="0" index="0" bw="7" slack="0"/>
<pin id="2602" dir="1" index="1" bw="8" slack="0"/>
</pin_list>
<bind>
<opcode="zext(34) " fcode="zext"/>
<opset="p_read3_cast2_cast/1 "/>
</bind>
</comp>

<comp id="2604" class="1004" name="store_ln2651_store_fu_2604">
<pin_list>
<pin id="2605" dir="0" index="0" bw="1" slack="0"/>
<pin id="2606" dir="0" index="1" bw="8" slack="0"/>
<pin id="2607" dir="1" index="2" bw="0" slack="2147483647"/>
</pin_list>
<bind>
<opcode="store(28) " fcode="store"/>
<opset="store_ln2651/1 "/>
</bind>
</comp>

<comp id="2609" class="1004" name="input_index_1_load_fu_2609">
<pin_list>
<pin id="2610" dir="0" index="0" bw="8" slack="0"/>
<pin id="2611" dir="1" index="1" bw="8" slack="0"/>
</pin_list>
<bind>
<opcode="load(27) " fcode="load"/>
<opset="input_index_1/1 "/>
</bind>
</comp>

<comp id="2612" class="1004" name="icmp_ln2651_fu_2612">
<pin_list>
<pin id="2613" dir="0" index="0" bw="8" slack="0"/>
<pin id="2614" dir="0" index="1" bw="6" slack="0"/>
<pin id="2615" dir="1" index="2" bw="1" slack="1"/>
</pin_list>
<bind>
<opcode="icmp(45) " fcode="icmp"/>
<opset="icmp_ln2651/1 "/>
</bind>
</comp>

<comp id="2618" class="1004" name="input_index_2_fu_2618">
<pin_list>
<pin id="2619" dir="0" index="0" bw="8" slack="0"/>
<pin id="2620" dir="0" index="1" bw="1" slack="0"/>
<pin id="2621" dir="1" index="2" bw="8" slack="0"/>
</pin_list>
<bind>
<opcode="add(8) " fcode="add"/>
<opset="input_index_2/1 "/>
</bind>
</comp>

<comp id="2624" class="1004" name="zext_ln2651_1_fu_2624">
<pin_list>
<pin id="2625" dir="0" index="0" bw="8" slack="0"/>
<pin id="2626" dir="1" index="1" bw="9" slack="0"/>
</pin_list>
<bind>
<opcode="zext(34) " fcode="zext"/>
<opset="zext_ln2651_1/1 "/>
</bind>
</comp>

<comp id="2628" class="1004" name="zext_ln2651_2_fu_2628">
<pin_list>
<pin id="2629" dir="0" index="0" bw="8" slack="0"/>
<pin id="2630" dir="1" index="1" bw="11" slack="0"/>
</pin_list>
<bind>
<opcode="zext(34) " fcode="zext"/>
<opset="zext_ln2651_2/1 "/>
</bind>
</comp>

<comp id="2632" class="1004" name="icmp_ln2654_fu_2632">
<pin_list>
<pin id="2633" dir="0" index="0" bw="8" slack="0"/>
<pin id="2634" dir="0" index="1" bw="7" slack="0"/>
<pin id="2635" dir="1" index="2" bw="1" slack="1"/>
</pin_list>
<bind>
<opcode="icmp(45) " fcode="icmp"/>
<opset="icmp_ln2654/1 "/>
</bind>
</comp>

<comp id="2638" class="1004" name="add_ln2655_1_fu_2638">
<pin_list>
<pin id="2639" dir="0" index="0" bw="10" slack="0"/>
<pin id="2640" dir="0" index="1" bw="5" slack="0"/>
<pin id="2641" dir="1" index="2" bw="11" slack="0"/>
</pin_list>
<bind>
<opcode="add(8) " fcode="add"/>
<opset="add_ln2655_1/1 "/>
</bind>
</comp>

<comp id="2644" class="1004" name="add_ln2655_fu_2644">
<pin_list>
<pin id="2645" dir="0" index="0" bw="11" slack="0"/>
<pin id="2646" dir="0" index="1" bw="8" slack="0"/>
<pin id="2647" dir="1" index="2" bw="11" slack="0"/>
</pin_list>
<bind>
<opcode="add(8) " fcode="add"/>
<opset="add_ln2655/1 "/>
</bind>
</comp>

<comp id="2650" class="1004" name="add_ln2655_2_fu_2650">
<pin_list>
<pin id="2651" dir="0" index="0" bw="8" slack="0"/>
<pin id="2652" dir="0" index="1" bw="5" slack="0"/>
<pin id="2653" dir="1" index="2" bw="9" slack="0"/>
</pin_list>
<bind>
<opcode="add(8) " fcode="add"/>
<opset="add_ln2655_2/1 "/>
</bind>
</comp>

<comp id="2656" class="1004" name="sext_ln2655_fu_2656">
<pin_list>
<pin id="2657" dir="0" index="0" bw="9" slack="0"/>
<pin id="2658" dir="1" index="1" bw="10" slack="0"/>
</pin_list>
<bind>
<opcode="sext(35) " fcode="sext"/>
<opset="sext_ln2655/1 "/>
</bind>
</comp>

<comp id="2660" class="1004" name="add_ln2655_3_fu_2660">
<pin_list>
<pin id="2661" dir="0" index="0" bw="9" slack="0"/>
<pin id="2662" dir="0" index="1" bw="10" slack="0"/>
<pin id="2663" dir="1" index="2" bw="10" slack="0"/>
</pin_list>
<bind>
<opcode="add(8) " fcode="add"/>
<opset="add_ln2655_3/1 "/>
</bind>
</comp>

<comp id="2666" class="1004" name="sub_ln2435_fu_2666">
<pin_list>
<pin id="2667" dir="0" index="0" bw="1" slack="0"/>
<pin id="2668" dir="0" index="1" bw="10" slack="0"/>
<pin id="2669" dir="1" index="2" bw="10" slack="0"/>
</pin_list>
<bind>
<opcode="sub(10) " fcode="sub"/>
<opset="sub_ln2435/1 "/>
</bind>
</comp>

<comp id="2672" class="1004" name="tmp_fu_2672">
<pin_list>
<pin id="2673" dir="0" index="0" bw="1" slack="0"/>
<pin id="2674" dir="0" index="1" bw="11" slack="0"/>
<pin id="2675" dir="0" index="2" bw="5" slack="0"/>
<pin id="2676" dir="1" index="3" bw="1" slack="0"/>
</pin_list>
<bind>
<opcode="bitselect(1000) " fcode="bitselect"/>
<opset="tmp/1 "/>
</bind>
</comp>

<comp id="2680" class="1004" name="icmp_ln2657_fu_2680">
<pin_list>
<pin id="2681" dir="0" index="0" bw="8" slack="0"/>
<pin id="2682" dir="0" index="1" bw="8" slack="0"/>
<pin id="2683" dir="1" index="2" bw="1" slack="2"/>
</pin_list>
<bind>
<opcode="icmp(45) " fcode="icmp"/>
<opset="icmp_ln2657/1 "/>
</bind>
</comp>

<comp id="2686" class="1004" name="tmp_42_fu_2686">
<pin_list>
<pin id="2687" dir="0" index="0" bw="3" slack="0"/>
<pin id="2688" dir="0" index="1" bw="11" slack="0"/>
<pin id="2689" dir="0" index="2" bw="5" slack="0"/>
<pin id="2690" dir="0" index="3" bw="5" slack="0"/>
<pin id="2691" dir="1" index="4" bw="3" slack="0"/>
</pin_list>
<bind>
<opcode="partselect(1002) " fcode="partselect"/>
<opset="tmp_42/1 "/>
</bind>
</comp>

<comp id="2696" class="1004" name="icmp_ln2437_fu_2696">
<pin_list>
<pin id="2697" dir="0" index="0" bw="3" slack="0"/>
<pin id="2698" dir="0" index="1" bw="1" slack="0"/>
<pin id="2699" dir="1" index="2" bw="1" slack="0"/>
</pin_list>
<bind>
<opcode="icmp(45) " fcode="icmp"/>
<opset="icmp_ln2437/1 "/>
</bind>
</comp>

<comp id="2702" class="1004" name="trunc_ln2437_fu_2702">
<pin_list>
<pin id="2703" dir="0" index="0" bw="11" slack="0"/>
<pin id="2704" dir="1" index="1" bw="10" slack="0"/>
</pin_list>
<bind>
<opcode="trunc(33) " fcode="trunc"/>
<opset="trunc_ln2437/1 "/>
</bind>
</comp>

<comp id="2706" class="1004" name="sub_ln2438_fu_2706">
<pin_list>
<pin id="2707" dir="0" index="0" bw="10" slack="0"/>
<pin id="2708" dir="0" index="1" bw="10" slack="0"/>
<pin id="2709" dir="1" index="2" bw="10" slack="0"/>
</pin_list>
<bind>
<opcode="sub(10) " fcode="sub"/>
<opset="sub_ln2438/1 "/>
</bind>
</comp>

<comp id="2712" class="1004" name="select_ln2437_fu_2712">
<pin_list>
<pin id="2713" dir="0" index="0" bw="1" slack="0"/>
<pin id="2714" dir="0" index="1" bw="10" slack="0"/>
<pin id="2715" dir="0" index="2" bw="10" slack="0"/>
<pin id="2716" dir="1" index="3" bw="10" slack="0"/>
</pin_list>
<bind>
<opcode="select(49) " fcode="select"/>
<opset="select_ln2437/1 "/>
</bind>
</comp>

<comp id="2720" class="1004" name="fb_index_fu_2720">
<pin_list>
<pin id="2721" dir="0" index="0" bw="8" slack="0"/>
<pin id="2722" dir="0" index="1" bw="7" slack="0"/>
<pin id="2723" dir="1" index="2" bw="9" slack="0"/>
</pin_list>
<bind>
<opcode="sub(10) " fcode="sub"/>
<opset="fb_index/1 "/>
</bind>
</comp>

<comp id="2726" class="1004" name="sext_ln2658_fu_2726">
<pin_list>
<pin id="2727" dir="0" index="0" bw="9" slack="0"/>
<pin id="2728" dir="1" index="1" bw="11" slack="0"/>
</pin_list>
<bind>
<opcode="sext(35) " fcode="sext"/>
<opset="sext_ln2658/1 "/>
</bind>
</comp>

<comp id="2730" class="1004" name="sext_ln2658_1_fu_2730">
<pin_list>
<pin id="2731" dir="0" index="0" bw="9" slack="0"/>
<pin id="2732" dir="1" index="1" bw="10" slack="0"/>
</pin_list>
<bind>
<opcode="sext(35) " fcode="sext"/>
<opset="sext_ln2658_1/1 "/>
</bind>
</comp>

<comp id="2734" class="1004" name="add_ln2659_fu_2734">
<pin_list>
<pin id="2735" dir="0" index="0" bw="9" slack="0"/>
<pin id="2736" dir="0" index="1" bw="10" slack="0"/>
<pin id="2737" dir="1" index="2" bw="11" slack="0"/>
</pin_list>
<bind>
<opcode="add(8) " fcode="add"/>
<opset="add_ln2659/1 "/>
</bind>
</comp>

<comp id="2740" class="1004" name="add_ln2659_1_fu_2740">
<pin_list>
<pin id="2741" dir="0" index="0" bw="9" slack="0"/>
<pin id="2742" dir="0" index="1" bw="10" slack="0"/>
<pin id="2743" dir="1" index="2" bw="10" slack="0"/>
</pin_list>
<bind>
<opcode="add(8) " fcode="add"/>
<opset="add_ln2659_1/1 "/>
</bind>
</comp>

<comp id="2746" class="1004" name="sub_ln2435_1_fu_2746">
<pin_list>
<pin id="2747" dir="0" index="0" bw="1" slack="0"/>
<pin id="2748" dir="0" index="1" bw="10" slack="0"/>
<pin id="2749" dir="1" index="2" bw="10" slack="0"/>
</pin_list>
<bind>
<opcode="sub(10) " fcode="sub"/>
<opset="sub_ln2435_1/1 "/>
</bind>
</comp>

<comp id="2752" class="1004" name="tmp_43_fu_2752">
<pin_list>
<pin id="2753" dir="0" index="0" bw="1" slack="0"/>
<pin id="2754" dir="0" index="1" bw="11" slack="0"/>
<pin id="2755" dir="0" index="2" bw="5" slack="0"/>
<pin id="2756" dir="1" index="3" bw="1" slack="0"/>
</pin_list>
<bind>
<opcode="bitselect(1000) " fcode="bitselect"/>
<opset="tmp_43/1 "/>
</bind>
</comp>

<comp id="2760" class="1004" name="source_freq_fu_2760">
<pin_list>
<pin id="2761" dir="0" index="0" bw="1" slack="0"/>
<pin id="2762" dir="0" index="1" bw="10" slack="0"/>
<pin id="2763" dir="0" index="2" bw="10" slack="0"/>
<pin id="2764" dir="1" index="3" bw="10" slack="0"/>
</pin_list>
<bind>
<opcode="select(49) " fcode="select"/>
<opset="source_freq/1 "/>
</bind>
</comp>

<comp id="2768" class="1004" name="add_ln2656_fu_2768">
<pin_list>
<pin id="2769" dir="0" index="0" bw="10" slack="0"/>
<pin id="2770" dir="0" index="1" bw="10" slack="0"/>
<pin id="2771" dir="1" index="2" bw="10" slack="1"/>
</pin_list>
<bind>
<opcode="add(8) " fcode="add"/>
<opset="add_ln2656/1 "/>
</bind>
</comp>

<comp id="2774" class="1004" name="tmp_44_fu_2774">
<pin_list>
<pin id="2775" dir="0" index="0" bw="3" slack="0"/>
<pin id="2776" dir="0" index="1" bw="11" slack="0"/>
<pin id="2777" dir="0" index="2" bw="5" slack="0"/>
<pin id="2778" dir="0" index="3" bw="5" slack="0"/>
<pin id="2779" dir="1" index="4" bw="3" slack="0"/>
</pin_list>
<bind>
<opcode="partselect(1002) " fcode="partselect"/>
<opset="tmp_44/1 "/>
</bind>
</comp>

<comp id="2784" class="1004" name="icmp_ln2437_1_fu_2784">
<pin_list>
<pin id="2785" dir="0" index="0" bw="3" slack="0"/>
<pin id="2786" dir="0" index="1" bw="1" slack="0"/>
<pin id="2787" dir="1" index="2" bw="1" slack="0"/>
</pin_list>
<bind>
<opcode="icmp(45) " fcode="icmp"/>
<opset="icmp_ln2437_1/1 "/>
</bind>
</comp>

<comp id="2790" class="1004" name="trunc_ln2437_1_fu_2790">
<pin_list>
<pin id="2791" dir="0" index="0" bw="11" slack="0"/>
<pin id="2792" dir="1" index="1" bw="10" slack="0"/>
</pin_list>
<bind>
<opcode="trunc(33) " fcode="trunc"/>
<opset="trunc_ln2437_1/1 "/>
</bind>
</comp>

<comp id="2794" class="1004" name="sub_ln2438_1_fu_2794">
<pin_list>
<pin id="2795" dir="0" index="0" bw="10" slack="0"/>
<pin id="2796" dir="0" index="1" bw="10" slack="0"/>
<pin id="2797" dir="1" index="2" bw="10" slack="0"/>
</pin_list>
<bind>
<opcode="sub(10) " fcode="sub"/>
<opset="sub_ln2438_1/1 "/>
</bind>
</comp>

<comp id="2800" class="1004" name="select_ln2437_1_fu_2800">
<pin_list>
<pin id="2801" dir="0" index="0" bw="1" slack="0"/>
<pin id="2802" dir="0" index="1" bw="10" slack="0"/>
<pin id="2803" dir="0" index="2" bw="10" slack="0"/>
<pin id="2804" dir="1" index="3" bw="10" slack="0"/>
</pin_list>
<bind>
<opcode="select(49) " fcode="select"/>
<opset="select_ln2437_1/1 "/>
</bind>
</comp>

<comp id="2808" class="1004" name="source_freq_1_fu_2808">
<pin_list>
<pin id="2809" dir="0" index="0" bw="1" slack="0"/>
<pin id="2810" dir="0" index="1" bw="10" slack="0"/>
<pin id="2811" dir="0" index="2" bw="10" slack="0"/>
<pin id="2812" dir="1" index="3" bw="10" slack="0"/>
</pin_list>
<bind>
<opcode="select(49) " fcode="select"/>
<opset="source_freq_1/1 "/>
</bind>
</comp>

<comp id="2816" class="1004" name="add_ln2660_fu_2816">
<pin_list>
<pin id="2817" dir="0" index="0" bw="10" slack="0"/>
<pin id="2818" dir="0" index="1" bw="10" slack="0"/>
<pin id="2819" dir="1" index="2" bw="10" slack="1"/>
</pin_list>
<bind>
<opcode="add(8) " fcode="add"/>
<opset="add_ln2660/1 "/>
</bind>
</comp>

<comp id="2822" class="1004" name="store_ln2651_store_fu_2822">
<pin_list>
<pin id="2823" dir="0" index="0" bw="8" slack="0"/>
<pin id="2824" dir="0" index="1" bw="8" slack="0"/>
<pin id="2825" dir="1" index="2" bw="0" slack="2147483647"/>
</pin_list>
<bind>
<opcode="store(28) " fcode="store"/>
<opset="store_ln2651/1 "/>
</bind>
</comp>

<comp id="2827" class="1004" name="zext_ln2656_1_fu_2827">
<pin_list>
<pin id="2828" dir="0" index="0" bw="10" slack="1"/>
<pin id="2829" dir="1" index="1" bw="32" slack="0"/>
</pin_list>
<bind>
<opcode="zext(34) " fcode="zext"/>
<opset="zext_ln2656_1/2 "/>
</bind>
</comp>

<comp id="2831" class="1004" name="zext_ln2660_fu_2831">
<pin_list>
<pin id="2832" dir="0" index="0" bw="10" slack="1"/>
<pin id="2833" dir="1" index="1" bw="32" slack="0"/>
</pin_list>
<bind>
<opcode="zext(34) " fcode="zext"/>
<opset="zext_ln2660/2 "/>
</bind>
</comp>

<comp id="2835" class="1004" name="value_87_fu_2835">
<pin_list>
<pin id="2836" dir="0" index="0" bw="1" slack="2"/>
<pin id="2837" dir="0" index="1" bw="16" slack="0"/>
<pin id="2838" dir="0" index="2" bw="1" slack="0"/>
<pin id="2839" dir="1" index="3" bw="16" slack="0"/>
</pin_list>
<bind>
<opcode="select(49) " fcode="select"/>
<opset="value_87/3 "/>
</bind>
</comp>

<comp id="2842" class="1004" name="xor_ln2654_fu_2842">
<pin_list>
<pin id="2843" dir="0" index="0" bw="1" slack="2"/>
<pin id="2844" dir="0" index="1" bw="1" slack="0"/>
<pin id="2845" dir="1" index="2" bw="1" slack="0"/>
</pin_list>
<bind>
<opcode="xor(25) " fcode="xor"/>
<opset="xor_ln2654/3 "/>
</bind>
</comp>

<comp id="2847" class="1004" name="and_ln2657_fu_2847">
<pin_list>
<pin id="2848" dir="0" index="0" bw="1" slack="2"/>
<pin id="2849" dir="0" index="1" bw="1" slack="0"/>
<pin id="2850" dir="1" index="2" bw="1" slack="0"/>
</pin_list>
<bind>
<opcode="and(23) " fcode="and"/>
<opset="and_ln2657/3 "/>
</bind>
</comp>

<comp id="2852" class="1004" name="value_88_fu_2852">
<pin_list>
<pin id="2853" dir="0" index="0" bw="1" slack="0"/>
<pin id="2854" dir="0" index="1" bw="16" slack="0"/>
<pin id="2855" dir="0" index="2" bw="16" slack="0"/>
<pin id="2856" dir="1" index="3" bw="16" slack="0"/>
</pin_list>
<bind>
<opcode="select(49) " fcode="select"/>
<opset="value_88/3 "/>
</bind>
</comp>

<comp id="3084" class="1005" name="input_index_reg_3084">
<pin_list>
<pin id="3085" dir="0" index="0" bw="8" slack="0"/>
<pin id="3086" dir="1" index="1" bw="8" slack="0"/>
</pin_list>
<bind>
<opset="input_index "/>
</bind>
</comp>

<comp id="3091" class="1005" name="input_index_1_reg_3091">
<pin_list>
<pin id="3092" dir="0" index="0" bw="8" slack="2"/>
<pin id="3093" dir="1" index="1" bw="8" slack="2147483647"/>
</pin_list>
<bind>
<opset="input_index_1 "/>
</bind>
</comp>

<comp id="3095" class="1005" name="icmp_ln2651_reg_3095">
<pin_list>
<pin id="3096" dir="0" index="0" bw="1" slack="1"/>
<pin id="3097" dir="1" index="1" bw="1" slack="2147483647"/>
</pin_list>
<bind>
<opset="icmp_ln2651 "/>
</bind>
</comp>

<comp id="3099" class="1005" name="icmp_ln2654_reg_3099">
<pin_list>
<pin id="3100" dir="0" index="0" bw="1" slack="1"/>
<pin id="3101" dir="1" index="1" bw="1" slack="2"/>
</pin_list>
<bind>
<opset="icmp_ln2654 "/>
</bind>
</comp>

<comp id="3105" class="1005" name="icmp_ln2657_reg_3105">
<pin_list>
<pin id="3106" dir="0" index="0" bw="1" slack="2"/>
<pin id="3107" dir="1" index="1" bw="1" slack="2"/>
</pin_list>
<bind>
<opset="icmp_ln2657 "/>
</bind>
</comp>

<comp id="3110" class="1005" name="add_ln2656_reg_3110">
<pin_list>
<pin id="3111" dir="0" index="0" bw="10" slack="1"/>
<pin id="3112" dir="1" index="1" bw="10" slack="1"/>
</pin_list>
<bind>
<opset="add_ln2656 "/>
</bind>
</comp>

<comp id="3115" class="1005" name="add_ln2660_reg_3115">
<pin_list>
<pin id="3116" dir="0" index="0" bw="10" slack="1"/>
<pin id="3117" dir="1" index="1" bw="10" slack="1"/>
</pin_list>
<bind>
<opset="add_ln2660 "/>
</bind>
</comp>

<comp id="3120" class="1005" name="noisy_frame_addr_reg_3120">
<pin_list>
<pin id="3121" dir="0" index="0" bw="10" slack="1"/>
<pin id="3122" dir="1" index="1" bw="10" slack="1"/>
</pin_list>
<bind>
<opset="noisy_frame_addr "/>
</bind>
</comp>

<comp id="3125" class="1005" name="fb_frame_addr_reg_3125">
<pin_list>
<pin id="3126" dir="0" index="0" bw="10" slack="1"/>
<pin id="3127" dir="1" index="1" bw="10" slack="1"/>
</pin_list>
<bind>
<opset="fb_frame_addr "/>
</bind>
</comp>

</comp_list>

<net_list>
<net id="967"><net_src comp="462" pin="0"/><net_sink comp="964" pin=0"/></net>

<net id="972"><net_src comp="464" pin="0"/><net_sink comp="968" pin=0"/></net>

<net id="973"><net_src comp="456" pin="0"/><net_sink comp="968" pin=1"/></net>

<net id="978"><net_src comp="466" pin="0"/><net_sink comp="974" pin=0"/></net>

<net id="979"><net_src comp="454" pin="0"/><net_sink comp="974" pin=1"/></net>

<net id="984"><net_src comp="464" pin="0"/><net_sink comp="980" pin=0"/></net>

<net id="985"><net_src comp="452" pin="0"/><net_sink comp="980" pin=1"/></net>

<net id="990"><net_src comp="464" pin="0"/><net_sink comp="986" pin=0"/></net>

<net id="991"><net_src comp="450" pin="0"/><net_sink comp="986" pin=1"/></net>

<net id="996"><net_src comp="468" pin="0"/><net_sink comp="992" pin=0"/></net>

<net id="997"><net_src comp="448" pin="0"/><net_sink comp="992" pin=1"/></net>

<net id="1003"><net_src comp="962" pin="0"/><net_sink comp="998" pin=0"/></net>

<net id="1004"><net_src comp="4" pin="0"/><net_sink comp="998" pin=1"/></net>

<net id="1010"><net_src comp="962" pin="0"/><net_sink comp="1005" pin=0"/></net>

<net id="1011"><net_src comp="6" pin="0"/><net_sink comp="1005" pin=1"/></net>

<net id="1017"><net_src comp="962" pin="0"/><net_sink comp="1012" pin=0"/></net>

<net id="1018"><net_src comp="8" pin="0"/><net_sink comp="1012" pin=1"/></net>

<net id="1024"><net_src comp="962" pin="0"/><net_sink comp="1019" pin=0"/></net>

<net id="1025"><net_src comp="10" pin="0"/><net_sink comp="1019" pin=1"/></net>

<net id="1031"><net_src comp="962" pin="0"/><net_sink comp="1026" pin=0"/></net>

<net id="1032"><net_src comp="12" pin="0"/><net_sink comp="1026" pin=1"/></net>

<net id="1038"><net_src comp="962" pin="0"/><net_sink comp="1033" pin=0"/></net>

<net id="1039"><net_src comp="14" pin="0"/><net_sink comp="1033" pin=1"/></net>

<net id="1045"><net_src comp="962" pin="0"/><net_sink comp="1040" pin=0"/></net>

<net id="1046"><net_src comp="16" pin="0"/><net_sink comp="1040" pin=1"/></net>

<net id="1052"><net_src comp="962" pin="0"/><net_sink comp="1047" pin=0"/></net>

<net id="1053"><net_src comp="18" pin="0"/><net_sink comp="1047" pin=1"/></net>

<net id="1059"><net_src comp="962" pin="0"/><net_sink comp="1054" pin=0"/></net>

<net id="1060"><net_src comp="20" pin="0"/><net_sink comp="1054" pin=1"/></net>

<net id="1066"><net_src comp="962" pin="0"/><net_sink comp="1061" pin=0"/></net>

<net id="1067"><net_src comp="22" pin="0"/><net_sink comp="1061" pin=1"/></net>

<net id="1073"><net_src comp="962" pin="0"/><net_sink comp="1068" pin=0"/></net>

<net id="1074"><net_src comp="24" pin="0"/><net_sink comp="1068" pin=1"/></net>

<net id="1080"><net_src comp="962" pin="0"/><net_sink comp="1075" pin=0"/></net>

<net id="1081"><net_src comp="26" pin="0"/><net_sink comp="1075" pin=1"/></net>

<net id="1087"><net_src comp="962" pin="0"/><net_sink comp="1082" pin=0"/></net>

<net id="1088"><net_src comp="28" pin="0"/><net_sink comp="1082" pin=1"/></net>

<net id="1094"><net_src comp="962" pin="0"/><net_sink comp="1089" pin=0"/></net>

<net id="1095"><net_src comp="30" pin="0"/><net_sink comp="1089" pin=1"/></net>

<net id="1101"><net_src comp="962" pin="0"/><net_sink comp="1096" pin=0"/></net>

<net id="1102"><net_src comp="32" pin="0"/><net_sink comp="1096" pin=1"/></net>

<net id="1108"><net_src comp="962" pin="0"/><net_sink comp="1103" pin=0"/></net>

<net id="1109"><net_src comp="34" pin="0"/><net_sink comp="1103" pin=1"/></net>

<net id="1115"><net_src comp="962" pin="0"/><net_sink comp="1110" pin=0"/></net>

<net id="1116"><net_src comp="36" pin="0"/><net_sink comp="1110" pin=1"/></net>

<net id="1122"><net_src comp="962" pin="0"/><net_sink comp="1117" pin=0"/></net>

<net id="1123"><net_src comp="38" pin="0"/><net_sink comp="1117" pin=1"/></net>

<net id="1129"><net_src comp="962" pin="0"/><net_sink comp="1124" pin=0"/></net>

<net id="1130"><net_src comp="40" pin="0"/><net_sink comp="1124" pin=1"/></net>

<net id="1136"><net_src comp="962" pin="0"/><net_sink comp="1131" pin=0"/></net>

<net id="1137"><net_src comp="42" pin="0"/><net_sink comp="1131" pin=1"/></net>

<net id="1143"><net_src comp="962" pin="0"/><net_sink comp="1138" pin=0"/></net>

<net id="1144"><net_src comp="44" pin="0"/><net_sink comp="1138" pin=1"/></net>

<net id="1150"><net_src comp="962" pin="0"/><net_sink comp="1145" pin=0"/></net>

<net id="1151"><net_src comp="46" pin="0"/><net_sink comp="1145" pin=1"/></net>

<net id="1157"><net_src comp="962" pin="0"/><net_sink comp="1152" pin=0"/></net>

<net id="1158"><net_src comp="48" pin="0"/><net_sink comp="1152" pin=1"/></net>

<net id="1164"><net_src comp="962" pin="0"/><net_sink comp="1159" pin=0"/></net>

<net id="1165"><net_src comp="50" pin="0"/><net_sink comp="1159" pin=1"/></net>

<net id="1171"><net_src comp="962" pin="0"/><net_sink comp="1166" pin=0"/></net>

<net id="1172"><net_src comp="52" pin="0"/><net_sink comp="1166" pin=1"/></net>

<net id="1178"><net_src comp="962" pin="0"/><net_sink comp="1173" pin=0"/></net>

<net id="1179"><net_src comp="54" pin="0"/><net_sink comp="1173" pin=1"/></net>

<net id="1185"><net_src comp="962" pin="0"/><net_sink comp="1180" pin=0"/></net>

<net id="1186"><net_src comp="56" pin="0"/><net_sink comp="1180" pin=1"/></net>

<net id="1192"><net_src comp="962" pin="0"/><net_sink comp="1187" pin=0"/></net>

<net id="1193"><net_src comp="58" pin="0"/><net_sink comp="1187" pin=1"/></net>

<net id="1199"><net_src comp="962" pin="0"/><net_sink comp="1194" pin=0"/></net>

<net id="1200"><net_src comp="60" pin="0"/><net_sink comp="1194" pin=1"/></net>

<net id="1206"><net_src comp="962" pin="0"/><net_sink comp="1201" pin=0"/></net>

<net id="1207"><net_src comp="62" pin="0"/><net_sink comp="1201" pin=1"/></net>

<net id="1213"><net_src comp="962" pin="0"/><net_sink comp="1208" pin=0"/></net>

<net id="1214"><net_src comp="64" pin="0"/><net_sink comp="1208" pin=1"/></net>

<net id="1220"><net_src comp="962" pin="0"/><net_sink comp="1215" pin=0"/></net>

<net id="1221"><net_src comp="66" pin="0"/><net_sink comp="1215" pin=1"/></net>

<net id="1227"><net_src comp="962" pin="0"/><net_sink comp="1222" pin=0"/></net>

<net id="1228"><net_src comp="68" pin="0"/><net_sink comp="1222" pin=1"/></net>

<net id="1234"><net_src comp="962" pin="0"/><net_sink comp="1229" pin=0"/></net>

<net id="1235"><net_src comp="70" pin="0"/><net_sink comp="1229" pin=1"/></net>

<net id="1241"><net_src comp="962" pin="0"/><net_sink comp="1236" pin=0"/></net>

<net id="1242"><net_src comp="72" pin="0"/><net_sink comp="1236" pin=1"/></net>

<net id="1248"><net_src comp="962" pin="0"/><net_sink comp="1243" pin=0"/></net>

<net id="1249"><net_src comp="74" pin="0"/><net_sink comp="1243" pin=1"/></net>

<net id="1255"><net_src comp="962" pin="0"/><net_sink comp="1250" pin=0"/></net>

<net id="1256"><net_src comp="76" pin="0"/><net_sink comp="1250" pin=1"/></net>

<net id="1262"><net_src comp="962" pin="0"/><net_sink comp="1257" pin=0"/></net>

<net id="1263"><net_src comp="78" pin="0"/><net_sink comp="1257" pin=1"/></net>

<net id="1269"><net_src comp="962" pin="0"/><net_sink comp="1264" pin=0"/></net>

<net id="1270"><net_src comp="80" pin="0"/><net_sink comp="1264" pin=1"/></net>

<net id="1276"><net_src comp="962" pin="0"/><net_sink comp="1271" pin=0"/></net>

<net id="1277"><net_src comp="82" pin="0"/><net_sink comp="1271" pin=1"/></net>

<net id="1283"><net_src comp="962" pin="0"/><net_sink comp="1278" pin=0"/></net>

<net id="1284"><net_src comp="84" pin="0"/><net_sink comp="1278" pin=1"/></net>

<net id="1290"><net_src comp="962" pin="0"/><net_sink comp="1285" pin=0"/></net>

<net id="1291"><net_src comp="86" pin="0"/><net_sink comp="1285" pin=1"/></net>

<net id="1297"><net_src comp="962" pin="0"/><net_sink comp="1292" pin=0"/></net>

<net id="1298"><net_src comp="88" pin="0"/><net_sink comp="1292" pin=1"/></net>

<net id="1304"><net_src comp="962" pin="0"/><net_sink comp="1299" pin=0"/></net>

<net id="1305"><net_src comp="90" pin="0"/><net_sink comp="1299" pin=1"/></net>

<net id="1311"><net_src comp="962" pin="0"/><net_sink comp="1306" pin=0"/></net>

<net id="1312"><net_src comp="92" pin="0"/><net_sink comp="1306" pin=1"/></net>

<net id="1318"><net_src comp="962" pin="0"/><net_sink comp="1313" pin=0"/></net>

<net id="1319"><net_src comp="94" pin="0"/><net_sink comp="1313" pin=1"/></net>

<net id="1325"><net_src comp="962" pin="0"/><net_sink comp="1320" pin=0"/></net>

<net id="1326"><net_src comp="96" pin="0"/><net_sink comp="1320" pin=1"/></net>

<net id="1332"><net_src comp="962" pin="0"/><net_sink comp="1327" pin=0"/></net>

<net id="1333"><net_src comp="98" pin="0"/><net_sink comp="1327" pin=1"/></net>

<net id="1339"><net_src comp="962" pin="0"/><net_sink comp="1334" pin=0"/></net>

<net id="1340"><net_src comp="100" pin="0"/><net_sink comp="1334" pin=1"/></net>

<net id="1346"><net_src comp="962" pin="0"/><net_sink comp="1341" pin=0"/></net>

<net id="1347"><net_src comp="102" pin="0"/><net_sink comp="1341" pin=1"/></net>

<net id="1353"><net_src comp="962" pin="0"/><net_sink comp="1348" pin=0"/></net>

<net id="1354"><net_src comp="104" pin="0"/><net_sink comp="1348" pin=1"/></net>

<net id="1360"><net_src comp="962" pin="0"/><net_sink comp="1355" pin=0"/></net>

<net id="1361"><net_src comp="106" pin="0"/><net_sink comp="1355" pin=1"/></net>

<net id="1367"><net_src comp="962" pin="0"/><net_sink comp="1362" pin=0"/></net>

<net id="1368"><net_src comp="108" pin="0"/><net_sink comp="1362" pin=1"/></net>

<net id="1374"><net_src comp="962" pin="0"/><net_sink comp="1369" pin=0"/></net>

<net id="1375"><net_src comp="110" pin="0"/><net_sink comp="1369" pin=1"/></net>

<net id="1381"><net_src comp="962" pin="0"/><net_sink comp="1376" pin=0"/></net>

<net id="1382"><net_src comp="112" pin="0"/><net_sink comp="1376" pin=1"/></net>

<net id="1388"><net_src comp="962" pin="0"/><net_sink comp="1383" pin=0"/></net>

<net id="1389"><net_src comp="114" pin="0"/><net_sink comp="1383" pin=1"/></net>

<net id="1395"><net_src comp="962" pin="0"/><net_sink comp="1390" pin=0"/></net>

<net id="1396"><net_src comp="116" pin="0"/><net_sink comp="1390" pin=1"/></net>

<net id="1402"><net_src comp="962" pin="0"/><net_sink comp="1397" pin=0"/></net>

<net id="1403"><net_src comp="118" pin="0"/><net_sink comp="1397" pin=1"/></net>

<net id="1409"><net_src comp="962" pin="0"/><net_sink comp="1404" pin=0"/></net>

<net id="1410"><net_src comp="120" pin="0"/><net_sink comp="1404" pin=1"/></net>

<net id="1416"><net_src comp="962" pin="0"/><net_sink comp="1411" pin=0"/></net>

<net id="1417"><net_src comp="122" pin="0"/><net_sink comp="1411" pin=1"/></net>

<net id="1423"><net_src comp="962" pin="0"/><net_sink comp="1418" pin=0"/></net>

<net id="1424"><net_src comp="124" pin="0"/><net_sink comp="1418" pin=1"/></net>

<net id="1430"><net_src comp="962" pin="0"/><net_sink comp="1425" pin=0"/></net>

<net id="1431"><net_src comp="126" pin="0"/><net_sink comp="1425" pin=1"/></net>

<net id="1437"><net_src comp="962" pin="0"/><net_sink comp="1432" pin=0"/></net>

<net id="1438"><net_src comp="128" pin="0"/><net_sink comp="1432" pin=1"/></net>

<net id="1444"><net_src comp="962" pin="0"/><net_sink comp="1439" pin=0"/></net>

<net id="1445"><net_src comp="130" pin="0"/><net_sink comp="1439" pin=1"/></net>

<net id="1451"><net_src comp="962" pin="0"/><net_sink comp="1446" pin=0"/></net>

<net id="1452"><net_src comp="132" pin="0"/><net_sink comp="1446" pin=1"/></net>

<net id="1458"><net_src comp="962" pin="0"/><net_sink comp="1453" pin=0"/></net>

<net id="1459"><net_src comp="134" pin="0"/><net_sink comp="1453" pin=1"/></net>

<net id="1465"><net_src comp="962" pin="0"/><net_sink comp="1460" pin=0"/></net>

<net id="1466"><net_src comp="136" pin="0"/><net_sink comp="1460" pin=1"/></net>

<net id="1472"><net_src comp="962" pin="0"/><net_sink comp="1467" pin=0"/></net>

<net id="1473"><net_src comp="138" pin="0"/><net_sink comp="1467" pin=1"/></net>

<net id="1479"><net_src comp="962" pin="0"/><net_sink comp="1474" pin=0"/></net>

<net id="1480"><net_src comp="140" pin="0"/><net_sink comp="1474" pin=1"/></net>

<net id="1486"><net_src comp="962" pin="0"/><net_sink comp="1481" pin=0"/></net>

<net id="1487"><net_src comp="142" pin="0"/><net_sink comp="1481" pin=1"/></net>

<net id="1493"><net_src comp="962" pin="0"/><net_sink comp="1488" pin=0"/></net>

<net id="1494"><net_src comp="144" pin="0"/><net_sink comp="1488" pin=1"/></net>

<net id="1500"><net_src comp="962" pin="0"/><net_sink comp="1495" pin=0"/></net>

<net id="1501"><net_src comp="146" pin="0"/><net_sink comp="1495" pin=1"/></net>

<net id="1507"><net_src comp="962" pin="0"/><net_sink comp="1502" pin=0"/></net>

<net id="1508"><net_src comp="148" pin="0"/><net_sink comp="1502" pin=1"/></net>

<net id="1514"><net_src comp="962" pin="0"/><net_sink comp="1509" pin=0"/></net>

<net id="1515"><net_src comp="150" pin="0"/><net_sink comp="1509" pin=1"/></net>

<net id="1521"><net_src comp="962" pin="0"/><net_sink comp="1516" pin=0"/></net>

<net id="1522"><net_src comp="152" pin="0"/><net_sink comp="1516" pin=1"/></net>

<net id="1528"><net_src comp="962" pin="0"/><net_sink comp="1523" pin=0"/></net>

<net id="1529"><net_src comp="154" pin="0"/><net_sink comp="1523" pin=1"/></net>

<net id="1535"><net_src comp="962" pin="0"/><net_sink comp="1530" pin=0"/></net>

<net id="1536"><net_src comp="156" pin="0"/><net_sink comp="1530" pin=1"/></net>

<net id="1542"><net_src comp="962" pin="0"/><net_sink comp="1537" pin=0"/></net>

<net id="1543"><net_src comp="158" pin="0"/><net_sink comp="1537" pin=1"/></net>

<net id="1549"><net_src comp="962" pin="0"/><net_sink comp="1544" pin=0"/></net>

<net id="1550"><net_src comp="160" pin="0"/><net_sink comp="1544" pin=1"/></net>

<net id="1556"><net_src comp="962" pin="0"/><net_sink comp="1551" pin=0"/></net>

<net id="1557"><net_src comp="162" pin="0"/><net_sink comp="1551" pin=1"/></net>

<net id="1563"><net_src comp="962" pin="0"/><net_sink comp="1558" pin=0"/></net>

<net id="1564"><net_src comp="164" pin="0"/><net_sink comp="1558" pin=1"/></net>

<net id="1570"><net_src comp="962" pin="0"/><net_sink comp="1565" pin=0"/></net>

<net id="1571"><net_src comp="166" pin="0"/><net_sink comp="1565" pin=1"/></net>

<net id="1577"><net_src comp="962" pin="0"/><net_sink comp="1572" pin=0"/></net>

<net id="1578"><net_src comp="168" pin="0"/><net_sink comp="1572" pin=1"/></net>

<net id="1584"><net_src comp="962" pin="0"/><net_sink comp="1579" pin=0"/></net>

<net id="1585"><net_src comp="170" pin="0"/><net_sink comp="1579" pin=1"/></net>

<net id="1591"><net_src comp="962" pin="0"/><net_sink comp="1586" pin=0"/></net>

<net id="1592"><net_src comp="172" pin="0"/><net_sink comp="1586" pin=1"/></net>

<net id="1598"><net_src comp="962" pin="0"/><net_sink comp="1593" pin=0"/></net>

<net id="1599"><net_src comp="174" pin="0"/><net_sink comp="1593" pin=1"/></net>

<net id="1605"><net_src comp="962" pin="0"/><net_sink comp="1600" pin=0"/></net>

<net id="1606"><net_src comp="176" pin="0"/><net_sink comp="1600" pin=1"/></net>

<net id="1612"><net_src comp="962" pin="0"/><net_sink comp="1607" pin=0"/></net>

<net id="1613"><net_src comp="178" pin="0"/><net_sink comp="1607" pin=1"/></net>

<net id="1619"><net_src comp="962" pin="0"/><net_sink comp="1614" pin=0"/></net>

<net id="1620"><net_src comp="180" pin="0"/><net_sink comp="1614" pin=1"/></net>

<net id="1626"><net_src comp="962" pin="0"/><net_sink comp="1621" pin=0"/></net>

<net id="1627"><net_src comp="182" pin="0"/><net_sink comp="1621" pin=1"/></net>

<net id="1633"><net_src comp="962" pin="0"/><net_sink comp="1628" pin=0"/></net>

<net id="1634"><net_src comp="184" pin="0"/><net_sink comp="1628" pin=1"/></net>

<net id="1640"><net_src comp="962" pin="0"/><net_sink comp="1635" pin=0"/></net>

<net id="1641"><net_src comp="186" pin="0"/><net_sink comp="1635" pin=1"/></net>

<net id="1647"><net_src comp="962" pin="0"/><net_sink comp="1642" pin=0"/></net>

<net id="1648"><net_src comp="188" pin="0"/><net_sink comp="1642" pin=1"/></net>

<net id="1654"><net_src comp="962" pin="0"/><net_sink comp="1649" pin=0"/></net>

<net id="1655"><net_src comp="190" pin="0"/><net_sink comp="1649" pin=1"/></net>

<net id="1661"><net_src comp="962" pin="0"/><net_sink comp="1656" pin=0"/></net>

<net id="1662"><net_src comp="192" pin="0"/><net_sink comp="1656" pin=1"/></net>

<net id="1668"><net_src comp="962" pin="0"/><net_sink comp="1663" pin=0"/></net>

<net id="1669"><net_src comp="194" pin="0"/><net_sink comp="1663" pin=1"/></net>

<net id="1675"><net_src comp="962" pin="0"/><net_sink comp="1670" pin=0"/></net>

<net id="1676"><net_src comp="196" pin="0"/><net_sink comp="1670" pin=1"/></net>

<net id="1682"><net_src comp="962" pin="0"/><net_sink comp="1677" pin=0"/></net>

<net id="1683"><net_src comp="198" pin="0"/><net_sink comp="1677" pin=1"/></net>

<net id="1689"><net_src comp="962" pin="0"/><net_sink comp="1684" pin=0"/></net>

<net id="1690"><net_src comp="200" pin="0"/><net_sink comp="1684" pin=1"/></net>

<net id="1696"><net_src comp="962" pin="0"/><net_sink comp="1691" pin=0"/></net>

<net id="1697"><net_src comp="202" pin="0"/><net_sink comp="1691" pin=1"/></net>

<net id="1703"><net_src comp="962" pin="0"/><net_sink comp="1698" pin=0"/></net>

<net id="1704"><net_src comp="204" pin="0"/><net_sink comp="1698" pin=1"/></net>

<net id="1710"><net_src comp="962" pin="0"/><net_sink comp="1705" pin=0"/></net>

<net id="1711"><net_src comp="206" pin="0"/><net_sink comp="1705" pin=1"/></net>

<net id="1717"><net_src comp="962" pin="0"/><net_sink comp="1712" pin=0"/></net>

<net id="1718"><net_src comp="208" pin="0"/><net_sink comp="1712" pin=1"/></net>

<net id="1724"><net_src comp="962" pin="0"/><net_sink comp="1719" pin=0"/></net>

<net id="1725"><net_src comp="210" pin="0"/><net_sink comp="1719" pin=1"/></net>

<net id="1731"><net_src comp="962" pin="0"/><net_sink comp="1726" pin=0"/></net>

<net id="1732"><net_src comp="212" pin="0"/><net_sink comp="1726" pin=1"/></net>

<net id="1738"><net_src comp="962" pin="0"/><net_sink comp="1733" pin=0"/></net>

<net id="1739"><net_src comp="214" pin="0"/><net_sink comp="1733" pin=1"/></net>

<net id="1745"><net_src comp="962" pin="0"/><net_sink comp="1740" pin=0"/></net>

<net id="1746"><net_src comp="216" pin="0"/><net_sink comp="1740" pin=1"/></net>

<net id="1752"><net_src comp="962" pin="0"/><net_sink comp="1747" pin=0"/></net>

<net id="1753"><net_src comp="218" pin="0"/><net_sink comp="1747" pin=1"/></net>

<net id="1759"><net_src comp="962" pin="0"/><net_sink comp="1754" pin=0"/></net>

<net id="1760"><net_src comp="220" pin="0"/><net_sink comp="1754" pin=1"/></net>

<net id="1766"><net_src comp="962" pin="0"/><net_sink comp="1761" pin=0"/></net>

<net id="1767"><net_src comp="222" pin="0"/><net_sink comp="1761" pin=1"/></net>

<net id="1773"><net_src comp="962" pin="0"/><net_sink comp="1768" pin=0"/></net>

<net id="1774"><net_src comp="224" pin="0"/><net_sink comp="1768" pin=1"/></net>

<net id="1780"><net_src comp="962" pin="0"/><net_sink comp="1775" pin=0"/></net>

<net id="1781"><net_src comp="226" pin="0"/><net_sink comp="1775" pin=1"/></net>

<net id="1787"><net_src comp="962" pin="0"/><net_sink comp="1782" pin=0"/></net>

<net id="1788"><net_src comp="228" pin="0"/><net_sink comp="1782" pin=1"/></net>

<net id="1794"><net_src comp="962" pin="0"/><net_sink comp="1789" pin=0"/></net>

<net id="1795"><net_src comp="230" pin="0"/><net_sink comp="1789" pin=1"/></net>

<net id="1801"><net_src comp="962" pin="0"/><net_sink comp="1796" pin=0"/></net>

<net id="1802"><net_src comp="232" pin="0"/><net_sink comp="1796" pin=1"/></net>

<net id="1808"><net_src comp="962" pin="0"/><net_sink comp="1803" pin=0"/></net>

<net id="1809"><net_src comp="234" pin="0"/><net_sink comp="1803" pin=1"/></net>

<net id="1815"><net_src comp="962" pin="0"/><net_sink comp="1810" pin=0"/></net>

<net id="1816"><net_src comp="236" pin="0"/><net_sink comp="1810" pin=1"/></net>

<net id="1822"><net_src comp="962" pin="0"/><net_sink comp="1817" pin=0"/></net>

<net id="1823"><net_src comp="238" pin="0"/><net_sink comp="1817" pin=1"/></net>

<net id="1829"><net_src comp="962" pin="0"/><net_sink comp="1824" pin=0"/></net>

<net id="1830"><net_src comp="240" pin="0"/><net_sink comp="1824" pin=1"/></net>

<net id="1836"><net_src comp="962" pin="0"/><net_sink comp="1831" pin=0"/></net>

<net id="1837"><net_src comp="242" pin="0"/><net_sink comp="1831" pin=1"/></net>

<net id="1843"><net_src comp="962" pin="0"/><net_sink comp="1838" pin=0"/></net>

<net id="1844"><net_src comp="244" pin="0"/><net_sink comp="1838" pin=1"/></net>

<net id="1850"><net_src comp="962" pin="0"/><net_sink comp="1845" pin=0"/></net>

<net id="1851"><net_src comp="246" pin="0"/><net_sink comp="1845" pin=1"/></net>

<net id="1857"><net_src comp="962" pin="0"/><net_sink comp="1852" pin=0"/></net>

<net id="1858"><net_src comp="248" pin="0"/><net_sink comp="1852" pin=1"/></net>

<net id="1864"><net_src comp="962" pin="0"/><net_sink comp="1859" pin=0"/></net>

<net id="1865"><net_src comp="250" pin="0"/><net_sink comp="1859" pin=1"/></net>

<net id="1871"><net_src comp="962" pin="0"/><net_sink comp="1866" pin=0"/></net>

<net id="1872"><net_src comp="252" pin="0"/><net_sink comp="1866" pin=1"/></net>

<net id="1878"><net_src comp="962" pin="0"/><net_sink comp="1873" pin=0"/></net>

<net id="1879"><net_src comp="254" pin="0"/><net_sink comp="1873" pin=1"/></net>

<net id="1885"><net_src comp="962" pin="0"/><net_sink comp="1880" pin=0"/></net>

<net id="1886"><net_src comp="256" pin="0"/><net_sink comp="1880" pin=1"/></net>

<net id="1892"><net_src comp="962" pin="0"/><net_sink comp="1887" pin=0"/></net>

<net id="1893"><net_src comp="258" pin="0"/><net_sink comp="1887" pin=1"/></net>

<net id="1899"><net_src comp="962" pin="0"/><net_sink comp="1894" pin=0"/></net>

<net id="1900"><net_src comp="260" pin="0"/><net_sink comp="1894" pin=1"/></net>

<net id="1906"><net_src comp="962" pin="0"/><net_sink comp="1901" pin=0"/></net>

<net id="1907"><net_src comp="262" pin="0"/><net_sink comp="1901" pin=1"/></net>

<net id="1913"><net_src comp="962" pin="0"/><net_sink comp="1908" pin=0"/></net>

<net id="1914"><net_src comp="264" pin="0"/><net_sink comp="1908" pin=1"/></net>

<net id="1920"><net_src comp="962" pin="0"/><net_sink comp="1915" pin=0"/></net>

<net id="1921"><net_src comp="266" pin="0"/><net_sink comp="1915" pin=1"/></net>

<net id="1927"><net_src comp="962" pin="0"/><net_sink comp="1922" pin=0"/></net>

<net id="1928"><net_src comp="268" pin="0"/><net_sink comp="1922" pin=1"/></net>

<net id="1934"><net_src comp="962" pin="0"/><net_sink comp="1929" pin=0"/></net>

<net id="1935"><net_src comp="270" pin="0"/><net_sink comp="1929" pin=1"/></net>

<net id="1941"><net_src comp="962" pin="0"/><net_sink comp="1936" pin=0"/></net>

<net id="1942"><net_src comp="272" pin="0"/><net_sink comp="1936" pin=1"/></net>

<net id="1948"><net_src comp="962" pin="0"/><net_sink comp="1943" pin=0"/></net>

<net id="1949"><net_src comp="274" pin="0"/><net_sink comp="1943" pin=1"/></net>

<net id="1955"><net_src comp="962" pin="0"/><net_sink comp="1950" pin=0"/></net>

<net id="1956"><net_src comp="276" pin="0"/><net_sink comp="1950" pin=1"/></net>

<net id="1962"><net_src comp="962" pin="0"/><net_sink comp="1957" pin=0"/></net>

<net id="1963"><net_src comp="278" pin="0"/><net_sink comp="1957" pin=1"/></net>

<net id="1969"><net_src comp="962" pin="0"/><net_sink comp="1964" pin=0"/></net>

<net id="1970"><net_src comp="280" pin="0"/><net_sink comp="1964" pin=1"/></net>

<net id="1976"><net_src comp="962" pin="0"/><net_sink comp="1971" pin=0"/></net>

<net id="1977"><net_src comp="282" pin="0"/><net_sink comp="1971" pin=1"/></net>

<net id="1983"><net_src comp="962" pin="0"/><net_sink comp="1978" pin=0"/></net>

<net id="1984"><net_src comp="284" pin="0"/><net_sink comp="1978" pin=1"/></net>

<net id="1990"><net_src comp="962" pin="0"/><net_sink comp="1985" pin=0"/></net>

<net id="1991"><net_src comp="286" pin="0"/><net_sink comp="1985" pin=1"/></net>

<net id="1997"><net_src comp="962" pin="0"/><net_sink comp="1992" pin=0"/></net>

<net id="1998"><net_src comp="288" pin="0"/><net_sink comp="1992" pin=1"/></net>

<net id="2004"><net_src comp="962" pin="0"/><net_sink comp="1999" pin=0"/></net>

<net id="2005"><net_src comp="290" pin="0"/><net_sink comp="1999" pin=1"/></net>

<net id="2011"><net_src comp="962" pin="0"/><net_sink comp="2006" pin=0"/></net>

<net id="2012"><net_src comp="292" pin="0"/><net_sink comp="2006" pin=1"/></net>

<net id="2018"><net_src comp="962" pin="0"/><net_sink comp="2013" pin=0"/></net>

<net id="2019"><net_src comp="294" pin="0"/><net_sink comp="2013" pin=1"/></net>

<net id="2025"><net_src comp="962" pin="0"/><net_sink comp="2020" pin=0"/></net>

<net id="2026"><net_src comp="296" pin="0"/><net_sink comp="2020" pin=1"/></net>

<net id="2032"><net_src comp="962" pin="0"/><net_sink comp="2027" pin=0"/></net>

<net id="2033"><net_src comp="298" pin="0"/><net_sink comp="2027" pin=1"/></net>

<net id="2039"><net_src comp="962" pin="0"/><net_sink comp="2034" pin=0"/></net>

<net id="2040"><net_src comp="300" pin="0"/><net_sink comp="2034" pin=1"/></net>

<net id="2046"><net_src comp="962" pin="0"/><net_sink comp="2041" pin=0"/></net>

<net id="2047"><net_src comp="302" pin="0"/><net_sink comp="2041" pin=1"/></net>

<net id="2053"><net_src comp="962" pin="0"/><net_sink comp="2048" pin=0"/></net>

<net id="2054"><net_src comp="304" pin="0"/><net_sink comp="2048" pin=1"/></net>

<net id="2060"><net_src comp="962" pin="0"/><net_sink comp="2055" pin=0"/></net>

<net id="2061"><net_src comp="306" pin="0"/><net_sink comp="2055" pin=1"/></net>

<net id="2067"><net_src comp="962" pin="0"/><net_sink comp="2062" pin=0"/></net>

<net id="2068"><net_src comp="308" pin="0"/><net_sink comp="2062" pin=1"/></net>

<net id="2074"><net_src comp="962" pin="0"/><net_sink comp="2069" pin=0"/></net>

<net id="2075"><net_src comp="310" pin="0"/><net_sink comp="2069" pin=1"/></net>

<net id="2081"><net_src comp="962" pin="0"/><net_sink comp="2076" pin=0"/></net>

<net id="2082"><net_src comp="312" pin="0"/><net_sink comp="2076" pin=1"/></net>

<net id="2088"><net_src comp="962" pin="0"/><net_sink comp="2083" pin=0"/></net>

<net id="2089"><net_src comp="314" pin="0"/><net_sink comp="2083" pin=1"/></net>

<net id="2095"><net_src comp="962" pin="0"/><net_sink comp="2090" pin=0"/></net>

<net id="2096"><net_src comp="316" pin="0"/><net_sink comp="2090" pin=1"/></net>

<net id="2102"><net_src comp="962" pin="0"/><net_sink comp="2097" pin=0"/></net>

<net id="2103"><net_src comp="318" pin="0"/><net_sink comp="2097" pin=1"/></net>

<net id="2109"><net_src comp="962" pin="0"/><net_sink comp="2104" pin=0"/></net>

<net id="2110"><net_src comp="320" pin="0"/><net_sink comp="2104" pin=1"/></net>

<net id="2116"><net_src comp="962" pin="0"/><net_sink comp="2111" pin=0"/></net>

<net id="2117"><net_src comp="322" pin="0"/><net_sink comp="2111" pin=1"/></net>

<net id="2123"><net_src comp="962" pin="0"/><net_sink comp="2118" pin=0"/></net>

<net id="2124"><net_src comp="324" pin="0"/><net_sink comp="2118" pin=1"/></net>

<net id="2130"><net_src comp="962" pin="0"/><net_sink comp="2125" pin=0"/></net>

<net id="2131"><net_src comp="326" pin="0"/><net_sink comp="2125" pin=1"/></net>

<net id="2137"><net_src comp="962" pin="0"/><net_sink comp="2132" pin=0"/></net>

<net id="2138"><net_src comp="328" pin="0"/><net_sink comp="2132" pin=1"/></net>

<net id="2144"><net_src comp="962" pin="0"/><net_sink comp="2139" pin=0"/></net>

<net id="2145"><net_src comp="330" pin="0"/><net_sink comp="2139" pin=1"/></net>

<net id="2151"><net_src comp="962" pin="0"/><net_sink comp="2146" pin=0"/></net>

<net id="2152"><net_src comp="332" pin="0"/><net_sink comp="2146" pin=1"/></net>

<net id="2158"><net_src comp="962" pin="0"/><net_sink comp="2153" pin=0"/></net>

<net id="2159"><net_src comp="334" pin="0"/><net_sink comp="2153" pin=1"/></net>

<net id="2165"><net_src comp="962" pin="0"/><net_sink comp="2160" pin=0"/></net>

<net id="2166"><net_src comp="336" pin="0"/><net_sink comp="2160" pin=1"/></net>

<net id="2172"><net_src comp="962" pin="0"/><net_sink comp="2167" pin=0"/></net>

<net id="2173"><net_src comp="338" pin="0"/><net_sink comp="2167" pin=1"/></net>

<net id="2179"><net_src comp="962" pin="0"/><net_sink comp="2174" pin=0"/></net>

<net id="2180"><net_src comp="340" pin="0"/><net_sink comp="2174" pin=1"/></net>

<net id="2186"><net_src comp="962" pin="0"/><net_sink comp="2181" pin=0"/></net>

<net id="2187"><net_src comp="342" pin="0"/><net_sink comp="2181" pin=1"/></net>

<net id="2193"><net_src comp="962" pin="0"/><net_sink comp="2188" pin=0"/></net>

<net id="2194"><net_src comp="344" pin="0"/><net_sink comp="2188" pin=1"/></net>

<net id="2200"><net_src comp="962" pin="0"/><net_sink comp="2195" pin=0"/></net>

<net id="2201"><net_src comp="346" pin="0"/><net_sink comp="2195" pin=1"/></net>

<net id="2207"><net_src comp="962" pin="0"/><net_sink comp="2202" pin=0"/></net>

<net id="2208"><net_src comp="348" pin="0"/><net_sink comp="2202" pin=1"/></net>

<net id="2214"><net_src comp="962" pin="0"/><net_sink comp="2209" pin=0"/></net>

<net id="2215"><net_src comp="350" pin="0"/><net_sink comp="2209" pin=1"/></net>

<net id="2221"><net_src comp="962" pin="0"/><net_sink comp="2216" pin=0"/></net>

<net id="2222"><net_src comp="352" pin="0"/><net_sink comp="2216" pin=1"/></net>

<net id="2228"><net_src comp="962" pin="0"/><net_sink comp="2223" pin=0"/></net>

<net id="2229"><net_src comp="354" pin="0"/><net_sink comp="2223" pin=1"/></net>

<net id="2235"><net_src comp="962" pin="0"/><net_sink comp="2230" pin=0"/></net>

<net id="2236"><net_src comp="356" pin="0"/><net_sink comp="2230" pin=1"/></net>

<net id="2242"><net_src comp="962" pin="0"/><net_sink comp="2237" pin=0"/></net>

<net id="2243"><net_src comp="358" pin="0"/><net_sink comp="2237" pin=1"/></net>

<net id="2249"><net_src comp="962" pin="0"/><net_sink comp="2244" pin=0"/></net>

<net id="2250"><net_src comp="360" pin="0"/><net_sink comp="2244" pin=1"/></net>

<net id="2256"><net_src comp="962" pin="0"/><net_sink comp="2251" pin=0"/></net>

<net id="2257"><net_src comp="362" pin="0"/><net_sink comp="2251" pin=1"/></net>

<net id="2263"><net_src comp="962" pin="0"/><net_sink comp="2258" pin=0"/></net>

<net id="2264"><net_src comp="364" pin="0"/><net_sink comp="2258" pin=1"/></net>

<net id="2270"><net_src comp="962" pin="0"/><net_sink comp="2265" pin=0"/></net>

<net id="2271"><net_src comp="366" pin="0"/><net_sink comp="2265" pin=1"/></net>

<net id="2277"><net_src comp="962" pin="0"/><net_sink comp="2272" pin=0"/></net>

<net id="2278"><net_src comp="368" pin="0"/><net_sink comp="2272" pin=1"/></net>

<net id="2284"><net_src comp="962" pin="0"/><net_sink comp="2279" pin=0"/></net>

<net id="2285"><net_src comp="370" pin="0"/><net_sink comp="2279" pin=1"/></net>

<net id="2291"><net_src comp="962" pin="0"/><net_sink comp="2286" pin=0"/></net>

<net id="2292"><net_src comp="372" pin="0"/><net_sink comp="2286" pin=1"/></net>

<net id="2298"><net_src comp="962" pin="0"/><net_sink comp="2293" pin=0"/></net>

<net id="2299"><net_src comp="374" pin="0"/><net_sink comp="2293" pin=1"/></net>

<net id="2305"><net_src comp="962" pin="0"/><net_sink comp="2300" pin=0"/></net>

<net id="2306"><net_src comp="376" pin="0"/><net_sink comp="2300" pin=1"/></net>

<net id="2312"><net_src comp="962" pin="0"/><net_sink comp="2307" pin=0"/></net>

<net id="2313"><net_src comp="378" pin="0"/><net_sink comp="2307" pin=1"/></net>

<net id="2319"><net_src comp="962" pin="0"/><net_sink comp="2314" pin=0"/></net>

<net id="2320"><net_src comp="380" pin="0"/><net_sink comp="2314" pin=1"/></net>

<net id="2326"><net_src comp="962" pin="0"/><net_sink comp="2321" pin=0"/></net>

<net id="2327"><net_src comp="382" pin="0"/><net_sink comp="2321" pin=1"/></net>

<net id="2333"><net_src comp="962" pin="0"/><net_sink comp="2328" pin=0"/></net>

<net id="2334"><net_src comp="384" pin="0"/><net_sink comp="2328" pin=1"/></net>

<net id="2340"><net_src comp="962" pin="0"/><net_sink comp="2335" pin=0"/></net>

<net id="2341"><net_src comp="386" pin="0"/><net_sink comp="2335" pin=1"/></net>

<net id="2347"><net_src comp="962" pin="0"/><net_sink comp="2342" pin=0"/></net>

<net id="2348"><net_src comp="388" pin="0"/><net_sink comp="2342" pin=1"/></net>

<net id="2354"><net_src comp="962" pin="0"/><net_sink comp="2349" pin=0"/></net>

<net id="2355"><net_src comp="390" pin="0"/><net_sink comp="2349" pin=1"/></net>

<net id="2361"><net_src comp="962" pin="0"/><net_sink comp="2356" pin=0"/></net>

<net id="2362"><net_src comp="392" pin="0"/><net_sink comp="2356" pin=1"/></net>

<net id="2368"><net_src comp="962" pin="0"/><net_sink comp="2363" pin=0"/></net>

<net id="2369"><net_src comp="394" pin="0"/><net_sink comp="2363" pin=1"/></net>

<net id="2375"><net_src comp="962" pin="0"/><net_sink comp="2370" pin=0"/></net>

<net id="2376"><net_src comp="396" pin="0"/><net_sink comp="2370" pin=1"/></net>

<net id="2382"><net_src comp="962" pin="0"/><net_sink comp="2377" pin=0"/></net>

<net id="2383"><net_src comp="398" pin="0"/><net_sink comp="2377" pin=1"/></net>

<net id="2389"><net_src comp="962" pin="0"/><net_sink comp="2384" pin=0"/></net>

<net id="2390"><net_src comp="400" pin="0"/><net_sink comp="2384" pin=1"/></net>

<net id="2396"><net_src comp="962" pin="0"/><net_sink comp="2391" pin=0"/></net>

<net id="2397"><net_src comp="402" pin="0"/><net_sink comp="2391" pin=1"/></net>

<net id="2403"><net_src comp="962" pin="0"/><net_sink comp="2398" pin=0"/></net>

<net id="2404"><net_src comp="404" pin="0"/><net_sink comp="2398" pin=1"/></net>

<net id="2410"><net_src comp="962" pin="0"/><net_sink comp="2405" pin=0"/></net>

<net id="2411"><net_src comp="406" pin="0"/><net_sink comp="2405" pin=1"/></net>

<net id="2417"><net_src comp="962" pin="0"/><net_sink comp="2412" pin=0"/></net>

<net id="2418"><net_src comp="408" pin="0"/><net_sink comp="2412" pin=1"/></net>

<net id="2424"><net_src comp="962" pin="0"/><net_sink comp="2419" pin=0"/></net>

<net id="2425"><net_src comp="410" pin="0"/><net_sink comp="2419" pin=1"/></net>

<net id="2431"><net_src comp="962" pin="0"/><net_sink comp="2426" pin=0"/></net>

<net id="2432"><net_src comp="412" pin="0"/><net_sink comp="2426" pin=1"/></net>

<net id="2438"><net_src comp="962" pin="0"/><net_sink comp="2433" pin=0"/></net>

<net id="2439"><net_src comp="414" pin="0"/><net_sink comp="2433" pin=1"/></net>

<net id="2445"><net_src comp="962" pin="0"/><net_sink comp="2440" pin=0"/></net>

<net id="2446"><net_src comp="416" pin="0"/><net_sink comp="2440" pin=1"/></net>

<net id="2452"><net_src comp="962" pin="0"/><net_sink comp="2447" pin=0"/></net>

<net id="2453"><net_src comp="418" pin="0"/><net_sink comp="2447" pin=1"/></net>

<net id="2459"><net_src comp="962" pin="0"/><net_sink comp="2454" pin=0"/></net>

<net id="2460"><net_src comp="420" pin="0"/><net_sink comp="2454" pin=1"/></net>

<net id="2466"><net_src comp="962" pin="0"/><net_sink comp="2461" pin=0"/></net>

<net id="2467"><net_src comp="422" pin="0"/><net_sink comp="2461" pin=1"/></net>

<net id="2473"><net_src comp="962" pin="0"/><net_sink comp="2468" pin=0"/></net>

<net id="2474"><net_src comp="424" pin="0"/><net_sink comp="2468" pin=1"/></net>

<net id="2480"><net_src comp="962" pin="0"/><net_sink comp="2475" pin=0"/></net>

<net id="2481"><net_src comp="426" pin="0"/><net_sink comp="2475" pin=1"/></net>

<net id="2487"><net_src comp="962" pin="0"/><net_sink comp="2482" pin=0"/></net>

<net id="2488"><net_src comp="428" pin="0"/><net_sink comp="2482" pin=1"/></net>

<net id="2494"><net_src comp="962" pin="0"/><net_sink comp="2489" pin=0"/></net>

<net id="2495"><net_src comp="430" pin="0"/><net_sink comp="2489" pin=1"/></net>

<net id="2501"><net_src comp="962" pin="0"/><net_sink comp="2496" pin=0"/></net>

<net id="2502"><net_src comp="432" pin="0"/><net_sink comp="2496" pin=1"/></net>

<net id="2508"><net_src comp="962" pin="0"/><net_sink comp="2503" pin=0"/></net>

<net id="2509"><net_src comp="434" pin="0"/><net_sink comp="2503" pin=1"/></net>

<net id="2515"><net_src comp="962" pin="0"/><net_sink comp="2510" pin=0"/></net>

<net id="2516"><net_src comp="436" pin="0"/><net_sink comp="2510" pin=1"/></net>

<net id="2522"><net_src comp="962" pin="0"/><net_sink comp="2517" pin=0"/></net>

<net id="2523"><net_src comp="438" pin="0"/><net_sink comp="2517" pin=1"/></net>

<net id="2529"><net_src comp="962" pin="0"/><net_sink comp="2524" pin=0"/></net>

<net id="2530"><net_src comp="440" pin="0"/><net_sink comp="2524" pin=1"/></net>

<net id="2536"><net_src comp="962" pin="0"/><net_sink comp="2531" pin=0"/></net>

<net id="2537"><net_src comp="442" pin="0"/><net_sink comp="2531" pin=1"/></net>

<net id="2543"><net_src comp="962" pin="0"/><net_sink comp="2538" pin=0"/></net>

<net id="2544"><net_src comp="444" pin="0"/><net_sink comp="2538" pin=1"/></net>

<net id="2550"><net_src comp="962" pin="0"/><net_sink comp="2545" pin=0"/></net>

<net id="2551"><net_src comp="446" pin="0"/><net_sink comp="2545" pin=1"/></net>

<net id="2557"><net_src comp="962" pin="0"/><net_sink comp="2552" pin=0"/></net>

<net id="2558"><net_src comp="0" pin="0"/><net_sink comp="2552" pin=1"/></net>

<net id="2564"><net_src comp="962" pin="0"/><net_sink comp="2559" pin=0"/></net>

<net id="2565"><net_src comp="2" pin="0"/><net_sink comp="2559" pin=1"/></net>

<net id="2571"><net_src comp="458" pin="0"/><net_sink comp="2566" pin=0"/></net>

<net id="2572"><net_src comp="944" pin="0"/><net_sink comp="2566" pin=1"/></net>

<net id="2578"><net_src comp="2566" pin="3"/><net_sink comp="2573" pin=0"/></net>

<net id="2584"><net_src comp="460" pin="0"/><net_sink comp="2579" pin=0"/></net>

<net id="2585"><net_src comp="944" pin="0"/><net_sink comp="2579" pin=1"/></net>

<net id="2591"><net_src comp="2579" pin="3"/><net_sink comp="2586" pin=0"/></net>

<net id="2595"><net_src comp="986" pin="2"/><net_sink comp="2592" pin=0"/></net>

<net id="2599"><net_src comp="992" pin="2"/><net_sink comp="2596" pin=0"/></net>

<net id="2603"><net_src comp="992" pin="2"/><net_sink comp="2600" pin=0"/></net>

<net id="2608"><net_src comp="478" pin="0"/><net_sink comp="2604" pin=0"/></net>

<net id="2616"><net_src comp="2609" pin="1"/><net_sink comp="2612" pin=0"/></net>

<net id="2617"><net_src comp="480" pin="0"/><net_sink comp="2612" pin=1"/></net>

<net id="2622"><net_src comp="2609" pin="1"/><net_sink comp="2618" pin=0"/></net>

<net id="2623"><net_src comp="482" pin="0"/><net_sink comp="2618" pin=1"/></net>

<net id="2627"><net_src comp="2609" pin="1"/><net_sink comp="2624" pin=0"/></net>

<net id="2631"><net_src comp="2609" pin="1"/><net_sink comp="2628" pin=0"/></net>

<net id="2636"><net_src comp="2609" pin="1"/><net_sink comp="2632" pin=0"/></net>

<net id="2637"><net_src comp="2600" pin="1"/><net_sink comp="2632" pin=1"/></net>

<net id="2642"><net_src comp="2592" pin="1"/><net_sink comp="2638" pin=0"/></net>

<net id="2643"><net_src comp="484" pin="0"/><net_sink comp="2638" pin=1"/></net>

<net id="2648"><net_src comp="2638" pin="2"/><net_sink comp="2644" pin=0"/></net>

<net id="2649"><net_src comp="2628" pin="1"/><net_sink comp="2644" pin=1"/></net>

<net id="2654"><net_src comp="2624" pin="1"/><net_sink comp="2650" pin=0"/></net>

<net id="2655"><net_src comp="486" pin="0"/><net_sink comp="2650" pin=1"/></net>

<net id="2659"><net_src comp="2650" pin="2"/><net_sink comp="2656" pin=0"/></net>

<net id="2664"><net_src comp="2656" pin="1"/><net_sink comp="2660" pin=0"/></net>

<net id="2665"><net_src comp="980" pin="2"/><net_sink comp="2660" pin=1"/></net>

<net id="2670"><net_src comp="488" pin="0"/><net_sink comp="2666" pin=0"/></net>

<net id="2671"><net_src comp="2660" pin="2"/><net_sink comp="2666" pin=1"/></net>

<net id="2677"><net_src comp="490" pin="0"/><net_sink comp="2672" pin=0"/></net>

<net id="2678"><net_src comp="2644" pin="2"/><net_sink comp="2672" pin=1"/></net>

<net id="2679"><net_src comp="492" pin="0"/><net_sink comp="2672" pin=2"/></net>

<net id="2684"><net_src comp="2609" pin="1"/><net_sink comp="2680" pin=0"/></net>

<net id="2685"><net_src comp="974" pin="2"/><net_sink comp="2680" pin=1"/></net>

<net id="2692"><net_src comp="494" pin="0"/><net_sink comp="2686" pin=0"/></net>

<net id="2693"><net_src comp="2644" pin="2"/><net_sink comp="2686" pin=1"/></net>

<net id="2694"><net_src comp="496" pin="0"/><net_sink comp="2686" pin=2"/></net>

<net id="2695"><net_src comp="492" pin="0"/><net_sink comp="2686" pin=3"/></net>

<net id="2700"><net_src comp="2686" pin="4"/><net_sink comp="2696" pin=0"/></net>

<net id="2701"><net_src comp="498" pin="0"/><net_sink comp="2696" pin=1"/></net>

<net id="2705"><net_src comp="2644" pin="2"/><net_sink comp="2702" pin=0"/></net>

<net id="2710"><net_src comp="500" pin="0"/><net_sink comp="2706" pin=0"/></net>

<net id="2711"><net_src comp="2660" pin="2"/><net_sink comp="2706" pin=1"/></net>

<net id="2717"><net_src comp="2696" pin="2"/><net_sink comp="2712" pin=0"/></net>

<net id="2718"><net_src comp="2706" pin="2"/><net_sink comp="2712" pin=1"/></net>

<net id="2719"><net_src comp="2702" pin="1"/><net_sink comp="2712" pin=2"/></net>

<net id="2724"><net_src comp="2624" pin="1"/><net_sink comp="2720" pin=0"/></net>

<net id="2725"><net_src comp="2596" pin="1"/><net_sink comp="2720" pin=1"/></net>

<net id="2729"><net_src comp="2720" pin="2"/><net_sink comp="2726" pin=0"/></net>

<net id="2733"><net_src comp="2720" pin="2"/><net_sink comp="2730" pin=0"/></net>

<net id="2738"><net_src comp="2726" pin="1"/><net_sink comp="2734" pin=0"/></net>

<net id="2739"><net_src comp="2592" pin="1"/><net_sink comp="2734" pin=1"/></net>

<net id="2744"><net_src comp="2730" pin="1"/><net_sink comp="2740" pin=0"/></net>

<net id="2745"><net_src comp="980" pin="2"/><net_sink comp="2740" pin=1"/></net>

<net id="2750"><net_src comp="488" pin="0"/><net_sink comp="2746" pin=0"/></net>

<net id="2751"><net_src comp="2740" pin="2"/><net_sink comp="2746" pin=1"/></net>

<net id="2757"><net_src comp="490" pin="0"/><net_sink comp="2752" pin=0"/></net>

<net id="2758"><net_src comp="2734" pin="2"/><net_sink comp="2752" pin=1"/></net>

<net id="2759"><net_src comp="492" pin="0"/><net_sink comp="2752" pin=2"/></net>

<net id="2765"><net_src comp="2672" pin="3"/><net_sink comp="2760" pin=0"/></net>

<net id="2766"><net_src comp="2666" pin="2"/><net_sink comp="2760" pin=1"/></net>

<net id="2767"><net_src comp="2712" pin="3"/><net_sink comp="2760" pin=2"/></net>

<net id="2772"><net_src comp="968" pin="2"/><net_sink comp="2768" pin=0"/></net>

<net id="2773"><net_src comp="2760" pin="3"/><net_sink comp="2768" pin=1"/></net>

<net id="2780"><net_src comp="494" pin="0"/><net_sink comp="2774" pin=0"/></net>

<net id="2781"><net_src comp="2734" pin="2"/><net_sink comp="2774" pin=1"/></net>

<net id="2782"><net_src comp="496" pin="0"/><net_sink comp="2774" pin=2"/></net>

<net id="2783"><net_src comp="492" pin="0"/><net_sink comp="2774" pin=3"/></net>

<net id="2788"><net_src comp="2774" pin="4"/><net_sink comp="2784" pin=0"/></net>

<net id="2789"><net_src comp="498" pin="0"/><net_sink comp="2784" pin=1"/></net>

<net id="2793"><net_src comp="2734" pin="2"/><net_sink comp="2790" pin=0"/></net>

<net id="2798"><net_src comp="500" pin="0"/><net_sink comp="2794" pin=0"/></net>

<net id="2799"><net_src comp="2740" pin="2"/><net_sink comp="2794" pin=1"/></net>

<net id="2805"><net_src comp="2784" pin="2"/><net_sink comp="2800" pin=0"/></net>

<net id="2806"><net_src comp="2794" pin="2"/><net_sink comp="2800" pin=1"/></net>

<net id="2807"><net_src comp="2790" pin="1"/><net_sink comp="2800" pin=2"/></net>

<net id="2813"><net_src comp="2752" pin="3"/><net_sink comp="2808" pin=0"/></net>

<net id="2814"><net_src comp="2746" pin="2"/><net_sink comp="2808" pin=1"/></net>

<net id="2815"><net_src comp="2800" pin="3"/><net_sink comp="2808" pin=2"/></net>

<net id="2820"><net_src comp="968" pin="2"/><net_sink comp="2816" pin=0"/></net>

<net id="2821"><net_src comp="2808" pin="3"/><net_sink comp="2816" pin=1"/></net>

<net id="2826"><net_src comp="2618" pin="2"/><net_sink comp="2822" pin=0"/></net>

<net id="2830"><net_src comp="2827" pin="1"/><net_sink comp="2566" pin=2"/></net>

<net id="2834"><net_src comp="2831" pin="1"/><net_sink comp="2579" pin=2"/></net>

<net id="2840"><net_src comp="2573" pin="3"/><net_sink comp="2835" pin=1"/></net>

<net id="2841"><net_src comp="958" pin="0"/><net_sink comp="2835" pin=2"/></net>

<net id="2846"><net_src comp="960" pin="0"/><net_sink comp="2842" pin=1"/></net>

<net id="2851"><net_src comp="2842" pin="2"/><net_sink comp="2847" pin=1"/></net>

<net id="2857"><net_src comp="2847" pin="2"/><net_sink comp="2852" pin=0"/></net>

<net id="2858"><net_src comp="2586" pin="3"/><net_sink comp="2852" pin=1"/></net>

<net id="2859"><net_src comp="2835" pin="3"/><net_sink comp="2852" pin=2"/></net>

<net id="2860"><net_src comp="2852" pin="3"/><net_sink comp="998" pin=2"/></net>

<net id="2861"><net_src comp="2852" pin="3"/><net_sink comp="1005" pin=2"/></net>

<net id="2862"><net_src comp="2852" pin="3"/><net_sink comp="1012" pin=2"/></net>

<net id="2863"><net_src comp="2852" pin="3"/><net_sink comp="1019" pin=2"/></net>

<net id="2864"><net_src comp="2852" pin="3"/><net_sink comp="1026" pin=2"/></net>

<net id="2865"><net_src comp="2852" pin="3"/><net_sink comp="1033" pin=2"/></net>

<net id="2866"><net_src comp="2852" pin="3"/><net_sink comp="1040" pin=2"/></net>

<net id="2867"><net_src comp="2852" pin="3"/><net_sink comp="1047" pin=2"/></net>

<net id="2868"><net_src comp="2852" pin="3"/><net_sink comp="1054" pin=2"/></net>

<net id="2869"><net_src comp="2852" pin="3"/><net_sink comp="1061" pin=2"/></net>

<net id="2870"><net_src comp="2852" pin="3"/><net_sink comp="1068" pin=2"/></net>

<net id="2871"><net_src comp="2852" pin="3"/><net_sink comp="1075" pin=2"/></net>

<net id="2872"><net_src comp="2852" pin="3"/><net_sink comp="1082" pin=2"/></net>

<net id="2873"><net_src comp="2852" pin="3"/><net_sink comp="1089" pin=2"/></net>

<net id="2874"><net_src comp="2852" pin="3"/><net_sink comp="1096" pin=2"/></net>

<net id="2875"><net_src comp="2852" pin="3"/><net_sink comp="1103" pin=2"/></net>

<net id="2876"><net_src comp="2852" pin="3"/><net_sink comp="1110" pin=2"/></net>

<net id="2877"><net_src comp="2852" pin="3"/><net_sink comp="1117" pin=2"/></net>

<net id="2878"><net_src comp="2852" pin="3"/><net_sink comp="1124" pin=2"/></net>

<net id="2879"><net_src comp="2852" pin="3"/><net_sink comp="1131" pin=2"/></net>

<net id="2880"><net_src comp="2852" pin="3"/><net_sink comp="1138" pin=2"/></net>

<net id="2881"><net_src comp="2852" pin="3"/><net_sink comp="1145" pin=2"/></net>

<net id="2882"><net_src comp="2852" pin="3"/><net_sink comp="1152" pin=2"/></net>

<net id="2883"><net_src comp="2852" pin="3"/><net_sink comp="1159" pin=2"/></net>

<net id="2884"><net_src comp="2852" pin="3"/><net_sink comp="1166" pin=2"/></net>

<net id="2885"><net_src comp="2852" pin="3"/><net_sink comp="1173" pin=2"/></net>

<net id="2886"><net_src comp="2852" pin="3"/><net_sink comp="1180" pin=2"/></net>

<net id="2887"><net_src comp="2852" pin="3"/><net_sink comp="1187" pin=2"/></net>

<net id="2888"><net_src comp="2852" pin="3"/><net_sink comp="1194" pin=2"/></net>

<net id="2889"><net_src comp="2852" pin="3"/><net_sink comp="1201" pin=2"/></net>

<net id="2890"><net_src comp="2852" pin="3"/><net_sink comp="1208" pin=2"/></net>

<net id="2891"><net_src comp="2852" pin="3"/><net_sink comp="1215" pin=2"/></net>

<net id="2892"><net_src comp="2852" pin="3"/><net_sink comp="1222" pin=2"/></net>

<net id="2893"><net_src comp="2852" pin="3"/><net_sink comp="1229" pin=2"/></net>

<net id="2894"><net_src comp="2852" pin="3"/><net_sink comp="1236" pin=2"/></net>

<net id="2895"><net_src comp="2852" pin="3"/><net_sink comp="1243" pin=2"/></net>

<net id="2896"><net_src comp="2852" pin="3"/><net_sink comp="1250" pin=2"/></net>

<net id="2897"><net_src comp="2852" pin="3"/><net_sink comp="1257" pin=2"/></net>

<net id="2898"><net_src comp="2852" pin="3"/><net_sink comp="1264" pin=2"/></net>

<net id="2899"><net_src comp="2852" pin="3"/><net_sink comp="1271" pin=2"/></net>

<net id="2900"><net_src comp="2852" pin="3"/><net_sink comp="1278" pin=2"/></net>

<net id="2901"><net_src comp="2852" pin="3"/><net_sink comp="1285" pin=2"/></net>

<net id="2902"><net_src comp="2852" pin="3"/><net_sink comp="1292" pin=2"/></net>

<net id="2903"><net_src comp="2852" pin="3"/><net_sink comp="1299" pin=2"/></net>

<net id="2904"><net_src comp="2852" pin="3"/><net_sink comp="1306" pin=2"/></net>

<net id="2905"><net_src comp="2852" pin="3"/><net_sink comp="1313" pin=2"/></net>

<net id="2906"><net_src comp="2852" pin="3"/><net_sink comp="1320" pin=2"/></net>

<net id="2907"><net_src comp="2852" pin="3"/><net_sink comp="1327" pin=2"/></net>

<net id="2908"><net_src comp="2852" pin="3"/><net_sink comp="1334" pin=2"/></net>

<net id="2909"><net_src comp="2852" pin="3"/><net_sink comp="1341" pin=2"/></net>

<net id="2910"><net_src comp="2852" pin="3"/><net_sink comp="1348" pin=2"/></net>

<net id="2911"><net_src comp="2852" pin="3"/><net_sink comp="1355" pin=2"/></net>

<net id="2912"><net_src comp="2852" pin="3"/><net_sink comp="1362" pin=2"/></net>

<net id="2913"><net_src comp="2852" pin="3"/><net_sink comp="1369" pin=2"/></net>

<net id="2914"><net_src comp="2852" pin="3"/><net_sink comp="1376" pin=2"/></net>

<net id="2915"><net_src comp="2852" pin="3"/><net_sink comp="1383" pin=2"/></net>

<net id="2916"><net_src comp="2852" pin="3"/><net_sink comp="1390" pin=2"/></net>

<net id="2917"><net_src comp="2852" pin="3"/><net_sink comp="1397" pin=2"/></net>

<net id="2918"><net_src comp="2852" pin="3"/><net_sink comp="1404" pin=2"/></net>

<net id="2919"><net_src comp="2852" pin="3"/><net_sink comp="1411" pin=2"/></net>

<net id="2920"><net_src comp="2852" pin="3"/><net_sink comp="1418" pin=2"/></net>

<net id="2921"><net_src comp="2852" pin="3"/><net_sink comp="1425" pin=2"/></net>

<net id="2922"><net_src comp="2852" pin="3"/><net_sink comp="1432" pin=2"/></net>

<net id="2923"><net_src comp="2852" pin="3"/><net_sink comp="1439" pin=2"/></net>

<net id="2924"><net_src comp="2852" pin="3"/><net_sink comp="1446" pin=2"/></net>

<net id="2925"><net_src comp="2852" pin="3"/><net_sink comp="1453" pin=2"/></net>

<net id="2926"><net_src comp="2852" pin="3"/><net_sink comp="1460" pin=2"/></net>

<net id="2927"><net_src comp="2852" pin="3"/><net_sink comp="1467" pin=2"/></net>

<net id="2928"><net_src comp="2852" pin="3"/><net_sink comp="1474" pin=2"/></net>

<net id="2929"><net_src comp="2852" pin="3"/><net_sink comp="1481" pin=2"/></net>

<net id="2930"><net_src comp="2852" pin="3"/><net_sink comp="1488" pin=2"/></net>

<net id="2931"><net_src comp="2852" pin="3"/><net_sink comp="1495" pin=2"/></net>

<net id="2932"><net_src comp="2852" pin="3"/><net_sink comp="1502" pin=2"/></net>

<net id="2933"><net_src comp="2852" pin="3"/><net_sink comp="1509" pin=2"/></net>

<net id="2934"><net_src comp="2852" pin="3"/><net_sink comp="1516" pin=2"/></net>

<net id="2935"><net_src comp="2852" pin="3"/><net_sink comp="1523" pin=2"/></net>

<net id="2936"><net_src comp="2852" pin="3"/><net_sink comp="1530" pin=2"/></net>

<net id="2937"><net_src comp="2852" pin="3"/><net_sink comp="1537" pin=2"/></net>

<net id="2938"><net_src comp="2852" pin="3"/><net_sink comp="1544" pin=2"/></net>

<net id="2939"><net_src comp="2852" pin="3"/><net_sink comp="1551" pin=2"/></net>

<net id="2940"><net_src comp="2852" pin="3"/><net_sink comp="1558" pin=2"/></net>

<net id="2941"><net_src comp="2852" pin="3"/><net_sink comp="1565" pin=2"/></net>

<net id="2942"><net_src comp="2852" pin="3"/><net_sink comp="1572" pin=2"/></net>

<net id="2943"><net_src comp="2852" pin="3"/><net_sink comp="1579" pin=2"/></net>

<net id="2944"><net_src comp="2852" pin="3"/><net_sink comp="1586" pin=2"/></net>

<net id="2945"><net_src comp="2852" pin="3"/><net_sink comp="1593" pin=2"/></net>

<net id="2946"><net_src comp="2852" pin="3"/><net_sink comp="1600" pin=2"/></net>

<net id="2947"><net_src comp="2852" pin="3"/><net_sink comp="1607" pin=2"/></net>

<net id="2948"><net_src comp="2852" pin="3"/><net_sink comp="1614" pin=2"/></net>

<net id="2949"><net_src comp="2852" pin="3"/><net_sink comp="1621" pin=2"/></net>

<net id="2950"><net_src comp="2852" pin="3"/><net_sink comp="1628" pin=2"/></net>

<net id="2951"><net_src comp="2852" pin="3"/><net_sink comp="1635" pin=2"/></net>

<net id="2952"><net_src comp="2852" pin="3"/><net_sink comp="1642" pin=2"/></net>

<net id="2953"><net_src comp="2852" pin="3"/><net_sink comp="1649" pin=2"/></net>

<net id="2954"><net_src comp="2852" pin="3"/><net_sink comp="1656" pin=2"/></net>

<net id="2955"><net_src comp="2852" pin="3"/><net_sink comp="1663" pin=2"/></net>

<net id="2956"><net_src comp="2852" pin="3"/><net_sink comp="1670" pin=2"/></net>

<net id="2957"><net_src comp="2852" pin="3"/><net_sink comp="1677" pin=2"/></net>

<net id="2958"><net_src comp="2852" pin="3"/><net_sink comp="1684" pin=2"/></net>

<net id="2959"><net_src comp="2852" pin="3"/><net_sink comp="1691" pin=2"/></net>

<net id="2960"><net_src comp="2852" pin="3"/><net_sink comp="1698" pin=2"/></net>

<net id="2961"><net_src comp="2852" pin="3"/><net_sink comp="1705" pin=2"/></net>

<net id="2962"><net_src comp="2852" pin="3"/><net_sink comp="1712" pin=2"/></net>

<net id="2963"><net_src comp="2852" pin="3"/><net_sink comp="1719" pin=2"/></net>

<net id="2964"><net_src comp="2852" pin="3"/><net_sink comp="1726" pin=2"/></net>

<net id="2965"><net_src comp="2852" pin="3"/><net_sink comp="1733" pin=2"/></net>

<net id="2966"><net_src comp="2852" pin="3"/><net_sink comp="1740" pin=2"/></net>

<net id="2967"><net_src comp="2852" pin="3"/><net_sink comp="1747" pin=2"/></net>

<net id="2968"><net_src comp="2852" pin="3"/><net_sink comp="1754" pin=2"/></net>

<net id="2969"><net_src comp="2852" pin="3"/><net_sink comp="1761" pin=2"/></net>

<net id="2970"><net_src comp="2852" pin="3"/><net_sink comp="1768" pin=2"/></net>

<net id="2971"><net_src comp="2852" pin="3"/><net_sink comp="1775" pin=2"/></net>

<net id="2972"><net_src comp="2852" pin="3"/><net_sink comp="1782" pin=2"/></net>

<net id="2973"><net_src comp="2852" pin="3"/><net_sink comp="1789" pin=2"/></net>

<net id="2974"><net_src comp="2852" pin="3"/><net_sink comp="1796" pin=2"/></net>

<net id="2975"><net_src comp="2852" pin="3"/><net_sink comp="1803" pin=2"/></net>

<net id="2976"><net_src comp="2852" pin="3"/><net_sink comp="1810" pin=2"/></net>

<net id="2977"><net_src comp="2852" pin="3"/><net_sink comp="1817" pin=2"/></net>

<net id="2978"><net_src comp="2852" pin="3"/><net_sink comp="1824" pin=2"/></net>

<net id="2979"><net_src comp="2852" pin="3"/><net_sink comp="1831" pin=2"/></net>

<net id="2980"><net_src comp="2852" pin="3"/><net_sink comp="1838" pin=2"/></net>

<net id="2981"><net_src comp="2852" pin="3"/><net_sink comp="1845" pin=2"/></net>

<net id="2982"><net_src comp="2852" pin="3"/><net_sink comp="1852" pin=2"/></net>

<net id="2983"><net_src comp="2852" pin="3"/><net_sink comp="1859" pin=2"/></net>

<net id="2984"><net_src comp="2852" pin="3"/><net_sink comp="1866" pin=2"/></net>

<net id="2985"><net_src comp="2852" pin="3"/><net_sink comp="1873" pin=2"/></net>

<net id="2986"><net_src comp="2852" pin="3"/><net_sink comp="1880" pin=2"/></net>

<net id="2987"><net_src comp="2852" pin="3"/><net_sink comp="1887" pin=2"/></net>

<net id="2988"><net_src comp="2852" pin="3"/><net_sink comp="1894" pin=2"/></net>

<net id="2989"><net_src comp="2852" pin="3"/><net_sink comp="1901" pin=2"/></net>

<net id="2990"><net_src comp="2852" pin="3"/><net_sink comp="1908" pin=2"/></net>

<net id="2991"><net_src comp="2852" pin="3"/><net_sink comp="1915" pin=2"/></net>

<net id="2992"><net_src comp="2852" pin="3"/><net_sink comp="1922" pin=2"/></net>

<net id="2993"><net_src comp="2852" pin="3"/><net_sink comp="1929" pin=2"/></net>

<net id="2994"><net_src comp="2852" pin="3"/><net_sink comp="1936" pin=2"/></net>

<net id="2995"><net_src comp="2852" pin="3"/><net_sink comp="1943" pin=2"/></net>

<net id="2996"><net_src comp="2852" pin="3"/><net_sink comp="1950" pin=2"/></net>

<net id="2997"><net_src comp="2852" pin="3"/><net_sink comp="1957" pin=2"/></net>

<net id="2998"><net_src comp="2852" pin="3"/><net_sink comp="1964" pin=2"/></net>

<net id="2999"><net_src comp="2852" pin="3"/><net_sink comp="1971" pin=2"/></net>

<net id="3000"><net_src comp="2852" pin="3"/><net_sink comp="1978" pin=2"/></net>

<net id="3001"><net_src comp="2852" pin="3"/><net_sink comp="1985" pin=2"/></net>

<net id="3002"><net_src comp="2852" pin="3"/><net_sink comp="1992" pin=2"/></net>

<net id="3003"><net_src comp="2852" pin="3"/><net_sink comp="1999" pin=2"/></net>

<net id="3004"><net_src comp="2852" pin="3"/><net_sink comp="2006" pin=2"/></net>

<net id="3005"><net_src comp="2852" pin="3"/><net_sink comp="2013" pin=2"/></net>

<net id="3006"><net_src comp="2852" pin="3"/><net_sink comp="2020" pin=2"/></net>

<net id="3007"><net_src comp="2852" pin="3"/><net_sink comp="2027" pin=2"/></net>

<net id="3008"><net_src comp="2852" pin="3"/><net_sink comp="2034" pin=2"/></net>

<net id="3009"><net_src comp="2852" pin="3"/><net_sink comp="2041" pin=2"/></net>

<net id="3010"><net_src comp="2852" pin="3"/><net_sink comp="2048" pin=2"/></net>

<net id="3011"><net_src comp="2852" pin="3"/><net_sink comp="2055" pin=2"/></net>

<net id="3012"><net_src comp="2852" pin="3"/><net_sink comp="2062" pin=2"/></net>

<net id="3013"><net_src comp="2852" pin="3"/><net_sink comp="2069" pin=2"/></net>

<net id="3014"><net_src comp="2852" pin="3"/><net_sink comp="2076" pin=2"/></net>

<net id="3015"><net_src comp="2852" pin="3"/><net_sink comp="2083" pin=2"/></net>

<net id="3016"><net_src comp="2852" pin="3"/><net_sink comp="2090" pin=2"/></net>

<net id="3017"><net_src comp="2852" pin="3"/><net_sink comp="2097" pin=2"/></net>

<net id="3018"><net_src comp="2852" pin="3"/><net_sink comp="2104" pin=2"/></net>

<net id="3019"><net_src comp="2852" pin="3"/><net_sink comp="2111" pin=2"/></net>

<net id="3020"><net_src comp="2852" pin="3"/><net_sink comp="2118" pin=2"/></net>

<net id="3021"><net_src comp="2852" pin="3"/><net_sink comp="2125" pin=2"/></net>

<net id="3022"><net_src comp="2852" pin="3"/><net_sink comp="2132" pin=2"/></net>

<net id="3023"><net_src comp="2852" pin="3"/><net_sink comp="2139" pin=2"/></net>

<net id="3024"><net_src comp="2852" pin="3"/><net_sink comp="2146" pin=2"/></net>

<net id="3025"><net_src comp="2852" pin="3"/><net_sink comp="2153" pin=2"/></net>

<net id="3026"><net_src comp="2852" pin="3"/><net_sink comp="2160" pin=2"/></net>

<net id="3027"><net_src comp="2852" pin="3"/><net_sink comp="2167" pin=2"/></net>

<net id="3028"><net_src comp="2852" pin="3"/><net_sink comp="2174" pin=2"/></net>

<net id="3029"><net_src comp="2852" pin="3"/><net_sink comp="2181" pin=2"/></net>

<net id="3030"><net_src comp="2852" pin="3"/><net_sink comp="2188" pin=2"/></net>

<net id="3031"><net_src comp="2852" pin="3"/><net_sink comp="2195" pin=2"/></net>

<net id="3032"><net_src comp="2852" pin="3"/><net_sink comp="2202" pin=2"/></net>

<net id="3033"><net_src comp="2852" pin="3"/><net_sink comp="2209" pin=2"/></net>

<net id="3034"><net_src comp="2852" pin="3"/><net_sink comp="2216" pin=2"/></net>

<net id="3035"><net_src comp="2852" pin="3"/><net_sink comp="2223" pin=2"/></net>

<net id="3036"><net_src comp="2852" pin="3"/><net_sink comp="2230" pin=2"/></net>

<net id="3037"><net_src comp="2852" pin="3"/><net_sink comp="2237" pin=2"/></net>

<net id="3038"><net_src comp="2852" pin="3"/><net_sink comp="2244" pin=2"/></net>

<net id="3039"><net_src comp="2852" pin="3"/><net_sink comp="2251" pin=2"/></net>

<net id="3040"><net_src comp="2852" pin="3"/><net_sink comp="2258" pin=2"/></net>

<net id="3041"><net_src comp="2852" pin="3"/><net_sink comp="2265" pin=2"/></net>

<net id="3042"><net_src comp="2852" pin="3"/><net_sink comp="2272" pin=2"/></net>

<net id="3043"><net_src comp="2852" pin="3"/><net_sink comp="2279" pin=2"/></net>

<net id="3044"><net_src comp="2852" pin="3"/><net_sink comp="2286" pin=2"/></net>

<net id="3045"><net_src comp="2852" pin="3"/><net_sink comp="2293" pin=2"/></net>

<net id="3046"><net_src comp="2852" pin="3"/><net_sink comp="2300" pin=2"/></net>

<net id="3047"><net_src comp="2852" pin="3"/><net_sink comp="2307" pin=2"/></net>

<net id="3048"><net_src comp="2852" pin="3"/><net_sink comp="2314" pin=2"/></net>

<net id="3049"><net_src comp="2852" pin="3"/><net_sink comp="2321" pin=2"/></net>

<net id="3050"><net_src comp="2852" pin="3"/><net_sink comp="2328" pin=2"/></net>

<net id="3051"><net_src comp="2852" pin="3"/><net_sink comp="2335" pin=2"/></net>

<net id="3052"><net_src comp="2852" pin="3"/><net_sink comp="2342" pin=2"/></net>

<net id="3053"><net_src comp="2852" pin="3"/><net_sink comp="2349" pin=2"/></net>

<net id="3054"><net_src comp="2852" pin="3"/><net_sink comp="2356" pin=2"/></net>

<net id="3055"><net_src comp="2852" pin="3"/><net_sink comp="2363" pin=2"/></net>

<net id="3056"><net_src comp="2852" pin="3"/><net_sink comp="2370" pin=2"/></net>

<net id="3057"><net_src comp="2852" pin="3"/><net_sink comp="2377" pin=2"/></net>

<net id="3058"><net_src comp="2852" pin="3"/><net_sink comp="2384" pin=2"/></net>

<net id="3059"><net_src comp="2852" pin="3"/><net_sink comp="2391" pin=2"/></net>

<net id="3060"><net_src comp="2852" pin="3"/><net_sink comp="2398" pin=2"/></net>

<net id="3061"><net_src comp="2852" pin="3"/><net_sink comp="2405" pin=2"/></net>

<net id="3062"><net_src comp="2852" pin="3"/><net_sink comp="2412" pin=2"/></net>

<net id="3063"><net_src comp="2852" pin="3"/><net_sink comp="2419" pin=2"/></net>

<net id="3064"><net_src comp="2852" pin="3"/><net_sink comp="2426" pin=2"/></net>

<net id="3065"><net_src comp="2852" pin="3"/><net_sink comp="2433" pin=2"/></net>

<net id="3066"><net_src comp="2852" pin="3"/><net_sink comp="2440" pin=2"/></net>

<net id="3067"><net_src comp="2852" pin="3"/><net_sink comp="2447" pin=2"/></net>

<net id="3068"><net_src comp="2852" pin="3"/><net_sink comp="2454" pin=2"/></net>

<net id="3069"><net_src comp="2852" pin="3"/><net_sink comp="2461" pin=2"/></net>

<net id="3070"><net_src comp="2852" pin="3"/><net_sink comp="2468" pin=2"/></net>

<net id="3071"><net_src comp="2852" pin="3"/><net_sink comp="2475" pin=2"/></net>

<net id="3072"><net_src comp="2852" pin="3"/><net_sink comp="2482" pin=2"/></net>

<net id="3073"><net_src comp="2852" pin="3"/><net_sink comp="2489" pin=2"/></net>

<net id="3074"><net_src comp="2852" pin="3"/><net_sink comp="2496" pin=2"/></net>

<net id="3075"><net_src comp="2852" pin="3"/><net_sink comp="2503" pin=2"/></net>

<net id="3076"><net_src comp="2852" pin="3"/><net_sink comp="2510" pin=2"/></net>

<net id="3077"><net_src comp="2852" pin="3"/><net_sink comp="2517" pin=2"/></net>

<net id="3078"><net_src comp="2852" pin="3"/><net_sink comp="2524" pin=2"/></net>

<net id="3079"><net_src comp="2852" pin="3"/><net_sink comp="2531" pin=2"/></net>

<net id="3080"><net_src comp="2852" pin="3"/><net_sink comp="2538" pin=2"/></net>

<net id="3081"><net_src comp="2852" pin="3"/><net_sink comp="2545" pin=2"/></net>

<net id="3082"><net_src comp="2852" pin="3"/><net_sink comp="2552" pin=2"/></net>

<net id="3083"><net_src comp="2852" pin="3"/><net_sink comp="2559" pin=2"/></net>

<net id="3087"><net_src comp="964" pin="1"/><net_sink comp="3084" pin=0"/></net>

<net id="3088"><net_src comp="3084" pin="1"/><net_sink comp="2604" pin=1"/></net>

<net id="3089"><net_src comp="3084" pin="1"/><net_sink comp="2609" pin=0"/></net>

<net id="3090"><net_src comp="3084" pin="1"/><net_sink comp="2822" pin=1"/></net>

<net id="3094"><net_src comp="2609" pin="1"/><net_sink comp="3091" pin=0"/></net>

<net id="3098"><net_src comp="2612" pin="2"/><net_sink comp="3095" pin=0"/></net>

<net id="3102"><net_src comp="2632" pin="2"/><net_sink comp="3099" pin=0"/></net>

<net id="3103"><net_src comp="3099" pin="1"/><net_sink comp="2835" pin=0"/></net>

<net id="3104"><net_src comp="3099" pin="1"/><net_sink comp="2842" pin=0"/></net>

<net id="3108"><net_src comp="2680" pin="2"/><net_sink comp="3105" pin=0"/></net>

<net id="3109"><net_src comp="3105" pin="1"/><net_sink comp="2847" pin=0"/></net>

<net id="3113"><net_src comp="2768" pin="2"/><net_sink comp="3110" pin=0"/></net>

<net id="3114"><net_src comp="3110" pin="1"/><net_sink comp="2827" pin=0"/></net>

<net id="3118"><net_src comp="2816" pin="2"/><net_sink comp="3115" pin=0"/></net>

<net id="3119"><net_src comp="3115" pin="1"/><net_sink comp="2831" pin=0"/></net>

<net id="3123"><net_src comp="2566" pin="3"/><net_sink comp="3120" pin=0"/></net>

<net id="3124"><net_src comp="3120" pin="1"/><net_sink comp="2573" pin=0"/></net>

<net id="3128"><net_src comp="2579" pin="3"/><net_sink comp="3125" pin=0"/></net>

<net id="3129"><net_src comp="3125" pin="1"/><net_sink comp="2586" pin=0"/></net>

</net_list>

</model> 
---------------- Datapath Model END ------------------

* FSMD analyzer results:
  - Output states:
	Port: input_buffer_0 | {3 }
	Port: input_buffer_223 | {3 }
	Port: input_buffer_222 | {3 }
	Port: input_buffer_221 | {3 }
	Port: input_buffer_220 | {3 }
	Port: input_buffer_219 | {3 }
	Port: input_buffer_218 | {3 }
	Port: input_buffer_217 | {3 }
	Port: input_buffer_216 | {3 }
	Port: input_buffer_215 | {3 }
	Port: input_buffer_214 | {3 }
	Port: input_buffer_213 | {3 }
	Port: input_buffer_212 | {3 }
	Port: input_buffer_211 | {3 }
	Port: input_buffer_210 | {3 }
	Port: input_buffer_209 | {3 }
	Port: input_buffer_208 | {3 }
	Port: input_buffer_207 | {3 }
	Port: input_buffer_206 | {3 }
	Port: input_buffer_205 | {3 }
	Port: input_buffer_204 | {3 }
	Port: input_buffer_203 | {3 }
	Port: input_buffer_202 | {3 }
	Port: input_buffer_201 | {3 }
	Port: input_buffer_200 | {3 }
	Port: input_buffer_199 | {3 }
	Port: input_buffer_198 | {3 }
	Port: input_buffer_197 | {3 }
	Port: input_buffer_196 | {3 }
	Port: input_buffer_195 | {3 }
	Port: input_buffer_194 | {3 }
	Port: input_buffer_193 | {3 }
	Port: input_buffer_192 | {3 }
	Port: input_buffer_191 | {3 }
	Port: input_buffer_190 | {3 }
	Port: input_buffer_189 | {3 }
	Port: input_buffer_188 | {3 }
	Port: input_buffer_187 | {3 }
	Port: input_buffer_186 | {3 }
	Port: input_buffer_185 | {3 }
	Port: input_buffer_184 | {3 }
	Port: input_buffer_183 | {3 }
	Port: input_buffer_182 | {3 }
	Port: input_buffer_181 | {3 }
	Port: input_buffer_180 | {3 }
	Port: input_buffer_179 | {3 }
	Port: input_buffer_178 | {3 }
	Port: input_buffer_177 | {3 }
	Port: input_buffer_176 | {3 }
	Port: input_buffer_175 | {3 }
	Port: input_buffer_174 | {3 }
	Port: input_buffer_173 | {3 }
	Port: input_buffer_172 | {3 }
	Port: input_buffer_171 | {3 }
	Port: input_buffer_170 | {3 }
	Port: input_buffer_169 | {3 }
	Port: input_buffer_168 | {3 }
	Port: input_buffer_167 | {3 }
	Port: input_buffer_166 | {3 }
	Port: input_buffer_165 | {3 }
	Port: input_buffer_164 | {3 }
	Port: input_buffer_163 | {3 }
	Port: input_buffer_162 | {3 }
	Port: input_buffer_161 | {3 }
	Port: input_buffer_160 | {3 }
	Port: input_buffer_159 | {3 }
	Port: input_buffer_158 | {3 }
	Port: input_buffer_157 | {3 }
	Port: input_buffer_156 | {3 }
	Port: input_buffer_155 | {3 }
	Port: input_buffer_154 | {3 }
	Port: input_buffer_153 | {3 }
	Port: input_buffer_152 | {3 }
	Port: input_buffer_151 | {3 }
	Port: input_buffer_150 | {3 }
	Port: input_buffer_149 | {3 }
	Port: input_buffer_148 | {3 }
	Port: input_buffer_147 | {3 }
	Port: input_buffer_146 | {3 }
	Port: input_buffer_145 | {3 }
	Port: input_buffer_144 | {3 }
	Port: input_buffer_143 | {3 }
	Port: input_buffer_142 | {3 }
	Port: input_buffer_141 | {3 }
	Port: input_buffer_140 | {3 }
	Port: input_buffer_139 | {3 }
	Port: input_buffer_138 | {3 }
	Port: input_buffer_137 | {3 }
	Port: input_buffer_136 | {3 }
	Port: input_buffer_135 | {3 }
	Port: input_buffer_134 | {3 }
	Port: input_buffer_133 | {3 }
	Port: input_buffer_132 | {3 }
	Port: input_buffer_131 | {3 }
	Port: input_buffer_130 | {3 }
	Port: input_buffer_129 | {3 }
	Port: input_buffer_128 | {3 }
	Port: input_buffer_127 | {3 }
	Port: input_buffer_126 | {3 }
	Port: input_buffer_125 | {3 }
	Port: input_buffer_124 | {3 }
	Port: input_buffer_123 | {3 }
	Port: input_buffer_122 | {3 }
	Port: input_buffer_121 | {3 }
	Port: input_buffer_120 | {3 }
	Port: input_buffer_119 | {3 }
	Port: input_buffer_118 | {3 }
	Port: input_buffer_117 | {3 }
	Port: input_buffer_116 | {3 }
	Port: input_buffer_115 | {3 }
	Port: input_buffer_114 | {3 }
	Port: input_buffer_113 | {3 }
	Port: input_buffer_112 | {3 }
	Port: input_buffer_111 | {3 }
	Port: input_buffer_110 | {3 }
	Port: input_buffer_109 | {3 }
	Port: input_buffer_108 | {3 }
	Port: input_buffer_107 | {3 }
	Port: input_buffer_106 | {3 }
	Port: input_buffer_105 | {3 }
	Port: input_buffer_104 | {3 }
	Port: input_buffer_103 | {3 }
	Port: input_buffer_102 | {3 }
	Port: input_buffer_101 | {3 }
	Port: input_buffer_100 | {3 }
	Port: input_buffer_99 | {3 }
	Port: input_buffer_98 | {3 }
	Port: input_buffer_97 | {3 }
	Port: input_buffer_96 | {3 }
	Port: input_buffer_95 | {3 }
	Port: input_buffer_94 | {3 }
	Port: input_buffer_93 | {3 }
	Port: input_buffer_92 | {3 }
	Port: input_buffer_91 | {3 }
	Port: input_buffer_90 | {3 }
	Port: input_buffer_89 | {3 }
	Port: input_buffer_88 | {3 }
	Port: input_buffer_87 | {3 }
	Port: input_buffer_86 | {3 }
	Port: input_buffer_85 | {3 }
	Port: input_buffer_84 | {3 }
	Port: input_buffer_83 | {3 }
	Port: input_buffer_82 | {3 }
	Port: input_buffer_81 | {3 }
	Port: input_buffer_80 | {3 }
	Port: input_buffer_79 | {3 }
	Port: input_buffer_78 | {3 }
	Port: input_buffer_77 | {3 }
	Port: input_buffer_76 | {3 }
	Port: input_buffer_75 | {3 }
	Port: input_buffer_74 | {3 }
	Port: input_buffer_73 | {3 }
	Port: input_buffer_72 | {3 }
	Port: input_buffer_71 | {3 }
	Port: input_buffer_70 | {3 }
	Port: input_buffer_69 | {3 }
	Port: input_buffer_68 | {3 }
	Port: input_buffer_67 | {3 }
	Port: input_buffer_66 | {3 }
	Port: input_buffer_65 | {3 }
	Port: input_buffer_64 | {3 }
	Port: input_buffer_63 | {3 }
	Port: input_buffer_62 | {3 }
	Port: input_buffer_61 | {3 }
	Port: input_buffer_60 | {3 }
	Port: input_buffer_59 | {3 }
	Port: input_buffer_58 | {3 }
	Port: input_buffer_57 | {3 }
	Port: input_buffer_56 | {3 }
	Port: input_buffer_55 | {3 }
	Port: input_buffer_54 | {3 }
	Port: input_buffer_53 | {3 }
	Port: input_buffer_52 | {3 }
	Port: input_buffer_51 | {3 }
	Port: input_buffer_50 | {3 }
	Port: input_buffer_49 | {3 }
	Port: input_buffer_48 | {3 }
	Port: input_buffer_47 | {3 }
	Port: input_buffer_46 | {3 }
	Port: input_buffer_45 | {3 }
	Port: input_buffer_44 | {3 }
	Port: input_buffer_43 | {3 }
	Port: input_buffer_42 | {3 }
	Port: input_buffer_41 | {3 }
	Port: input_buffer_40 | {3 }
	Port: input_buffer_39 | {3 }
	Port: input_buffer_38 | {3 }
	Port: input_buffer_37 | {3 }
	Port: input_buffer_36 | {3 }
	Port: input_buffer_35 | {3 }
	Port: input_buffer_34 | {3 }
	Port: input_buffer_33 | {3 }
	Port: input_buffer_32 | {3 }
	Port: input_buffer_31 | {3 }
	Port: input_buffer_30 | {3 }
	Port: input_buffer_29 | {3 }
	Port: input_buffer_28 | {3 }
	Port: input_buffer_27 | {3 }
	Port: input_buffer_26 | {3 }
	Port: input_buffer_25 | {3 }
	Port: input_buffer_24 | {3 }
	Port: input_buffer_23 | {3 }
	Port: input_buffer_22 | {3 }
	Port: input_buffer_21 | {3 }
	Port: input_buffer_20 | {3 }
	Port: input_buffer_19 | {3 }
	Port: input_buffer_18 | {3 }
	Port: input_buffer_17 | {3 }
	Port: input_buffer_16 | {3 }
	Port: input_buffer_15 | {3 }
	Port: input_buffer_14 | {3 }
	Port: input_buffer_13 | {3 }
	Port: input_buffer_12 | {3 }
	Port: input_buffer_11 | {3 }
	Port: input_buffer_10 | {3 }
	Port: input_buffer_9 | {3 }
	Port: input_buffer_8 | {3 }
	Port: input_buffer_7 | {3 }
	Port: input_buffer_6 | {3 }
	Port: input_buffer_5 | {3 }
	Port: input_buffer_4 | {3 }
	Port: input_buffer_3 | {3 }
	Port: input_buffer_2 | {3 }
	Port: input_buffer_1 | {3 }
 - Input state : 
	Port: (anonymous namespace)BuildRealtimeBandInputQ610_Pipeline_VITIS_LOOP_2651_1 : p_read3_cast2 | {1 }
	Port: (anonymous namespace)BuildRealtimeBandInputQ610_Pipeline_VITIS_LOOP_2651_1 : zext_ln2651 | {1 }
	Port: (anonymous namespace)BuildRealtimeBandInputQ610_Pipeline_VITIS_LOOP_2651_1 : center_start | {1 }
	Port: (anonymous namespace)BuildRealtimeBandInputQ610_Pipeline_VITIS_LOOP_2651_1 : p_read4 | {1 }
	Port: (anonymous namespace)BuildRealtimeBandInputQ610_Pipeline_VITIS_LOOP_2651_1 : zext_ln2656 | {1 }
	Port: (anonymous namespace)BuildRealtimeBandInputQ610_Pipeline_VITIS_LOOP_2651_1 : noisy_frame | {2 3 }
	Port: (anonymous namespace)BuildRealtimeBandInputQ610_Pipeline_VITIS_LOOP_2651_1 : fb_frame | {2 3 }
  - Chain level:
	State 1
		store_ln2651 : 1
		input_index_1 : 1
		icmp_ln2651 : 2
		input_index_2 : 2
		br_ln2651 : 3
		zext_ln2651_1 : 2
		zext_ln2651_2 : 2
		icmp_ln2654 : 1
		add_ln2655_1 : 1
		add_ln2655 : 2
		add_ln2655_2 : 3
		sext_ln2655 : 4
		add_ln2655_3 : 5
		sub_ln2435 : 6
		tmp : 3
		icmp_ln2657 : 2
		tmp_42 : 3
		icmp_ln2437 : 4
		trunc_ln2437 : 3
		sub_ln2438 : 6
		select_ln2437 : 7
		fb_index : 3
		sext_ln2658 : 4
		sext_ln2658_1 : 4
		add_ln2659 : 5
		add_ln2659_1 : 5
		sub_ln2435_1 : 6
		tmp_43 : 6
		source_freq : 8
		add_ln2656 : 9
		tmp_44 : 6
		icmp_ln2437_1 : 7
		trunc_ln2437_1 : 6
		sub_ln2438_1 : 6
		select_ln2437_1 : 8
		source_freq_1 : 9
		add_ln2660 : 10
		switch_ln2662 : 2
		store_ln2651 : 3
	State 2
		noisy_frame_addr : 1
		value : 2
		fb_frame_addr : 1
		value_86 : 2
	State 3
		value_87 : 1
		write_ln2662 : 1
		write_ln2662 : 1
		write_ln2662 : 1
		write_ln2662 : 1
		write_ln2662 : 1
		write_ln2662 : 1
		write_ln2662 : 1
		write_ln2662 : 1
		write_ln2662 : 1
		write_ln2662 : 1
		write_ln2662 : 1
		write_ln2662 : 1
		write_ln2662 : 1
		write_ln2662 : 1
		write_ln2662 : 1
		write_ln2662 : 1
		write_ln2662 : 1
		write_ln2662 : 1
		write_ln2662 : 1
		write_ln2662 : 1
		write_ln2662 : 1
		write_ln2662 : 1
		write_ln2662 : 1
		write_ln2662 : 1
		write_ln2662 : 1
		write_ln2662 : 1
		write_ln2662 : 1
		write_ln2662 : 1
		write_ln2662 : 1
		write_ln2662 : 1
		write_ln2662 : 1
		write_ln2662 : 1
		write_ln2662 : 1
		write_ln2662 : 1
		write_ln2662 : 1
		write_ln2662 : 1
		write_ln2662 : 1
		write_ln2662 : 1
		write_ln2662 : 1
		write_ln2662 : 1
		write_ln2662 : 1
		write_ln2662 : 1
		write_ln2662 : 1
		write_ln2662 : 1
		write_ln2662 : 1
		write_ln2662 : 1
		write_ln2662 : 1
		write_ln2662 : 1
		write_ln2662 : 1
		write_ln2662 : 1
		write_ln2662 : 1
		write_ln2662 : 1
		write_ln2662 : 1
		write_ln2662 : 1
		write_ln2662 : 1
		write_ln2662 : 1
		write_ln2662 : 1
		write_ln2662 : 1
		write_ln2662 : 1
		write_ln2662 : 1
		write_ln2662 : 1
		write_ln2662 : 1
		write_ln2662 : 1
		write_ln2662 : 1
		write_ln2662 : 1
		write_ln2662 : 1
		write_ln2662 : 1
		write_ln2662 : 1
		write_ln2662 : 1
		write_ln2662 : 1
		write_ln2662 : 1
		write_ln2662 : 1
		write_ln2662 : 1
		write_ln2662 : 1
		write_ln2662 : 1
		write_ln2662 : 1
		write_ln2662 : 1
		write_ln2662 : 1
		write_ln2662 : 1
		write_ln2662 : 1
		write_ln2662 : 1
		write_ln2662 : 1
		write_ln2662 : 1
		write_ln2662 : 1
		write_ln2662 : 1
		write_ln2662 : 1
		write_ln2662 : 1
		write_ln2662 : 1
		write_ln2662 : 1
		write_ln2662 : 1
		write_ln2662 : 1
		write_ln2662 : 1
		write_ln2662 : 1
		write_ln2662 : 1
		write_ln2662 : 1
		write_ln2662 : 1
		write_ln2662 : 1
		write_ln2662 : 1
		write_ln2662 : 1
		write_ln2662 : 1
		write_ln2662 : 1
		write_ln2662 : 1
		write_ln2662 : 1
		write_ln2662 : 1
		write_ln2662 : 1
		write_ln2662 : 1
		write_ln2662 : 1
		write_ln2662 : 1
		write_ln2662 : 1
		write_ln2662 : 1
		write_ln2662 : 1
		write_ln2662 : 1
		write_ln2662 : 1
		write_ln2662 : 1
		write_ln2662 : 1
		write_ln2662 : 1
		write_ln2662 : 1
		write_ln2662 : 1
		write_ln2662 : 1
		write_ln2662 : 1
		write_ln2662 : 1
		write_ln2662 : 1
		write_ln2662 : 1
		write_ln2662 : 1
		write_ln2662 : 1
		write_ln2662 : 1
		write_ln2662 : 1
		write_ln2662 : 1
		write_ln2662 : 1
		write_ln2662 : 1
		write_ln2662 : 1
		write_ln2662 : 1
		write_ln2662 : 1
		write_ln2662 : 1
		write_ln2662 : 1
		write_ln2662 : 1
		write_ln2662 : 1
		write_ln2662 : 1
		write_ln2662 : 1
		write_ln2662 : 1
		write_ln2662 : 1
		write_ln2662 : 1
		write_ln2662 : 1
		write_ln2662 : 1
		write_ln2662 : 1
		write_ln2662 : 1
		write_ln2662 : 1
		write_ln2662 : 1
		write_ln2662 : 1
		write_ln2662 : 1
		write_ln2662 : 1
		write_ln2662 : 1
		write_ln2662 : 1
		write_ln2662 : 1
		write_ln2662 : 1
		write_ln2662 : 1
		write_ln2662 : 1
		write_ln2662 : 1
		write_ln2662 : 1
		write_ln2662 : 1
		write_ln2662 : 1
		write_ln2662 : 1
		write_ln2662 : 1
		write_ln2662 : 1
		write_ln2662 : 1
		write_ln2662 : 1
		write_ln2662 : 1
		write_ln2662 : 1
		write_ln2662 : 1
		write_ln2662 : 1
		write_ln2662 : 1
		write_ln2662 : 1
		write_ln2662 : 1
		write_ln2662 : 1
		write_ln2662 : 1
		write_ln2662 : 1
		write_ln2662 : 1
		write_ln2662 : 1
		write_ln2662 : 1
		write_ln2662 : 1
		write_ln2662 : 1
		write_ln2662 : 1
		write_ln2662 : 1
		write_ln2662 : 1
		write_ln2662 : 1
		write_ln2662 : 1
		write_ln2662 : 1
		write_ln2662 : 1
		write_ln2662 : 1
		write_ln2662 : 1
		write_ln2662 : 1
		write_ln2662 : 1
		write_ln2662 : 1
		write_ln2662 : 1
		write_ln2662 : 1
		write_ln2662 : 1
		write_ln2662 : 1
		write_ln2662 : 1
		write_ln2662 : 1
		write_ln2662 : 1
		write_ln2662 : 1
		write_ln2662 : 1
		write_ln2662 : 1
		write_ln2662 : 1
		write_ln2662 : 1
		write_ln2662 : 1
		write_ln2662 : 1
		write_ln2662 : 1
		write_ln2662 : 1
		write_ln2662 : 1
		write_ln2662 : 1
		write_ln2662 : 1
		write_ln2662 : 1
		write_ln2662 : 1
		write_ln2662 : 1
		write_ln2662 : 1
		write_ln2662 : 1
		write_ln2662 : 1
		write_ln2662 : 1
		write_ln2662 : 1
		write_ln2662 : 1
		write_ln2662 : 1
		write_ln2662 : 1
		write_ln2662 : 1


============================================================
+ Verbose Summary: Datapath Resource usage 
============================================================

* Functional unit list:
|----------|-------------------------------|---------|---------|
| Operation|        Functional Unit        |    FF   |   LUT   |
|----------|-------------------------------|---------|---------|
|          |     input_index_2_fu_2618     |    0    |    15   |
|          |      add_ln2655_1_fu_2638     |    0    |    10   |
|          |       add_ln2655_fu_2644      |    0    |    11   |
|          |      add_ln2655_2_fu_2650     |    0    |    15   |
|    add   |      add_ln2655_3_fu_2660     |    0    |    13   |
|          |       add_ln2659_fu_2734      |    0    |    13   |
|          |      add_ln2659_1_fu_2740     |    0    |    13   |
|          |       add_ln2656_fu_2768      |    0    |    13   |
|          |       add_ln2660_fu_2816      |    0    |    13   |
|----------|-------------------------------|---------|---------|
|          |     select_ln2437_fu_2712     |    0    |    10   |
|          |      source_freq_fu_2760      |    0    |    10   |
|  select  |    select_ln2437_1_fu_2800    |    0    |    10   |
|          |     source_freq_1_fu_2808     |    0    |    10   |
|          |        value_87_fu_2835       |    0    |    16   |
|          |        value_88_fu_2852       |    0    |    16   |
|----------|-------------------------------|---------|---------|
|          |      icmp_ln2651_fu_2612      |    0    |    15   |
|          |      icmp_ln2654_fu_2632      |    0    |    15   |
|   icmp   |      icmp_ln2657_fu_2680      |    0    |    15   |
|          |      icmp_ln2437_fu_2696      |    0    |    11   |
|          |     icmp_ln2437_1_fu_2784     |    0    |    11   |
|----------|-------------------------------|---------|---------|
|          |       sub_ln2435_fu_2666      |    0    |    13   |
|          |       sub_ln2438_fu_2706      |    0    |    13   |
|    sub   |        fb_index_fu_2720       |    0    |    15   |
|          |      sub_ln2435_1_fu_2746     |    0    |    13   |
|          |      sub_ln2438_1_fu_2794     |    0    |    13   |
|----------|-------------------------------|---------|---------|
|    xor   |       xor_ln2654_fu_2842      |    0    |    2    |
|----------|-------------------------------|---------|---------|
|    and   |       and_ln2657_fu_2847      |    0    |    2    |
|----------|-------------------------------|---------|---------|
|          |  zext_ln2656_read_read_fu_968 |    0    |    0    |
|          |     p_read412_read_fu_974     |    0    |    0    |
|   read   | center_start_read_read_fu_980 |    0    |    0    |
|          |  zext_ln2651_read_read_fu_986 |    0    |    0    |
|          |       p_read_read_fu_992      |    0    |    0    |
|----------|-------------------------------|---------|---------|
|          |   write_ln2662_write_fu_998   |    0    |    0    |
|          |   write_ln2662_write_fu_1005  |    0    |    0    |
|          |   write_ln2662_write_fu_1012  |    0    |    0    |
|          |   write_ln2662_write_fu_1019  |    0    |    0    |
|          |   write_ln2662_write_fu_1026  |    0    |    0    |
|          |   write_ln2662_write_fu_1033  |    0    |    0    |
|          |   write_ln2662_write_fu_1040  |    0    |    0    |
|          |   write_ln2662_write_fu_1047  |    0    |    0    |
|          |   write_ln2662_write_fu_1054  |    0    |    0    |
|          |   write_ln2662_write_fu_1061  |    0    |    0    |
|          |   write_ln2662_write_fu_1068  |    0    |    0    |
|          |   write_ln2662_write_fu_1075  |    0    |    0    |
|          |   write_ln2662_write_fu_1082  |    0    |    0    |
|          |   write_ln2662_write_fu_1089  |    0    |    0    |
|          |   write_ln2662_write_fu_1096  |    0    |    0    |
|          |   write_ln2662_write_fu_1103  |    0    |    0    |
|          |   write_ln2662_write_fu_1110  |    0    |    0    |
|          |   write_ln2662_write_fu_1117  |    0    |    0    |
|          |   write_ln2662_write_fu_1124  |    0    |    0    |
|          |   write_ln2662_write_fu_1131  |    0    |    0    |
|          |   write_ln2662_write_fu_1138  |    0    |    0    |
|          |   write_ln2662_write_fu_1145  |    0    |    0    |
|          |   write_ln2662_write_fu_1152  |    0    |    0    |
|          |   write_ln2662_write_fu_1159  |    0    |    0    |
|          |   write_ln2662_write_fu_1166  |    0    |    0    |
|          |   write_ln2662_write_fu_1173  |    0    |    0    |
|          |   write_ln2662_write_fu_1180  |    0    |    0    |
|          |   write_ln2662_write_fu_1187  |    0    |    0    |
|          |   write_ln2662_write_fu_1194  |    0    |    0    |
|          |   write_ln2662_write_fu_1201  |    0    |    0    |
|          |   write_ln2662_write_fu_1208  |    0    |    0    |
|          |   write_ln2662_write_fu_1215  |    0    |    0    |
|          |   write_ln2662_write_fu_1222  |    0    |    0    |
|          |   write_ln2662_write_fu_1229  |    0    |    0    |
|          |   write_ln2662_write_fu_1236  |    0    |    0    |
|          |   write_ln2662_write_fu_1243  |    0    |    0    |
|          |   write_ln2662_write_fu_1250  |    0    |    0    |
|          |   write_ln2662_write_fu_1257  |    0    |    0    |
|          |   write_ln2662_write_fu_1264  |    0    |    0    |
|          |   write_ln2662_write_fu_1271  |    0    |    0    |
|          |   write_ln2662_write_fu_1278  |    0    |    0    |
|          |   write_ln2662_write_fu_1285  |    0    |    0    |
|          |   write_ln2662_write_fu_1292  |    0    |    0    |
|          |   write_ln2662_write_fu_1299  |    0    |    0    |
|          |   write_ln2662_write_fu_1306  |    0    |    0    |
|          |   write_ln2662_write_fu_1313  |    0    |    0    |
|          |   write_ln2662_write_fu_1320  |    0    |    0    |
|          |   write_ln2662_write_fu_1327  |    0    |    0    |
|          |   write_ln2662_write_fu_1334  |    0    |    0    |
|          |   write_ln2662_write_fu_1341  |    0    |    0    |
|          |   write_ln2662_write_fu_1348  |    0    |    0    |
|          |   write_ln2662_write_fu_1355  |    0    |    0    |
|          |   write_ln2662_write_fu_1362  |    0    |    0    |
|          |   write_ln2662_write_fu_1369  |    0    |    0    |
|          |   write_ln2662_write_fu_1376  |    0    |    0    |
|          |   write_ln2662_write_fu_1383  |    0    |    0    |
|          |   write_ln2662_write_fu_1390  |    0    |    0    |
|          |   write_ln2662_write_fu_1397  |    0    |    0    |
|          |   write_ln2662_write_fu_1404  |    0    |    0    |
|          |   write_ln2662_write_fu_1411  |    0    |    0    |
|          |   write_ln2662_write_fu_1418  |    0    |    0    |
|          |   write_ln2662_write_fu_1425  |    0    |    0    |
|          |   write_ln2662_write_fu_1432  |    0    |    0    |
|          |   write_ln2662_write_fu_1439  |    0    |    0    |
|          |   write_ln2662_write_fu_1446  |    0    |    0    |
|          |   write_ln2662_write_fu_1453  |    0    |    0    |
|          |   write_ln2662_write_fu_1460  |    0    |    0    |
|          |   write_ln2662_write_fu_1467  |    0    |    0    |
|          |   write_ln2662_write_fu_1474  |    0    |    0    |
|          |   write_ln2662_write_fu_1481  |    0    |    0    |
|          |   write_ln2662_write_fu_1488  |    0    |    0    |
|          |   write_ln2662_write_fu_1495  |    0    |    0    |
|          |   write_ln2662_write_fu_1502  |    0    |    0    |
|          |   write_ln2662_write_fu_1509  |    0    |    0    |
|          |   write_ln2662_write_fu_1516  |    0    |    0    |
|          |   write_ln2662_write_fu_1523  |    0    |    0    |
|          |   write_ln2662_write_fu_1530  |    0    |    0    |
|          |   write_ln2662_write_fu_1537  |    0    |    0    |
|          |   write_ln2662_write_fu_1544  |    0    |    0    |
|          |   write_ln2662_write_fu_1551  |    0    |    0    |
|          |   write_ln2662_write_fu_1558  |    0    |    0    |
|          |   write_ln2662_write_fu_1565  |    0    |    0    |
|          |   write_ln2662_write_fu_1572  |    0    |    0    |
|          |   write_ln2662_write_fu_1579  |    0    |    0    |
|          |   write_ln2662_write_fu_1586  |    0    |    0    |
|          |   write_ln2662_write_fu_1593  |    0    |    0    |
|          |   write_ln2662_write_fu_1600  |    0    |    0    |
|          |   write_ln2662_write_fu_1607  |    0    |    0    |
|          |   write_ln2662_write_fu_1614  |    0    |    0    |
|          |   write_ln2662_write_fu_1621  |    0    |    0    |
|          |   write_ln2662_write_fu_1628  |    0    |    0    |
|          |   write_ln2662_write_fu_1635  |    0    |    0    |
|          |   write_ln2662_write_fu_1642  |    0    |    0    |
|          |   write_ln2662_write_fu_1649  |    0    |    0    |
|          |   write_ln2662_write_fu_1656  |    0    |    0    |
|          |   write_ln2662_write_fu_1663  |    0    |    0    |
|          |   write_ln2662_write_fu_1670  |    0    |    0    |
|          |   write_ln2662_write_fu_1677  |    0    |    0    |
|          |   write_ln2662_write_fu_1684  |    0    |    0    |
|          |   write_ln2662_write_fu_1691  |    0    |    0    |
|          |   write_ln2662_write_fu_1698  |    0    |    0    |
|          |   write_ln2662_write_fu_1705  |    0    |    0    |
|          |   write_ln2662_write_fu_1712  |    0    |    0    |
|          |   write_ln2662_write_fu_1719  |    0    |    0    |
|          |   write_ln2662_write_fu_1726  |    0    |    0    |
|          |   write_ln2662_write_fu_1733  |    0    |    0    |
|          |   write_ln2662_write_fu_1740  |    0    |    0    |
|          |   write_ln2662_write_fu_1747  |    0    |    0    |
|          |   write_ln2662_write_fu_1754  |    0    |    0    |
|          |   write_ln2662_write_fu_1761  |    0    |    0    |
|          |   write_ln2662_write_fu_1768  |    0    |    0    |
|   write  |   write_ln2662_write_fu_1775  |    0    |    0    |
|          |   write_ln2662_write_fu_1782  |    0    |    0    |
|          |   write_ln2662_write_fu_1789  |    0    |    0    |
|          |   write_ln2662_write_fu_1796  |    0    |    0    |
|          |   write_ln2662_write_fu_1803  |    0    |    0    |
|          |   write_ln2662_write_fu_1810  |    0    |    0    |
|          |   write_ln2662_write_fu_1817  |    0    |    0    |
|          |   write_ln2662_write_fu_1824  |    0    |    0    |
|          |   write_ln2662_write_fu_1831  |    0    |    0    |
|          |   write_ln2662_write_fu_1838  |    0    |    0    |
|          |   write_ln2662_write_fu_1845  |    0    |    0    |
|          |   write_ln2662_write_fu_1852  |    0    |    0    |
|          |   write_ln2662_write_fu_1859  |    0    |    0    |
|          |   write_ln2662_write_fu_1866  |    0    |    0    |
|          |   write_ln2662_write_fu_1873  |    0    |    0    |
|          |   write_ln2662_write_fu_1880  |    0    |    0    |
|          |   write_ln2662_write_fu_1887  |    0    |    0    |
|          |   write_ln2662_write_fu_1894  |    0    |    0    |
|          |   write_ln2662_write_fu_1901  |    0    |    0    |
|          |   write_ln2662_write_fu_1908  |    0    |    0    |
|          |   write_ln2662_write_fu_1915  |    0    |    0    |
|          |   write_ln2662_write_fu_1922  |    0    |    0    |
|          |   write_ln2662_write_fu_1929  |    0    |    0    |
|          |   write_ln2662_write_fu_1936  |    0    |    0    |
|          |   write_ln2662_write_fu_1943  |    0    |    0    |
|          |   write_ln2662_write_fu_1950  |    0    |    0    |
|          |   write_ln2662_write_fu_1957  |    0    |    0    |
|          |   write_ln2662_write_fu_1964  |    0    |    0    |
|          |   write_ln2662_write_fu_1971  |    0    |    0    |
|          |   write_ln2662_write_fu_1978  |    0    |    0    |
|          |   write_ln2662_write_fu_1985  |    0    |    0    |
|          |   write_ln2662_write_fu_1992  |    0    |    0    |
|          |   write_ln2662_write_fu_1999  |    0    |    0    |
|          |   write_ln2662_write_fu_2006  |    0    |    0    |
|          |   write_ln2662_write_fu_2013  |    0    |    0    |
|          |   write_ln2662_write_fu_2020  |    0    |    0    |
|          |   write_ln2662_write_fu_2027  |    0    |    0    |
|          |   write_ln2662_write_fu_2034  |    0    |    0    |
|          |   write_ln2662_write_fu_2041  |    0    |    0    |
|          |   write_ln2662_write_fu_2048  |    0    |    0    |
|          |   write_ln2662_write_fu_2055  |    0    |    0    |
|          |   write_ln2662_write_fu_2062  |    0    |    0    |
|          |   write_ln2662_write_fu_2069  |    0    |    0    |
|          |   write_ln2662_write_fu_2076  |    0    |    0    |
|          |   write_ln2662_write_fu_2083  |    0    |    0    |
|          |   write_ln2662_write_fu_2090  |    0    |    0    |
|          |   write_ln2662_write_fu_2097  |    0    |    0    |
|          |   write_ln2662_write_fu_2104  |    0    |    0    |
|          |   write_ln2662_write_fu_2111  |    0    |    0    |
|          |   write_ln2662_write_fu_2118  |    0    |    0    |
|          |   write_ln2662_write_fu_2125  |    0    |    0    |
|          |   write_ln2662_write_fu_2132  |    0    |    0    |
|          |   write_ln2662_write_fu_2139  |    0    |    0    |
|          |   write_ln2662_write_fu_2146  |    0    |    0    |
|          |   write_ln2662_write_fu_2153  |    0    |    0    |
|          |   write_ln2662_write_fu_2160  |    0    |    0    |
|          |   write_ln2662_write_fu_2167  |    0    |    0    |
|          |   write_ln2662_write_fu_2174  |    0    |    0    |
|          |   write_ln2662_write_fu_2181  |    0    |    0    |
|          |   write_ln2662_write_fu_2188  |    0    |    0    |
|          |   write_ln2662_write_fu_2195  |    0    |    0    |
|          |   write_ln2662_write_fu_2202  |    0    |    0    |
|          |   write_ln2662_write_fu_2209  |    0    |    0    |
|          |   write_ln2662_write_fu_2216  |    0    |    0    |
|          |   write_ln2662_write_fu_2223  |    0    |    0    |
|          |   write_ln2662_write_fu_2230  |    0    |    0    |
|          |   write_ln2662_write_fu_2237  |    0    |    0    |
|          |   write_ln2662_write_fu_2244  |    0    |    0    |
|          |   write_ln2662_write_fu_2251  |    0    |    0    |
|          |   write_ln2662_write_fu_2258  |    0    |    0    |
|          |   write_ln2662_write_fu_2265  |    0    |    0    |
|          |   write_ln2662_write_fu_2272  |    0    |    0    |
|          |   write_ln2662_write_fu_2279  |    0    |    0    |
|          |   write_ln2662_write_fu_2286  |    0    |    0    |
|          |   write_ln2662_write_fu_2293  |    0    |    0    |
|          |   write_ln2662_write_fu_2300  |    0    |    0    |
|          |   write_ln2662_write_fu_2307  |    0    |    0    |
|          |   write_ln2662_write_fu_2314  |    0    |    0    |
|          |   write_ln2662_write_fu_2321  |    0    |    0    |
|          |   write_ln2662_write_fu_2328  |    0    |    0    |
|          |   write_ln2662_write_fu_2335  |    0    |    0    |
|          |   write_ln2662_write_fu_2342  |    0    |    0    |
|          |   write_ln2662_write_fu_2349  |    0    |    0    |
|          |   write_ln2662_write_fu_2356  |    0    |    0    |
|          |   write_ln2662_write_fu_2363  |    0    |    0    |
|          |   write_ln2662_write_fu_2370  |    0    |    0    |
|          |   write_ln2662_write_fu_2377  |    0    |    0    |
|          |   write_ln2662_write_fu_2384  |    0    |    0    |
|          |   write_ln2662_write_fu_2391  |    0    |    0    |
|          |   write_ln2662_write_fu_2398  |    0    |    0    |
|          |   write_ln2662_write_fu_2405  |    0    |    0    |
|          |   write_ln2662_write_fu_2412  |    0    |    0    |
|          |   write_ln2662_write_fu_2419  |    0    |    0    |
|          |   write_ln2662_write_fu_2426  |    0    |    0    |
|          |   write_ln2662_write_fu_2433  |    0    |    0    |
|          |   write_ln2662_write_fu_2440  |    0    |    0    |
|          |   write_ln2662_write_fu_2447  |    0    |    0    |
|          |   write_ln2662_write_fu_2454  |    0    |    0    |
|          |   write_ln2662_write_fu_2461  |    0    |    0    |
|          |   write_ln2662_write_fu_2468  |    0    |    0    |
|          |   write_ln2662_write_fu_2475  |    0    |    0    |
|          |   write_ln2662_write_fu_2482  |    0    |    0    |
|          |   write_ln2662_write_fu_2489  |    0    |    0    |
|          |   write_ln2662_write_fu_2496  |    0    |    0    |
|          |   write_ln2662_write_fu_2503  |    0    |    0    |
|          |   write_ln2662_write_fu_2510  |    0    |    0    |
|          |   write_ln2662_write_fu_2517  |    0    |    0    |
|          |   write_ln2662_write_fu_2524  |    0    |    0    |
|          |   write_ln2662_write_fu_2531  |    0    |    0    |
|          |   write_ln2662_write_fu_2538  |    0    |    0    |
|          |   write_ln2662_write_fu_2545  |    0    |    0    |
|          |   write_ln2662_write_fu_2552  |    0    |    0    |
|          |   write_ln2662_write_fu_2559  |    0    |    0    |
|----------|-------------------------------|---------|---------|
|          |    zext_ln2651_cast_fu_2592   |    0    |    0    |
|          |  p_read3_cast2_cast1_fu_2596  |    0    |    0    |
|          |   p_read3_cast2_cast_fu_2600  |    0    |    0    |
|   zext   |     zext_ln2651_1_fu_2624     |    0    |    0    |
|          |     zext_ln2651_2_fu_2628     |    0    |    0    |
|          |     zext_ln2656_1_fu_2827     |    0    |    0    |
|          |      zext_ln2660_fu_2831      |    0    |    0    |
|----------|-------------------------------|---------|---------|
|          |      sext_ln2655_fu_2656      |    0    |    0    |
|   sext   |      sext_ln2658_fu_2726      |    0    |    0    |
|          |     sext_ln2658_1_fu_2730     |    0    |    0    |
|----------|-------------------------------|---------|---------|
| bitselect|          tmp_fu_2672          |    0    |    0    |
|          |         tmp_43_fu_2752        |    0    |    0    |
|----------|-------------------------------|---------|---------|
|partselect|         tmp_42_fu_2686        |    0    |    0    |
|          |         tmp_44_fu_2774        |    0    |    0    |
|----------|-------------------------------|---------|---------|
|   trunc  |      trunc_ln2437_fu_2702     |    0    |    0    |
|          |     trunc_ln2437_1_fu_2790    |    0    |    0    |
|----------|-------------------------------|---------|---------|
|   Total  |                               |    0    |   326   |
|----------|-------------------------------|---------|---------|

Memories:
N/A

* Register list:
+-------------------------+--------+
|                         |   FF   |
+-------------------------+--------+
|   add_ln2656_reg_3110   |   10   |
|   add_ln2660_reg_3115   |   10   |
|  fb_frame_addr_reg_3125 |   10   |
|   icmp_ln2651_reg_3095  |    1   |
|   icmp_ln2654_reg_3099  |    1   |
|   icmp_ln2657_reg_3105  |    1   |
|  input_index_1_reg_3091 |    8   |
|   input_index_reg_3084  |    8   |
|noisy_frame_addr_reg_3120|   10   |
+-------------------------+--------+
|          Total          |   59   |
+-------------------------+--------+

* Multiplexer (MUX) list: 
|--------------------|------|------|------|--------||---------||---------|
|        Comp        |  Pin | Size |  BW  | S x BW ||  Delay  ||   LUT   |
|--------------------|------|------|------|--------||---------||---------|
| grp_access_fu_2573 |  p0  |   2  |  10  |   20   ||    9    |
| grp_access_fu_2586 |  p0  |   2  |  10  |   20   ||    9    |
|--------------------|------|------|------|--------||---------||---------|
|        Total       |      |      |      |   40   ||  3.176  ||    18   |
|--------------------|------|------|------|--------||---------||---------|



* Summary:
+-----------+--------+--------+--------+
|           |  Delay |   FF   |   LUT  |
+-----------+--------+--------+--------+
|  Function |    -   |    0   |   326  |
|   Memory  |    -   |    -   |    -   |
|Multiplexer|    3   |    -   |   18   |
|  Register |    -   |   59   |    -   |
+-----------+--------+--------+--------+
|   Total   |    3   |   59   |   344  |
+-----------+--------+--------+--------+
